sim_time_ns,instance_id,policy,event_type,reason,npu_used_bytes,npu_kv_bytes,kv_capacity_bytes,cpu_used_bytes,cxl_used_bytes,reserve_bytes,forecast_bytes,pressure,kv_pressure,trigger,target,active_decode_requests,resident_decode_requests,request_id,request_input_tokens,request_generated_tokens,raw_bytes,stored_bytes,storage_tier,score,utility,selected_requests,deferred_requests
44910654428,0,oracle_reserve_lru,trigger,forecast_above_trigger,18799403008,2738880512,2815858769,0,0,140509184,18939912192,1.00336563063164,1.0225618300532031,1.0,1.0,69,69,-1,0,0,0,0,,0.0,0.0,69,0
44910654428,0,oracle_reserve_lru,spill,proactive_target_headroom,18715516928,2654994432,2815858769,83886080,0,138412032,18853928960,0.9988105609499618,0.9920264804303471,1.0,1.0,69,68,1,633,630,83886080,83886080,CPU,44910654428.0,0.0,0,0
45072817730,0,oracle_reserve_lru,trigger,forecast_above_trigger,18841346048,2780823552,2815858769,83886080,0,142606336,18983952384,1.0056987151027434,1.038201887177105,1.0,1.0,72,71,-1,0,0,0,0,,0.0,0.0,72,0
45072817730,0,oracle_reserve_lru,spill,proactive_target_headroom,18755362816,2694840320,2815858769,169869312,0,140509184,18895872000,1.0010325461605365,1.0069217729293014,1.0,1.0,72,70,29,646,573,85983232,85983232,CPU,45072817730.0,0.0,0,0
45072817730,0,oracle_reserve_lru,spill,proactive_target_headroom,18717614080,2657091584,2815858769,207618048,0,138412032,18856026112,0.9989216602104906,0.9927712450552949,1.0,1.0,72,69,52,288,259,37748736,37748736,CPU,45072817730.0,0.0,0,0
45438192678,0,oracle_reserve_lru,admission,value_ranked_working_set,18684059648,2623537152,2815858769,207618048,0,136314880,18820374528,0.997032972781502,0.9801102464311838,1.0,1.0,71,68,-1,0,0,0,0,,0.0,0.0,1,2
45438192678,0,oracle_reserve_lru,reload,value_ranked_admission,18732294144,2671771648,2815858769,169869312,0,0,18732294144,0.9923668038392951,0.9488301321833801,1.0,1.0,2,0,52,288,259,37748736,37748736,CPU,0.0,0.0,0,0
45580768904,0,oracle_reserve_lru,trigger,forecast_above_trigger,18746974208,2686451712,2815858769,169869312,0,138412032,18885386240,1.000477049857893,1.003197949804563,1.0,1.0,71,69,-1,0,0,0,0,,0.0,0.0,71,0
45580768904,0,oracle_reserve_lru,spill,proactive_target_headroom,18707128320,2646605824,2815858769,209715200,0,136314880,18843443200,0.9982550646473182,0.9883026573056086,1.0,1.0,71,68,54,298,261,39845888,39845888,CPU,45580768904.0,0.0,0,0
45651934215,0,oracle_reserve_lru,admission,value_ranked_working_set,18677768192,2617245696,2815858769,209715200,0,134217728,18811985920,0.9965885757393871,0.977131187931393,1.0,1.0,70,67,-1,0,0,0,0,,0.0,0.0,1,2
45651934215,0,oracle_reserve_lru,reload,value_ranked_admission,18721808384,2661285888,2815858769,169869312,0,0,18721808384,0.9918113075366514,0.9451063090586416,1.0,1.0,2,0,54,298,261,39845888,39845888,CPU,0.0,0.0,0,0
46219448673,0,oracle_reserve_lru,admission,value_ranked_working_set,18654699520,2594177024,2815858769,169869312,0,132120576,18786820096,0.9952553846130423,0.9681940124320205,1.0,1.0,67,65,-1,0,0,0,0,,0.0,0.0,1,1
46219448673,0,oracle_reserve_lru,reload,value_ranked_admission,18746974208,2686451712,2815858769,83886080,0,0,18746974208,0.9931444986629963,0.954043484558014,1.0,1.0,1,0,29,646,573,85983232,85983232,CPU,0.0,0.0,0,0
46290201950,0,oracle_reserve_lru,trigger,forecast_above_trigger,18746974208,2686451712,2815858769,83886080,0,134217728,18881191936,1.0002548513368354,1.0017084205546674,1.0,1.0,67,66,-1,0,0,0,0,,0.0,0.0,67,0
46290201950,0,oracle_reserve_lru,spill,proactive_target_headroom,18709225472,2648702976,2815858769,121634816,0,132120576,18841346048,0.9981439653867894,0.987557892680661,1.0,1.0,67,65,56,282,265,37748736,37748736,CPU,46290201950.0,0.0,0,0
46571457661,0,oracle_reserve_lru,trigger,forecast_above_trigger,18744877056,2684354560,2815858769,121634816,0,132120576,18876997632,1.000032652815778,1.000218891304772,1.0,1.0,67,65,-1,0,0,0,0,,0.0,0.0,67,0
46571457661,0,oracle_reserve_lru,spill,proactive_target_headroom,18705031168,2644508672,2815858769,161480704,0,130023424,18835054592,0.9978106676052032,0.9853235988058178,1.0,1.0,67,64,59,294,269,39845888,39845888,CPU,46571457661.0,0.0,0,0
46571457661,0,oracle_reserve_lru,admission,value_ranked_working_set,18705031168,2644508672,2815858769,161480704,0,130023424,18835054592,0.9978106676052032,0.9853235988058178,1.0,1.0,67,64,-1,0,0,0,0,,0.0,0.0,1,2
46571457661,0,oracle_reserve_lru,reload,value_ranked_admission,18753265664,2692743168,2815858769,123731968,0,0,18753265664,0.9934777964445825,0.9562777784328572,1.0,1.0,2,0,56,282,265,37748736,37748736,CPU,0.0,0.0,0,0
46641614098,0,oracle_reserve_lru,trigger,forecast_above_trigger,18753265664,2692743168,2815858769,123731968,0,132120576,18885386240,1.000477049857893,1.003197949804563,1.0,1.0,67,65,-1,0,0,0,0,,0.0,0.0,67,0
46641614098,0,oracle_reserve_lru,spill,proactive_target_headroom,18606465024,2545942528,2815858769,270532608,0,130023424,18736488448,0.9925890023603525,0.9503196614332755,1.0,1.0,67,64,60,1110,269,146800640,146800640,CPU,46641614098.0,0.0,0,0
46641614098,0,oracle_reserve_lru,admission,value_ranked_working_set,18606465024,2545942528,2815858769,270532608,0,130023424,18736488448,0.9925890023603525,0.9503196614332755,1.0,1.0,67,64,-1,0,0,0,0,,0.0,0.0,2,1
46641614098,0,oracle_reserve_lru,reload,value_ranked_admission,18744877056,2684354560,2815858769,146800640,0,0,18744877056,0.9930333994024675,0.9532987199330664,1.0,1.0,1,0,59,294,269,39845888,39845888,CPU,0.0,0.0,0,0
46641614098,0,oracle_reserve_lru,reload,value_ranked_admission,18744877056,2684354560,2815858769,146800640,0,0,18744877056,0.9930333994024675,0.9532987199330664,1.0,1.0,1,0,1,633,630,83886080,83886080,CPU,0.0,0.0,0,0
49508848193,0,oracle_reserve_lru,trigger,forecast_above_trigger,18757459968,2696937472,2815858769,146800640,0,125829120,18883289088,1.000365950597364,1.002453185179615,1.0,1.0,63,62,-1,0,0,0,0,,0.0,0.0,63,0
49508848193,0,oracle_reserve_lru,spill,proactive_target_headroom,18715516928,2654994432,2815858769,188743680,0,123731968,18839248896,0.9980328661262606,0.9868131280557132,1.0,1.0,63,61,63,305,290,41943040,41943040,CPU,49508848193.0,0.0,0,0
50107590203,0,oracle_reserve_lru,trigger,forecast_above_trigger,18755362816,2694840320,2815858769,188743680,0,123731968,18879094784,1.0001437520763066,1.0009636559297197,1.0,1.0,63,61,-1,0,0,0,0,,0.0,0.0,63,0
50107590203,0,oracle_reserve_lru,spill,proactive_target_headroom,18656796672,2596274176,2815858769,287309824,0,121634816,18778431488,0.9948109875709273,0.9652149539322297,1.0,1.0,63,60,64,737,294,98566144,98566144,CPU,50107590203.0,0.0,0,0
50107590203,0,oracle_reserve_lru,admission,value_ranked_working_set,18656796672,2596274176,2815858769,287309824,0,121634816,18778431488,0.9948109875709273,0.9652149539322297,1.0,1.0,63,60,-1,0,0,0,0,,0.0,0.0,1,2
50107590203,0,oracle_reserve_lru,reload,value_ranked_admission,18709225472,2648702976,2815858769,245366784,0,0,18709225472,0.991144711973479,0.9406377213089553,1.0,1.0,2,0,63,305,290,41943040,41943040,CPU,0.0,0.0,0,0
50177406920,0,oracle_reserve_lru,admission,value_ranked_working_set,18608562176,2548039680,2815858769,245366784,0,123731968,18732294144,0.9923668038392951,0.9488301321833801,1.0,1.0,61,59,-1,0,0,0,0,,0.0,0.0,1,1
50177406920,0,oracle_reserve_lru,reload,value_ranked_admission,18719711232,2659188736,2815858769,146800640,0,0,18719711232,0.9917002082761227,0.9443615444336939,1.0,1.0,1,0,64,737,294,98566144,98566144,CPU,0.0,0.0,0,0
50659685462,0,oracle_reserve_lru,trigger,forecast_above_trigger,18753265664,2692743168,2815858769,146800640,0,123731968,18876997632,1.000032652815778,1.000218891304772,1.0,1.0,61,60,-1,0,0,0,0,,0.0,0.0,61,0
50659685462,0,oracle_reserve_lru,spill,proactive_target_headroom,18702934016,2642411520,2815858769,197132288,0,121634816,18824568832,0.9972551713025595,0.9815997756810793,1.0,1.0,61,59,67,377,300,50331648,50331648,CPU,50659685462.0,0.0,0,0
52282830405,0,oracle_reserve_lru,admission,value_ranked_working_set,18652602368,2592079872,2815858769,197132288,0,115343360,18767945728,0.9942554912682836,0.9614911308074912,1.0,1.0,58,56,-1,0,0,0,0,,0.0,0.0,1,1
52282830405,0,oracle_reserve_lru,reload,value_ranked_admission,18713419776,2652897280,2815858769,146800640,0,0,18713419776,0.9913669104945365,0.9421272505588507,1.0,1.0,1,0,67,377,300,50331648,50331648,CPU,0.0,0.0,0,0
54046112615,0,oracle_reserve_lru,admission,value_ranked_working_set,18583396352,2522873856,2815858769,146800640,0,104857600,18688253952,0.9900337193681916,0.9331900750594783,1.0,1.0,51,50,-1,0,0,0,0,,0.0,0.0,1,0
54046112615,0,oracle_reserve_lru,reload,value_ranked_admission,18738585600,2678063104,2815858769,0,0,0,18738585600,0.9927001016208813,0.9510644260582233,1.0,1.0,0,0,60,1110,269,146800640,146800640,CPU,0.0,0.0,0,0
54601699085,0,oracle_reserve_lru,trigger,forecast_above_trigger,18778431488,2717908992,2815858769,0,0,100663296,18879094784,1.0001437520763066,1.0009636559297197,1.0,1.0,51,51,-1,0,0,0,0,,0.0,0.0,51,0
54601699085,0,oracle_reserve_lru,spill,proactive_target_headroom,18734391296,2673868800,2815858769,44040192,0,98566144,18832957440,0.9976995683446744,0.9845788341808701,1.0,1.0,51,50,77,334,325,44040192,44040192,CPU,54601699085.0,0.0,0,0
54745240912,0,oracle_reserve_lru,admission,value_ranked_working_set,18694545408,2634022912,2815858769,44040192,0,98566144,18793111552,0.9955886823946285,0.9704283063068636,1.0,1.0,50,49,-1,0,0,0,0,,0.0,0.0,1,0
54745240912,0,oracle_reserve_lru,reload,value_ranked_admission,18746974208,2686451712,2815858769,0,0,0,18746974208,0.9931444986629963,0.954043484558014,1.0,1.0,0,0,77,334,325,44040192,44040192,CPU,0.0,0.0,0,0
61247481913,0,oracle_reserve_lru,trigger,forecast_above_trigger,18866511872,2805989376,2815858769,0,0,100663296,18967175168,1.0048099210185135,1.0322437701775233,1.0,1.0,49,49,-1,0,0,0,0,,0.0,0.0,49,0
61247481913,0,oracle_reserve_lru,spill,proactive_target_headroom,18814083072,2753560576,2815858769,52428800,0,98566144,18912649216,1.0019213402447664,1.0128798899288831,1.0,1.0,49,48,91,389,377,52428800,52428800,CPU,61247481913.0,0.0,0,0
61247481913,0,oracle_reserve_lru,spill,proactive_target_headroom,18763751424,2703228928,2815858769,102760448,0,96468992,18860220416,0.999143858731548,0.9942607743051903,1.0,1.0,49,47,95,384,368,50331648,50331648,CPU,61247481913.0,0.0,0,0
61422460726,0,oracle_reserve_lru,trigger,forecast_above_trigger,18872803328,2812280832,2815858769,102760448,0,98566144,18971369472,1.005032119539571,1.0337332994274189,1.0,1.0,50,48,-1,0,0,0,0,,0.0,0.0,50,0
61422460726,0,oracle_reserve_lru,spill,proactive_target_headroom,18814083072,2753560576,2815858769,161480704,0,96468992,18910552064,1.0018102409842378,1.0121351253039352,1.0,1.0,50,47,98,433,366,58720256,58720256,CPU,61422460726.0,0.0,0,0
61422460726,0,oracle_reserve_lru,spill,proactive_target_headroom,18782625792,2722103296,2815858769,192937984,0,94371840,18876997632,1.000032652815778,1.000218891304772,1.0,1.0,50,46,103,237,211,31457280,31457280,CPU,61422460726.0,0.0,0,0
61422460726,0,oracle_reserve_lru,spill,proactive_target_headroom,18746974208,2686451712,2815858769,228589568,0,92274688,18839248896,0.9980328661262606,0.9868131280557132,1.0,1.0,50,45,104,261,211,35651584,35651584,CPU,61422460726.0,0.0,0,0
61422460726,0,oracle_reserve_lru,admission,value_ranked_working_set,18746974208,2686451712,2815858769,228589568,0,92274688,18839248896,0.9980328661262606,0.9868131280557132,1.0,1.0,50,45,-1,0,0,0,0,,0.0,0.0,1,4
61666903350,0,oracle_reserve_lru,trigger,forecast_above_trigger,18786820096,2726297600,2815858769,228589568,0,96468992,18883289088,1.000365950597364,1.002453185179615,1.0,1.0,52,47,-1,0,0,0,0,,0.0,0.0,52,0
61666903350,0,oracle_reserve_lru,spill,proactive_target_headroom,18723905536,2663383040,2815858769,291504128,0,94371840,18818277376,0.9969218735209733,0.9793654818062362,1.0,1.0,52,46,105,471,211,62914560,62914560,CPU,61666903350.0,0.0,0,0
61666903350,0,oracle_reserve_lru,admission,value_ranked_working_set,18723905536,2663383040,2815858769,291504128,0,94371840,18818277376,0.9969218735209733,0.9793654818062362,1.0,1.0,52,46,-1,0,0,0,0,,0.0,0.0,1,5
61736720067,0,oracle_reserve_lru,trigger,forecast_above_trigger,18858123264,2797600768,2815858769,291504128,0,96468992,18954592256,1.0041433254553411,1.0277751824278372,1.0,1.0,53,47,-1,0,0,0,0,,0.0,0.0,53,0
61736720067,0,oracle_reserve_lru,spill,proactive_target_headroom,18824568832,2764046336,2815858769,325058560,0,94371840,18918940672,1.0022546380263526,1.015114183803726,1.0,1.0,53,46,106,247,209,33554432,33554432,CPU,61736720067.0,0.0,0,0
61736720067,0,oracle_reserve_lru,spill,proactive_target_headroom,18786820096,2726297600,2815858769,362807296,0,92274688,18879094784,1.0001437520763066,1.0009636559297197,1.0,1.0,53,45,108,282,209,37748736,37748736,CPU,61736720067.0,0.0,0,0
61736720067,0,oracle_reserve_lru,spill,proactive_target_headroom,18757459968,2696937472,2815858769,392167424,0,92274688,18849734656,0.9985883624289044,0.9905369511804518,1.0,1.0,53,44,111,215,208,29360128,29360128,CPU,61736720067.0,0.0,0,0
61806263284,0,oracle_reserve_lru,trigger,forecast_above_trigger,18830860288,2770337792,2815858769,392167424,0,98566144,18929426432,1.0028101343289963,1.0188380069284646,1.0,1.0,56,47,-1,0,0,0,0,,0.0,0.0,56,0
61806263284,0,oracle_reserve_lru,spill,proactive_target_headroom,18797305856,2736783360,2815858769,425721856,0,96468992,18893774848,1.0009214469000078,1.0061770083043535,1.0,1.0,56,46,114,241,207,33554432,33554432,CPU,61806263284.0,0.0,0,0
61806263284,0,oracle_reserve_lru,spill,proactive_target_headroom,18759557120,2699034624,2815858769,463470592,0,94371840,18853928960,0.9988105609499618,0.9920264804303471,1.0,1.0,56,45,118,283,200,37748736,37748736,CPU,61806263284.0,0.0,0,0
61879482566,0,oracle_reserve_lru,trigger,forecast_above_trigger,18872803328,2812280832,2815858769,463470592,0,100663296,18973466624,1.0051432188000997,1.0344780640523665,1.0,1.0,60,49,-1,0,0,0,0,,0.0,0.0,60,0
61879482566,0,oracle_reserve_lru,spill,proactive_target_headroom,18807791616,2747269120,2815858769,528482304,0,98566144,18906357760,1.0015880424631802,1.01064559605404,1.0,1.0,60,48,119,496,201,65011712,65011712,CPU,61879482566.0,0.0,0,0
61879482566,0,oracle_reserve_lru,spill,proactive_target_headroom,18763751424,2703228928,2815858769,572522496,0,96468992,18860220416,0.999143858731548,0.9942607743051903,1.0,1.0,60,47,120,336,198,44040192,44040192,CPU,61879482566.0,0.0,0,0
61951649569,0,oracle_reserve_lru,trigger,forecast_above_trigger,18824568832,2764046336,2815858769,572522496,0,100663296,18925232128,1.0025879358079388,1.0173484776785693,1.0,1.0,62,49,-1,0,0,0,0,,0.0,0.0,62,0
61951649569,0,oracle_reserve_lru,spill,proactive_target_headroom,18761654272,2701131776,2815858769,635437056,0,98566144,18860220416,0.999143858731548,0.9942607743051903,1.0,1.0,62,48,122,476,196,62914560,62914560,CPU,61951649569.0,0.0,0,0
62033580441,0,oracle_reserve_lru,trigger,forecast_above_trigger,18872803328,2812280832,2815858769,635437056,0,102760448,18975563776,1.0052543180606286,1.0352228286773142,1.0,1.0,64,50,-1,0,0,0,0,,0.0,0.0,64,0
62033580441,0,oracle_reserve_lru,spill,proactive_target_headroom,18803597312,2743074816,2815858769,704643072,0,100663296,18904260608,1.0014769432026516,1.0099008314290923,1.0,1.0,64,49,124,525,193,69206016,69206016,CPU,62033580441.0,0.0,0,0
62033580441,0,oracle_reserve_lru,spill,proactive_target_headroom,18776334336,2715811840,2815858769,731906048,0,98566144,18874900480,0.9999215535552491,0.9994741266798243,1.0,1.0,64,48,125,207,193,27262976,27262976,CPU,62033580441.0,0.0,0,0
62116408193,0,oracle_reserve_lru,trigger,forecast_above_trigger,18786820096,2726297600,2815858769,731906048,0,98566144,18885386240,1.000477049857893,1.003197949804563,1.0,1.0,64,48,-1,0,0,0,0,,0.0,0.0,64,0
62116408193,0,oracle_reserve_lru,spill,proactive_target_headroom,18755362816,2694840320,2815858769,763363328,0,96468992,18851831808,0.9986994616894331,0.9912817158053995,1.0,1.0,64,47,126,228,194,31457280,31457280,CPU,62116408193.0,0.0,0,0
62200115797,0,oracle_reserve_lru,trigger,forecast_above_trigger,18832957440,2772434944,2815858769,763363328,0,100663296,18933620736,1.0030323328500539,1.0203275361783601,1.0,1.0,66,49,-1,0,0,0,0,,0.0,0.0,66,0
62200115797,0,oracle_reserve_lru,spill,proactive_target_headroom,18780528640,2720006144,2815858769,815792128,0,98566144,18879094784,1.0001437520763066,1.0009636559297197,1.0,1.0,66,48,129,393,188,52428800,52428800,CPU,62200115797.0,0.0,0,0
62200115797,0,oracle_reserve_lru,spill,proactive_target_headroom,18753265664,2692743168,2815858769,843055104,0,96468992,18849734656,0.9985883624289044,0.9905369511804518,1.0,1.0,66,47,131,197,187,27262976,27262976,CPU,62200115797.0,0.0,0,0
62270272234,0,oracle_reserve_lru,trigger,forecast_above_trigger,18797305856,2736783360,2815858769,843055104,0,98566144,18895872000,1.0010325461605365,1.0069217729293014,1.0,1.0,67,48,-1,0,0,0,0,,0.0,0.0,67,0
62270272234,0,oracle_reserve_lru,spill,proactive_target_headroom,18767945728,2707423232,2815858769,872415232,0,96468992,18864414720,0.9993660572526055,0.9957503035550858,1.0,1.0,67,47,133,213,188,29360128,29360128,CPU,62270272234.0,0.0,0,0
62340428671,0,oracle_reserve_lru,trigger,forecast_above_trigger,18809888768,2749366272,2815858769,872415232,0,98566144,18908454912,1.0016991417237089,1.0113903606789876,1.0,1.0,68,48,-1,0,0,0,0,,0.0,0.0,68,0
62340428671,0,oracle_reserve_lru,spill,proactive_target_headroom,18717614080,2657091584,2815858769,964689920,0,96468992,18814083072,0.9966996749999159,0.9778759525563407,1.0,1.0,68,47,134,689,189,92274688,92274688,CPU,62340428671.0,0.0,0,0
62340428671,0,oracle_reserve_lru,admission,value_ranked_working_set,18717614080,2657091584,2815858769,964689920,0,96468992,18814083072,0.9966996749999159,0.9778759525563407,1.0,1.0,68,47,-1,0,0,0,0,,0.0,0.0,2,19
62340428671,0,oracle_reserve_lru,reload,value_ranked_admission,18782625792,2722103296,2815858769,908066816,0,0,18782625792,0.9950331860919848,0.9667044831821251,1.0,1.0,19,0,133,213,188,29360128,29360128,CPU,0.0,0.0,0,0
62340428671,0,oracle_reserve_lru,reload,value_ranked_admission,18782625792,2722103296,2815858769,908066816,0,0,18782625792,0.9950331860919848,0.9667044831821251,1.0,1.0,19,0,131,197,187,27262976,27262976,CPU,0.0,0.0,0,0
62410245388,0,oracle_reserve_lru,trigger,forecast_above_trigger,18782625792,2722103296,2815858769,908066816,0,100663296,18883289088,1.000365950597364,1.002453185179615,1.0,1.0,68,49,-1,0,0,0,0,,0.0,0.0,68,0
62410245388,0,oracle_reserve_lru,spill,proactive_target_headroom,18753265664,2692743168,2815858769,937426944,0,98566144,18851831808,0.9986994616894331,0.9912817158053995,1.0,1.0,68,48,135,221,190,29360128,29360128,CPU,62410245388.0,0.0,0,0
62932133770,0,oracle_reserve_lru,trigger,forecast_above_trigger,18780528640,2720006144,2815858769,937426944,0,98566144,18879094784,1.0001437520763066,1.0009636559297197,1.0,1.0,69,49,-1,0,0,0,0,,0.0,0.0,69,0
62932133770,0,oracle_reserve_lru,spill,proactive_target_headroom,18730196992,2669674496,2815858769,987758592,0,96468992,18826665984,0.9973662705630882,0.982344540306027,1.0,1.0,69,48,136,369,193,50331648,50331648,CPU,62932133770.0,0.0,0,0
62932133770,0,oracle_reserve_lru,admission,value_ranked_working_set,18730196992,2669674496,2815858769,987758592,0,96468992,18826665984,0.9973662705630882,0.982344540306027,1.0,1.0,69,48,-1,0,0,0,0,,0.0,0.0,1,20
63002887047,0,oracle_reserve_lru,admission,value_ranked_working_set,18677768192,2617245696,2815858769,987758592,0,94371840,18772140032,0.9944776897893411,0.9629806600573866,1.0,1.0,68,47,-1,0,0,0,0,,0.0,0.0,2,19
63073640324,0,oracle_reserve_lru,trigger,forecast_above_trigger,18845540352,2785017856,2815858769,987758592,0,100663296,18946203648,1.0036989284132263,1.0247961239280463,1.0,1.0,72,51,-1,0,0,0,0,,0.0,0.0,72,0
63073640324,0,oracle_reserve_lru,spill,proactive_target_headroom,18793111552,2732589056,2815858769,1040187392,0,98566144,18891677696,1.0008103476394792,1.0054322436794059,1.0,1.0,72,50,138,395,195,52428800,52428800,CPU,63073640324.0,0.0,0,0
63073640324,0,oracle_reserve_lru,spill,proactive_target_headroom,18665185280,2604662784,2815858769,1168113664,0,96468992,18761654272,0.9939221934866974,0.9592568369326481,1.0,1.0,72,49,140,966,192,127926272,127926272,CPU,63073640324.0,0.0,0,0
63073640324,0,oracle_reserve_lru,admission,value_ranked_working_set,18665185280,2604662784,2815858769,1168113664,0,96468992,18761654272,0.9939221934866974,0.9592568369326481,1.0,1.0,72,49,-1,0,0,0,0,,0.0,0.0,2,21
63073640324,0,oracle_reserve_lru,reload,value_ranked_admission,18791014400,2730491904,2815858769,1065353216,0,0,18791014400,0.9954775831340997,0.969683541681916,1.0,1.0,21,0,138,395,195,52428800,52428800,CPU,0.0,0.0,0,0
63073640324,0,oracle_reserve_lru,reload,value_ranked_admission,18791014400,2730491904,2815858769,1065353216,0,0,18791014400,0.9954775831340997,0.969683541681916,1.0,1.0,21,0,136,369,193,50331648,50331648,CPU,0.0,0.0,0,0
63144393601,0,oracle_reserve_lru,trigger,forecast_above_trigger,18791014400,2730491904,2815858769,1065353216,0,104857600,18895872000,1.0010325461605365,1.0069217729293014,1.0,1.0,74,53,-1,0,0,0,0,,0.0,0.0,74,0
63144393601,0,oracle_reserve_lru,spill,proactive_target_headroom,18633728000,2573205504,2815858769,1222639616,0,102760448,18736488448,0.9925890023603525,0.9503196614332755,1.0,1.0,74,52,144,1198,189,157286400,157286400,CPU,63144393601.0,0.0,0,0
63144393601,0,oracle_reserve_lru,admission,value_ranked_working_set,18633728000,2573205504,2815858769,1222639616,0,102760448,18736488448,0.9925890023603525,0.9503196614332755,1.0,1.0,74,52,-1,0,0,0,0,,0.0,0.0,1,21
63144393601,0,oracle_reserve_lru,reload,value_ranked_admission,18763751424,2703228928,2815858769,1094713344,0,0,18763751424,0.9940332927472262,0.9600016015575957,1.0,1.0,21,0,140,966,192,127926272,127926272,CPU,0.0,0.0,0,0
63284728557,0,oracle_reserve_lru,trigger,forecast_above_trigger,18822471680,2761949184,2815858769,1094713344,0,106954752,18929426432,1.0028101343289963,1.0188380069284646,1.0,1.0,75,54,-1,0,0,0,0,,0.0,0.0,75,0
63284728557,0,oracle_reserve_lru,spill,proactive_target_headroom,18770042880,2709520384,2815858769,1147142144,0,104857600,18874900480,0.9999215535552491,0.9994741266798243,1.0,1.0,75,53,145,388,191,52428800,52428800,CPU,63284728557.0,0.0,0,0
63424701711,0,oracle_reserve_lru,trigger,forecast_above_trigger,18793111552,2732589056,2815858769,1147142144,0,106954752,18900066304,1.001254744681594,1.0084113021791967,1.0,1.0,75,53,-1,0,0,0,0,,0.0,0.0,75,0
63424701711,0,oracle_reserve_lru,spill,proactive_target_headroom,18738585600,2678063104,2815858769,1201668096,0,104857600,18843443200,0.9982550646473182,0.9883026573056086,1.0,1.0,75,52,146,411,193,54525952,54525952,CPU,63424701711.0,0.0,0,0
63424701711,0,oracle_reserve_lru,admission,value_ranked_working_set,18738585600,2678063104,2815858769,1201668096,0,104857600,18843443200,0.9982550646473182,0.9883026573056086,1.0,1.0,75,52,-1,0,0,0,0,,0.0,0.0,1,22
63424701711,0,oracle_reserve_lru,reload,value_ranked_admission,18778431488,2717908992,2815858769,1172307968,0,0,18778431488,0.9948109875709273,0.9652149539322297,1.0,1.0,22,0,135,221,190,29360128,29360128,CPU,0.0,0.0,0,0
63654606231,0,oracle_reserve_lru,trigger,forecast_above_trigger,18778431488,2717908992,2815858769,1172307968,0,106954752,18885386240,1.000477049857893,1.003197949804563,1.0,1.0,75,53,-1,0,0,0,0,,0.0,0.0,75,0
63654606231,0,oracle_reserve_lru,spill,proactive_target_headroom,18646310912,2585788416,2815858769,1304428544,0,104857600,18751168512,0.9933666971840537,0.9555330138079094,1.0,1.0,75,52,147,998,193,132120576,132120576,CPU,63654606231.0,0.0,0,0
63654606231,0,oracle_reserve_lru,admission,value_ranked_working_set,18646310912,2585788416,2815858769,1304428544,0,104857600,18751168512,0.9933666971840537,0.9555330138079094,1.0,1.0,75,52,-1,0,0,0,0,,0.0,0.0,2,21
63654606231,0,oracle_reserve_lru,reload,value_ranked_admission,18856026112,2795503616,2815858769,1197473792,0,0,18856026112,0.9989216602104906,0.9927712450552949,1.0,1.0,21,0,146,411,193,54525952,54525952,CPU,0.0,0.0,0,0
63654606231,0,oracle_reserve_lru,reload,value_ranked_admission,18856026112,2795503616,2815858769,1197473792,0,0,18856026112,0.9989216602104906,0.9927712450552949,1.0,1.0,21,0,145,388,191,52428800,52428800,CPU,0.0,0.0,0,0
63811025973,0,oracle_reserve_lru,trigger,forecast_above_trigger,18856026112,2795503616,2815858769,1197473792,0,115343360,18971369472,1.005032119539571,1.0337332994274189,1.0,1.0,79,58,-1,0,0,0,0,,0.0,0.0,79,0
63811025973,0,oracle_reserve_lru,spill,proactive_target_headroom,18816180224,2755657728,2815858769,1237319680,0,113246208,18929426432,1.0028101343289963,1.0188380069284646,1.0,1.0,79,57,148,289,194,39845888,39845888,CPU,63811025973.0,0.0,0,0
63811025973,0,oracle_reserve_lru,spill,proactive_target_headroom,18788917248,2728394752,2815858769,1264582656,0,111149056,18900066304,1.001254744681594,1.0084113021791967,1.0,1.0,79,56,149,200,194,27262976,27262976,CPU,63811025973.0,0.0,0,0
63811025973,0,oracle_reserve_lru,spill,proactive_target_headroom,18679865344,2619342848,2815858769,1373634560,0,109051904,18788917248,0.995366483873571,0.9689387770569682,1.0,1.0,79,55,29,825,752,109051904,109051904,CPU,63811025973.0,0.0,0,0
63811025973,0,oracle_reserve_lru,admission,value_ranked_working_set,18679865344,2619342848,2815858769,1373634560,0,109051904,18788917248,0.995366483873571,0.9689387770569682,1.0,1.0,79,55,-1,0,0,0,0,,0.0,0.0,2,22
63811025973,0,oracle_reserve_lru,reload,value_ranked_admission,18826665984,2766143488,2815858769,1306525696,0,0,18826665984,0.9973662705630882,0.982344540306027,1.0,1.0,22,0,148,289,194,39845888,39845888,CPU,0.0,0.0,0,0
63811025973,0,oracle_reserve_lru,reload,value_ranked_admission,18826665984,2766143488,2815858769,1306525696,0,0,18826665984,0.9973662705630882,0.982344540306027,1.0,1.0,22,0,149,200,194,27262976,27262976,CPU,0.0,0.0,0,0
63989619533,0,oracle_reserve_lru,trigger,forecast_above_trigger,18826665984,2766143488,2815858769,1306525696,0,115343360,18942009344,1.0034767298921687,1.023306594678151,1.0,1.0,80,58,-1,0,0,0,0,,0.0,0.0,80,0
63989619533,0,oracle_reserve_lru,spill,proactive_target_headroom,18763751424,2703228928,2815858769,1369440256,0,113246208,18876997632,1.000032652815778,1.000218891304772,1.0,1.0,80,57,59,468,443,62914560,62914560,CPU,63989619533.0,0.0,0,0
63989619533,0,oracle_reserve_lru,spill,proactive_target_headroom,18705031168,2644508672,2815858769,1428160512,0,111149056,18816180224,0.9968107742604445,0.9786207171812884,1.0,1.0,80,56,63,448,433,58720256,58720256,CPU,63989619533.0,0.0,0,0
63989619533,0,oracle_reserve_lru,admission,value_ranked_working_set,18705031168,2644508672,2815858769,1428160512,0,111149056,18816180224,0.9968107742604445,0.9786207171812884,1.0,1.0,80,56,-1,0,0,0,0,,0.0,0.0,1,23
63989619533,0,oracle_reserve_lru,reload,value_ranked_admission,18761654272,2701131776,2815858769,1375731712,0,0,18761654272,0.9939221934866974,0.9592568369326481,1.0,1.0,23,0,129,393,188,52428800,52428800,CPU,0.0,0.0,0,0
64262882209,0,oracle_reserve_lru,trigger,forecast_above_trigger,18799403008,2738880512,2815858769,1375731712,0,119537664,18918940672,1.0022546380263526,1.015114183803726,1.0,1.0,82,59,-1,0,0,0,0,,0.0,0.0,82,0
64262882209,0,oracle_reserve_lru,spill,proactive_target_headroom,18681962496,2621440000,2815858769,1493172224,0,117440512,18799403008,0.9959219801762147,0.9726626001817068,1.0,1.0,82,58,64,881,438,117440512,117440512,CPU,64262882209.0,0.0,0,0
64262882209,0,oracle_reserve_lru,admission,value_ranked_working_set,18681962496,2621440000,2815858769,1493172224,0,117440512,18799403008,0.9959219801762147,0.9726626001817068,1.0,1.0,82,58,-1,0,0,0,0,,0.0,0.0,1,23
64262882209,0,oracle_reserve_lru,reload,value_ranked_admission,18753265664,2692743168,2815858769,1430257664,0,0,18753265664,0.9934777964445825,0.9562777784328572,1.0,1.0,23,0,59,468,443,62914560,62914560,CPU,0.0,0.0,0,0
64333961496,0,oracle_reserve_lru,admission,value_ranked_working_set,18709225472,2648702976,2815858769,1430257664,0,121634816,18830860288,0.9975884690841457,0.9838340695559223,1.0,1.0,82,59,-1,0,0,0,0,,0.0,0.0,1,22
64333961496,0,oracle_reserve_lru,reload,value_ranked_admission,18751168512,2690646016,2815858769,1398800384,0,0,18751168512,0.9933666971840537,0.9555330138079094,1.0,1.0,22,0,126,228,194,31457280,31457280,CPU,0.0,0.0,0,0
64405089872,0,oracle_reserve_lru,trigger,forecast_above_trigger,18751168512,2690646016,2815858769,1398800384,0,125829120,18876997632,1.000032652815778,1.000218891304772,1.0,1.0,83,61,-1,0,0,0,0,,0.0,0.0,83,0
64405089872,0,oracle_reserve_lru,spill,proactive_target_headroom,18742779904,2682257408,2815858769,1407188992,0,123731968,18866511872,0.9994771565131343,0.9964950681800334,1.0,1.0,83,60,150,57,42,8388608,8388608,CPU,64405089872.0,0.0,0,0
64695189837,0,oracle_reserve_lru,trigger,forecast_above_trigger,18759557120,2699034624,2815858769,1407188992,0,123731968,18883289088,1.000365950597364,1.002453185179615,1.0,1.0,83,60,-1,0,0,0,0,,0.0,0.0,83,0
64695189837,0,oracle_reserve_lru,spill,proactive_target_headroom,18742779904,2682257408,2815858769,1423966208,0,121634816,18864414720,0.9993660572526055,0.9957503035550858,1.0,1.0,83,59,151,128,44,16777216,16777216,CPU,64695189837.0,0.0,0,0
64695189837,0,oracle_reserve_lru,admission,value_ranked_working_set,18742779904,2682257408,2815858769,1423966208,0,121634816,18864414720,0.9993660572526055,0.9957503035550858,1.0,1.0,83,59,-1,0,0,0,0,,0.0,0.0,1,23
64695189837,0,oracle_reserve_lru,reload,value_ranked_admission,18759557120,2699034624,2815858769,1415577600,0,0,18759557120,0.9938110942261686,0.9585120723077003,1.0,1.0,23,0,150,57,42,8388608,8388608,CPU,0.0,0.0,0,0
64905979263,0,oracle_reserve_lru,trigger,forecast_above_trigger,18759557120,2699034624,2815858769,1415577600,0,121634816,18881191936,1.0002548513368354,1.0017084205546674,1.0,1.0,83,60,-1,0,0,0,0,,0.0,0.0,83,0
64905979263,0,oracle_reserve_lru,spill,proactive_target_headroom,18728099840,2667577344,2815858769,1447034880,0,119537664,18847637504,0.9984772631683756,0.989792186555504,1.0,1.0,83,59,152,229,45,31457280,31457280,CPU,64905979263.0,0.0,0,0
64905979263,0,oracle_reserve_lru,admission,value_ranked_working_set,18728099840,2667577344,2815858769,1447034880,0,119537664,18847637504,0.9984772631683756,0.989792186555504,1.0,1.0,83,59,-1,0,0,0,0,,0.0,0.0,1,23
64905979263,0,oracle_reserve_lru,reload,value_ranked_admission,18759557120,2699034624,2815858769,1430257664,0,0,18759557120,0.9938110942261686,0.9585120723077003,1.0,1.0,23,0,151,128,44,16777216,16777216,CPU,0.0,0.0,0,0
64989720781,0,oracle_reserve_lru,trigger,forecast_above_trigger,18759557120,2699034624,2815858769,1430257664,0,121634816,18881191936,1.0002548513368354,1.0017084205546674,1.0,1.0,83,60,-1,0,0,0,0,,0.0,0.0,83,0
64989720781,0,oracle_reserve_lru,spill,proactive_target_headroom,18751168512,2690646016,2815858769,1438646272,0,119537664,18870706176,0.9996993550341917,0.9979845974299288,1.0,1.0,83,59,153,50,42,8388608,8388608,CPU,64989720781.0,0.0,0,0
65134673387,0,oracle_reserve_lru,trigger,forecast_above_trigger,18761654272,2701131776,2815858769,1438646272,0,119537664,18881191936,1.0002548513368354,1.0017084205546674,1.0,1.0,83,59,-1,0,0,0,0,,0.0,0.0,83,0
65134673387,0,oracle_reserve_lru,spill,proactive_target_headroom,18518384640,2457862144,2815858769,1681915904,0,117440512,18635825152,0.9872562378549732,0.9145709594357856,1.0,1.0,83,58,154,1851,44,243269632,243269632,CPU,65134673387.0,0.0,0,0
65134673387,0,oracle_reserve_lru,admission,value_ranked_working_set,18518384640,2457862144,2815858769,1681915904,0,117440512,18635825152,0.9872562378549732,0.9145709594357856,1.0,1.0,83,58,-1,0,0,0,0,,0.0,0.0,4,21
65134673387,0,oracle_reserve_lru,reload,value_ranked_admission,18744877056,2684354560,2815858769,1465909248,0,0,18744877056,0.9930333994024675,0.9532987199330664,1.0,1.0,21,0,153,50,42,8388608,8388608,CPU,0.0,0.0,0,0
65134673387,0,oracle_reserve_lru,reload,value_ranked_admission,18744877056,2684354560,2815858769,1465909248,0,0,18744877056,0.9930333994024675,0.9532987199330664,1.0,1.0,21,0,152,229,45,31457280,31457280,CPU,0.0,0.0,0,0
65134673387,0,oracle_reserve_lru,reload,value_ranked_admission,18744877056,2684354560,2815858769,1465909248,0,0,18744877056,0.9930333994024675,0.9532987199330664,1.0,1.0,21,0,64,881,438,117440512,117440512,CPU,0.0,0.0,0,0
65134673387,0,oracle_reserve_lru,reload,value_ranked_admission,18744877056,2684354560,2815858769,1465909248,0,0,18744877056,0.9930333994024675,0.9532987199330664,1.0,1.0,21,0,63,448,433,58720256,58720256,CPU,0.0,0.0,0,0
65278276311,0,oracle_reserve_lru,admission,value_ranked_working_set,18702934016,2642411520,2815858769,1465909248,0,125829120,18828763136,0.997477369823617,0.9830893049309747,1.0,1.0,82,61,-1,0,0,0,0,,0.0,0.0,1,20
65278276311,0,oracle_reserve_lru,reload,value_ranked_admission,18744877056,2684354560,2815858769,1438646272,0,0,18744877056,0.9930333994024675,0.9532987199330664,1.0,1.0,20,0,125,207,193,27262976,27262976,CPU,0.0,0.0,0,0
65420434885,0,oracle_reserve_lru,trigger,forecast_above_trigger,18759557120,2699034624,2815858769,1438646272,0,123731968,18883289088,1.000365950597364,1.002453185179615,1.0,1.0,82,62,-1,0,0,0,0,,0.0,0.0,82,0
65420434885,0,oracle_reserve_lru,spill,proactive_target_headroom,18751168512,2690646016,2815858769,1447034880,0,121634816,18872803328,0.9998104542947205,0.9987293620548765,1.0,1.0,82,61,155,57,48,8388608,8388608,CPU,65420434885.0,0.0,0,0
65491514172,0,oracle_reserve_lru,trigger,forecast_above_trigger,18755362816,2694840320,2815858769,1447034880,0,121634816,18876997632,1.000032652815778,1.000218891304772,1.0,1.0,82,61,-1,0,0,0,0,,0.0,0.0,82,0
65491514172,0,oracle_reserve_lru,spill,proactive_target_headroom,18667282432,2606759936,2815858769,1535115264,0,119537664,18786820096,0.9952553846130423,0.9681940124320205,1.0,1.0,82,60,156,666,48,88080384,88080384,CPU,65491514172.0,0.0,0,0
65491514172,0,oracle_reserve_lru,admission,value_ranked_working_set,18667282432,2606759936,2815858769,1535115264,0,119537664,18786820096,0.9952553846130423,0.9681940124320205,1.0,1.0,82,60,-1,0,0,0,0,,0.0,0.0,2,20
65491514172,0,oracle_reserve_lru,reload,value_ranked_admission,18751168512,2690646016,2815858769,1457520640,0,0,18751168512,0.9933666971840537,0.9555330138079094,1.0,1.0,20,0,155,57,48,8388608,8388608,CPU,0.0,0.0,0,0
65491514172,0,oracle_reserve_lru,reload,value_ranked_admission,18751168512,2690646016,2815858769,1457520640,0,0,18751168512,0.9933666971840537,0.9555330138079094,1.0,1.0,20,0,124,525,193,69206016,69206016,CPU,0.0,0.0,0,0
65632810026,0,oracle_reserve_lru,trigger,forecast_above_trigger,18755362816,2694840320,2815858769,1457520640,0,123731968,18879094784,1.0001437520763066,1.0009636559297197,1.0,1.0,82,62,-1,0,0,0,0,,0.0,0.0,82,0
65632810026,0,oracle_reserve_lru,spill,proactive_target_headroom,18746974208,2686451712,2815858769,1465909248,0,121634816,18868609024,0.999588255773663,0.9972398328049812,1.0,1.0,82,61,157,53,49,8388608,8388608,CPU,65632810026.0,0.0,0,0
65702977504,0,oracle_reserve_lru,admission,value_ranked_working_set,18726002688,2665480192,2815858769,1465909248,0,121634816,18847637504,0.9984772631683756,0.989792186555504,1.0,1.0,81,60,-1,0,0,0,0,,0.0,0.0,1,20
65702977504,0,oracle_reserve_lru,reload,value_ranked_admission,18740682752,2680160256,2815858769,1457520640,0,0,18740682752,0.9928112008814101,0.9518091906831709,1.0,1.0,20,0,157,53,49,8388608,8388608,CPU,0.0,0.0,0,0
66458025052,0,oracle_reserve_lru,trigger,forecast_above_trigger,18767945728,2707423232,2815858769,1457520640,0,119537664,18887483392,1.0005881491184216,1.0039427144295106,1.0,1.0,80,60,-1,0,0,0,0,,0.0,0.0,80,0
66458025052,0,oracle_reserve_lru,spill,proactive_target_headroom,18757459968,2696937472,2815858769,1468006400,0,117440512,18874900480,0.9999215535552491,0.9994741266798243,1.0,1.0,80,59,158,80,55,10485760,10485760,CPU,66458025052.0,0.0,0,0
66697687478,0,oracle_reserve_lru,admission,value_ranked_working_set,18560327680,2499805184,2815858769,1468006400,0,117440512,18677768192,0.9894782230655479,0.9294662519347398,1.0,1.0,77,56,-1,0,0,0,0,,0.0,0.0,3,18
66697687478,0,oracle_reserve_lru,reload,value_ranked_admission,18763751424,2703228928,2815858769,1277165568,0,0,18763751424,0.9940332927472262,0.9600016015575957,1.0,1.0,18,0,158,80,55,10485760,10485760,CPU,0.0,0.0,0,0
66697687478,0,oracle_reserve_lru,reload,value_ranked_admission,18763751424,2703228928,2815858769,1277165568,0,0,18763751424,0.9940332927472262,0.9600016015575957,1.0,1.0,18,0,156,666,48,88080384,88080384,CPU,0.0,0.0,0,0
66697687478,0,oracle_reserve_lru,reload,value_ranked_admission,18763751424,2703228928,2815858769,1277165568,0,0,18763751424,0.9940332927472262,0.9600016015575957,1.0,1.0,18,0,134,689,189,92274688,92274688,CPU,0.0,0.0,0,0
66769025993,0,oracle_reserve_lru,trigger,forecast_above_trigger,18763751424,2703228928,2815858769,1277165568,0,123731968,18887483392,1.0005881491184216,1.0039427144295106,1.0,1.0,77,59,-1,0,0,0,0,,0.0,0.0,77,0
66769025993,0,oracle_reserve_lru,spill,proactive_target_headroom,18711322624,2650800128,2815858769,1329594368,0,121634816,18832957440,0.9976995683446744,0.9845788341808701,1.0,1.0,77,58,159,393,57,52428800,52428800,CPU,66769025993.0,0.0,0,0
66769025993,0,oracle_reserve_lru,admission,value_ranked_working_set,18711322624,2650800128,2815858769,1329594368,0,121634816,18832957440,0.9976995683446744,0.9845788341808701,1.0,1.0,77,58,-1,0,0,0,0,,0.0,0.0,1,18
66769025993,0,oracle_reserve_lru,reload,value_ranked_admission,18744877056,2684354560,2815858769,1296039936,0,0,18744877056,0.9930333994024675,0.9532987199330664,1.0,1.0,18,0,114,241,207,33554432,33554432,CPU,0.0,0.0,0,0
66911703023,0,oracle_reserve_lru,trigger,forecast_above_trigger,18755362816,2694840320,2815858769,1296039936,0,121634816,18876997632,1.000032652815778,1.000218891304772,1.0,1.0,77,59,-1,0,0,0,0,,0.0,0.0,77,0
66911703023,0,oracle_reserve_lru,spill,proactive_target_headroom,18591784960,2531262464,2815858769,1459617792,0,119537664,18711322624,0.9912558112340077,0.9413824859339031,1.0,1.0,77,58,160,1238,57,163577856,163577856,CPU,66911703023.0,0.0,0,0
66911703023,0,oracle_reserve_lru,admission,value_ranked_working_set,18591784960,2531262464,2815858769,1459617792,0,119537664,18711322624,0.9912558112340077,0.9413824859339031,1.0,1.0,77,58,-1,0,0,0,0,,0.0,0.0,3,16
66911703023,0,oracle_reserve_lru,reload,value_ranked_admission,18759557120,2699034624,2815858769,1306525696,0,0,18759557120,0.9938110942261686,0.9585120723077003,1.0,1.0,16,0,159,393,57,52428800,52428800,CPU,0.0,0.0,0,0
66911703023,0,oracle_reserve_lru,reload,value_ranked_admission,18759557120,2699034624,2815858769,1306525696,0,0,18759557120,0.9938110942261686,0.9585120723077003,1.0,1.0,16,0,122,476,196,62914560,62914560,CPU,0.0,0.0,0,0
66911703023,0,oracle_reserve_lru,reload,value_ranked_admission,18759557120,2699034624,2815858769,1306525696,0,0,18759557120,0.9938110942261686,0.9585120723077003,1.0,1.0,16,0,118,283,200,37748736,37748736,CPU,0.0,0.0,0,0
66982782310,0,oracle_reserve_lru,trigger,forecast_above_trigger,18759557120,2699034624,2815858769,1306525696,0,125829120,18885386240,1.000477049857893,1.003197949804563,1.0,1.0,77,61,-1,0,0,0,0,,0.0,0.0,77,0
66982782310,0,oracle_reserve_lru,spill,proactive_target_headroom,18621145088,2560622592,2815858769,1444937728,0,123731968,18744877056,0.9930333994024675,0.9532987199330664,1.0,1.0,77,60,161,1047,57,138412032,138412032,CPU,66982782310.0,0.0,0,0
66982782310,0,oracle_reserve_lru,admission,value_ranked_working_set,18621145088,2560622592,2815858769,1444937728,0,123731968,18744877056,0.9930333994024675,0.9532987199330664,1.0,1.0,77,60,-1,0,0,0,0,,0.0,0.0,1,16
66982782310,0,oracle_reserve_lru,reload,value_ranked_admission,18734391296,2673868800,2815858769,1335885824,0,0,18734391296,0.9924779030998239,0.9495748968083279,1.0,1.0,16,0,29,825,752,109051904,109051904,CPU,0.0,0.0,0,0
67265674239,0,oracle_reserve_lru,trigger,forecast_above_trigger,18757459968,2696937472,2815858769,1335885824,0,125829120,18883289088,1.000365950597364,1.002453185179615,1.0,1.0,77,61,-1,0,0,0,0,,0.0,0.0,77,0
67265674239,0,oracle_reserve_lru,spill,proactive_target_headroom,18650505216,2589982720,2815858769,1442840576,0,123731968,18774237184,0.9945887890498698,0.9637254246823342,1.0,1.0,77,60,162,806,60,106954752,106954752,CPU,67265674239.0,0.0,0,0
67265674239,0,oracle_reserve_lru,admission,value_ranked_working_set,18650505216,2589982720,2815858769,1442840576,0,123731968,18774237184,0.9945887890498698,0.9637254246823342,1.0,1.0,77,60,-1,0,0,0,0,,0.0,0.0,2,15
67265674239,0,oracle_reserve_lru,reload,value_ranked_admission,18753265664,2692743168,2815858769,1348468736,0,0,18753265664,0.9934777964445825,0.9562777784328572,1.0,1.0,15,0,119,496,201,65011712,65011712,CPU,0.0,0.0,0,0
67265674239,0,oracle_reserve_lru,reload,value_ranked_admission,18753265664,2692743168,2815858769,1348468736,0,0,18753265664,0.9934777964445825,0.9562777784328572,1.0,1.0,15,0,111,215,208,29360128,29360128,CPU,0.0,0.0,0,0
67335605228,0,oracle_reserve_lru,trigger,forecast_above_trigger,18753265664,2692743168,2815858769,1348468736,0,125829120,18879094784,1.0001437520763066,1.0009636559297197,1.0,1.0,77,62,-1,0,0,0,0,,0.0,0.0,77,0
67335605228,0,oracle_reserve_lru,spill,proactive_target_headroom,18715516928,2654994432,2815858769,1386217472,0,123731968,18839248896,0.9980328661262606,0.9868131280557132,1.0,1.0,77,61,163,279,60,37748736,37748736,CPU,67335605228.0,0.0,0,0
67335605228,0,oracle_reserve_lru,admission,value_ranked_working_set,18715516928,2654994432,2815858769,1386217472,0,123731968,18839248896,0.9980328661262606,0.9868131280557132,1.0,1.0,77,61,-1,0,0,0,0,,0.0,0.0,1,15
67335605228,0,oracle_reserve_lru,reload,value_ranked_admission,18755362816,2694840320,2815858769,1352663040,0,0,18755362816,0.9935888957051112,0.9570225430578049,1.0,1.0,15,0,106,247,209,33554432,33554432,CPU,0.0,0.0,0,0
67405421945,0,oracle_reserve_lru,trigger,forecast_above_trigger,18755362816,2694840320,2815858769,1352663040,0,123731968,18879094784,1.0001437520763066,1.0009636559297197,1.0,1.0,77,62,-1,0,0,0,0,,0.0,0.0,77,0
67405421945,0,oracle_reserve_lru,spill,proactive_target_headroom,18744877056,2684354560,2815858769,1363148800,0,121634816,18866511872,0.9994771565131343,0.9964950681800334,1.0,1.0,77,61,164,71,61,10485760,10485760,CPU,67405421945.0,0.0,0,0
67462333004,0,oracle_reserve_lru,trigger,forecast_above_trigger,18755362816,2694840320,2815858769,1363148800,0,121634816,18876997632,1.000032652815778,1.000218891304772,1.0,1.0,77,61,-1,0,0,0,0,,0.0,0.0,77,0
67462333004,0,oracle_reserve_lru,spill,proactive_target_headroom,18616950784,2556428288,2815858769,1501560832,0,119537664,18736488448,0.9925890023603525,0.9503196614332755,1.0,1.0,77,60,165,1048,61,138412032,138412032,CPU,67462333004.0,0.0,0,0
67462333004,0,oracle_reserve_lru,admission,value_ranked_working_set,18616950784,2556428288,2815858769,1501560832,0,119537664,18736488448,0.9925890023603525,0.9503196614332755,1.0,1.0,77,60,-1,0,0,0,0,,0.0,0.0,4,13
67462333004,0,oracle_reserve_lru,reload,value_ranked_admission,18755362816,2694840320,2815858769,1371537408,0,0,18755362816,0.9935888957051112,0.9570225430578049,1.0,1.0,13,0,164,71,61,10485760,10485760,CPU,0.0,0.0,0,0
67462333004,0,oracle_reserve_lru,reload,value_ranked_admission,18755362816,2694840320,2815858769,1371537408,0,0,18755362816,0.9935888957051112,0.9570225430578049,1.0,1.0,13,0,163,279,60,37748736,37748736,CPU,0.0,0.0,0,0
67462333004,0,oracle_reserve_lru,reload,value_ranked_admission,18755362816,2694840320,2815858769,1371537408,0,0,18755362816,0.9935888957051112,0.9570225430578049,1.0,1.0,13,0,120,336,198,44040192,44040192,CPU,0.0,0.0,0,0
67462333004,0,oracle_reserve_lru,reload,value_ranked_admission,18755362816,2694840320,2815858769,1371537408,0,0,18755362816,0.9935888957051112,0.9570225430578049,1.0,1.0,13,0,108,282,209,37748736,37748736,CPU,0.0,0.0,0,0
67585726017,0,oracle_reserve_lru,admission,value_ranked_working_set,18696642560,2636120064,2815858769,1371537408,0,125829120,18822471680,0.9971440720420308,0.9808550110561316,1.0,1.0,75,62,-1,0,0,0,0,,0.0,0.0,1,12
67585726017,0,oracle_reserve_lru,reload,value_ranked_admission,18738585600,2678063104,2815858769,1340080128,0,0,18738585600,0.9927001016208813,0.9510644260582233,1.0,1.0,12,0,103,237,211,31457280,31457280,CPU,0.0,0.0,0,0
67744651192,0,oracle_reserve_lru,trigger,forecast_above_trigger,18753265664,2692743168,2815858769,1340080128,0,125829120,18879094784,1.0001437520763066,1.0009636559297197,1.0,1.0,75,63,-1,0,0,0,0,,0.0,0.0,75,0
67744651192,0,oracle_reserve_lru,spill,proactive_target_headroom,18686156800,2625634304,2815858769,1407188992,0,123731968,18809888768,0.9964774764788583,0.9763864233064453,1.0,1.0,75,62,166,501,65,67108864,67108864,CPU,67744651192.0,0.0,0,0
67744651192,0,oracle_reserve_lru,admission,value_ranked_working_set,18686156800,2625634304,2815858769,1407188992,0,123731968,18809888768,0.9964774764788583,0.9763864233064453,1.0,1.0,75,62,-1,0,0,0,0,,0.0,0.0,1,12
67744651192,0,oracle_reserve_lru,reload,value_ranked_admission,18765848576,2705326080,2815858769,1344274432,0,0,18765848576,0.9941443920077548,0.9607463661825434,1.0,1.0,12,0,105,471,211,62914560,62914560,CPU,0.0,0.0,0,0
67814311566,0,oracle_reserve_lru,trigger,forecast_above_trigger,18765848576,2705326080,2815858769,1344274432,0,125829120,18891677696,1.0008103476394792,1.0054322436794059,1.0,1.0,75,63,-1,0,0,0,0,,0.0,0.0,75,0
67814311566,0,oracle_reserve_lru,spill,proactive_target_headroom,18753265664,2692743168,2815858769,1356857344,0,123731968,18876997632,1.000032652815778,1.000218891304772,1.0,1.0,75,62,167,85,66,12582912,12582912,CPU,67814311566.0,0.0,0,0
67814311566,0,oracle_reserve_lru,spill,proactive_target_headroom,18736488448,2675965952,2815858769,1373634560,0,121634816,18858123264,0.9990327594710193,0.9935160096802426,1.0,1.0,75,61,168,126,66,16777216,16777216,CPU,67814311566.0,0.0,0,0
67814311566,0,oracle_reserve_lru,admission,value_ranked_working_set,18736488448,2675965952,2815858769,1373634560,0,121634816,18858123264,0.9990327594710193,0.9935160096802426,1.0,1.0,75,61,-1,0,0,0,0,,0.0,0.0,1,13
67814311566,0,oracle_reserve_lru,reload,value_ranked_admission,18751168512,2690646016,2815858769,1361051648,0,0,18751168512,0.9933666971840537,0.9555330138079094,1.0,1.0,13,0,167,85,66,12582912,12582912,CPU,0.0,0.0,0,0
67925035171,0,oracle_reserve_lru,admission,value_ranked_working_set,18646310912,2585788416,2815858769,1361051648,0,123731968,18770042880,0.9943665905288124,0.9622358954324388,1.0,1.0,74,61,-1,0,0,0,0,,0.0,0.0,2,11
67925035171,0,oracle_reserve_lru,reload,value_ranked_admission,18738585600,2678063104,2815858769,1277165568,0,0,18738585600,0.9927001016208813,0.9510644260582233,1.0,1.0,11,0,168,126,66,16777216,16777216,CPU,0.0,0.0,0,0
67925035171,0,oracle_reserve_lru,reload,value_ranked_admission,18738585600,2678063104,2815858769,1277165568,0,0,18738585600,0.9927001016208813,0.9510644260582233,1.0,1.0,11,0,166,501,65,67108864,67108864,CPU,0.0,0.0,0,0
68254504154,0,oracle_reserve_lru,trigger,forecast_above_trigger,18755362816,2694840320,2815858769,1277165568,0,125829120,18881191936,1.0002548513368354,1.0017084205546674,1.0,1.0,73,62,-1,0,0,0,0,,0.0,0.0,73,0
68254504154,0,oracle_reserve_lru,spill,proactive_target_headroom,18692448256,2631925760,2815858769,1340080128,0,123731968,18816180224,0.9968107742604445,0.9786207171812884,1.0,1.0,73,61,169,480,72,62914560,62914560,CPU,68254504154.0,0.0,0,0
68254504154,0,oracle_reserve_lru,admission,value_ranked_working_set,18692448256,2631925760,2815858769,1340080128,0,123731968,18816180224,0.9968107742604445,0.9786207171812884,1.0,1.0,73,61,-1,0,0,0,0,,0.0,0.0,1,11
68254504154,0,oracle_reserve_lru,reload,value_ranked_admission,18734391296,2673868800,2815858769,1304428544,0,0,18734391296,0.9924779030998239,0.9495748968083279,1.0,1.0,11,0,104,261,211,35651584,35651584,CPU,0.0,0.0,0,0
68457727134,0,oracle_reserve_lru,admission,value_ranked_working_set,18637922304,2577399808,2815858769,1304428544,0,121634816,18759557120,0.9938110942261686,0.9585120723077003,1.0,1.0,71,60,-1,0,0,0,0,,0.0,0.0,1,10
68457727134,0,oracle_reserve_lru,reload,value_ranked_admission,18707128320,2646605824,2815858769,1241513984,0,0,18707128320,0.9910336127129502,0.9398929566840076,1.0,1.0,10,0,169,480,72,62914560,62914560,CPU,0.0,0.0,0,0
68525153436,0,oracle_reserve_lru,admission,value_ranked_working_set,18684059648,2623537152,2815858769,1241513984,0,123731968,18807791616,0.9963663772183297,0.9756416586814975,1.0,1.0,70,60,-1,0,0,0,0,,0.0,0.0,1,9
68525153436,0,oracle_reserve_lru,reload,value_ranked_admission,18749071360,2688548864,2815858769,1182793728,0,0,18749071360,0.993255597923525,0.9547882491829618,1.0,1.0,9,0,98,433,366,58720256,58720256,CPU,0.0,0.0,0,0
68659066699,0,oracle_reserve_lru,trigger,forecast_above_trigger,18757459968,2696937472,2815858769,1182793728,0,125829120,18883289088,1.000365950597364,1.002453185179615,1.0,1.0,70,61,-1,0,0,0,0,,0.0,0.0,70,0
68659066699,0,oracle_reserve_lru,spill,proactive_target_headroom,18730196992,2669674496,2815858769,1210056704,0,123731968,18853928960,0.9988105609499618,0.9920264804303471,1.0,1.0,70,60,170,203,78,27262976,27262976,CPU,68659066699.0,0.0,0,0
68858898388,0,oracle_reserve_lru,admission,value_ranked_working_set,18702934016,2642411520,2815858769,1210056704,0,119537664,18822471680,0.9971440720420308,0.9808550110561316,1.0,1.0,69,59,-1,0,0,0,0,,0.0,0.0,1,9
68858898388,0,oracle_reserve_lru,reload,value_ranked_admission,18732294144,2671771648,2815858769,1182793728,0,0,18732294144,0.9923668038392951,0.9488301321833801,1.0,1.0,9,0,170,203,78,27262976,27262976,CPU,0.0,0.0,0,0
69122723840,0,oracle_reserve_lru,trigger,forecast_above_trigger,18755362816,2694840320,2815858769,1182793728,0,121634816,18876997632,1.000032652815778,1.000218891304772,1.0,1.0,69,60,-1,0,0,0,0,,0.0,0.0,69,0
69122723840,0,oracle_reserve_lru,spill,proactive_target_headroom,18740682752,2680160256,2815858769,1197473792,0,119537664,18860220416,0.999143858731548,0.9942607743051903,1.0,1.0,69,59,171,101,85,14680064,14680064,CPU,69122723840.0,0.0,0,0
69318530261,0,oracle_reserve_lru,trigger,forecast_above_trigger,18765848576,2705326080,2815858769,1197473792,0,119537664,18885386240,1.000477049857893,1.003197949804563,1.0,1.0,69,59,-1,0,0,0,0,,0.0,0.0,69,0
69318530261,0,oracle_reserve_lru,spill,proactive_target_headroom,18723905536,2663383040,2815858769,1239416832,0,117440512,18841346048,0.9981439653867894,0.987557892680661,1.0,1.0,69,58,172,313,88,41943040,41943040,CPU,69318530261.0,0.0,0,0
69318530261,0,oracle_reserve_lru,admission,value_ranked_working_set,18723905536,2663383040,2815858769,1239416832,0,117440512,18841346048,0.9981439653867894,0.987557892680661,1.0,1.0,69,58,-1,0,0,0,0,,0.0,0.0,1,10
69318530261,0,oracle_reserve_lru,reload,value_ranked_admission,18742779904,2682257408,2815858769,1224736768,0,0,18742779904,0.9929223001419388,0.9525539553081187,1.0,1.0,10,0,171,101,85,14680064,14680064,CPU,0.0,0.0,0,0
69384141201,0,oracle_reserve_lru,admission,value_ranked_working_set,18610659328,2550136832,2815858769,1224736768,0,119537664,18730196992,0.9922557045787663,0.9480853675584324,1.0,1.0,67,57,-1,0,0,0,0,,0.0,0.0,2,8
69384141201,0,oracle_reserve_lru,reload,value_ranked_admission,18709225472,2648702976,2815858769,1130364928,0,0,18709225472,0.991144711973479,0.9406377213089553,1.0,1.0,8,0,172,313,88,41943040,41943040,CPU,0.0,0.0,0,0
69384141201,0,oracle_reserve_lru,reload,value_ranked_admission,18709225472,2648702976,2815858769,1130364928,0,0,18709225472,0.991144711973479,0.9406377213089553,1.0,1.0,8,0,91,389,377,52428800,52428800,CPU,0.0,0.0,0,0
69925534071,0,oracle_reserve_lru,trigger,forecast_above_trigger,18757459968,2696937472,2815858769,1130364928,0,123731968,18881191936,1.0002548513368354,1.0017084205546674,1.0,1.0,67,59,-1,0,0,0,0,,0.0,0.0,67,0
69925534071,0,oracle_reserve_lru,spill,proactive_target_headroom,18730196992,2669674496,2815858769,1157627904,0,121634816,18851831808,0.9986994616894331,0.9912817158053995,1.0,1.0,67,58,173,208,95,27262976,27262976,CPU,69925534071.0,0.0,0,0
70152802809,0,oracle_reserve_lru,trigger,forecast_above_trigger,18759557120,2699034624,2815858769,1157627904,0,121634816,18881191936,1.0002548513368354,1.0017084205546674,1.0,1.0,67,58,-1,0,0,0,0,,0.0,0.0,67,0
70152802809,0,oracle_reserve_lru,spill,proactive_target_headroom,18709225472,2648702976,2815858769,1207959552,0,119537664,18828763136,0.997477369823617,0.9830893049309747,1.0,1.0,67,57,174,383,99,50331648,50331648,CPU,70152802809.0,0.0,0,0
70152802809,0,oracle_reserve_lru,admission,value_ranked_working_set,18709225472,2648702976,2815858769,1207959552,0,119537664,18828763136,0.997477369823617,0.9830893049309747,1.0,1.0,67,57,-1,0,0,0,0,,0.0,0.0,1,9
70152802809,0,oracle_reserve_lru,reload,value_ranked_admission,18749071360,2688548864,2815858769,1180696576,0,0,18749071360,0.993255597923525,0.9547882491829618,1.0,1.0,9,0,173,208,95,27262976,27262976,CPU,0.0,0.0,0,0
70321577062,0,oracle_reserve_lru,trigger,forecast_above_trigger,18761654272,2701131776,2815858769,1180696576,0,121634816,18883289088,1.000365950597364,1.002453185179615,1.0,1.0,67,58,-1,0,0,0,0,,0.0,0.0,67,0
70321577062,0,oracle_reserve_lru,spill,proactive_target_headroom,18648408064,2587885568,2815858769,1293942784,0,119537664,18767945728,0.9942554912682836,0.9614911308074912,1.0,1.0,67,57,175,864,101,113246208,113246208,CPU,70321577062.0,0.0,0,0
70321577062,0,oracle_reserve_lru,admission,value_ranked_working_set,18648408064,2587885568,2815858769,1293942784,0,119537664,18767945728,0.9942554912682836,0.9614911308074912,1.0,1.0,67,57,-1,0,0,0,0,,0.0,0.0,2,8
70321577062,0,oracle_reserve_lru,reload,value_ranked_admission,18759557120,2699034624,2815858769,1193279488,0,0,18759557120,0.9938110942261686,0.9585120723077003,1.0,1.0,8,0,174,383,99,50331648,50331648,CPU,0.0,0.0,0,0
70321577062,0,oracle_reserve_lru,reload,value_ranked_admission,18759557120,2699034624,2815858769,1193279488,0,0,18759557120,0.9938110942261686,0.9585120723077003,1.0,1.0,8,0,95,384,368,50331648,50331648,CPU,0.0,0.0,0,0
70377727097,0,oracle_reserve_lru,trigger,forecast_above_trigger,18759557120,2699034624,2815858769,1193279488,0,123731968,18883289088,1.000365950597364,1.002453185179615,1.0,1.0,67,59,-1,0,0,0,0,,0.0,0.0,67,0
70377727097,0,oracle_reserve_lru,spill,proactive_target_headroom,18742779904,2682257408,2815858769,1210056704,0,121634816,18864414720,0.9993660572526055,0.9957503035550858,1.0,1.0,67,58,176,113,102,16777216,16777216,CPU,70377727097.0,0.0,0,0
70486120127,0,oracle_reserve_lru,admission,value_ranked_working_set,18707128320,2646605824,2815858769,1210056704,0,119537664,18826665984,0.9973662705630882,0.982344540306027,1.0,1.0,66,57,-1,0,0,0,0,,0.0,0.0,1,8
70486120127,0,oracle_reserve_lru,reload,value_ranked_admission,18734391296,2673868800,2815858769,1193279488,0,0,18734391296,0.9924779030998239,0.9495748968083279,1.0,1.0,8,0,176,113,102,16777216,16777216,CPU,0.0,0.0,0,0
70703203801,0,oracle_reserve_lru,trigger,forecast_above_trigger,18757459968,2696937472,2815858769,1193279488,0,119537664,18876997632,1.000032652815778,1.000218891304772,1.0,1.0,66,58,-1,0,0,0,0,,0.0,0.0,66,0
70703203801,0,oracle_reserve_lru,spill,proactive_target_headroom,18709225472,2648702976,2815858769,1241513984,0,117440512,18826665984,0.9973662705630882,0.982344540306027,1.0,1.0,66,57,178,359,106,48234496,48234496,CPU,70703203801.0,0.0,0,0
70756205056,0,oracle_reserve_lru,admission,value_ranked_working_set,18652602368,2592079872,2815858769,1241513984,0,117440512,18770042880,0.9943665905288124,0.9622358954324388,1.0,1.0,65,56,-1,0,0,0,0,,0.0,0.0,1,8
70756205056,0,oracle_reserve_lru,reload,value_ranked_admission,18709225472,2648702976,2815858769,1193279488,0,0,18709225472,0.991144711973479,0.9406377213089553,1.0,1.0,8,0,178,359,106,48234496,48234496,CPU,0.0,0.0,0,0
71179659619,0,oracle_reserve_lru,trigger,forecast_above_trigger,18763751424,2703228928,2815858769,1193279488,0,117440512,18881191936,1.0002548513368354,1.0017084205546674,1.0,1.0,65,57,-1,0,0,0,0,,0.0,0.0,65,0
71179659619,0,oracle_reserve_lru,spill,proactive_target_headroom,18711322624,2650800128,2815858769,1245708288,0,115343360,18826665984,0.9973662705630882,0.982344540306027,1.0,1.0,65,56,180,391,113,52428800,52428800,CPU,71179659619.0,0.0,0,0
72597836827,0,oracle_reserve_lru,trigger,forecast_above_trigger,18772140032,2711617536,2815858769,1245708288,0,113246208,18885386240,1.000477049857893,1.003197949804563,1.0,1.0,64,55,-1,0,0,0,0,,0.0,0.0,64,0
72597836827,0,oracle_reserve_lru,spill,proactive_target_headroom,18728099840,2667577344,2815858769,1289748480,0,111149056,18839248896,0.9980328661262606,0.9868131280557132,1.0,1.0,64,54,131,322,312,44040192,44040192,CPU,72597836827.0,0.0,0,0
72654605986,0,oracle_reserve_lru,admission,value_ranked_working_set,18667282432,2606759936,2815858769,1289748480,0,111149056,18778431488,0.9948109875709273,0.9652149539322297,1.0,1.0,63,53,-1,0,0,0,0,,0.0,0.0,1,9
72654605986,0,oracle_reserve_lru,reload,value_ranked_admission,18715516928,2654994432,2815858769,1245708288,0,0,18715516928,0.9914780097550652,0.9428720151837985,1.0,1.0,9,0,131,322,312,44040192,44040192,CPU,0.0,0.0,0,0
72823454163,0,oracle_reserve_lru,admission,value_ranked_working_set,18684059648,2623537152,2815858769,1245708288,0,109051904,18793111552,0.9955886823946285,0.9704283063068636,1.0,1.0,62,53,-1,0,0,0,0,,0.0,0.0,1,8
72823454163,0,oracle_reserve_lru,reload,value_ranked_admission,18742779904,2682257408,2815858769,1193279488,0,0,18742779904,0.9929223001419388,0.9525539553081187,1.0,1.0,8,0,180,391,113,52428800,52428800,CPU,0.0,0.0,0,0
73262277111,0,oracle_reserve_lru,trigger,forecast_above_trigger,18770042880,2709520384,2815858769,1193279488,0,109051904,18879094784,1.0001437520763066,1.0009636559297197,1.0,1.0,62,54,-1,0,0,0,0,,0.0,0.0,62,0
73262277111,0,oracle_reserve_lru,spill,proactive_target_headroom,18738585600,2678063104,2815858769,1224736768,0,106954752,18845540352,0.9983661639078468,0.9890474219305564,1.0,1.0,62,53,183,227,128,31457280,31457280,CPU,73262277111.0,0.0,0,0
73437687985,0,oracle_reserve_lru,admission,value_ranked_working_set,18616950784,2556428288,2815858769,1224736768,0,104857600,18721808384,0.9918113075366514,0.9451063090586416,1.0,1.0,61,52,-1,0,0,0,0,,0.0,0.0,2,7
73437687985,0,oracle_reserve_lru,reload,value_ranked_admission,18772140032,2711617536,2815858769,1080033280,0,0,18772140032,0.9944776897893411,0.9629806600573866,1.0,1.0,7,0,183,227,128,31457280,31457280,CPU,0.0,0.0,0,0
73437687985,0,oracle_reserve_lru,reload,value_ranked_admission,18772140032,2711617536,2815858769,1080033280,0,0,18772140032,0.9944776897893411,0.9629806600573866,1.0,1.0,7,0,175,864,101,113246208,113246208,CPU,0.0,0.0,0,0
73492033307,0,oracle_reserve_lru,trigger,forecast_above_trigger,18772140032,2711617536,2815858769,1080033280,0,106954752,18879094784,1.0001437520763066,1.0009636559297197,1.0,1.0,61,54,-1,0,0,0,0,,0.0,0.0,61,0
73492033307,0,oracle_reserve_lru,spill,proactive_target_headroom,18749071360,2688548864,2815858769,1103101952,0,104857600,18853928960,0.9988105609499618,0.9920264804303471,1.0,1.0,61,53,185,163,132,23068672,23068672,CPU,73492033307.0,0.0,0,0
73881901208,0,oracle_reserve_lru,admission,value_ranked_working_set,18705031168,2644508672,2815858769,1103101952,0,102760448,18807791616,0.9963663772183297,0.9756416586814975,1.0,1.0,60,52,-1,0,0,0,0,,0.0,0.0,1,7
73881901208,0,oracle_reserve_lru,reload,value_ranked_admission,18732294144,2671771648,2815858769,1080033280,0,0,18732294144,0.9923668038392951,0.9488301321833801,1.0,1.0,7,0,185,163,132,23068672,23068672,CPU,0.0,0.0,0,0
74444602595,0,oracle_reserve_lru,admission,value_ranked_working_set,18648408064,2587885568,2815858769,1080033280,0,104857600,18753265664,0.9934777964445825,0.9562777784328572,1.0,1.0,57,50,-1,0,0,0,0,,0.0,0.0,1,6
74444602595,0,oracle_reserve_lru,reload,value_ranked_admission,18759557120,2699034624,2815858769,973078528,0,0,18759557120,0.9938110942261686,0.9585120723077003,1.0,1.0,6,0,162,806,60,106954752,106954752,CPU,0.0,0.0,0,0
74612466395,0,oracle_reserve_lru,trigger,forecast_above_trigger,18776334336,2715811840,2815858769,973078528,0,106954752,18883289088,1.000365950597364,1.002453185179615,1.0,1.0,57,51,-1,0,0,0,0,,0.0,0.0,57,0
74612466395,0,oracle_reserve_lru,spill,proactive_target_headroom,18755362816,2694840320,2815858769,994050048,0,104857600,18860220416,0.999143858731548,0.9942607743051903,1.0,1.0,57,50,187,151,144,20971520,20971520,CPU,74612466395.0,0.0,0,0
74829664499,0,oracle_reserve_lru,admission,value_ranked_working_set,18669379584,2608857088,2815858769,994050048,0,100663296,18770042880,0.9943665905288124,0.9622358954324388,1.0,1.0,56,49,-1,0,0,0,0,,0.0,0.0,1,6
74829664499,0,oracle_reserve_lru,reload,value_ranked_admission,18696642560,2636120064,2815858769,973078528,0,0,18696642560,0.9904781164103066,0.9361691335592691,1.0,1.0,6,0,187,151,144,20971520,20971520,CPU,0.0,0.0,0,0
75041844485,0,oracle_reserve_lru,admission,value_ranked_working_set,18591784960,2531262464,2815858769,973078528,0,100663296,18692448256,0.990255917889249,0.9346796043093737,1.0,1.0,55,49,-1,0,0,0,0,,0.0,0.0,1,5
75041844485,0,oracle_reserve_lru,reload,value_ranked_admission,18736488448,2675965952,2815858769,834666496,0,0,18736488448,0.9925890023603525,0.9503196614332755,1.0,1.0,5,0,165,1048,61,138412032,138412032,CPU,0.0,0.0,0,0
76690897800,0,oracle_reserve_lru,admission,value_ranked_working_set,18633728000,2573205504,2815858769,834666496,0,96468992,18730196992,0.9922557045787663,0.9480853675584324,1.0,1.0,52,47,-1,0,0,0,0,,0.0,0.0,1,4
76690897800,0,oracle_reserve_lru,reload,value_ranked_admission,18778431488,2717908992,2815858769,696254464,0,0,18778431488,0.9948109875709273,0.9652149539322297,1.0,1.0,4,0,161,1047,57,138412032,138412032,CPU,0.0,0.0,0,0
76799016148,0,oracle_reserve_lru,trigger,forecast_above_trigger,18778431488,2717908992,2815858769,696254464,0,98566144,18876997632,1.000032652815778,1.000218891304772,1.0,1.0,52,48,-1,0,0,0,0,,0.0,0.0,52,0
76799016148,0,oracle_reserve_lru,spill,proactive_target_headroom,18702934016,2642411520,2815858769,771751936,0,96468992,18799403008,0.9959219801762147,0.9726626001817068,1.0,1.0,52,47,138,563,363,75497472,75497472,CPU,76799016148.0,0.0,0,0
77192950687,0,oracle_reserve_lru,admission,value_ranked_working_set,18690351104,2629828608,2815858769,771751936,0,96468992,18786820096,0.9952553846130423,0.9681940124320205,1.0,1.0,51,46,-1,0,0,0,0,,0.0,0.0,1,4
77192950687,0,oracle_reserve_lru,reload,value_ranked_admission,18776334336,2715811840,2815858769,696254464,0,0,18776334336,0.9946998883103986,0.964470189307282,1.0,1.0,4,0,138,563,363,75497472,75497472,CPU,0.0,0.0,0,0
77305250757,0,oracle_reserve_lru,trigger,forecast_above_trigger,18784722944,2724200448,2815858769,696254464,0,98566144,18883289088,1.000365950597364,1.002453185179615,1.0,1.0,51,47,-1,0,0,0,0,,0.0,0.0,51,0
77305250757,0,oracle_reserve_lru,spill,proactive_target_headroom,18711322624,2650800128,2815858769,769654784,0,96468992,18807791616,0.9963663772183297,0.9756416586814975,1.0,1.0,51,46,136,546,370,73400320,73400320,CPU,77305250757.0,0.0,0,0
78928542671,0,oracle_reserve_lru,trigger,forecast_above_trigger,18782625792,2722103296,2815858769,769654784,0,94371840,18876997632,1.000032652815778,1.000218891304772,1.0,1.0,50,45,-1,0,0,0,0,,0.0,0.0,50,0
78928542671,0,oracle_reserve_lru,spill,proactive_target_headroom,18705031168,2644508672,2815858769,847249408,0,92274688,18797305856,0.9958108809156859,0.971917835556759,1.0,1.0,50,44,188,588,193,77594624,77594624,CPU,78928542671.0,0.0,0,0
78928542671,0,oracle_reserve_lru,admission,value_ranked_working_set,18705031168,2644508672,2815858769,847249408,0,92274688,18797305856,0.9958108809156859,0.971917835556759,1.0,1.0,50,44,-1,0,0,0,0,,0.0,0.0,1,5
78928542671,0,oracle_reserve_lru,reload,value_ranked_admission,18780528640,2720006144,2815858769,773849088,0,0,18780528640,0.994922086831456,0.9659597185571774,1.0,1.0,5,0,136,546,370,73400320,73400320,CPU,0.0,0.0,0,0
79042947217,0,oracle_reserve_lru,trigger,forecast_above_trigger,18784722944,2724200448,2815858769,773849088,0,94371840,18879094784,1.0001437520763066,1.0009636559297197,1.0,1.0,50,45,-1,0,0,0,0,,0.0,0.0,50,0
79042947217,0,oracle_reserve_lru,spill,proactive_target_headroom,18751168512,2690646016,2815858769,807403520,0,92274688,18843443200,0.9982550646473182,0.9883026573056086,1.0,1.0,50,44,190,253,191,33554432,33554432,CPU,79042947217.0,0.0,0,0
79385607979,0,oracle_reserve_lru,trigger,forecast_above_trigger,18853928960,2793406464,2815858769,807403520,0,92274688,18946203648,1.0036989284132263,1.0247961239280463,1.0,1.0,51,45,-1,0,0,0,0,,0.0,0.0,51,0
79385607979,0,oracle_reserve_lru,spill,proactive_target_headroom,18765848576,2705326080,2815858769,895483904,0,90177536,18856026112,0.9989216602104906,0.9927712450552949,1.0,1.0,51,44,191,666,197,88080384,88080384,CPU,79385607979.0,0.0,0,0
79609979323,0,oracle_reserve_lru,trigger,forecast_above_trigger,18791014400,2730491904,2815858769,895483904,0,90177536,18881191936,1.0002548513368354,1.0017084205546674,1.0,1.0,51,44,-1,0,0,0,0,,0.0,0.0,51,0
79609979323,0,oracle_reserve_lru,spill,proactive_target_headroom,18749071360,2688548864,2815858769,937426944,0,88080384,18837151744,0.997921766865732,0.9860683634307655,1.0,1.0,51,43,192,320,201,41943040,41943040,CPU,79609979323.0,0.0,0,0
79609979323,0,oracle_reserve_lru,admission,value_ranked_working_set,18749071360,2688548864,2815858769,937426944,0,88080384,18837151744,0.997921766865732,0.9860683634307655,1.0,1.0,51,43,-1,0,0,0,0,,0.0,0.0,1,7
79665933923,0,oracle_reserve_lru,trigger,forecast_above_trigger,18851831808,2791309312,2815858769,937426944,0,90177536,18942009344,1.0034767298921687,1.023306594678151,1.0,1.0,52,44,-1,0,0,0,0,,0.0,0.0,52,0
79665933923,0,oracle_reserve_lru,spill,proactive_target_headroom,18814083072,2753560576,2815858769,975175680,0,88080384,18902163456,1.0013658439421227,1.0091560668041444,1.0,1.0,52,43,193,274,202,37748736,37748736,CPU,79665933923.0,0.0,0,0
79665933923,0,oracle_reserve_lru,spill,proactive_target_headroom,18713419776,2652897280,2815858769,1075838976,0,85983232,18799403008,0.9959219801762147,0.9726626001817068,1.0,1.0,52,42,194,756,201,100663296,100663296,CPU,79665933923.0,0.0,0,0
79665933923,0,oracle_reserve_lru,admission,value_ranked_working_set,18713419776,2652897280,2815858769,1075838976,0,85983232,18799403008,0.9959219801762147,0.9726626001817068,1.0,1.0,52,42,-1,0,0,0,0,,0.0,0.0,2,8
79665933923,0,oracle_reserve_lru,reload,value_ranked_admission,18793111552,2732589056,2815858769,1004535808,0,0,18793111552,0.9955886823946285,0.9704283063068636,1.0,1.0,8,0,193,274,202,37748736,37748736,CPU,0.0,0.0,0,0
79665933923,0,oracle_reserve_lru,reload,value_ranked_admission,18793111552,2732589056,2815858769,1004535808,0,0,18793111552,0.9955886823946285,0.9704283063068636,1.0,1.0,8,0,190,253,191,33554432,33554432,CPU,0.0,0.0,0,0
79721888523,0,oracle_reserve_lru,trigger,forecast_above_trigger,18793111552,2732589056,2815858769,1004535808,0,90177536,18883289088,1.000365950597364,1.002453185179615,1.0,1.0,52,44,-1,0,0,0,0,,0.0,0.0,52,0
79721888523,0,oracle_reserve_lru,spill,proactive_target_headroom,18728099840,2667577344,2815858769,1069547520,0,88080384,18816180224,0.9968107742604445,0.9786207171812884,1.0,1.0,52,43,148,491,396,65011712,65011712,CPU,79721888523.0,0.0,0,0
79721888523,0,oracle_reserve_lru,admission,value_ranked_working_set,18728099840,2667577344,2815858769,1069547520,0,88080384,18816180224,0.9968107742604445,0.9786207171812884,1.0,1.0,52,43,-1,0,0,0,0,,0.0,0.0,1,8
79721888523,0,oracle_reserve_lru,reload,value_ranked_admission,18774237184,2713714688,2815858769,1027604480,0,0,18774237184,0.9945887890498698,0.9637254246823342,1.0,1.0,8,0,192,320,201,41943040,41943040,CPU,0.0,0.0,0,0
80045506318,0,oracle_reserve_lru,admission,value_ranked_working_set,18709225472,2648702976,2815858769,1027604480,0,90177536,18799403008,0.9959219801762147,0.9726626001817068,1.0,1.0,52,44,-1,0,0,0,0,,0.0,0.0,1,7
80045506318,0,oracle_reserve_lru,reload,value_ranked_admission,18786820096,2726297600,2815858769,962592768,0,0,18786820096,0.9952553846130423,0.9681940124320205,1.0,1.0,7,0,148,491,396,65011712,65011712,CPU,0.0,0.0,0,0
80098507573,0,oracle_reserve_lru,trigger,forecast_above_trigger,18786820096,2726297600,2815858769,962592768,0,98566144,18885386240,1.000477049857893,1.003197949804563,1.0,1.0,55,48,-1,0,0,0,0,,0.0,0.0,55,0
80098507573,0,oracle_reserve_lru,spill,proactive_target_headroom,18732294144,2671771648,2815858769,1017118720,0,96468992,18828763136,0.997477369823617,0.9830893049309747,1.0,1.0,55,47,149,409,403,54525952,54525952,CPU,80098507573.0,0.0,0,0
80656958706,0,oracle_reserve_lru,trigger,forecast_above_trigger,18843443200,2782920704,2815858769,1017118720,0,102760448,18946203648,1.0036989284132263,1.0247961239280463,1.0,1.0,58,50,-1,0,0,0,0,,0.0,0.0,58,0
80656958706,0,oracle_reserve_lru,spill,proactive_target_headroom,18763751424,2703228928,2815858769,1096810496,0,100663296,18864414720,0.9993660572526055,0.9957503035550858,1.0,1.0,58,49,129,605,400,79691776,79691776,CPU,80656958706.0,0.0,0,0
80755987224,0,oracle_reserve_lru,trigger,forecast_above_trigger,18860220416,2799697920,2815858769,1096810496,0,100663296,18960883712,1.0044766232369273,1.0300094763026804,1.0,1.0,59,50,-1,0,0,0,0,,0.0,0.0,59,0
80755987224,0,oracle_reserve_lru,spill,proactive_target_headroom,18828763136,2768240640,2815858769,1128267776,0,98566144,18927329280,1.0026990350684677,1.018093242303517,1.0,1.0,59,49,195,225,212,31457280,31457280,CPU,80755987224.0,0.0,0,0
80755987224,0,oracle_reserve_lru,spill,proactive_target_headroom,18719711232,2659188736,2815858769,1237319680,0,96468992,18816180224,0.9968107742604445,0.9786207171812884,1.0,1.0,59,48,197,818,212,109051904,109051904,CPU,80755987224.0,0.0,0,0
80755987224,0,oracle_reserve_lru,admission,value_ranked_working_set,18719711232,2659188736,2815858769,1237319680,0,96468992,18816180224,0.9968107742604445,0.9786207171812884,1.0,1.0,59,48,-1,0,0,0,0,,0.0,0.0,1,10
80882223743,0,oracle_reserve_lru,trigger,forecast_above_trigger,18858123264,2797600768,2815858769,1237319680,0,98566144,18956689408,1.00425442471587,1.0285199470527848,1.0,1.0,62,51,-1,0,0,0,0,,0.0,0.0,62,0
80882223743,0,oracle_reserve_lru,spill,proactive_target_headroom,18828763136,2768240640,2815858769,1266679808,0,96468992,18925232128,1.0025879358079388,1.0173484776785693,1.0,1.0,62,50,198,218,212,29360128,29360128,CPU,80882223743.0,0.0,0,0
80882223743,0,oracle_reserve_lru,spill,proactive_target_headroom,18797305856,2736783360,2815858769,1298137088,0,96468992,18893774848,1.0009214469000078,1.0061770083043535,1.0,1.0,62,49,199,226,211,31457280,31457280,CPU,80882223743.0,0.0,0,0
80882223743,0,oracle_reserve_lru,spill,proactive_target_headroom,18761654272,2701131776,2815858769,1333788672,0,94371840,18856026112,0.9989216602104906,0.9927712450552949,1.0,1.0,62,48,150,265,250,35651584,35651584,CPU,80882223743.0,0.0,0,0
81008063868,0,oracle_reserve_lru,trigger,forecast_above_trigger,18874900480,2814377984,2815858769,1333788672,0,100663296,18975563776,1.0052543180606286,1.0352228286773142,1.0,1.0,65,51,-1,0,0,0,0,,0.0,0.0,65,0
81008063868,0,oracle_reserve_lru,spill,proactive_target_headroom,18841346048,2780823552,2815858769,1367343104,0,98566144,18939912192,1.00336563063164,1.0225618300532031,1.0,1.0,65,50,153,256,248,33554432,33554432,CPU,81008063868.0,0.0,0,0
81008063868,0,oracle_reserve_lru,spill,proactive_target_headroom,18782625792,2722103296,2815858769,1426063360,0,96468992,18879094784,1.0001437520763066,1.0009636559297197,1.0,1.0,65,49,152,435,251,58720256,58720256,CPU,81008063868.0,0.0,0,0
81008063868,0,oracle_reserve_lru,spill,proactive_target_headroom,18746974208,2686451712,2815858769,1461714944,0,96468992,18843443200,0.9982550646473182,0.9883026573056086,1.0,1.0,65,48,155,258,249,35651584,35651584,CPU,81008063868.0,0.0,0,0
81008063868,0,oracle_reserve_lru,admission,value_ranked_working_set,18746974208,2686451712,2815858769,1461714944,0,96468992,18843443200,0.9982550646473182,0.9883026573056086,1.0,1.0,65,48,-1,0,0,0,0,,0.0,0.0,1,16
81008063868,0,oracle_reserve_lru,reload,value_ranked_admission,18858123264,2797600768,2815858769,1432354816,0,0,18858123264,0.9990327594710193,0.9935160096802426,1.0,1.0,16,0,198,218,212,29360128,29360128,CPU,0.0,0.0,0,0
81140490128,0,oracle_reserve_lru,trigger,forecast_above_trigger,18782625792,2722103296,2815858769,1432354816,0,102760448,18885386240,1.000477049857893,1.003197949804563,1.0,1.0,66,50,-1,0,0,0,0,,0.0,0.0,66,0
81140490128,0,oracle_reserve_lru,spill,proactive_target_headroom,18749071360,2688548864,2815858769,1465909248,0,100663296,18849734656,0.9985883624289044,0.9905369511804518,1.0,1.0,66,49,157,252,248,33554432,33554432,CPU,81140490128.0,0.0,0,0
81252933566,0,oracle_reserve_lru,trigger,forecast_above_trigger,18849734656,2789212160,2815858769,1465909248,0,104857600,18954592256,1.0041433254553411,1.0277751824278372,1.0,1.0,68,51,-1,0,0,0,0,,0.0,0.0,68,0
81252933566,0,oracle_reserve_lru,spill,proactive_target_headroom,18811985920,2751463424,2815858769,1503657984,0,102760448,18914746368,1.002032439505295,1.0136246545538308,1.0,1.0,68,50,158,273,248,37748736,37748736,CPU,81252933566.0,0.0,0,0
81252933566,0,oracle_reserve_lru,spill,proactive_target_headroom,18698739712,2638217216,2815858769,1616904192,0,100663296,18799403008,0.9959219801762147,0.9726626001817068,1.0,1.0,68,49,156,859,241,113246208,113246208,CPU,81252933566.0,0.0,0,0
81252933566,0,oracle_reserve_lru,admission,value_ranked_working_set,18698739712,2638217216,2815858769,1616904192,0,100663296,18799403008,0.9959219801762147,0.9726626001817068,1.0,1.0,68,49,-1,0,0,0,0,,0.0,0.0,2,17
81252933566,0,oracle_reserve_lru,reload,value_ranked_admission,18774237184,2713714688,2815858769,1545601024,0,0,18774237184,0.9945887890498698,0.9637254246823342,1.0,1.0,17,0,158,273,248,37748736,37748736,CPU,0.0,0.0,0,0
81252933566,0,oracle_reserve_lru,reload,value_ranked_admission,18774237184,2713714688,2815858769,1545601024,0,0,18774237184,0.9945887890498698,0.9637254246823342,1.0,1.0,17,0,157,252,248,33554432,33554432,CPU,0.0,0.0,0,0
81309155285,0,oracle_reserve_lru,trigger,forecast_above_trigger,18774237184,2713714688,2815858769,1545601024,0,104857600,18879094784,1.0001437520763066,1.0009636559297197,1.0,1.0,68,51,-1,0,0,0,0,,0.0,0.0,68,0
81309155285,0,oracle_reserve_lru,spill,proactive_target_headroom,18696642560,2636120064,2815858769,1623195648,0,102760448,18799403008,0.9959219801762147,0.9726626001817068,1.0,1.0,68,50,159,584,248,77594624,77594624,CPU,81309155285.0,0.0,0,0
81309155285,0,oracle_reserve_lru,admission,value_ranked_working_set,18696642560,2636120064,2815858769,1623195648,0,102760448,18799403008,0.9959219801762147,0.9726626001817068,1.0,1.0,68,50,-1,0,0,0,0,,0.0,0.0,2,16
81309155285,0,oracle_reserve_lru,reload,value_ranked_admission,18847637504,2787115008,2815858769,1553989632,0,0,18847637504,0.9984772631683756,0.989792186555504,1.0,1.0,16,0,153,256,248,33554432,33554432,CPU,0.0,0.0,0,0
81309155285,0,oracle_reserve_lru,reload,value_ranked_admission,18847637504,2787115008,2815858769,1553989632,0,0,18847637504,0.9984772631683756,0.989792186555504,1.0,1.0,16,0,155,258,249,35651584,35651584,CPU,0.0,0.0,0,0
81365303080,0,oracle_reserve_lru,trigger,forecast_above_trigger,18847637504,2787115008,2815858769,1553989632,0,106954752,18954592256,1.0041433254553411,1.0277751824278372,1.0,1.0,69,53,-1,0,0,0,0,,0.0,0.0,69,0
81365303080,0,oracle_reserve_lru,spill,proactive_target_headroom,18757459968,2696937472,2815858769,1644167168,0,104857600,18862317568,0.9992549579920768,0.995005538930138,1.0,1.0,69,52,119,683,388,90177536,90177536,CPU,81365303080.0,0.0,0,0
81573188562,0,oracle_reserve_lru,trigger,forecast_above_trigger,18828763136,2768240640,2815858769,1644167168,0,104857600,18933620736,1.0030323328500539,1.0203275361783601,1.0,1.0,69,52,-1,0,0,0,0,,0.0,0.0,69,0
81573188562,0,oracle_reserve_lru,spill,proactive_target_headroom,18793111552,2732589056,2815858769,1679818752,0,102760448,18895872000,1.0010325461605365,1.0069217729293014,1.0,1.0,69,51,164,257,247,35651584,35651584,CPU,81573188562.0,0.0,0,0
81573188562,0,oracle_reserve_lru,spill,proactive_target_headroom,18730196992,2669674496,2815858769,1742733312,0,102760448,18832957440,0.9976995683446744,0.9845788341808701,1.0,1.0,69,50,163,465,246,62914560,62914560,CPU,81573188562.0,0.0,0,0
81573188562,0,oracle_reserve_lru,admission,value_ranked_working_set,18730196992,2669674496,2815858769,1742733312,0,102760448,18832957440,0.9976995683446744,0.9845788341808701,1.0,1.0,69,50,-1,0,0,0,0,,0.0,0.0,1,18
81573188562,0,oracle_reserve_lru,reload,value_ranked_admission,18778431488,2717908992,2815858769,1707081728,0,0,18778431488,0.9948109875709273,0.9652149539322297,1.0,1.0,18,0,164,257,247,35651584,35651584,CPU,0.0,0.0,0,0
81627531644,0,oracle_reserve_lru,trigger,forecast_above_trigger,18778431488,2717908992,2815858769,1707081728,0,106954752,18885386240,1.000477049857893,1.003197949804563,1.0,1.0,70,52,-1,0,0,0,0,,0.0,0.0,70,0
81627531644,0,oracle_reserve_lru,spill,proactive_target_headroom,18742779904,2682257408,2815858769,1742733312,0,104857600,18847637504,0.9984772631683756,0.989792186555504,1.0,1.0,70,51,167,266,247,35651584,35651584,CPU,81627531644.0,0.0,0,0
81681874726,0,oracle_reserve_lru,admission,value_ranked_working_set,18709225472,2648702976,2815858769,1742733312,0,104857600,18814083072,0.9966996749999159,0.9778759525563407,1.0,1.0,69,50,-1,0,0,0,0,,0.0,0.0,1,18
81681874726,0,oracle_reserve_lru,reload,value_ranked_admission,18763751424,2703228928,2815858769,1707081728,0,0,18763751424,0.9940332927472262,0.9600016015575957,1.0,1.0,18,0,167,266,247,35651584,35651584,CPU,0.0,0.0,0,0
81789836122,0,oracle_reserve_lru,trigger,forecast_above_trigger,18864414720,2803892224,2815858769,1707081728,0,111149056,18975563776,1.0052543180606286,1.0352228286773142,1.0,1.0,73,55,-1,0,0,0,0,,0.0,0.0,73,0
81789836122,0,oracle_reserve_lru,spill,proactive_target_headroom,18774237184,2713714688,2815858769,1797259264,0,109051904,18883289088,1.000365950597364,1.002453185179615,1.0,1.0,73,54,166,683,247,90177536,90177536,CPU,81789836122.0,0.0,0,0
81789836122,0,oracle_reserve_lru,spill,proactive_target_headroom,18738585600,2678063104,2815858769,1832910848,0,106954752,18845540352,0.9983661639078468,0.9890474219305564,1.0,1.0,73,53,171,262,246,35651584,35651584,CPU,81789836122.0,0.0,0,0
82005758914,0,oracle_reserve_lru,admission,value_ranked_working_set,18694545408,2634022912,2815858769,1832910848,0,109051904,18803597312,0.9961441786972721,0.9741521294316022,1.0,1.0,73,53,-1,0,0,0,0,,0.0,0.0,2,18
82005758914,0,oracle_reserve_lru,reload,value_ranked_admission,18774237184,2713714688,2815858769,1765801984,0,0,18774237184,0.9945887890498698,0.9637254246823342,1.0,1.0,18,0,171,262,246,35651584,35651584,CPU,0.0,0.0,0,0
82005758914,0,oracle_reserve_lru,reload,value_ranked_admission,18774237184,2713714688,2815858769,1765801984,0,0,18774237184,0.9945887890498698,0.9637254246823342,1.0,1.0,18,0,199,226,211,31457280,31457280,CPU,0.0,0.0,0,0
82060090537,0,oracle_reserve_lru,trigger,forecast_above_trigger,18774237184,2713714688,2815858769,1765801984,0,106954752,18881191936,1.0002548513368354,1.0017084205546674,1.0,1.0,73,55,-1,0,0,0,0,,0.0,0.0,73,0
82060090537,0,oracle_reserve_lru,spill,proactive_target_headroom,18711322624,2650800128,2815858769,1828716544,0,104857600,18816180224,0.9968107742604445,0.9786207171812884,1.0,1.0,73,54,172,478,253,62914560,62914560,CPU,82060090537.0,0.0,0,0
82060090537,0,oracle_reserve_lru,admission,value_ranked_working_set,18711322624,2650800128,2815858769,1828716544,0,104857600,18816180224,0.9968107742604445,0.9786207171812884,1.0,1.0,73,54,-1,0,0,0,0,,0.0,0.0,1,18
82060090537,0,oracle_reserve_lru,reload,value_ranked_admission,18755362816,2694840320,2815858769,1793064960,0,0,18755362816,0.9935888957051112,0.9570225430578049,1.0,1.0,18,0,150,265,250,35651584,35651584,CPU,0.0,0.0,0,0
82219433482,0,oracle_reserve_lru,trigger,forecast_above_trigger,18780528640,2720006144,2815858769,1793064960,0,109051904,18889580544,1.0006992483789503,1.0046874790544582,1.0,1.0,74,56,-1,0,0,0,0,,0.0,0.0,74,0
82219433482,0,oracle_reserve_lru,spill,proactive_target_headroom,18707128320,2646605824,2815858769,1866465280,0,106954752,18814083072,0.9966996749999159,0.9778759525563407,1.0,1.0,74,55,91,557,545,73400320,73400320,CPU,82219433482.0,0.0,0,0
82219433482,0,oracle_reserve_lru,admission,value_ranked_working_set,18707128320,2646605824,2815858769,1866465280,0,106954752,18814083072,0.9966996749999159,0.9778759525563407,1.0,1.0,74,55,-1,0,0,0,0,,0.0,0.0,1,18
82219433482,0,oracle_reserve_lru,reload,value_ranked_admission,18803597312,2743074816,2815858769,1807745024,0,0,18803597312,0.9961441786972721,0.9741521294316022,1.0,1.0,18,0,152,435,251,58720256,58720256,CPU,0.0,0.0,0,0
82272451084,0,oracle_reserve_lru,trigger,forecast_above_trigger,18803597312,2743074816,2815858769,1807745024,0,111149056,18914746368,1.002032439505295,1.0136246545538308,1.0,1.0,75,57,-1,0,0,0,0,,0.0,0.0,75,0
82272451084,0,oracle_reserve_lru,spill,proactive_target_headroom,18732294144,2671771648,2815858769,1879048192,0,109051904,18841346048,0.9981439653867894,0.987557892680661,1.0,1.0,75,56,95,539,523,71303168,71303168,CPU,82272451084.0,0.0,0,0
82272451084,0,oracle_reserve_lru,admission,value_ranked_working_set,18732294144,2671771648,2815858769,1879048192,0,109051904,18841346048,0.9981439653867894,0.987557892680661,1.0,1.0,75,56,-1,0,0,0,0,,0.0,0.0,1,18
82272451084,0,oracle_reserve_lru,reload,value_ranked_admission,18767945728,2707423232,2815858769,1847590912,0,0,18767945728,0.9942554912682836,0.9614911308074912,1.0,1.0,18,0,195,225,212,31457280,31457280,CPU,0.0,0.0,0,0
82705024196,0,oracle_reserve_lru,trigger,forecast_above_trigger,18807791616,2747269120,2815858769,1847590912,0,111149056,18918940672,1.0022546380263526,1.015114183803726,1.0,1.0,75,57,-1,0,0,0,0,,0.0,0.0,75,0
82705024196,0,oracle_reserve_lru,spill,proactive_target_headroom,18772140032,2711617536,2815858769,1883242496,0,109051904,18881191936,1.0002548513368354,1.0017084205546674,1.0,1.0,75,56,176,267,256,35651584,35651584,CPU,82705024196.0,0.0,0,0
82705024196,0,oracle_reserve_lru,spill,proactive_target_headroom,18705031168,2644508672,2815858769,1950351360,0,106954752,18811985920,0.9965885757393871,0.977131187931393,1.0,1.0,75,55,178,508,255,67108864,67108864,CPU,82705024196.0,0.0,0,0
82705024196,0,oracle_reserve_lru,admission,value_ranked_working_set,18705031168,2644508672,2815858769,1950351360,0,106954752,18811985920,0.9965885757393871,0.977131187931393,1.0,1.0,75,55,-1,0,0,0,0,,0.0,0.0,1,19
82759218471,0,oracle_reserve_lru,admission,value_ranked_working_set,18715516928,2654994432,2815858769,1950351360,0,106954752,18822471680,0.9971440720420308,0.9808550110561316,1.0,1.0,75,55,-1,0,0,0,0,,0.0,0.0,1,19
82813412746,0,oracle_reserve_lru,admission,value_ranked_working_set,18688253952,2627731456,2815858769,1950351360,0,106954752,18795208704,0.9956997816551572,0.9711730709318114,1.0,1.0,74,54,-1,0,0,0,0,,0.0,0.0,1,19
82867607021,0,oracle_reserve_lru,trigger,forecast_above_trigger,18811985920,2751463424,2815858769,1950351360,0,109051904,18921037824,1.0023657372868815,1.0158589484286737,1.0,1.0,74,54,-1,0,0,0,0,,0.0,0.0,74,0
82867607021,0,oracle_reserve_lru,spill,proactive_target_headroom,18751168512,2690646016,2815858769,2011168768,0,106954752,18858123264,0.9990327594710193,0.9935160096802426,1.0,1.0,74,53,131,452,442,60817408,60817408,CPU,82867607021.0,0.0,0,0
83029978509,0,oracle_reserve_lru,trigger,forecast_above_trigger,18772140032,2711617536,2815858769,2011168768,0,104857600,18876997632,1.000032652815778,1.000218891304772,1.0,1.0,74,53,-1,0,0,0,0,,0.0,0.0,74,0
83029978509,0,oracle_reserve_lru,spill,proactive_target_headroom,18702934016,2642411520,2815858769,2080374784,0,102760448,18805694464,0.9962552779578009,0.9748968940565499,1.0,1.0,74,52,180,521,243,69206016,69206016,CPU,83029978509.0,0.0,0,0
83029978509,0,oracle_reserve_lru,admission,value_ranked_working_set,18702934016,2642411520,2815858769,2080374784,0,102760448,18805694464,0.9962552779578009,0.9748968940565499,1.0,1.0,74,52,-1,0,0,0,0,,0.0,0.0,1,21
83083961447,0,oracle_reserve_lru,admission,value_ranked_working_set,18709225472,2648702976,2815858769,2080374784,0,102760448,18811985920,0.9965885757393871,0.977131187931393,1.0,1.0,74,52,-1,0,0,0,0,,0.0,0.0,1,21
83137944385,0,oracle_reserve_lru,admission,value_ranked_working_set,18715516928,2654994432,2815858769,2080374784,0,102760448,18818277376,0.9969218735209733,0.9793654818062362,1.0,1.0,74,52,-1,0,0,0,0,,0.0,0.0,1,21
83350192233,0,oracle_reserve_lru,admission,value_ranked_working_set,18591784960,2531262464,2815858769,2080374784,0,102760448,18694545408,0.9903670171497778,0.9354243689343213,1.0,1.0,72,50,-1,0,0,0,0,,0.0,0.0,3,19
83416215301,0,oracle_reserve_lru,admission,value_ranked_working_set,18600173568,2539651072,2815858769,2080374784,0,102760448,18702934016,0.9908114141918928,0.9384034274341122,1.0,1.0,72,50,-1,0,0,0,0,,0.0,0.0,3,19
83470560623,0,oracle_reserve_lru,trigger,forecast_above_trigger,18843443200,2782920704,2815858769,2080374784,0,111149056,18954592256,1.0041433254553411,1.0277751824278372,1.0,1.0,77,55,-1,0,0,0,0,,0.0,0.0,77,0
83470560623,0,oracle_reserve_lru,spill,proactive_target_headroom,18795208704,2734686208,2815858769,2128609280,0,109051904,18904260608,1.0014769432026516,1.0099008314290923,1.0,1.0,77,54,183,354,255,48234496,48234496,CPU,83470560623.0,0.0,0,0
83470560623,0,oracle_reserve_lru,spill,proactive_target_headroom,18665185280,2604662784,2815858769,2258632704,0,106954752,18772140032,0.9944776897893411,0.9629806600573866,1.0,1.0,77,53,175,991,228,130023424,130023424,CPU,83470560623.0,0.0,0,0
83470560623,0,oracle_reserve_lru,admission,value_ranked_working_set,18665185280,2604662784,2815858769,2258632704,0,106954752,18772140032,0.9944776897893411,0.9629806600573866,1.0,1.0,77,53,-1,0,0,0,0,,0.0,0.0,2,22
83524903705,0,oracle_reserve_lru,trigger,forecast_above_trigger,18874900480,2814377984,2815858769,2258632704,0,113246208,18988146688,1.005920913623801,1.0396914164270006,1.0,1.0,81,57,-1,0,0,0,0,,0.0,0.0,81,0
83524903705,0,oracle_reserve_lru,spill,proactive_target_headroom,18837151744,2776629248,2815858769,2296381440,0,111149056,18948300800,1.003810027673755,1.025540888552994,1.0,1.0,81,56,185,286,255,37748736,37748736,CPU,83524903705.0,0.0,0,0
83524903705,0,oracle_reserve_lru,spill,proactive_target_headroom,18715516928,2654994432,2815858769,2418016256,0,109051904,18824568832,0.9972551713025595,0.9815997756810793,1.0,1.0,81,55,162,923,177,121634816,121634816,CPU,83524903705.0,0.0,0,0
83524903705,0,oracle_reserve_lru,admission,value_ranked_working_set,18715516928,2654994432,2815858769,2418016256,0,109051904,18824568832,0.9972551713025595,0.9815997756810793,1.0,1.0,81,55,-1,0,0,0,0,,0.0,0.0,1,25
83524903705,0,oracle_reserve_lru,reload,value_ranked_admission,18801500160,2740977664,2815858769,2380267520,0,0,18801500160,0.9960330794367434,0.9734073648066545,1.0,1.0,25,0,185,286,255,37748736,37748736,CPU,0.0,0.0,0,0
83579249027,0,oracle_reserve_lru,trigger,forecast_above_trigger,18801500160,2740977664,2815858769,2380267520,0,113246208,18914746368,1.002032439505295,1.0136246545538308,1.0,1.0,82,57,-1,0,0,0,0,,0.0,0.0,82,0
83579249027,0,oracle_reserve_lru,spill,proactive_target_headroom,18648408064,2587885568,2815858769,2533359616,0,113246208,18761654272,0.9939221934866974,0.9592568369326481,1.0,1.0,82,56,165,1155,168,153092096,153092096,CPU,83579249027.0,0.0,0,0
83579249027,0,oracle_reserve_lru,admission,value_ranked_working_set,18648408064,2587885568,2815858769,2533359616,0,113246208,18761654272,0.9939221934866974,0.9592568369326481,1.0,1.0,82,56,-1,0,0,0,0,,0.0,0.0,2,24
83579249027,0,oracle_reserve_lru,reload,value_ranked_admission,18765848576,2705326080,2815858769,2424307712,0,0,18765848576,0.9941443920077548,0.9607463661825434,1.0,1.0,24,0,183,354,255,48234496,48234496,CPU,0.0,0.0,0,0
83579249027,0,oracle_reserve_lru,reload,value_ranked_admission,18765848576,2705326080,2815858769,2424307712,0,0,18765848576,0.9941443920077548,0.9607463661825434,1.0,1.0,24,0,131,452,442,60817408,60817408,CPU,0.0,0.0,0,0
83633231965,0,oracle_reserve_lru,trigger,forecast_above_trigger,18765848576,2705326080,2815858769,2424307712,0,117440512,18883289088,1.000365950597364,1.002453185179615,1.0,1.0,82,58,-1,0,0,0,0,,0.0,0.0,82,0
83633231965,0,oracle_reserve_lru,spill,proactive_target_headroom,18614853632,2554331136,2815858769,2575302656,0,115343360,18730196992,0.9922557045787663,0.9480853675584324,1.0,1.0,82,57,161,1140,150,150994944,150994944,CPU,83633231965.0,0.0,0,0
83633231965,0,oracle_reserve_lru,admission,value_ranked_working_set,18614853632,2554331136,2815858769,2575302656,0,115343360,18730196992,0.9922557045787663,0.9480853675584324,1.0,1.0,82,57,-1,0,0,0,0,,0.0,0.0,1,24
83633231965,0,oracle_reserve_lru,reload,value_ranked_admission,18738585600,2678063104,2815858769,2453667840,0,0,18738585600,0.9927001016208813,0.9510644260582233,1.0,1.0,24,0,162,923,177,121634816,121634816,CPU,0.0,0.0,0,0
84129375766,0,oracle_reserve_lru,trigger,forecast_above_trigger,18761654272,2701131776,2815858769,2453667840,0,119537664,18881191936,1.0002548513368354,1.0017084205546674,1.0,1.0,83,59,-1,0,0,0,0,,0.0,0.0,83,0
84129375766,0,oracle_reserve_lru,spill,proactive_target_headroom,18675671040,2615148544,2815858769,2539651072,0,117440512,18793111552,0.9955886823946285,0.9704283063068636,1.0,1.0,83,58,138,651,451,85983232,85983232,CPU,84129375766.0,0.0,0,0
84129375766,0,oracle_reserve_lru,admission,value_ranked_working_set,18675671040,2615148544,2815858769,2539651072,0,117440512,18793111552,0.9955886823946285,0.9704283063068636,1.0,1.0,83,58,-1,0,0,0,0,,0.0,0.0,1,24
84275246193,0,oracle_reserve_lru,trigger,forecast_above_trigger,18845540352,2785017856,2815858769,2539651072,0,121634816,18967175168,1.0048099210185135,1.0322437701775233,1.0,1.0,86,61,-1,0,0,0,0,,0.0,0.0,86,0
84275246193,0,oracle_reserve_lru,spill,proactive_target_headroom,18767945728,2707423232,2815858769,2617245696,0,119537664,18887483392,1.0005881491184216,1.0039427144295106,1.0,1.0,86,60,200,591,62,77594624,77594624,CPU,84275246193.0,0.0,0,0
84275246193,0,oracle_reserve_lru,spill,proactive_target_headroom,18665185280,2604662784,2815858769,2720006144,0,117440512,18782625792,0.9950331860919848,0.9667044831821251,1.0,1.0,86,59,201,780,57,102760448,102760448,CPU,84275246193.0,0.0,0,0
84275246193,0,oracle_reserve_lru,admission,value_ranked_working_set,18665185280,2604662784,2815858769,2720006144,0,117440512,18782625792,0.9950331860919848,0.9667044831821251,1.0,1.0,86,59,-1,0,0,0,0,,0.0,0.0,1,26
84275246193,0,oracle_reserve_lru,reload,value_ranked_admission,18746974208,2686451712,2815858769,2642411520,0,0,18746974208,0.9931444986629963,0.954043484558014,1.0,1.0,26,0,200,591,62,77594624,77594624,CPU,0.0,0.0,0,0
84331470152,0,oracle_reserve_lru,admission,value_ranked_working_set,18707128320,2646605824,2815858769,2642411520,0,119537664,18826665984,0.9973662705630882,0.982344540306027,1.0,1.0,85,59,-1,0,0,0,0,,0.0,0.0,1,25
84331470152,0,oracle_reserve_lru,reload,value_ranked_admission,18757459968,2696937472,2815858769,2606759936,0,0,18757459968,0.99369999496564,0.9577673076827526,1.0,1.0,25,0,176,267,256,35651584,35651584,CPU,0.0,0.0,0,0
85173154326,0,oracle_reserve_lru,trigger,forecast_above_trigger,18761654272,2701131776,2815858769,2606759936,0,123731968,18885386240,1.000477049857893,1.003197949804563,1.0,1.0,84,59,-1,0,0,0,0,,0.0,0.0,84,0
85173154326,0,oracle_reserve_lru,spill,proactive_target_headroom,18715516928,2654994432,2815858769,2652897280,0,121634816,18837151744,0.997921766865732,0.9860683634307655,1.0,1.0,84,58,193,340,268,46137344,46137344,CPU,85173154326.0,0.0,0,0
85577986587,0,oracle_reserve_lru,admission,value_ranked_working_set,18709225472,2648702976,2815858769,2652897280,0,115343360,18824568832,0.9972551713025595,0.9815997756810793,1.0,1.0,82,56,-1,0,0,0,0,,0.0,0.0,1,25
85577986587,0,oracle_reserve_lru,reload,value_ranked_admission,18767945728,2707423232,2815858769,2606759936,0,0,18767945728,0.9942554912682836,0.9614911308074912,1.0,1.0,25,0,193,340,268,46137344,46137344,CPU,0.0,0.0,0,0
85727767485,0,oracle_reserve_lru,trigger,forecast_above_trigger,18767945728,2707423232,2815858769,2606759936,0,117440512,18885386240,1.000477049857893,1.003197949804563,1.0,1.0,82,57,-1,0,0,0,0,,0.0,0.0,82,0
85727767485,0,oracle_reserve_lru,spill,proactive_target_headroom,18723905536,2663383040,2815858769,2650800128,0,115343360,18839248896,0.9980328661262606,0.9868131280557132,1.0,1.0,82,56,190,327,265,44040192,44040192,CPU,85727767485.0,0.0,0,0
85958123572,0,oracle_reserve_lru,admission,value_ranked_working_set,18579202048,2518679552,2815858769,2650800128,0,115343360,18694545408,0.9903670171497778,0.9354243689343213,1.0,1.0,81,55,-1,0,0,0,0,,0.0,0.0,2,24
85958123572,0,oracle_reserve_lru,reload,value_ranked_admission,18730196992,2669674496,2815858769,2503999488,0,0,18730196992,0.9922557045787663,0.9480853675584324,1.0,1.0,24,0,190,327,265,44040192,44040192,CPU,0.0,0.0,0,0
85958123572,0,oracle_reserve_lru,reload,value_ranked_admission,18730196992,2669674496,2815858769,2503999488,0,0,18730196992,0.9922557045787663,0.9480853675584324,1.0,1.0,24,0,201,780,57,102760448,102760448,CPU,0.0,0.0,0,0
86281062397,0,oracle_reserve_lru,trigger,forecast_above_trigger,18761654272,2701131776,2815858769,2503999488,0,117440512,18879094784,1.0001437520763066,1.0009636559297197,1.0,1.0,81,57,-1,0,0,0,0,,0.0,0.0,81,0
86281062397,0,oracle_reserve_lru,spill,proactive_target_headroom,18709225472,2648702976,2815858769,2556428288,0,115343360,18824568832,0.9972551713025595,0.9815997756810793,1.0,1.0,81,56,192,400,281,52428800,52428800,CPU,86281062397.0,0.0,0,0
86841833005,0,oracle_reserve_lru,trigger,forecast_above_trigger,18761654272,2701131776,2815858769,2556428288,0,115343360,18876997632,1.000032652815778,1.000218891304772,1.0,1.0,81,56,-1,0,0,0,0,,0.0,0.0,81,0
86841833005,0,oracle_reserve_lru,spill,proactive_target_headroom,18746974208,2686451712,2815858769,2571108352,0,113246208,18860220416,0.999143858731548,0.9942607743051903,1.0,1.0,81,55,202,109,86,14680064,14680064,CPU,86841833005.0,0.0,0,0
87010674462,0,oracle_reserve_lru,trigger,forecast_above_trigger,18763751424,2703228928,2815858769,2571108352,0,113246208,18876997632,1.000032652815778,1.000218891304772,1.0,1.0,81,55,-1,0,0,0,0,,0.0,0.0,81,0
87010674462,0,oracle_reserve_lru,spill,proactive_target_headroom,18751168512,2690646016,2815858769,2583691264,0,111149056,18862317568,0.9992549579920768,0.995005538930138,1.0,1.0,81,54,203,94,86,12582912,12582912,CPU,87010674462.0,0.0,0,0
87122774617,0,oracle_reserve_lru,trigger,forecast_above_trigger,18765848576,2705326080,2815858769,2583691264,0,111149056,18876997632,1.000032652815778,1.000218891304772,1.0,1.0,81,54,-1,0,0,0,0,,0.0,0.0,81,0
87122774617,0,oracle_reserve_lru,spill,proactive_target_headroom,18751168512,2690646016,2815858769,2598371328,0,109051904,18860220416,0.999143858731548,0.9942607743051903,1.0,1.0,81,53,204,101,86,14680064,14680064,CPU,87122774617.0,0.0,0,0
87122774617,0,oracle_reserve_lru,admission,value_ranked_working_set,18751168512,2690646016,2815858769,2598371328,0,109051904,18860220416,0.999143858731548,0.9942607743051903,1.0,1.0,81,53,-1,0,0,0,0,,0.0,0.0,1,27
87122774617,0,oracle_reserve_lru,reload,value_ranked_admission,18767945728,2707423232,2815858769,2585788416,0,0,18767945728,0.9942554912682836,0.9614911308074912,1.0,1.0,27,0,203,94,86,12582912,12582912,CPU,0.0,0.0,0,0
87178726977,0,oracle_reserve_lru,admission,value_ranked_working_set,18702934016,2642411520,2815858769,2585788416,0,111149056,18814083072,0.9966996749999159,0.9778759525563407,1.0,1.0,80,53,-1,0,0,0,0,,0.0,0.0,2,25
87178726977,0,oracle_reserve_lru,reload,value_ranked_admission,18738585600,2678063104,2815858769,2556428288,0,0,18738585600,0.9927001016208813,0.9510644260582233,1.0,1.0,25,0,204,101,86,14680064,14680064,CPU,0.0,0.0,0,0
87178726977,0,oracle_reserve_lru,reload,value_ranked_admission,18738585600,2678063104,2815858769,2556428288,0,0,18738585600,0.9927001016208813,0.9510644260582233,1.0,1.0,25,0,202,109,86,14680064,14680064,CPU,0.0,0.0,0,0
87395950498,0,oracle_reserve_lru,trigger,forecast_above_trigger,18767945728,2707423232,2815858769,2556428288,0,111149056,18879094784,1.0001437520763066,1.0009636559297197,1.0,1.0,80,55,-1,0,0,0,0,,0.0,0.0,80,0
87395950498,0,oracle_reserve_lru,spill,proactive_target_headroom,18753265664,2692743168,2815858769,2571108352,0,109051904,18862317568,0.9992549579920768,0.995005538930138,1.0,1.0,80,54,205,112,91,14680064,14680064,CPU,87395950498.0,0.0,0,0
87558254976,0,oracle_reserve_lru,admission,value_ranked_working_set,18702934016,2642411520,2815858769,2571108352,0,109051904,18811985920,0.9965885757393871,0.977131187931393,1.0,1.0,79,53,-1,0,0,0,0,,0.0,0.0,1,25
87558254976,0,oracle_reserve_lru,reload,value_ranked_admission,18730196992,2669674496,2815858769,2556428288,0,0,18730196992,0.9922557045787663,0.9480853675584324,1.0,1.0,25,0,205,112,91,14680064,14680064,CPU,0.0,0.0,0,0
88109231402,0,oracle_reserve_lru,trigger,forecast_above_trigger,18765848576,2705326080,2815858769,2556428288,0,111149056,18876997632,1.000032652815778,1.000218891304772,1.0,1.0,79,54,-1,0,0,0,0,,0.0,0.0,79,0
88109231402,0,oracle_reserve_lru,spill,proactive_target_headroom,18749071360,2688548864,2815858769,2573205504,0,109051904,18858123264,0.9990327594710193,0.9935160096802426,1.0,1.0,79,53,206,123,100,16777216,16777216,CPU,88109231402.0,0.0,0,0
88162249004,0,oracle_reserve_lru,admission,value_ranked_working_set,18692448256,2631925760,2815858769,2573205504,0,109051904,18801500160,0.9960330794367434,0.9734073648066545,1.0,1.0,78,52,-1,0,0,0,0,,0.0,0.0,2,24
88162249004,0,oracle_reserve_lru,reload,value_ranked_admission,18767945728,2707423232,2815858769,2503999488,0,0,18767945728,0.9942554912682836,0.9614911308074912,1.0,1.0,24,0,206,123,100,16777216,16777216,CPU,0.0,0.0,0,0
88162249004,0,oracle_reserve_lru,reload,value_ranked_admission,18767945728,2707423232,2815858769,2503999488,0,0,18767945728,0.9942554912682836,0.9614911308074912,1.0,1.0,24,0,192,400,281,52428800,52428800,CPU,0.0,0.0,0,0
88215266606,0,oracle_reserve_lru,trigger,forecast_above_trigger,18767945728,2707423232,2815858769,2503999488,0,113246208,18881191936,1.0002548513368354,1.0017084205546674,1.0,1.0,78,54,-1,0,0,0,0,,0.0,0.0,78,0
88215266606,0,oracle_reserve_lru,spill,proactive_target_headroom,18688253952,2627731456,2815858769,2583691264,0,111149056,18799403008,0.9959219801762147,0.9726626001817068,1.0,1.0,78,53,148,593,498,79691776,79691776,CPU,88215266606.0,0.0,0,0
88215266606,0,oracle_reserve_lru,admission,value_ranked_working_set,18688253952,2627731456,2815858769,2583691264,0,111149056,18799403008,0.9959219801762147,0.9726626001817068,1.0,1.0,78,53,-1,0,0,0,0,,0.0,0.0,1,24
88215266606,0,oracle_reserve_lru,reload,value_ranked_admission,18761654272,2701131776,2815858769,2514485248,0,0,18761654272,0.9939221934866974,0.9592568369326481,1.0,1.0,24,0,180,521,243,69206016,69206016,CPU,0.0,0.0,0,0
88321301810,0,oracle_reserve_lru,trigger,forecast_above_trigger,18767945728,2707423232,2815858769,2514485248,0,113246208,18881191936,1.0002548513368354,1.0017084205546674,1.0,1.0,78,54,-1,0,0,0,0,,0.0,0.0,78,0
88321301810,0,oracle_reserve_lru,spill,proactive_target_headroom,18751168512,2690646016,2815858769,2531262464,0,111149056,18862317568,0.9992549579920768,0.995005538930138,1.0,1.0,78,53,207,114,100,16777216,16777216,CPU,88321301810.0,0.0,0,0
88480358200,0,oracle_reserve_lru,trigger,forecast_above_trigger,18776334336,2715811840,2815858769,2531262464,0,111149056,18887483392,1.0005881491184216,1.0039427144295106,1.0,1.0,78,53,-1,0,0,0,0,,0.0,0.0,78,0
88480358200,0,oracle_reserve_lru,spill,proactive_target_headroom,18759557120,2699034624,2815858769,2548039680,0,109051904,18868609024,0.999588255773663,0.9972398328049812,1.0,1.0,78,52,208,113,103,16777216,16777216,CPU,88480358200.0,0.0,0,0
88858826634,0,oracle_reserve_lru,trigger,forecast_above_trigger,18770042880,2709520384,2815858769,2548039680,0,109051904,18879094784,1.0001437520763066,1.0009636559297197,1.0,1.0,78,52,-1,0,0,0,0,,0.0,0.0,78,0
88858826634,0,oracle_reserve_lru,spill,proactive_target_headroom,18669379584,2608857088,2815858769,2648702976,0,106954752,18776334336,0.9946998883103986,0.964470189307282,1.0,1.0,78,51,209,756,105,100663296,100663296,CPU,88858826634.0,0.0,0,0
88858826634,0,oracle_reserve_lru,admission,value_ranked_working_set,18669379584,2608857088,2815858769,2648702976,0,106954752,18776334336,0.9946998883103986,0.964470189307282,1.0,1.0,78,51,-1,0,0,0,0,,0.0,0.0,3,24
88858826634,0,oracle_reserve_lru,reload,value_ranked_admission,18761654272,2701131776,2815858769,2560622592,0,0,18761654272,0.9939221934866974,0.9592568369326481,1.0,1.0,24,0,208,113,103,16777216,16777216,CPU,0.0,0.0,0,0
88858826634,0,oracle_reserve_lru,reload,value_ranked_admission,18761654272,2701131776,2815858769,2560622592,0,0,18761654272,0.9939221934866974,0.9592568369326481,1.0,1.0,24,0,207,114,100,16777216,16777216,CPU,0.0,0.0,0,0
88858826634,0,oracle_reserve_lru,reload,value_ranked_admission,18761654272,2701131776,2815858769,2560622592,0,0,18761654272,0.9939221934866974,0.9592568369326481,1.0,1.0,24,0,149,409,403,54525952,54525952,CPU,0.0,0.0,0,0
89204299981,0,oracle_reserve_lru,trigger,forecast_above_trigger,18774237184,2713714688,2815858769,2560622592,0,111149056,18885386240,1.000477049857893,1.003197949804563,1.0,1.0,78,54,-1,0,0,0,0,,0.0,0.0,78,0
89204299981,0,oracle_reserve_lru,spill,proactive_target_headroom,18675671040,2615148544,2815858769,2659188736,0,109051904,18784722944,0.9951442853525135,0.9674492478070729,1.0,1.0,78,53,210,745,106,98566144,98566144,CPU,89204299981.0,0.0,0,0
89204299981,0,oracle_reserve_lru,admission,value_ranked_working_set,18675671040,2615148544,2815858769,2659188736,0,109051904,18784722944,0.9951442853525135,0.9674492478070729,1.0,1.0,78,53,-1,0,0,0,0,,0.0,0.0,1,24
89204299981,0,oracle_reserve_lru,reload,value_ranked_admission,18765848576,2705326080,2815858769,2579496960,0,0,18765848576,0.9941443920077548,0.9607463661825434,1.0,1.0,24,0,148,593,498,79691776,79691776,CPU,0.0,0.0,0,0
89316919719,0,oracle_reserve_lru,trigger,forecast_above_trigger,18774237184,2713714688,2815858769,2579496960,0,109051904,18883289088,1.000365950597364,1.002453185179615,1.0,1.0,78,54,-1,0,0,0,0,,0.0,0.0,78,0
89316919719,0,oracle_reserve_lru,spill,proactive_target_headroom,18726002688,2665480192,2815858769,2627731456,0,106954752,18832957440,0.9976995683446744,0.9845788341808701,1.0,1.0,78,53,212,354,107,48234496,48234496,CPU,89316919719.0,0.0,0,0
89373229588,0,oracle_reserve_lru,admission,value_ranked_working_set,18681962496,2621440000,2815858769,2627731456,0,106954752,18788917248,0.995366483873571,0.9689387770569682,1.0,1.0,77,52,-1,0,0,0,0,,0.0,0.0,1,24
89373229588,0,oracle_reserve_lru,reload,value_ranked_admission,18744877056,2684354560,2815858769,2579496960,0,0,18744877056,0.9930333994024675,0.9532987199330664,1.0,1.0,24,0,212,354,107,48234496,48234496,CPU,0.0,0.0,0,0
89709603977,0,oracle_reserve_lru,trigger,forecast_above_trigger,18770042880,2709520384,2815858769,2579496960,0,106954752,18876997632,1.000032652815778,1.000218891304772,1.0,1.0,77,53,-1,0,0,0,0,,0.0,0.0,77,0
89709603977,0,oracle_reserve_lru,spill,proactive_target_headroom,18749071360,2688548864,2815858769,2600468480,0,104857600,18853928960,0.9988105609499618,0.9920264804303471,1.0,1.0,77,52,215,160,113,20971520,20971520,CPU,89709603977.0,0.0,0,0
89874095934,0,oracle_reserve_lru,admission,value_ranked_working_set,18696642560,2636120064,2815858769,2600468480,0,104857600,18801500160,0.9960330794367434,0.9734073648066545,1.0,1.0,76,51,-1,0,0,0,0,,0.0,0.0,1,24
89874095934,0,oracle_reserve_lru,reload,value_ranked_admission,18726002688,2665480192,2815858769,2579496960,0,0,18726002688,0.9920335060577089,0.946595838308537,1.0,1.0,24,0,215,160,113,20971520,20971520,CPU,0.0,0.0,0,0
90728142798,0,oracle_reserve_lru,trigger,forecast_above_trigger,18782625792,2722103296,2815858769,2579496960,0,98566144,18881191936,1.0002548513368354,1.0017084205546674,1.0,1.0,76,52,-1,0,0,0,0,,0.0,0.0,76,0
90728142798,0,oracle_reserve_lru,spill,proactive_target_headroom,18675671040,2615148544,2815858769,2686451712,0,96468992,18772140032,0.9944776897893411,0.9629806600573866,1.0,1.0,76,51,216,804,123,106954752,106954752,CPU,90728142798.0,0.0,0,0
90728142798,0,oracle_reserve_lru,admission,value_ranked_working_set,18675671040,2615148544,2815858769,2686451712,0,96468992,18772140032,0.9944776897893411,0.9629806600573866,1.0,1.0,76,51,-1,0,0,0,0,,0.0,0.0,1,24
90728142798,0,oracle_reserve_lru,reload,value_ranked_admission,18776334336,2715811840,2815858769,2587885568,0,0,18776334336,0.9946998883103986,0.964470189307282,1.0,1.0,24,0,210,745,106,98566144,98566144,CPU,0.0,0.0,0,0
91026947006,0,oracle_reserve_lru,admission,value_ranked_working_set,18696642560,2636120064,2815858769,2587885568,0,98566144,18795208704,0.9956997816551572,0.9711730709318114,1.0,1.0,74,50,-1,0,0,0,0,,0.0,0.0,1,23
91026947006,0,oracle_reserve_lru,reload,value_ranked_admission,18767945728,2707423232,2815858769,2520776704,0,0,18767945728,0.9942554912682836,0.9614911308074912,1.0,1.0,23,0,178,508,255,67108864,67108864,CPU,0.0,0.0,0,0
91590561789,0,oracle_reserve_lru,admission,value_ranked_working_set,18707128320,2646605824,2815858769,2520776704,0,98566144,18805694464,0.9962552779578009,0.9748968940565499,1.0,1.0,72,49,-1,0,0,0,0,,0.0,0.0,1,22
91590561789,0,oracle_reserve_lru,reload,value_ranked_admission,18784722944,2724200448,2815858769,2457862144,0,0,18784722944,0.9951442853525135,0.9674492478070729,1.0,1.0,22,0,172,478,253,62914560,62914560,CPU,0.0,0.0,0,0
92923996370,0,oracle_reserve_lru,trigger,forecast_above_trigger,18786820096,2726297600,2815858769,2457862144,0,96468992,18883289088,1.000365950597364,1.002453185179615,1.0,1.0,69,47,-1,0,0,0,0,,0.0,0.0,69,0
92923996370,0,oracle_reserve_lru,spill,proactive_target_headroom,18763751424,2703228928,2815858769,2480930816,0,94371840,18858123264,0.9990327594710193,0.9935160096802426,1.0,1.0,69,46,217,171,151,23068672,23068672,CPU,92923996370.0,0.0,0,0
93094546889,0,oracle_reserve_lru,trigger,forecast_above_trigger,18788917248,2728394752,2815858769,2480930816,0,92274688,18881191936,1.0002548513368354,1.0017084205546674,1.0,1.0,69,46,-1,0,0,0,0,,0.0,0.0,69,0
93094546889,0,oracle_reserve_lru,spill,proactive_target_headroom,18751168512,2690646016,2815858769,2518679552,0,90177536,18841346048,0.9981439653867894,0.987557892680661,1.0,1.0,69,45,218,287,154,37748736,37748736,CPU,93094546889.0,0.0,0,0
93094546889,0,oracle_reserve_lru,admission,value_ranked_working_set,18751168512,2690646016,2815858769,2518679552,0,90177536,18841346048,0.9981439653867894,0.987557892680661,1.0,1.0,69,45,-1,0,0,0,0,,0.0,0.0,1,23
93094546889,0,oracle_reserve_lru,reload,value_ranked_admission,18776334336,2715811840,2815858769,2495610880,0,0,18776334336,0.9946998883103986,0.964470189307282,1.0,1.0,23,0,217,171,151,23068672,23068672,CPU,0.0,0.0,0,0
93202338129,0,oracle_reserve_lru,trigger,forecast_above_trigger,18784722944,2724200448,2815858769,2495610880,0,92274688,18876997632,1.000032652815778,1.000218891304772,1.0,1.0,69,46,-1,0,0,0,0,,0.0,0.0,69,0
93202338129,0,oracle_reserve_lru,spill,proactive_target_headroom,18761654272,2701131776,2815858769,2518679552,0,90177536,18851831808,0.9986994616894331,0.9912817158053995,1.0,1.0,69,45,220,165,155,23068672,23068672,CPU,93202338129.0,0.0,0,0
93477253898,0,oracle_reserve_lru,admission,value_ranked_working_set,18684059648,2623537152,2815858769,2518679552,0,90177536,18774237184,0.9945887890498698,0.9637254246823342,1.0,1.0,68,44,-1,0,0,0,0,,0.0,0.0,2,22
93477253898,0,oracle_reserve_lru,reload,value_ranked_admission,18755362816,2694840320,2815858769,2457862144,0,0,18755362816,0.9935888957051112,0.9570225430578049,1.0,1.0,22,0,220,165,155,23068672,23068672,CPU,0.0,0.0,0,0
93477253898,0,oracle_reserve_lru,reload,value_ranked_admission,18755362816,2694840320,2815858769,2457862144,0,0,18755362816,0.9935888957051112,0.9570225430578049,1.0,1.0,22,0,218,287,154,37748736,37748736,CPU,0.0,0.0,0,0
93552288103,0,oracle_reserve_lru,admission,value_ranked_working_set,18707128320,2646605824,2815858769,2457862144,0,90177536,18797305856,0.9958108809156859,0.971917835556759,1.0,1.0,67,45,-1,0,0,0,0,,0.0,0.0,1,21
93552288103,0,oracle_reserve_lru,reload,value_ranked_admission,18778431488,2717908992,2815858769,2386558976,0,0,18778431488,0.9948109875709273,0.9652149539322297,1.0,1.0,21,0,95,539,523,71303168,71303168,CPU,0.0,0.0,0,0
94120648356,0,oracle_reserve_lru,admission,value_ranked_working_set,18717614080,2657091584,2815858769,2386558976,0,88080384,18805694464,0.9962552779578009,0.9748968940565499,1.0,1.0,64,43,-1,0,0,0,0,,0.0,0.0,1,20
94120648356,0,oracle_reserve_lru,reload,value_ranked_admission,18791014400,2730491904,2815858769,2323644416,0,0,18791014400,0.9954775831340997,0.969683541681916,1.0,1.0,20,0,163,465,246,62914560,62914560,CPU,0.0,0.0,0,0
94527680516,0,oracle_reserve_lru,admission,value_ranked_working_set,18677768192,2617245696,2815858769,2323644416,0,83886080,18761654272,0.9939221934866974,0.9592568369326481,1.0,1.0,61,41,-1,0,0,0,0,,0.0,0.0,1,19
94527680516,0,oracle_reserve_lru,reload,value_ranked_admission,18786820096,2726297600,2815858769,2216689664,0,0,18786820096,0.9952553846130423,0.9681940124320205,1.0,1.0,19,0,216,804,123,106954752,106954752,CPU,0.0,0.0,0,0
94633127884,0,oracle_reserve_lru,trigger,forecast_above_trigger,18795208704,2734686208,2815858769,2216689664,0,85983232,18881191936,1.0002548513368354,1.0017084205546674,1.0,1.0,61,42,-1,0,0,0,0,,0.0,0.0,61,0
94633127884,0,oracle_reserve_lru,spill,proactive_target_headroom,18734391296,2673868800,2815858769,2277507072,0,83886080,18818277376,0.9969218735209733,0.9793654818062362,1.0,1.0,61,41,158,458,433,60817408,60817408,CPU,94633127884.0,0.0,0,0
94879746825,0,oracle_reserve_lru,admission,value_ranked_working_set,18694545408,2634022912,2815858769,2277507072,0,83886080,18778431488,0.9948109875709273,0.9652149539322297,1.0,1.0,60,40,-1,0,0,0,0,,0.0,0.0,1,19
94879746825,0,oracle_reserve_lru,reload,value_ranked_admission,18765848576,2705326080,2815858769,2216689664,0,0,18765848576,0.9941443920077548,0.9607463661825434,1.0,1.0,19,0,158,458,433,60817408,60817408,CPU,0.0,0.0,0,0
95141576759,0,oracle_reserve_lru,admission,value_ranked_working_set,18702934016,2642411520,2815858769,2216689664,0,83886080,18786820096,0.9952553846130423,0.9681940124320205,1.0,1.0,59,40,-1,0,0,0,0,,0.0,0.0,1,18
95141576759,0,oracle_reserve_lru,reload,value_ranked_admission,18793111552,2732589056,2815858769,2130706432,0,0,18793111552,0.9955886823946285,0.9704283063068636,1.0,1.0,18,0,138,651,451,85983232,85983232,CPU,0.0,0.0,0,0
95178812541,0,oracle_reserve_lru,trigger,forecast_above_trigger,18793111552,2732589056,2815858769,2130706432,0,83886080,18876997632,1.000032652815778,1.000218891304772,1.0,1.0,59,41,-1,0,0,0,0,,0.0,0.0,59,0
95178812541,0,oracle_reserve_lru,spill,proactive_target_headroom,18690351104,2629828608,2815858769,2233466880,0,81788928,18772140032,0.9944776897893411,0.9629806600573866,1.0,1.0,59,40,222,774,196,102760448,102760448,CPU,95178812541.0,0.0,0,0
95178812541,0,oracle_reserve_lru,admission,value_ranked_working_set,18690351104,2629828608,2815858769,2233466880,0,81788928,18772140032,0.9944776897893411,0.9629806600573866,1.0,1.0,59,40,-1,0,0,0,0,,0.0,0.0,1,18
95178812541,0,oracle_reserve_lru,reload,value_ranked_admission,18791014400,2730491904,2815858769,2132803584,0,0,18791014400,0.9954775831340997,0.969683541681916,1.0,1.0,18,0,209,756,105,100663296,100663296,CPU,0.0,0.0,0,0
95271706241,0,oracle_reserve_lru,trigger,forecast_above_trigger,18801500160,2740977664,2815858769,2132803584,0,83886080,18885386240,1.000477049857893,1.003197949804563,1.0,1.0,59,41,-1,0,0,0,0,,0.0,0.0,59,0
95271706241,0,oracle_reserve_lru,spill,proactive_target_headroom,18688253952,2627731456,2815858769,2246049792,0,81788928,18770042880,0.9943665905288124,0.9622358954324388,1.0,1.0,59,40,223,849,196,113246208,113246208,CPU,95271706241.0,0.0,0,0
95271706241,0,oracle_reserve_lru,admission,value_ranked_working_set,18688253952,2627731456,2815858769,2246049792,0,81788928,18770042880,0.9943665905288124,0.9622358954324388,1.0,1.0,59,40,-1,0,0,0,0,,0.0,0.0,1,18
95271706241,0,oracle_reserve_lru,reload,value_ranked_admission,18793111552,2732589056,2815858769,2143289344,0,0,18793111552,0.9955886823946285,0.9704283063068636,1.0,1.0,18,0,222,774,196,102760448,102760448,CPU,0.0,0.0,0,0
95307487723,0,oracle_reserve_lru,trigger,forecast_above_trigger,18793111552,2732589056,2815858769,2143289344,0,83886080,18876997632,1.000032652815778,1.000218891304772,1.0,1.0,59,41,-1,0,0,0,0,,0.0,0.0,59,0
95307487723,0,oracle_reserve_lru,spill,proactive_target_headroom,18763751424,2703228928,2815858769,2172649472,0,81788928,18845540352,0.9983661639078468,0.9890474219305564,1.0,1.0,59,40,224,220,196,29360128,29360128,CPU,95307487723.0,0.0,0,0
95424035525,0,oracle_reserve_lru,admission,value_ranked_working_set,18707128320,2646605824,2815858769,2172649472,0,81788928,18788917248,0.995366483873571,0.9689387770569682,1.0,1.0,58,39,-1,0,0,0,0,,0.0,0.0,1,18
95424035525,0,oracle_reserve_lru,reload,value_ranked_admission,18740682752,2680160256,2815858769,2143289344,0,0,18740682752,0.9928112008814101,0.9518091906831709,1.0,1.0,18,0,224,220,196,29360128,29360128,CPU,0.0,0.0,0,0
95939665624,0,oracle_reserve_lru,trigger,forecast_above_trigger,18801500160,2740977664,2815858769,2143289344,0,81788928,18883289088,1.000365950597364,1.002453185179615,1.0,1.0,58,40,-1,0,0,0,0,,0.0,0.0,58,0
95939665624,0,oracle_reserve_lru,spill,proactive_target_headroom,18765848576,2705326080,2815858769,2178940928,0,79691776,18845540352,0.9983661639078468,0.9890474219305564,1.0,1.0,58,39,225,265,209,35651584,35651584,CPU,95939665624.0,0.0,0,0
96160087481,0,oracle_reserve_lru,trigger,forecast_above_trigger,18797305856,2736783360,2815858769,2178940928,0,79691776,18876997632,1.000032652815778,1.000218891304772,1.0,1.0,58,39,-1,0,0,0,0,,0.0,0.0,58,0
96160087481,0,oracle_reserve_lru,spill,proactive_target_headroom,18765848576,2705326080,2815858769,2210398208,0,77594624,18843443200,0.9982550646473182,0.9883026573056086,1.0,1.0,58,38,226,235,216,31457280,31457280,CPU,96160087481.0,0.0,0,0
96186237614,0,oracle_reserve_lru,admission,value_ranked_working_set,18742779904,2682257408,2815858769,2210398208,0,77594624,18820374528,0.997032972781502,0.9801102464311838,1.0,1.0,57,37,-1,0,0,0,0,,0.0,0.0,1,19
96186237614,0,oracle_reserve_lru,reload,value_ranked_admission,18780528640,2720006144,2815858769,2178940928,0,0,18780528640,0.994922086831456,0.9659597185571774,1.0,1.0,19,0,226,235,216,31457280,31457280,CPU,0.0,0.0,0,0
96290838146,0,oracle_reserve_lru,trigger,forecast_above_trigger,18797305856,2736783360,2815858769,2178940928,0,79691776,18876997632,1.000032652815778,1.000218891304772,1.0,1.0,57,38,-1,0,0,0,0,,0.0,0.0,57,0
96290838146,0,oracle_reserve_lru,spill,proactive_target_headroom,18763751424,2703228928,2815858769,2212495360,0,77594624,18841346048,0.9981439653867894,0.987557892680661,1.0,1.0,57,37,227,251,220,33554432,33554432,CPU,96290838146.0,0.0,0,0
96557630881,0,oracle_reserve_lru,trigger,forecast_above_trigger,18805694464,2745171968,2815858769,2212495360,0,73400320,18879094784,1.0001437520763066,1.0009636559297197,1.0,1.0,57,37,-1,0,0,0,0,,0.0,0.0,57,0
96557630881,0,oracle_reserve_lru,spill,proactive_target_headroom,18774237184,2713714688,2815858769,2243952640,0,71303168,18845540352,0.9983661639078468,0.9890474219305564,1.0,1.0,57,36,229,231,229,31457280,31457280,CPU,96557630881.0,0.0,0,0
96583394748,0,oracle_reserve_lru,admission,value_ranked_working_set,18579202048,2518679552,2815858769,2243952640,0,71303168,18650505216,0.9880339326786743,0.9197843118104195,1.0,1.0,56,35,-1,0,0,0,0,,0.0,0.0,4,17
96583394748,0,oracle_reserve_lru,reload,value_ranked_admission,18801500160,2740977664,2815858769,2030043136,0,0,18801500160,0.9960330794367434,0.9734073648066545,1.0,1.0,17,0,229,231,229,31457280,31457280,CPU,0.0,0.0,0,0
96583394748,0,oracle_reserve_lru,reload,value_ranked_admission,18801500160,2740977664,2815858769,2030043136,0,0,18801500160,0.9960330794367434,0.9734073648066545,1.0,1.0,17,0,227,251,220,33554432,33554432,CPU,0.0,0.0,0,0
96583394748,0,oracle_reserve_lru,reload,value_ranked_admission,18801500160,2740977664,2815858769,2030043136,0,0,18801500160,0.9960330794367434,0.9734073648066545,1.0,1.0,17,0,225,265,209,35651584,35651584,CPU,0.0,0.0,0,0
96583394748,0,oracle_reserve_lru,reload,value_ranked_admission,18801500160,2740977664,2815858769,2030043136,0,0,18801500160,0.9960330794367434,0.9734073648066545,1.0,1.0,17,0,223,849,196,113246208,113246208,CPU,0.0,0.0,0,0
96763741817,0,oracle_reserve_lru,trigger,forecast_above_trigger,18801500160,2740977664,2815858769,2030043136,0,77594624,18879094784,1.0001437520763066,1.0009636559297197,1.0,1.0,55,38,-1,0,0,0,0,,0.0,0.0,55,0
96763741817,0,oracle_reserve_lru,spill,proactive_target_headroom,18736488448,2675965952,2815858769,2095054848,0,75497472,18811985920,0.9965885757393871,0.977131187931393,1.0,1.0,55,37,231,483,229,65011712,65011712,CPU,96763741817.0,0.0,0,0
96868103020,0,oracle_reserve_lru,admission,value_ranked_working_set,18640019456,2579496960,2815858769,2095054848,0,71303168,18711322624,0.9912558112340077,0.9413824859339031,1.0,1.0,54,36,-1,0,0,0,0,,0.0,0.0,2,16
96868103020,0,oracle_reserve_lru,reload,value_ranked_admission,18784722944,2724200448,2815858769,1956642816,0,0,18784722944,0.9951442853525135,0.9674492478070729,1.0,1.0,16,0,231,483,229,65011712,65011712,CPU,0.0,0.0,0,0
96868103020,0,oracle_reserve_lru,reload,value_ranked_admission,18784722944,2724200448,2815858769,1956642816,0,0,18784722944,0.9951442853525135,0.9674492478070729,1.0,1.0,16,0,91,557,545,73400320,73400320,CPU,0.0,0.0,0,0
97564085147,0,oracle_reserve_lru,admission,value_ranked_working_set,18677768192,2617245696,2815858769,1956642816,0,69206016,18746974208,0.9931444986629963,0.954043484558014,1.0,1.0,50,34,-1,0,0,0,0,,0.0,0.0,1,15
97564085147,0,oracle_reserve_lru,reload,value_ranked_admission,18774237184,2713714688,2815858769,1866465280,0,0,18774237184,0.9945887890498698,0.9637254246823342,1.0,1.0,15,0,166,683,247,90177536,90177536,CPU,0.0,0.0,0,0
97617286917,0,oracle_reserve_lru,admission,value_ranked_working_set,18673573888,2613051392,2815858769,1866465280,0,67108864,18740682752,0.9928112008814101,0.9518091906831709,1.0,1.0,49,34,-1,0,0,0,0,,0.0,0.0,1,14
97617286917,0,oracle_reserve_lru,reload,value_ranked_admission,18805694464,2745171968,2815858769,1736441856,0,0,18805694464,0.9962552779578009,0.9748968940565499,1.0,1.0,14,0,175,991,228,130023424,130023424,CPU,0.0,0.0,0,0
97670488687,0,oracle_reserve_lru,trigger,forecast_above_trigger,18814083072,2753560576,2815858769,1736441856,0,69206016,18883289088,1.000365950597364,1.002453185179615,1.0,1.0,49,35,-1,0,0,0,0,,0.0,0.0,49,0
97670488687,0,oracle_reserve_lru,spill,proactive_target_headroom,18749071360,2688548864,2815858769,1801453568,0,67108864,18816180224,0.9968107742604445,0.9786207171812884,1.0,1.0,49,34,195,484,471,65011712,65011712,CPU,97670488687.0,0.0,0,0
97877090870,0,oracle_reserve_lru,admission,value_ranked_working_set,18648408064,2587885568,2815858769,1801453568,0,65011712,18713419776,0.9913669104945365,0.9421272505588507,1.0,1.0,47,32,-1,0,0,0,0,,0.0,0.0,2,13
97877090870,0,oracle_reserve_lru,reload,value_ranked_admission,18809888768,2749366272,2815858769,1646264320,0,0,18809888768,0.9964774764788583,0.9763864233064453,1.0,1.0,13,0,195,484,471,65011712,65011712,CPU,0.0,0.0,0,0
97877090870,0,oracle_reserve_lru,reload,value_ranked_admission,18809888768,2749366272,2815858769,1646264320,0,0,18809888768,0.9964774764788583,0.9763864233064453,1.0,1.0,13,0,119,683,388,90177536,90177536,CPU,0.0,0.0,0,0
98167557286,0,oracle_reserve_lru,trigger,forecast_above_trigger,18818277376,2757754880,2815858769,1646264320,0,60817408,18879094784,1.0001437520763066,1.0009636559297197,1.0,1.0,46,33,-1,0,0,0,0,,0.0,0.0,46,0
98167557286,0,oracle_reserve_lru,spill,proactive_target_headroom,18715516928,2654994432,2815858769,1749024768,0,58720256,18774237184,0.9945887890498698,0.9637254246823342,1.0,1.0,46,32,232,779,276,102760448,102760448,CPU,98167557286.0,0.0,0,0
98167557286,0,oracle_reserve_lru,admission,value_ranked_working_set,18715516928,2654994432,2815858769,1749024768,0,58720256,18774237184,0.9945887890498698,0.9637254246823342,1.0,1.0,46,32,-1,0,0,0,0,,0.0,0.0,1,13
98167557286,0,oracle_reserve_lru,reload,value_ranked_admission,18795208704,2734686208,2815858769,1671430144,0,0,18795208704,0.9956997816551572,0.9711730709318114,1.0,1.0,13,0,159,584,248,77594624,77594624,CPU,0.0,0.0,0,0
98226357023,0,oracle_reserve_lru,admission,value_ranked_working_set,18663088128,2602565632,2815858769,1671430144,0,60817408,18723905536,0.9919224067971801,0.9458510736835892,1.0,1.0,45,32,-1,0,0,0,0,,0.0,0.0,1,12
98226357023,0,oracle_reserve_lru,reload,value_ranked_admission,18772140032,2711617536,2815858769,1568669696,0,0,18772140032,0.9944776897893411,0.9629806600573866,1.0,1.0,12,0,232,779,276,102760448,102760448,CPU,0.0,0.0,0,0
98252507156,0,oracle_reserve_lru,admission,value_ranked_working_set,18734391296,2673868800,2815858769,1568669696,0,60817408,18795208704,0.9956997816551572,0.9711730709318114,1.0,1.0,44,32,-1,0,0,0,0,,0.0,0.0,1,11
98252507156,0,oracle_reserve_lru,reload,value_ranked_admission,18818277376,2757754880,2815858769,1491075072,0,0,18818277376,0.9969218735209733,0.9793654818062362,1.0,1.0,11,0,188,588,193,77594624,77594624,CPU,0.0,0.0,0,0
98357107688,0,oracle_reserve_lru,admission,value_ranked_working_set,18692448256,2631925760,2815858769,1491075072,0,60817408,18753265664,0.9934777964445825,0.9562777784328572,1.0,1.0,42,31,-1,0,0,0,0,,0.0,0.0,1,10
98357107688,0,oracle_reserve_lru,reload,value_ranked_admission,18814083072,2753560576,2815858769,1377828864,0,0,18814083072,0.9966996749999159,0.9778759525563407,1.0,1.0,10,0,156,859,241,113246208,113246208,CPU,0.0,0.0,0,0
98383257821,0,oracle_reserve_lru,admission,value_ranked_working_set,18713419776,2652897280,2815858769,1377828864,0,58720256,18772140032,0.9944776897893411,0.9629806600573866,1.0,1.0,41,31,-1,0,0,0,0,,0.0,0.0,1,9
98383257821,0,oracle_reserve_lru,reload,value_ranked_admission,18801500160,2740977664,2815858769,1298137088,0,0,18801500160,0.9960330794367434,0.9734073648066545,1.0,1.0,9,0,129,605,400,79691776,79691776,CPU,0.0,0.0,0,0
98540158619,0,oracle_reserve_lru,admission,value_ranked_working_set,18667282432,2606759936,2815858769,1298137088,0,54525952,18721808384,0.9918113075366514,0.9451063090586416,1.0,1.0,39,30,-1,0,0,0,0,,0.0,0.0,1,8
98540158619,0,oracle_reserve_lru,reload,value_ranked_admission,18820374528,2759852032,2815858769,1147142144,0,0,18820374528,0.997032972781502,0.9801102464311838,1.0,1.0,8,0,161,1140,150,150994944,150994944,CPU,0.0,0.0,0,0
98566308752,0,oracle_reserve_lru,trigger,forecast_above_trigger,18820374528,2759852032,2815858769,1147142144,0,56623104,18876997632,1.000032652815778,1.000218891304772,1.0,1.0,39,31,-1,0,0,0,0,,0.0,0.0,39,0
98566308752,0,oracle_reserve_lru,spill,proactive_target_headroom,18686156800,2625634304,2815858769,1281359872,0,54525952,18740682752,0.9928112008814101,0.9518091906831709,1.0,1.0,39,30,235,1021,280,134217728,134217728,CPU,98566308752.0,0.0,0,0
98566308752,0,oracle_reserve_lru,admission,value_ranked_working_set,18686156800,2625634304,2815858769,1281359872,0,54525952,18740682752,0.9928112008814101,0.9518091906831709,1.0,1.0,39,30,-1,0,0,0,0,,0.0,0.0,1,8
98566308752,0,oracle_reserve_lru,reload,value_ranked_admission,18799403008,2738880512,2815858769,1172307968,0,0,18799403008,0.9959219801762147,0.9726626001817068,1.0,1.0,8,0,197,818,212,109051904,109051904,CPU,0.0,0.0,0,0
98592458885,0,oracle_reserve_lru,admission,value_ranked_working_set,18554036224,2493513728,2815858769,1172307968,0,56623104,18610659328,0.9859230467286284,0.905633783936413,1.0,1.0,37,29,-1,0,0,0,0,,0.0,0.0,2,6
98592458885,0,oracle_reserve_lru,reload,value_ranked_admission,18791014400,2730491904,2815858769,937426944,0,0,18791014400,0.9954775831340997,0.969683541681916,1.0,1.0,6,0,235,1021,280,134217728,134217728,CPU,0.0,0.0,0,0
98592458885,0,oracle_reserve_lru,reload,value_ranked_admission,18791014400,2730491904,2815858769,937426944,0,0,18791014400,0.9954775831340997,0.969683541681916,1.0,1.0,6,0,194,756,201,100663296,100663296,CPU,0.0,0.0,0,0
98707974399,0,oracle_reserve_lru,admission,value_ranked_working_set,18696642560,2636120064,2815858769,937426944,0,60817408,18757459968,0.99369999496564,0.9577673076827526,1.0,1.0,36,30,-1,0,0,0,0,,0.0,0.0,1,5
98707974399,0,oracle_reserve_lru,reload,value_ranked_admission,18784722944,2724200448,2815858769,849346560,0,0,18784722944,0.9951442853525135,0.9674492478070729,1.0,1.0,5,0,191,666,197,88080384,88080384,CPU,0.0,0.0,0,0
99141412452,0,oracle_reserve_lru,admission,value_ranked_working_set,18648408064,2587885568,2815858769,849346560,0,54525952,18702934016,0.9908114141918928,0.9384034274341122,1.0,1.0,34,29,-1,0,0,0,0,,0.0,0.0,1,4
99141412452,0,oracle_reserve_lru,reload,value_ranked_admission,18801500160,2740977664,2815858769,696254464,0,0,18801500160,0.9960330794367434,0.9734073648066545,1.0,1.0,4,0,165,1155,168,153092096,153092096,CPU,0.0,0.0,0,0
99194232288,0,oracle_reserve_lru,admission,value_ranked_working_set,18606465024,2545942528,2815858769,696254464,0,54525952,18660990976,0.9885894289813181,0.923508134935158,1.0,1.0,32,28,-1,0,0,0,0,,0.0,0.0,1,3
99194232288,0,oracle_reserve_lru,reload,value_ranked_admission,18770042880,2709520384,2815858769,532676608,0,0,18770042880,0.9943665905288124,0.9622358954324388,1.0,1.0,3,0,160,1238,57,163577856,163577856,CPU,0.0,0.0,0,0
99273462042,0,oracle_reserve_lru,admission,value_ranked_working_set,18608562176,2548039680,2815858769,532676608,0,56623104,18665185280,0.9888116275023755,0.9249976641850535,1.0,1.0,30,27,-1,0,0,0,0,,0.0,0.0,1,2
99273462042,0,oracle_reserve_lru,reload,value_ranked_admission,18744877056,2684354560,2815858769,400556032,0,0,18744877056,0.9930333994024675,0.9532987199330664,1.0,1.0,2,0,147,998,193,132120576,132120576,CPU,0.0,0.0,0,0
99389807286,0,oracle_reserve_lru,trigger,forecast_above_trigger,18872803328,2812280832,2815858769,400556032,0,58720256,18931523584,1.002921233589525,1.0195827715534125,1.0,1.0,31,29,-1,0,0,0,0,,0.0,0.0,31,0
99389807286,0,oracle_reserve_lru,spill,proactive_target_headroom,18784722944,2724200448,2815858769,488636416,0,56623104,18841346048,0.9981439653867894,0.987557892680661,1.0,1.0,31,28,237,665,309,88080384,88080384,CPU,99389807286.0,0.0,0,0
99473248158,0,oracle_reserve_lru,admission,value_ranked_working_set,18713419776,2652897280,2815858769,488636416,0,56623104,18770042880,0.9943665905288124,0.9622358954324388,1.0,1.0,31,28,-1,0,0,0,0,,0.0,0.0,1,2
99473248158,0,oracle_reserve_lru,reload,value_ranked_admission,18803597312,2743074816,2815858769,400556032,0,0,18803597312,0.9961441786972721,0.9741521294316022,1.0,1.0,2,0,237,665,309,88080384,88080384,CPU,0.0,0.0,0,0
99792280918,0,oracle_reserve_lru,trigger,forecast_above_trigger,18839248896,2778726400,2815858769,400556032,0,60817408,18900066304,1.001254744681594,1.0084113021791967,1.0,1.0,31,29,-1,0,0,0,0,,0.0,0.0,31,0
99792280918,0,oracle_reserve_lru,spill,proactive_target_headroom,18650505216,2589982720,2815858769,589299712,0,58720256,18709225472,0.991144711973479,0.9406377213089553,1.0,1.0,31,28,240,1435,320,188743680,188743680,CPU,99792280918.0,0.0,0,0
99792280918,0,oracle_reserve_lru,admission,value_ranked_working_set,18650505216,2589982720,2815858769,589299712,0,58720256,18709225472,0.991144711973479,0.9406377213089553,1.0,1.0,31,28,-1,0,0,0,0,,0.0,0.0,1,2
99792280918,0,oracle_reserve_lru,reload,value_ranked_admission,18814083072,2753560576,2815858769,432013312,0,0,18814083072,0.9966996749999159,0.9778759525563407,1.0,1.0,2,0,144,1198,189,157286400,157286400,CPU,0.0,0.0,0,0
99845560092,0,oracle_reserve_lru,trigger,forecast_above_trigger,18818277376,2757754880,2815858769,432013312,0,60817408,18879094784,1.0001437520763066,1.0009636559297197,1.0,1.0,31,29,-1,0,0,0,0,,0.0,0.0,31,0
99845560092,0,oracle_reserve_lru,spill,proactive_target_headroom,18728099840,2667577344,2815858769,522190848,0,58720256,18786820096,0.9952553846130423,0.9681940124320205,1.0,1.0,31,28,183,674,575,90177536,90177536,CPU,99845560092.0,0.0,0,0
100189010476,0,oracle_reserve_lru,admission,value_ranked_working_set,18644213760,2583691264,2815858769,522190848,0,54525952,18698739712,0.9905892156708354,0.9369138981842168,1.0,1.0,30,27,-1,0,0,0,0,,0.0,0.0,1,2
100189010476,0,oracle_reserve_lru,reload,value_ranked_admission,18738585600,2678063104,2815858769,432013312,0,0,18738585600,0.9927001016208813,0.9510644260582233,1.0,1.0,2,0,183,674,575,90177536,90177536,CPU,0.0,0.0,0,0
100321714707,0,oracle_reserve_lru,admission,value_ranked_working_set,18608562176,2548039680,2815858769,432013312,0,58720256,18667282432,0.9889227267629043,0.9257424288100011,1.0,1.0,30,28,-1,0,0,0,0,,0.0,0.0,1,1
100321714707,0,oracle_reserve_lru,reload,value_ranked_admission,18797305856,2736783360,2815858769,243269632,0,0,18797305856,0.9958108809156859,0.971917835556759,1.0,1.0,1,0,240,1435,320,188743680,188743680,CPU,0.0,0.0,0,0
100507842979,0,oracle_reserve_lru,trigger,forecast_above_trigger,18853928960,2793406464,2815858769,243269632,0,60817408,18914746368,1.002032439505295,1.0136246545538308,1.0,1.0,30,29,-1,0,0,0,0,,0.0,0.0,30,0
100507842979,0,oracle_reserve_lru,spill,proactive_target_headroom,18686156800,2625634304,2815858769,411041792,0,58720256,18744877056,0.9930333994024675,0.9532987199330664,1.0,1.0,30,28,162,1267,521,167772160,167772160,CPU,100507842979.0,0.0,0,0
100588013644,0,oracle_reserve_lru,trigger,forecast_above_trigger,18858123264,2797600768,2815858769,411041792,0,62914560,18921037824,1.0023657372868815,1.0158589484286737,1.0,1.0,32,30,-1,0,0,0,0,,0.0,0.0,32,0
100588013644,0,oracle_reserve_lru,spill,proactive_target_headroom,18811985920,2751463424,2815858769,457179136,0,60817408,18872803328,0.9998104542947205,0.9987293620548765,1.0,1.0,32,29,246,351,344,46137344,46137344,CPU,100588013644.0,0.0,0,0
100678381011,0,oracle_reserve_lru,trigger,forecast_above_trigger,18818277376,2757754880,2815858769,457179136,0,60817408,18879094784,1.0001437520763066,1.0009636559297197,1.0,1.0,32,29,-1,0,0,0,0,,0.0,0.0,32,0
100678381011,0,oracle_reserve_lru,spill,proactive_target_headroom,18770042880,2709520384,2815858769,505413632,0,58720256,18828763136,0.997477369823617,0.9830893049309747,1.0,1.0,32,28,248,355,346,48234496,48234496,CPU,100678381011.0,0.0,0,0
100930951672,0,oracle_reserve_lru,admission,value_ranked_working_set,18742779904,2682257408,2815858769,505413632,0,56623104,18799403008,0.9959219801762147,0.9726626001817068,1.0,1.0,31,27,-1,0,0,0,0,,0.0,0.0,1,3
100957512751,0,oracle_reserve_lru,trigger,forecast_above_trigger,18862317568,2801795072,2815858769,505413632,0,60817408,18923134976,1.0024768365474102,1.0166037130536216,1.0,1.0,33,29,-1,0,0,0,0,,0.0,0.0,33,0
100957512751,0,oracle_reserve_lru,spill,proactive_target_headroom,18770042880,2709520384,2815858769,597688320,0,58720256,18828763136,0.997477369823617,0.9830893049309747,1.0,1.0,33,28,192,703,584,92274688,92274688,CPU,100957512751.0,0.0,0,0
101089793311,0,oracle_reserve_lru,trigger,forecast_above_trigger,18826665984,2766143488,2815858769,597688320,0,62914560,18889580544,1.0006992483789503,1.0046874790544582,1.0,1.0,35,30,-1,0,0,0,0,,0.0,0.0,35,0
101089793311,0,oracle_reserve_lru,spill,proactive_target_headroom,18772140032,2711617536,2815858769,652214272,0,60817408,18832957440,0.9976995683446744,0.9845788341808701,1.0,1.0,35,29,207,414,400,54525952,54525952,CPU,101089793311.0,0.0,0,0
101195430387,0,oracle_reserve_lru,trigger,forecast_above_trigger,18858123264,2797600768,2815858769,652214272,0,65011712,18923134976,1.0024768365474102,1.0166037130536216,1.0,1.0,37,31,-1,0,0,0,0,,0.0,0.0,37,0
101195430387,0,oracle_reserve_lru,spill,proactive_target_headroom,18763751424,2703228928,2815858769,746586112,0,62914560,18826665984,0.9973662705630882,0.982344540306027,1.0,1.0,37,30,149,713,707,94371840,94371840,CPU,101195430387.0,0.0,0,0
101195430387,0,oracle_reserve_lru,admission,value_ranked_working_set,18763751424,2703228928,2815858769,746586112,0,62914560,18826665984,0.9973662705630882,0.982344540306027,1.0,1.0,37,30,-1,0,0,0,0,,0.0,0.0,1,6
101195430387,0,oracle_reserve_lru,reload,value_ranked_admission,18811985920,2751463424,2815858769,700448768,0,0,18811985920,0.9965885757393871,0.977131187931393,1.0,1.0,6,0,246,351,344,46137344,46137344,CPU,0.0,0.0,0,0
101221869645,0,oracle_reserve_lru,trigger,forecast_above_trigger,18811985920,2751463424,2815858769,700448768,0,65011712,18876997632,1.000032652815778,1.000218891304772,1.0,1.0,37,31,-1,0,0,0,0,,0.0,0.0,37,0
101221869645,0,oracle_reserve_lru,spill,proactive_target_headroom,18751168512,2690646016,2815858769,761266176,0,62914560,18814083072,0.9966996749999159,0.9778759525563407,1.0,1.0,37,30,215,451,404,60817408,60817408,CPU,101221869645.0,0.0,0,0
101221869645,0,oracle_reserve_lru,admission,value_ranked_working_set,18751168512,2690646016,2815858769,761266176,0,62914560,18814083072,0.9966996749999159,0.9778759525563407,1.0,1.0,37,30,-1,0,0,0,0,,0.0,0.0,1,6
101221869645,0,oracle_reserve_lru,reload,value_ranked_admission,18807791616,2747269120,2815858769,706740224,0,0,18807791616,0.9963663772183297,0.9756416586814975,1.0,1.0,6,0,207,414,400,54525952,54525952,CPU,0.0,0.0,0,0
101274748161,0,oracle_reserve_lru,trigger,forecast_above_trigger,18832957440,2772434944,2815858769,706740224,0,67108864,18900066304,1.001254744681594,1.0084113021791967,1.0,1.0,38,32,-1,0,0,0,0,,0.0,0.0,38,0
101274748161,0,oracle_reserve_lru,spill,proactive_target_headroom,18696642560,2636120064,2815858769,843055104,0,65011712,18761654272,0.9939221934866974,0.9592568369326481,1.0,1.0,38,31,216,1025,344,136314880,136314880,CPU,101274748161.0,0.0,0,0
101274748161,0,oracle_reserve_lru,admission,value_ranked_working_set,18696642560,2636120064,2815858769,843055104,0,65011712,18761654272,0.9939221934866974,0.9592568369326481,1.0,1.0,38,31,-1,0,0,0,0,,0.0,0.0,2,5
101274748161,0,oracle_reserve_lru,reload,value_ranked_admission,18807791616,2747269120,2815858769,734003200,0,0,18807791616,0.9963663772183297,0.9756416586814975,1.0,1.0,5,0,215,451,404,60817408,60817408,CPU,0.0,0.0,0,0
101274748161,0,oracle_reserve_lru,reload,value_ranked_admission,18807791616,2747269120,2815858769,734003200,0,0,18807791616,0.9963663772183297,0.9756416586814975,1.0,1.0,5,0,248,355,346,48234496,48234496,CPU,0.0,0.0,0,0
101301187419,0,oracle_reserve_lru,trigger,forecast_above_trigger,18807791616,2747269120,2815858769,734003200,0,69206016,18876997632,1.000032652815778,1.000218891304772,1.0,1.0,38,33,-1,0,0,0,0,,0.0,0.0,38,0
101301187419,0,oracle_reserve_lru,spill,proactive_target_headroom,18751168512,2690646016,2815858769,790626304,0,67108864,18818277376,0.9969218735209733,0.9793654818062362,1.0,1.0,38,32,227,418,387,56623104,56623104,CPU,101301187419.0,0.0,0,0
101596490489,0,oracle_reserve_lru,admission,value_ranked_working_set,18700836864,2640314368,2815858769,790626304,0,65011712,18765848576,0.9941443920077548,0.9607463661825434,1.0,1.0,37,31,-1,0,0,0,0,,0.0,0.0,1,5
101596490489,0,oracle_reserve_lru,reload,value_ranked_admission,18763751424,2703228928,2815858769,734003200,0,0,18763751424,0.9940332927472262,0.9600016015575957,1.0,1.0,5,0,227,418,387,56623104,56623104,CPU,0.0,0.0,0,0
101756831537,0,oracle_reserve_lru,trigger,forecast_above_trigger,18872803328,2812280832,2815858769,734003200,0,65011712,18937815040,1.0032545313711112,1.0218170654282555,1.0,1.0,38,33,-1,0,0,0,0,,0.0,0.0,38,0
101756831537,0,oracle_reserve_lru,spill,proactive_target_headroom,18761654272,2701131776,2815858769,845152256,0,62914560,18824568832,0.9972551713025595,0.9815997756810793,1.0,1.0,38,32,166,833,397,111149056,111149056,CPU,101756831537.0,0.0,0,0
101889739236,0,oracle_reserve_lru,admission,value_ranked_working_set,18585493504,2524971008,2815858769,845152256,0,62914560,18648408064,0.9879228334181456,0.9190395471854718,1.0,1.0,36,30,-1,0,0,0,0,,0.0,0.0,2,4
101916854306,0,oracle_reserve_lru,trigger,forecast_above_trigger,18845540352,2785017856,2815858769,845152256,0,67108864,18912649216,1.0019213402447664,1.0128798899288831,1.0,1.0,38,32,-1,0,0,0,0,,0.0,0.0,38,0
101916854306,0,oracle_reserve_lru,spill,proactive_target_headroom,18761654272,2701131776,2815858769,929038336,0,65011712,18826665984,0.9973662705630882,0.982344540306027,1.0,1.0,38,31,195,629,616,83886080,83886080,CPU,101916854306.0,0.0,0,0
102170383045,0,oracle_reserve_lru,trigger,forecast_above_trigger,18847637504,2787115008,2815858769,929038336,0,65011712,18912649216,1.0019213402447664,1.0128798899288831,1.0,1.0,40,33,-1,0,0,0,0,,0.0,0.0,40,0
102170383045,0,oracle_reserve_lru,spill,proactive_target_headroom,18751168512,2690646016,2815858769,1025507328,0,62914560,18814083072,0.9966996749999159,0.9778759525563407,1.0,1.0,40,32,159,727,391,96468992,96468992,CPU,102170383045.0,0.0,0,0
102259426165,0,oracle_reserve_lru,admission,value_ranked_working_set,18688253952,2627731456,2815858769,1025507328,0,62914560,18751168512,0.9933666971840537,0.9555330138079094,1.0,1.0,39,31,-1,0,0,0,0,,0.0,0.0,1,7
102286541235,0,oracle_reserve_lru,trigger,forecast_above_trigger,18856026112,2795503616,2815858769,1025507328,0,65011712,18921037824,1.0023657372868815,1.0158589484286737,1.0,1.0,40,32,-1,0,0,0,0,,0.0,0.0,40,0
102286541235,0,oracle_reserve_lru,spill,proactive_target_headroom,18759557120,2699034624,2815858769,1121976320,0,62914560,18822471680,0.9971440720420308,0.9808550110561316,1.0,1.0,40,31,188,732,337,96468992,96468992,CPU,102286541235.0,0.0,0,0
102395001515,0,oracle_reserve_lru,admission,value_ranked_working_set,18610659328,2550136832,2815858769,1121976320,0,60817408,18671476736,0.9891449252839617,0.9272319580598966,1.0,1.0,39,30,-1,0,0,0,0,,0.0,0.0,2,7
102395001515,0,oracle_reserve_lru,reload,value_ranked_admission,18811985920,2751463424,2815858769,929038336,0,0,18811985920,0.9965885757393871,0.977131187931393,1.0,1.0,7,0,188,732,337,96468992,96468992,CPU,0.0,0.0,0,0
102395001515,0,oracle_reserve_lru,reload,value_ranked_admission,18811985920,2751463424,2815858769,929038336,0,0,18811985920,0.9965885757393871,0.977131187931393,1.0,1.0,7,0,159,727,391,96468992,96468992,CPU,0.0,0.0,0,0
102433646307,0,oracle_reserve_lru,trigger,forecast_above_trigger,18811985920,2751463424,2815858769,929038336,0,67108864,18879094784,1.0001437520763066,1.0009636559297197,1.0,1.0,40,33,-1,0,0,0,0,,0.0,0.0,40,0
102433646307,0,oracle_reserve_lru,spill,proactive_target_headroom,18658893824,2598371328,2815858769,1082130432,0,65011712,18723905536,0.9919224067971801,0.9458510736835892,1.0,1.0,40,32,235,1157,416,153092096,153092096,CPU,102433646307.0,0.0,0,0
102433646307,0,oracle_reserve_lru,admission,value_ranked_working_set,18658893824,2598371328,2815858769,1082130432,0,65011712,18723905536,0.9919224067971801,0.9458510736835892,1.0,1.0,40,32,-1,0,0,0,0,,0.0,0.0,1,7
102433646307,0,oracle_reserve_lru,reload,value_ranked_admission,18753265664,2692743168,2815858769,998244352,0,0,18753265664,0.9934777964445825,0.9562777784328572,1.0,1.0,7,0,195,629,616,83886080,83886080,CPU,0.0,0.0,0,0
102499088191,0,oracle_reserve_lru,trigger,forecast_above_trigger,18809888768,2749366272,2815858769,998244352,0,71303168,18881191936,1.0002548513368354,1.0017084205546674,1.0,1.0,42,35,-1,0,0,0,0,,0.0,0.0,42,0
102499088191,0,oracle_reserve_lru,spill,proactive_target_headroom,18631630848,2571108352,2815858769,1176502272,0,69206016,18700836864,0.990700314931364,0.9376586628091644,1.0,1.0,42,34,160,1354,173,178257920,178257920,CPU,102499088191.0,0.0,0,0
102499088191,0,oracle_reserve_lru,admission,value_ranked_working_set,18631630848,2571108352,2815858769,1176502272,0,69206016,18700836864,0.990700314931364,0.9376586628091644,1.0,1.0,42,34,-1,0,0,0,0,,0.0,0.0,1,7
102499088191,0,oracle_reserve_lru,reload,value_ranked_admission,18786820096,2726297600,2815858769,1023410176,0,0,18786820096,0.9952553846130423,0.9681940124320205,1.0,1.0,7,0,235,1157,416,153092096,153092096,CPU,0.0,0.0,0,0
102746365900,0,oracle_reserve_lru,trigger,forecast_above_trigger,18809888768,2749366272,2815858769,1023410176,0,69206016,18879094784,1.0001437520763066,1.0009636559297197,1.0,1.0,42,35,-1,0,0,0,0,,0.0,0.0,42,0
102746365900,0,oracle_reserve_lru,spill,proactive_target_headroom,18663088128,2602565632,2815858769,1170210816,0,67108864,18730196992,0.9922557045787663,0.9480853675584324,1.0,1.0,42,34,147,1118,313,146800640,146800640,CPU,102746365900.0,0.0,0,0
102746365900,0,oracle_reserve_lru,admission,value_ranked_working_set,18663088128,2602565632,2815858769,1170210816,0,67108864,18730196992,0.9922557045787663,0.9480853675584324,1.0,1.0,42,34,-1,0,0,0,0,,0.0,0.0,1,7
102868829849,0,oracle_reserve_lru,admission,value_ranked_working_set,18696642560,2636120064,2815858769,1170210816,0,69206016,18765848576,0.9941443920077548,0.9607463661825434,1.0,1.0,41,33,-1,0,0,0,0,,0.0,0.0,1,7
102938430870,0,oracle_reserve_lru,trigger,forecast_above_trigger,18805694464,2745171968,2815858769,1170210816,0,71303168,18876997632,1.000032652815778,1.000218891304772,1.0,1.0,42,34,-1,0,0,0,0,,0.0,0.0,42,0
102938430870,0,oracle_reserve_lru,spill,proactive_target_headroom,18665185280,2604662784,2815858769,1310720000,0,69206016,18734391296,0.9924779030998239,0.9495748968083279,1.0,1.0,42,33,250,1057,124,140509184,140509184,CPU,102938430870.0,0.0,0,0
102938430870,0,oracle_reserve_lru,admission,value_ranked_working_set,18665185280,2604662784,2815858769,1310720000,0,69206016,18734391296,0.9924779030998239,0.9495748968083279,1.0,1.0,42,33,-1,0,0,0,0,,0.0,0.0,1,8
102938430870,0,oracle_reserve_lru,reload,value_ranked_admission,18782625792,2722103296,2815858769,1199570944,0,0,18782625792,0.9950331860919848,0.9667044831821251,1.0,1.0,8,0,166,833,397,111149056,111149056,CPU,0.0,0.0,0,0
103017518148,0,oracle_reserve_lru,trigger,forecast_above_trigger,18845540352,2785017856,2815858769,1199570944,0,73400320,18918940672,1.0022546380263526,1.015114183803726,1.0,1.0,43,35,-1,0,0,0,0,,0.0,0.0,43,0
103017518148,0,oracle_reserve_lru,spill,proactive_target_headroom,18809888768,2749366272,2815858769,1235222528,0,71303168,18881191936,1.0002548513368354,1.0017084205546674,1.0,1.0,43,34,251,264,126,35651584,35651584,CPU,103017518148.0,0.0,0,0
103017518148,0,oracle_reserve_lru,spill,proactive_target_headroom,18705031168,2644508672,2815858769,1340080128,0,69206016,18774237184,0.9945887890498698,0.9637254246823342,1.0,1.0,43,33,252,797,115,104857600,104857600,CPU,103017518148.0,0.0,0,0
103017518148,0,oracle_reserve_lru,admission,value_ranked_working_set,18705031168,2644508672,2815858769,1340080128,0,69206016,18774237184,0.9945887890498698,0.9637254246823342,1.0,1.0,43,33,-1,0,0,0,0,,0.0,0.0,1,9
103017518148,0,oracle_reserve_lru,reload,value_ranked_admission,18742779904,2682257408,2815858769,1304428544,0,0,18742779904,0.9929223001419388,0.9525539553081187,1.0,1.0,9,0,251,264,126,35651584,35651584,CPU,0.0,0.0,0,0
103343117258,0,oracle_reserve_lru,admission,value_ranked_working_set,18679865344,2619342848,2815858769,1304428544,0,73400320,18753265664,0.9934777964445825,0.9562777784328572,1.0,1.0,44,35,-1,0,0,0,0,,0.0,0.0,1,8
103343117258,0,oracle_reserve_lru,reload,value_ranked_admission,18788917248,2728394752,2815858769,1199570944,0,0,18788917248,0.995366483873571,0.9689387770569682,1.0,1.0,8,0,252,797,115,104857600,104857600,CPU,0.0,0.0,0,0
103422435032,0,oracle_reserve_lru,trigger,forecast_above_trigger,18851831808,2791309312,2815858769,1199570944,0,75497472,18927329280,1.0026990350684677,1.018093242303517,1.0,1.0,45,37,-1,0,0,0,0,,0.0,0.0,45,0
103422435032,0,oracle_reserve_lru,spill,proactive_target_headroom,18832957440,2772434944,2815858769,1218445312,0,75497472,18908454912,1.0016991417237089,1.0113903606789876,1.0,1.0,45,36,254,130,111,18874368,18874368,CPU,103422435032.0,0.0,0,0
103422435032,0,oracle_reserve_lru,spill,proactive_target_headroom,18780528640,2720006144,2815858769,1270874112,0,73400320,18853928960,0.9988105609499618,0.9920264804303471,1.0,1.0,45,35,255,389,110,52428800,52428800,CPU,103422435032.0,0.0,0,0
103422435032,0,oracle_reserve_lru,admission,value_ranked_working_set,18780528640,2720006144,2815858769,1270874112,0,73400320,18853928960,0.9988105609499618,0.9920264804303471,1.0,1.0,45,35,-1,0,0,0,0,,0.0,0.0,1,9
103422435032,0,oracle_reserve_lru,reload,value_ranked_admission,18801500160,2740977664,2815858769,1251999744,0,0,18801500160,0.9960330794367434,0.9734073648066545,1.0,1.0,9,0,254,130,111,18874368,18874368,CPU,0.0,0.0,0,0
103475319641,0,oracle_reserve_lru,trigger,forecast_above_trigger,18803597312,2743074816,2815858769,1251999744,0,73400320,18876997632,1.000032652815778,1.000218891304772,1.0,1.0,45,36,-1,0,0,0,0,,0.0,0.0,45,0
103475319641,0,oracle_reserve_lru,spill,proactive_target_headroom,18600173568,2539651072,2815858769,1455423488,0,71303168,18671476736,0.9891449252839617,0.9272319580598966,1.0,1.0,45,35,240,1546,431,203423744,203423744,CPU,103475319641.0,0.0,0,0
103475319641,0,oracle_reserve_lru,admission,value_ranked_working_set,18600173568,2539651072,2815858769,1455423488,0,71303168,18671476736,0.9891449252839617,0.9272319580598966,1.0,1.0,45,35,-1,0,0,0,0,,0.0,0.0,2,8
103475319641,0,oracle_reserve_lru,reload,value_ranked_admission,18799403008,2738880512,2815858769,1262485504,0,0,18799403008,0.9959219801762147,0.9726626001817068,1.0,1.0,8,0,255,389,110,52428800,52428800,CPU,0.0,0.0,0,0
103475319641,0,oracle_reserve_lru,reload,value_ranked_admission,18799403008,2738880512,2815858769,1262485504,0,0,18799403008,0.9959219801762147,0.9726626001817068,1.0,1.0,8,0,250,1057,124,140509184,140509184,CPU,0.0,0.0,0,0
103528210343,0,oracle_reserve_lru,trigger,forecast_above_trigger,18801500160,2740977664,2815858769,1262485504,0,75497472,18876997632,1.000032652815778,1.000218891304772,1.0,1.0,45,37,-1,0,0,0,0,,0.0,0.0,45,0
103528210343,0,oracle_reserve_lru,spill,proactive_target_headroom,18669379584,2608857088,2815858769,1394606080,0,73400320,18742779904,0.9929223001419388,0.9525539553081187,1.0,1.0,45,36,256,997,107,132120576,132120576,CPU,103528210343.0,0.0,0,0
103528210343,0,oracle_reserve_lru,admission,value_ranked_working_set,18669379584,2608857088,2815858769,1394606080,0,73400320,18742779904,0.9929223001419388,0.9525539553081187,1.0,1.0,45,36,-1,0,0,0,0,,0.0,0.0,1,8
103528210343,0,oracle_reserve_lru,reload,value_ranked_admission,18763751424,2703228928,2815858769,1300234240,0,0,18763751424,0.9940332927472262,0.9600016015575957,1.0,1.0,8,0,149,713,707,94371840,94371840,CPU,0.0,0.0,0,0
103688700022,0,oracle_reserve_lru,trigger,forecast_above_trigger,18824568832,2764046336,2815858769,1300234240,0,77594624,18902163456,1.0013658439421227,1.0091560668041444,1.0,1.0,46,38,-1,0,0,0,0,,0.0,0.0,46,0
103688700022,0,oracle_reserve_lru,spill,proactive_target_headroom,18721808384,2661285888,2815858769,1402994688,0,75497472,18797305856,0.9958108809156859,0.971917835556759,1.0,1.0,46,37,257,770,111,102760448,102760448,CPU,103688700022.0,0.0,0,0
103976041019,0,oracle_reserve_lru,admission,value_ranked_working_set,18635825152,2575302656,2815858769,1402994688,0,73400320,18709225472,0.991144711973479,0.9406377213089553,1.0,1.0,46,37,-1,0,0,0,0,,0.0,0.0,1,8
103976041019,0,oracle_reserve_lru,reload,value_ranked_admission,18740682752,2680160256,2815858769,1300234240,0,0,18740682752,0.9928112008814101,0.9518091906831709,1.0,1.0,8,0,257,770,111,102760448,102760448,CPU,0.0,0.0,0,0
104108640049,0,oracle_reserve_lru,admission,value_ranked_working_set,18644213760,2583691264,2815858769,1300234240,0,73400320,18717614080,0.9915891090155939,0.9436167798087461,1.0,1.0,45,37,-1,0,0,0,0,,0.0,0.0,1,7
104108640049,0,oracle_reserve_lru,reload,value_ranked_admission,18782625792,2722103296,2815858769,1168113664,0,0,18782625792,0.9950331860919848,0.9667044831821251,1.0,1.0,7,0,256,997,107,132120576,132120576,CPU,0.0,0.0,0,0
104188556173,0,oracle_reserve_lru,trigger,forecast_above_trigger,18835054592,2774532096,2815858769,1168113664,0,77594624,18912649216,1.0019213402447664,1.0128798899288831,1.0,1.0,46,39,-1,0,0,0,0,,0.0,0.0,46,0
104188556173,0,oracle_reserve_lru,spill,proactive_target_headroom,18717614080,2657091584,2815858769,1285554176,0,75497472,18793111552,0.9955886823946285,0.9704283063068636,1.0,1.0,46,38,259,883,115,117440512,117440512,CPU,104188556173.0,0.0,0,0
104269928352,0,oracle_reserve_lru,admission,value_ranked_working_set,18652602368,2592079872,2815858769,1285554176,0,75497472,18728099840,0.9921446053182377,0.9473406029334847,1.0,1.0,45,37,-1,0,0,0,0,,0.0,0.0,1,7
104298098960,0,oracle_reserve_lru,trigger,forecast_above_trigger,18801500160,2740977664,2815858769,1285554176,0,77594624,18879094784,1.0001437520763066,1.0009636559297197,1.0,1.0,46,38,-1,0,0,0,0,,0.0,0.0,46,0
104298098960,0,oracle_reserve_lru,spill,proactive_target_headroom,18774237184,2713714688,2815858769,1312817152,0,75497472,18849734656,0.9985883624289044,0.9905369511804518,1.0,1.0,46,37,260,194,119,27262976,27262976,CPU,104298098960.0,0.0,0,0
104485519676,0,oracle_reserve_lru,admission,value_ranked_working_set,18740682752,2680160256,2815858769,1312817152,0,73400320,18814083072,0.9966996749999159,0.9778759525563407,1.0,1.0,45,36,-1,0,0,0,0,,0.0,0.0,1,8
104512158384,0,oracle_reserve_lru,admission,value_ranked_working_set,18770042880,2709520384,2815858769,1312817152,0,75497472,18845540352,0.9983661639078468,0.9890474219305564,1.0,1.0,45,36,-1,0,0,0,0,,0.0,0.0,1,8
104538797092,0,oracle_reserve_lru,trigger,forecast_above_trigger,18828763136,2768240640,2815858769,1312817152,0,79691776,18908454912,1.0016991417237089,1.0113903606789876,1.0,1.0,47,38,-1,0,0,0,0,,0.0,0.0,47,0
104538797092,0,oracle_reserve_lru,spill,proactive_target_headroom,18807791616,2747269120,2815858769,1333788672,0,77594624,18885386240,1.000477049857893,1.003197949804563,1.0,1.0,47,37,261,145,127,20971520,20971520,CPU,104538797092.0,0.0,0,0
104538797092,0,oracle_reserve_lru,spill,proactive_target_headroom,18788917248,2728394752,2815858769,1352663040,0,75497472,18864414720,0.9993660572526055,0.9957503035550858,1.0,1.0,47,36,263,140,120,18874368,18874368,CPU,104538797092.0,0.0,0,0
104567082200,0,oracle_reserve_lru,trigger,forecast_above_trigger,18858123264,2797600768,2815858769,1352663040,0,77594624,18935717888,1.0031434321105825,1.0210723008033078,1.0,1.0,48,37,-1,0,0,0,0,,0.0,0.0,48,0
104567082200,0,oracle_reserve_lru,spill,proactive_target_headroom,18778431488,2717908992,2815858769,1432354816,0,75497472,18853928960,0.9988105609499618,0.9920264804303471,1.0,1.0,48,36,264,606,120,79691776,79691776,CPU,104567082200.0,0.0,0,0
104567082200,0,oracle_reserve_lru,admission,value_ranked_working_set,18778431488,2717908992,2815858769,1432354816,0,75497472,18853928960,0.9988105609499618,0.9920264804303471,1.0,1.0,48,36,-1,0,0,0,0,,0.0,0.0,1,11
104567082200,0,oracle_reserve_lru,reload,value_ranked_admission,18832957440,2772434944,2815858769,1413480448,0,0,18832957440,0.9976995683446744,0.9845788341808701,1.0,1.0,11,0,263,140,120,18874368,18874368,CPU,0.0,0.0,0,0
104595252808,0,oracle_reserve_lru,trigger,forecast_above_trigger,18832957440,2772434944,2815858769,1413480448,0,79691776,18912649216,1.0019213402447664,1.0128798899288831,1.0,1.0,49,38,-1,0,0,0,0,,0.0,0.0,49,0
104595252808,0,oracle_reserve_lru,spill,proactive_target_headroom,18761654272,2701131776,2815858769,1484783616,0,77594624,18839248896,0.9980328661262606,0.9868131280557132,1.0,1.0,49,37,207,533,519,71303168,71303168,CPU,104595252808.0,0.0,0,0
104595252808,0,oracle_reserve_lru,admission,value_ranked_working_set,18761654272,2701131776,2815858769,1484783616,0,77594624,18839248896,0.9980328661262606,0.9868131280557132,1.0,1.0,49,37,-1,0,0,0,0,,0.0,0.0,1,11
104595252808,0,oracle_reserve_lru,reload,value_ranked_admission,18805694464,2745171968,2815858769,1463812096,0,0,18805694464,0.9962552779578009,0.9748968940565499,1.0,1.0,11,0,261,145,127,20971520,20971520,CPU,0.0,0.0,0,0
104623423416,0,oracle_reserve_lru,trigger,forecast_above_trigger,18805694464,2745171968,2815858769,1463812096,0,79691776,18885386240,1.000477049857893,1.003197949804563,1.0,1.0,50,39,-1,0,0,0,0,,0.0,0.0,50,0
104623423416,0,oracle_reserve_lru,spill,proactive_target_headroom,18774237184,2713714688,2815858769,1495269376,0,77594624,18851831808,0.9986994616894331,0.9912817158053995,1.0,1.0,50,38,265,234,119,31457280,31457280,CPU,104623423416.0,0.0,0,0
104651103825,0,oracle_reserve_lru,trigger,forecast_above_trigger,18853928960,2793406464,2815858769,1495269376,0,81788928,18935717888,1.0031434321105825,1.0210723008033078,1.0,1.0,52,40,-1,0,0,0,0,,0.0,0.0,52,0
104651103825,0,oracle_reserve_lru,spill,proactive_target_headroom,18778431488,2717908992,2815858769,1570766848,0,79691776,18858123264,0.9990327594710193,0.9935160096802426,1.0,1.0,52,39,215,570,523,75497472,75497472,CPU,104651103825.0,0.0,0,0
104730803248,0,oracle_reserve_lru,trigger,forecast_above_trigger,18799403008,2738880512,2815858769,1570766848,0,79691776,18879094784,1.0001437520763066,1.0009636559297197,1.0,1.0,52,39,-1,0,0,0,0,,0.0,0.0,52,0
104730803248,0,oracle_reserve_lru,spill,proactive_target_headroom,18730196992,2669674496,2815858769,1639972864,0,77594624,18807791616,0.9963663772183297,0.9756416586814975,1.0,1.0,52,38,227,528,497,69206016,69206016,CPU,104730803248.0,0.0,0,0
104730803248,0,oracle_reserve_lru,admission,value_ranked_working_set,18730196992,2669674496,2815858769,1639972864,0,77594624,18807791616,0.9963663772183297,0.9756416586814975,1.0,1.0,52,38,-1,0,0,0,0,,0.0,0.0,2,12
104730803248,0,oracle_reserve_lru,reload,value_ranked_admission,18795208704,2734686208,2815858769,1581252608,0,0,18795208704,0.9956997816551572,0.9711730709318114,1.0,1.0,12,0,265,234,119,31457280,31457280,CPU,0.0,0.0,0,0
104730803248,0,oracle_reserve_lru,reload,value_ranked_admission,18795208704,2734686208,2815858769,1581252608,0,0,18795208704,0.9956997816551572,0.9711730709318114,1.0,1.0,12,0,260,194,119,27262976,27262976,CPU,0.0,0.0,0,0
104757242506,0,oracle_reserve_lru,trigger,forecast_above_trigger,18795208704,2734686208,2815858769,1581252608,0,81788928,18876997632,1.000032652815778,1.000218891304772,1.0,1.0,52,40,-1,0,0,0,0,,0.0,0.0,52,0
104757242506,0,oracle_reserve_lru,spill,proactive_target_headroom,18688253952,2627731456,2815858769,1688207360,0,79691776,18767945728,0.9942554912682836,0.9614911308074912,1.0,1.0,52,39,266,808,106,106954752,106954752,CPU,104757242506.0,0.0,0,0
104757242506,0,oracle_reserve_lru,admission,value_ranked_working_set,18688253952,2627731456,2815858769,1688207360,0,79691776,18767945728,0.9942554912682836,0.9614911308074912,1.0,1.0,52,39,-1,0,0,0,0,,0.0,0.0,1,12
104757242506,0,oracle_reserve_lru,reload,value_ranked_admission,18761654272,2701131776,2815858769,1619001344,0,0,18761654272,0.9939221934866974,0.9592568369326481,1.0,1.0,12,0,227,528,497,69206016,69206016,CPU,0.0,0.0,0,0
104836560280,0,oracle_reserve_lru,admission,value_ranked_working_set,18698739712,2638217216,2815858769,1619001344,0,83886080,18782625792,0.9950331860919848,0.9667044831821251,1.0,1.0,52,40,-1,0,0,0,0,,0.0,0.0,1,11
104862999538,0,oracle_reserve_lru,trigger,forecast_above_trigger,18805694464,2745171968,2815858769,1619001344,0,88080384,18893774848,1.0009214469000078,1.0061770083043535,1.0,1.0,54,42,-1,0,0,0,0,,0.0,0.0,54,0
104862999538,0,oracle_reserve_lru,spill,proactive_target_headroom,18589687808,2529165312,2815858769,1835008000,0,85983232,18675671040,0.9893671238050192,0.928721487309792,1.0,1.0,54,41,267,1647,104,216006656,216006656,CPU,104862999538.0,0.0,0,0
104862999538,0,oracle_reserve_lru,admission,value_ranked_working_set,18589687808,2529165312,2815858769,1835008000,0,85983232,18675671040,0.9893671238050192,0.928721487309792,1.0,1.0,54,41,-1,0,0,0,0,,0.0,0.0,2,11
104862999538,0,oracle_reserve_lru,reload,value_ranked_admission,18772140032,2711617536,2815858769,1652555776,0,0,18772140032,0.9944776897893411,0.9629806600573866,1.0,1.0,11,0,266,808,106,106954752,106954752,CPU,0.0,0.0,0,0
104862999538,0,oracle_reserve_lru,reload,value_ranked_admission,18772140032,2711617536,2815858769,1652555776,0,0,18772140032,0.9944776897893411,0.9629806600573866,1.0,1.0,11,0,215,570,523,75497472,75497472,CPU,0.0,0.0,0,0
104997041678,0,oracle_reserve_lru,trigger,forecast_above_trigger,18788917248,2728394752,2815858769,1652555776,0,90177536,18879094784,1.0001437520763066,1.0009636559297197,1.0,1.0,54,43,-1,0,0,0,0,,0.0,0.0,54,0
104997041678,0,oracle_reserve_lru,spill,proactive_target_headroom,18721808384,2661285888,2815858769,1719664640,0,88080384,18809888768,0.9964774764788583,0.9763864233064453,1.0,1.0,54,42,268,499,109,67108864,67108864,CPU,104997041678.0,0.0,0,0
105304410271,0,oracle_reserve_lru,trigger,forecast_above_trigger,18795208704,2734686208,2815858769,1719664640,0,85983232,18881191936,1.0002548513368354,1.0017084205546674,1.0,1.0,54,42,-1,0,0,0,0,,0.0,0.0,54,0
105304410271,0,oracle_reserve_lru,spill,proactive_target_headroom,18772140032,2711617536,2815858769,1742733312,0,83886080,18856026112,0.9989216602104906,0.9927712450552949,1.0,1.0,54,41,269,166,115,23068672,23068672,CPU,105304410271.0,0.0,0,0
105384326395,0,oracle_reserve_lru,admission,value_ranked_working_set,18671476736,2610954240,2815858769,1742733312,0,83886080,18755362816,0.9935888957051112,0.9570225430578049,1.0,1.0,53,40,-1,0,0,0,0,,0.0,0.0,2,11
105384326395,0,oracle_reserve_lru,reload,value_ranked_admission,18763751424,2703228928,2815858769,1652555776,0,0,18763751424,0.9940332927472262,0.9600016015575957,1.0,1.0,11,0,269,166,115,23068672,23068672,CPU,0.0,0.0,0,0
105384326395,0,oracle_reserve_lru,reload,value_ranked_admission,18763751424,2703228928,2815858769,1652555776,0,0,18763751424,0.9940332927472262,0.9600016015575957,1.0,1.0,11,0,268,499,109,67108864,67108864,CPU,0.0,0.0,0,0
105551425165,0,oracle_reserve_lru,admission,value_ranked_working_set,18709225472,2648702976,2815858769,1652555776,0,83886080,18793111552,0.9955886823946285,0.9704283063068636,1.0,1.0,52,41,-1,0,0,0,0,,0.0,0.0,1,10
105551425165,0,oracle_reserve_lru,reload,value_ranked_admission,18786820096,2726297600,2815858769,1581252608,0,0,18786820096,0.9952553846130423,0.9681940124320205,1.0,1.0,10,0,207,533,519,71303168,71303168,CPU,0.0,0.0,0,0
105631970275,0,oracle_reserve_lru,trigger,forecast_above_trigger,18797305856,2736783360,2815858769,1581252608,0,85983232,18883289088,1.000365950597364,1.002453185179615,1.0,1.0,52,42,-1,0,0,0,0,,0.0,0.0,52,0
105631970275,0,oracle_reserve_lru,spill,proactive_target_headroom,18738585600,2678063104,2815858769,1639972864,0,83886080,18822471680,0.9971440720420308,0.9808550110561316,1.0,1.0,52,41,270,435,121,58720256,58720256,CPU,105631970275.0,0.0,0,0
105886375343,0,oracle_reserve_lru,admission,value_ranked_working_set,18600173568,2539651072,2815858769,1639972864,0,81788928,18681962496,0.9897004215866054,0.9309557811846351,1.0,1.0,51,40,-1,0,0,0,0,,0.0,0.0,2,9
105886375343,0,oracle_reserve_lru,reload,value_ranked_admission,18742779904,2682257408,2815858769,1501560832,0,0,18742779904,0.9929223001419388,0.9525539553081187,1.0,1.0,9,0,270,435,121,58720256,58720256,CPU,0.0,0.0,0,0
105886375343,0,oracle_reserve_lru,reload,value_ranked_admission,18742779904,2682257408,2815858769,1501560832,0,0,18742779904,0.9929223001419388,0.9525539553081187,1.0,1.0,9,0,264,606,120,79691776,79691776,CPU,0.0,0.0,0,0
106003877251,0,oracle_reserve_lru,admission,value_ranked_working_set,18608562176,2548039680,2815858769,1501560832,0,85983232,18694545408,0.9903670171497778,0.9354243689343213,1.0,1.0,50,41,-1,0,0,0,0,,0.0,0.0,1,8
106003877251,0,oracle_reserve_lru,reload,value_ranked_admission,18730196992,2669674496,2815858769,1384120320,0,0,18730196992,0.9922557045787663,0.9480853675584324,1.0,1.0,8,0,259,883,115,117440512,117440512,CPU,0.0,0.0,0,0
106573101632,0,oracle_reserve_lru,trigger,forecast_above_trigger,18797305856,2736783360,2815858769,1384120320,0,83886080,18881191936,1.0002548513368354,1.0017084205546674,1.0,1.0,49,41,-1,0,0,0,0,,0.0,0.0,49,0
106573101632,0,oracle_reserve_lru,spill,proactive_target_headroom,18772140032,2711617536,2815858769,1409286144,0,81788928,18853928960,0.9988105609499618,0.9920264804303471,1.0,1.0,49,40,273,177,142,25165824,25165824,CPU,106573101632.0,0.0,0,0
106692294803,0,oracle_reserve_lru,admission,value_ranked_working_set,18742779904,2682257408,2815858769,1409286144,0,81788928,18824568832,0.9972551713025595,0.9815997756810793,1.0,1.0,48,39,-1,0,0,0,0,,0.0,0.0,1,8
106692294803,0,oracle_reserve_lru,reload,value_ranked_admission,18774237184,2713714688,2815858769,1384120320,0,0,18774237184,0.9945887890498698,0.9637254246823342,1.0,1.0,8,0,273,177,142,25165824,25165824,CPU,0.0,0.0,0,0
106919694095,0,oracle_reserve_lru,trigger,forecast_above_trigger,18797305856,2736783360,2815858769,1384120320,0,83886080,18881191936,1.0002548513368354,1.0017084205546674,1.0,1.0,48,40,-1,0,0,0,0,,0.0,0.0,48,0
106919694095,0,oracle_reserve_lru,spill,proactive_target_headroom,18721808384,2661285888,2815858769,1459617792,0,81788928,18803597312,0.9961441786972721,0.9741521294316022,1.0,1.0,48,39,274,568,151,75497472,75497472,CPU,106919694095.0,0.0,0,0
107336623676,0,oracle_reserve_lru,trigger,forecast_above_trigger,18797305856,2736783360,2815858769,1459617792,0,79691776,18876997632,1.000032652815778,1.000218891304772,1.0,1.0,48,39,-1,0,0,0,0,,0.0,0.0,48,0
107336623676,0,oracle_reserve_lru,spill,proactive_target_headroom,18623242240,2562719744,2815858769,1633681408,0,77594624,18700836864,0.990700314931364,0.9376586628091644,1.0,1.0,48,38,235,1322,581,174063616,174063616,CPU,107336623676.0,0.0,0,0
107336623676,0,oracle_reserve_lru,admission,value_ranked_working_set,18623242240,2562719744,2815858769,1633681408,0,77594624,18700836864,0.990700314931364,0.9376586628091644,1.0,1.0,48,38,-1,0,0,0,0,,0.0,0.0,2,8
107336623676,0,oracle_reserve_lru,reload,value_ranked_admission,18797305856,2736783360,2815858769,1465909248,0,0,18797305856,0.9958108809156859,0.971917835556759,1.0,1.0,8,0,274,568,151,75497472,75497472,CPU,0.0,0.0,0,0
107336623676,0,oracle_reserve_lru,reload,value_ranked_admission,18797305856,2736783360,2815858769,1465909248,0,0,18797305856,0.9958108809156859,0.971917835556759,1.0,1.0,8,0,192,703,584,92274688,92274688,CPU,0.0,0.0,0,0
107362673219,0,oracle_reserve_lru,trigger,forecast_above_trigger,18797305856,2736783360,2815858769,1465909248,0,81788928,18879094784,1.0001437520763066,1.0009636559297197,1.0,1.0,48,40,-1,0,0,0,0,,0.0,0.0,48,0
107362673219,0,oracle_reserve_lru,spill,proactive_target_headroom,18658893824,2598371328,2815858769,1604321280,0,79691776,18738585600,0.9927001016208813,0.9510644260582233,1.0,1.0,48,39,275,1055,159,138412032,138412032,CPU,107362673219.0,0.0,0,0
107559737190,0,oracle_reserve_lru,admission,value_ranked_working_set,18438692864,2378170368,2815858769,1604321280,0,77594624,18516287488,0.9809235800048353,0.8721193758137662,1.0,1.0,46,37,-1,0,0,0,0,,0.0,0.0,2,7
107559737190,0,oracle_reserve_lru,reload,value_ranked_admission,18757459968,2696937472,2815858769,1291845632,0,0,18757459968,0.99369999496564,0.9577673076827526,1.0,1.0,7,0,275,1055,159,138412032,138412032,CPU,0.0,0.0,0,0
107559737190,0,oracle_reserve_lru,reload,value_ranked_admission,18757459968,2696937472,2815858769,1291845632,0,0,18757459968,0.99369999496564,0.9577673076827526,1.0,1.0,7,0,235,1322,581,174063616,174063616,CPU,0.0,0.0,0,0
107798970996,0,oracle_reserve_lru,trigger,forecast_above_trigger,18799403008,2738880512,2815858769,1291845632,0,77594624,18876997632,1.000032652815778,1.000218891304772,1.0,1.0,46,39,-1,0,0,0,0,,0.0,0.0,46,0
107798970996,0,oracle_reserve_lru,spill,proactive_target_headroom,18679865344,2619342848,2815858769,1411383296,0,75497472,18755362816,0.9935888957051112,0.9570225430578049,1.0,1.0,46,38,276,908,171,119537664,119537664,CPU,107798970996.0,0.0,0,0
107927067828,0,oracle_reserve_lru,admission,value_ranked_working_set,18675671040,2615148544,2815858769,1411383296,0,73400320,18749071360,0.993255597923525,0.9547882491829618,1.0,1.0,45,37,-1,0,0,0,0,,0.0,0.0,1,7
107927067828,0,oracle_reserve_lru,reload,value_ranked_admission,18797305856,2736783360,2815858769,1291845632,0,0,18797305856,0.9958108809156859,0.971917835556759,1.0,1.0,7,0,276,908,171,119537664,119537664,CPU,0.0,0.0,0,0
108265953186,0,oracle_reserve_lru,admission,value_ranked_working_set,18650505216,2589982720,2815858769,1291845632,0,71303168,18721808384,0.9918113075366514,0.9451063090586416,1.0,1.0,41,34,-1,0,0,0,0,,0.0,0.0,1,6
108265953186,0,oracle_reserve_lru,reload,value_ranked_admission,18801500160,2740977664,2815858769,1145044992,0,0,18801500160,0.9960330794367434,0.9734073648066545,1.0,1.0,6,0,147,1118,313,146800640,146800640,CPU,0.0,0.0,0,0
108322947495,0,oracle_reserve_lru,trigger,forecast_above_trigger,18805694464,2745171968,2815858769,1145044992,0,73400320,18879094784,1.0001437520763066,1.0009636559297197,1.0,1.0,41,35,-1,0,0,0,0,,0.0,0.0,41,0
108322947495,0,oracle_reserve_lru,spill,proactive_target_headroom,18671476736,2610954240,2815858769,1279262720,0,71303168,18742779904,0.9929223001419388,0.9525539553081187,1.0,1.0,41,34,166,1021,585,134217728,134217728,CPU,108322947495.0,0.0,0,0
108723311427,0,oracle_reserve_lru,admission,value_ranked_working_set,18648408064,2587885568,2815858769,1279262720,0,69206016,18717614080,0.9915891090155939,0.9436167798087461,1.0,1.0,40,33,-1,0,0,0,0,,0.0,0.0,1,6
108723311427,0,oracle_reserve_lru,reload,value_ranked_admission,18786820096,2726297600,2815858769,1145044992,0,0,18786820096,0.9952553846130423,0.9681940124320205,1.0,1.0,6,0,166,1021,585,134217728,134217728,CPU,0.0,0.0,0,0
108934149330,0,oracle_reserve_lru,trigger,forecast_above_trigger,18807791616,2747269120,2815858769,1145044992,0,69206016,18876997632,1.000032652815778,1.000218891304772,1.0,1.0,40,34,-1,0,0,0,0,,0.0,0.0,40,0
108934149330,0,oracle_reserve_lru,spill,proactive_target_headroom,18778431488,2717908992,2815858769,1174405120,0,67108864,18845540352,0.9983661639078468,0.9890474219305564,1.0,1.0,40,33,278,221,198,29360128,29360128,CPU,108934149330.0,0.0,0,0
109146112930,0,oracle_reserve_lru,trigger,forecast_above_trigger,18818277376,2757754880,2815858769,1174405120,0,60817408,18879094784,1.0001437520763066,1.0009636559297197,1.0,1.0,40,33,-1,0,0,0,0,,0.0,0.0,40,0
109146112930,0,oracle_reserve_lru,spill,proactive_target_headroom,18742779904,2682257408,2815858769,1249902592,0,58720256,18801500160,0.9960330794367434,0.9734073648066545,1.0,1.0,40,32,280,561,200,75497472,75497472,CPU,109146112930.0,0.0,0,0
109146112930,0,oracle_reserve_lru,admission,value_ranked_working_set,18742779904,2682257408,2815858769,1249902592,0,58720256,18801500160,0.9960330794367434,0.9734073648066545,1.0,1.0,40,32,-1,0,0,0,0,,0.0,0.0,1,7
109146112930,0,oracle_reserve_lru,reload,value_ranked_admission,18776334336,2715811840,2815858769,1220542464,0,0,18776334336,0.9946998883103986,0.964470189307282,1.0,1.0,7,0,278,221,198,29360128,29360128,CPU,0.0,0.0,0,0
109172467068,0,oracle_reserve_lru,admission,value_ranked_working_set,18625339392,2564816896,2815858769,1220542464,0,58720256,18684059648,0.9898115208471342,0.9317005458095828,1.0,1.0,39,32,-1,0,0,0,0,,0.0,0.0,1,6
109172467068,0,oracle_reserve_lru,reload,value_ranked_admission,18705031168,2644508672,2815858769,1145044992,0,0,18705031168,0.9909225134524215,0.9391481920590599,1.0,1.0,6,0,280,561,200,75497472,75497472,CPU,0.0,0.0,0,0
109305358840,0,oracle_reserve_lru,admission,value_ranked_working_set,18631630848,2571108352,2815858769,1145044992,0,58720256,18690351104,0.9901448186287204,0.9339348396844259,1.0,1.0,38,32,-1,0,0,0,0,,0.0,0.0,1,5
109305358840,0,oracle_reserve_lru,reload,value_ranked_admission,18811985920,2751463424,2815858769,966787072,0,0,18811985920,0.9965885757393871,0.977131187931393,1.0,1.0,5,0,160,1354,173,178257920,178257920,CPU,0.0,0.0,0,0
109385277601,0,oracle_reserve_lru,admission,value_ranked_working_set,18663088128,2602565632,2815858769,966787072,0,58720256,18721808384,0.9918113075366514,0.9451063090586416,1.0,1.0,36,31,-1,0,0,0,0,,0.0,0.0,1,4
109385277601,0,oracle_reserve_lru,reload,value_ranked_admission,18807791616,2747269120,2815858769,830472192,0,0,18807791616,0.9963663772183297,0.9756416586814975,1.0,1.0,4,0,216,1025,344,136314880,136314880,CPU,0.0,0.0,0,0
109595364161,0,oracle_reserve_lru,admission,value_ranked_working_set,18598076416,2537553920,2815858769,830472192,0,60817408,18658893824,0.9884783297207893,0.9227633703102103,1.0,1.0,33,29,-1,0,0,0,0,,0.0,0.0,1,3
109595364161,0,oracle_reserve_lru,reload,value_ranked_admission,18805694464,2745171968,2815858769,627048448,0,0,18805694464,0.9962552779578009,0.9748968940565499,1.0,1.0,3,0,240,1546,431,203423744,203423744,CPU,0.0,0.0,0,0
109685151912,0,oracle_reserve_lru,trigger,forecast_above_trigger,18814083072,2753560576,2815858769,627048448,0,62914560,18876997632,1.000032652815778,1.000218891304772,1.0,1.0,33,30,-1,0,0,0,0,,0.0,0.0,33,0
109685151912,0,oracle_reserve_lru,spill,proactive_target_headroom,18780528640,2720006144,2815858769,660602880,0,60817408,18841346048,0.9981439653867894,0.987557892680661,1.0,1.0,33,29,281,254,213,33554432,33554432,CPU,109685151912.0,0.0,0,0
109961987653,0,oracle_reserve_lru,admission,value_ranked_working_set,18679865344,2619342848,2815858769,660602880,0,54525952,18734391296,0.9924779030998239,0.9495748968083279,1.0,1.0,32,28,-1,0,0,0,0,,0.0,0.0,1,3
109961987653,0,oracle_reserve_lru,reload,value_ranked_admission,18717614080,2657091584,2815858769,627048448,0,0,18717614080,0.9915891090155939,0.9436167798087461,1.0,1.0,3,0,281,254,213,33554432,33554432,CPU,0.0,0.0,0,0
109989296693,0,oracle_reserve_lru,admission,value_ranked_working_set,18627436544,2566914048,2815858769,627048448,0,56623104,18684059648,0.9898115208471342,0.9317005458095828,1.0,1.0,30,27,-1,0,0,0,0,,0.0,0.0,1,2
109989296693,0,oracle_reserve_lru,reload,value_ranked_admission,18795208704,2734686208,2815858769,459276288,0,0,18795208704,0.9956997816551572,0.9711730709318114,1.0,1.0,2,0,162,1267,521,167772160,167772160,CPU,0.0,0.0,0,0
110244158949,0,oracle_reserve_lru,trigger,forecast_above_trigger,18820374528,2759852032,2815858769,459276288,0,58720256,18879094784,1.0001437520763066,1.0009636559297197,1.0,1.0,30,28,-1,0,0,0,0,,0.0,0.0,30,0
110244158949,0,oracle_reserve_lru,spill,proactive_target_headroom,18742779904,2682257408,2815858769,536870912,0,56623104,18799403008,0.9959219801762147,0.9726626001817068,1.0,1.0,30,27,282,590,229,77594624,77594624,CPU,110244158949.0,0.0,0,0
110536671936,0,oracle_reserve_lru,admission,value_ranked_working_set,18627436544,2566914048,2815858769,536870912,0,52428800,18679865344,0.9895893223260767,0.9302110165596874,1.0,1.0,29,26,-1,0,0,0,0,,0.0,0.0,1,2
110536671936,0,oracle_reserve_lru,reload,value_ranked_admission,18709225472,2648702976,2815858769,459276288,0,0,18709225472,0.991144711973479,0.9406377213089553,1.0,1.0,2,0,282,590,229,77594624,77594624,CPU,0.0,0.0,0,0
111260525705,0,oracle_reserve_lru,admission,value_ranked_working_set,18484830208,2424307712,2815858769,459276288,0,48234496,18533064704,0.9818123740890651,0.8780774928133478,1.0,1.0,25,23,-1,0,0,0,0,,0.0,0.0,1,1
111260525705,0,oracle_reserve_lru,reload,value_ranked_admission,18702934016,2642411520,2815858769,243269632,0,0,18702934016,0.9908114141918928,0.9384034274341122,1.0,1.0,1,0,267,1647,104,216006656,216006656,CPU,0.0,0.0,0,0
111382373204,0,oracle_reserve_lru,admission,value_ranked_working_set,18497413120,2436890624,2815858769,243269632,0,46137344,18543550464,0.9823678703917088,0.8818013159380864,1.0,1.0,24,23,-1,0,0,0,0,,0.0,0.0,1,0
111382373204,0,oracle_reserve_lru,reload,value_ranked_admission,18740682752,2680160256,2815858769,0,0,0,18740682752,0.9928112008814101,0.9518091906831709,1.0,1.0,0,0,154,1851,44,243269632,243269632,CPU,0.0,0.0,0,0
