sim_time_ns,instance_id,policy,event_type,reason,npu_used_bytes,npu_kv_bytes,kv_capacity_bytes,cpu_used_bytes,cxl_used_bytes,reserve_bytes,forecast_bytes,pressure,kv_pressure,trigger,target,active_decode_requests,resident_decode_requests,request_id,request_input_tokens,request_generated_tokens,raw_bytes,stored_bytes,storage_tier,score,utility,selected_requests,deferred_requests
32946960334,0,oracle_reserve_lru,trigger,forecast_above_trigger,25875193856,9814671360,10171815971,0,0,406847488,26282041344,1.0018947177378992,1.0048863327002477,1.0,0.98,197,197,-1,0,0,0,0,,0.0,0.0,197,0
32946960334,0,oracle_reserve_lru,spill,proactive_target_headroom,25803890688,9743368192,10171815971,71303168,0,404750336,26208641024,0.9990966324626449,0.9976702839426547,1.0,0.98,197,196,14,529,491,71303168,71303168,CPU,32946960334.0,0.0,0,0
32946960334,0,oracle_reserve_lru,spill,proactive_target_headroom,25730490368,9669967872,10171815971,144703488,0,402653184,26133143552,0.9962186018938118,0.9902480623634161,1.0,0.98,197,195,28,545,472,73400320,73400320,CPU,32946960334.0,0.0,0,0
32946960334,0,oracle_reserve_lru,spill,proactive_target_headroom,25648701440,9588178944,10171815971,226492416,0,402653184,26051354624,0.9931007354442428,0.982207322319241,1.0,0.98,197,194,31,610,469,81788928,81788928,CPU,32946960334.0,0.0,0,0
32946960334,0,oracle_reserve_lru,spill,proactive_target_headroom,25575301120,9514778624,10171815971,299892736,0,400556032,25975857152,0.9902227048754098,0.9747851007400024,1.0,0.98,197,193,34,553,451,73400320,73400320,CPU,32946960334.0,0.0,0,0
33519806300,0,oracle_reserve_lru,trigger,forecast_above_trigger,25982148608,9921626112,10171815971,299892736,0,411041792,26393190400,1.00613181829757,1.0158134922474602,1.0,0.98,203,199,-1,0,0,0,0,,0.0,0.0,203,0
33519806300,0,oracle_reserve_lru,spill,proactive_target_headroom,25816473600,9755951104,10171815971,465567744,0,408944640,26225418240,0.9997361948112744,0.9993196665158188,1.0,0.98,203,198,44,1257,429,165675008,165675008,CPU,33519806300.0,0.0,0,0
33519806300,0,oracle_reserve_lru,spill,proactive_target_headroom,25736781824,9676259328,10171815971,545259520,0,406847488,26143629312,0.9966183283617054,0.9912789264716437,1.0,0.98,203,197,45,608,428,79691776,79691776,CPU,33519806300.0,0.0,0,0
33519806300,0,oracle_reserve_lru,spill,proactive_target_headroom,25541746688,9481224192,10171815971,740294656,0,404750336,25946497024,0.989103470765308,0.9718986812369651,1.0,0.98,203,196,46,1486,428,195035136,195035136,CPU,33519806300.0,0.0,0,0
33519806300,0,oracle_reserve_lru,admission,value_ranked_working_set,25541746688,9481224192,10171815971,740294656,0,404750336,25946497024,0.989103470765308,0.9718986812369651,1.0,0.98,203,196,-1,0,0,0,0,,0.0,0.0,1,6
33519806300,0,oracle_reserve_lru,reload,value_ranked_admission,25843736576,9783214080,10171815971,660602880,0,0,25843736576,0.985186151379952,0.9617962129763348,1.0,0.98,6,0,45,608,428,79691776,79691776,CPU,0.0,0.0,0,0
33823342940,0,oracle_reserve_lru,trigger,forecast_above_trigger,25843736576,9783214080,10171815971,660602880,0,415236096,26258972672,1.0010153195085336,1.0026184316621471,1.0,0.98,208,202,-1,0,0,0,0,,0.0,0.0,208,0
33823342940,0,oracle_reserve_lru,spill,proactive_target_headroom,25774530560,9714008064,10171815971,729808896,0,413138944,26187669504,0.9982971795268579,0.9956085557261996,1.0,0.98,208,201,47,516,429,69206016,69206016,CPU,33823342940.0,0.0,0,0
33823342940,0,oracle_reserve_lru,spill,proactive_target_headroom,25585786880,9525264384,10171815971,918552576,0,411041792,25996828672,0.9910221578111967,0.9768468289564576,1.0,0.98,208,200,56,1435,394,188743680,188743680,CPU,33823342940.0,0.0,0,0
34775329552,0,oracle_reserve_lru,trigger,forecast_above_trigger,25915039744,9854517248,10171815971,918552576,0,429916160,26344955904,1.00429307654526,1.0110715173496132,1.0,0.98,216,208,-1,0,0,0,0,,0.0,0.0,216,0
34775329552,0,oracle_reserve_lru,spill,proactive_target_headroom,25761947648,9701425152,10171815971,1071644672,0,427819008,26189766656,0.9983771248204366,0.995814728547845,1.0,0.98,216,207,70,1167,377,153092096,153092096,CPU,34775329552.0,0.0,0,0
34775329552,0,oracle_reserve_lru,spill,proactive_target_headroom,25661284352,9600761856,10171815971,1172307968,0,425721856,26087006208,0.9944598054350806,0.9857122602872147,1.0,0.98,216,206,78,767,367,100663296,100663296,CPU,34775329552.0,0.0,0,0
34775329552,0,oracle_reserve_lru,spill,proactive_target_headroom,25604661248,9544138752,10171815971,1228931072,0,423624704,26028285952,0.9922213372148772,0.9799394212811403,1.0,0.98,216,205,79,417,366,56623104,56623104,CPU,34775329552.0,0.0,0,0
35440460365,0,oracle_reserve_lru,trigger,forecast_above_trigger,25822765056,9762242560,10171815971,1228931072,0,425721856,26248486912,1.00061559304064,1.0015875675539194,1.0,0.98,217,206,-1,0,0,0,0,,0.0,0.0,217,0
35440460365,0,oracle_reserve_lru,spill,proactive_target_headroom,25770336256,9709813760,10171815971,1281359872,0,423624704,26193960960,0.998537015407594,0.9962270741911361,1.0,0.98,217,205,80,395,372,52428800,52428800,CPU,35440460365.0,0.0,0,0
35440460365,0,oracle_reserve_lru,spill,proactive_target_headroom,25717907456,9657384960,10171815971,1333788672,0,421527552,26139435008,0.9964584377745479,0.9908665808283527,1.0,0.98,217,204,86,398,364,52428800,52428800,CPU,35440460365.0,0.0,0,0
35440460365,0,oracle_reserve_lru,spill,proactive_target_headroom,25636118528,9575596032,10171815971,1415577600,0,419430400,26055548928,0.9932606260314002,0.982619667962532,1.0,0.98,217,203,88,621,355,81788928,81788928,CPU,35440460365.0,0.0,0,0
35440460365,0,oracle_reserve_lru,spill,proactive_target_headroom,25587884032,9527361536,10171815971,1463812096,0,417333248,26005217280,0.9913419389855115,0.9776715202430396,1.0,0.98,217,202,89,366,354,48234496,48234496,CPU,35440460365.0,0.0,0,0
36254633745,0,oracle_reserve_lru,trigger,forecast_above_trigger,26036674560,9976152064,10171815971,1463812096,0,436207616,26472882176,1.0091697394535604,1.0236480594699897,1.0,0.98,226,211,-1,0,0,0,0,,0.0,0.0,226,0
36254633745,0,oracle_reserve_lru,spill,proactive_target_headroom,25990537216,9930014720,10171815971,1509949440,0,434110464,26424647680,1.0073309977012503,1.018906084572143,1.0,0.98,226,210,97,349,342,46137344,46137344,CPU,36254633745.0,0.0,0,0
36254633745,0,oracle_reserve_lru,spill,proactive_target_headroom,25854222336,9793699840,10171815971,1646264320,0,432013312,26286235648,1.0020546083250566,1.005298678343539,1.0,0.98,226,209,99,1033,342,136314880,136314880,CPU,36254633745.0,0.0,0,0
36254633745,0,oracle_reserve_lru,spill,proactive_target_headroom,25803890688,9743368192,10171815971,1696595968,0,429916160,26233806848,1.0000559759855892,1.000144357802401,1.0,0.98,226,208,103,384,340,50331648,50331648,CPU,36254633745.0,0.0,0,0
36254633745,0,oracle_reserve_lru,spill,proactive_target_headroom,25657090048,9596567552,10171815971,1843396608,0,427819008,26084909056,0.9943798601415019,0.9855060874655692,1.0,0.98,226,207,104,1114,340,146800640,146800640,CPU,36254633745.0,0.0,0,0
36254633745,0,oracle_reserve_lru,spill,proactive_target_headroom,25602564096,9542041600,10171815971,1897922560,0,425721856,26028285952,0.9922213372148772,0.9799394212811403,1.0,0.98,226,206,106,404,340,54525952,54525952,CPU,36254633745.0,0.0,0,0
36821310238,0,oracle_reserve_lru,admission,value_ranked_working_set,25506095104,9445572608,10171815971,1897922560,0,427819008,25933914112,0.9886237990038359,0.970661644307092,1.0,0.98,228,208,-1,0,0,0,0,,0.0,0.0,1,19
36821310238,0,oracle_reserve_lru,reload,value_ranked_admission,25589981184,9529458688,10171815971,1851785216,0,0,25589981184,0.97551277085693,0.9368493015572273,1.0,0.98,19,0,97,349,342,46137344,46137344,CPU,0.0,0.0,0,0
38847323872,0,oracle_reserve_lru,trigger,forecast_above_trigger,25948594176,9888071680,10171815971,1851785216,0,438304768,26386898944,1.005891982416834,1.0151949737825237,1.0,0.98,230,211,-1,0,0,0,0,,0.0,0.0,230,0
38847323872,0,oracle_reserve_lru,spill,proactive_target_headroom,25896165376,9835642880,10171815971,1904214016,0,436207616,26332372992,1.0038134047837879,1.00983448041974,1.0,0.98,230,210,107,385,368,52428800,52428800,CPU,38847323872.0,0.0,0,0
38847323872,0,oracle_reserve_lru,spill,proactive_target_headroom,25845833728,9785311232,10171815971,1954545664,0,434110464,26279944192,1.0018147724443205,1.0046801598786024,1.0,0.98,230,209,110,382,368,50331648,50331648,CPU,38847323872.0,0.0,0,0
38847323872,0,oracle_reserve_lru,spill,proactive_target_headroom,25797599232,9737076736,10171815971,2002780160,0,432013312,26229612544,0.9998960853984318,0.9997320121591099,1.0,0.98,230,208,115,366,357,48234496,48234496,CPU,38847323872.0,0.0,0,0
38847323872,0,oracle_reserve_lru,spill,proactive_target_headroom,25749364736,9688842240,10171815971,2051014656,0,429916160,26179280896,0.9979773983525432,0.9947838644396175,1.0,0.98,230,207,117,363,352,48234496,48234496,CPU,38847323872.0,0.0,0,0
38847323872,0,oracle_reserve_lru,spill,proactive_target_headroom,25699033088,9638510592,10171815971,2101346304,0,427819008,26126852096,0.9959787660130758,0.9896295438984796,1.0,0.98,230,206,119,380,344,50331648,50331648,CPU,38847323872.0,0.0,0,0
38847323872,0,oracle_reserve_lru,spill,proactive_target_headroom,25652895744,9592373248,10171815971,2147483648,0,425721856,26078617600,0.9941400242607658,0.9848875690006327,1.0,0.98,230,205,120,350,339,46137344,46137344,CPU,38847323872.0,0.0,0,0
38847323872,0,oracle_reserve_lru,spill,proactive_target_headroom,25606758400,9546235904,10171815971,2193620992,0,423624704,26030383104,0.9923012825084558,0.9801455941027858,1.0,0.98,230,204,124,352,331,46137344,46137344,CPU,38847323872.0,0.0,0,0
38847323872,0,oracle_reserve_lru,spill,proactive_target_headroom,25560621056,9500098560,10171815971,2239758336,0,421527552,25982148608,0.9904625407561458,0.9754036192049389,1.0,0.98,230,203,126,345,329,46137344,46137344,CPU,38847323872.0,0.0,0,0
39802356028,0,oracle_reserve_lru,trigger,forecast_above_trigger,25917136896,9856614400,10171815971,2239758336,0,423624704,26340761600,1.0041331859581026,1.0106591717063222,1.0,0.98,235,208,-1,0,0,0,0,,0.0,0.0,235,0
39802356028,0,oracle_reserve_lru,spill,proactive_target_headroom,25868902400,9808379904,10171815971,2287992832,0,421527552,26290429952,1.002214498912214,1.0057110239868299,1.0,0.98,235,207,128,355,333,48234496,48234496,CPU,39802356028.0,0.0,0,0
39802356028,0,oracle_reserve_lru,spill,proactive_target_headroom,25808084992,9747562496,10171815971,2348810240,0,419430400,26227515392,0.9998161401048531,0.9995258393374643,1.0,0.98,235,206,129,458,331,60817408,60817408,CPU,39802356028.0,0.0,0,0
39802356028,0,oracle_reserve_lru,spill,proactive_target_headroom,25761947648,9701425152,10171815971,2394947584,0,417333248,26179280896,0.9979773983525432,0.9947838644396175,1.0,0.98,235,205,133,340,329,46137344,46137344,CPU,39802356028.0,0.0,0,0
39802356028,0,oracle_reserve_lru,spill,proactive_target_headroom,25573203968,9512681472,10171815971,2583691264,0,415236096,25988440064,0.990702376636882,0.9760221376698754,1.0,0.98,235,204,134,1432,321,188743680,188743680,CPU,39802356028.0,0.0,0,0
40142461545,0,oracle_reserve_lru,admission,value_ranked_working_set,25558523904,9498001408,10171815971,2583691264,0,421527552,25980051456,0.9903825954625671,0.9751974463832934,1.0,0.98,235,204,-1,0,0,0,0,,0.0,0.0,1,30
40142461545,0,oracle_reserve_lru,reload,value_ranked_admission,25638215680,9577693184,10171815971,2537553920,0,0,25638215680,0.9773515126092399,0.9415912764550742,1.0,0.98,30,0,133,340,329,46137344,46137344,CPU,0.0,0.0,0,0
40861565053,0,oracle_reserve_lru,trigger,forecast_above_trigger,25902456832,9841934336,10171815971,2537553920,0,417333248,26319790080,1.0033337330223158,1.008597443489867,1.0,0.98,237,207,-1,0,0,0,0,,0.0,0.0,237,0
40861565053,0,oracle_reserve_lru,spill,proactive_target_headroom,25845833728,9785311232,10171815971,2594177024,0,415236096,26261069824,1.0010952648021123,1.0028246044837925,1.0,0.98,237,206,137,421,330,56623104,56623104,CPU,40861565053.0,0.0,0,0
40861565053,0,oracle_reserve_lru,spill,proactive_target_headroom,25795502080,9734979584,10171815971,2644508672,0,413138944,26208641024,0.9990966324626449,0.9976702839426547,1.0,0.98,237,205,139,377,324,50331648,50331648,CPU,40861565053.0,0.0,0,0
40861565053,0,oracle_reserve_lru,spill,proactive_target_headroom,25705324544,9644802048,10171815971,2734686208,0,411041792,26116366336,0.9955790395451823,0.988598679790252,1.0,0.98,237,204,140,677,315,90177536,90177536,CPU,40861565053.0,0.0,0,0
40861565053,0,oracle_reserve_lru,spill,proactive_target_headroom,25598369792,9537847296,10171815971,2841640960,0,408944640,26007314432,0.9914218842790902,0.9778776930646851,1.0,0.98,237,203,141,815,315,106954752,106954752,CPU,40861565053.0,0.0,0,0
40966236781,0,oracle_reserve_lru,trigger,forecast_above_trigger,25826959360,9766436864,10171815971,2841640960,0,411041792,26238001152,1.0002158665727465,1.000556703445692,1.0,0.98,239,205,-1,0,0,0,0,,0.0,0.0,239,0
40966236781,0,oracle_reserve_lru,spill,proactive_target_headroom,25776627712,9716105216,10171815971,2891972608,0,408944640,26185572352,0.9982172342332792,0.9954023829045541,1.0,0.98,239,204,142,371,316,50331648,50331648,CPU,40966236781.0,0.0,0,0
40966236781,0,oracle_reserve_lru,spill,proactive_target_headroom,25732587520,9672065024,10171815971,2936012800,0,406847488,26139435008,0.9964584377745479,0.9908665808283527,1.0,0.98,239,203,144,330,315,44040192,44040192,CPU,40966236781.0,0.0,0,0
40966236781,0,oracle_reserve_lru,spill,proactive_target_headroom,25688547328,9628024832,10171815971,2980052992,0,404750336,26093297664,0.9946996413158167,0.9863307787521512,1.0,0.98,239,202,145,336,315,44040192,44040192,CPU,40966236781.0,0.0,0,0
40966236781,0,oracle_reserve_lru,spill,proactive_target_headroom,25642409984,9581887488,10171815971,3026190336,0,402653184,26045063168,0.9928608995635066,0.9815888038543044,1.0,0.98,239,201,146,342,314,46137344,46137344,CPU,40966236781.0,0.0,0,0
40966236781,0,oracle_reserve_lru,spill,proactive_target_headroom,25598369792,9537847296,10171815971,3070230528,0,400556032,25998925824,0.9911021031047754,0.9770530017781031,1.0,0.98,239,200,147,323,313,44040192,44040192,CPU,40966236781.0,0.0,0,0
41178230584,0,oracle_reserve_lru,admission,value_ranked_working_set,25420111872,9359589376,10171815971,3070230528,0,402653184,25822765056,0.984386698444165,0.9597344847598797,1.0,0.98,237,198,-1,0,0,0,0,,0.0,0.0,4,35
41178230584,0,oracle_reserve_lru,reload,value_ranked_admission,25629827072,9569304576,10171815971,2885681152,0,0,25629827072,0.9770317314349252,0.9407665851684921,1.0,0.98,35,0,142,371,316,50331648,50331648,CPU,0.0,0.0,0,0
41178230584,0,oracle_reserve_lru,reload,value_ranked_admission,25629827072,9569304576,10171815971,2885681152,0,0,25629827072,0.9770317314349252,0.9407665851684921,1.0,0.98,35,0,144,330,315,44040192,44040192,CPU,0.0,0.0,0,0
41178230584,0,oracle_reserve_lru,reload,value_ranked_admission,25629827072,9569304576,10171815971,2885681152,0,0,25629827072,0.9770317314349252,0.9407665851684921,1.0,0.98,35,0,145,336,315,44040192,44040192,CPU,0.0,0.0,0,0
41178230584,0,oracle_reserve_lru,reload,value_ranked_admission,25629827072,9569304576,10171815971,2885681152,0,0,25629827072,0.9770317314349252,0.9407665851684921,1.0,0.98,35,0,146,342,314,46137344,46137344,CPU,0.0,0.0,0,0
41248387021,0,oracle_reserve_lru,admission,value_ranked_working_set,25476734976,9416212480,10171815971,2885681152,0,413138944,25889873920,0.9869449478386833,0.9663320150525362,1.0,0.98,237,202,-1,0,0,0,0,,0.0,0.0,2,33
41248387021,0,oracle_reserve_lru,reload,value_ranked_admission,25598369792,9537847296,10171815971,2785017856,0,0,25598369792,0.9758325520312447,0.9376739928438094,1.0,0.98,33,0,147,323,313,44040192,44040192,CPU,0.0,0.0,0,0
41248387021,0,oracle_reserve_lru,reload,value_ranked_admission,25598369792,9537847296,10171815971,2785017856,0,0,25598369792,0.9758325520312447,0.9376739928438094,1.0,0.98,33,0,137,421,330,56623104,56623104,CPU,0.0,0.0,0,0
41318543458,0,oracle_reserve_lru,admission,value_ranked_working_set,25537552384,9477029888,10171815971,2785017856,0,417333248,25954885632,0.9894232519396228,0.9727233725235472,1.0,0.98,236,203,-1,0,0,0,0,,0.0,0.0,1,32
41318543458,0,oracle_reserve_lru,reload,value_ranked_admission,25747267584,9686745088,10171815971,2734686208,0,0,25747267584,0.9815086678753321,0.9523122631806411,1.0,0.98,32,0,139,377,324,50331648,50331648,CPU,0.0,0.0,0,0
41458516612,0,oracle_reserve_lru,trigger,forecast_above_trigger,25929719808,9869197312,10171815971,2734686208,0,425721856,26355441664,1.0046928030131534,1.012102381457841,1.0,0.98,239,207,-1,0,0,0,0,,0.0,0.0,239,0
41458516612,0,oracle_reserve_lru,spill,proactive_target_headroom,25835347968,9774825472,10171815971,2829058048,0,423624704,26258972672,1.0010153195085336,1.0026184316621471,1.0,0.98,239,206,148,705,320,94371840,94371840,CPU,41458516612.0,0.0,0,0
41458516612,0,oracle_reserve_lru,spill,proactive_target_headroom,25791307776,9730785280,10171815971,2873098240,0,421527552,26212835328,0.9992565230498023,0.9980826295859457,1.0,0.98,239,205,150,329,316,44040192,44040192,CPU,41458516612.0,0.0,0,0
41458516612,0,oracle_reserve_lru,spill,proactive_target_headroom,25740976128,9680453632,10171815971,2923429888,0,419430400,26160406528,0.9972578907103349,0.9929283090448078,1.0,0.98,239,204,152,381,315,50331648,50331648,CPU,41458516612.0,0.0,0,0
41458516612,0,oracle_reserve_lru,spill,proactive_target_headroom,25699033088,9638510592,10171815971,2965372928,0,417333248,26116366336,0.9955790395451823,0.988598679790252,1.0,0.98,239,203,160,307,296,41943040,41943040,CPU,41458516612.0,0.0,0,0
41458516612,0,oracle_reserve_lru,spill,proactive_target_headroom,25657090048,9596567552,10171815971,3007315968,0,415236096,26072326144,0.9939001883800297,0.9842690505356961,1.0,0.98,239,202,161,313,293,41943040,41943040,CPU,41458516612.0,0.0,0,0
41458516612,0,oracle_reserve_lru,spill,proactive_target_headroom,25615147008,9554624512,10171815971,3049259008,0,413138944,26028285952,0.9922213372148772,0.9799394212811403,1.0,0.98,239,201,165,306,288,41943040,41943040,CPU,41458516612.0,0.0,0,0
41598150046,0,oracle_reserve_lru,trigger,forecast_above_trigger,25820667904,9760145408,10171815971,3049259008,0,417333248,26238001152,1.0002158665727465,1.000556703445692,1.0,0.98,241,203,-1,0,0,0,0,,0.0,0.0,241,0
41598150046,0,oracle_reserve_lru,spill,proactive_target_headroom,25686450176,9625927680,10171815971,3183476736,0,415236096,26101686272,0.9950194224901314,0.9871554700387334,1.0,0.98,241,202,166,1022,289,134217728,134217728,CPU,41598150046.0,0.0,0,0
41598150046,0,oracle_reserve_lru,spill,proactive_target_headroom,25642409984,9581887488,10171815971,3227516928,0,413138944,26055548928,0.9932606260314002,0.982619667962532,1.0,0.98,241,201,167,327,289,44040192,44040192,CPU,41598150046.0,0.0,0,0
41598150046,0,oracle_reserve_lru,spill,proactive_target_headroom,25600466944,9539944448,10171815971,3269459968,0,411041792,26011508736,0.9915817748662475,0.9782900387079762,1.0,0.98,241,200,168,320,289,41943040,41943040,CPU,41598150046.0,0.0,0,0
42639625350,0,oracle_reserve_lru,trigger,forecast_above_trigger,25826959360,9766436864,10171815971,3269459968,0,413138944,26240098304,1.0002958118663252,1.0007628762673375,1.0,0.98,244,203,-1,0,0,0,0,,0.0,0.0,244,0
42639625350,0,oracle_reserve_lru,spill,proactive_target_headroom,25755656192,9695133696,10171815971,3340763136,0,411041792,26166697984,0.9974977265910709,0.9935468275097443,1.0,0.98,244,202,169,541,297,71303168,71303168,CPU,42639625350.0,0.0,0,0
42639625350,0,oracle_reserve_lru,spill,proactive_target_headroom,25713713152,9653190656,10171815971,3382706176,0,408944640,26122657792,0.9958188754259184,0.9892171982551885,1.0,0.98,244,201,173,317,296,41943040,41943040,CPU,42639625350.0,0.0,0,0
42639625350,0,oracle_reserve_lru,spill,proactive_target_headroom,25592078336,9531555840,10171815971,3504340992,0,406847488,25998925824,0.9911021031047754,0.9770530017781031,1.0,0.98,244,200,178,924,286,121634816,121634816,CPU,42639625350.0,0.0,0,0
44072817730,0,oracle_reserve_lru,admission,value_ranked_working_set,25539649536,9479127040,10171815971,3504340992,0,413138944,25952788480,0.9893433066460441,0.9725171997019016,1.0,0.98,245,201,-1,0,0,0,0,,0.0,0.0,1,43
44072817730,0,oracle_reserve_lru,reload,value_ranked_admission,25736781824,9676259328,10171815971,3433037824,0,0,25736781824,0.9811089414074385,0.9512813990724135,1.0,0.98,43,0,169,541,297,71303168,71303168,CPU,0.0,0.0,0,0
44352958866,0,oracle_reserve_lru,trigger,forecast_above_trigger,25898262528,9837740032,10171815971,3433037824,0,417333248,26315595776,1.0031738424351584,1.008185097846576,1.0,0.98,246,203,-1,0,0,0,0,,0.0,0.0,246,0
44352958866,0,oracle_reserve_lru,spill,proactive_target_headroom,25820667904,9760145408,10171815971,3510632448,0,415236096,26235904000,1.0001359212791678,1.0003505306240463,1.0,0.98,246,202,179,586,297,77594624,77594624,CPU,44352958866.0,0.0,0,0
44352958866,0,oracle_reserve_lru,spill,proactive_target_headroom,25778724864,9718202368,10171815971,3552575488,0,413138944,26191863808,0.9984570701140153,0.9960209013694906,1.0,0.98,246,201,180,308,296,41943040,41943040,CPU,44352958866.0,0.0,0,0
44352958866,0,oracle_reserve_lru,spill,proactive_target_headroom,25726296064,9665773568,10171815971,3605004288,0,411041792,26137337856,0.9963784924809692,0.9906604080067072,1.0,0.98,246,200,181,393,296,52428800,52428800,CPU,44352958866.0,0.0,0,0
44352958866,0,oracle_reserve_lru,spill,proactive_target_headroom,25684353024,9623830528,10171815971,3646947328,0,408944640,26093297664,0.9946996413158167,0.9863307787521512,1.0,0.98,246,199,183,307,290,41943040,41943040,CPU,44352958866.0,0.0,0,0
44352958866,0,oracle_reserve_lru,spill,proactive_target_headroom,25642409984,9581887488,10171815971,3688890368,0,406847488,26049257472,0.993020790150664,0.9820011494975954,1.0,0.98,246,198,188,307,282,41943040,41943040,CPU,44352958866.0,0.0,0,0
44352958866,0,oracle_reserve_lru,spill,proactive_target_headroom,25430597632,9370075136,10171815971,3900702720,0,404750336,25835347968,0.9848663702056373,0.9609715216897528,1.0,0.98,246,197,190,1615,281,211812352,211812352,CPU,44352958866.0,0.0,0,0
44352958866,0,oracle_reserve_lru,admission,value_ranked_working_set,25430597632,9370075136,10171815971,3900702720,0,404750336,25835347968,0.9848663702056373,0.9609715216897528,1.0,0.98,246,197,-1,0,0,0,0,,0.0,0.0,3,46
44352958866,0,oracle_reserve_lru,reload,value_ranked_admission,25634021376,9573498880,10171815971,3728736256,0,0,25634021376,0.9771916220220825,0.9411789308117832,1.0,0.98,46,0,179,586,297,77594624,77594624,CPU,0.0,0.0,0,0
44352958866,0,oracle_reserve_lru,reload,value_ranked_admission,25634021376,9573498880,10171815971,3728736256,0,0,25634021376,0.9771916220220825,0.9411789308117832,1.0,0.98,46,0,180,308,296,41943040,41943040,CPU,0.0,0.0,0,0
44352958866,0,oracle_reserve_lru,reload,value_ranked_admission,25634021376,9573498880,10171815971,3728736256,0,0,25634021376,0.9771916220220825,0.9411789308117832,1.0,0.98,46,0,181,393,296,52428800,52428800,CPU,0.0,0.0,0,0
44438192678,0,oracle_reserve_lru,admission,value_ranked_working_set,25390751744,9330229248,10171815971,3728736256,0,411041792,25801793536,0.9835872455083781,0.9576727565434245,1.0,0.98,246,200,-1,0,0,0,0,,0.0,0.0,5,41
44438192678,0,oracle_reserve_lru,reload,value_ranked_admission,25644507136,9583984640,10171815971,3516923904,0,0,25644507136,0.977591348489976,0.9422097949200108,1.0,0.98,41,0,183,307,290,41943040,41943040,CPU,0.0,0.0,0,0
44438192678,0,oracle_reserve_lru,reload,value_ranked_admission,25644507136,9583984640,10171815971,3516923904,0,0,25644507136,0.977591348489976,0.9422097949200108,1.0,0.98,41,0,188,307,282,41943040,41943040,CPU,0.0,0.0,0,0
44438192678,0,oracle_reserve_lru,reload,value_ranked_admission,25644507136,9583984640,10171815971,3516923904,0,0,25644507136,0.977591348489976,0.9422097949200108,1.0,0.98,41,0,173,317,296,41943040,41943040,CPU,0.0,0.0,0,0
44438192678,0,oracle_reserve_lru,reload,value_ranked_admission,25644507136,9583984640,10171815971,3516923904,0,0,25644507136,0.977591348489976,0.9422097949200108,1.0,0.98,41,0,167,327,289,44040192,44040192,CPU,0.0,0.0,0,0
44438192678,0,oracle_reserve_lru,reload,value_ranked_admission,25644507136,9583984640,10171815971,3516923904,0,0,25644507136,0.977591348489976,0.9422097949200108,1.0,0.98,41,0,168,320,289,41943040,41943040,CPU,0.0,0.0,0,0
44865307189,0,oracle_reserve_lru,trigger,forecast_above_trigger,25965371392,9904848896,10171815971,3516923904,0,438304768,26403676160,1.0065315447654635,1.0168443563556877,1.0,0.98,252,211,-1,0,0,0,0,,0.0,0.0,252,0
44865307189,0,oracle_reserve_lru,spill,proactive_target_headroom,25887776768,9827254272,10171815971,3594518528,0,436207616,26323984384,1.0034936236094731,1.0090097891331582,1.0,0.98,252,210,196,582,286,77594624,77594624,CPU,44865307189.0,0.0,0,0
44865307189,0,oracle_reserve_lru,spill,proactive_target_headroom,25847930880,9787408384,10171815971,3634364416,0,434110464,26282041344,1.0018947177378992,1.0048863327002477,1.0,0.98,252,209,198,289,280,39845888,39845888,CPU,44865307189.0,0.0,0,0
44865307189,0,oracle_reserve_lru,spill,proactive_target_headroom,25795502080,9734979584,10171815971,3686793216,0,432013312,26227515392,0.9998161401048531,0.9995258393374643,1.0,0.98,252,208,199,396,277,52428800,52428800,CPU,44865307189.0,0.0,0,0
44865307189,0,oracle_reserve_lru,spill,proactive_target_headroom,25755656192,9695133696,10171815971,3726639104,0,429916160,26185572352,0.9982172342332792,0.9954023829045541,1.0,0.98,252,207,200,292,275,39845888,39845888,CPU,44865307189.0,0.0,0,0
44865307189,0,oracle_reserve_lru,spill,proactive_target_headroom,25606758400,9546235904,10171815971,3875536896,0,427819008,26034577408,0.9924611730956132,0.9805579397460769,1.0,0.98,252,206,203,1134,272,148897792,148897792,CPU,44865307189.0,0.0,0,0
44865307189,0,oracle_reserve_lru,spill,proactive_target_headroom,25520775168,9460252672,10171815971,3961520128,0,425721856,25946497024,0.989103470765308,0.9718986812369651,1.0,0.98,252,205,205,645,271,85983232,85983232,CPU,44865307189.0,0.0,0,0
44865307189,0,oracle_reserve_lru,admission,value_ranked_working_set,25520775168,9460252672,10171815971,3961520128,0,425721856,25946497024,0.989103470765308,0.9718986812369651,1.0,0.98,252,205,-1,0,0,0,0,,0.0,0.0,1,46
44865307189,0,oracle_reserve_lru,reload,value_ranked_admission,25636118528,9575596032,10171815971,3883925504,0,0,25636118528,0.9772715673156612,0.9413851036334286,1.0,0.98,46,0,196,582,286,77594624,77594624,CPU,0.0,0.0,0,0
46538772499,0,oracle_reserve_lru,trigger,forecast_above_trigger,25887776768,9827254272,10171815971,3883925504,0,417333248,26305110016,1.0027741159672647,1.0071542337383486,1.0,0.98,252,206,-1,0,0,0,0,,0.0,0.0,252,0
46538772499,0,oracle_reserve_lru,spill,proactive_target_headroom,25797599232,9737076736,10171815971,3974103040,0,415236096,26212835328,0.9992565230498023,0.9980826295859457,1.0,0.98,252,205,208,679,293,90177536,90177536,CPU,46538772499.0,0.0,0,0
46538772499,0,oracle_reserve_lru,spill,proactive_target_headroom,25755656192,9695133696,10171815971,4016046080,0,413138944,26168795136,0.9975776718846496,0.9937530003313899,1.0,0.98,252,204,213,316,290,41943040,41943040,CPU,46538772499.0,0.0,0,0
46538772499,0,oracle_reserve_lru,spill,proactive_target_headroom,25701130240,9640607744,10171815971,4070572032,0,411041792,26112172032,0.995419148958025,0.988186334146961,1.0,0.98,252,203,214,403,290,54525952,54525952,CPU,46538772499.0,0.0,0,0
46538772499,0,oracle_reserve_lru,spill,proactive_target_headroom,25661284352,9600761856,10171815971,4110417920,0,408944640,26070228992,0.993820243086451,0.9840628777140507,1.0,0.98,252,202,218,301,286,39845888,39845888,CPU,46538772499.0,0.0,0,0
46538772499,0,oracle_reserve_lru,spill,proactive_target_headroom,25617244160,9556721664,10171815971,4154458112,0,406847488,26024091648,0.9920614466277198,0.9795270756378492,1.0,0.98,252,201,221,330,280,44040192,44040192,CPU,46538772499.0,0.0,0,0
48290792434,0,oracle_reserve_lru,trigger,forecast_above_trigger,25831153664,9770631168,10171815971,4154458112,0,408944640,26240098304,1.0002958118663252,1.0007628762673375,1.0,0.98,251,200,-1,0,0,0,0,,0.0,0.0,251,0
48290792434,0,oracle_reserve_lru,spill,proactive_target_headroom,25789210624,9728688128,10171815971,4196401152,0,406847488,26196058112,0.9986169607011727,0.9964332470127816,1.0,0.98,251,199,223,317,293,41943040,41943040,CPU,48290792434.0,0.0,0,0
48290792434,0,oracle_reserve_lru,spill,proactive_target_headroom,25747267584,9686745088,10171815971,4238344192,0,404750336,26152017920,0.9969381095360201,0.9921036177582258,1.0,0.98,251,198,224,311,293,41943040,41943040,CPU,48290792434.0,0.0,0,0
48290792434,0,oracle_reserve_lru,spill,proactive_target_headroom,25673867264,9613344768,10171815971,4311744512,0,402653184,26076520448,0.9940600789671871,0.9846813961789872,1.0,0.98,251,197,227,548,284,73400320,73400320,CPU,48290792434.0,0.0,0,0
48290792434,0,oracle_reserve_lru,spill,proactive_target_headroom,25524969472,9464446976,10171815971,4460642304,0,400556032,25925525504,0.988304017829521,0.96983695302051,1.0,0.98,251,196,229,1134,279,148897792,148897792,CPU,48290792434.0,0.0,0,0
48290792434,0,oracle_reserve_lru,admission,value_ranked_working_set,25524969472,9464446976,10171815971,4460642304,0,400556032,25925525504,0.988304017829521,0.96983695302051,1.0,0.98,251,196,-1,0,0,0,0,,0.0,0.0,2,53
48290792434,0,oracle_reserve_lru,reload,value_ranked_admission,25634021376,9573498880,10171815971,4376756224,0,0,25634021376,0.9771916220220825,0.9411789308117832,1.0,0.98,53,0,223,317,293,41943040,41943040,CPU,0.0,0.0,0,0
48290792434,0,oracle_reserve_lru,reload,value_ranked_admission,25634021376,9573498880,10171815971,4376756224,0,0,25634021376,0.9771916220220825,0.9411789308117832,1.0,0.98,53,0,224,311,293,41943040,41943040,CPU,0.0,0.0,0,0
49037773486,0,oracle_reserve_lru,trigger,forecast_above_trigger,25831153664,9770631168,10171815971,4376756224,0,411041792,26242195456,1.000375757159904,1.0009690490889829,1.0,0.98,254,201,-1,0,0,0,0,,0.0,0.0,254,0
49037773486,0,oracle_reserve_lru,spill,proactive_target_headroom,25789210624,9728688128,10171815971,4418699264,0,408944640,26198155264,0.9986969059947514,0.9966394198344272,1.0,0.98,254,200,230,310,283,41943040,41943040,CPU,49037773486.0,0.0,0,0
49037773486,0,oracle_reserve_lru,spill,proactive_target_headroom,25720004608,9659482112,10171815971,4487905280,0,406847488,26126852096,0.9959787660130758,0.9896295438984796,1.0,0.98,254,199,232,520,281,69206016,69206016,CPU,49037773486.0,0.0,0,0
49037773486,0,oracle_reserve_lru,spill,proactive_target_headroom,25631924224,9571401728,10171815971,4575985664,0,404750336,26036674560,0.9925411183891919,0.9807641125677223,1.0,0.98,254,198,233,659,280,88080384,88080384,CPU,49037773486.0,0.0,0,0
49037773486,0,oracle_reserve_lru,spill,proactive_target_headroom,25592078336,9531555840,10171815971,4615831552,0,402653184,25994731520,0.990942212517618,0.976640656134812,1.0,0.98,254,197,236,294,279,39845888,39845888,CPU,49037773486.0,0.0,0,0
49524253156,0,oracle_reserve_lru,admission,value_ranked_working_set,25573203968,9512681472,10171815971,4615831552,0,411041792,25984245760,0.9905424860497245,0.9756097920265845,1.0,0.98,255,198,-1,0,0,0,0,,0.0,0.0,1,56
49524253156,0,oracle_reserve_lru,reload,value_ranked_admission,25636118528,9575596032,10171815971,4573888512,0,0,25636118528,0.9772715673156612,0.9413851036334286,1.0,0.98,56,0,230,310,283,41943040,41943040,CPU,0.0,0.0,0,0
50754235748,0,oracle_reserve_lru,trigger,forecast_above_trigger,25933914112,9873391616,10171815971,4573888512,0,402653184,26336567296,1.0039732953709453,1.0102468260630313,1.0,0.98,255,199,-1,0,0,0,0,,0.0,0.0,255,0
50754235748,0,oracle_reserve_lru,spill,proactive_target_headroom,25891971072,9831448576,10171815971,4615831552,0,400556032,26292527104,1.0022944442057926,1.0059171968084755,1.0,0.98,255,198,237,309,296,41943040,41943040,CPU,50754235748.0,0.0,0,0
50754235748,0,oracle_reserve_lru,spill,proactive_target_headroom,25751461888,9690939392,10171815971,4756340736,0,398458880,26149920768,0.9968581642424414,0.9918974449365803,1.0,0.98,255,197,238,1067,296,140509184,140509184,CPU,50754235748.0,0.0,0,0
50754235748,0,oracle_reserve_lru,spill,proactive_target_headroom,25709518848,9648996352,10171815971,4798283776,0,396361728,26105880576,0.9951793130772888,0.9875678156820243,1.0,0.98,255,196,240,305,294,41943040,41943040,CPU,50754235748.0,0.0,0,0
50754235748,0,oracle_reserve_lru,spill,proactive_target_headroom,25652895744,9592373248,10171815971,4854906880,0,394264576,26047160320,0.9929408448570853,0.98179497667595,1.0,0.98,255,195,241,426,288,56623104,56623104,CPU,50754235748.0,0.0,0,0
50754235748,0,oracle_reserve_lru,spill,proactive_target_headroom,25583689728,9523167232,10171815971,4924112896,0,392167424,25975857152,0.9902227048754098,0.9747851007400024,1.0,0.98,255,194,247,522,271,69206016,69206016,CPU,50754235748.0,0.0,0,0
50754235748,0,oracle_reserve_lru,admission,value_ranked_working_set,25583689728,9523167232,10171815971,4924112896,0,392167424,25975857152,0.9902227048754098,0.9747851007400024,1.0,0.98,255,194,-1,0,0,0,0,,0.0,0.0,1,60
50754235748,0,oracle_reserve_lru,reload,value_ranked_admission,25793404928,9732882432,10171815971,4882169856,0,0,25793404928,0.9832674643340633,0.9568480652568424,1.0,0.98,60,0,237,309,296,41943040,41943040,CPU,0.0,0.0,0,0
51211662830,0,oracle_reserve_lru,trigger,forecast_above_trigger,25860513792,9799991296,10171815971,4882169856,0,396361728,26256875520,1.000935374214955,1.0024122588405016,1.0,0.98,257,197,-1,0,0,0,0,,0.0,0.0,257,0
51211662830,0,oracle_reserve_lru,spill,proactive_target_headroom,25780822016,9720299520,10171815971,4961861632,0,394264576,26175086592,0.9978175077653858,0.9943715187963265,1.0,0.98,257,196,248,605,269,79691776,79691776,CPU,51211662830.0,0.0,0,0
51211662830,0,oracle_reserve_lru,spill,proactive_target_headroom,25743073280,9682550784,10171815971,4999610368,0,392167424,26135240704,0.9962985471873905,0.9904542351850616,1.0,0.98,257,195,249,276,266,37748736,37748736,CPU,51211662830.0,0.0,0,0
51211662830,0,oracle_reserve_lru,spill,proactive_target_headroom,25699033088,9638510592,10171815971,5043650560,0,390070272,26089103360,0.9945397507286593,0.9859184331088603,1.0,0.98,257,194,250,325,266,44040192,44040192,CPU,51211662830.0,0.0,0,0
51211662830,0,oracle_reserve_lru,spill,proactive_target_headroom,25652895744,9592373248,10171815971,5089787904,0,387973120,26040868864,0.9927010089763493,0.9811764582110134,1.0,0.98,257,193,255,345,260,46137344,46137344,CPU,51211662830.0,0.0,0,0
51211662830,0,oracle_reserve_lru,spill,proactive_target_headroom,25608855552,9548333056,10171815971,5133828096,0,385875968,25994731520,0.990942212517618,0.976640656134812,1.0,0.98,257,192,257,333,253,44040192,44040192,CPU,51211662830.0,0.0,0,0
51282830405,0,oracle_reserve_lru,admission,value_ranked_working_set,25579495424,9518972928,10171815971,5133828096,0,385875968,25965371392,0.9898229784075163,0.9737542366317747,1.0,0.98,257,192,-1,0,0,0,0,,0.0,0.0,1,64
51282830405,0,oracle_reserve_lru,reload,value_ranked_admission,25638215680,9577693184,10171815971,5096079360,0,0,25638215680,0.9773515126092399,0.9415912764550742,1.0,0.98,64,0,249,276,266,37748736,37748736,CPU,0.0,0.0,0,0
51495090236,0,oracle_reserve_lru,admission,value_ranked_working_set,25562718208,9502195712,10171815971,5096079360,0,385875968,25948594176,0.9891834160588867,0.9721048540586107,1.0,0.98,254,190,-1,0,0,0,0,,0.0,0.0,1,63
51495090236,0,oracle_reserve_lru,reload,value_ranked_admission,25634021376,9573498880,10171815971,5052039168,0,0,25634021376,0.9771916220220825,0.9411789308117832,1.0,0.98,63,0,250,325,266,44040192,44040192,CPU,0.0,0.0,0,0
51565843513,0,oracle_reserve_lru,admission,value_ranked_working_set,25365585920,9305063424,10171815971,5052039168,0,385875968,25751461888,0.9816685584624895,0.9527246088239321,1.0,0.98,254,191,-1,0,0,0,0,,0.0,0.0,5,58
51565843513,0,oracle_reserve_lru,reload,value_ranked_admission,25648701440,9588178944,10171815971,4800380928,0,0,25648701440,0.9777512390771333,0.9426221405633017,1.0,0.98,58,0,248,605,269,79691776,79691776,CPU,0.0,0.0,0,0
51565843513,0,oracle_reserve_lru,reload,value_ranked_admission,25648701440,9588178944,10171815971,4800380928,0,0,25648701440,0.9777512390771333,0.9426221405633017,1.0,0.98,58,0,255,345,260,46137344,46137344,CPU,0.0,0.0,0,0
51565843513,0,oracle_reserve_lru,reload,value_ranked_admission,25648701440,9588178944,10171815971,4800380928,0,0,25648701440,0.9777512390771333,0.9426221405633017,1.0,0.98,58,0,257,333,253,44040192,44040192,CPU,0.0,0.0,0,0
51565843513,0,oracle_reserve_lru,reload,value_ranked_admission,25648701440,9588178944,10171815971,4800380928,0,0,25648701440,0.9777512390771333,0.9426221405633017,1.0,0.98,58,0,240,305,294,41943040,41943040,CPU,0.0,0.0,0,0
51565843513,0,oracle_reserve_lru,reload,value_ranked_admission,25648701440,9588178944,10171815971,4800380928,0,0,25648701440,0.9777512390771333,0.9426221405633017,1.0,0.98,58,0,236,294,279,39845888,39845888,CPU,0.0,0.0,0,0
52451445249,0,oracle_reserve_lru,admission,value_ranked_working_set,25535455232,9474932736,10171815971,4800380928,0,400556032,25936011264,0.9887037442974146,0.9708678171287376,1.0,0.98,255,197,-1,0,0,0,0,,0.0,0.0,1,57
52451445249,0,oracle_reserve_lru,reload,value_ranked_admission,25629827072,9569304576,10171815971,4743757824,0,0,25629827072,0.9770317314349252,0.9407665851684921,1.0,0.98,57,0,241,426,288,56623104,56623104,CPU,0.0,0.0,0,0
52611261625,0,oracle_reserve_lru,admission,value_ranked_working_set,25508192256,9447669760,10171815971,4743757824,0,406847488,25915039744,0.9879042913616276,0.9688060889122824,1.0,0.98,254,197,-1,0,0,0,0,,0.0,0.0,2,55
52611261625,0,oracle_reserve_lru,reload,value_ranked_admission,25640312832,9579790336,10171815971,4634705920,0,0,25640312832,0.9774314579028186,0.9417974492767197,1.0,0.98,55,0,247,522,271,69206016,69206016,CPU,0.0,0.0,0,0
52611261625,0,oracle_reserve_lru,reload,value_ranked_admission,25640312832,9579790336,10171815971,4634705920,0,0,25640312832,0.9774314579028186,0.9417974492767197,1.0,0.98,55,0,218,301,286,39845888,39845888,CPU,0.0,0.0,0,0
52753672475,0,oracle_reserve_lru,admission,value_ranked_working_set,25483026432,9422503936,10171815971,4634705920,0,408944640,25891971072,0.9870248931322619,0.9665381878741817,1.0,0.98,252,197,-1,0,0,0,0,,0.0,0.0,2,53
52753672475,0,oracle_reserve_lru,reload,value_ranked_admission,25631924224,9571401728,10171815971,4523556864,0,0,25631924224,0.9771116767285039,0.9409727579901377,1.0,0.98,53,0,232,520,281,69206016,69206016,CPU,0.0,0.0,0,0
52753672475,0,oracle_reserve_lru,reload,value_ranked_admission,25631924224,9571401728,10171815971,4523556864,0,0,25631924224,0.9771116767285039,0.9409727579901377,1.0,0.98,53,0,213,316,290,41943040,41943040,CPU,0.0,0.0,0,0
53745240912,0,oracle_reserve_lru,admission,value_ranked_working_set,25516580864,9456058368,10171815971,4523556864,0,402653184,25919234048,0.988064181948785,0.9692184345555734,1.0,0.98,250,197,-1,0,0,0,0,,0.0,0.0,1,52
53745240912,0,oracle_reserve_lru,reload,value_ranked_admission,25659187200,9598664704,10171815971,4435476480,0,0,25659187200,0.9781509655450269,0.9436530046715293,1.0,0.98,52,0,233,659,280,88080384,88080384,CPU,0.0,0.0,0,0
55189529567,0,oracle_reserve_lru,admission,value_ranked_working_set,25527066624,9466544128,10171815971,4435476480,0,396361728,25923428352,0.9882240725359424,0.9696307801988645,1.0,0.98,246,194,-1,0,0,0,0,,0.0,0.0,1,51
55189529567,0,oracle_reserve_lru,reload,value_ranked_admission,25638215680,9577693184,10171815971,4362076160,0,0,25638215680,0.9773515126092399,0.9415912764550742,1.0,0.98,51,0,227,548,284,73400320,73400320,CPU,0.0,0.0,0,0
55394413593,0,oracle_reserve_lru,admission,value_ranked_working_set,25577398272,9516875776,10171815971,4362076160,0,396361728,25973760000,0.9901427595818311,0.9745789279183569,1.0,0.98,244,193,-1,0,0,0,0,,0.0,0.0,1,50
55394413593,0,oracle_reserve_lru,reload,value_ranked_admission,25636118528,9575596032,10171815971,4318035968,0,0,25636118528,0.9772715673156612,0.9413851036334286,1.0,0.98,50,0,221,330,280,44040192,44040192,CPU,0.0,0.0,0,0
55462332635,0,oracle_reserve_lru,admission,value_ranked_working_set,25424306176,9363783680,10171815971,4318035968,0,398458880,25822765056,0.984386698444165,0.9597344847598797,1.0,0.98,243,193,-1,0,0,0,0,,0.0,0.0,2,48
55462332635,0,oracle_reserve_lru,reload,value_ranked_admission,25640312832,9579790336,10171815971,4123000832,0,0,25640312832,0.9774314579028186,0.9417974492767197,1.0,0.98,48,0,238,1067,296,140509184,140509184,CPU,0.0,0.0,0,0
55462332635,0,oracle_reserve_lru,reload,value_ranked_admission,25640312832,9579790336,10171815971,4123000832,0,0,25640312832,0.9774314579028186,0.9417974492767197,1.0,0.98,48,0,214,403,290,54525952,54525952,CPU,0.0,0.0,0,0
56108568406,0,oracle_reserve_lru,trigger,forecast_above_trigger,25883582464,9823059968,10171815971,4123000832,0,400556032,26284138496,1.0019746630314779,1.0050925055218933,1.0,0.98,244,196,-1,0,0,0,0,,0.0,0.0,244,0
56108568406,0,oracle_reserve_lru,spill,proactive_target_headroom,25803890688,9743368192,10171815971,4202692608,0,398458880,26202349568,0.9988567965819087,0.9970517654777181,1.0,0.98,244,195,263,603,303,79691776,79691776,CPU,56108568406.0,0.0,0,0
56108568406,0,oracle_reserve_lru,spill,proactive_target_headroom,25753559040,9693036544,10171815971,4253024256,0,396361728,26149920768,0.9968581642424414,0.9918974449365803,1.0,0.98,244,194,264,376,302,50331648,50331648,CPU,56108568406.0,0.0,0,0
56108568406,0,oracle_reserve_lru,spill,proactive_target_headroom,25675964416,9615441920,10171815971,4330618880,0,394264576,26070228992,0.993820243086451,0.9840628777140507,1.0,0.98,244,193,270,578,292,77594624,77594624,CPU,56108568406.0,0.0,0,0
56108568406,0,oracle_reserve_lru,spill,proactive_target_headroom,25636118528,9575596032,10171815971,4370464768,0,392167424,26028285952,0.9922213372148772,0.9799394212811403,1.0,0.98,244,192,271,303,289,39845888,39845888,CPU,56108568406.0,0.0,0,0
56606827306,0,oracle_reserve_lru,trigger,forecast_above_trigger,25877291008,9816768512,10171815971,4370464768,0,398458880,26275749888,1.0016548818571631,1.0042678142353112,1.0,0.98,246,194,-1,0,0,0,0,,0.0,0.0,246,0
56606827306,0,oracle_reserve_lru,spill,proactive_target_headroom,25820667904,9760145408,10171815971,4427087872,0,396361728,26217029632,0.9994164136369597,0.9984949752292368,1.0,0.98,246,193,273,427,284,56623104,56623104,CPU,56606827306.0,0.0,0,0
56606827306,0,oracle_reserve_lru,spill,proactive_target_headroom,25774530560,9714008064,10171815971,4473225216,0,394264576,26168795136,0.9975776718846496,0.9937530003313899,1.0,0.98,246,192,274,343,283,46137344,46137344,CPU,56606827306.0,0.0,0,0
56606827306,0,oracle_reserve_lru,spill,proactive_target_headroom,25732587520,9672065024,10171815971,4515168256,0,392167424,26124754944,0.9958988207194971,0.9894233710768341,1.0,0.98,246,191,279,320,277,41943040,41943040,CPU,56606827306.0,0.0,0,0
56606827306,0,oracle_reserve_lru,spill,proactive_target_headroom,25665478656,9604956160,10171815971,4582277120,0,390070272,26055548928,0.9932606260314002,0.982619667962532,1.0,0.98,246,190,280,502,275,67108864,67108864,CPU,56606827306.0,0.0,0,0
56606827306,0,oracle_reserve_lru,spill,proactive_target_headroom,25627729920,9567207424,10171815971,4620025856,0,387973120,26015703040,0.9917416654534049,0.9787023843512672,1.0,0.98,246,189,281,285,274,37748736,37748736,CPU,56606827306.0,0.0,0,0
57047852524,0,oracle_reserve_lru,admission,value_ranked_working_set,25548038144,9487515648,10171815971,4620025856,0,383778816,25931816960,0.9885438537102572,0.9704554714854465,1.0,0.98,246,189,-1,0,0,0,0,,0.0,0.0,1,56
57047852524,0,oracle_reserve_lru,reload,value_ranked_admission,25650798592,9590276096,10171815971,4563402752,0,0,25650798592,0.977831184370712,0.9428283133849473,1.0,0.98,56,0,273,427,284,56623104,56623104,CPU,0.0,0.0,0,0
57514116470,0,oracle_reserve_lru,admission,value_ranked_working_set,25566912512,9506390016,10171815971,4563402752,0,394264576,25961177088,0.9896630878203589,0.9733418909884838,1.0,0.98,248,192,-1,0,0,0,0,,0.0,0.0,1,55
57514116470,0,oracle_reserve_lru,reload,value_ranked_admission,25644507136,9583984640,10171815971,4517265408,0,0,25644507136,0.977591348489976,0.9422097949200108,1.0,0.98,55,0,274,343,283,46137344,46137344,CPU,0.0,0.0,0,0
58112577682,0,oracle_reserve_lru,admission,value_ranked_working_set,25491415040,9430892544,10171815971,4517265408,0,396361728,25887776768,0.9868650025451046,0.9661258422308907,1.0,0.98,247,192,-1,0,0,0,0,,0.0,0.0,2,53
58112577682,0,oracle_reserve_lru,reload,value_ranked_admission,25621438464,9560915968,10171815971,4408213504,0,0,25621438464,0.9767119502606104,0.9399418938819101,1.0,0.98,53,0,279,320,277,41943040,41943040,CPU,0.0,0.0,0,0
58112577682,0,oracle_reserve_lru,reload,value_ranked_admission,25621438464,9560915968,10171815971,4408213504,0,0,25621438464,0.9767119502606104,0.9399418938819101,1.0,0.98,53,0,280,502,275,67108864,67108864,CPU,0.0,0.0,0,0
58780686579,0,oracle_reserve_lru,trigger,forecast_above_trigger,25826959360,9766436864,10171815971,4408213504,0,417333248,26244292608,1.0004557024534826,1.0011752219106285,1.0,0.98,254,201,-1,0,0,0,0,,0.0,0.0,254,0
58780686579,0,oracle_reserve_lru,spill,proactive_target_headroom,25787113472,9726590976,10171815971,4448059392,0,415236096,26202349568,0.9988567965819087,0.9970517654777181,1.0,0.98,254,200,282,303,298,39845888,39845888,CPU,58780686579.0,0.0,0,0
58780686579,0,oracle_reserve_lru,spill,proactive_target_headroom,25745170432,9684647936,10171815971,4490002432,0,413138944,26158309376,0.9971779454167562,0.9927221362231623,1.0,0.98,254,199,285,309,296,41943040,41943040,CPU,58780686579.0,0.0,0,0
58780686579,0,oracle_reserve_lru,spill,proactive_target_headroom,25703227392,9642704896,10171815971,4531945472,0,411041792,26114269184,0.9954990942516037,0.9883925069686065,1.0,0.98,254,198,286,315,295,41943040,41943040,CPU,58780686579.0,0.0,0,0
58780686579,0,oracle_reserve_lru,spill,proactive_target_headroom,25663381504,9602859008,10171815971,4571791360,0,408944640,26072326144,0.9939001883800297,0.9842690505356961,1.0,0.98,254,197,287,301,294,39845888,39845888,CPU,58780686579.0,0.0,0,0
58780686579,0,oracle_reserve_lru,spill,proactive_target_headroom,25594175488,9533652992,10171815971,4640997376,0,406847488,26001022976,0.9911820483983541,0.9772591745997485,1.0,0.98,254,196,292,526,290,69206016,69206016,CPU,58780686579.0,0.0,0,0
59334171175,0,oracle_reserve_lru,trigger,forecast_above_trigger,25856319488,9795796992,10171815971,4640997376,0,402653184,26258972672,1.0010153195085336,1.0026184316621471,1.0,0.98,258,200,-1,0,0,0,0,,0.0,0.0,258,0
59334171175,0,oracle_reserve_lru,spill,proactive_target_headroom,25724198912,9663676416,10171815971,4773117952,0,400556032,26124754944,0.9958988207194971,0.9894233710768341,1.0,0.98,258,199,293,1002,294,132120576,132120576,CPU,59334171175.0,0.0,0,0
59334171175,0,oracle_reserve_lru,spill,proactive_target_headroom,25634021376,9573498880,10171815971,4863295488,0,398458880,26032480256,0.9923812278020345,0.9803517669244313,1.0,0.98,258,198,299,680,292,90177536,90177536,CPU,59334171175.0,0.0,0,0
59334171175,0,oracle_reserve_lru,spill,proactive_target_headroom,25589981184,9529458688,10171815971,4907335680,0,396361728,25986342912,0.9906224313433032,0.97581596484823,1.0,0.98,258,197,301,336,292,44040192,44040192,CPU,59334171175.0,0.0,0,0
59334171175,0,oracle_reserve_lru,admission,value_ranked_working_set,25589981184,9529458688,10171815971,4907335680,0,396361728,25986342912,0.9906224313433032,0.97581596484823,1.0,0.98,258,197,-1,0,0,0,0,,0.0,0.0,1,60
59334171175,0,oracle_reserve_lru,reload,value_ranked_admission,25764044800,9703522304,10171815971,4867489792,0,0,25764044800,0.9821482302239616,0.9539616457538052,1.0,0.98,60,0,282,303,298,39845888,39845888,CPU,0.0,0.0,0,0
60247481913,0,oracle_reserve_lru,trigger,forecast_above_trigger,25929719808,9869197312,10171815971,4867489792,0,402653184,26332372992,1.0038134047837879,1.00983448041974,1.0,0.98,259,199,-1,0,0,0,0,,0.0,0.0,259,0
60247481913,0,oracle_reserve_lru,spill,proactive_target_headroom,25887776768,9827254272,10171815971,4909432832,0,400556032,26288332800,1.0021345536186352,1.0055048511651843,1.0,0.98,259,198,302,319,299,41943040,41943040,CPU,60247481913.0,0.0,0,0
60247481913,0,oracle_reserve_lru,spill,proactive_target_headroom,25826959360,9766436864,10171815971,4970250240,0,398458880,26225418240,0.9997361948112744,0.9993196665158188,1.0,0.98,259,197,304,461,299,60817408,60817408,CPU,60247481913.0,0.0,0,0
60247481913,0,oracle_reserve_lru,spill,proactive_target_headroom,25755656192,9695133696,10171815971,5041553408,0,396361728,26152017920,0.9969381095360201,0.9921036177582258,1.0,0.98,259,196,307,538,293,71303168,71303168,CPU,60247481913.0,0.0,0,0
60247481913,0,oracle_reserve_lru,spill,proactive_target_headroom,25709518848,9648996352,10171815971,5087690752,0,394264576,26103783424,0.9950993677837101,0.9873616428603789,1.0,0.98,259,195,310,349,291,46137344,46137344,CPU,60247481913.0,0.0,0,0
60247481913,0,oracle_reserve_lru,spill,proactive_target_headroom,25640312832,9579790336,10171815971,5156896768,0,392167424,26032480256,0.9923812278020345,0.9803517669244313,1.0,0.98,259,194,312,521,291,69206016,69206016,CPU,60247481913.0,0.0,0,0
60247481913,0,oracle_reserve_lru,spill,proactive_target_headroom,25560621056,9500098560,10171815971,5236588544,0,390070272,25950691328,0.9892633613524654,0.9723110268802562,1.0,0.98,259,193,315,600,288,79691776,79691776,CPU,60247481913.0,0.0,0,0
60247481913,0,oracle_reserve_lru,admission,value_ranked_working_set,25560621056,9500098560,10171815971,5236588544,0,390070272,25950691328,0.9892633613524654,0.9723110268802562,1.0,0.98,259,193,-1,0,0,0,0,,0.0,0.0,1,65
60247481913,0,oracle_reserve_lru,reload,value_ranked_admission,25713713152,9653190656,10171815971,5194645504,0,0,25713713152,0.980229543178073,0.9490134980343128,1.0,0.98,65,0,302,319,299,41943040,41943040,CPU,0.0,0.0,0,0
60666903350,0,oracle_reserve_lru,trigger,forecast_above_trigger,25875193856,9814671360,10171815971,5194645504,0,402653184,26277847040,1.0017348271507418,1.0044739870569568,1.0,0.98,264,199,-1,0,0,0,0,,0.0,0.0,264,0
60666903350,0,oracle_reserve_lru,spill,proactive_target_headroom,25833250816,9772728320,10171815971,5236588544,0,400556032,26233806848,1.0000559759855892,1.000144357802401,1.0,0.98,264,198,318,310,289,41943040,41943040,CPU,60666903350.0,0.0,0,0
60666903350,0,oracle_reserve_lru,spill,proactive_target_headroom,25753559040,9693036544,10171815971,5316280320,0,398458880,26152017920,0.9969381095360201,0.9921036177582258,1.0,0.98,264,197,321,606,287,79691776,79691776,CPU,60666903350.0,0.0,0,0
60666903350,0,oracle_reserve_lru,spill,proactive_target_headroom,25703227392,9642704896,10171815971,5366611968,0,396361728,26099589120,0.9949394771965527,0.9869492972170878,1.0,0.98,264,196,324,375,281,50331648,50331648,CPU,60666903350.0,0.0,0,0
60666903350,0,oracle_reserve_lru,spill,proactive_target_headroom,25661284352,9600761856,10171815971,5408555008,0,394264576,26055548928,0.9932606260314002,0.982619667962532,1.0,0.98,264,195,325,316,279,41943040,41943040,CPU,60666903350.0,0.0,0,0
60666903350,0,oracle_reserve_lru,spill,proactive_target_headroom,25619341312,9558818816,10171815971,5450498048,0,392167424,26011508736,0.9915817748662475,0.9782900387079762,1.0,0.98,264,194,326,319,278,41943040,41943040,CPU,60666903350.0,0.0,0,0
60736720067,0,oracle_reserve_lru,admission,value_ranked_working_set,25594175488,9533652992,10171815971,5450498048,0,387973120,25982148608,0.9904625407561458,0.9754036192049389,1.0,0.98,262,192,-1,0,0,0,0,,0.0,0.0,1,69
60736720067,0,oracle_reserve_lru,reload,value_ranked_admission,25659187200,9598664704,10171815971,5408555008,0,0,25659187200,0.9781509655450269,0.9436530046715293,1.0,0.98,69,0,318,310,289,41943040,41943040,CPU,0.0,0.0,0,0
60879482566,0,oracle_reserve_lru,admission,value_ranked_working_set,25575301120,9514778624,10171815971,5408555008,0,390070272,25965371392,0.9898229784075163,0.9737542366317747,1.0,0.98,260,191,-1,0,0,0,0,,0.0,0.0,1,68
60879482566,0,oracle_reserve_lru,reload,value_ranked_admission,25650798592,9590276096,10171815971,5358223360,0,0,25650798592,0.977831184370712,0.9428283133849473,1.0,0.98,68,0,324,375,281,50331648,50331648,CPU,0.0,0.0,0,0
61340428671,0,oracle_reserve_lru,trigger,forecast_above_trigger,25860513792,9799991296,10171815971,5358223360,0,406847488,26267361280,1.0013351006828484,1.003443122948729,1.0,0.98,268,200,-1,0,0,0,0,,0.0,0.0,268,0
61340428671,0,oracle_reserve_lru,spill,proactive_target_headroom,25759850496,9699328000,10171815971,5458886656,0,404750336,26164600832,0.9974177812974923,0.9933406546880988,1.0,0.98,268,199,328,753,284,100663296,100663296,CPU,61340428671.0,0.0,0,0
61340428671,0,oracle_reserve_lru,spill,proactive_target_headroom,25646604288,9586081792,10171815971,5572132864,0,402653184,26049257472,0.993020790150664,0.9820011494975954,1.0,0.98,268,198,332,858,283,113246208,113246208,CPU,61340428671.0,0.0,0,0
61340428671,0,oracle_reserve_lru,spill,proactive_target_headroom,25558523904,9498001408,10171815971,5660213248,0,400556032,25959079936,0.9895831425267803,0.9731357181668382,1.0,0.98,268,197,333,657,283,88080384,88080384,CPU,61340428671.0,0.0,0,0
61340428671,0,oracle_reserve_lru,admission,value_ranked_working_set,25558523904,9498001408,10171815971,5660213248,0,400556032,25959079936,0.9895831425267803,0.9731357181668382,1.0,0.98,268,197,-1,0,0,0,0,,0.0,0.0,1,70
61340428671,0,oracle_reserve_lru,reload,value_ranked_admission,25621438464,9560915968,10171815971,5618270208,0,0,25621438464,0.9767119502606104,0.9399418938819101,1.0,0.98,70,0,325,316,279,41943040,41943040,CPU,0.0,0.0,0,0
61932133770,0,oracle_reserve_lru,trigger,forecast_above_trigger,25942302720,9881780224,10171815971,5618270208,0,415236096,26357538816,1.0047727483067321,1.0123085542794863,1.0,0.98,274,204,-1,0,0,0,0,,0.0,0.0,274,0
61932133770,0,oracle_reserve_lru,spill,proactive_target_headroom,25883582464,9823059968,10171815971,5676990464,0,413138944,26296721408,1.00245433479295,1.0063295424517664,1.0,0.98,274,203,336,442,287,58720256,58720256,CPU,61932133770.0,0.0,0,0
61932133770,0,oracle_reserve_lru,spill,proactive_target_headroom,25720004608,9659482112,10171815971,5840568320,0,411041792,26131046400,0.9961386566002332,0.9900418895417706,1.0,0.98,274,202,341,1233,285,163577856,163577856,CPU,61932133770.0,0.0,0,0
61932133770,0,oracle_reserve_lru,spill,proactive_target_headroom,25675964416,9615441920,10171815971,5884608512,0,408944640,26084909056,0.9943798601415019,0.9855060874655692,1.0,0.98,274,201,347,328,283,44040192,44040192,CPU,61932133770.0,0.0,0,0
61932133770,0,oracle_reserve_lru,spill,proactive_target_headroom,25634021376,9573498880,10171815971,5926551552,0,406847488,26040868864,0.9927010089763493,0.9811764582110134,1.0,0.98,274,200,353,312,282,41943040,41943040,CPU,61932133770.0,0.0,0,0
61932133770,0,oracle_reserve_lru,spill,proactive_target_headroom,25566912512,9506390016,10171815971,5993660416,0,404750336,25971662848,0.9900628142882524,0.9743727550967113,1.0,0.98,274,199,354,500,282,67108864,67108864,CPU,61932133770.0,0.0,0,0
61932133770,0,oracle_reserve_lru,admission,value_ranked_working_set,25566912512,9506390016,10171815971,5993660416,0,404750336,25971662848,0.9900628142882524,0.9743727550967113,1.0,0.98,274,199,-1,0,0,0,0,,0.0,0.0,1,74
61932133770,0,oracle_reserve_lru,reload,value_ranked_admission,25740976128,9680453632,10171815971,5949620224,0,0,25740976128,0.9812688319945959,0.9516937447157046,1.0,0.98,74,0,347,328,283,44040192,44040192,CPU,0.0,0.0,0,0
62214561079,0,oracle_reserve_lru,trigger,forecast_above_trigger,25908748288,9848225792,10171815971,5949620224,0,421527552,26330275840,1.0037334594902092,1.0096283075980947,1.0,0.98,280,206,-1,0,0,0,0,,0.0,0.0,280,0
62214561079,0,oracle_reserve_lru,spill,proactive_target_headroom,25831153664,9770631168,10171815971,6027214848,0,419430400,26250584064,1.0006955383342189,1.001793740375565,1.0,0.98,280,205,356,588,286,77594624,77594624,CPU,62214561079.0,0.0,0,0
62214561079,0,oracle_reserve_lru,spill,proactive_target_headroom,25682255872,9621733376,10171815971,6176112640,0,417333248,26099589120,0.9949394771965527,0.9869492972170878,1.0,0.98,280,204,357,1128,285,148897792,148897792,CPU,62214561079.0,0.0,0,0
62214561079,0,oracle_reserve_lru,spill,proactive_target_headroom,25608855552,9548333056,10171815971,6249512960,0,415236096,26024091648,0.9920614466277198,0.9795270756378492,1.0,0.98,280,203,358,554,284,73400320,73400320,CPU,62214561079.0,0.0,0,0
62284728557,0,oracle_reserve_lru,admission,value_ranked_working_set,25493512192,9432989696,10171815971,6249512960,0,411041792,25904553984,0.9875045648937342,0.9677752248040548,1.0,0.98,279,202,-1,0,0,0,0,,0.0,0.0,2,75
62284728557,0,oracle_reserve_lru,reload,value_ranked_admission,25638215680,9577693184,10171815971,6129975296,0,0,25638215680,0.9773515126092399,0.9415912764550742,1.0,0.98,75,0,356,588,286,77594624,77594624,CPU,0.0,0.0,0,0
62284728557,0,oracle_reserve_lru,reload,value_ranked_admission,25638215680,9577693184,10171815971,6129975296,0,0,25638215680,0.9773515126092399,0.9415912764550742,1.0,0.98,75,0,353,312,282,41943040,41943040,CPU,0.0,0.0,0,0
62354884994,0,oracle_reserve_lru,admission,value_ranked_working_set,25531260928,9470738432,10171815971,6129975296,0,411041792,25942302720,0.9889435801781506,0.9714863355936741,1.0,0.98,278,203,-1,0,0,0,0,,0.0,0.0,1,74
62354884994,0,oracle_reserve_lru,reload,value_ranked_admission,25629827072,9569304576,10171815971,6056574976,0,0,25629827072,0.9770317314349252,0.9407665851684921,1.0,0.98,74,0,358,554,284,73400320,73400320,CPU,0.0,0.0,0,0
63905979263,0,oracle_reserve_lru,trigger,forecast_above_trigger,25829056512,9768534016,10171815971,6056574976,0,425721856,26254778368,1.0008554289213762,1.002206086018856,1.0,0.98,285,211,-1,0,0,0,0,,0.0,0.0,285,0
63905979263,0,oracle_reserve_lru,spill,proactive_target_headroom,25787113472,9726590976,10171815971,6098518016,0,423624704,26210738176,0.9991765777562236,0.9978764567643003,1.0,0.98,285,210,363,310,293,41943040,41943040,CPU,63905979263.0,0.0,0,0
63905979263,0,oracle_reserve_lru,spill,proactive_target_headroom,25734684672,9674162176,10171815971,6150946816,0,421527552,26156212224,0.9970980001231775,0.9925159634015168,1.0,0.98,285,209,365,390,291,52428800,52428800,CPU,63905979263.0,0.0,0,0
63905979263,0,oracle_reserve_lru,spill,proactive_target_headroom,25690644480,9630121984,10171815971,6194987008,0,419430400,26110074880,0.9953392036644462,0.9879801613253154,1.0,0.98,285,208,366,330,287,44040192,44040192,CPU,63905979263.0,0.0,0,0
63905979263,0,oracle_reserve_lru,spill,proactive_target_headroom,25650798592,9590276096,10171815971,6234832896,0,417333248,26068131840,0.9937402977928723,0.9838567048924051,1.0,0.98,285,207,368,293,283,39845888,39845888,CPU,63905979263.0,0.0,0,0
63905979263,0,oracle_reserve_lru,spill,proactive_target_headroom,25610952704,9550430208,10171815971,6274678784,0,415236096,26026188800,0.9921413919212985,0.9797332484594947,1.0,0.98,285,206,374,290,281,39845888,39845888,CPU,63905979263.0,0.0,0,0
64420434885,0,oracle_reserve_lru,trigger,forecast_above_trigger,25904553984,9844031488,10171815971,6274678784,0,423624704,26328178688,1.0036535141966305,1.0094221347764492,1.0,0.98,286,207,-1,0,0,0,0,,0.0,0.0,286,0
64420434885,0,oracle_reserve_lru,spill,proactive_target_headroom,25856319488,9795796992,10171815971,6322913280,0,421527552,26277847040,1.0017348271507418,1.0044739870569568,1.0,0.98,286,206,375,366,287,48234496,48234496,CPU,64420434885.0,0.0,0,0
64420434885,0,oracle_reserve_lru,spill,proactive_target_headroom,25816473600,9755951104,10171815971,6362759168,0,419430400,26235904000,1.0001359212791678,1.0003505306240463,1.0,0.98,286,205,379,303,284,39845888,39845888,CPU,64420434885.0,0.0,0,0
64420434885,0,oracle_reserve_lru,spill,proactive_target_headroom,25776627712,9716105216,10171815971,6402605056,0,417333248,26193960960,0.998537015407594,0.9962270741911361,1.0,0.98,286,204,382,299,283,39845888,39845888,CPU,64420434885.0,0.0,0,0
64420434885,0,oracle_reserve_lru,spill,proactive_target_headroom,25690644480,9630121984,10171815971,6488588288,0,415236096,26105880576,0.9951793130772888,0.9875678156820243,1.0,0.98,286,203,383,645,280,85983232,85983232,CPU,64420434885.0,0.0,0,0
64420434885,0,oracle_reserve_lru,spill,proactive_target_headroom,25606758400,9546235904,10171815971,6572474368,0,413138944,26019897344,0.9919015560405624,0.9791147299945582,1.0,0.98,286,202,97,626,619,83886080,83886080,CPU,64420434885.0,0.0,0,0
64702977504,0,oracle_reserve_lru,trigger,forecast_above_trigger,25839542272,9779019776,10171815971,6572474368,0,427819008,26267361280,1.0013351006828484,1.003443122948729,1.0,0.98,294,210,-1,0,0,0,0,,0.0,0.0,294,0
64702977504,0,oracle_reserve_lru,spill,proactive_target_headroom,25801793536,9741271040,10171815971,6610223104,0,425721856,26227515392,0.9998161401048531,0.9995258393374643,1.0,0.98,294,209,389,282,276,37748736,37748736,CPU,64702977504.0,0.0,0,0
64702977504,0,oracle_reserve_lru,spill,proactive_target_headroom,25761947648,9701425152,10171815971,6650068992,0,423624704,26185572352,0.9982172342332792,0.9954023829045541,1.0,0.98,294,208,395,303,265,39845888,39845888,CPU,64702977504.0,0.0,0,0
64702977504,0,oracle_reserve_lru,spill,proactive_target_headroom,25717907456,9657384960,10171815971,6694109184,0,421527552,26139435008,0.9964584377745479,0.9908665808283527,1.0,0.98,294,207,397,336,261,44040192,44040192,CPU,64702977504.0,0.0,0,0
64702977504,0,oracle_reserve_lru,spill,proactive_target_headroom,25667575808,9607053312,10171815971,6744440832,0,419430400,26087006208,0.9944598054350806,0.9857122602872147,1.0,0.98,294,206,400,376,259,50331648,50331648,CPU,64702977504.0,0.0,0,0
64702977504,0,oracle_reserve_lru,spill,proactive_target_headroom,25621438464,9560915968,10171815971,6790578176,0,417333248,26038771712,0.9926210636827706,0.9809702853893678,1.0,0.98,294,205,401,343,258,46137344,46137344,CPU,64702977504.0,0.0,0,0
64702977504,0,oracle_reserve_lru,spill,proactive_target_headroom,25585786880,9525264384,10171815971,6826229760,0,415236096,26001022976,0.9911820483983541,0.9772591745997485,1.0,0.98,294,204,403,269,255,35651584,35651584,CPU,64702977504.0,0.0,0,0
65458025052,0,oracle_reserve_lru,trigger,forecast_above_trigger,25891971072,9831448576,10171815971,6826229760,0,421527552,26313498624,1.0030938971415797,1.0079789250249305,1.0,0.98,297,207,-1,0,0,0,0,,0.0,0.0,297,0
65458025052,0,oracle_reserve_lru,spill,proactive_target_headroom,25728393216,9667870720,10171815971,6989807616,0,419430400,26147823616,0.9967782189488628,0.9916912721149347,1.0,0.98,297,206,407,1243,257,163577856,163577856,CPU,65458025052.0,0.0,0,0
65458025052,0,oracle_reserve_lru,spill,proactive_target_headroom,25690644480,9630121984,10171815971,7027556352,0,417333248,26107977728,0.9952592583708675,0.9877739885036699,1.0,0.98,297,205,408,281,256,37748736,37748736,CPU,65458025052.0,0.0,0,0
65458025052,0,oracle_reserve_lru,spill,proactive_target_headroom,25510289408,9449766912,10171815971,7207911424,0,415236096,25925525504,0.988304017829521,0.96983695302051,1.0,0.98,297,204,410,1374,256,180355072,180355072,CPU,65458025052.0,0.0,0,0
65458025052,0,oracle_reserve_lru,admission,value_ranked_working_set,25510289408,9449766912,10171815971,7207911424,0,415236096,25925525504,0.988304017829521,0.96983695302051,1.0,0.98,297,204,-1,0,0,0,0,,0.0,0.0,2,91
65458025052,0,oracle_reserve_lru,reload,value_ranked_admission,25740976128,9680453632,10171815971,7132413952,0,0,25740976128,0.9812688319945959,0.9516937447157046,1.0,0.98,91,0,408,281,256,37748736,37748736,CPU,0.0,0.0,0,0
65458025052,0,oracle_reserve_lru,reload,value_ranked_admission,25740976128,9680453632,10171815971,7132413952,0,0,25740976128,0.9812688319945959,0.9516937447157046,1.0,0.98,91,0,389,282,276,37748736,37748736,CPU,0.0,0.0,0,0
65769025993,0,oracle_reserve_lru,trigger,forecast_above_trigger,25959079936,9898557440,10171815971,7132413952,0,429916160,26388996096,1.0059719277104127,1.015401146604169,1.0,0.98,299,208,-1,0,0,0,0,,0.0,0.0,299,0
65769025993,0,oracle_reserve_lru,spill,proactive_target_headroom,25923428352,9862905856,10171815971,7168065536,0,427819008,26351247360,1.004532912425996,1.0116900358145497,1.0,0.98,299,207,412,268,253,35651584,35651584,CPU,65769025993.0,0.0,0,0
65769025993,0,oracle_reserve_lru,spill,proactive_target_headroom,25887776768,9827254272,10171815971,7203717120,0,425721856,26313498624,1.0030938971415797,1.0079789250249305,1.0,0.98,299,206,414,261,251,35651584,35651584,CPU,65769025993.0,0.0,0,0
65769025993,0,oracle_reserve_lru,spill,proactive_target_headroom,25755656192,9695133696,10171815971,7335837696,0,423624704,26179280896,0.9979773983525432,0.9947838644396175,1.0,0.98,299,205,415,1005,250,132120576,132120576,CPU,65769025993.0,0.0,0,0
65769025993,0,oracle_reserve_lru,spill,proactive_target_headroom,25717907456,9657384960,10171815971,7373586432,0,421527552,26139435008,0.9964584377745479,0.9908665808283527,1.0,0.98,299,204,417,280,249,37748736,37748736,CPU,65769025993.0,0.0,0,0
65769025993,0,oracle_reserve_lru,spill,proactive_target_headroom,25499803648,9439281152,10171815971,7591690240,0,419430400,25919234048,0.988064181948785,0.9692184345555734,1.0,0.98,299,203,418,1664,249,218103808,218103808,CPU,65769025993.0,0.0,0,0
65769025993,0,oracle_reserve_lru,admission,value_ranked_working_set,25499803648,9439281152,10171815971,7591690240,0,419430400,25919234048,0.988064181948785,0.9692184345555734,1.0,0.98,299,203,-1,0,0,0,0,,0.0,0.0,2,94
65769025993,0,oracle_reserve_lru,reload,value_ranked_admission,25617244160,9556721664,10171815971,7520387072,0,0,25617244160,0.9765520596734529,0.939529548238619,1.0,0.98,94,0,412,268,253,35651584,35651584,CPU,0.0,0.0,0,0
65769025993,0,oracle_reserve_lru,reload,value_ranked_admission,25617244160,9556721664,10171815971,7520387072,0,0,25617244160,0.9765520596734529,0.939529548238619,1.0,0.98,94,0,414,261,251,35651584,35651584,CPU,0.0,0.0,0,0
66585726017,0,oracle_reserve_lru,trigger,forecast_above_trigger,25940205568,9879683072,10171815971,7520387072,0,423624704,26363830272,1.0050125841874682,1.0129270727444228,1.0,0.98,302,208,-1,0,0,0,0,,0.0,0.0,302,0
66585726017,0,oracle_reserve_lru,spill,proactive_target_headroom,25902456832,9841934336,10171815971,7558135808,0,421527552,26323984384,1.0034936236094731,1.0090097891331582,1.0,0.98,302,207,420,274,257,37748736,37748736,CPU,66585726017.0,0.0,0,0
66585726017,0,oracle_reserve_lru,spill,proactive_target_headroom,25812279296,9751756800,10171815971,7648313344,0,419430400,26231709696,0.9999760306920105,0.9999381849807554,1.0,0.98,302,206,137,677,586,90177536,90177536,CPU,66585726017.0,0.0,0,0
66585726017,0,oracle_reserve_lru,spill,proactive_target_headroom,25690644480,9630121984,10171815971,7769948160,0,417333248,26107977728,0.9952592583708675,0.9877739885036699,1.0,0.98,302,205,421,923,255,121634816,121634816,CPU,66585726017.0,0.0,0,0
66585726017,0,oracle_reserve_lru,spill,proactive_target_headroom,25606758400,9546235904,10171815971,7853834240,0,415236096,26021994496,0.9919815013341411,0.9793209028162038,1.0,0.98,302,204,139,632,579,83886080,83886080,CPU,66585726017.0,0.0,0,0
67925116082,0,oracle_reserve_lru,admission,value_ranked_working_set,25581592576,9521070080,10171815971,7853834240,0,402653184,25984245760,0.9905424860497245,0.9756097920265845,1.0,0.98,296,198,-1,0,0,0,0,,0.0,0.0,1,97
67925116082,0,oracle_reserve_lru,reload,value_ranked_admission,25640312832,9579790336,10171815971,7816085504,0,0,25640312832,0.9774314579028186,0.9417974492767197,1.0,0.98,97,0,420,274,257,37748736,37748736,CPU,0.0,0.0,0,0
68057407929,0,oracle_reserve_lru,admission,value_ranked_working_set,25562718208,9502195712,10171815971,7816085504,0,402653184,25965371392,0.9898229784075163,0.9737542366317747,1.0,0.98,293,196,-1,0,0,0,0,,0.0,0.0,1,96
68057407929,0,oracle_reserve_lru,reload,value_ranked_admission,25621438464,9560915968,10171815971,7778336768,0,0,25621438464,0.9767119502606104,0.9399418938819101,1.0,0.98,96,0,417,280,249,37748736,37748736,CPU,0.0,0.0,0,0
68188254615,0,oracle_reserve_lru,admission,value_ranked_working_set,25581592576,9521070080,10171815971,7778336768,0,402653184,25984245760,0.9905424860497245,0.9756097920265845,1.0,0.98,291,195,-1,0,0,0,0,,0.0,0.0,1,95
68188254615,0,oracle_reserve_lru,reload,value_ranked_admission,25696935936,9636413440,10171815971,7738490880,0,0,25696935936,0.9795899808294434,0.9473641154611486,1.0,0.98,95,0,395,303,265,39845888,39845888,CPU,0.0,0.0,0,0
68318530261,0,oracle_reserve_lru,admission,value_ranked_working_set,25569009664,9508487168,10171815971,7738490880,0,404750336,25973760000,0.9901427595818311,0.9745789279183569,1.0,0.98,292,197,-1,0,0,0,0,,0.0,0.0,1,94
68318530261,0,oracle_reserve_lru,reload,value_ranked_admission,25634021376,9573498880,10171815971,7694450688,0,0,25634021376,0.9771916220220825,0.9411789308117832,1.0,0.98,94,0,397,336,261,44040192,44040192,CPU,0.0,0.0,0,0
68860871060,0,oracle_reserve_lru,trigger,forecast_above_trigger,25856319488,9795796992,10171815971,7694450688,0,400556032,26256875520,1.000935374214955,1.0024122588405016,1.0,0.98,293,199,-1,0,0,0,0,,0.0,0.0,293,0
68860871060,0,oracle_reserve_lru,spill,proactive_target_headroom,25801793536,9741271040,10171815971,7748976640,0,398458880,26200252416,0.99877685128833,0.9968455926560726,1.0,0.98,293,198,426,403,286,54525952,54525952,CPU,68860871060.0,0.0,0,0
68860871060,0,oracle_reserve_lru,spill,proactive_target_headroom,25686450176,9625927680,10171815971,7864320000,0,396361728,26082811904,0.9942999148479232,0.9852999146439237,1.0,0.98,293,197,427,879,283,115343360,115343360,CPU,68860871060.0,0.0,0,0
68860871060,0,oracle_reserve_lru,spill,proactive_target_headroom,25646604288,9586081792,10171815971,7904165888,0,394264576,26040868864,0.9927010089763493,0.9811764582110134,1.0,0.98,293,196,428,298,282,39845888,39845888,CPU,68860871060.0,0.0,0,0
68860871060,0,oracle_reserve_lru,spill,proactive_target_headroom,25600466944,9539944448,10171815971,7950303232,0,392167424,25992634368,0.9908622672240394,0.9764344833131665,1.0,0.98,293,195,434,352,278,46137344,46137344,CPU,68860871060.0,0.0,0,0
68925534071,0,oracle_reserve_lru,admission,value_ranked_working_set,25592078336,9531555840,10171815971,7950303232,0,394264576,25986342912,0.9906224313433032,0.97581596484823,1.0,0.98,293,195,-1,0,0,0,0,,0.0,0.0,1,97
68925534071,0,oracle_reserve_lru,reload,value_ranked_admission,25654992896,9594470400,10171815971,7910457344,0,0,25654992896,0.9779910749578695,0.9432406590282383,1.0,0.98,97,0,428,298,282,39845888,39845888,CPU,0.0,0.0,0,0
68982816082,0,oracle_reserve_lru,admission,value_ranked_working_set,25564815360,9504292864,10171815971,7910457344,0,394264576,25959079936,0.9895831425267803,0.9731357181668382,1.0,0.98,292,195,-1,0,0,0,0,,0.0,0.0,1,96
68982816082,0,oracle_reserve_lru,reload,value_ranked_admission,25814376448,9753853952,10171815971,7855931392,0,0,25814376448,0.9840669172698503,0.9589097934732976,1.0,0.98,96,0,426,403,286,54525952,54525952,CPU,0.0,0.0,0,0
69540316642,0,oracle_reserve_lru,trigger,forecast_above_trigger,25831153664,9770631168,10171815971,7855931392,0,413138944,26244292608,1.0004557024534826,1.0011752219106285,1.0,0.98,296,200,-1,0,0,0,0,,0.0,0.0,296,0
69540316642,0,oracle_reserve_lru,spill,proactive_target_headroom,25789210624,9728688128,10171815971,7897874432,0,411041792,26200252416,0.99877685128833,0.9968455926560726,1.0,0.98,296,199,437,309,289,41943040,41943040,CPU,69540316642.0,0.0,0,0
69540316642,0,oracle_reserve_lru,spill,proactive_target_headroom,25747267584,9686745088,10171815971,7939817472,0,408944640,26156212224,0.9970980001231775,0.9925159634015168,1.0,0.98,296,198,438,312,288,41943040,41943040,CPU,69540316642.0,0.0,0,0
69540316642,0,oracle_reserve_lru,spill,proactive_target_headroom,25707421696,9646899200,10171815971,7979663360,0,406847488,26114269184,0.9954990942516037,0.9883925069686065,1.0,0.98,296,197,440,301,288,39845888,39845888,CPU,69540316642.0,0.0,0,0
69540316642,0,oracle_reserve_lru,spill,proactive_target_headroom,25669672960,9609150464,10171815971,8017412096,0,404750336,26074423296,0.9939801336736084,0.9844752233573416,1.0,0.98,296,196,444,288,283,37748736,37748736,CPU,69540316642.0,0.0,0,0
69540316642,0,oracle_reserve_lru,spill,proactive_target_headroom,25617244160,9556721664,10171815971,8069840896,0,402653184,26019897344,0.9919015560405624,0.9791147299945582,1.0,0.98,296,195,445,395,281,52428800,52428800,CPU,69540316642.0,0.0,0,0
70685217993,0,oracle_reserve_lru,trigger,forecast_above_trigger,25965371392,9904848896,10171815971,8069840896,0,413138944,26378510336,1.0055722012425192,1.0143702824959415,1.0,0.98,300,199,-1,0,0,0,0,,0.0,0.0,300,0
70685217993,0,oracle_reserve_lru,spill,proactive_target_headroom,25824862208,9764339712,10171815971,8210350080,0,411041792,26235904000,1.0001359212791678,1.0003505306240463,1.0,0.98,300,198,447,1060,293,140509184,140509184,CPU,70685217993.0,0.0,0,0
70685217993,0,oracle_reserve_lru,spill,proactive_target_headroom,25640312832,9579790336,10171815971,8394899456,0,408944640,26049257472,0.993020790150664,0.9820011494975954,1.0,0.98,300,197,448,1395,292,184549376,184549376,CPU,70685217993.0,0.0,0,0
70685217993,0,oracle_reserve_lru,spill,proactive_target_headroom,25524969472,9464446976,10171815971,8510242816,0,406847488,25931816960,0.9885438537102572,0.9704554714854465,1.0,0.98,300,196,179,877,588,115343360,115343360,CPU,70685217993.0,0.0,0,0
70685217993,0,oracle_reserve_lru,admission,value_ranked_working_set,25524969472,9464446976,10171815971,8510242816,0,406847488,25931816960,0.9885438537102572,0.9704554714854465,1.0,0.98,300,196,-1,0,0,0,0,,0.0,0.0,2,102
70685217993,0,oracle_reserve_lru,reload,value_ranked_admission,25684353024,9623830528,10171815971,8426356736,0,0,25684353024,0.9791103090679713,0.9461270785312755,1.0,0.98,102,0,437,309,289,41943040,41943040,CPU,0.0,0.0,0,0
70685217993,0,oracle_reserve_lru,reload,value_ranked_admission,25684353024,9623830528,10171815971,8426356736,0,0,25684353024,0.9791103090679713,0.9461270785312755,1.0,0.98,102,0,438,312,288,41943040,41943040,CPU,0.0,0.0,0,0
71198013506,0,oracle_reserve_lru,trigger,forecast_above_trigger,25841639424,9781116928,10171815971,8426356736,0,415236096,26256875520,1.000935374214955,1.0024122588405016,1.0,0.98,306,204,-1,0,0,0,0,,0.0,0.0,306,0
71198013506,0,oracle_reserve_lru,spill,proactive_target_headroom,25795502080,9734979584,10171815971,8472494080,0,413138944,26208641024,0.9990966324626449,0.9976702839426547,1.0,0.98,306,203,453,337,291,46137344,46137344,CPU,71198013506.0,0.0,0,0
71198013506,0,oracle_reserve_lru,spill,proactive_target_headroom,25753559040,9693036544,10171815971,8514437120,0,411041792,26164600832,0.9974177812974923,0.9933406546880988,1.0,0.98,306,202,454,311,291,41943040,41943040,CPU,71198013506.0,0.0,0,0
71198013506,0,oracle_reserve_lru,spill,proactive_target_headroom,25713713152,9653190656,10171815971,8554283008,0,408944640,26122657792,0.9958188754259184,0.9892171982551885,1.0,0.98,306,201,456,291,290,39845888,39845888,CPU,71198013506.0,0.0,0,0
71198013506,0,oracle_reserve_lru,spill,proactive_target_headroom,25537552384,9477029888,10171815971,8730443776,0,406847488,25944399872,0.9890235254717293,0.9716925084153196,1.0,0.98,306,200,457,1337,289,176160768,176160768,CPU,71198013506.0,0.0,0,0
71198013506,0,oracle_reserve_lru,admission,value_ranked_working_set,25537552384,9477029888,10171815971,8730443776,0,406847488,25944399872,0.9890235254717293,0.9716925084153196,1.0,0.98,306,200,-1,0,0,0,0,,0.0,0.0,1,105
71198013506,0,oracle_reserve_lru,reload,value_ranked_admission,25610952704,9550430208,10171815971,8684306432,0,0,25610952704,0.9763122237927169,0.9389110297736825,1.0,0.98,105,0,453,337,291,46137344,46137344,CPU,0.0,0.0,0,0
71879678122,0,oracle_reserve_lru,admission,value_ranked_working_set,25483026432,9422503936,10171815971,8684306432,0,404750336,25887776768,0.9868650025451046,0.9661258422308907,1.0,0.98,303,198,-1,0,0,0,0,,0.0,0.0,3,102
71879678122,0,oracle_reserve_lru,reload,value_ranked_admission,25636118528,9575596032,10171815971,8562671616,0,0,25636118528,0.9772715673156612,0.9413851036334286,1.0,0.98,102,0,454,311,291,41943040,41943040,CPU,0.0,0.0,0,0
71879678122,0,oracle_reserve_lru,reload,value_ranked_admission,25636118528,9575596032,10171815971,8562671616,0,0,25636118528,0.9772715673156612,0.9413851036334286,1.0,0.98,102,0,456,291,290,39845888,39845888,CPU,0.0,0.0,0,0
71879678122,0,oracle_reserve_lru,reload,value_ranked_admission,25636118528,9575596032,10171815971,8562671616,0,0,25636118528,0.9772715673156612,0.9413851036334286,1.0,0.98,102,0,440,301,288,39845888,39845888,CPU,0.0,0.0,0,0
71992052116,0,oracle_reserve_lru,admission,value_ranked_working_set,25550135296,9489612800,10171815971,8562671616,0,408944640,25959079936,0.9895831425267803,0.9731357181668382,1.0,0.98,301,199,-1,0,0,0,0,,0.0,0.0,1,101
71992052116,0,oracle_reserve_lru,reload,value_ranked_admission,25608855552,9548333056,10171815971,8524922880,0,0,25608855552,0.9762322784991382,0.938704856952037,1.0,0.98,101,0,444,288,283,37748736,37748736,CPU,0.0,0.0,0,0
72048006716,0,oracle_reserve_lru,admission,value_ranked_working_set,25569009664,9508487168,10171815971,8524922880,0,411041792,25980051456,0.9903825954625671,0.9751974463832934,1.0,0.98,300,199,-1,0,0,0,0,,0.0,0.0,1,100
72048006716,0,oracle_reserve_lru,reload,value_ranked_admission,25661284352,9600761856,10171815971,8478785536,0,0,25661284352,0.9782309108386056,0.9438591774931748,1.0,0.98,100,0,434,352,278,46137344,46137344,CPU,0.0,0.0,0,0
72653702288,0,oracle_reserve_lru,trigger,forecast_above_trigger,25810182144,9749659648,10171815971,8478785536,0,425721856,26235904000,1.0001359212791678,1.0003505306240463,1.0,0.98,304,204,-1,0,0,0,0,,0.0,0.0,304,0
72653702288,0,oracle_reserve_lru,spill,proactive_target_headroom,25764044800,9703522304,10171815971,8524922880,0,423624704,26187669504,0.9982971795268579,0.9956085557261996,1.0,0.98,304,203,459,344,312,46137344,46137344,CPU,72653702288.0,0.0,0,0
72653702288,0,oracle_reserve_lru,spill,proactive_target_headroom,25713713152,9653190656,10171815971,8575254528,0,421527552,26135240704,0.9962985471873905,0.9904542351850616,1.0,0.98,304,202,465,371,302,50331648,50331648,CPU,72653702288.0,0.0,0,0
72653702288,0,oracle_reserve_lru,spill,proactive_target_headroom,25560621056,9500098560,10171815971,8728346624,0,419430400,25980051456,0.9903825954625671,0.9751974463832934,1.0,0.98,304,201,467,1159,298,153092096,153092096,CPU,72653702288.0,0.0,0,0
72653702288,0,oracle_reserve_lru,admission,value_ranked_working_set,25560621056,9500098560,10171815971,8728346624,0,419430400,25980051456,0.9903825954625671,0.9751974463832934,1.0,0.98,304,201,-1,0,0,0,0,,0.0,0.0,1,102
72653702288,0,oracle_reserve_lru,reload,value_ranked_admission,25692741632,9632219136,10171815971,8682209280,0,0,25692741632,0.979430090242286,0.9469517698178577,1.0,0.98,102,0,459,344,312,46137344,46137344,CPU,0.0,0.0,0,0
73090589195,0,oracle_reserve_lru,trigger,forecast_above_trigger,25950691328,9890168832,10171815971,8682209280,0,432013312,26382704640,1.0057320918296766,1.0147826281392325,1.0,0.98,309,207,-1,0,0,0,0,,0.0,0.0,309,0
73090589195,0,oracle_reserve_lru,spill,proactive_target_headroom,25835347968,9774825472,10171815971,8797552640,0,429916160,26265264128,1.0012551553892697,1.0032369501270837,1.0,0.98,309,206,473,872,290,115343360,115343360,CPU,73090589195.0,0.0,0,0
73090589195,0,oracle_reserve_lru,spill,proactive_target_headroom,25606758400,9546235904,10171815971,9026142208,0,427819008,26034577408,0.9924611730956132,0.9805579397460769,1.0,0.98,309,205,477,1743,285,228589568,228589568,CPU,73090589195.0,0.0,0,0
73090589195,0,oracle_reserve_lru,spill,proactive_target_headroom,25566912512,9506390016,10171815971,9065988096,0,425721856,25992634368,0.9908622672240394,0.9764344833131665,1.0,0.98,309,204,479,303,282,39845888,39845888,CPU,73090589195.0,0.0,0,0
73444602595,0,oracle_reserve_lru,trigger,forecast_above_trigger,25808084992,9747562496,10171815971,9065988096,0,436207616,26244292608,1.0004557024534826,1.0011752219106285,1.0,0.98,313,208,-1,0,0,0,0,,0.0,0.0,313,0
73444602595,0,oracle_reserve_lru,spill,proactive_target_headroom,25673867264,9613344768,10171815971,9200205824,0,434110464,26107977728,0.9952592583708675,0.9877739885036699,1.0,0.98,313,207,480,1024,286,134217728,134217728,CPU,73444602595.0,0.0,0,0
73444602595,0,oracle_reserve_lru,spill,proactive_target_headroom,25613049856,9552527360,10171815971,9261023232,0,432013312,26045063168,0.9928608995635066,0.9815888038543044,1.0,0.98,313,206,482,463,285,60817408,60817408,CPU,73444602595.0,0.0,0,0
73444602595,0,oracle_reserve_lru,spill,proactive_target_headroom,25571106816,9510584320,10171815971,9302966272,0,429916160,26001022976,0.9911820483983541,0.9772591745997485,1.0,0.98,313,205,483,306,284,41943040,41943040,CPU,73444602595.0,0.0,0,0
73720996773,0,oracle_reserve_lru,trigger,forecast_above_trigger,25835347968,9774825472,10171815971,9302966272,0,429916160,26265264128,1.0012551553892697,1.0032369501270837,1.0,0.98,315,207,-1,0,0,0,0,,0.0,0.0,315,0
73720996773,0,oracle_reserve_lru,spill,proactive_target_headroom,25797599232,9737076736,10171815971,9340715008,0,427819008,26225418240,0.9997361948112744,0.9993196665158188,1.0,0.98,315,206,490,287,281,37748736,37748736,CPU,73720996773.0,0.0,0,0
73720996773,0,oracle_reserve_lru,spill,proactive_target_headroom,25759850496,9699328000,10171815971,9378463744,0,425721856,26185572352,0.9982172342332792,0.9954023829045541,1.0,0.98,315,205,491,288,280,37748736,37748736,CPU,73720996773.0,0.0,0,0
73720996773,0,oracle_reserve_lru,spill,proactive_target_headroom,25709518848,9648996352,10171815971,9428795392,0,423624704,26133143552,0.9962186018938118,0.9902480623634161,1.0,0.98,315,204,492,377,279,50331648,50331648,CPU,73720996773.0,0.0,0,0
73720996773,0,oracle_reserve_lru,spill,proactive_target_headroom,25617244160,9556721664,10171815971,9521070080,0,421527552,26038771712,0.9926210636827706,0.9809702853893678,1.0,0.98,315,203,493,691,279,92274688,92274688,CPU,73720996773.0,0.0,0,0
73720996773,0,oracle_reserve_lru,spill,proactive_target_headroom,25579495424,9518972928,10171815971,9558818816,0,419430400,25998925824,0.9911021031047754,0.9770530017781031,1.0,0.98,315,202,495,286,277,37748736,37748736,CPU,73720996773.0,0.0,0,0
74041844485,0,oracle_reserve_lru,trigger,forecast_above_trigger,25845833728,9785311232,10171815971,9558818816,0,425721856,26271555584,1.0014949912700057,1.0038554685920202,1.0,0.98,319,206,-1,0,0,0,0,,0.0,0.0,319,0
74041844485,0,oracle_reserve_lru,spill,proactive_target_headroom,25803890688,9743368192,10171815971,9600761856,0,423624704,26227515392,0.9998161401048531,0.9995258393374643,1.0,0.98,319,205,497,313,282,41943040,41943040,CPU,74041844485.0,0.0,0,0
74041844485,0,oracle_reserve_lru,spill,proactive_target_headroom,25711616000,9651093504,10171815971,9693036544,0,421527552,26133143552,0.9962186018938118,0.9902480623634161,1.0,0.98,319,204,499,691,273,92274688,92274688,CPU,74041844485.0,0.0,0,0
74041844485,0,oracle_reserve_lru,spill,proactive_target_headroom,25543843840,9483321344,10171815971,9860808704,0,419430400,25963274240,0.9897430331139376,0.9735480638101293,1.0,0.98,319,203,501,1276,272,167772160,167772160,CPU,74041844485.0,0.0,0,0
74041844485,0,oracle_reserve_lru,admission,value_ranked_working_set,25543843840,9483321344,10171815971,9860808704,0,419430400,25963274240,0.9897430331139376,0.9735480638101293,1.0,0.98,319,203,-1,0,0,0,0,,0.0,0.0,1,115
74041844485,0,oracle_reserve_lru,reload,value_ranked_admission,25617244160,9556721664,10171815971,9818865664,0,0,25617244160,0.9765520596734529,0.939529548238619,1.0,0.98,115,0,497,313,282,41943040,41943040,CPU,0.0,0.0,0,0
74095020706,0,oracle_reserve_lru,admission,value_ranked_working_set,25508192256,9447669760,10171815971,9818865664,0,421527552,25929719808,0.9884639084166785,0.970249298663801,1.0,0.98,317,202,-1,0,0,0,0,,0.0,0.0,1,114
74095020706,0,oracle_reserve_lru,reload,value_ranked_admission,25610952704,9550430208,10171815971,9726590976,0,0,25610952704,0.9763122237927169,0.9389110297736825,1.0,0.98,114,0,499,691,273,92274688,92274688,CPU,0.0,0.0,0,0
74148196927,0,oracle_reserve_lru,admission,value_ranked_working_set,25548038144,9487515648,10171815971,9726590976,0,423624704,25971662848,0.9900628142882524,0.9743727550967113,1.0,0.98,316,202,-1,0,0,0,0,,0.0,0.0,1,113
74148196927,0,oracle_reserve_lru,reload,value_ranked_admission,25613049856,9552527360,10171815971,9688842240,0,0,25613049856,0.9763921690862956,0.939117202595328,1.0,0.98,113,0,490,287,281,37748736,37748736,CPU,0.0,0.0,0,0
74825030401,0,oracle_reserve_lru,trigger,forecast_above_trigger,25812279296,9751756800,10171815971,9688842240,0,438304768,26250584064,1.0006955383342189,1.001793740375565,1.0,0.98,322,209,-1,0,0,0,0,,0.0,0.0,322,0
74825030401,0,oracle_reserve_lru,spill,proactive_target_headroom,25768239104,9707716608,10171815971,9732882432,0,436207616,26204446720,0.9989367418754875,0.9972579382993637,1.0,0.98,322,208,502,323,278,44040192,44040192,CPU,74825030401.0,0.0,0,0
74825030401,0,oracle_reserve_lru,spill,proactive_target_headroom,25608855552,9548333056,10171815971,9892265984,0,434110464,26042966016,0.992780954269928,0.9813826310326589,1.0,0.98,322,207,504,1206,277,159383552,159383552,CPU,74825030401.0,0.0,0,0
74825030401,0,oracle_reserve_lru,spill,proactive_target_headroom,25562718208,9502195712,10171815971,9938403328,0,432013312,25994731520,0.990942212517618,0.976640656134812,1.0,0.98,322,206,505,348,277,46137344,46137344,CPU,74825030401.0,0.0,0,0
75535756704,0,oracle_reserve_lru,trigger,forecast_above_trigger,25860513792,9799991296,10171815971,9938403328,0,432013312,26292527104,1.0022944442057926,1.0059171968084755,1.0,0.98,327,211,-1,0,0,0,0,,0.0,0.0,327,0
75535756704,0,oracle_reserve_lru,spill,proactive_target_headroom,25816473600,9755951104,10171815971,9982443520,0,429916160,26246389760,1.0005356477470613,1.001381394732274,1.0,0.98,327,210,508,332,277,44040192,44040192,CPU,75535756704.0,0.0,0,0
75535756704,0,oracle_reserve_lru,spill,proactive_target_headroom,25738878976,9678356480,10171815971,10060038144,0,427819008,26166697984,0.9974977265910709,0.9935468275097443,1.0,0.98,327,209,240,581,570,77594624,77594624,CPU,75535756704.0,0.0,0,0
75535756704,0,oracle_reserve_lru,spill,proactive_target_headroom,25701130240,9640607744,10171815971,10097786880,0,425721856,26126852096,0.9959787660130758,0.9896295438984796,1.0,0.98,327,208,511,279,274,37748736,37748736,CPU,75535756704.0,0.0,0,0
75535756704,0,oracle_reserve_lru,spill,proactive_target_headroom,25608855552,9548333056,10171815971,10190061568,0,423624704,26032480256,0.9923812278020345,0.9803517669244313,1.0,0.98,327,207,241,696,558,92274688,92274688,CPU,75535756704.0,0.0,0,0
75535756704,0,oracle_reserve_lru,spill,proactive_target_headroom,25503997952,9443475456,10171815971,10294919168,0,421527552,25925525504,0.988304017829521,0.96983695302051,1.0,0.98,327,206,247,790,539,104857600,104857600,CPU,75535756704.0,0.0,0,0
75535756704,0,oracle_reserve_lru,admission,value_ranked_working_set,25503997952,9443475456,10171815971,10294919168,0,421527552,25925525504,0.988304017829521,0.96983695302051,1.0,0.98,327,206,-1,0,0,0,0,,0.0,0.0,2,119
75535756704,0,oracle_reserve_lru,reload,value_ranked_admission,25634021376,9573498880,10171815971,10213130240,0,0,25634021376,0.9771916220220825,0.9411789308117832,1.0,0.98,119,0,508,332,277,44040192,44040192,CPU,0.0,0.0,0,0
75535756704,0,oracle_reserve_lru,reload,value_ranked_admission,25634021376,9573498880,10171815971,10213130240,0,0,25634021376,0.9771916220220825,0.9411789308117832,1.0,0.98,119,0,511,279,274,37748736,37748736,CPU,0.0,0.0,0,0
75911640366,0,oracle_reserve_lru,trigger,forecast_above_trigger,25824862208,9764339712,10171815971,10213130240,0,425721856,26250584064,1.0006955383342189,1.001793740375565,1.0,0.98,331,212,-1,0,0,0,0,,0.0,0.0,331,0
75911640366,0,oracle_reserve_lru,spill,proactive_target_headroom,25720004608,9659482112,10171815971,10317987840,0,423624704,26143629312,0.9966183283617054,0.9912789264716437,1.0,0.98,331,211,232,790,551,104857600,104857600,CPU,75911640366.0,0.0,0,0
75911640366,0,oracle_reserve_lru,spill,proactive_target_headroom,25682255872,9621733376,10171815971,10355736576,0,421527552,26103783424,0.9950993677837101,0.9873616428603789,1.0,0.98,331,210,519,286,268,37748736,37748736,CPU,75911640366.0,0.0,0,0
75911640366,0,oracle_reserve_lru,spill,proactive_target_headroom,25640312832,9579790336,10171815971,10397679616,0,419430400,26059743232,0.9934205166185576,0.983032013605823,1.0,0.98,331,209,522,312,262,41943040,41943040,CPU,75911640366.0,0.0,0,0
75911640366,0,oracle_reserve_lru,spill,proactive_target_headroom,25604661248,9544138752,10171815971,10433331200,0,417333248,26021994496,0.9919815013341411,0.9793209028162038,1.0,0.98,331,208,523,269,259,35651584,35651584,CPU,75911640366.0,0.0,0,0
76473505427,0,oracle_reserve_lru,admission,value_ranked_working_set,25566912512,9506390016,10171815971,10433331200,0,419430400,25986342912,0.9906224313433032,0.97581596484823,1.0,0.98,328,205,-1,0,0,0,0,,0.0,0.0,1,122
76473505427,0,oracle_reserve_lru,reload,value_ranked_admission,25680158720,9619636224,10171815971,10395582464,0,0,25680158720,0.9789504184808138,0.9457147328879846,1.0,0.98,122,0,519,286,268,37748736,37748736,CPU,0.0,0.0,0,0
77348305622,0,oracle_reserve_lru,trigger,forecast_above_trigger,25885679616,9825157120,10171815971,10395582464,0,434110464,26319790080,1.0033337330223158,1.008597443489867,1.0,0.98,333,211,-1,0,0,0,0,,0.0,0.0,333,0
77348305622,0,oracle_reserve_lru,spill,proactive_target_headroom,25845833728,9785311232,10171815971,10435428352,0,432013312,26277847040,1.0017348271507418,1.0044739870569568,1.0,0.98,333,210,526,296,271,39845888,39845888,CPU,77348305622.0,0.0,0,0
77348305622,0,oracle_reserve_lru,spill,proactive_target_headroom,25797599232,9737076736,10171815971,10483662848,0,429916160,26227515392,0.9998161401048531,0.9995258393374643,1.0,0.98,333,209,529,357,268,48234496,48234496,CPU,77348305622.0,0.0,0,0
77348305622,0,oracle_reserve_lru,spill,proactive_target_headroom,25757753344,9697230848,10171815971,10523508736,0,427819008,26185572352,0.9982172342332792,0.9954023829045541,1.0,0.98,333,208,530,302,266,39845888,39845888,CPU,77348305622.0,0.0,0,0
77348305622,0,oracle_reserve_lru,spill,proactive_target_headroom,25650798592,9590276096,10171815971,10630463488,0,425721856,26076520448,0.9940600789671871,0.9846813961789872,1.0,0.98,333,207,227,802,538,106954752,106954752,CPU,77348305622.0,0.0,0,0
77348305622,0,oracle_reserve_lru,spill,proactive_target_headroom,25476734976,9416212480,10171815971,10804527104,0,423624704,25900359680,0.9873446743065768,0.9673628791607638,1.0,0.98,333,206,238,1317,546,174063616,174063616,CPU,77348305622.0,0.0,0,0
77348305622,0,oracle_reserve_lru,admission,value_ranked_working_set,25476734976,9416212480,10171815971,10804527104,0,423624704,25900359680,0.9873446743065768,0.9673628791607638,1.0,0.98,333,206,-1,0,0,0,0,,0.0,0.0,2,125
77348305622,0,oracle_reserve_lru,reload,value_ranked_admission,25600466944,9539944448,10171815971,10716446720,0,0,25600466944,0.9759124973248234,0.9378801656654548,1.0,0.98,125,0,526,296,271,39845888,39845888,CPU,0.0,0.0,0,0
77348305622,0,oracle_reserve_lru,reload,value_ranked_admission,25600466944,9539944448,10171815971,10716446720,0,0,25600466944,0.9759124973248234,0.9378801656654548,1.0,0.98,125,0,529,357,268,48234496,48234496,CPU,0.0,0.0,0,0
77490468985,0,oracle_reserve_lru,admission,value_ranked_working_set,25470443520,9409921024,10171815971,10716446720,0,429916160,25900359680,0.9873446743065768,0.9673628791607638,1.0,0.98,332,207,-1,0,0,0,0,,0.0,0.0,3,122
77490468985,0,oracle_reserve_lru,reload,value_ranked_admission,25619341312,9558818816,10171815971,10599006208,0,0,25619341312,0.9766320049670316,0.9397357210602646,1.0,0.98,122,0,530,302,266,39845888,39845888,CPU,0.0,0.0,0,0
77490468985,0,oracle_reserve_lru,reload,value_ranked_admission,25619341312,9558818816,10171815971,10599006208,0,0,25619341312,0.9766320049670316,0.9397357210602646,1.0,0.98,122,0,522,312,262,41943040,41943040,CPU,0.0,0.0,0,0
77490468985,0,oracle_reserve_lru,reload,value_ranked_admission,25619341312,9558818816,10171815971,10599006208,0,0,25619341312,0.9766320049670316,0.9397357210602646,1.0,0.98,122,0,523,269,259,35651584,35651584,CPU,0.0,0.0,0,0
77871420136,0,oracle_reserve_lru,trigger,forecast_above_trigger,25795502080,9734979584,10171815971,10599006208,0,444596224,26240098304,1.0002958118663252,1.0007628762673375,1.0,0.98,336,214,-1,0,0,0,0,,0.0,0.0,336,0
77871420136,0,oracle_reserve_lru,spill,proactive_target_headroom,25707421696,9646899200,10171815971,10687086592,0,442499072,26149920768,0.9968581642424414,0.9918974449365803,1.0,0.98,336,213,214,661,548,88080384,88080384,CPU,77871420136.0,0.0,0,0
77871420136,0,oracle_reserve_lru,spill,proactive_target_headroom,25671770112,9611247616,10171815971,10722738176,0,440401920,26112172032,0.995419148958025,0.988186334146961,1.0,0.98,336,212,532,269,255,35651584,35651584,CPU,77871420136.0,0.0,0,0
77871420136,0,oracle_reserve_lru,spill,proactive_target_headroom,25531260928,9470738432,10171815971,10863247360,0,438304768,25969565696,0.9899828689946737,0.9741665822750658,1.0,0.98,336,211,533,1070,254,140509184,140509184,CPU,77871420136.0,0.0,0,0
77871420136,0,oracle_reserve_lru,admission,value_ranked_working_set,25531260928,9470738432,10171815971,10863247360,0,438304768,25969565696,0.9899828689946737,0.9741665822750658,1.0,0.98,336,211,-1,0,0,0,0,,0.0,0.0,1,124
77871420136,0,oracle_reserve_lru,reload,value_ranked_admission,25583689728,9523167232,10171815971,10827595776,0,0,25583689728,0.9752729349761938,0.9362307830922908,1.0,0.98,124,0,532,269,255,35651584,35651584,CPU,0.0,0.0,0,0
78441920088,0,oracle_reserve_lru,trigger,forecast_above_trigger,25799696384,9739173888,10171815971,10827595776,0,434110464,26233806848,1.0000559759855892,1.000144357802401,1.0,0.98,335,211,-1,0,0,0,0,,0.0,0.0,335,0
78441920088,0,oracle_reserve_lru,spill,proactive_target_headroom,25694838784,9634316288,10171815971,10932453376,0,432013312,26126852096,0.9959787660130758,0.9896295438984796,1.0,0.98,335,210,534,788,263,104857600,104857600,CPU,78441920088.0,0.0,0,0
78441920088,0,oracle_reserve_lru,spill,proactive_target_headroom,25625632768,9565110272,10171815971,11001659392,0,429916160,26055548928,0.9932606260314002,0.982619667962532,1.0,0.98,335,209,536,517,260,69206016,69206016,CPU,78441920088.0,0.0,0,0
78441920088,0,oracle_reserve_lru,spill,proactive_target_headroom,25520775168,9460252672,10171815971,11106516992,0,427819008,25948594176,0.9891834160588867,0.9721048540586107,1.0,0.98,335,208,537,789,260,104857600,104857600,CPU,78441920088.0,0.0,0,0
78441920088,0,oracle_reserve_lru,admission,value_ranked_working_set,25520775168,9460252672,10171815971,11106516992,0,427819008,25948594176,0.9891834160588867,0.9721048540586107,1.0,0.98,335,208,-1,0,0,0,0,,0.0,0.0,1,126
78441920088,0,oracle_reserve_lru,reload,value_ranked_admission,25621438464,9560915968,10171815971,11037310976,0,0,25621438464,0.9767119502606104,0.9399418938819101,1.0,0.98,126,0,536,517,260,69206016,69206016,CPU,0.0,0.0,0,0
78721888523,0,oracle_reserve_lru,admission,value_ranked_working_set,25552232448,9491709952,10171815971,11037310976,0,429916160,25982148608,0.9904625407561458,0.9754036192049389,1.0,0.98,334,208,-1,0,0,0,0,,0.0,0.0,1,125
78721888523,0,oracle_reserve_lru,reload,value_ranked_admission,25629827072,9569304576,10171815971,10993270784,0,0,25629827072,0.9770317314349252,0.9407665851684921,1.0,0.98,125,0,502,323,278,44040192,44040192,CPU,0.0,0.0,0,0
78883837337,0,oracle_reserve_lru,trigger,forecast_above_trigger,25839542272,9779019776,10171815971,10993270784,0,432013312,26271555584,1.0014949912700057,1.0038554685920202,1.0,0.98,337,212,-1,0,0,0,0,,0.0,0.0,337,0
78883837337,0,oracle_reserve_lru,spill,proactive_target_headroom,25753559040,9693036544,10171815971,11079254016,0,429916160,26183475200,0.9981372889397006,0.9951962100829085,1.0,0.98,337,211,538,643,267,85983232,85983232,CPU,78883837337.0,0.0,0,0
78883837337,0,oracle_reserve_lru,spill,proactive_target_headroom,25661284352,9600761856,10171815971,11171528704,0,427819008,26089103360,0.9945397507286593,0.9859184331088603,1.0,0.98,337,210,273,689,546,92274688,92274688,CPU,78883837337.0,0.0,0,0
78883837337,0,oracle_reserve_lru,spill,proactive_target_headroom,25619341312,9558818816,10171815971,11213471744,0,425721856,26045063168,0.9928608995635066,0.9815888038543044,1.0,0.98,337,209,544,317,261,41943040,41943040,CPU,78883837337.0,0.0,0,0
78883837337,0,oracle_reserve_lru,spill,proactive_target_headroom,25581592576,9521070080,10171815971,11251220480,0,423624704,26005217280,0.9913419389855115,0.9776715202430396,1.0,0.98,337,208,548,275,259,37748736,37748736,CPU,78883837337.0,0.0,0,0
78938171200,0,oracle_reserve_lru,admission,value_ranked_working_set,25564815360,9504292864,10171815971,11251220480,0,423624704,25988440064,0.990702376636882,0.9760221376698754,1.0,0.98,335,206,-1,0,0,0,0,,0.0,0.0,1,128
78938171200,0,oracle_reserve_lru,reload,value_ranked_admission,25629827072,9569304576,10171815971,11213471744,0,0,25629827072,0.9770317314349252,0.9407665851684921,1.0,0.98,128,0,548,275,259,37748736,37748736,CPU,0.0,0.0,0,0
80897797518,0,oracle_reserve_lru,trigger,forecast_above_trigger,25854222336,9793699840,10171815971,11213471744,0,411041792,26265264128,1.0012551553892697,1.0032369501270837,1.0,0.98,332,204,-1,0,0,0,0,,0.0,0.0,332,0
80897797518,0,oracle_reserve_lru,spill,proactive_target_headroom,25814376448,9753853952,10171815971,11253317632,0,408944640,26223321088,0.9996562495176957,0.9991134936941733,1.0,0.98,332,203,549,298,283,39845888,39845888,CPU,80897797518.0,0.0,0,0
80897797518,0,oracle_reserve_lru,spill,proactive_target_headroom,25776627712,9716105216,10171815971,11291066368,0,406847488,26183475200,0.9981372889397006,0.9951962100829085,1.0,0.98,332,202,553,287,277,37748736,37748736,CPU,80897797518.0,0.0,0,0
80897797518,0,oracle_reserve_lru,spill,proactive_target_headroom,25673867264,9613344768,10171815971,11393826816,0,404750336,26078617600,0.9941400242607658,0.9848875690006327,1.0,0.98,332,201,280,777,550,102760448,102760448,CPU,80897797518.0,0.0,0,0
80897797518,0,oracle_reserve_lru,spill,proactive_target_headroom,25636118528,9575596032,10171815971,11431575552,0,402653184,26038771712,0.9926210636827706,0.9809702853893678,1.0,0.98,332,200,555,282,274,37748736,37748736,CPU,80897797518.0,0.0,0,0
80897797518,0,oracle_reserve_lru,spill,proactive_target_headroom,25581592576,9521070080,10171815971,11486101504,0,400556032,25982148608,0.9904625407561458,0.9754036192049389,1.0,0.98,332,199,556,412,273,54525952,54525952,CPU,80897797518.0,0.0,0,0
80897797518,0,oracle_reserve_lru,admission,value_ranked_working_set,25581592576,9521070080,10171815971,11486101504,0,400556032,25982148608,0.9904625407561458,0.9754036192049389,1.0,0.98,332,199,-1,0,0,0,0,,0.0,0.0,1,132
80897797518,0,oracle_reserve_lru,reload,value_ranked_admission,25642409984,9581887488,10171815971,11446255616,0,0,25642409984,0.9775114031963973,0.9420036220983652,1.0,0.98,132,0,549,298,283,39845888,39845888,CPU,0.0,0.0,0,0
81060090537,0,oracle_reserve_lru,admission,value_ranked_working_set,25550135296,9489612800,10171815971,11446255616,0,398458880,25948594176,0.9891834160588867,0.9721048540586107,1.0,0.98,330,198,-1,0,0,0,0,,0.0,0.0,2,130
81060090537,0,oracle_reserve_lru,reload,value_ranked_admission,25659187200,9598664704,10171815971,11370758144,0,0,25659187200,0.9781509655450269,0.9436530046715293,1.0,0.98,130,0,553,287,277,37748736,37748736,CPU,0.0,0.0,0,0
81060090537,0,oracle_reserve_lru,reload,value_ranked_admission,25659187200,9598664704,10171815971,11370758144,0,0,25659187200,0.9781509655450269,0.9436530046715293,1.0,0.98,130,0,555,282,274,37748736,37748736,CPU,0.0,0.0,0,0
81113088208,0,oracle_reserve_lru,admission,value_ranked_working_set,25485123584,9424601088,10171815971,11370758144,0,402653184,25887776768,0.9868650025451046,0.9661258422308907,1.0,0.98,329,199,-1,0,0,0,0,,0.0,0.0,1,129
81113088208,0,oracle_reserve_lru,reload,value_ranked_admission,25606758400,9546235904,10171815971,11267997696,0,0,25606758400,0.9761523332055595,0.9384986841303915,1.0,0.98,129,0,280,777,550,102760448,102760448,CPU,0.0,0.0,0,0
81166260845,0,oracle_reserve_lru,admission,value_ranked_working_set,25545940992,9485418496,10171815971,11267997696,0,402653184,25948594176,0.9891834160588867,0.9721048540586107,1.0,0.98,327,198,-1,0,0,0,0,,0.0,0.0,1,128
81166260845,0,oracle_reserve_lru,reload,value_ranked_admission,25615147008,9554624512,10171815971,11213471744,0,0,25615147008,0.9764721143798742,0.9393233754169735,1.0,0.98,128,0,556,412,273,54525952,54525952,CPU,0.0,0.0,0,0
81219433482,0,oracle_reserve_lru,admission,value_ranked_working_set,25581592576,9521070080,10171815971,11213471744,0,402653184,25984245760,0.9905424860497245,0.9756097920265845,1.0,0.98,326,198,-1,0,0,0,0,,0.0,0.0,1,127
81219433482,0,oracle_reserve_lru,reload,value_ranked_admission,25654992896,9594470400,10171815971,11171528704,0,0,25654992896,0.9779910749578695,0.9432406590282383,1.0,0.98,127,0,544,317,261,41943040,41943040,CPU,0.0,0.0,0,0
81272451084,0,oracle_reserve_lru,admission,value_ranked_working_set,25585786880,9525264384,10171815971,11171528704,0,402653184,25988440064,0.990702376636882,0.9760221376698754,1.0,0.98,324,197,-1,0,0,0,0,,0.0,0.0,1,126
81272451084,0,oracle_reserve_lru,reload,value_ranked_admission,25755656192,9695133696,10171815971,11133779968,0,0,25755656192,0.9818284490496468,0.9531369544672231,1.0,0.98,126,0,491,288,280,37748736,37748736,CPU,0.0,0.0,0,0
82687214903,0,oracle_reserve_lru,trigger,forecast_above_trigger,25839542272,9779019776,10171815971,11133779968,0,415236096,26254778368,1.0008554289213762,1.002206086018856,1.0,0.98,326,200,-1,0,0,0,0,,0.0,0.0,326,0
82687214903,0,oracle_reserve_lru,spill,proactive_target_headroom,25743073280,9682550784,10171815971,11230248960,0,413138944,26156212224,0.9970980001231775,0.9925159634015168,1.0,0.98,326,199,559,730,294,96468992,96468992,CPU,82687214903.0,0.0,0,0
82687214903,0,oracle_reserve_lru,spill,proactive_target_headroom,25701130240,9640607744,10171815971,11272192000,0,411041792,26112172032,0.995419148958025,0.988186334146961,1.0,0.98,326,198,561,308,293,41943040,41943040,CPU,82687214903.0,0.0,0,0
82687214903,0,oracle_reserve_lru,spill,proactive_target_headroom,25661284352,9600761856,10171815971,11312037888,0,408944640,26070228992,0.993820243086451,0.9840628777140507,1.0,0.98,326,197,562,303,293,39845888,39845888,CPU,82687214903.0,0.0,0,0
82687214903,0,oracle_reserve_lru,spill,proactive_target_headroom,25476734976,9416212480,10171815971,11496587264,0,406847488,25883582464,0.9867051119579472,0.9657134965875996,1.0,0.98,326,196,568,1402,288,184549376,184549376,CPU,82687214903.0,0.0,0,0
82687214903,0,oracle_reserve_lru,admission,value_ranked_working_set,25476734976,9416212480,10171815971,11496587264,0,406847488,25883582464,0.9867051119579472,0.9657134965875996,1.0,0.98,326,196,-1,0,0,0,0,,0.0,0.0,2,128
82687214903,0,oracle_reserve_lru,reload,value_ranked_admission,25640312832,9579790336,10171815971,11358175232,0,0,25640312832,0.9774314579028186,0.9417974492767197,1.0,0.98,128,0,559,730,294,96468992,96468992,CPU,0.0,0.0,0,0
82687214903,0,oracle_reserve_lru,reload,value_ranked_admission,25640312832,9579790336,10171815971,11358175232,0,0,25640312832,0.9774314579028186,0.9417974492767197,1.0,0.98,128,0,561,308,293,41943040,41943040,CPU,0.0,0.0,0,0
83275246193,0,oracle_reserve_lru,trigger,forecast_above_trigger,25927622656,9867100160,10171815971,11358175232,0,423624704,26351247360,1.004532912425996,1.0116900358145497,1.0,0.98,333,205,-1,0,0,0,0,,0.0,0.0,333,0
83275246193,0,oracle_reserve_lru,spill,proactive_target_headroom,25791307776,9730785280,10171815971,11494490112,0,421527552,26212835328,0.9992565230498023,0.9980826295859457,1.0,0.98,333,204,569,1032,290,136314880,136314880,CPU,83275246193.0,0.0,0,0
83275246193,0,oracle_reserve_lru,spill,proactive_target_headroom,25749364736,9688842240,10171815971,11536433152,0,419430400,26168795136,0.9975776718846496,0.9937530003313899,1.0,0.98,333,203,572,313,289,41943040,41943040,CPU,83275246193.0,0.0,0,0
83275246193,0,oracle_reserve_lru,spill,proactive_target_headroom,25703227392,9642704896,10171815971,11582570496,0,417333248,26120560640,0.9957389301323397,0.989011025433543,1.0,0.98,333,202,573,345,289,46137344,46137344,CPU,83275246193.0,0.0,0,0
83275246193,0,oracle_reserve_lru,spill,proactive_target_headroom,25654992896,9594470400,10171815971,11630804992,0,415236096,26070228992,0.993820243086451,0.9840628777140507,1.0,0.98,333,201,574,368,287,48234496,48234496,CPU,83275246193.0,0.0,0,0
83275246193,0,oracle_reserve_lru,spill,proactive_target_headroom,25537552384,9477029888,10171815971,11748245504,0,413138944,25950691328,0.9892633613524654,0.9723110268802562,1.0,0.98,333,200,576,894,282,117440512,117440512,CPU,83275246193.0,0.0,0,0
83275246193,0,oracle_reserve_lru,admission,value_ranked_working_set,25537552384,9477029888,10171815971,11748245504,0,413138944,25950691328,0.9892633613524654,0.9723110268802562,1.0,0.98,333,200,-1,0,0,0,0,,0.0,0.0,1,132
83275246193,0,oracle_reserve_lru,reload,value_ranked_admission,25686450176,9625927680,10171815971,11706302464,0,0,25686450176,0.9791902543615499,0.9463332513529211,1.0,0.98,132,0,572,313,289,41943040,41943040,CPU,0.0,0.0,0,0
83857733772,0,oracle_reserve_lru,trigger,forecast_above_trigger,25936011264,9875488768,10171815971,11706302464,0,425721856,26361733120,1.0049326388938895,1.0127208999227775,1.0,0.98,339,207,-1,0,0,0,0,,0.0,0.0,339,0
83857733772,0,oracle_reserve_lru,spill,proactive_target_headroom,25896165376,9835642880,10171815971,11746148352,0,423624704,26319790080,1.0033337330223158,1.008597443489867,1.0,0.98,339,206,577,302,287,39845888,39845888,CPU,83857733772.0,0.0,0,0
83857733772,0,oracle_reserve_lru,spill,proactive_target_headroom,25843736576,9783214080,10171815971,11798577152,0,421527552,26265264128,1.0012551553892697,1.0032369501270837,1.0,0.98,339,205,580,393,287,52428800,52428800,CPU,83857733772.0,0.0,0,0
83857733772,0,oracle_reserve_lru,spill,proactive_target_headroom,25801793536,9741271040,10171815971,11840520192,0,419430400,26221223936,0.999576304224117,0.9989073208725278,1.0,0.98,339,204,581,307,284,41943040,41943040,CPU,83857733772.0,0.0,0,0
83857733772,0,oracle_reserve_lru,spill,proactive_target_headroom,25761947648,9701425152,10171815971,11880366080,0,417333248,26179280896,0.9979773983525432,0.9947838644396175,1.0,0.98,339,203,582,290,283,39845888,39845888,CPU,83857733772.0,0.0,0,0
83857733772,0,oracle_reserve_lru,spill,proactive_target_headroom,25722101760,9661579264,10171815971,11920211968,0,415236096,26137337856,0.9963784924809692,0.9906604080067072,1.0,0.98,339,202,590,299,280,39845888,39845888,CPU,83857733772.0,0.0,0,0
83857733772,0,oracle_reserve_lru,spill,proactive_target_headroom,25684353024,9623830528,10171815971,11957960704,0,413138944,26097491968,0.994859531902974,0.9867431243954423,1.0,0.98,339,201,591,287,278,37748736,37748736,CPU,83857733772.0,0.0,0,0
83857733772,0,oracle_reserve_lru,spill,proactive_target_headroom,25644507136,9583984640,10171815971,11997806592,0,411041792,26055548928,0.9932606260314002,0.982619667962532,1.0,0.98,339,200,592,292,278,39845888,39845888,CPU,83857733772.0,0.0,0,0
83857733772,0,oracle_reserve_lru,spill,proactive_target_headroom,25483026432,9422503936,10171815971,12159287296,0,408944640,25891971072,0.9870248931322619,0.9665381878741817,1.0,0.98,339,199,599,1223,273,161480704,161480704,CPU,83857733772.0,0.0,0,0
83857733772,0,oracle_reserve_lru,admission,value_ranked_working_set,25483026432,9422503936,10171815971,12159287296,0,408944640,25891971072,0.9870248931322619,0.9665381878741817,1.0,0.98,339,199,-1,0,0,0,0,,0.0,0.0,3,137
83857733772,0,oracle_reserve_lru,reload,value_ranked_admission,25648701440,9588178944,10171815971,12029263872,0,0,25648701440,0.9777512390771333,0.9426221405633017,1.0,0.98,137,0,577,302,287,39845888,39845888,CPU,0.0,0.0,0,0
83857733772,0,oracle_reserve_lru,reload,value_ranked_admission,25648701440,9588178944,10171815971,12029263872,0,0,25648701440,0.9777512390771333,0.9426221405633017,1.0,0.98,137,0,580,393,287,52428800,52428800,CPU,0.0,0.0,0,0
83857733772,0,oracle_reserve_lru,reload,value_ranked_admission,25648701440,9588178944,10171815971,12029263872,0,0,25648701440,0.9777512390771333,0.9426221405633017,1.0,0.98,137,0,591,287,278,37748736,37748736,CPU,0.0,0.0,0,0
84237811737,0,oracle_reserve_lru,admission,value_ranked_working_set,25556426752,9495904256,10171815971,12029263872,0,404750336,25961177088,0.9896630878203589,0.9733418909884838,1.0,0.98,336,199,-1,0,0,0,0,,0.0,0.0,1,136
84237811737,0,oracle_reserve_lru,reload,value_ranked_admission,25822765056,9762242560,10171815971,11987320832,0,0,25822765056,0.984386698444165,0.9597344847598797,1.0,0.98,136,0,581,307,284,41943040,41943040,CPU,0.0,0.0,0,0
84351839731,0,oracle_reserve_lru,trigger,forecast_above_trigger,25896165376,9835642880,10171815971,11987320832,0,411041792,26307207168,1.0028540612608434,1.007360406559994,1.0,0.98,340,204,-1,0,0,0,0,,0.0,0.0,340,0
84351839731,0,oracle_reserve_lru,spill,proactive_target_headroom,25743073280,9682550784,10171815971,12140412928,0,408944640,26152017920,0.9969381095360201,0.9921036177582258,1.0,0.98,340,203,610,1161,276,153092096,153092096,CPU,84351839731.0,0.0,0,0
84351839731,0,oracle_reserve_lru,spill,proactive_target_headroom,25703227392,9642704896,10171815971,12180258816,0,406847488,26110074880,0.9953392036644462,0.9879801613253154,1.0,0.98,340,202,611,298,273,39845888,39845888,CPU,84351839731.0,0.0,0,0
84351839731,0,oracle_reserve_lru,spill,proactive_target_headroom,25619341312,9558818816,10171815971,12264144896,0,404750336,26024091648,0.9920614466277198,0.9795270756378492,1.0,0.98,340,201,612,626,272,83886080,83886080,CPU,84351839731.0,0.0,0,0
84465366849,0,oracle_reserve_lru,admission,value_ranked_working_set,25474637824,9414115328,10171815971,12264144896,0,404750336,25879388160,0.9865452213707898,0.9653011509443086,1.0,0.98,336,197,-1,0,0,0,0,,0.0,0.0,2,137
84465366849,0,oracle_reserve_lru,reload,value_ranked_admission,25615147008,9554624512,10171815971,12140412928,0,0,25615147008,0.9764721143798742,0.9393233754169735,1.0,0.98,137,0,611,298,273,39845888,39845888,CPU,0.0,0.0,0,0
84465366849,0,oracle_reserve_lru,reload,value_ranked_admission,25615147008,9554624512,10171815971,12140412928,0,0,25615147008,0.9764721143798742,0.9393233754169735,1.0,0.98,137,0,612,626,272,83886080,83886080,CPU,0.0,0.0,0,0
85151747575,0,oracle_reserve_lru,admission,value_ranked_working_set,25562718208,9502195712,10171815971,12140412928,0,415236096,25977954304,0.9903026501689884,0.9749912735616478,1.0,0.98,337,200,-1,0,0,0,0,,0.0,0.0,1,136
85151747575,0,oracle_reserve_lru,reload,value_ranked_admission,25642409984,9581887488,10171815971,12100567040,0,0,25642409984,0.9775114031963973,0.9420036220983652,1.0,0.98,136,0,582,290,283,39845888,39845888,CPU,0.0,0.0,0,0
85660901555,0,oracle_reserve_lru,trigger,forecast_above_trigger,25906651136,9846128640,10171815971,12100567040,0,421527552,26328178688,1.0036535141966305,1.0094221347764492,1.0,0.98,340,204,-1,0,0,0,0,,0.0,0.0,340,0
85660901555,0,oracle_reserve_lru,spill,proactive_target_headroom,25858416640,9797894144,10171815971,12148801536,0,419430400,26277847040,1.0017348271507418,1.0044739870569568,1.0,0.98,340,203,614,363,288,48234496,48234496,CPU,85660901555.0,0.0,0,0
85660901555,0,oracle_reserve_lru,spill,proactive_target_headroom,25818570752,9758048256,10171815971,12188647424,0,417333248,26235904000,1.0001359212791678,1.0003505306240463,1.0,0.98,340,202,618,298,285,39845888,39845888,CPU,85660901555.0,0.0,0,0
85660901555,0,oracle_reserve_lru,spill,proactive_target_headroom,25661284352,9600761856,10171815971,12345933824,0,415236096,26076520448,0.9940600789671871,0.9846813961789872,1.0,0.98,340,201,622,1191,283,157286400,157286400,CPU,85660901555.0,0.0,0,0
85660901555,0,oracle_reserve_lru,spill,proactive_target_headroom,25621438464,9560915968,10171815971,12385779712,0,413138944,26034577408,0.9924611730956132,0.9805579397460769,1.0,0.98,340,200,626,298,280,39845888,39845888,CPU,85660901555.0,0.0,0,0
85660901555,0,oracle_reserve_lru,spill,proactive_target_headroom,25575301120,9514778624,10171815971,12431917056,0,411041792,25986342912,0.9906224313433032,0.97581596484823,1.0,0.98,340,199,629,344,279,46137344,46137344,CPU,85660901555.0,0.0,0,0
85660901555,0,oracle_reserve_lru,admission,value_ranked_working_set,25575301120,9514778624,10171815971,12431917056,0,411041792,25986342912,0.9906224313433032,0.97581596484823,1.0,0.98,340,199,-1,0,0,0,0,,0.0,0.0,1,140
85660901555,0,oracle_reserve_lru,reload,value_ranked_admission,25774530560,9714008064,10171815971,12392071168,0,0,25774530560,0.9825479566918551,0.9549925098620328,1.0,0.98,140,0,618,298,285,39845888,39845888,CPU,0.0,0.0,0,0
85898142874,0,oracle_reserve_lru,trigger,forecast_above_trigger,25915039744,9854517248,10171815971,12392071168,0,419430400,26334470144,1.0038933500773666,1.0100406532413857,1.0,0.98,343,203,-1,0,0,0,0,,0.0,0.0,343,0
85898142874,0,oracle_reserve_lru,spill,proactive_target_headroom,25831153664,9770631168,10171815971,12475957248,0,417333248,26248486912,1.00061559304064,1.0015875675539194,1.0,0.98,343,202,630,636,282,83886080,83886080,CPU,85898142874.0,0.0,0,0
85898142874,0,oracle_reserve_lru,spill,proactive_target_headroom,25772433408,9711910912,10171815971,12534677504,0,415236096,26187669504,0.9982971795268579,0.9956085557261996,1.0,0.98,343,201,631,436,279,58720256,58720256,CPU,85898142874.0,0.0,0,0
85898142874,0,oracle_reserve_lru,spill,proactive_target_headroom,25724198912,9663676416,10171815971,12582912000,0,413138944,26137337856,0.9963784924809692,0.9906604080067072,1.0,0.98,343,200,632,355,278,48234496,48234496,CPU,85898142874.0,0.0,0,0
85898142874,0,oracle_reserve_lru,spill,proactive_target_headroom,25625632768,9565110272,10171815971,12681478144,0,411041792,26036674560,0.9925411183891919,0.9807641125677223,1.0,0.98,343,199,633,739,277,98566144,98566144,CPU,85898142874.0,0.0,0,0
85898142874,0,oracle_reserve_lru,spill,proactive_target_headroom,25583689728,9523167232,10171815971,12723421184,0,408944640,25992634368,0.9908622672240394,0.9764344833131665,1.0,0.98,343,198,636,309,275,41943040,41943040,CPU,85898142874.0,0.0,0,0
85954452743,0,oracle_reserve_lru,admission,value_ranked_working_set,25556426752,9495904256,10171815971,12723421184,0,408944640,25965371392,0.9898229784075163,0.9737542366317747,1.0,0.98,342,197,-1,0,0,0,0,,0.0,0.0,1,144
85954452743,0,oracle_reserve_lru,reload,value_ranked_admission,25646604288,9586081792,10171815971,12664700928,0,0,25646604288,0.9776712937835547,0.9424159677416563,1.0,0.98,144,0,631,436,279,58720256,58720256,CPU,0.0,0.0,0,0
86232921252,0,oracle_reserve_lru,trigger,forecast_above_trigger,25946497024,9885974528,10171815971,12664700928,0,411041792,26357538816,1.0047727483067321,1.0123085542794863,1.0,0.98,346,202,-1,0,0,0,0,,0.0,0.0,346,0
86232921252,0,oracle_reserve_lru,spill,proactive_target_headroom,25906651136,9846128640,10171815971,12704546816,0,408944640,26315595776,1.0031738424351584,1.008185097846576,1.0,0.98,346,201,638,292,280,39845888,39845888,CPU,86232921252.0,0.0,0,0
86232921252,0,oracle_reserve_lru,spill,proactive_target_headroom,25866805248,9806282752,10171815971,12744392704,0,406847488,26273652736,1.0015749365635844,1.0040616414136658,1.0,0.98,346,200,639,292,280,39845888,39845888,CPU,86232921252.0,0.0,0,0
86232921252,0,oracle_reserve_lru,spill,proactive_target_headroom,25829056512,9768534016,10171815971,12782141440,0,404750336,26233806848,1.0000559759855892,1.000144357802401,1.0,0.98,346,199,641,282,279,37748736,37748736,CPU,86232921252.0,0.0,0,0
86232921252,0,oracle_reserve_lru,spill,proactive_target_headroom,25791307776,9730785280,10171815971,12819890176,0,402653184,26193960960,0.998537015407594,0.9962270741911361,1.0,0.98,346,198,643,283,278,37748736,37748736,CPU,86232921252.0,0.0,0,0
86232921252,0,oracle_reserve_lru,spill,proactive_target_headroom,25650798592,9590276096,10171815971,12960399360,0,400556032,26051354624,0.9931007354442428,0.982207322319241,1.0,0.98,346,197,645,1059,275,140509184,140509184,CPU,86232921252.0,0.0,0,0
86232921252,0,oracle_reserve_lru,spill,proactive_target_headroom,25608855552,9548333056,10171815971,13002342400,0,398458880,26007314432,0.9914218842790902,0.9778776930646851,1.0,0.98,346,196,646,308,274,41943040,41943040,CPU,86232921252.0,0.0,0,0
87374319412,0,oracle_reserve_lru,trigger,forecast_above_trigger,25822765056,9762242560,10171815971,13002342400,0,419430400,26242195456,1.000375757159904,1.0009690490889829,1.0,0.98,352,202,-1,0,0,0,0,,0.0,0.0,352,0
87374319412,0,oracle_reserve_lru,spill,proactive_target_headroom,25782919168,9722396672,10171815971,13042188288,0,417333248,26200252416,0.99877685128833,0.9968455926560726,1.0,0.98,352,201,647,297,290,39845888,39845888,CPU,87374319412.0,0.0,0,0
87374319412,0,oracle_reserve_lru,spill,proactive_target_headroom,25734684672,9674162176,10171815971,13090422784,0,415236096,26149920768,0.9968581642424414,0.9918974449365803,1.0,0.98,352,200,651,357,288,48234496,48234496,CPU,87374319412.0,0.0,0,0
87374319412,0,oracle_reserve_lru,spill,proactive_target_headroom,25579495424,9518972928,10171815971,13245612032,0,413138944,25992634368,0.9908622672240394,0.9764344833131665,1.0,0.98,352,199,652,1174,288,155189248,155189248,CPU,87374319412.0,0.0,0,0
87858826634,0,oracle_reserve_lru,trigger,forecast_above_trigger,25858416640,9797894144,10171815971,13245612032,0,419430400,26277847040,1.0017348271507418,1.0044739870569568,1.0,0.98,358,205,-1,0,0,0,0,,0.0,0.0,358,0
87858826634,0,oracle_reserve_lru,spill,proactive_target_headroom,25684353024,9623830528,10171815971,13419675648,0,417333248,26101686272,0.9950194224901314,0.9871554700387334,1.0,0.98,358,204,654,1324,290,174063616,174063616,CPU,87858826634.0,0.0,0,0
87858826634,0,oracle_reserve_lru,spill,proactive_target_headroom,25577398272,9516875776,10171815971,13526630400,0,415236096,25992634368,0.9908622672240394,0.9764344833131665,1.0,0.98,358,203,656,809,290,106954752,106954752,CPU,87858826634.0,0.0,0,0
88045409106,0,oracle_reserve_lru,admission,value_ranked_working_set,25575301120,9514778624,10171815971,13526630400,0,415236096,25990537216,0.9907823219304607,0.976228310491521,1.0,0.98,358,203,-1,0,0,0,0,,0.0,0.0,1,154
88045409106,0,oracle_reserve_lru,reload,value_ranked_admission,25654992896,9594470400,10171815971,13490978816,0,0,25654992896,0.9779910749578695,0.9432406590282383,1.0,0.98,154,0,403,269,255,35651584,35651584,CPU,0.0,0.0,0,0
88709603977,0,oracle_reserve_lru,trigger,forecast_above_trigger,25866805248,9806282752,10171815971,13490978816,0,429916160,26296721408,1.00245433479295,1.0063295424517664,1.0,0.98,363,209,-1,0,0,0,0,,0.0,0.0,363,0
88709603977,0,oracle_reserve_lru,spill,proactive_target_headroom,25799696384,9739173888,10171815971,13558087680,0,427819008,26227515392,0.9998161401048531,0.9995258393374643,1.0,0.98,363,208,659,508,298,67108864,67108864,CPU,88709603977.0,0.0,0,0
88709603977,0,oracle_reserve_lru,spill,proactive_target_headroom,25757753344,9697230848,10171815971,13600030720,0,425721856,26183475200,0.9981372889397006,0.9951962100829085,1.0,0.98,363,207,664,319,289,41943040,41943040,CPU,88709603977.0,0.0,0,0
88709603977,0,oracle_reserve_lru,spill,proactive_target_headroom,25717907456,9657384960,10171815971,13639876608,0,423624704,26141532160,0.9965383830681266,0.9910727536499981,1.0,0.98,363,206,665,299,289,39845888,39845888,CPU,88709603977.0,0.0,0,0
88709603977,0,oracle_reserve_lru,spill,proactive_target_headroom,25659187200,9598664704,10171815971,13698596864,0,421527552,26080714752,0.9942199695543446,0.9850937418222782,1.0,0.98,363,205,666,436,288,58720256,58720256,CPU,88709603977.0,0.0,0,0
88709603977,0,oracle_reserve_lru,spill,proactive_target_headroom,25619341312,9558818816,10171815971,13738442752,0,419430400,26038771712,0.9926210636827706,0.9809702853893678,1.0,0.98,363,204,668,301,287,39845888,39845888,CPU,88709603977.0,0.0,0,0
88709603977,0,oracle_reserve_lru,spill,proactive_target_headroom,25522872320,9462349824,10171815971,13834911744,0,417333248,25940205568,0.988863634884572,0.9712801627720286,1.0,0.98,363,203,669,730,287,96468992,96468992,CPU,88709603977.0,0.0,0,0
88709603977,0,oracle_reserve_lru,admission,value_ranked_working_set,25522872320,9462349824,10171815971,13834911744,0,417333248,25940205568,0.988863634884572,0.9712801627720286,1.0,0.98,363,203,-1,0,0,0,0,,0.0,0.0,1,159
88709603977,0,oracle_reserve_lru,reload,value_ranked_admission,25629827072,9569304576,10171815971,13767802880,0,0,25629827072,0.9770317314349252,0.9407665851684921,1.0,0.98,159,0,659,508,298,67108864,67108864,CPU,0.0,0.0,0,0
88765558577,0,oracle_reserve_lru,admission,value_ranked_working_set,25566912512,9506390016,10171815971,13767802880,0,419430400,25986342912,0.9906224313433032,0.97581596484823,1.0,0.98,361,202,-1,0,0,0,0,,0.0,0.0,1,158
88765558577,0,oracle_reserve_lru,reload,value_ranked_admission,25652895744,9592373248,10171815971,13727956992,0,0,25652895744,0.9779111296642908,0.9430344862065928,1.0,0.98,158,0,665,299,289,39845888,39845888,CPU,0.0,0.0,0,0
89857110019,0,oracle_reserve_lru,trigger,forecast_above_trigger,25826959360,9766436864,10171815971,13727956992,0,432013312,26258972672,1.0010153195085336,1.0026184316621471,1.0,0.98,369,211,-1,0,0,0,0,,0.0,0.0,369,0
89857110019,0,oracle_reserve_lru,spill,proactive_target_headroom,25776627712,9716105216,10171815971,13778288640,0,429916160,26206543872,0.9990166871690662,0.9974641111210092,1.0,0.98,369,210,670,382,298,50331648,50331648,CPU,89857110019.0,0.0,0,0
89857110019,0,oracle_reserve_lru,spill,proactive_target_headroom,25734684672,9674162176,10171815971,13820231680,0,427819008,26162503680,0.9973378360039136,0.9931344818664534,1.0,0.98,369,209,674,309,292,41943040,41943040,CPU,89857110019.0,0.0,0,0
89857110019,0,oracle_reserve_lru,spill,proactive_target_headroom,25688547328,9628024832,10171815971,13866369024,0,425721856,26114269184,0.9954990942516037,0.9883925069686065,1.0,0.98,369,208,675,348,286,46137344,46137344,CPU,89857110019.0,0.0,0,0
89857110019,0,oracle_reserve_lru,spill,proactive_target_headroom,25648701440,9588178944,10171815971,13906214912,0,423624704,26072326144,0.9939001883800297,0.9842690505356961,1.0,0.98,369,207,678,289,280,39845888,39845888,CPU,89857110019.0,0.0,0,0
89857110019,0,oracle_reserve_lru,spill,proactive_target_headroom,25606758400,9546235904,10171815971,13948157952,0,421527552,26028285952,0.9922213372148772,0.9799394212811403,1.0,0.98,369,206,679,308,277,41943040,41943040,CPU,89857110019.0,0.0,0,0
90305415515,0,oracle_reserve_lru,admission,value_ranked_working_set,25575301120,9514778624,10171815971,13948157952,0,413138944,25988440064,0.990702376636882,0.9760221376698754,1.0,0.98,368,205,-1,0,0,0,0,,0.0,0.0,1,162
90305415515,0,oracle_reserve_lru,reload,value_ranked_admission,25659187200,9598664704,10171815971,13910409216,0,0,25659187200,0.9781509655450269,0.9436530046715293,1.0,0.98,162,0,641,282,279,37748736,37748736,CPU,0.0,0.0,0,0
90460228518,0,oracle_reserve_lru,admission,value_ranked_working_set,25520775168,9460252672,10171815971,13910409216,0,413138944,25933914112,0.9886237990038359,0.970661644307092,1.0,0.98,366,204,-1,0,0,0,0,,0.0,0.0,2,160
90460228518,0,oracle_reserve_lru,reload,value_ranked_admission,25642409984,9581887488,10171815971,13820231680,0,0,25642409984,0.9775114031963973,0.9420036220983652,1.0,0.98,160,0,670,382,298,50331648,50331648,CPU,0.0,0.0,0,0
90460228518,0,oracle_reserve_lru,reload,value_ranked_admission,25642409984,9581887488,10171815971,13820231680,0,0,25642409984,0.9775114031963973,0.9420036220983652,1.0,0.98,160,0,678,289,280,39845888,39845888,CPU,0.0,0.0,0,0
91243324350,0,oracle_reserve_lru,trigger,forecast_above_trigger,25927622656,9867100160,10171815971,13820231680,0,432013312,26359635968,1.0048526936003108,1.0125147271011319,1.0,0.98,368,208,-1,0,0,0,0,,0.0,0.0,368,0
91243324350,0,oracle_reserve_lru,spill,proactive_target_headroom,25814376448,9753853952,10171815971,13933477888,0,429916160,26244292608,1.0004557024534826,1.0011752219106285,1.0,0.98,368,207,685,850,285,113246208,113246208,CPU,91243324350.0,0.0,0,0
91243324350,0,oracle_reserve_lru,spill,proactive_target_headroom,25740976128,9680453632,10171815971,14006878208,0,427819008,26168795136,0.9975776718846496,0.9937530003313899,1.0,0.98,368,206,686,553,284,73400320,73400320,CPU,91243324350.0,0.0,0,0
91243324350,0,oracle_reserve_lru,spill,proactive_target_headroom,25701130240,9640607744,10171815971,14046724096,0,425721856,26126852096,0.9959787660130758,0.9896295438984796,1.0,0.98,368,205,687,297,283,39845888,39845888,CPU,91243324350.0,0.0,0,0
91243324350,0,oracle_reserve_lru,spill,proactive_target_headroom,25623535616,9563013120,10171815971,14124318720,0,423624704,26047160320,0.9929408448570853,0.98179497667595,1.0,0.98,368,204,428,580,564,77594624,77594624,CPU,91243324350.0,0.0,0,0
91243324350,0,oracle_reserve_lru,spill,proactive_target_headroom,25424306176,9363783680,10171815971,14323548160,0,421527552,25845833728,0.9852660966735307,0.9620023857979804,1.0,0.98,368,203,688,1515,281,199229440,199229440,CPU,91243324350.0,0.0,0,0
91243324350,0,oracle_reserve_lru,admission,value_ranked_working_set,25424306176,9363783680,10171815971,14323548160,0,421527552,25845833728,0.9852660966735307,0.9620023857979804,1.0,0.98,368,203,-1,0,0,0,0,,0.0,0.0,2,163
91243324350,0,oracle_reserve_lru,reload,value_ranked_admission,25782919168,9722396672,10171815971,14170456064,0,0,25782919168,0.9828677378661699,0.9558172011486148,1.0,0.98,163,0,685,850,285,113246208,113246208,CPU,0.0,0.0,0,0
91243324350,0,oracle_reserve_lru,reload,value_ranked_admission,25782919168,9722396672,10171815971,14170456064,0,0,25782919168,0.9828677378661699,0.9558172011486148,1.0,0.98,163,0,687,297,283,39845888,39845888,CPU,0.0,0.0,0,0
91572096904,0,oracle_reserve_lru,trigger,forecast_above_trigger,25822765056,9762242560,10171815971,14170456064,0,427819008,26250584064,1.0006955383342189,1.001793740375565,1.0,0.98,371,208,-1,0,0,0,0,,0.0,0.0,371,0
91572096904,0,oracle_reserve_lru,spill,proactive_target_headroom,25776627712,9716105216,10171815971,14216593408,0,425721856,26202349568,0.9988567965819087,0.9970517654777181,1.0,0.98,371,207,690,347,283,46137344,46137344,CPU,91572096904.0,0.0,0,0
91572096904,0,oracle_reserve_lru,spill,proactive_target_headroom,25606758400,9546235904,10171815971,14386462720,0,423624704,26030383104,0.9923012825084558,0.9801455941027858,1.0,0.98,371,206,691,1291,282,169869312,169869312,CPU,91572096904.0,0.0,0,0
91572096904,0,oracle_reserve_lru,spill,proactive_target_headroom,25566912512,9506390016,10171815971,14426308608,0,421527552,25988440064,0.990702376636882,0.9760221376698754,1.0,0.98,371,205,692,304,281,39845888,39845888,CPU,91572096904.0,0.0,0,0
91572096904,0,oracle_reserve_lru,admission,value_ranked_working_set,25566912512,9506390016,10171815971,14426308608,0,421527552,25988440064,0.990702376636882,0.9760221376698754,1.0,0.98,371,205,-1,0,0,0,0,,0.0,0.0,1,165
91572096904,0,oracle_reserve_lru,reload,value_ranked_admission,25644507136,9583984640,10171815971,14388559872,0,0,25644507136,0.977591348489976,0.9422097949200108,1.0,0.98,165,0,643,283,278,37748736,37748736,CPU,0.0,0.0,0,0
91923996370,0,oracle_reserve_lru,trigger,forecast_above_trigger,25915039744,9854517248,10171815971,14388559872,0,419430400,26334470144,1.0038933500773666,1.0100406532413857,1.0,0.98,372,207,-1,0,0,0,0,,0.0,0.0,372,0
91923996370,0,oracle_reserve_lru,spill,proactive_target_headroom,25873096704,9812574208,10171815971,14430502912,0,417333248,26290429952,1.002214498912214,1.0057110239868299,1.0,0.98,372,206,699,310,282,41943040,41943040,CPU,91923996370.0,0.0,0,0
91923996370,0,oracle_reserve_lru,spill,proactive_target_headroom,25824862208,9764339712,10171815971,14478737408,0,415236096,26240098304,1.0002958118663252,1.0007628762673375,1.0,0.98,372,205,702,366,279,48234496,48234496,CPU,91923996370.0,0.0,0,0
91923996370,0,oracle_reserve_lru,spill,proactive_target_headroom,25778724864,9718202368,10171815971,14524874752,0,413138944,26191863808,0.9984570701140153,0.9960209013694906,1.0,0.98,372,204,704,351,279,46137344,46137344,CPU,91923996370.0,0.0,0,0
91923996370,0,oracle_reserve_lru,spill,proactive_target_headroom,25738878976,9678356480,10171815971,14564720640,0,411041792,26149920768,0.9968581642424414,0.9918974449365803,1.0,0.98,372,203,705,294,270,39845888,39845888,CPU,91923996370.0,0.0,0,0
91923996370,0,oracle_reserve_lru,spill,proactive_target_headroom,25699033088,9638510592,10171815971,14604566528,0,408944640,26107977728,0.9952592583708675,0.9877739885036699,1.0,0.98,372,202,711,293,267,39845888,39845888,CPU,91923996370.0,0.0,0,0
91923996370,0,oracle_reserve_lru,spill,proactive_target_headroom,25623535616,9563013120,10171815971,14680064000,0,406847488,26030383104,0.9923012825084558,0.9801455941027858,1.0,0.98,372,201,437,576,556,75497472,75497472,CPU,91923996370.0,0.0,0,0
91923996370,0,oracle_reserve_lru,spill,proactive_target_headroom,25575301120,9514778624,10171815971,14728298496,0,404750336,25980051456,0.9903825954625671,0.9751974463832934,1.0,0.98,372,200,715,360,264,48234496,48234496,CPU,91923996370.0,0.0,0,0
91923996370,0,oracle_reserve_lru,admission,value_ranked_working_set,25575301120,9514778624,10171815971,14728298496,0,404750336,25980051456,0.9903825954625671,0.9751974463832934,1.0,0.98,372,200,-1,0,0,0,0,,0.0,0.0,1,171
91923996370,0,oracle_reserve_lru,reload,value_ranked_admission,25795502080,9734979584,10171815971,14686355456,0,0,25795502080,0.983347409627642,0.957054238078488,1.0,0.98,171,0,699,310,282,41943040,41943040,CPU,0.0,0.0,0,0
92202338129,0,oracle_reserve_lru,trigger,forecast_above_trigger,25887776768,9827254272,10171815971,14686355456,0,406847488,26294624256,1.0023743894993713,1.0061233696301208,1.0,0.98,371,200,-1,0,0,0,0,,0.0,0.0,371,0
92202338129,0,oracle_reserve_lru,spill,proactive_target_headroom,25808084992,9747562496,10171815971,14766047232,0,404750336,26212835328,0.9992565230498023,0.9980826295859457,1.0,0.98,371,199,453,606,560,79691776,79691776,CPU,92202338129.0,0.0,0,0
92202338129,0,oracle_reserve_lru,spill,proactive_target_headroom,25764044800,9703522304,10171815971,14810087424,0,402653184,26166697984,0.9974977265910709,0.9935468275097443,1.0,0.98,371,198,716,333,267,44040192,44040192,CPU,92202338129.0,0.0,0,0
92202338129,0,oracle_reserve_lru,spill,proactive_target_headroom,25717907456,9657384960,10171815971,14856224768,0,400556032,26118463488,0.995658984838761,0.9888048526118975,1.0,0.98,371,197,717,338,261,46137344,46137344,CPU,92202338129.0,0.0,0,0
92202338129,0,oracle_reserve_lru,spill,proactive_target_headroom,25644507136,9583984640,10171815971,14929625088,0,398458880,26042966016,0.992780954269928,0.9813826310326589,1.0,0.98,371,196,456,548,547,73400320,73400320,CPU,92202338129.0,0.0,0,0
92202338129,0,oracle_reserve_lru,spill,proactive_target_headroom,25564815360,9504292864,10171815971,15009316864,0,396361728,25961177088,0.9896630878203589,0.9733418909884838,1.0,0.98,371,195,434,606,532,79691776,79691776,CPU,92202338129.0,0.0,0,0
92202338129,0,oracle_reserve_lru,admission,value_ranked_working_set,25564815360,9504292864,10171815971,15009316864,0,396361728,25961177088,0.9896630878203589,0.9733418909884838,1.0,0.98,371,195,-1,0,0,0,0,,0.0,0.0,1,175
92202338129,0,oracle_reserve_lru,reload,value_ranked_admission,25644507136,9583984640,10171815971,14965276672,0,0,25644507136,0.977591348489976,0.9422097949200108,1.0,0.98,175,0,716,333,267,44040192,44040192,CPU,0.0,0.0,0,0
92401443245,0,oracle_reserve_lru,admission,value_ranked_working_set,25531260928,9470738432,10171815971,14965276672,0,400556032,25931816960,0.9885438537102572,0.9704554714854465,1.0,0.98,371,196,-1,0,0,0,0,,0.0,0.0,1,174
92401443245,0,oracle_reserve_lru,reload,value_ranked_admission,25638215680,9577693184,10171815971,14885584896,0,0,25638215680,0.9773515126092399,0.9415912764550742,1.0,0.98,174,0,453,606,560,79691776,79691776,CPU,0.0,0.0,0,0
93279504629,0,oracle_reserve_lru,trigger,forecast_above_trigger,25891971072,9831448576,10171815971,14885584896,0,406847488,26298818560,1.0025342800865287,1.006535715273412,1.0,0.98,370,196,-1,0,0,0,0,,0.0,0.0,370,0
93279504629,0,oracle_reserve_lru,spill,proactive_target_headroom,25810182144,9749659648,10171815971,14967373824,0,404750336,26214932480,0.999336468343381,0.9982888024075912,1.0,0.98,370,195,722,614,277,81788928,81788928,CPU,93279504629.0,0.0,0,0
93279504629,0,oracle_reserve_lru,spill,proactive_target_headroom,25705324544,9644802048,10171815971,15072231424,0,402653184,26107977728,0.9952592583708675,0.9877739885036699,1.0,0.98,370,194,727,787,270,104857600,104857600,CPU,93279504629.0,0.0,0,0
93279504629,0,oracle_reserve_lru,spill,proactive_target_headroom,25623535616,9563013120,10171815971,15154020352,0,400556032,26024091648,0.9920614466277198,0.9795270756378492,1.0,0.98,370,193,459,614,582,81788928,81788928,CPU,93279504629.0,0.0,0,0
93826652644,0,oracle_reserve_lru,trigger,forecast_above_trigger,25879388160,9818865664,10171815971,15154020352,0,390070272,26269458432,1.001415045976427,1.0036492957703746,1.0,0.98,370,193,-1,0,0,0,0,,0.0,0.0,370,0
93826652644,0,oracle_reserve_lru,spill,proactive_target_headroom,25730490368,9669967872,10171815971,15302918144,0,390070272,26120560640,0.9957389301323397,0.989011025433543,1.0,0.98,370,192,735,1123,277,148897792,148897792,CPU,93826652644.0,0.0,0,0
93826652644,0,oracle_reserve_lru,spill,proactive_target_headroom,25690644480,9630121984,10171815971,15342764032,0,387973120,26078617600,0.9941400242607658,0.9848875690006327,1.0,0.98,370,191,736,291,276,39845888,39845888,CPU,93826652644.0,0.0,0,0
93826652644,0,oracle_reserve_lru,spill,proactive_target_headroom,25506095104,9445572608,10171815971,15527313408,0,385875968,25891971072,0.9870248931322619,0.9665381878741817,1.0,0.98,370,190,738,1399,272,184549376,184549376,CPU,93826652644.0,0.0,0,0
93826652644,0,oracle_reserve_lru,admission,value_ranked_working_set,25506095104,9445572608,10171815971,15527313408,0,385875968,25891971072,0.9870248931322619,0.9665381878741817,1.0,0.98,370,190,-1,0,0,0,0,,0.0,0.0,2,178
93826652644,0,oracle_reserve_lru,reload,value_ranked_admission,25654992896,9594470400,10171815971,15405678592,0,0,25654992896,0.9779910749578695,0.9432406590282383,1.0,0.98,178,0,736,291,276,39845888,39845888,CPU,0.0,0.0,0,0
93826652644,0,oracle_reserve_lru,reload,value_ranked_admission,25654992896,9594470400,10171815971,15405678592,0,0,25654992896,0.9779910749578695,0.9432406590282383,1.0,0.98,178,0,722,614,277,81788928,81788928,CPU,0.0,0.0,0,0
94025485877,0,oracle_reserve_lru,trigger,forecast_above_trigger,25862610944,9802088448,10171815971,15405678592,0,387973120,26250584064,1.0006955383342189,1.001793740375565,1.0,0.98,371,193,-1,0,0,0,0,,0.0,0.0,371,0
94025485877,0,oracle_reserve_lru,spill,proactive_target_headroom,25814376448,9753853952,10171815971,15453913088,0,385875968,26200252416,0.99877685128833,0.9968455926560726,1.0,0.98,371,192,739,353,275,48234496,48234496,CPU,94025485877.0,0.0,0,0
94025485877,0,oracle_reserve_lru,spill,proactive_target_headroom,25692741632,9632219136,10171815971,15575547904,0,383778816,26076520448,0.9940600789671871,0.9846813961789872,1.0,0.98,371,191,742,921,271,121634816,121634816,CPU,94025485877.0,0.0,0,0
94025485877,0,oracle_reserve_lru,spill,proactive_target_headroom,25634021376,9573498880,10171815971,15634268160,0,381681664,26015703040,0.9917416654534049,0.9787023843512672,1.0,0.98,371,190,744,433,269,58720256,58720256,CPU,94025485877.0,0.0,0,0
94271706241,0,oracle_reserve_lru,admission,value_ranked_working_set,25596272640,9535750144,10171815971,15634268160,0,385875968,25982148608,0.9904625407561458,0.9754036192049389,1.0,0.98,370,189,-1,0,0,0,0,,0.0,0.0,1,180
94271706241,0,oracle_reserve_lru,reload,value_ranked_admission,25665478656,9604956160,10171815971,15594422272,0,0,25665478656,0.978390801425763,0.9442715231364659,1.0,0.98,180,0,705,294,270,39845888,39845888,CPU,0.0,0.0,0,0
94346133461,0,oracle_reserve_lru,admission,value_ranked_working_set,25579495424,9518972928,10171815971,15594422272,0,390070272,25969565696,0.9899828689946737,0.9741665822750658,1.0,0.98,369,189,-1,0,0,0,0,,0.0,0.0,1,179
94346133461,0,oracle_reserve_lru,reload,value_ranked_admission,25659187200,9598664704,10171815971,15546187776,0,0,25659187200,0.9781509655450269,0.9436530046715293,1.0,0.98,179,0,739,353,275,48234496,48234496,CPU,0.0,0.0,0,0
94721575123,0,oracle_reserve_lru,admission,value_ranked_working_set,25487220736,9426698240,10171815971,15546187776,0,390070272,25877291008,0.9864652760772111,0.9650949781226631,1.0,0.98,368,189,-1,0,0,0,0,,0.0,0.0,1,178
94721575123,0,oracle_reserve_lru,reload,value_ranked_admission,25636118528,9575596032,10171815971,15424552960,0,0,25636118528,0.9772715673156612,0.9413851036334286,1.0,0.98,178,0,742,921,271,121634816,121634816,CPU,0.0,0.0,0,0
94797551230,0,oracle_reserve_lru,admission,value_ranked_working_set,25535455232,9474932736,10171815971,15424552960,0,385875968,25921331200,0.9881441272423637,0.9694246073772189,1.0,0.98,366,188,-1,0,0,0,0,,0.0,0.0,2,176
94797551230,0,oracle_reserve_lru,reload,value_ranked_admission,25646604288,9586081792,10171815971,15325986816,0,0,25646604288,0.9776712937835547,0.9424159677416563,1.0,0.98,176,0,744,433,269,58720256,58720256,CPU,0.0,0.0,0,0
94797551230,0,oracle_reserve_lru,reload,value_ranked_admission,25646604288,9586081792,10171815971,15325986816,0,0,25646604288,0.9776712937835547,0.9424159677416563,1.0,0.98,176,0,711,293,267,39845888,39845888,CPU,0.0,0.0,0,0
95160087481,0,oracle_reserve_lru,trigger,forecast_above_trigger,25866805248,9806282752,10171815971,15325986816,0,390070272,26256875520,1.000935374214955,1.0024122588405016,1.0,0.98,365,189,-1,0,0,0,0,,0.0,0.0,365,0
95160087481,0,oracle_reserve_lru,spill,proactive_target_headroom,25734684672,9674162176,10171815971,15458107392,0,387973120,26122657792,0.9958188754259184,0.9892171982551885,1.0,0.98,365,188,746,1007,294,132120576,132120576,CPU,95160087481.0,0.0,0,0
95160087481,0,oracle_reserve_lru,spill,proactive_target_headroom,25686450176,9625927680,10171815971,15506341888,0,385875968,26072326144,0.9939001883800297,0.9842690505356961,1.0,0.98,365,187,748,354,293,48234496,48234496,CPU,95160087481.0,0.0,0,0
95160087481,0,oracle_reserve_lru,spill,proactive_target_headroom,25621438464,9560915968,10171815971,15571353600,0,383778816,26005217280,0.9913419389855115,0.9776715202430396,1.0,0.98,365,186,751,490,288,65011712,65011712,CPU,95160087481.0,0.0,0,0
95634922482,0,oracle_reserve_lru,trigger,forecast_above_trigger,25998925824,9938403328,10171815971,15571353600,0,364904448,26363830272,1.0050125841874682,1.0129270727444228,1.0,0.98,362,183,-1,0,0,0,0,,0.0,0.0,362,0
95634922482,0,oracle_reserve_lru,spill,proactive_target_headroom,25956982784,9896460288,10171815971,15613296640,0,362807296,26319790080,1.0033337330223158,1.008597443489867,1.0,0.98,362,182,756,314,302,41943040,41943040,CPU,95634922482.0,0.0,0,0
95634922482,0,oracle_reserve_lru,spill,proactive_target_headroom,25879388160,9818865664,10171815971,15690891264,0,360710144,26240098304,1.0002958118663252,1.0007628762673375,1.0,0.98,362,181,511,580,575,77594624,77594624,CPU,95634922482.0,0.0,0,0
95634922482,0,oracle_reserve_lru,spill,proactive_target_headroom,25776627712,9716105216,10171815971,15793651712,0,358612992,26135240704,0.9962985471873905,0.9904542351850616,1.0,0.98,362,180,758,781,300,102760448,102760448,CPU,95634922482.0,0.0,0,0
95634922482,0,oracle_reserve_lru,spill,proactive_target_headroom,25690644480,9630121984,10171815971,15879634944,0,356515840,26047160320,0.9929408448570853,0.98179497667595,1.0,0.98,362,179,759,647,298,85983232,85983232,CPU,95634922482.0,0.0,0,0
95634922482,0,oracle_reserve_lru,spill,proactive_target_headroom,25642409984,9581887488,10171815971,15927869440,0,354418688,25996828672,0.9910221578111967,0.9768468289564576,1.0,0.98,362,178,762,365,297,48234496,48234496,CPU,95634922482.0,0.0,0,0
95712214083,0,oracle_reserve_lru,admission,value_ranked_working_set,25541746688,9481224192,10171815971,15927869440,0,350224384,25891971072,0.9870248931322619,0.9665381878741817,1.0,0.98,359,175,-1,0,0,0,0,,0.0,0.0,2,182
95712214083,0,oracle_reserve_lru,reload,value_ranked_admission,25680158720,9619636224,10171815971,15808331776,0,0,25680158720,0.9789504184808138,0.9457147328879846,1.0,0.98,182,0,756,314,302,41943040,41943040,CPU,0.0,0.0,0,0
95712214083,0,oracle_reserve_lru,reload,value_ranked_admission,25680158720,9619636224,10171815971,15808331776,0,0,25680158720,0.9789504184808138,0.9457147328879846,1.0,0.98,182,0,511,580,575,77594624,77594624,CPU,0.0,0.0,0,0
95763741817,0,oracle_reserve_lru,admission,value_ranked_working_set,25634021376,9573498880,10171815971,15808331776,0,352321536,25986342912,0.9906224313433032,0.97581596484823,1.0,0.98,357,175,-1,0,0,0,0,,0.0,0.0,1,181
95763741817,0,oracle_reserve_lru,reload,value_ranked_admission,25692741632,9632219136,10171815971,15768485888,0,0,25692741632,0.979430090242286,0.9469517698178577,1.0,0.98,181,0,692,304,281,39845888,39845888,CPU,0.0,0.0,0,0
95789505684,0,oracle_reserve_lru,admission,value_ranked_working_set,25554329600,9493807104,10171815971,15768485888,0,354418688,25908748288,0.9876644554808915,0.9681875704473458,1.0,0.98,354,173,-1,0,0,0,0,,0.0,0.0,1,180
95789505684,0,oracle_reserve_lru,reload,value_ranked_admission,25688547328,9628024832,10171815971,15665725440,0,0,25688547328,0.9792701996551286,0.9465394241745666,1.0,0.98,180,0,758,781,300,102760448,102760448,CPU,0.0,0.0,0,0
95815269551,0,oracle_reserve_lru,admission,value_ranked_working_set,25602564096,9542041600,10171815971,15665725440,0,356515840,25959079936,0.9895831425267803,0.9731357181668382,1.0,0.98,353,173,-1,0,0,0,0,,0.0,0.0,1,179
95815269551,0,oracle_reserve_lru,reload,value_ranked_admission,25879388160,9818865664,10171815971,15617490944,0,0,25879388160,0.9865452213707898,0.9653011509443086,1.0,0.98,179,0,762,365,297,48234496,48234496,CPU,0.0,0.0,0,0
95868103020,0,oracle_reserve_lru,trigger,forecast_above_trigger,25879388160,9818865664,10171815971,15617490944,0,360710144,26240098304,1.0002958118663252,1.0007628762673375,1.0,0.98,354,175,-1,0,0,0,0,,0.0,0.0,354,0
95868103020,0,oracle_reserve_lru,spill,proactive_target_headroom,25835347968,9774825472,10171815971,15661531136,0,358612992,26193960960,0.998537015407594,0.9962270741911361,1.0,0.98,354,174,764,331,302,44040192,44040192,CPU,95868103020.0,0.0,0,0
95868103020,0,oracle_reserve_lru,spill,proactive_target_headroom,25793404928,9732882432,10171815971,15703474176,0,356515840,26149920768,0.9968581642424414,0.9918974449365803,1.0,0.98,354,173,765,314,301,41943040,41943040,CPU,95868103020.0,0.0,0,0
95868103020,0,oracle_reserve_lru,spill,proactive_target_headroom,25751461888,9690939392,10171815971,15745417216,0,354418688,26105880576,0.9951793130772888,0.9875678156820243,1.0,0.98,354,172,766,315,298,41943040,41943040,CPU,95868103020.0,0.0,0,0
95868103020,0,oracle_reserve_lru,spill,proactive_target_headroom,25657090048,9596567552,10171815971,15839789056,0,352321536,26009411584,0.9915018295726689,0.9780838658863307,1.0,0.98,354,171,767,706,295,94371840,94371840,CPU,95868103020.0,0.0,0,0
95919708721,0,oracle_reserve_lru,admission,value_ranked_working_set,25485123584,9424601088,10171815971,15839789056,0,352321536,25837445120,0.984946315499216,0.9611776945113982,1.0,0.98,353,170,-1,0,0,0,0,,0.0,0.0,4,179
95919708721,0,oracle_reserve_lru,reload,value_ranked_admission,25900359680,9839837184,10171815971,15663628288,0,0,25900359680,0.9873446743065768,0.9673628791607638,1.0,0.98,179,0,764,331,302,44040192,44040192,CPU,0.0,0.0,0,0
95919708721,0,oracle_reserve_lru,reload,value_ranked_admission,25900359680,9839837184,10171815971,15663628288,0,0,25900359680,0.9873446743065768,0.9673628791607638,1.0,0.98,179,0,765,314,301,41943040,41943040,CPU,0.0,0.0,0,0
95919708721,0,oracle_reserve_lru,reload,value_ranked_admission,25900359680,9839837184,10171815971,15663628288,0,0,25900359680,0.9873446743065768,0.9673628791607638,1.0,0.98,179,0,766,315,298,41943040,41943040,CPU,0.0,0.0,0,0
95919708721,0,oracle_reserve_lru,reload,value_ranked_admission,25900359680,9839837184,10171815971,15663628288,0,0,25900359680,0.9873446743065768,0.9673628791607638,1.0,0.98,179,0,748,354,293,48234496,48234496,CPU,0.0,0.0,0,0
95945962576,0,oracle_reserve_lru,trigger,forecast_above_trigger,25900359680,9839837184,10171815971,15663628288,0,362807296,26263166976,1.001175210095691,1.003030777305438,1.0,0.98,354,175,-1,0,0,0,0,,0.0,0.0,354,0
95945962576,0,oracle_reserve_lru,spill,proactive_target_headroom,25841639424,9781116928,10171815971,15722348544,0,360710144,26202349568,0.9988567965819087,0.9970517654777181,1.0,0.98,354,174,768,433,296,58720256,58720256,CPU,95945962576.0,0.0,0,0
95945962576,0,oracle_reserve_lru,spill,proactive_target_headroom,25801793536,9741271040,10171815971,15762194432,0,358612992,26160406528,0.9972578907103349,0.9929283090448078,1.0,0.98,354,173,769,303,293,39845888,39845888,CPU,95945962576.0,0.0,0,0
95945962576,0,oracle_reserve_lru,spill,proactive_target_headroom,25759850496,9699328000,10171815971,15804137472,0,356515840,26116366336,0.9955790395451823,0.988598679790252,1.0,0.98,354,172,774,305,292,41943040,41943040,CPU,95945962576.0,0.0,0,0
95945962576,0,oracle_reserve_lru,spill,proactive_target_headroom,25682255872,9621733376,10171815971,15881732096,0,354418688,26036674560,0.9925411183891919,0.9807641125677223,1.0,0.98,354,171,530,591,555,77594624,77594624,CPU,95945962576.0,0.0,0,0
95945962576,0,oracle_reserve_lru,spill,proactive_target_headroom,25602564096,9542041600,10171815971,15961423872,0,352321536,25954885632,0.9894232519396228,0.9727233725235472,1.0,0.98,354,170,522,601,551,79691776,79691776,CPU,95945962576.0,0.0,0,0
95945962576,0,oracle_reserve_lru,admission,value_ranked_working_set,25602564096,9542041600,10171815971,15961423872,0,352321536,25954885632,0.9894232519396228,0.9727233725235472,1.0,0.98,354,170,-1,0,0,0,0,,0.0,0.0,1,183
95945962576,0,oracle_reserve_lru,reload,value_ranked_admission,25678061568,9617539072,10171815971,15902703616,0,0,25678061568,0.9788704731872351,0.945508560066339,1.0,0.98,183,0,768,433,296,58720256,58720256,CPU,0.0,0.0,0,0
95972216431,0,oracle_reserve_lru,admission,value_ranked_working_set,25587884032,9527361536,10171815971,15902703616,0,354418688,25942302720,0.9889435801781506,0.9714863355936741,1.0,0.98,353,170,-1,0,0,0,0,,0.0,0.0,2,181
95972216431,0,oracle_reserve_lru,reload,value_ranked_admission,25690644480,9630121984,10171815971,15820914688,0,0,25690644480,0.9793501449487073,0.9467455969962121,1.0,0.98,181,0,769,303,293,39845888,39845888,CPU,0.0,0.0,0,0
95972216431,0,oracle_reserve_lru,reload,value_ranked_admission,25690644480,9630121984,10171815971,15820914688,0,0,25690644480,0.9793501449487073,0.9467455969962121,1.0,0.98,181,0,774,305,292,41943040,41943040,CPU,0.0,0.0,0,0
96670488687,0,oracle_reserve_lru,trigger,forecast_above_trigger,25902456832,9841934336,10171815971,15820914688,0,341835776,26244292608,1.0004557024534826,1.0011752219106285,1.0,0.98,350,169,-1,0,0,0,0,,0.0,0.0,350,0
96670488687,0,oracle_reserve_lru,spill,proactive_target_headroom,25791307776,9730785280,10171815971,15932063744,0,339738624,26131046400,0.9961386566002332,0.9900418895417706,1.0,0.98,350,168,779,835,314,111149056,111149056,CPU,96670488687.0,0.0,0,0
96670488687,0,oracle_reserve_lru,spill,proactive_target_headroom,25747267584,9686745088,10171815971,15976103936,0,337641472,26084909056,0.9943798601415019,0.9855060874655692,1.0,0.98,350,167,780,332,313,44040192,44040192,CPU,96670488687.0,0.0,0,0
96670488687,0,oracle_reserve_lru,spill,proactive_target_headroom,25615147008,9554624512,10171815971,16108224512,0,335544320,25950691328,0.9892633613524654,0.9723110268802562,1.0,0.98,350,166,783,994,310,132120576,132120576,CPU,96670488687.0,0.0,0,0
96670488687,0,oracle_reserve_lru,admission,value_ranked_working_set,25615147008,9554624512,10171815971,16108224512,0,335544320,25950691328,0.9892633613524654,0.9723110268802562,1.0,0.98,350,166,-1,0,0,0,0,,0.0,0.0,1,183
96670488687,0,oracle_reserve_lru,reload,value_ranked_admission,25669672960,9609150464,10171815971,16064184320,0,0,25669672960,0.9785506920129203,0.944683868779757,1.0,0.98,183,0,780,332,313,44040192,44040192,CPU,0.0,0.0,0,0
96697089572,0,oracle_reserve_lru,admission,value_ranked_working_set,25485123584,9424601088,10171815971,16064184320,0,337641472,25822765056,0.984386698444165,0.9597344847598797,1.0,0.98,347,164,-1,0,0,0,0,,0.0,0.0,2,181
96697089572,0,oracle_reserve_lru,reload,value_ranked_admission,25692741632,9632219136,10171815971,15875440640,0,0,25692741632,0.979430090242286,0.9469517698178577,1.0,0.98,181,0,779,835,314,111149056,111149056,CPU,0.0,0.0,0,0
96697089572,0,oracle_reserve_lru,reload,value_ranked_admission,25692741632,9632219136,10171815971,15875440640,0,0,25692741632,0.979430090242286,0.9469517698178577,1.0,0.98,181,0,530,591,555,77594624,77594624,CPU,0.0,0.0,0,0
96723690457,0,oracle_reserve_lru,admission,value_ranked_working_set,25646604288,9586081792,10171815971,15875440640,0,341835776,25988440064,0.990702376636882,0.9760221376698754,1.0,0.98,346,165,-1,0,0,0,0,,0.0,0.0,1,180
96723690457,0,oracle_reserve_lru,reload,value_ranked_admission,25717907456,9657384960,10171815971,15837691904,0,0,25717907456,0.9803894337652304,0.9494258436776039,1.0,0.98,180,0,495,286,277,37748736,37748736,CPU,0.0,0.0,0,0
97167557286,0,oracle_reserve_lru,admission,value_ranked_working_set,25634021376,9573498880,10171815971,15837691904,0,325058560,25959079936,0.9895831425267803,0.9731357181668382,1.0,0.98,341,161,-1,0,0,0,0,,0.0,0.0,1,179
97167557286,0,oracle_reserve_lru,reload,value_ranked_admission,25730490368,9669967872,10171815971,15772680192,0,0,25730490368,0.9808691055267025,0.950662880607477,1.0,0.98,179,0,751,490,288,65011712,65011712,CPU,0.0,0.0,0,0
97252507156,0,oracle_reserve_lru,admission,value_ranked_working_set,25640312832,9579790336,10171815971,15772680192,0,327155712,25967468544,0.989902923701095,0.9739604094534203,1.0,0.98,339,160,-1,0,0,0,0,,0.0,0.0,1,178
97252507156,0,oracle_reserve_lru,reload,value_ranked_admission,25722101760,9661579264,10171815971,15726542848,0,0,25722101760,0.9805493243523877,0.9498381893208948,1.0,0.98,178,0,717,338,261,46137344,46137344,CPU,0.0,0.0,0,0
97304807422,0,oracle_reserve_lru,admission,value_ranked_working_set,25640312832,9579790336,10171815971,15726542848,0,331350016,25971662848,0.9900628142882524,0.9743727550967113,1.0,0.98,338,160,-1,0,0,0,0,,0.0,0.0,1,177
97304807422,0,oracle_reserve_lru,reload,value_ranked_admission,25707421696,9646899200,10171815971,15678308352,0,0,25707421696,0.9799897072973368,0.9483949795693762,1.0,0.98,177,0,702,366,279,48234496,48234496,CPU,0.0,0.0,0,0
97357107688,0,oracle_reserve_lru,admission,value_ranked_working_set,25640312832,9579790336,10171815971,15678308352,0,331350016,25971662848,0.9900628142882524,0.9743727550967113,1.0,0.98,337,160,-1,0,0,0,0,,0.0,0.0,1,176
97357107688,0,oracle_reserve_lru,reload,value_ranked_admission,25705324544,9644802048,10171815971,15632171008,0,0,25705324544,0.9799097620037581,0.9481888067477308,1.0,0.98,176,0,704,351,279,46137344,46137344,CPU,0.0,0.0,0,0
97618609018,0,oracle_reserve_lru,admission,value_ranked_working_set,25636118528,9575596032,10171815971,15632171008,0,322961408,25959079936,0.9895831425267803,0.9731357181668382,1.0,0.98,334,158,-1,0,0,0,0,,0.0,0.0,1,175
97618609018,0,oracle_reserve_lru,reload,value_ranked_admission,25709518848,9648996352,10171815971,15583936512,0,0,25709518848,0.9800696525909155,0.9486011523910217,1.0,0.98,175,0,715,360,264,48234496,48234496,CPU,0.0,0.0,0,0
97734300582,0,oracle_reserve_lru,admission,value_ranked_working_set,25634021376,9573498880,10171815971,15583936512,0,325058560,25959079936,0.9895831425267803,0.9731357181668382,1.0,0.98,331,156,-1,0,0,0,0,,0.0,0.0,1,174
97734300582,0,oracle_reserve_lru,reload,value_ranked_admission,25699033088,9638510592,10171815971,15537799168,0,0,25699033088,0.9796699261230221,0.9475702882827942,1.0,0.98,174,0,690,347,283,46137344,46137344,CPU,0.0,0.0,0,0
98167822370,0,oracle_reserve_lru,trigger,forecast_above_trigger,25917136896,9856614400,10171815971,15537799168,0,320864256,26238001152,1.0002158665727465,1.000556703445692,1.0,0.98,329,155,-1,0,0,0,0,,0.0,0.0,329,0
98167822370,0,oracle_reserve_lru,spill,proactive_target_headroom,25868902400,9808379904,10171815971,15586033664,0,318767104,26187669504,0.9982971795268579,0.9956085557261996,1.0,0.98,329,154,785,362,361,48234496,48234496,CPU,98167822370.0,0.0,0,0
98167822370,0,oracle_reserve_lru,spill,proactive_target_headroom,25686450176,9625927680,10171815971,15768485888,0,316669952,26003120128,0.9912619936919328,0.9774653474213941,1.0,0.98,329,153,793,1391,347,182452224,182452224,CPU,98167822370.0,0.0,0,0
99295199468,0,oracle_reserve_lru,admission,value_ranked_working_set,25613049856,9552527360,10171815971,15768485888,0,276824064,25889873920,0.9869449478386833,0.9663320150525362,1.0,0.98,314,138,-1,0,0,0,0,,0.0,0.0,2,174
99295199468,0,oracle_reserve_lru,reload,value_ranked_admission,25761947648,9701425152,10171815971,15640559616,0,0,25761947648,0.9820682849303829,0.9537554729321597,1.0,0.98,174,0,785,362,361,48234496,48234496,CPU,0.0,0.0,0,0
99295199468,0,oracle_reserve_lru,reload,value_ranked_admission,25761947648,9701425152,10171815971,15640559616,0,0,25761947648,0.9820682849303829,0.9537554729321597,1.0,0.98,174,0,522,601,551,79691776,79691776,CPU,0.0,0.0,0,0
99321714707,0,oracle_reserve_lru,admission,value_ranked_working_set,25642409984,9581887488,10171815971,15640559616,0,278921216,25921331200,0.9881441272423637,0.9694246073772189,1.0,0.98,313,139,-1,0,0,0,0,,0.0,0.0,1,173
99321714707,0,oracle_reserve_lru,reload,value_ranked_admission,25755656192,9695133696,10171815971,15546187776,0,0,25755656192,0.9818284490496468,0.9531369544672231,1.0,0.98,173,0,767,706,295,94371840,94371840,CPU,0.0,0.0,0,0
99427775663,0,oracle_reserve_lru,admission,value_ranked_working_set,25629827072,9569304576,10171815971,15546187776,0,278921216,25908748288,0.9876644554808915,0.9681875704473458,1.0,0.98,311,138,-1,0,0,0,0,,0.0,0.0,1,172
99427775663,0,oracle_reserve_lru,reload,value_ranked_admission,25743073280,9682550784,10171815971,15460204544,0,0,25743073280,0.9813487772881747,0.95189991753735,1.0,0.98,172,0,759,647,298,85983232,85983232,CPU,0.0,0.0,0,0
99454290902,0,oracle_reserve_lru,admission,value_ranked_working_set,25694838784,9634316288,10171815971,15460204544,0,278921216,25973760000,0.9901427595818311,0.9745789279183569,1.0,0.98,310,138,-1,0,0,0,0,,0.0,0.0,1,171
99454290902,0,oracle_reserve_lru,reload,value_ranked_admission,25759850496,9699328000,10171815971,15418261504,0,0,25759850496,0.9819883396368042,0.9535493001105142,1.0,0.98,171,0,674,309,292,41943040,41943040,CPU,0.0,0.0,0,0
99481119424,0,oracle_reserve_lru,admission,value_ranked_working_set,25562718208,9502195712,10171815971,15418261504,0,278921216,25841639424,0.9851062060863733,0.9615900401546893,1.0,0.98,308,137,-1,0,0,0,0,,0.0,0.0,1,170
99481119424,0,oracle_reserve_lru,reload,value_ranked_admission,25759850496,9699328000,10171815971,15235809280,0,0,25759850496,0.9819883396368042,0.9535493001105142,1.0,0.98,170,0,793,1391,347,182452224,182452224,CPU,0.0,0.0,0,0
99678381011,0,oracle_reserve_lru,admission,value_ranked_working_set,25694838784,9634316288,10171815971,15235809280,0,281018368,25975857152,0.9902227048754098,0.9747851007400024,1.0,0.98,305,135,-1,0,0,0,0,,0.0,0.0,1,169
99678381011,0,oracle_reserve_lru,reload,value_ranked_admission,25755656192,9695133696,10171815971,15189671936,0,0,25755656192,0.9818284490496468,0.9531369544672231,1.0,0.98,169,0,675,348,286,46137344,46137344,CPU,0.0,0.0,0,0
99878203058,0,oracle_reserve_lru,admission,value_ranked_working_set,25692741632,9632219136,10171815971,15189671936,0,272629760,25965371392,0.9898229784075163,0.9737542366317747,1.0,0.98,302,133,-1,0,0,0,0,,0.0,0.0,1,168
99878203058,0,oracle_reserve_lru,reload,value_ranked_admission,25751461888,9690939392,10171815971,15147728896,0,0,25751461888,0.9816685584624895,0.9527246088239321,1.0,0.98,168,0,679,308,277,41943040,41943040,CPU,0.0,0.0,0,0
99983968863,0,oracle_reserve_lru,admission,value_ranked_working_set,25686450176,9625927680,10171815971,15147728896,0,268435456,25954885632,0.9894232519396228,0.9727233725235472,1.0,0.98,301,133,-1,0,0,0,0,,0.0,0.0,1,167
99983968863,0,oracle_reserve_lru,reload,value_ranked_admission,25757753344,9697230848,10171815971,15105785856,0,0,25757753344,0.9819083943432255,0.9533431272888686,1.0,0.98,167,0,664,319,289,41943040,41943040,CPU,0.0,0.0,0,0
100089793311,0,oracle_reserve_lru,admission,value_ranked_working_set,25713713152,9653190656,10171815971,15105785856,0,270532608,25984245760,0.9905424860497245,0.9756097920265845,1.0,0.98,299,132,-1,0,0,0,0,,0.0,0.0,1,166
100089793311,0,oracle_reserve_lru,reload,value_ranked_admission,25768239104,9707716608,10171815971,15065939968,0,0,25768239104,0.982308120811119,0.9543739913970962,1.0,0.98,166,0,668,301,287,39845888,39845888,CPU,0.0,0.0,0,0
100116249423,0,oracle_reserve_lru,admission,value_ranked_working_set,25684353024,9623830528,10171815971,15065939968,0,272629760,25956982784,0.9895031972332015,0.9729295453451927,1.0,0.98,298,132,-1,0,0,0,0,,0.0,0.0,1,165
100116249423,0,oracle_reserve_lru,reload,value_ranked_admission,25755656192,9695133696,10171815971,15007219712,0,0,25755656192,0.9818284490496468,0.9531369544672231,1.0,0.98,165,0,666,436,288,58720256,58720256,CPU,0.0,0.0,0,0
100248308903,0,oracle_reserve_lru,admission,value_ranked_working_set,25669672960,9609150464,10171815971,15007219712,0,268435456,25938108416,0.9887836895909933,0.9710739899503831,1.0,0.98,295,130,-1,0,0,0,0,,0.0,0.0,1,164
100248308903,0,oracle_reserve_lru,reload,value_ranked_admission,25761947648,9701425152,10171815971,14925430784,0,0,25761947648,0.9820682849303829,0.9537554729321597,1.0,0.98,164,0,459,614,582,81788928,81788928,CPU,0.0,0.0,0,0
100327626677,0,oracle_reserve_lru,admission,value_ranked_working_set,25587884032,9527361536,10171815971,14925430784,0,268435456,25856319488,0.9856658231414241,0.963033249906208,1.0,0.98,293,129,-1,0,0,0,0,,0.0,0.0,1,163
100327626677,0,oracle_reserve_lru,reload,value_ranked_admission,25743073280,9682550784,10171815971,14793310208,0,0,25743073280,0.9813487772881747,0.95189991753735,1.0,0.98,163,0,783,994,310,132120576,132120576,CPU,0.0,0.0,0,0
100623213997,0,oracle_reserve_lru,admission,value_ranked_working_set,25694838784,9634316288,10171815971,14793310208,0,251658240,25946497024,0.989103470765308,0.9718986812369651,1.0,0.98,289,126,-1,0,0,0,0,,0.0,0.0,1,162
100623213997,0,oracle_reserve_lru,reload,value_ranked_admission,25787113472,9726590976,10171815971,14719909888,0,0,25787113472,0.9830276284533273,0.9562295467919059,1.0,0.98,162,0,456,548,547,73400320,73400320,CPU,0.0,0.0,0,0
100649937505,0,oracle_reserve_lru,admission,value_ranked_working_set,25732587520,9672065024,10171815971,14719909888,0,251658240,25984245760,0.9905424860497245,0.9756097920265845,1.0,0.98,288,126,-1,0,0,0,0,,0.0,0.0,1,161
100649937505,0,oracle_reserve_lru,reload,value_ranked_admission,25787113472,9726590976,10171815971,14680064000,0,0,25787113472,0.9830276284533273,0.9562295467919059,1.0,0.98,161,0,647,297,290,39845888,39845888,CPU,0.0,0.0,0,0
100703384521,0,oracle_reserve_lru,admission,value_ranked_working_set,25625632768,9565110272,10171815971,14680064000,0,251658240,25877291008,0.9864652760772111,0.9650949781226631,1.0,0.98,286,125,-1,0,0,0,0,,0.0,0.0,1,160
100703384521,0,oracle_reserve_lru,reload,value_ranked_admission,25770336256,9709813760,10171815971,14547943424,0,0,25770336256,0.9823880661046976,0.9545801642187417,1.0,0.98,160,0,746,1007,294,132120576,132120576,CPU,0.0,0.0,0,0
100810179818,0,oracle_reserve_lru,admission,value_ranked_working_set,25736781824,9676259328,10171815971,14547943424,0,249561088,25986342912,0.9906224313433032,0.97581596484823,1.0,0.98,285,125,-1,0,0,0,0,,0.0,0.0,1,159
100810179818,0,oracle_reserve_lru,reload,value_ranked_admission,25791307776,9730785280,10171815971,14508097536,0,0,25791307776,0.9831875190404846,0.9566418924351969,1.0,0.98,159,0,638,292,280,39845888,39845888,CPU,0.0,0.0,0,0
100836699624,0,oracle_reserve_lru,admission,value_ranked_working_set,25598369792,9537847296,10171815971,14508097536,0,249561088,25847930880,0.9853460419671094,0.9622085586196258,1.0,0.98,283,124,-1,0,0,0,0,,0.0,0.0,1,158
100836699624,0,oracle_reserve_lru,reload,value_ranked_admission,25778724864,9718202368,10171815971,14359199744,0,0,25778724864,0.9827078472790125,0.9554048555053238,1.0,0.98,158,0,735,1123,277,148897792,148897792,CPU,0.0,0.0,0,0
100889739236,0,oracle_reserve_lru,admission,value_ranked_working_set,25562718208,9502195712,10171815971,14359199744,0,247463936,25810182144,0.9839070266826929,0.9584974478300066,1.0,0.98,282,124,-1,0,0,0,0,,0.0,0.0,1,157
100889739236,0,oracle_reserve_lru,reload,value_ranked_admission,25761947648,9701425152,10171815971,14174650368,0,0,25761947648,0.9820682849303829,0.9537554729321597,1.0,0.98,157,0,738,1399,272,184549376,184549376,CPU,0.0,0.0,0,0
100943969376,0,oracle_reserve_lru,admission,value_ranked_working_set,25579495424,9518972928,10171815971,14174650368,0,243269632,25822765056,0.984386698444165,0.9597344847598797,1.0,0.98,280,123,-1,0,0,0,0,,0.0,0.0,2,155
100943969376,0,oracle_reserve_lru,reload,value_ranked_admission,25780822016,9720299520,10171815971,13990100992,0,0,25780822016,0.9827877925725912,0.9556110283269693,1.0,0.98,155,0,727,787,270,104857600,104857600,CPU,0.0,0.0,0,0
100943969376,0,oracle_reserve_lru,reload,value_ranked_admission,25780822016,9720299520,10171815971,13990100992,0,0,25780822016,0.9827877925725912,0.9556110283269693,1.0,0.98,155,0,434,606,532,79691776,79691776,CPU,0.0,0.0,0,0
100971084446,0,oracle_reserve_lru,admission,value_ranked_working_set,25740976128,9680453632,10171815971,13990100992,0,247463936,25988440064,0.990702376636882,0.9760221376698754,1.0,0.98,279,124,-1,0,0,0,0,,0.0,0.0,1,154
100971084446,0,oracle_reserve_lru,reload,value_ranked_admission,25787113472,9726590976,10171815971,13952352256,0,0,25787113472,0.9830276284533273,0.9562295467919059,1.0,0.98,154,0,281,285,274,37748736,37748736,CPU,0.0,0.0,0,0
100998199516,0,oracle_reserve_lru,admission,value_ranked_working_set,25703227392,9642704896,10171815971,13952352256,0,249561088,25952788480,0.9893433066460441,0.9725171997019016,1.0,0.98,278,124,-1,0,0,0,0,,0.0,0.0,1,153
100998199516,0,oracle_reserve_lru,reload,value_ranked_admission,25791307776,9730785280,10171815971,13878951936,0,0,25791307776,0.9831875190404846,0.9566418924351969,1.0,0.98,153,0,686,553,284,73400320,73400320,CPU,0.0,0.0,0,0
101088217725,0,oracle_reserve_lru,admission,value_ranked_working_set,25686450176,9625927680,10171815971,13878951936,0,245366784,25931816960,0.9885438537102572,0.9704554714854465,1.0,0.98,276,123,-1,0,0,0,0,,0.0,0.0,1,152
101088217725,0,oracle_reserve_lru,reload,value_ranked_admission,25776627712,9716105216,10171815971,13803454464,0,0,25776627712,0.9826279019854338,0.9551986826836782,1.0,0.98,152,0,437,576,556,75497472,75497472,CPU,0.0,0.0,0,0
101170383045,0,oracle_reserve_lru,admission,value_ranked_working_set,25556426752,9495904256,10171815971,13803454464,0,243269632,25799696384,0.9835073002147994,0.957466583721779,1.0,0.98,272,120,-1,0,0,0,0,,0.0,0.0,2,150
101170383045,0,oracle_reserve_lru,reload,value_ranked_admission,25789210624,9728688128,10171815971,13585350656,0,0,25789210624,0.9831075737469059,0.9564357196135513,1.0,0.98,150,0,691,1291,282,169869312,169869312,CPU,0.0,0.0,0,0
101170383045,0,oracle_reserve_lru,reload,value_ranked_admission,25789210624,9728688128,10171815971,13585350656,0,0,25789210624,0.9831075737469059,0.9564357196135513,1.0,0.98,150,0,651,357,288,48234496,48234496,CPU,0.0,0.0,0,0
101197771485,0,oracle_reserve_lru,admission,value_ranked_working_set,25554329600,9493807104,10171815971,13585350656,0,247463936,25801793536,0.9835872455083781,0.9576727565434245,1.0,0.98,270,120,-1,0,0,0,0,,0.0,0.0,3,147
101197771485,0,oracle_reserve_lru,reload,value_ranked_admission,25791307776,9730785280,10171815971,13371441152,0,0,25791307776,0.9831875190404846,0.9566418924351969,1.0,0.98,147,0,428,580,564,77594624,77594624,CPU,0.0,0.0,0,0
101197771485,0,oracle_reserve_lru,reload,value_ranked_admission,25791307776,9730785280,10171815971,13371441152,0,0,25791307776,0.9831875190404846,0.9566418924351969,1.0,0.98,147,0,669,730,287,96468992,96468992,CPU,0.0,0.0,0,0
101197771485,0,oracle_reserve_lru,reload,value_ranked_admission,25791307776,9730785280,10171815971,13371441152,0,0,25791307776,0.9831875190404846,0.9566418924351969,1.0,0.98,147,0,639,292,280,39845888,39845888,CPU,0.0,0.0,0,0
101313656305,0,oracle_reserve_lru,admission,value_ranked_working_set,25596272640,9535750144,10171815971,13371441152,0,249561088,25845833728,0.9852660966735307,0.9620023857979804,1.0,0.98,268,121,-1,0,0,0,0,,0.0,0.0,1,146
101313656305,0,oracle_reserve_lru,reload,value_ranked_admission,25782919168,9722396672,10171815971,13197377536,0,0,25782919168,0.9828677378661699,0.9558172011486148,1.0,0.98,146,0,654,1324,290,174063616,174063616,CPU,0.0,0.0,0,0
101460639054,0,oracle_reserve_lru,admission,value_ranked_working_set,25703227392,9642704896,10171815971,13197377536,0,247463936,25950691328,0.9892633613524654,0.9723110268802562,1.0,0.98,266,120,-1,0,0,0,0,,0.0,0.0,1,145
101460639054,0,oracle_reserve_lru,reload,value_ranked_admission,25759850496,9699328000,10171815971,13155434496,0,0,25759850496,0.9819883396368042,0.9535493001105142,1.0,0.98,145,0,646,308,274,41943040,41943040,CPU,0.0,0.0,0,0
101499088191,0,oracle_reserve_lru,admission,value_ranked_working_set,25667575808,9607053312,10171815971,13155434496,0,249561088,25917136896,0.9879842366552063,0.9690122617339278,1.0,0.98,265,120,-1,0,0,0,0,,0.0,0.0,1,144
101499088191,0,oracle_reserve_lru,reload,value_ranked_admission,25795502080,9734979584,10171815971,13048479744,0,0,25795502080,0.983347409627642,0.957054238078488,1.0,0.98,144,0,656,809,290,106954752,106954752,CPU,0.0,0.0,0,0
101618516635,0,oracle_reserve_lru,admission,value_ranked_working_set,25734684672,9674162176,10171815971,13048479744,0,247463936,25982148608,0.9904625407561458,0.9754036192049389,1.0,0.98,264,120,-1,0,0,0,0,,0.0,0.0,1,143
101618516635,0,oracle_reserve_lru,reload,value_ranked_admission,25793404928,9732882432,10171815971,13006536704,0,0,25793404928,0.9832674643340633,0.9568480652568424,1.0,0.98,143,0,636,309,275,41943040,41943040,CPU,0.0,0.0,0,0
101669263860,0,oracle_reserve_lru,admission,value_ranked_working_set,25728393216,9667870720,10171815971,13006536704,0,249561088,25977954304,0.9903026501689884,0.9749912735616478,1.0,0.98,263,120,-1,0,0,0,0,,0.0,0.0,1,142
101669263860,0,oracle_reserve_lru,reload,value_ranked_admission,25791307776,9730785280,10171815971,12958302208,0,0,25791307776,0.9831875190404846,0.9566418924351969,1.0,0.98,142,0,632,355,278,48234496,48234496,CPU,0.0,0.0,0,0
102075250724,0,oracle_reserve_lru,admission,value_ranked_working_set,25738878976,9678356480,10171815971,12958302208,0,230686720,25969565696,0.9899828689946737,0.9741665822750658,1.0,0.98,260,118,-1,0,0,0,0,,0.0,0.0,1,141
102075250724,0,oracle_reserve_lru,reload,value_ranked_admission,25805987840,9745465344,10171815971,12910067712,0,0,25805987840,0.9837471360955355,0.9580851021867155,1.0,0.98,141,0,614,363,288,48234496,48234496,CPU,0.0,0.0,0,0
102101543226,0,oracle_reserve_lru,admission,value_ranked_working_set,25522872320,9462349824,10171815971,12910067712,0,230686720,25753559040,0.9817485037560681,0.9529307816455777,1.0,0.98,258,117,-1,0,0,0,0,,0.0,0.0,2,139
102101543226,0,oracle_reserve_lru,reload,value_ranked_admission,25766141952,9705619456,10171815971,12670992384,0,0,25766141952,0.9822281755175403,0.9541678185754507,1.0,0.98,139,0,688,1515,281,199229440,199229440,CPU,0.0,0.0,0,0
102101543226,0,oracle_reserve_lru,reload,value_ranked_admission,25766141952,9705619456,10171815971,12670992384,0,0,25766141952,0.9822281755175403,0.9541678185754507,1.0,0.98,139,0,626,298,280,39845888,39845888,CPU,0.0,0.0,0,0
102127835728,0,oracle_reserve_lru,admission,value_ranked_working_set,25625632768,9565110272,10171815971,12670992384,0,234881024,25860513792,0.9858257137285815,0.9634455955494989,1.0,0.98,256,117,-1,0,0,0,0,,0.0,0.0,1,138
102127835728,0,oracle_reserve_lru,reload,value_ranked_admission,25797599232,9737076736,10171815971,12515803136,0,0,25797599232,0.9834273549212207,0.9572604109001335,1.0,0.98,138,0,652,1174,288,155189248,155189248,CPU,0.0,0.0,0,0
102154128230,0,oracle_reserve_lru,admission,value_ranked_working_set,25636118528,9575596032,10171815971,12515803136,0,236978176,25873096704,0.9863053854900538,0.964682632479372,1.0,0.98,255,117,-1,0,0,0,0,,0.0,0.0,1,137
102154128230,0,oracle_reserve_lru,reload,value_ranked_admission,25791307776,9730785280,10171815971,12375293952,0,0,25791307776,0.9831875190404846,0.9566418924351969,1.0,0.98,137,0,645,1059,275,140509184,140509184,CPU,0.0,0.0,0,0
102395995774,0,oracle_reserve_lru,admission,value_ranked_working_set,25659187200,9598664704,10171815971,12375293952,0,224395264,25883582464,0.9867051119579472,0.9657134965875996,1.0,0.98,251,114,-1,0,0,0,0,,0.0,0.0,2,135
102395995774,0,oracle_reserve_lru,reload,value_ranked_admission,25795502080,9734979584,10171815971,12245270528,0,0,25795502080,0.983347409627642,0.957054238078488,1.0,0.98,135,0,630,636,282,83886080,83886080,CPU,0.0,0.0,0,0
102395995774,0,oracle_reserve_lru,reload,value_ranked_admission,25795502080,9734979584,10171815971,12245270528,0,0,25795502080,0.983347409627642,0.957054238078488,1.0,0.98,135,0,629,344,279,46137344,46137344,CPU,0.0,0.0,0,0
102448874290,0,oracle_reserve_lru,admission,value_ranked_working_set,25654992896,9594470400,10171815971,12245270528,0,224395264,25879388160,0.9865452213707898,0.9653011509443086,1.0,0.98,250,115,-1,0,0,0,0,,0.0,0.0,2,133
102448874290,0,oracle_reserve_lru,reload,value_ranked_admission,25810182144,9749659648,10171815971,12106858496,0,0,25810182144,0.9839070266826929,0.9584974478300066,1.0,0.98,133,0,633,739,277,98566144,98566144,CPU,0.0,0.0,0,0
102448874290,0,oracle_reserve_lru,reload,value_ranked_admission,25810182144,9749659648,10171815971,12106858496,0,0,25810182144,0.9839070266826929,0.9584974478300066,1.0,0.98,133,0,590,299,280,39845888,39845888,CPU,0.0,0.0,0,0
102475319641,0,oracle_reserve_lru,admission,value_ranked_working_set,25434791936,9374269440,10171815971,12106858496,0,226492416,25661284352,0.9782309108386056,0.9438591774931748,1.0,0.98,246,113,-1,0,0,0,0,,0.0,0.0,3,130
102475319641,0,oracle_reserve_lru,reload,value_ranked_admission,25797599232,9737076736,10171815971,11756634112,0,0,25797599232,0.9834273549212207,0.9572604109001335,1.0,0.98,130,0,622,1191,283,157286400,157286400,CPU,0.0,0.0,0,0
102475319641,0,oracle_reserve_lru,reload,value_ranked_admission,25797599232,9737076736,10171815971,11756634112,0,0,25797599232,0.9834273549212207,0.9572604109001335,1.0,0.98,130,0,610,1161,276,153092096,153092096,CPU,0.0,0.0,0,0
102475319641,0,oracle_reserve_lru,reload,value_ranked_admission,25797599232,9737076736,10171815971,11756634112,0,0,25797599232,0.9834273549212207,0.9572604109001335,1.0,0.98,130,0,592,292,278,39845888,39845888,CPU,0.0,0.0,0,0
102501764992,0,oracle_reserve_lru,admission,value_ranked_working_set,25726296064,9665773568,10171815971,11756634112,0,228589568,25954885632,0.9894232519396228,0.9727233725235472,1.0,0.98,245,115,-1,0,0,0,0,,0.0,0.0,1,129
102501764992,0,oracle_reserve_lru,reload,value_ranked_admission,25793404928,9732882432,10171815971,11710496768,0,0,25793404928,0.9832674643340633,0.9568480652568424,1.0,0.98,129,0,573,345,289,46137344,46137344,CPU,0.0,0.0,0,0
102581101045,0,oracle_reserve_lru,admission,value_ranked_working_set,25665478656,9604956160,10171815971,11710496768,0,226492416,25891971072,0.9870248931322619,0.9665381878741817,1.0,0.98,243,114,-1,0,0,0,0,,0.0,0.0,3,126
102581101045,0,oracle_reserve_lru,reload,value_ranked_admission,25812279296,9751756800,10171815971,11580473344,0,0,25812279296,0.9839869719762716,0.958703620651652,1.0,0.98,126,0,574,368,287,48234496,48234496,CPU,0.0,0.0,0,0
102581101045,0,oracle_reserve_lru,reload,value_ranked_admission,25812279296,9751756800,10171815971,11580473344,0,0,25812279296,0.9839869719762716,0.958703620651652,1.0,0.98,126,0,562,303,293,39845888,39845888,CPU,0.0,0.0,0,0
102581101045,0,oracle_reserve_lru,reload,value_ranked_admission,25812279296,9751756800,10171815971,11580473344,0,0,25812279296,0.9839869719762716,0.958703620651652,1.0,0.98,126,0,483,306,284,41943040,41943040,CPU,0.0,0.0,0,0
102634061635,0,oracle_reserve_lru,admission,value_ranked_working_set,25600466944,9539944448,10171815971,11580473344,0,230686720,25831153664,0.9847064796184798,0.9605591760464617,1.0,0.98,241,115,-1,0,0,0,0,,0.0,0.0,1,125
102634061635,0,oracle_reserve_lru,reload,value_ranked_admission,25780822016,9720299520,10171815971,11418992640,0,0,25780822016,0.9827877925725912,0.9556110283269693,1.0,0.98,125,0,599,1223,273,161480704,161480704,CPU,0.0,0.0,0,0
102688700022,0,oracle_reserve_lru,admission,value_ranked_working_set,25709518848,9648996352,10171815971,11418992640,0,230686720,25940205568,0.988863634884572,0.9712801627720286,1.0,0.98,240,115,-1,0,0,0,0,,0.0,0.0,1,124
102688700022,0,oracle_reserve_lru,reload,value_ranked_admission,25820667904,9760145408,10171815971,11333009408,0,0,25820667904,0.9843067531505864,0.9595283119382342,1.0,0.98,124,0,538,643,267,85983232,85983232,CPU,0.0,0.0,0,0
102715966732,0,oracle_reserve_lru,admission,value_ranked_working_set,25688547328,9628024832,10171815971,11333009408,0,230686720,25919234048,0.988064181948785,0.9692184345555734,1.0,0.98,238,114,-1,0,0,0,0,,0.0,0.0,1,123
102715966732,0,oracle_reserve_lru,reload,value_ranked_admission,25795502080,9734979584,10171815971,11240734720,0,0,25795502080,0.983347409627642,0.957054238078488,1.0,0.98,123,0,273,689,546,92274688,92274688,CPU,0.0,0.0,0,0
102807185320,0,oracle_reserve_lru,admission,value_ranked_working_set,25730490368,9669967872,10171815971,11240734720,0,228589568,25959079936,0.9895831425267803,0.9731357181668382,1.0,0.98,237,114,-1,0,0,0,0,,0.0,0.0,1,122
102807185320,0,oracle_reserve_lru,reload,value_ranked_admission,25791307776,9730785280,10171815971,11194597376,0,0,25791307776,0.9831875190404846,0.9566418924351969,1.0,0.98,122,0,505,348,277,46137344,46137344,CPU,0.0,0.0,0,0
102869961795,0,oracle_reserve_lru,admission,value_ranked_working_set,25707421696,9646899200,10171815971,11194597376,0,224395264,25931816960,0.9885438537102572,0.9704554714854465,1.0,0.98,235,113,-1,0,0,0,0,,0.0,0.0,1,121
102869961795,0,oracle_reserve_lru,reload,value_ranked_admission,25801793536,9741271040,10171815971,11106516992,0,0,25801793536,0.9835872455083781,0.9576727565434245,1.0,0.98,121,0,214,661,548,88080384,88080384,CPU,0.0,0.0,0,0
102896481601,0,oracle_reserve_lru,admission,value_ranked_working_set,25514483712,9453961216,10171815971,11106516992,0,226492416,25740976128,0.9812688319945959,0.9516937447157046,1.0,0.98,232,111,-1,0,0,0,0,,0.0,0.0,2,119
102896481601,0,oracle_reserve_lru,reload,value_ranked_admission,25780822016,9720299520,10171815971,10852761600,0,0,25780822016,0.9827877925725912,0.9556110283269693,1.0,0.98,119,0,569,1032,290,136314880,136314880,CPU,0.0,0.0,0,0
102896481601,0,oracle_reserve_lru,reload,value_ranked_admission,25780822016,9720299520,10171815971,10852761600,0,0,25780822016,0.9827877925725912,0.9556110283269693,1.0,0.98,119,0,576,894,282,117440512,117440512,CPU,0.0,0.0,0,0
103055600437,0,oracle_reserve_lru,admission,value_ranked_working_set,25753559040,9693036544,10171815971,10852761600,0,218103808,25971662848,0.9900628142882524,0.9743727550967113,1.0,0.98,230,111,-1,0,0,0,0,,0.0,0.0,1,118
103055600437,0,oracle_reserve_lru,reload,value_ranked_admission,25820667904,9760145408,10171815971,10802429952,0,0,25820667904,0.9843067531505864,0.9595283119382342,1.0,0.98,118,0,492,377,279,50331648,50331648,CPU,0.0,0.0,0,0
103082120243,0,oracle_reserve_lru,admission,value_ranked_working_set,25766141952,9705619456,10171815971,10802429952,0,218103808,25984245760,0.9905424860497245,0.9756097920265845,1.0,0.98,229,111,-1,0,0,0,0,,0.0,0.0,1,117
103082120243,0,oracle_reserve_lru,reload,value_ranked_admission,25831153664,9770631168,10171815971,10762584064,0,0,25831153664,0.9847064796184798,0.9605591760464617,1.0,0.98,117,0,479,303,282,39845888,39845888,CPU,0.0,0.0,0,0
103108640049,0,oracle_reserve_lru,admission,value_ranked_working_set,25684353024,9623830528,10171815971,10762584064,0,218103808,25902456832,0.9874246196001555,0.9675690519824093,1.0,0.98,227,110,-1,0,0,0,0,,0.0,0.0,1,116
103108640049,0,oracle_reserve_lru,reload,value_ranked_admission,25812279296,9751756800,10171815971,10657726464,0,0,25812279296,0.9839869719762716,0.958703620651652,1.0,0.98,116,0,534,788,263,104857600,104857600,CPU,0.0,0.0,0,0
103135278757,0,oracle_reserve_lru,admission,value_ranked_working_set,25755656192,9695133696,10171815971,10657726464,0,216006656,25971662848,0.9900628142882524,0.9743727550967113,1.0,0.98,226,110,-1,0,0,0,0,,0.0,0.0,1,115
103135278757,0,oracle_reserve_lru,reload,value_ranked_admission,25816473600,9755951104,10171815971,10607394816,0,0,25816473600,0.984146862563429,0.9591159662949431,1.0,0.98,115,0,465,371,302,50331648,50331648,CPU,0.0,0.0,0,0
103188556173,0,oracle_reserve_lru,admission,value_ranked_working_set,25745170432,9684647936,10171815971,10607394816,0,218103808,25963274240,0.9897430331139376,0.9735480638101293,1.0,0.98,225,110,-1,0,0,0,0,,0.0,0.0,1,114
103188556173,0,oracle_reserve_lru,reload,value_ranked_admission,25818570752,9758048256,10171815971,10546577408,0,0,25818570752,0.9842268078570077,0.9593221391165886,1.0,0.98,114,0,482,463,285,60817408,60817408,CPU,0.0,0.0,0,0
103215194881,0,oracle_reserve_lru,admission,value_ranked_working_set,25764044800,9703522304,10171815971,10546577408,0,220200960,25984245760,0.9905424860497245,0.9756097920265845,1.0,0.98,224,110,-1,0,0,0,0,,0.0,0.0,1,113
103215194881,0,oracle_reserve_lru,reload,value_ranked_admission,25810182144,9749659648,10171815971,10506731520,0,0,25810182144,0.9839070266826929,0.9584974478300066,1.0,0.98,113,0,379,303,284,39845888,39845888,CPU,0.0,0.0,0,0
103241833589,0,oracle_reserve_lru,admission,value_ranked_working_set,25715810304,9655287808,10171815971,10506731520,0,222298112,25938108416,0.9887836895909933,0.9710739899503831,1.0,0.98,222,109,-1,0,0,0,0,,0.0,0.0,1,112
103241833589,0,oracle_reserve_lru,reload,value_ranked_admission,25808084992,9747562496,10171815971,10429136896,0,0,25808084992,0.9838270813891142,0.9582912750083611,1.0,0.98,112,0,240,581,570,77594624,77594624,CPU,0.0,0.0,0,0
103512158384,0,oracle_reserve_lru,admission,value_ranked_working_set,25738878976,9678356480,10171815971,10429136896,0,218103808,25956982784,0.9895031972332015,0.9729295453451927,1.0,0.98,219,107,-1,0,0,0,0,,0.0,0.0,1,111
103512158384,0,oracle_reserve_lru,reload,value_ranked_admission,25814376448,9753853952,10171815971,10376708096,0,0,25814376448,0.9840669172698503,0.9589097934732976,1.0,0.98,111,0,445,395,281,52428800,52428800,CPU,0.0,0.0,0,0
103538797092,0,oracle_reserve_lru,admission,value_ranked_working_set,25640312832,9579790336,10171815971,10376708096,0,213909504,25854222336,0.9855858778478455,0.9628270770845624,1.0,0.98,217,106,-1,0,0,0,0,,0.0,0.0,2,109
103538797092,0,oracle_reserve_lru,reload,value_ranked_admission,25816473600,9755951104,10171815971,10221518848,0,0,25816473600,0.984146862563429,0.9591159662949431,1.0,0.98,109,0,537,789,260,104857600,104857600,CPU,0.0,0.0,0,0
103538797092,0,oracle_reserve_lru,reload,value_ranked_admission,25816473600,9755951104,10171815971,10221518848,0,0,25816473600,0.984146862563429,0.9591159662949431,1.0,0.98,109,0,400,376,259,50331648,50331648,CPU,0.0,0.0,0,0
103567082200,0,oracle_reserve_lru,admission,value_ranked_working_set,25740976128,9680453632,10171815971,10221518848,0,216006656,25956982784,0.9895031972332015,0.9729295453451927,1.0,0.98,216,107,-1,0,0,0,0,,0.0,0.0,1,108
103567082200,0,oracle_reserve_lru,reload,value_ranked_admission,25797599232,9737076736,10171815971,10175381504,0,0,25797599232,0.9834273549212207,0.9572604109001335,1.0,0.98,108,0,401,343,258,46137344,46137344,CPU,0.0,0.0,0,0
103677924732,0,oracle_reserve_lru,admission,value_ranked_working_set,25640312832,9579790336,10171815971,10175381504,0,213909504,25854222336,0.9855858778478455,0.9628270770845624,1.0,0.98,214,106,-1,0,0,0,0,,0.0,0.0,1,107
103677924732,0,oracle_reserve_lru,reload,value_ranked_admission,25795502080,9734979584,10171815971,10034872320,0,0,25795502080,0.983347409627642,0.957054238078488,1.0,0.98,107,0,533,1070,254,140509184,140509184,CPU,0.0,0.0,0,0
103704363990,0,oracle_reserve_lru,admission,value_ranked_working_set,25686450176,9625927680,10171815971,10034872320,0,213909504,25900359680,0.9873446743065768,0.9673628791607638,1.0,0.98,213,106,-1,0,0,0,0,,0.0,0.0,1,106
103704363990,0,oracle_reserve_lru,reload,value_ranked_admission,25808084992,9747562496,10171815971,9927917568,0,0,25808084992,0.9838270813891142,0.9582912750083611,1.0,0.98,106,0,227,802,538,106954752,106954752,CPU,0.0,0.0,0,0
103730803248,0,oracle_reserve_lru,admission,value_ranked_working_set,25761947648,9701425152,10171815971,9927917568,0,213909504,25975857152,0.9902227048754098,0.9747851007400024,1.0,0.98,212,106,-1,0,0,0,0,,0.0,0.0,1,105
103730803248,0,oracle_reserve_lru,reload,value_ranked_admission,25818570752,9758048256,10171815971,9879683072,0,0,25818570752,0.9842268078570077,0.9593221391165886,1.0,0.98,105,0,375,366,287,48234496,48234496,CPU,0.0,0.0,0,0
103862999538,0,oracle_reserve_lru,admission,value_ranked_working_set,25545940992,9485418496,10171815971,9879683072,0,203423744,25749364736,0.9815886131689108,0.9525184360022866,1.0,0.98,209,104,-1,0,0,0,0,,0.0,0.0,2,103
103862999538,0,oracle_reserve_lru,reload,value_ranked_admission,25824862208,9764339712,10171815971,9604956160,0,0,25824862208,0.9844666437377437,0.9599406575815251,1.0,0.98,103,0,568,1402,288,184549376,184549376,CPU,0.0,0.0,0,0
103862999538,0,oracle_reserve_lru,reload,value_ranked_admission,25824862208,9764339712,10171815971,9604956160,0,0,25824862208,0.9844666437377437,0.9599406575815251,1.0,0.98,103,0,137,677,586,90177536,90177536,CPU,0.0,0.0,0,0
103889438796,0,oracle_reserve_lru,admission,value_ranked_working_set,25717907456,9657384960,10171815971,9604956160,0,207618048,25925525504,0.988304017829521,0.96983695302051,1.0,0.98,208,105,-1,0,0,0,0,,0.0,0.0,1,102
103889438796,0,oracle_reserve_lru,reload,value_ranked_admission,25818570752,9758048256,10171815971,9512681472,0,0,25818570752,0.9842268078570077,0.9593221391165886,1.0,0.98,102,0,241,696,558,92274688,92274688,CPU,0.0,0.0,0,0
103997041678,0,oracle_reserve_lru,admission,value_ranked_working_set,25673867264,9613344768,10171815971,9512681472,0,203423744,25877291008,0.9864652760772111,0.9650949781226631,1.0,0.98,206,104,-1,0,0,0,0,,0.0,0.0,2,100
103997041678,0,oracle_reserve_lru,reload,value_ranked_admission,25826959360,9766436864,10171815971,9367977984,0,0,25826959360,0.9845465890313224,0.9601468304031707,1.0,0.98,100,0,232,790,551,104857600,104857600,CPU,0.0,0.0,0,0
103997041678,0,oracle_reserve_lru,reload,value_ranked_admission,25826959360,9766436864,10171815971,9367977984,0,0,25826959360,0.9845465890313224,0.9601468304031707,1.0,0.98,100,0,382,299,283,39845888,39845888,CPU,0.0,0.0,0,0
104064386651,0,oracle_reserve_lru,admission,value_ranked_working_set,25673867264,9613344768,10171815971,9367977984,0,207618048,25881485312,0.9866251666643685,0.9655073237659542,1.0,0.98,205,105,-1,0,0,0,0,,0.0,0.0,1,99
104064386651,0,oracle_reserve_lru,reload,value_ranked_admission,25789210624,9728688128,10171815971,9263120384,0,0,25789210624,0.9831075737469059,0.9564357196135513,1.0,0.98,99,0,247,790,539,104857600,104857600,CPU,0.0,0.0,0,0
104090906457,0,oracle_reserve_lru,admission,value_ranked_working_set,25711616000,9651093504,10171815971,9263120384,0,207618048,25919234048,0.988064181948785,0.9692184345555734,1.0,0.98,204,105,-1,0,0,0,0,,0.0,0.0,1,98
104090906457,0,oracle_reserve_lru,reload,value_ranked_admission,25814376448,9753853952,10171815971,9170845696,0,0,25814376448,0.9840669172698503,0.9589097934732976,1.0,0.98,98,0,493,691,279,92274688,92274688,CPU,0.0,0.0,0,0
104117629965,0,oracle_reserve_lru,admission,value_ranked_working_set,25671770112,9611247616,10171815971,9170845696,0,209715200,25881485312,0.9866251666643685,0.9655073237659542,1.0,0.98,203,105,-1,0,0,0,0,,0.0,0.0,1,97
104117629965,0,oracle_reserve_lru,reload,value_ranked_admission,25822765056,9762242560,10171815971,9036627968,0,0,25822765056,0.984386698444165,0.9597344847598797,1.0,0.98,97,0,480,1024,286,134217728,134217728,CPU,0.0,0.0,0,0
104144353473,0,oracle_reserve_lru,admission,value_ranked_working_set,25688547328,9628024832,10171815971,9036627968,0,211812352,25900359680,0.9873446743065768,0.9673628791607638,1.0,0.98,201,104,-1,0,0,0,0,,0.0,0.0,1,96
104144353473,0,oracle_reserve_lru,reload,value_ranked_admission,25818570752,9758048256,10171815971,8921284608,0,0,25818570752,0.9842268078570077,0.9593221391165886,1.0,0.98,96,0,473,872,290,115343360,115343360,CPU,0.0,0.0,0,0
104197800489,0,oracle_reserve_lru,admission,value_ranked_working_set,25738878976,9678356480,10171815971,8921284608,0,209715200,25948594176,0.9891834160588867,0.9721048540586107,1.0,0.98,200,104,-1,0,0,0,0,,0.0,0.0,1,95
104197800489,0,oracle_reserve_lru,reload,value_ranked_admission,25791307776,9730785280,10171815971,8879341568,0,0,25791307776,0.9831875190404846,0.9566418924351969,1.0,0.98,95,0,363,310,293,41943040,41943040,CPU,0.0,0.0,0,0
104224523997,0,oracle_reserve_lru,admission,value_ranked_working_set,25703227392,9642704896,10171815971,8879341568,0,209715200,25912942592,0.9878243460680489,0.9685999160906369,1.0,0.98,199,104,-1,0,0,0,0,,0.0,0.0,1,94
104224523997,0,oracle_reserve_lru,reload,value_ranked_admission,25803890688,9743368192,10171815971,8795455488,0,0,25803890688,0.9836671908019567,0.95787892936507,1.0,0.98,94,0,139,632,579,83886080,83886080,CPU,0.0,0.0,0,0
104304410271,0,oracle_reserve_lru,admission,value_ranked_working_set,25740976128,9680453632,10171815971,8795455488,0,209715200,25950691328,0.9892633613524654,0.9723110268802562,1.0,0.98,198,104,-1,0,0,0,0,,0.0,0.0,1,93
104304410271,0,oracle_reserve_lru,reload,value_ranked_admission,25797599232,9737076736,10171815971,8743026688,0,0,25797599232,0.9834273549212207,0.9572604109001335,1.0,0.98,93,0,365,390,291,52428800,52428800,CPU,0.0,0.0,0,0
104357687687,0,oracle_reserve_lru,admission,value_ranked_working_set,25745170432,9684647936,10171815971,8743026688,0,211812352,25956982784,0.9895031972332015,0.9729295453451927,1.0,0.98,197,104,-1,0,0,0,0,,0.0,0.0,1,92
104357687687,0,oracle_reserve_lru,reload,value_ranked_admission,25805987840,9745465344,10171815971,8698986496,0,0,25805987840,0.9837471360955355,0.9580851021867155,1.0,0.98,92,0,366,330,287,44040192,44040192,CPU,0.0,0.0,0,0
104468133023,0,oracle_reserve_lru,admission,value_ranked_working_set,25686450176,9625927680,10171815971,8698986496,0,207618048,25894068224,0.9871048384258406,0.9667443606958273,1.0,0.98,195,103,-1,0,0,0,0,,0.0,0.0,1,91
104468133023,0,oracle_reserve_lru,reload,value_ranked_admission,25833250816,9772728320,10171815971,8583643136,0,0,25833250816,0.9847864249120585,0.9607653488681073,1.0,0.98,91,0,179,877,588,115343360,115343360,CPU,0.0,0.0,0,0
104521212676,0,oracle_reserve_lru,admission,value_ranked_working_set,25776627712,9716105216,10171815971,8583643136,0,205520896,25982148608,0.9904625407561458,0.9754036192049389,1.0,0.98,194,103,-1,0,0,0,0,,0.0,0.0,1,90
104521212676,0,oracle_reserve_lru,reload,value_ranked_admission,25824862208,9764339712,10171815971,8543797248,0,0,25824862208,0.9844666437377437,0.9599406575815251,1.0,0.98,90,0,368,293,283,39845888,39845888,CPU,0.0,0.0,0,0
104591697720,0,oracle_reserve_lru,admission,value_ranked_working_set,25745170432,9684647936,10171815971,8543797248,0,205520896,25950691328,0.9892633613524654,0.9723110268802562,1.0,0.98,193,103,-1,0,0,0,0,,0.0,0.0,1,89
104591697720,0,oracle_reserve_lru,reload,value_ranked_admission,25803890688,9743368192,10171815971,8503951360,0,0,25803890688,0.9836671908019567,0.95787892936507,1.0,0.98,89,0,374,290,281,39845888,39845888,CPU,0.0,0.0,0,0
104699698273,0,oracle_reserve_lru,admission,value_ranked_working_set,25690644480,9630121984,10171815971,8503951360,0,207618048,25898262528,0.9872647290129981,0.9671567063391182,1.0,0.98,191,102,-1,0,0,0,0,,0.0,0.0,1,88
104699698273,0,oracle_reserve_lru,reload,value_ranked_admission,25814376448,9753853952,10171815971,8388608000,0,0,25814376448,0.9840669172698503,0.9589097934732976,1.0,0.98,88,0,427,879,283,115343360,115343360,CPU,0.0,0.0,0,0
104779444384,0,oracle_reserve_lru,admission,value_ranked_working_set,25640312832,9579790336,10171815971,8388608000,0,209715200,25850028032,0.9854259872606881,0.9624147314412713,1.0,0.98,189,101,-1,0,0,0,0,,0.0,0.0,1,87
104779444384,0,oracle_reserve_lru,reload,value_ranked_admission,25829056512,9768534016,10171815971,8214544384,0,0,25829056512,0.9846265343249011,0.9603530032248162,1.0,0.98,87,0,238,1317,546,174063616,174063616,CPU,0.0,0.0,0,0
104886375343,0,oracle_reserve_lru,admission,value_ranked_working_set,25764044800,9703522304,10171815971,8214544384,0,209715200,25973760000,0.9901427595818311,0.9745789279183569,1.0,0.98,188,101,-1,0,0,0,0,,0.0,0.0,1,86
104886375343,0,oracle_reserve_lru,reload,value_ranked_admission,25816473600,9755951104,10171815971,8172601344,0,0,25816473600,0.984146862563429,0.9591159662949431,1.0,0.98,86,0,326,319,278,41943040,41943040,CPU,0.0,0.0,0,0
105123237998,0,oracle_reserve_lru,admission,value_ranked_working_set,25678061568,9617539072,10171815971,8172601344,0,195035136,25873096704,0.9863053854900538,0.964682632479372,1.0,0.98,186,100,-1,0,0,0,0,,0.0,0.0,1,85
105123237998,0,oracle_reserve_lru,reload,value_ranked_admission,25847930880,9787408384,10171815971,8019509248,0,0,25847930880,0.9853460419671094,0.9622085586196258,1.0,0.98,85,0,467,1159,298,153092096,153092096,CPU,0.0,0.0,0,0
105188804593,0,oracle_reserve_lru,admission,value_ranked_working_set,25703227392,9642704896,10171815971,8019509248,0,197132288,25900359680,0.9873446743065768,0.9673628791607638,1.0,0.98,184,99,-1,0,0,0,0,,0.0,0.0,1,84
105188804593,0,oracle_reserve_lru,reload,value_ranked_admission,25833250816,9772728320,10171815971,7897874432,0,0,25833250816,0.9847864249120585,0.9607653488681073,1.0,0.98,84,0,421,923,255,121634816,121634816,CPU,0.0,0.0,0,0
105215167019,0,oracle_reserve_lru,admission,value_ranked_working_set,25701130240,9640607744,10171815971,7897874432,0,199229440,25900359680,0.9873446743065768,0.9673628791607638,1.0,0.98,183,99,-1,0,0,0,0,,0.0,0.0,1,83
105215167019,0,oracle_reserve_lru,reload,value_ranked_admission,25805987840,9745465344,10171815971,7811891200,0,0,25805987840,0.9837471360955355,0.9580851021867155,1.0,0.98,83,0,383,645,280,85983232,85983232,CPU,0.0,0.0,0,0
105267891871,0,oracle_reserve_lru,admission,value_ranked_working_set,25583689728,9523167232,10171815971,7811891200,0,197132288,25780822016,0.9827877925725912,0.9556110283269693,1.0,0.98,181,98,-1,0,0,0,0,,0.0,0.0,2,81
105267891871,0,oracle_reserve_lru,reload,value_ranked_admission,25841639424,9781116928,10171815971,7568621568,0,0,25841639424,0.9851062060863733,0.9615900401546893,1.0,0.98,81,0,504,1206,277,159383552,159383552,CPU,0.0,0.0,0,0
105267891871,0,oracle_reserve_lru,reload,value_ranked_admission,25841639424,9781116928,10171815971,7568621568,0,0,25841639424,0.9851062060863733,0.9615900401546893,1.0,0.98,81,0,97,626,619,83886080,83886080,CPU,0.0,0.0,0,0
105320616723,0,oracle_reserve_lru,admission,value_ranked_working_set,25757753344,9697230848,10171815971,7568621568,0,201326592,25959079936,0.9895831425267803,0.9731357181668382,1.0,0.98,180,99,-1,0,0,0,0,,0.0,0.0,1,80
105320616723,0,oracle_reserve_lru,reload,value_ranked_admission,25826959360,9766436864,10171815971,7509901312,0,0,25826959360,0.9845465890313224,0.9601468304031707,1.0,0.98,80,0,336,442,287,58720256,58720256,CPU,0.0,0.0,0,0
105428914570,0,oracle_reserve_lru,admission,value_ranked_working_set,25753559040,9693036544,10171815971,7509901312,0,203423744,25956982784,0.9895031972332015,0.9729295453451927,1.0,0.98,178,98,-1,0,0,0,0,,0.0,0.0,1,79
105428914570,0,oracle_reserve_lru,reload,value_ranked_admission,25833250816,9772728320,10171815971,7442792448,0,0,25833250816,0.9847864249120585,0.9607653488681073,1.0,0.98,79,0,354,500,282,67108864,67108864,CPU,0.0,0.0,0,0
105468118739,0,oracle_reserve_lru,admission,value_ranked_working_set,25778724864,9718202368,10171815971,7442792448,0,203423744,25982148608,0.9904625407561458,0.9754036192049389,1.0,0.98,177,98,-1,0,0,0,0,,0.0,0.0,1,78
105468118739,0,oracle_reserve_lru,reload,value_ranked_admission,25845833728,9785311232,10171815971,7398752256,0,0,25845833728,0.9852660966735307,0.9620023857979804,1.0,0.98,78,0,301,336,292,44040192,44040192,CPU,0.0,0.0,0,0
105573101632,0,oracle_reserve_lru,admission,value_ranked_working_set,25589981184,9529458688,10171815971,7398752256,0,201326592,25791307776,0.9831875190404846,0.9566418924351969,1.0,0.98,174,96,-1,0,0,0,0,,0.0,0.0,2,76
105573101632,0,oracle_reserve_lru,reload,value_ranked_admission,25833250816,9772728320,10171815971,7170162688,0,0,25833250816,0.9847864249120585,0.9607653488681073,1.0,0.98,76,0,501,1276,272,167772160,167772160,CPU,0.0,0.0,0,0
105573101632,0,oracle_reserve_lru,reload,value_ranked_admission,25833250816,9772728320,10171815971,7170162688,0,0,25833250816,0.9847864249120585,0.9607653488681073,1.0,0.98,76,0,304,461,299,60817408,60817408,CPU,0.0,0.0,0,0
105653624425,0,oracle_reserve_lru,admission,value_ranked_working_set,25757753344,9697230848,10171815971,7170162688,0,201326592,25959079936,0.9895831425267803,0.9731357181668382,1.0,0.98,173,97,-1,0,0,0,0,,0.0,0.0,1,75
105653624425,0,oracle_reserve_lru,reload,value_ranked_admission,25814376448,9753853952,10171815971,7124025344,0,0,25814376448,0.9840669172698503,0.9589097934732976,1.0,0.98,75,0,310,349,291,46137344,46137344,CPU,0.0,0.0,0,0
105807649517,0,oracle_reserve_lru,admission,value_ranked_working_set,25759850496,9699328000,10171815971,7124025344,0,199229440,25959079936,0.9895831425267803,0.9731357181668382,1.0,0.98,172,97,-1,0,0,0,0,,0.0,0.0,1,74
105807649517,0,oracle_reserve_lru,reload,value_ranked_admission,25805987840,9745465344,10171815971,7082082304,0,0,25805987840,0.9837471360955355,0.9580851021867155,1.0,0.98,74,0,285,309,296,41943040,41943040,CPU,0.0,0.0,0,0
105884202564,0,oracle_reserve_lru,admission,value_ranked_working_set,25749364736,9688842240,10171815971,7082082304,0,199229440,25948594176,0.9891834160588867,0.9721048540586107,1.0,0.98,171,97,-1,0,0,0,0,,0.0,0.0,1,73
105884202564,0,oracle_reserve_lru,reload,value_ranked_admission,25839542272,9779019776,10171815971,7010779136,0,0,25839542272,0.9850262607927947,0.9613838673330438,1.0,0.98,73,0,307,538,293,71303168,71303168,CPU,0.0,0.0,0,0
105995393633,0,oracle_reserve_lru,admission,value_ranked_working_set,25726296064,9665773568,10171815971,7010779136,0,192937984,25919234048,0.988064181948785,0.9692184345555734,1.0,0.98,170,97,-1,0,0,0,0,,0.0,0.0,1,72
105995393633,0,oracle_reserve_lru,reload,value_ranked_admission,25837445120,9776922624,10171815971,6910115840,0,0,25837445120,0.984946315499216,0.9611776945113982,1.0,0.98,72,0,328,753,284,100663296,100663296,CPU,0.0,0.0,0,0
106050392384,0,oracle_reserve_lru,admission,value_ranked_working_set,25522872320,9462349824,10171815971,6910115840,0,195035136,25717907456,0.9803894337652304,0.9494258436776039,1.0,0.98,168,96,-1,0,0,0,0,,0.0,0.0,2,70
106050392384,0,oracle_reserve_lru,reload,value_ranked_admission,25829056512,9768534016,10171815971,6612320256,0,0,25829056512,0.9846265343249011,0.9603530032248162,1.0,0.98,70,0,477,1743,285,228589568,228589568,CPU,0.0,0.0,0,0
106050392384,0,oracle_reserve_lru,reload,value_ranked_admission,25829056512,9768534016,10171815971,6612320256,0,0,25829056512,0.9846265343249011,0.9603530032248162,1.0,0.98,70,0,312,521,291,69206016,69206016,CPU,0.0,0.0,0,0
106102560829,0,oracle_reserve_lru,admission,value_ranked_working_set,25776627712,9716105216,10171815971,6612320256,0,199229440,25975857152,0.9902227048754098,0.9747851007400024,1.0,0.98,167,97,-1,0,0,0,0,,0.0,0.0,1,69
106102560829,0,oracle_reserve_lru,reload,value_ranked_admission,25831153664,9770631168,10171815971,6570377216,0,0,25831153664,0.9847064796184798,0.9605591760464617,1.0,0.98,69,0,286,315,295,41943040,41943040,CPU,0.0,0.0,0,0
106284524590,0,oracle_reserve_lru,admission,value_ranked_working_set,25732587520,9672065024,10171815971,6570377216,0,192937984,25925525504,0.988304017829521,0.96983695302051,1.0,0.98,164,95,-1,0,0,0,0,,0.0,0.0,1,68
106284524590,0,oracle_reserve_lru,reload,value_ranked_admission,25824862208,9764339712,10171815971,6482296832,0,0,25824862208,0.9844666437377437,0.9599406575815251,1.0,0.98,68,0,333,657,283,88080384,88080384,CPU,0.0,0.0,0,0
106310574133,0,oracle_reserve_lru,admission,value_ranked_working_set,25667575808,9607053312,10171815971,6482296832,0,195035136,25862610944,0.9859056590221602,0.9636517683711445,1.0,0.98,163,95,-1,0,0,0,0,,0.0,0.0,1,67
106310574133,0,oracle_reserve_lru,reload,value_ranked_admission,25818570752,9758048256,10171815971,6341787648,0,0,25818570752,0.9842268078570077,0.9593221391165886,1.0,0.98,67,0,447,1060,293,140509184,140509184,CPU,0.0,0.0,0,0
106362673219,0,oracle_reserve_lru,admission,value_ranked_working_set,25787113472,9726590976,10171815971,6341787648,0,192937984,25980051456,0.9903825954625671,0.9751974463832934,1.0,0.98,162,95,-1,0,0,0,0,,0.0,0.0,1,66
106362673219,0,oracle_reserve_lru,reload,value_ranked_admission,25835347968,9774825472,10171815971,6301941760,0,0,25835347968,0.9848663702056373,0.9609715216897528,1.0,0.98,66,0,287,301,294,39845888,39845888,CPU,0.0,0.0,0,0
106400247986,0,oracle_reserve_lru,admission,value_ranked_working_set,25766141952,9705619456,10171815971,6301941760,0,195035136,25961177088,0.9896630878203589,0.9733418909884838,1.0,0.98,161,95,-1,0,0,0,0,,0.0,0.0,1,65
106400247986,0,oracle_reserve_lru,reload,value_ranked_admission,25829056512,9768534016,10171815971,6251610112,0,0,25829056512,0.9846265343249011,0.9603530032248162,1.0,0.98,65,0,264,376,302,50331648,50331648,CPU,0.0,0.0,0,0
106479992588,0,oracle_reserve_lru,admission,value_ranked_working_set,25753559040,9693036544,10171815971,6251610112,0,195035136,25948594176,0.9891834160588867,0.9721048540586107,1.0,0.98,160,95,-1,0,0,0,0,,0.0,0.0,1,64
106479992588,0,oracle_reserve_lru,reload,value_ranked_admission,25831153664,9770631168,10171815971,6182404096,0,0,25831153664,0.9847064796184798,0.9605591760464617,1.0,0.98,64,0,292,526,290,69206016,69206016,CPU,0.0,0.0,0,0
106533155656,0,oracle_reserve_lru,admission,value_ranked_working_set,25757753344,9697230848,10171815971,6182404096,0,197132288,25954885632,0.9894232519396228,0.9727233725235472,1.0,0.98,159,95,-1,0,0,0,0,,0.0,0.0,1,63
106533155656,0,oracle_reserve_lru,reload,value_ranked_admission,25812279296,9751756800,10171815971,6142558208,0,0,25812279296,0.9839869719762716,0.958703620651652,1.0,0.98,63,0,271,303,289,39845888,39845888,CPU,0.0,0.0,0,0
106745807928,0,oracle_reserve_lru,admission,value_ranked_working_set,25782919168,9722396672,10171815971,6142558208,0,195035136,25977954304,0.9903026501689884,0.9749912735616478,1.0,0.98,157,94,-1,0,0,0,0,,0.0,0.0,1,62
106745807928,0,oracle_reserve_lru,reload,value_ranked_admission,25833250816,9772728320,10171815971,6102712320,0,0,25833250816,0.9847864249120585,0.9607653488681073,1.0,0.98,62,0,198,289,280,39845888,39845888,CPU,0.0,0.0,0,0
106798970996,0,oracle_reserve_lru,admission,value_ranked_working_set,25787113472,9726590976,10171815971,6102712320,0,197132288,25984245760,0.9905424860497245,0.9756097920265845,1.0,0.98,156,94,-1,0,0,0,0,,0.0,0.0,1,61
106798970996,0,oracle_reserve_lru,reload,value_ranked_admission,25835347968,9774825472,10171815971,6062866432,0,0,25835347968,0.9848663702056373,0.9609715216897528,1.0,0.98,61,0,200,292,275,39845888,39845888,CPU,0.0,0.0,0,0
106953145416,0,oracle_reserve_lru,admission,value_ranked_working_set,25678061568,9617539072,10171815971,6062866432,0,195035136,25873096704,0.9863053854900538,0.964682632479372,1.0,0.98,155,94,-1,0,0,0,0,,0.0,0.0,1,60
106953145416,0,oracle_reserve_lru,reload,value_ranked_admission,25826959360,9766436864,10171815971,5930745856,0,0,25826959360,0.9845465890313224,0.9601468304031707,1.0,0.98,60,0,415,1005,250,132120576,132120576,CPU,0.0,0.0,0,0
106979223004,0,oracle_reserve_lru,admission,value_ranked_working_set,25782919168,9722396672,10171815971,5930745856,0,197132288,25980051456,0.9903825954625671,0.9751974463832934,1.0,0.98,154,94,-1,0,0,0,0,,0.0,0.0,1,59
106979223004,0,oracle_reserve_lru,reload,value_ranked_admission,25841639424,9781116928,10171815971,5886705664,0,0,25841639424,0.9851062060863733,0.9615900401546893,1.0,0.98,59,0,150,329,316,44040192,44040192,CPU,0.0,0.0,0,0
107404808015,0,oracle_reserve_lru,admission,value_ranked_working_set,25751461888,9690939392,10171815971,5886705664,0,180355072,25931816960,0.9885438537102572,0.9704554714854465,1.0,0.98,150,91,-1,0,0,0,0,,0.0,0.0,1,58
107404808015,0,oracle_reserve_lru,reload,value_ranked_admission,25843736576,9783214080,10171815971,5807013888,0,0,25843736576,0.985186151379952,0.9617962129763348,1.0,0.98,58,0,321,606,287,79691776,79691776,CPU,0.0,0.0,0,0
107431174701,0,oracle_reserve_lru,admission,value_ranked_working_set,25736781824,9676259328,10171815971,5807013888,0,182452224,25919234048,0.988064181948785,0.9692184345555734,1.0,0.98,149,91,-1,0,0,0,0,,0.0,0.0,1,57
107431174701,0,oracle_reserve_lru,reload,value_ranked_admission,25829056512,9768534016,10171815971,5727322112,0,0,25829056512,0.9846265343249011,0.9603530032248162,1.0,0.98,57,0,315,600,288,79691776,79691776,CPU,0.0,0.0,0,0
107584821351,0,oracle_reserve_lru,admission,value_ranked_working_set,25757753344,9697230848,10171815971,5727322112,0,184549376,25942302720,0.9889435801781506,0.9714863355936741,1.0,0.98,147,90,-1,0,0,0,0,,0.0,0.0,1,56
107584821351,0,oracle_reserve_lru,reload,value_ranked_admission,25854222336,9793699840,10171815971,5647630336,0,0,25854222336,0.9855858778478455,0.9628270770845624,1.0,0.98,56,0,263,603,303,79691776,79691776,CPU,0.0,0.0,0,0
107643859328,0,oracle_reserve_lru,admission,value_ranked_working_set,25766141952,9705619456,10171815971,5647630336,0,182452224,25948594176,0.9891834160588867,0.9721048540586107,1.0,0.98,146,90,-1,0,0,0,0,,0.0,0.0,1,55
107643859328,0,oracle_reserve_lru,reload,value_ranked_admission,25854222336,9793699840,10171815971,5570035712,0,0,25854222336,0.9855858778478455,0.9628270770845624,1.0,0.98,55,0,270,578,292,77594624,77594624,CPU,0.0,0.0,0,0
107696905171,0,oracle_reserve_lru,admission,value_ranked_working_set,25774530560,9714008064,10171815971,5570035712,0,184549376,25959079936,0.9895831425267803,0.9731357181668382,1.0,0.98,145,90,-1,0,0,0,0,,0.0,0.0,1,54
107696905171,0,oracle_reserve_lru,reload,value_ranked_admission,25835347968,9774825472,10171815971,5517606912,0,0,25835347968,0.9848663702056373,0.9609715216897528,1.0,0.98,54,0,199,396,277,52428800,52428800,CPU,0.0,0.0,0,0
107753312893,0,oracle_reserve_lru,admission,value_ranked_working_set,25734684672,9674162176,10171815971,5517606912,0,184549376,25919234048,0.988064181948785,0.9692184345555734,1.0,0.98,144,90,-1,0,0,0,0,,0.0,0.0,1,53
107753312893,0,oracle_reserve_lru,reload,value_ranked_admission,25833250816,9772728320,10171815971,5427429376,0,0,25833250816,0.9847864249120585,0.9607653488681073,1.0,0.98,53,0,299,680,292,90177536,90177536,CPU,0.0,0.0,0,0
107844997349,0,oracle_reserve_lru,admission,value_ranked_working_set,25772433408,9711910912,10171815971,5427429376,0,184549376,25956982784,0.9895031972332015,0.9729295453451927,1.0,0.98,143,90,-1,0,0,0,0,,0.0,0.0,1,52
107844997349,0,oracle_reserve_lru,reload,value_ranked_admission,25839542272,9779019776,10171815971,5377097728,0,0,25839542272,0.9850262607927947,0.9613838673330438,1.0,0.98,52,0,152,381,315,50331648,50331648,CPU,0.0,0.0,0,0
107907154012,0,oracle_reserve_lru,admission,value_ranked_working_set,25728393216,9667870720,10171815971,5377097728,0,182452224,25910845440,0.9877444007744702,0.9683937432689913,1.0,0.98,142,90,-1,0,0,0,0,,0.0,0.0,1,51
107907154012,0,oracle_reserve_lru,reload,value_ranked_admission,25854222336,9793699840,10171815971,5263851520,0,0,25854222336,0.9855858778478455,0.9628270770845624,1.0,0.98,51,0,332,858,283,113246208,113246208,CPU,0.0,0.0,0,0
108014342240,0,oracle_reserve_lru,admission,value_ranked_working_set,25696935936,9636413440,10171815971,5263851520,0,180355072,25877291008,0.9864652760772111,0.9650949781226631,1.0,0.98,140,89,-1,0,0,0,0,,0.0,0.0,1,50
108014342240,0,oracle_reserve_lru,reload,value_ranked_admission,25858416640,9797894144,10171815971,5114953728,0,0,25858416640,0.9857457684350028,0.9632394227278535,1.0,0.98,50,0,357,1128,285,148897792,148897792,CPU,0.0,0.0,0,0
108067050516,0,oracle_reserve_lru,admission,value_ranked_working_set,25654992896,9594470400,10171815971,5114953728,0,171966464,25826959360,0.9845465890313224,0.9601468304031707,1.0,0.98,138,88,-1,0,0,0,0,,0.0,0.0,1,49
108067050516,0,oracle_reserve_lru,reload,value_ranked_admission,25839542272,9779019776,10171815971,4938792960,0,0,25839542272,0.9850262607927947,0.9613838673330438,1.0,0.98,49,0,457,1337,289,176160768,176160768,CPU,0.0,0.0,0,0
108093404654,0,oracle_reserve_lru,admission,value_ranked_working_set,25583689728,9523167232,10171815971,4938792960,0,174063616,25757753344,0.9819083943432255,0.9533431272888686,1.0,0.98,137,88,-1,0,0,0,0,,0.0,0.0,2,47
108093404654,0,oracle_reserve_lru,reload,value_ranked_admission,25820667904,9760145408,10171815971,4712300544,0,0,25820667904,0.9843067531505864,0.9595283119382342,1.0,0.98,47,0,448,1395,292,184549376,184549376,CPU,0.0,0.0,0,0
108093404654,0,oracle_reserve_lru,reload,value_ranked_admission,25820667904,9760145408,10171815971,4712300544,0,0,25820667904,0.9843067531505864,0.9595283119382342,1.0,0.98,47,0,160,307,296,41943040,41943040,CPU,0.0,0.0,0,0
108119758792,0,oracle_reserve_lru,admission,value_ranked_working_set,25761947648,9701425152,10171815971,4712300544,0,178257920,25940205568,0.988863634884572,0.9712801627720286,1.0,0.98,136,89,-1,0,0,0,0,,0.0,0.0,1,46
108119758792,0,oracle_reserve_lru,reload,value_ranked_admission,25862610944,9802088448,10171815971,4626317312,0,0,25862610944,0.9859056590221602,0.9636517683711445,1.0,0.98,46,0,205,645,271,85983232,85983232,CPU,0.0,0.0,0,0
108146112930,0,oracle_reserve_lru,admission,value_ranked_working_set,25795502080,9734979584,10171815971,4626317312,0,176160768,25971662848,0.9900628142882524,0.9743727550967113,1.0,0.98,135,89,-1,0,0,0,0,,0.0,0.0,1,45
108146112930,0,oracle_reserve_lru,reload,value_ranked_admission,25843736576,9783214080,10171815971,4584374272,0,0,25843736576,0.985186151379952,0.9617962129763348,1.0,0.98,45,0,161,313,293,41943040,41943040,CPU,0.0,0.0,0,0
108172467068,0,oracle_reserve_lru,admission,value_ranked_working_set,25787113472,9726590976,10171815971,4584374272,0,178257920,25965371392,0.9898229784075163,0.9737542366317747,1.0,0.98,134,89,-1,0,0,0,0,,0.0,0.0,1,44
108172467068,0,oracle_reserve_lru,reload,value_ranked_admission,25841639424,9781116928,10171815971,4542431232,0,0,25841639424,0.9851062060863733,0.9615900401546893,1.0,0.98,44,0,165,306,288,41943040,41943040,CPU,0.0,0.0,0,0
108242628545,0,oracle_reserve_lru,admission,value_ranked_working_set,25669672960,9609150464,10171815971,4542431232,0,174063616,25843736576,0.985186151379952,0.9617962129763348,1.0,0.98,133,89,-1,0,0,0,0,,0.0,0.0,1,43
108242628545,0,oracle_reserve_lru,reload,value_ranked_admission,25850028032,9789505536,10171815971,4378853376,0,0,25850028032,0.9854259872606881,0.9624147314412713,1.0,0.98,43,0,407,1243,257,163577856,163577856,CPU,0.0,0.0,0,0
108278719253,0,oracle_reserve_lru,admission,value_ranked_working_set,25768239104,9707716608,10171815971,4378853376,0,176160768,25944399872,0.9890235254717293,0.9716925084153196,1.0,0.98,132,89,-1,0,0,0,0,,0.0,0.0,1,42
108278719253,0,oracle_reserve_lru,reload,value_ranked_admission,25826959360,9766436864,10171815971,4330618880,0,0,25826959360,0.9845465890313224,0.9601468304031707,1.0,0.98,42,0,128,355,333,48234496,48234496,CPU,0.0,0.0,0,0
108305358840,0,oracle_reserve_lru,admission,value_ranked_working_set,25550135296,9489612800,10171815971,4330618880,0,178257920,25728393216,0.9807891602331238,0.9504567077858314,1.0,0.98,129,87,-1,0,0,0,0,,0.0,0.0,2,40
108305358840,0,oracle_reserve_lru,reload,value_ranked_admission,25843736576,9783214080,10171815971,4051697664,0,0,25843736576,0.985186151379952,0.9617962129763348,1.0,0.98,40,0,418,1664,249,218103808,218103808,CPU,0.0,0.0,0,0
108305358840,0,oracle_reserve_lru,reload,value_ranked_admission,25843736576,9783214080,10171815971,4051697664,0,0,25843736576,0.985186151379952,0.9617962129763348,1.0,0.98,40,0,129,458,331,60817408,60817408,CPU,0.0,0.0,0,0
108490320881,0,oracle_reserve_lru,admission,value_ranked_working_set,25602564096,9542041600,10171815971,4051697664,0,174063616,25776627712,0.9826279019854338,0.9551986826836782,1.0,0.98,127,87,-1,0,0,0,0,,0.0,0.0,2,38
108490320881,0,oracle_reserve_lru,reload,value_ranked_admission,25845833728,9785311232,10171815971,3818913792,0,0,25845833728,0.9852660966735307,0.9620023857979804,1.0,0.98,38,0,410,1374,256,180355072,180355072,CPU,0.0,0.0,0,0
108490320881,0,oracle_reserve_lru,reload,value_ranked_admission,25845833728,9785311232,10171815971,3818913792,0,0,25845833728,0.9852660966735307,0.9620023857979804,1.0,0.98,38,0,107,385,368,52428800,52428800,CPU,0.0,0.0,0,0
108595364161,0,oracle_reserve_lru,admission,value_ranked_working_set,25768239104,9707716608,10171815971,3818913792,0,176160768,25944399872,0.9890235254717293,0.9716925084153196,1.0,0.98,126,88,-1,0,0,0,0,,0.0,0.0,1,37
108595364161,0,oracle_reserve_lru,reload,value_ranked_admission,25824862208,9764339712,10171815971,3768582144,0,0,25824862208,0.9844666437377437,0.9599406575815251,1.0,0.98,37,0,110,382,368,50331648,50331648,CPU,0.0,0.0,0,0
108657842872,0,oracle_reserve_lru,admission,value_ranked_working_set,25766141952,9705619456,10171815971,3768582144,0,178257920,25944399872,0.9890235254717293,0.9716925084153196,1.0,0.98,125,88,-1,0,0,0,0,,0.0,0.0,1,36
108657842872,0,oracle_reserve_lru,reload,value_ranked_admission,25822765056,9762242560,10171815971,3720347648,0,0,25822765056,0.984386698444165,0.9597344847598797,1.0,0.98,36,0,115,366,357,48234496,48234496,CPU,0.0,0.0,0,0
108685151912,0,oracle_reserve_lru,admission,value_ranked_working_set,25675964416,9615441920,10171815971,3720347648,0,176160768,25852125184,0.9855059325542668,0.9626209042629169,1.0,0.98,123,87,-1,0,0,0,0,,0.0,0.0,1,35
108685151912,0,oracle_reserve_lru,reload,value_ranked_admission,25856319488,9795796992,10171815971,3556769792,0,0,25856319488,0.9856658231414241,0.963033249906208,1.0,0.98,35,0,341,1233,285,163577856,163577856,CPU,0.0,0.0,0,0
108712460952,0,oracle_reserve_lru,admission,value_ranked_working_set,25743073280,9682550784,10171815971,3556769792,0,178257920,25921331200,0.9881441272423637,0.9694246073772189,1.0,0.98,122,87,-1,0,0,0,0,,0.0,0.0,1,34
108712460952,0,oracle_reserve_lru,reload,value_ranked_admission,25845833728,9785311232,10171815971,3466592256,0,0,25845833728,0.9852660966735307,0.9620023857979804,1.0,0.98,34,0,208,679,293,90177536,90177536,CPU,0.0,0.0,0,0
108765373176,0,oracle_reserve_lru,admission,value_ranked_working_set,25791307776,9730785280,10171815971,3466592256,0,176160768,25967468544,0.989902923701095,0.9739604094534203,1.0,0.98,121,87,-1,0,0,0,0,,0.0,0.0,1,33
108765373176,0,oracle_reserve_lru,reload,value_ranked_admission,25852125184,9791602688,10171815971,3418357760,0,0,25852125184,0.9855059325542668,0.9626209042629169,1.0,0.98,33,0,117,363,352,48234496,48234496,CPU,0.0,0.0,0,0
108791829288,0,oracle_reserve_lru,admission,value_ranked_working_set,25665478656,9604956160,10171815971,3418357760,0,178257920,25843736576,0.985186151379952,0.9617962129763348,1.0,0.98,120,87,-1,0,0,0,0,,0.0,0.0,2,31
108791829288,0,oracle_reserve_lru,reload,value_ranked_admission,25856319488,9795796992,10171815971,3240099840,0,0,25856319488,0.9856658231414241,0.963033249906208,1.0,0.98,31,0,293,1002,294,132120576,132120576,CPU,0.0,0.0,0,0
108791829288,0,oracle_reserve_lru,reload,value_ranked_admission,25856319488,9795796992,10171815971,3240099840,0,0,25856319488,0.9856658231414241,0.963033249906208,1.0,0.98,31,0,120,350,339,46137344,46137344,CPU,0.0,0.0,0,0
108880674481,0,oracle_reserve_lru,admission,value_ranked_working_set,25791307776,9730785280,10171815971,3240099840,0,180355072,25971662848,0.9900628142882524,0.9743727550967113,1.0,0.98,119,88,-1,0,0,0,0,,0.0,0.0,1,30
108880674481,0,oracle_reserve_lru,reload,value_ranked_admission,25854222336,9793699840,10171815971,3189768192,0,0,25854222336,0.9855858778478455,0.9628270770845624,1.0,0.98,30,0,119,380,344,50331648,50331648,CPU,0.0,0.0,0,0
108935129953,0,oracle_reserve_lru,admission,value_ranked_working_set,25785016320,9724493824,10171815971,3189768192,0,180355072,25965371392,0.9898229784075163,0.9737542366317747,1.0,0.98,118,88,-1,0,0,0,0,,0.0,0.0,1,29
108935129953,0,oracle_reserve_lru,reload,value_ranked_admission,25843736576,9783214080,10171815971,3143630848,0,0,25843736576,0.985186151379952,0.9617962129763348,1.0,0.98,29,0,124,352,331,46137344,46137344,CPU,0.0,0.0,0,0
108961987653,0,oracle_reserve_lru,admission,value_ranked_working_set,25778724864,9718202368,10171815971,3143630848,0,180355072,25959079936,0.9895831425267803,0.9731357181668382,1.0,0.98,117,88,-1,0,0,0,0,,0.0,0.0,1,28
108961987653,0,oracle_reserve_lru,reload,value_ranked_admission,25837445120,9776922624,10171815971,3097493504,0,0,25837445120,0.984946315499216,0.9611776945113982,1.0,0.98,28,0,126,345,329,46137344,46137344,CPU,0.0,0.0,0,0
109269838368,0,oracle_reserve_lru,admission,value_ranked_working_set,25642409984,9581887488,10171815971,3097493504,0,174063616,25816473600,0.984146862563429,0.9591159662949431,1.0,0.98,114,86,-1,0,0,0,0,,0.0,0.0,2,26
109269838368,0,oracle_reserve_lru,reload,value_ranked_admission,25854222336,9793699840,10171815971,2898264064,0,0,25854222336,0.9855858778478455,0.9628270770845624,1.0,0.98,26,0,229,1134,279,148897792,148897792,CPU,0.0,0.0,0,0
109269838368,0,oracle_reserve_lru,reload,value_ranked_admission,25854222336,9793699840,10171815971,2898264064,0,0,25854222336,0.9855858778478455,0.9628270770845624,1.0,0.98,26,0,103,384,340,50331648,50331648,CPU,0.0,0.0,0,0
109398488807,0,oracle_reserve_lru,admission,value_ranked_working_set,25768239104,9707716608,10171815971,2898264064,0,178257920,25946497024,0.989103470765308,0.9718986812369651,1.0,0.98,113,87,-1,0,0,0,0,,0.0,0.0,1,25
109398488807,0,oracle_reserve_lru,reload,value_ranked_admission,25835347968,9774825472,10171815971,2843738112,0,0,25835347968,0.9848663702056373,0.9609715216897528,1.0,0.98,25,0,106,404,340,54525952,54525952,CPU,0.0,0.0,0,0
109475780408,0,oracle_reserve_lru,admission,value_ranked_working_set,25722101760,9661579264,10171815971,2843738112,0,174063616,25896165376,0.9871847837194193,0.9669505335174727,1.0,0.98,112,87,-1,0,0,0,0,,0.0,0.0,1,24
109475780408,0,oracle_reserve_lru,reload,value_ranked_admission,25850028032,9789505536,10171815971,2722103296,0,0,25850028032,0.9854259872606881,0.9624147314412713,1.0,0.98,24,0,178,924,286,121634816,121634816,CPU,0.0,0.0,0,0
109501544275,0,oracle_reserve_lru,admission,value_ranked_working_set,25785016320,9724493824,10171815971,2722103296,0,174063616,25959079936,0.9895831425267803,0.9731357181668382,1.0,0.98,111,87,-1,0,0,0,0,,0.0,0.0,1,23
109501544275,0,oracle_reserve_lru,reload,value_ranked_admission,25847930880,9787408384,10171815971,2669674496,0,0,25847930880,0.9853460419671094,0.9622085586196258,1.0,0.98,23,0,80,395,372,52428800,52428800,CPU,0.0,0.0,0,0
109572951705,0,oracle_reserve_lru,admission,value_ranked_working_set,25667575808,9607053312,10171815971,2669674496,0,176160768,25843736576,0.985186151379952,0.9617962129763348,1.0,0.98,110,87,-1,0,0,0,0,,0.0,0.0,1,22
109572951705,0,oracle_reserve_lru,reload,value_ranked_admission,25829056512,9768534016,10171815971,2520776704,0,0,25829056512,0.9846265343249011,0.9603530032248162,1.0,0.98,22,0,203,1134,272,148897792,148897792,CPU,0.0,0.0,0,0
109733011485,0,oracle_reserve_lru,admission,value_ranked_working_set,25520775168,9460252672,10171815971,2520776704,0,178257920,25699033088,0.9796699261230221,0.9475702882827942,1.0,0.98,107,85,-1,0,0,0,0,,0.0,0.0,2,20
109733011485,0,oracle_reserve_lru,reload,value_ranked_admission,25839542272,9779019776,10171815971,2214592512,0,0,25839542272,0.9850262607927947,0.9613838673330438,1.0,0.98,20,0,190,1615,281,211812352,211812352,CPU,0.0,0.0,0,0
109733011485,0,oracle_reserve_lru,reload,value_ranked_admission,25839542272,9779019776,10171815971,2214592512,0,0,25839542272,0.9850262607927947,0.9613838673330438,1.0,0.98,20,0,148,705,320,94371840,94371840,CPU,0.0,0.0,0,0
110023020573,0,oracle_reserve_lru,admission,value_ranked_working_set,25770336256,9709813760,10171815971,2214592512,0,176160768,25946497024,0.989103470765308,0.9718986812369651,1.0,0.98,106,86,-1,0,0,0,0,,0.0,0.0,1,19
110023020573,0,oracle_reserve_lru,reload,value_ranked_admission,25835347968,9774825472,10171815971,2162163712,0,0,25835347968,0.9848663702056373,0.9609715216897528,1.0,0.98,19,0,86,398,364,52428800,52428800,CPU,0.0,0.0,0,0
110161434553,0,oracle_reserve_lru,admission,value_ranked_working_set,25667575808,9607053312,10171815971,2162163712,0,171966464,25839542272,0.9850262607927947,0.9613838673330438,1.0,0.98,104,85,-1,0,0,0,0,,0.0,0.0,2,17
110161434553,0,oracle_reserve_lru,reload,value_ranked_admission,25862610944,9802088448,10171815971,1979711488,0,0,25862610944,0.9859056590221602,0.9636517683711445,1.0,0.98,17,0,166,1022,289,134217728,134217728,CPU,0.0,0.0,0,0
110161434553,0,oracle_reserve_lru,reload,value_ranked_admission,25862610944,9802088448,10171815971,1979711488,0,0,25862610944,0.9859056590221602,0.9636517683711445,1.0,0.98,17,0,89,366,354,48234496,48234496,CPU,0.0,0.0,0,0
110197372421,0,oracle_reserve_lru,admission,value_ranked_working_set,25753559040,9693036544,10171815971,1979711488,0,171966464,25925525504,0.988304017829521,0.96983695302051,1.0,0.98,103,86,-1,0,0,0,0,,0.0,0.0,1,16
110197372421,0,oracle_reserve_lru,reload,value_ranked_admission,25858416640,9797894144,10171815971,1889533952,0,0,25858416640,0.9857457684350028,0.9632394227278535,1.0,0.98,16,0,140,677,315,90177536,90177536,CPU,0.0,0.0,0,0
110260525705,0,oracle_reserve_lru,admission,value_ranked_working_set,25743073280,9682550784,10171815971,1889533952,0,171966464,25915039744,0.9879042913616276,0.9688060889122824,1.0,0.98,102,86,-1,0,0,0,0,,0.0,0.0,1,15
110260525705,0,oracle_reserve_lru,reload,value_ranked_admission,25866805248,9806282752,10171815971,1782579200,0,0,25866805248,0.9860655496093177,0.9640641140144355,1.0,0.98,15,0,141,815,315,106954752,106954752,CPU,0.0,0.0,0,0
110444282788,0,oracle_reserve_lru,admission,value_ranked_working_set,25753559040,9693036544,10171815971,1782579200,0,167772160,25921331200,0.9881441272423637,0.9694246073772189,1.0,0.98,99,84,-1,0,0,0,0,,0.0,0.0,1,14
110444282788,0,oracle_reserve_lru,reload,value_ranked_admission,25837445120,9776922624,10171815971,1700790272,0,0,25837445120,0.984946315499216,0.9611776945113982,1.0,0.98,14,0,88,621,355,81788928,81788928,CPU,0.0,0.0,0,0
110479753114,0,oracle_reserve_lru,admission,value_ranked_working_set,25778724864,9718202368,10171815971,1700790272,0,169869312,25948594176,0.9891834160588867,0.9721048540586107,1.0,0.98,98,84,-1,0,0,0,0,,0.0,0.0,1,13
110479753114,0,oracle_reserve_lru,reload,value_ranked_admission,25845833728,9785311232,10171815971,1644167168,0,0,25845833728,0.9852660966735307,0.9620023857979804,1.0,0.98,13,0,79,417,366,56623104,56623104,CPU,0.0,0.0,0,0
110671935756,0,oracle_reserve_lru,admission,value_ranked_working_set,25724198912,9663676416,10171815971,1644167168,0,167772160,25891971072,0.9870248931322619,0.9665381878741817,1.0,0.98,96,83,-1,0,0,0,0,,0.0,0.0,1,12
110671935756,0,oracle_reserve_lru,reload,value_ranked_admission,25839542272,9779019776,10171815971,1543503872,0,0,25839542272,0.9850262607927947,0.9613838673330438,1.0,0.98,12,0,78,767,367,100663296,100663296,CPU,0.0,0.0,0,0
110751995998,0,oracle_reserve_lru,admission,value_ranked_working_set,25483026432,9422503936,10171815971,1543503872,0,161480704,25644507136,0.977591348489976,0.9422097949200108,1.0,0.98,93,81,-1,0,0,0,0,,0.0,0.0,2,10
110751995998,0,oracle_reserve_lru,reload,value_ranked_admission,25820667904,9760145408,10171815971,1218445312,0,0,25820667904,0.9843067531505864,0.9595283119382342,1.0,0.98,10,0,134,1432,321,188743680,188743680,CPU,0.0,0.0,0,0
110751995998,0,oracle_reserve_lru,reload,value_ranked_admission,25820667904,9760145408,10171815971,1218445312,0,0,25820667904,0.9843067531505864,0.9595283119382342,1.0,0.98,10,0,99,1033,342,136314880,136314880,CPU,0.0,0.0,0,0
110804927208,0,oracle_reserve_lru,admission,value_ranked_working_set,25726296064,9665773568,10171815971,1218445312,0,165675008,25891971072,0.9870248931322619,0.9665381878741817,1.0,0.98,92,82,-1,0,0,0,0,,0.0,0.0,1,9
110804927208,0,oracle_reserve_lru,reload,value_ranked_admission,25805987840,9745465344,10171815971,1149239296,0,0,25805987840,0.9837471360955355,0.9580851021867155,1.0,0.98,9,0,47,516,429,69206016,69206016,CPU,0.0,0.0,0,0
110911368698,0,oracle_reserve_lru,admission,value_ranked_working_set,25732587520,9672065024,10171815971,1149239296,0,167772160,25900359680,0.9873446743065768,0.9673628791607638,1.0,0.98,91,82,-1,0,0,0,0,,0.0,0.0,1,8
110911368698,0,oracle_reserve_lru,reload,value_ranked_admission,25812279296,9751756800,10171815971,1077936128,0,0,25812279296,0.9839869719762716,0.958703620651652,1.0,0.98,8,0,14,529,491,71303168,71303168,CPU,0.0,0.0,0,0
111074370385,0,oracle_reserve_lru,admission,value_ranked_working_set,25680158720,9619636224,10171815971,1077936128,0,165675008,25845833728,0.9852660966735307,0.9620023857979804,1.0,0.98,90,82,-1,0,0,0,0,,0.0,0.0,1,7
111074370385,0,oracle_reserve_lru,reload,value_ranked_admission,25833250816,9772728320,10171815971,931135488,0,0,25833250816,0.9847864249120585,0.9607653488681073,1.0,0.98,7,0,104,1114,340,146800640,146800640,CPU,0.0,0.0,0,0
111160283221,0,oracle_reserve_lru,admission,value_ranked_working_set,25740976128,9680453632,10171815971,931135488,0,165675008,25906651136,0.9875845101873129,0.9679813976257003,1.0,0.98,89,82,-1,0,0,0,0,,0.0,0.0,1,6
111160283221,0,oracle_reserve_lru,reload,value_ranked_admission,25831153664,9770631168,10171815971,857735168,0,0,25831153664,0.9847064796184798,0.9605591760464617,1.0,0.98,6,0,28,545,472,73400320,73400320,CPU,0.0,0.0,0,0
111215276452,0,oracle_reserve_lru,admission,value_ranked_working_set,25638215680,9577693184,10171815971,857735168,0,165675008,25803890688,0.9836671908019567,0.95787892936507,1.0,0.98,88,82,-1,0,0,0,0,,0.0,0.0,1,5
111215276452,0,oracle_reserve_lru,reload,value_ranked_admission,25803890688,9743368192,10171815971,704643072,0,0,25803890688,0.9836671908019567,0.95787892936507,1.0,0.98,5,0,70,1167,377,153092096,153092096,CPU,0.0,0.0,0,0
111242506522,0,oracle_reserve_lru,admission,value_ranked_working_set,25724198912,9663676416,10171815971,704643072,0,163577856,25887776768,0.9868650025451046,0.9661258422308907,1.0,0.98,87,82,-1,0,0,0,0,,0.0,0.0,1,4
111242506522,0,oracle_reserve_lru,reload,value_ranked_admission,25818570752,9758048256,10171815971,622854144,0,0,25818570752,0.9842268078570077,0.9593221391165886,1.0,0.98,4,0,31,610,469,81788928,81788928,CPU,0.0,0.0,0,0
111324196732,0,oracle_reserve_lru,admission,value_ranked_working_set,25761947648,9701425152,10171815971,622854144,0,161480704,25923428352,0.9882240725359424,0.9696307801988645,1.0,0.98,86,82,-1,0,0,0,0,,0.0,0.0,1,3
111324196732,0,oracle_reserve_lru,reload,value_ranked_admission,25841639424,9781116928,10171815971,549453824,0,0,25841639424,0.9851062060863733,0.9615900401546893,1.0,0.98,3,0,34,553,451,73400320,73400320,CPU,0.0,0.0,0,0
111435901223,0,oracle_reserve_lru,admission,value_ranked_working_set,25548038144,9487515648,10171815971,549453824,0,159383552,25707421696,0.9799897072973368,0.9483949795693762,1.0,0.98,83,80,-1,0,0,0,0,,0.0,0.0,1,2
111435901223,0,oracle_reserve_lru,reload,value_ranked_admission,25753559040,9693036544,10171815971,360710144,0,0,25753559040,0.9817485037560681,0.9529307816455777,1.0,0.98,2,0,56,1435,394,188743680,188743680,CPU,0.0,0.0,0,0
111462357335,0,oracle_reserve_lru,admission,value_ranked_working_set,25671770112,9611247616,10171815971,360710144,0,159383552,25831153664,0.9847064796184798,0.9605591760464617,1.0,0.98,82,80,-1,0,0,0,0,,0.0,0.0,1,1
111462357335,0,oracle_reserve_lru,reload,value_ranked_admission,25847930880,9787408384,10171815971,195035136,0,0,25847930880,0.9853460419671094,0.9622085586196258,1.0,0.98,1,0,44,1257,429,165675008,165675008,CPU,0.0,0.0,0,0
111594128025,0,oracle_reserve_lru,admission,value_ranked_working_set,25663381504,9602859008,10171815971,195035136,0,159383552,25822765056,0.984386698444165,0.9597344847598797,1.0,0.98,81,80,-1,0,0,0,0,,0.0,0.0,1,0
111594128025,0,oracle_reserve_lru,reload,value_ranked_admission,25875193856,9814671360,10171815971,0,0,0,25875193856,0.9863853307836324,0.9648888053010176,1.0,0.98,0,0,46,1486,428,195035136,195035136,CPU,0.0,0.0,0,0
