layer_name,input,kv_cache,tp_size,latency(ns)
embedding,1,0,8,4825
input_layernorm,1,0,8,29963
q_proj,1,0,8,32486
k_proj,1,0,8,7443
v_proj,1,0,8,7305
rope,1,0,8,40053
attn,1,0,8,5545
o_proj,1,0,8,26646
post_layernorm,1,0,8,29898
gate_proj,1,0,8,80834
up_proj,1,0,8,80041
act_fn,1,0,8,6687
down_proj,1,0,8,74312
final_layernorm,1,0,8,31805
lm_head,1,0,8,176333
embedding,2,0,8,5765
input_layernorm,2,0,8,34555
q_proj,2,0,8,32594
k_proj,2,0,8,7594
v_proj,2,0,8,7465
rope,2,0,8,46008
attn,2,0,8,9183
o_proj,2,0,8,27110
post_layernorm,2,0,8,34025
gate_proj,2,0,8,81768
up_proj,2,0,8,80652
act_fn,2,0,8,6657
down_proj,2,0,8,74713
final_layernorm,2,0,8,35643
lm_head,2,0,8,181525
embedding,3,0,8,6795
input_layernorm,3,0,8,34685
q_proj,3,0,8,32728
k_proj,3,0,8,7584
v_proj,3,0,8,7437
rope,3,0,8,48942
attn,3,0,8,9197
o_proj,3,0,8,27410
post_layernorm,3,0,8,33703
gate_proj,3,0,8,83592
up_proj,3,0,8,80461
act_fn,3,0,8,6863
down_proj,3,0,8,75125
final_layernorm,3,0,8,35107
lm_head,3,0,8,177278
embedding,4,0,8,7745
input_layernorm,4,0,8,35073
q_proj,4,0,8,32846
k_proj,4,0,8,7604
v_proj,4,0,8,7436
rope,4,0,8,48903
attn,4,0,8,9196
o_proj,4,0,8,27738
post_layernorm,4,0,8,34387
gate_proj,4,0,8,82420
up_proj,4,0,8,80812
act_fn,4,0,8,6805
down_proj,4,0,8,75383
final_layernorm,4,0,8,35995
lm_head,4,0,8,177520
embedding,5,0,8,9058
input_layernorm,5,0,8,35047
q_proj,5,0,8,33298
k_proj,5,0,8,7642
v_proj,5,0,8,7472
rope,5,0,8,50990
attn,5,0,8,9179
o_proj,5,0,8,27882
post_layernorm,5,0,8,34912
gate_proj,5,0,8,83072
up_proj,5,0,8,80806
act_fn,5,0,8,7023
down_proj,5,0,8,75537
final_layernorm,5,0,8,35875
lm_head,5,0,8,178735
embedding,6,0,8,9940
input_layernorm,6,0,8,34700
q_proj,6,0,8,33354
k_proj,6,0,8,7601
v_proj,6,0,8,7530
rope,6,0,8,50998
attn,6,0,8,9257
o_proj,6,0,8,27906
post_layernorm,6,0,8,34228
gate_proj,6,0,8,84483
up_proj,6,0,8,81189
act_fn,6,0,8,6820
down_proj,6,0,8,75883
final_layernorm,6,0,8,35648
lm_head,6,0,8,178621
embedding,7,0,8,10930
input_layernorm,7,0,8,35137
q_proj,7,0,8,33394
k_proj,7,0,8,7672
v_proj,7,0,8,7594
rope,7,0,8,49853
attn,7,0,8,9284
o_proj,7,0,8,27806
post_layernorm,7,0,8,34925
gate_proj,7,0,8,84353
up_proj,7,0,8,81512
act_fn,7,0,8,6872
down_proj,7,0,8,75900
final_layernorm,7,0,8,35710
lm_head,7,0,8,179378
embedding,8,0,8,12022
input_layernorm,8,0,8,35560
q_proj,8,0,8,33360
k_proj,8,0,8,7672
v_proj,8,0,8,7625
rope,8,0,8,49908
attn,8,0,8,9214
o_proj,8,0,8,27832
post_layernorm,8,0,8,34493
gate_proj,8,0,8,84641
up_proj,8,0,8,81826
act_fn,8,0,8,6950
down_proj,8,0,8,76043
final_layernorm,8,0,8,35435
lm_head,8,0,8,178867
embedding,9,0,8,13270
input_layernorm,9,0,8,35693
q_proj,9,0,8,33652
k_proj,9,0,8,7616
v_proj,9,0,8,7555
rope,9,0,8,49728
attn,9,0,8,9246
o_proj,9,0,8,27980
post_layernorm,9,0,8,34495
gate_proj,9,0,8,76589
up_proj,9,0,8,74910
act_fn,9,0,8,6942
down_proj,9,0,8,75168
final_layernorm,9,0,8,35912
lm_head,9,0,8,179165
embedding,10,0,8,14302
input_layernorm,10,0,8,35587
q_proj,10,0,8,33120
k_proj,10,0,8,7747
v_proj,10,0,8,7657
rope,10,0,8,51007
attn,10,0,8,9292
o_proj,10,0,8,27736
post_layernorm,10,0,8,34697
gate_proj,10,0,8,77125
up_proj,10,0,8,74977
act_fn,10,0,8,6893
down_proj,10,0,8,75105
final_layernorm,10,0,8,36053
lm_head,10,0,8,177983
embedding,11,0,8,15433
input_layernorm,11,0,8,35875
q_proj,11,0,8,32882
k_proj,11,0,8,7765
v_proj,11,0,8,7639
rope,11,0,8,51345
attn,11,0,8,9240
o_proj,11,0,8,27836
post_layernorm,11,0,8,34730
gate_proj,11,0,8,77016
up_proj,11,0,8,75302
act_fn,11,0,8,6988
down_proj,11,0,8,75361
final_layernorm,11,0,8,36145
lm_head,11,0,8,178928
embedding,12,0,8,16320
input_layernorm,12,0,8,35935
q_proj,12,0,8,33684
k_proj,12,0,8,7753
v_proj,12,0,8,7675
rope,12,0,8,51130
attn,12,0,8,9222
o_proj,12,0,8,27872
post_layernorm,12,0,8,35032
gate_proj,12,0,8,77357
up_proj,12,0,8,75170
act_fn,12,0,8,6972
down_proj,12,0,8,75653
final_layernorm,12,0,8,36125
lm_head,12,0,8,179035
embedding,13,0,8,17192
input_layernorm,13,0,8,35933
q_proj,13,0,8,33786
k_proj,13,0,8,7802
v_proj,13,0,8,7640
rope,13,0,8,51592
attn,13,0,8,9220
o_proj,13,0,8,27944
post_layernorm,13,0,8,35422
gate_proj,13,0,8,77025
up_proj,13,0,8,75250
act_fn,13,0,8,6990
down_proj,13,0,8,75513
final_layernorm,13,0,8,36273
lm_head,13,0,8,179769
embedding,14,0,8,18530
input_layernorm,14,0,8,35738
q_proj,14,0,8,33478
k_proj,14,0,8,7855
v_proj,14,0,8,7678
rope,14,0,8,51938
attn,14,0,8,9209
o_proj,14,0,8,27908
post_layernorm,14,0,8,35308
gate_proj,14,0,8,77402
up_proj,14,0,8,75333
act_fn,14,0,8,7047
down_proj,14,0,8,75801
final_layernorm,14,0,8,36142
lm_head,14,0,8,179157
embedding,15,0,8,19322
input_layernorm,15,0,8,35980
q_proj,15,0,8,33158
k_proj,15,0,8,7831
v_proj,15,0,8,7667
rope,15,0,8,51892
attn,15,0,8,9238
o_proj,15,0,8,27926
post_layernorm,15,0,8,35447
gate_proj,15,0,8,77101
up_proj,15,0,8,75251
act_fn,15,0,8,7022
down_proj,15,0,8,75588
final_layernorm,15,0,8,36415
lm_head,15,0,8,179854
embedding,16,0,8,20282
input_layernorm,16,0,8,35830
q_proj,16,0,8,34008
k_proj,16,0,8,7827
v_proj,16,0,8,7686
rope,16,0,8,52305
attn,16,0,8,9233
o_proj,16,0,8,28018
post_layernorm,16,0,8,35463
gate_proj,16,0,8,77510
up_proj,16,0,8,75638
act_fn,16,0,8,7127
down_proj,16,0,8,76358
final_layernorm,16,0,8,35737
lm_head,16,0,8,179885
embedding,17,0,8,6900
input_layernorm,17,0,8,36238
q_proj,17,0,8,33940
k_proj,17,0,8,8099
v_proj,17,0,8,7780
rope,17,0,8,50872
attn,17,0,8,9248
o_proj,17,0,8,28074
post_layernorm,17,0,8,36027
gate_proj,17,0,8,77307
up_proj,17,0,8,75097
act_fn,17,0,8,7097
down_proj,17,0,8,76373
final_layernorm,17,0,8,37047
lm_head,17,0,8,182769
embedding,18,0,8,7068
input_layernorm,18,0,8,36075
q_proj,18,0,8,34326
k_proj,18,0,8,8168
v_proj,18,0,8,7810
rope,18,0,8,50547
attn,18,0,8,9308
o_proj,18,0,8,28144
post_layernorm,18,0,8,36575
gate_proj,18,0,8,77985
up_proj,18,0,8,75569
act_fn,18,0,8,7168
down_proj,18,0,8,76499
final_layernorm,18,0,8,36472
lm_head,18,0,8,180069
embedding,19,0,8,6983
input_layernorm,19,0,8,36025
q_proj,19,0,8,34486
k_proj,19,0,8,8091
v_proj,19,0,8,7868
rope,19,0,8,52385
attn,19,0,8,9223
o_proj,19,0,8,28230
post_layernorm,19,0,8,36103
gate_proj,19,0,8,77701
up_proj,19,0,8,75768
act_fn,19,0,8,7293
down_proj,19,0,8,76568
final_layernorm,19,0,8,36888
lm_head,19,0,8,179931
embedding,20,0,8,7030
input_layernorm,20,0,8,36225
q_proj,20,0,8,34560
k_proj,20,0,8,8057
v_proj,20,0,8,7813
rope,20,0,8,53120
attn,20,0,8,9273
o_proj,20,0,8,28528
post_layernorm,20,0,8,35698
gate_proj,20,0,8,77963
up_proj,20,0,8,75636
act_fn,20,0,8,7337
down_proj,20,0,8,76624
final_layernorm,20,0,8,36615
lm_head,20,0,8,180174
embedding,21,0,8,7102
input_layernorm,21,0,8,36230
q_proj,21,0,8,34428
k_proj,21,0,8,8082
v_proj,21,0,8,7827
rope,21,0,8,53353
attn,21,0,8,9252
o_proj,21,0,8,28302
post_layernorm,21,0,8,36357
gate_proj,21,0,8,77848
up_proj,21,0,8,75656
act_fn,21,0,8,7287
down_proj,21,0,8,76776
final_layernorm,21,0,8,36877
lm_head,21,0,8,180573
embedding,22,0,8,7210
input_layernorm,22,0,8,36245
q_proj,22,0,8,34692
k_proj,22,0,8,8077
v_proj,22,0,8,7783
rope,22,0,8,53672
attn,22,0,8,9254
o_proj,22,0,8,28404
post_layernorm,22,0,8,36052
gate_proj,22,0,8,77939
up_proj,22,0,8,75842
act_fn,22,0,8,7385
down_proj,22,0,8,76661
final_layernorm,22,0,8,37118
lm_head,22,0,8,180784
embedding,23,0,8,7057
input_layernorm,23,0,8,36063
q_proj,23,0,8,34496
k_proj,23,0,8,8076
v_proj,23,0,8,7736
rope,23,0,8,53132
attn,23,0,8,9260
o_proj,23,0,8,28400
post_layernorm,23,0,8,36662
gate_proj,23,0,8,78160
up_proj,23,0,8,75946
act_fn,23,0,8,7338
down_proj,23,0,8,76891
final_layernorm,23,0,8,37048
lm_head,23,0,8,179552
embedding,24,0,8,7180
input_layernorm,24,0,8,36408
q_proj,24,0,8,34810
k_proj,24,0,8,8120
v_proj,24,0,8,7747
rope,24,0,8,53927
attn,24,0,8,9220
o_proj,24,0,8,28560
post_layernorm,24,0,8,35862
gate_proj,24,0,8,78843
up_proj,24,0,8,75927
act_fn,24,0,8,7338
down_proj,24,0,8,76795
final_layernorm,24,0,8,36845
lm_head,24,0,8,180659
embedding,25,0,8,7257
input_layernorm,25,0,8,36418
q_proj,25,0,8,35322
k_proj,25,0,8,8106
v_proj,25,0,8,7778
rope,25,0,8,53337
attn,25,0,8,9259
o_proj,25,0,8,28328
post_layernorm,25,0,8,36317
gate_proj,25,0,8,78531
up_proj,25,0,8,75896
act_fn,25,0,8,7357
down_proj,25,0,8,76975
final_layernorm,25,0,8,36970
lm_head,25,0,8,177429
embedding,26,0,8,7538
input_layernorm,26,0,8,36317
q_proj,26,0,8,34906
k_proj,26,0,8,8108
v_proj,26,0,8,7763
rope,26,0,8,53502
attn,26,0,8,9264
o_proj,26,0,8,28486
post_layernorm,26,0,8,36755
gate_proj,26,0,8,78656
up_proj,26,0,8,75907
act_fn,26,0,8,7337
down_proj,26,0,8,77359
final_layernorm,26,0,8,37158
lm_head,26,0,8,176984
embedding,27,0,8,7433
input_layernorm,27,0,8,36472
q_proj,27,0,8,35440
k_proj,27,0,8,8112
v_proj,27,0,8,7817
rope,27,0,8,53622
attn,27,0,8,9251
o_proj,27,0,8,28790
post_layernorm,27,0,8,36257
gate_proj,27,0,8,78457
up_proj,27,0,8,75950
act_fn,27,0,8,7363
down_proj,27,0,8,76928
final_layernorm,27,0,8,37345
lm_head,27,0,8,176699
embedding,28,0,8,7460
input_layernorm,28,0,8,36400
q_proj,28,0,8,35038
k_proj,28,0,8,8114
v_proj,28,0,8,7775
rope,28,0,8,54475
attn,28,0,8,9271
o_proj,28,0,8,28616
post_layernorm,28,0,8,36712
gate_proj,28,0,8,78475
up_proj,28,0,8,75901
act_fn,28,0,8,7410
down_proj,28,0,8,77092
final_layernorm,28,0,8,37473
lm_head,28,0,8,177116
embedding,29,0,8,7500
input_layernorm,29,0,8,36433
q_proj,29,0,8,35380
k_proj,29,0,8,8182
v_proj,29,0,8,7815
rope,29,0,8,53975
attn,29,0,8,9301
o_proj,29,0,8,28956
post_layernorm,29,0,8,37112
gate_proj,29,0,8,78940
up_proj,29,0,8,76065
act_fn,29,0,8,7388
down_proj,29,0,8,77084
final_layernorm,29,0,8,37390
lm_head,29,0,8,177300
embedding,30,0,8,7558
input_layernorm,30,0,8,36718
q_proj,30,0,8,34952
k_proj,30,0,8,8132
v_proj,30,0,8,7774
rope,30,0,8,54172
attn,30,0,8,9297
o_proj,30,0,8,28860
post_layernorm,30,0,8,36252
gate_proj,30,0,8,78908
up_proj,30,0,8,76199
act_fn,30,0,8,7345
down_proj,30,0,8,77512
final_layernorm,30,0,8,37358
lm_head,30,0,8,177407
embedding,31,0,8,7567
input_layernorm,31,0,8,36515
q_proj,31,0,8,35536
k_proj,31,0,8,8156
v_proj,31,0,8,7826
rope,31,0,8,54517
attn,31,0,8,9267
o_proj,31,0,8,28822
post_layernorm,31,0,8,37032
gate_proj,31,0,8,79187
up_proj,31,0,8,76031
act_fn,31,0,8,7348
down_proj,31,0,8,77317
final_layernorm,31,0,8,37813
lm_head,31,0,8,177239
embedding,32,0,8,7633
input_layernorm,32,0,8,36602
q_proj,32,0,8,35688
k_proj,32,0,8,8146
v_proj,32,0,8,7892
rope,32,0,8,54563
attn,32,0,8,9248
o_proj,32,0,8,29022
post_layernorm,32,0,8,36395
gate_proj,32,0,8,79257
up_proj,32,0,8,76260
act_fn,32,0,8,7495
down_proj,32,0,8,77432
final_layernorm,32,0,8,36987
lm_head,32,0,8,177824
embedding,33,0,8,7822
input_layernorm,33,0,8,36623
q_proj,33,0,8,35046
k_proj,33,0,8,8275
v_proj,33,0,8,7968
rope,33,0,8,53640
attn,33,0,8,9305
o_proj,33,0,8,29060
post_layernorm,33,0,8,36770
gate_proj,33,0,8,80102
up_proj,33,0,8,76384
act_fn,33,0,8,7430
down_proj,33,0,8,77801
final_layernorm,33,0,8,37698
lm_head,33,0,8,180978
embedding,34,0,8,8208
input_layernorm,34,0,8,36633
q_proj,34,0,8,35136
k_proj,34,0,8,8255
v_proj,34,0,8,7927
rope,34,0,8,54122
attn,34,0,8,9277
o_proj,34,0,8,28784
post_layernorm,34,0,8,37165
gate_proj,34,0,8,80011
up_proj,34,0,8,76555
act_fn,34,0,8,7422
down_proj,34,0,8,77660
final_layernorm,34,0,8,37740
lm_head,34,0,8,180596
embedding,35,0,8,8450
input_layernorm,35,0,8,36630
q_proj,35,0,8,35334
k_proj,35,0,8,8253
v_proj,35,0,8,8006
rope,35,0,8,55058
attn,35,0,8,9258
o_proj,35,0,8,28720
post_layernorm,35,0,8,36640
gate_proj,35,0,8,80253
up_proj,35,0,8,76236
act_fn,35,0,8,7390
down_proj,35,0,8,77493
final_layernorm,35,0,8,37848
lm_head,35,0,8,182381
embedding,36,0,8,8390
input_layernorm,36,0,8,37532
q_proj,36,0,8,35194
k_proj,36,0,8,8291
v_proj,36,0,8,7942
rope,36,0,8,56435
attn,36,0,8,9309
o_proj,36,0,8,28890
post_layernorm,36,0,8,36713
gate_proj,36,0,8,80138
up_proj,36,0,8,76488
act_fn,36,0,8,7415
down_proj,36,0,8,77751
final_layernorm,36,0,8,38017
lm_head,36,0,8,181352
embedding,37,0,8,8435
input_layernorm,37,0,8,37163
q_proj,37,0,8,35500
k_proj,37,0,8,8349
v_proj,37,0,8,7894
rope,37,0,8,54590
attn,37,0,8,9244
o_proj,37,0,8,28902
post_layernorm,37,0,8,36860
gate_proj,37,0,8,80229
up_proj,37,0,8,76256
act_fn,37,0,8,7467
down_proj,37,0,8,77950
final_layernorm,37,0,8,37585
lm_head,37,0,8,179009
embedding,38,0,8,8415
input_layernorm,38,0,8,36892
q_proj,38,0,8,35162
k_proj,38,0,8,8297
v_proj,38,0,8,7892
rope,38,0,8,55253
attn,38,0,8,9281
o_proj,38,0,8,29038
post_layernorm,38,0,8,36795
gate_proj,38,0,8,80346
up_proj,38,0,8,76511
act_fn,38,0,8,7542
down_proj,38,0,8,78035
final_layernorm,38,0,8,38172
lm_head,38,0,8,179074
embedding,39,0,8,8493
input_layernorm,39,0,8,36883
q_proj,39,0,8,35170
k_proj,39,0,8,8278
v_proj,39,0,8,7991
rope,39,0,8,55422
attn,39,0,8,9237
o_proj,39,0,8,29058
post_layernorm,39,0,8,37520
gate_proj,39,0,8,80544
up_proj,39,0,8,76635
act_fn,39,0,8,7522
down_proj,39,0,8,78002
final_layernorm,39,0,8,38103
lm_head,39,0,8,178692
embedding,40,0,8,8530
input_layernorm,40,0,8,37157
q_proj,40,0,8,35332
k_proj,40,0,8,8282
v_proj,40,0,8,7898
rope,40,0,8,55513
attn,40,0,8,9337
o_proj,40,0,8,29100
post_layernorm,40,0,8,37393
gate_proj,40,0,8,80609
up_proj,40,0,8,76264
act_fn,40,0,8,7487
down_proj,40,0,8,77965
final_layernorm,40,0,8,37885
lm_head,40,0,8,179032
embedding,41,0,8,8707
input_layernorm,41,0,8,37215
q_proj,41,0,8,35474
k_proj,41,0,8,8256
v_proj,41,0,8,7961
rope,41,0,8,55383
attn,41,0,8,9307
o_proj,41,0,8,29098
post_layernorm,41,0,8,37312
gate_proj,41,0,8,80620
up_proj,41,0,8,76182
act_fn,41,0,8,7477
down_proj,41,0,8,77955
final_layernorm,41,0,8,37955
lm_head,41,0,8,179951
embedding,42,0,8,8713
input_layernorm,42,0,8,37240
q_proj,42,0,8,35620
k_proj,42,0,8,8276
v_proj,42,0,8,7907
rope,42,0,8,54913
attn,42,0,8,9304
o_proj,42,0,8,29330
post_layernorm,42,0,8,37795
gate_proj,42,0,8,80825
up_proj,42,0,8,76412
act_fn,42,0,8,7503
down_proj,42,0,8,78050
final_layernorm,42,0,8,38103
lm_head,42,0,8,179973
embedding,43,0,8,8860
input_layernorm,43,0,8,37887
q_proj,43,0,8,35738
k_proj,43,0,8,8294
v_proj,43,0,8,7923
rope,43,0,8,55288
attn,43,0,8,9324
o_proj,43,0,8,29400
post_layernorm,43,0,8,37785
gate_proj,43,0,8,81074
up_proj,43,0,8,76459
act_fn,43,0,8,7607
down_proj,43,0,8,78128
final_layernorm,43,0,8,38475
lm_head,43,0,8,179582
embedding,44,0,8,8843
input_layernorm,44,0,8,37993
q_proj,44,0,8,35892
k_proj,44,0,8,8265
v_proj,44,0,8,7933
rope,44,0,8,55433
attn,44,0,8,9308
o_proj,44,0,8,29388
post_layernorm,44,0,8,37690
gate_proj,44,0,8,80906
up_proj,44,0,8,76600
act_fn,44,0,8,7583
down_proj,44,0,8,78069
final_layernorm,44,0,8,38543
lm_head,44,0,8,180070
embedding,45,0,8,8850
input_layernorm,45,0,8,37828
q_proj,45,0,8,35550
k_proj,45,0,8,8251
v_proj,45,0,8,7903
rope,45,0,8,55267
attn,45,0,8,9295
o_proj,45,0,8,29344
post_layernorm,45,0,8,37352
gate_proj,45,0,8,80724
up_proj,45,0,8,76785
act_fn,45,0,8,7545
down_proj,45,0,8,78236
final_layernorm,45,0,8,38197
lm_head,45,0,8,179802
embedding,46,0,8,9122
input_layernorm,46,0,8,37843
q_proj,46,0,8,35530
k_proj,46,0,8,8280
v_proj,46,0,8,7951
rope,46,0,8,55902
attn,46,0,8,9385
o_proj,46,0,8,29432
post_layernorm,46,0,8,37540
gate_proj,46,0,8,80944
up_proj,46,0,8,76427
act_fn,46,0,8,7585
down_proj,46,0,8,77829
final_layernorm,46,0,8,38210
lm_head,46,0,8,180031
embedding,47,0,8,9007
input_layernorm,47,0,8,37972
q_proj,47,0,8,35730
k_proj,47,0,8,8247
v_proj,47,0,8,7905
rope,47,0,8,55675
attn,47,0,8,9294
o_proj,47,0,8,29342
post_layernorm,47,0,8,38005
gate_proj,47,0,8,81465
up_proj,47,0,8,76559
act_fn,47,0,8,7548
down_proj,47,0,8,78095
final_layernorm,47,0,8,38452
lm_head,47,0,8,180363
embedding,48,0,8,9017
input_layernorm,48,0,8,37553
q_proj,48,0,8,35704
k_proj,48,0,8,8287
v_proj,48,0,8,7944
rope,48,0,8,55713
attn,48,0,8,9357
o_proj,48,0,8,29400
post_layernorm,48,0,8,37515
gate_proj,48,0,8,81308
up_proj,48,0,8,76644
act_fn,48,0,8,7580
down_proj,48,0,8,78310
final_layernorm,48,0,8,37885
lm_head,48,0,8,180485
embedding,49,0,8,9328
input_layernorm,49,0,8,37630
q_proj,49,0,8,35896
k_proj,49,0,8,8180
v_proj,49,0,8,7935
rope,49,0,8,55085
attn,49,0,8,9383
o_proj,49,0,8,29418
post_layernorm,49,0,8,38018
gate_proj,49,0,8,81397
up_proj,49,0,8,76626
act_fn,49,0,8,7560
down_proj,49,0,8,78490
final_layernorm,49,0,8,38820
lm_head,49,0,8,180604
embedding,50,0,8,9492
input_layernorm,50,0,8,37730
q_proj,50,0,8,36108
k_proj,50,0,8,8241
v_proj,50,0,8,7900
rope,50,0,8,55927
attn,50,0,8,9304
o_proj,50,0,8,29372
post_layernorm,50,0,8,38085
gate_proj,50,0,8,81287
up_proj,50,0,8,76538
act_fn,50,0,8,7567
down_proj,50,0,8,78280
final_layernorm,50,0,8,38920
lm_head,50,0,8,180863
embedding,51,0,8,9485
input_layernorm,51,0,8,37862
q_proj,51,0,8,35932
k_proj,51,0,8,8198
v_proj,51,0,8,7916
rope,51,0,8,56365
attn,51,0,8,9323
o_proj,51,0,8,29470
post_layernorm,51,0,8,38290
gate_proj,51,0,8,81449
up_proj,51,0,8,76810
act_fn,51,0,8,7590
down_proj,51,0,8,78433
final_layernorm,51,0,8,39157
lm_head,51,0,8,181468
embedding,52,0,8,9480
input_layernorm,52,0,8,37997
q_proj,52,0,8,35980
k_proj,52,0,8,8201
v_proj,52,0,8,7914
rope,52,0,8,55962
attn,52,0,8,9339
o_proj,52,0,8,29274
post_layernorm,52,0,8,38325
gate_proj,52,0,8,81662
up_proj,52,0,8,76557
act_fn,52,0,8,7645
down_proj,52,0,8,78264
final_layernorm,52,0,8,39120
lm_head,52,0,8,181435
embedding,53,0,8,9607
input_layernorm,53,0,8,37992
q_proj,53,0,8,36204
k_proj,53,0,8,8224
v_proj,53,0,8,7953
rope,53,0,8,56010
attn,53,0,8,9379
o_proj,53,0,8,29654
post_layernorm,53,0,8,38425
gate_proj,53,0,8,81462
up_proj,53,0,8,76657
act_fn,53,0,8,7708
down_proj,53,0,8,78167
final_layernorm,53,0,8,39137
lm_head,53,0,8,181316
embedding,54,0,8,9697
input_layernorm,54,0,8,38203
q_proj,54,0,8,36028
k_proj,54,0,8,8202
v_proj,54,0,8,7953
rope,54,0,8,56132
attn,54,0,8,9337
o_proj,54,0,8,29440
post_layernorm,54,0,8,38547
gate_proj,54,0,8,81768
up_proj,54,0,8,76906
act_fn,54,0,8,7708
down_proj,54,0,8,78763
final_layernorm,54,0,8,39395
lm_head,54,0,8,180807
embedding,55,0,8,9623
input_layernorm,55,0,8,38258
q_proj,55,0,8,35996
k_proj,55,0,8,8255
v_proj,55,0,8,7915
rope,55,0,8,56433
attn,55,0,8,9326
o_proj,55,0,8,29562
post_layernorm,55,0,8,39250
gate_proj,55,0,8,81317
up_proj,55,0,8,76559
act_fn,55,0,8,7775
down_proj,55,0,8,78394
final_layernorm,55,0,8,39477
lm_head,55,0,8,181431
embedding,56,0,8,9800
input_layernorm,56,0,8,38407
q_proj,56,0,8,36104
k_proj,56,0,8,8227
v_proj,56,0,8,7935
rope,56,0,8,56185
attn,56,0,8,9385
o_proj,56,0,8,29370
post_layernorm,56,0,8,38622
gate_proj,56,0,8,81737
up_proj,56,0,8,76938
act_fn,56,0,8,7783
down_proj,56,0,8,78351
final_layernorm,56,0,8,38823
lm_head,56,0,8,181352
embedding,57,0,8,10000
input_layernorm,57,0,8,38385
q_proj,57,0,8,36278
k_proj,57,0,8,8199
v_proj,57,0,8,7957
rope,57,0,8,56507
attn,57,0,8,9362
o_proj,57,0,8,29738
post_layernorm,57,0,8,38878
gate_proj,57,0,8,81909
up_proj,57,0,8,78435
act_fn,57,0,8,7713
down_proj,57,0,8,78353
final_layernorm,57,0,8,39325
lm_head,57,0,8,182540
embedding,58,0,8,9997
input_layernorm,58,0,8,38482
q_proj,58,0,8,36270
k_proj,58,0,8,8252
v_proj,58,0,8,7927
rope,58,0,8,56307
attn,58,0,8,9341
o_proj,58,0,8,29500
post_layernorm,58,0,8,38748
gate_proj,58,0,8,82474
up_proj,58,0,8,78563
act_fn,58,0,8,7803
down_proj,58,0,8,78210
final_layernorm,58,0,8,39427
lm_head,58,0,8,182670
embedding,59,0,8,10040
input_layernorm,59,0,8,38488
q_proj,59,0,8,36330
k_proj,59,0,8,8198
v_proj,59,0,8,7941
rope,59,0,8,56628
attn,59,0,8,9335
o_proj,59,0,8,29596
post_layernorm,59,0,8,39218
gate_proj,59,0,8,81904
up_proj,59,0,8,78886
act_fn,59,0,8,7738
down_proj,59,0,8,78474
final_layernorm,59,0,8,39410
lm_head,59,0,8,182308
embedding,60,0,8,10135
input_layernorm,60,0,8,39245
q_proj,60,0,8,36486
k_proj,60,0,8,8249
v_proj,60,0,8,7950
rope,60,0,8,56565
attn,60,0,8,9351
o_proj,60,0,8,29630
post_layernorm,60,0,8,38872
gate_proj,60,0,8,82435
up_proj,60,0,8,79688
act_fn,60,0,8,7818
down_proj,60,0,8,78695
final_layernorm,60,0,8,39705
lm_head,60,0,8,182655
embedding,61,0,8,10367
input_layernorm,61,0,8,39267
q_proj,61,0,8,36468
k_proj,61,0,8,8275
v_proj,61,0,8,7961
rope,61,0,8,56700
attn,61,0,8,9389
o_proj,61,0,8,29814
post_layernorm,61,0,8,38865
gate_proj,61,0,8,83597
up_proj,61,0,8,79107
act_fn,61,0,8,7793
down_proj,61,0,8,78661
final_layernorm,61,0,8,39717
lm_head,61,0,8,182831
embedding,62,0,8,10238
input_layernorm,62,0,8,39785
q_proj,62,0,8,36678
k_proj,62,0,8,8270
v_proj,62,0,8,7965
rope,62,0,8,56583
attn,62,0,8,9341
o_proj,62,0,8,29800
post_layernorm,62,0,8,39868
gate_proj,62,0,8,82797
up_proj,62,0,8,78769
act_fn,62,0,8,7930
down_proj,62,0,8,78266
final_layernorm,62,0,8,40190
lm_head,62,0,8,183287
embedding,63,0,8,10283
input_layernorm,63,0,8,39385
q_proj,63,0,8,36630
k_proj,63,0,8,8257
v_proj,63,0,8,7966
rope,63,0,8,56917
attn,63,0,8,9369
o_proj,63,0,8,30002
post_layernorm,63,0,8,39945
gate_proj,63,0,8,83180
up_proj,63,0,8,78234
act_fn,63,0,8,7952
down_proj,63,0,8,78290
final_layernorm,63,0,8,40370
lm_head,63,0,8,182127
embedding,64,0,8,10365
input_layernorm,64,0,8,39140
q_proj,64,0,8,36628
k_proj,64,0,8,8217
v_proj,64,0,8,8050
rope,64,0,8,57213
attn,64,0,8,9395
o_proj,64,0,8,29946
post_layernorm,64,0,8,39320
gate_proj,64,0,8,82635
up_proj,64,0,8,78646
act_fn,64,0,8,7825
down_proj,64,0,8,78457
final_layernorm,64,0,8,39568
lm_head,64,0,8,182235
embedding,65,0,8,10520
input_layernorm,65,0,8,39633
q_proj,65,0,8,37016
k_proj,65,0,8,8471
v_proj,65,0,8,8120
rope,65,0,8,55753
attn,65,0,8,12182
o_proj,65,0,8,30136
post_layernorm,65,0,8,39917
gate_proj,65,0,8,81985
up_proj,65,0,8,77196
act_fn,65,0,8,7948
down_proj,65,0,8,78899
final_layernorm,65,0,8,40213
lm_head,65,0,8,187299
embedding,66,0,8,10622
input_layernorm,66,0,8,39667
q_proj,66,0,8,37248
k_proj,66,0,8,8485
v_proj,66,0,8,8147
rope,66,0,8,56007
attn,66,0,8,12199
o_proj,66,0,8,29888
post_layernorm,66,0,8,40077
gate_proj,66,0,8,82355
up_proj,66,0,8,76800
act_fn,66,0,8,7892
down_proj,66,0,8,78992
final_layernorm,66,0,8,40365
lm_head,66,0,8,185627
embedding,67,0,8,10815
input_layernorm,67,0,8,39613
q_proj,67,0,8,37526
k_proj,67,0,8,8462
v_proj,67,0,8,8189
rope,67,0,8,56045
attn,67,0,8,12216
o_proj,67,0,8,30118
post_layernorm,67,0,8,40263
gate_proj,67,0,8,82232
up_proj,67,0,8,76748
act_fn,67,0,8,7965
down_proj,67,0,8,78997
final_layernorm,67,0,8,40593
lm_head,67,0,8,183903
embedding,68,0,8,10712
input_layernorm,68,0,8,39885
q_proj,68,0,8,37222
k_proj,68,0,8,8492
v_proj,68,0,8,8174
rope,68,0,8,56143
attn,68,0,8,12163
o_proj,68,0,8,30124
post_layernorm,68,0,8,40143
gate_proj,68,0,8,82461
up_proj,68,0,8,76986
act_fn,68,0,8,7983
down_proj,68,0,8,78865
final_layernorm,68,0,8,40478
lm_head,68,0,8,184318
embedding,69,0,8,10892
input_layernorm,69,0,8,39800
q_proj,69,0,8,37384
k_proj,69,0,8,8467
v_proj,69,0,8,8171
rope,69,0,8,56700
attn,69,0,8,12191
o_proj,69,0,8,30112
post_layernorm,69,0,8,40325
gate_proj,69,0,8,82643
up_proj,69,0,8,77038
act_fn,69,0,8,7985
down_proj,69,0,8,78988
final_layernorm,69,0,8,40805
lm_head,69,0,8,184948
embedding,70,0,8,10995
input_layernorm,70,0,8,39913
q_proj,70,0,8,37242
k_proj,70,0,8,8440
v_proj,70,0,8,8134
rope,70,0,8,56092
attn,70,0,8,12244
o_proj,70,0,8,30286
post_layernorm,70,0,8,39953
gate_proj,70,0,8,82660
up_proj,70,0,8,76947
act_fn,70,0,8,8037
down_proj,70,0,8,78780
final_layernorm,70,0,8,40525
lm_head,70,0,8,184679
embedding,71,0,8,11195
input_layernorm,71,0,8,39990
q_proj,71,0,8,37610
k_proj,71,0,8,8455
v_proj,71,0,8,8154
rope,71,0,8,57555
attn,71,0,8,12166
o_proj,71,0,8,30374
post_layernorm,71,0,8,40328
gate_proj,71,0,8,82357
up_proj,71,0,8,77369
act_fn,71,0,8,8057
down_proj,71,0,8,79352
final_layernorm,71,0,8,40707
lm_head,71,0,8,185248
embedding,72,0,8,11112
input_layernorm,72,0,8,39770
q_proj,72,0,8,37346
k_proj,72,0,8,8411
v_proj,72,0,8,8130
rope,72,0,8,57117
attn,72,0,8,12177
o_proj,72,0,8,30284
post_layernorm,72,0,8,39985
gate_proj,72,0,8,82814
up_proj,72,0,8,77311
act_fn,72,0,8,8063
down_proj,72,0,8,78995
final_layernorm,72,0,8,40238
lm_head,72,0,8,185802
embedding,73,0,8,11310
input_layernorm,73,0,8,40035
q_proj,73,0,8,37772
k_proj,73,0,8,8788
v_proj,73,0,8,8185
rope,73,0,8,56505
attn,73,0,8,12218
o_proj,73,0,8,29682
post_layernorm,73,0,8,40518
gate_proj,73,0,8,82468
up_proj,73,0,8,77083
act_fn,73,0,8,8073
down_proj,73,0,8,78956
final_layernorm,73,0,8,40947
lm_head,73,0,8,186324
embedding,74,0,8,11302
input_layernorm,74,0,8,40205
q_proj,74,0,8,38226
k_proj,74,0,8,8807
v_proj,74,0,8,8122
rope,74,0,8,56585
attn,74,0,8,12206
o_proj,74,0,8,29786
post_layernorm,74,0,8,40622
gate_proj,74,0,8,82658
up_proj,74,0,8,76973
act_fn,74,0,8,8045
down_proj,74,0,8,78986
final_layernorm,74,0,8,40997
lm_head,74,0,8,187168
embedding,75,0,8,11437
input_layernorm,75,0,8,40263
q_proj,75,0,8,38240
k_proj,75,0,8,8811
v_proj,75,0,8,8218
rope,75,0,8,56702
attn,75,0,8,12278
o_proj,75,0,8,29680
post_layernorm,75,0,8,40813
gate_proj,75,0,8,82652
up_proj,75,0,8,77122
act_fn,75,0,8,8048
down_proj,75,0,8,79016
final_layernorm,75,0,8,41298
lm_head,75,0,8,185015
embedding,76,0,8,11313
input_layernorm,76,0,8,40385
q_proj,76,0,8,38396
k_proj,76,0,8,8846
v_proj,76,0,8,8152
rope,76,0,8,56805
attn,76,0,8,12197
o_proj,76,0,8,29872
post_layernorm,76,0,8,40650
gate_proj,76,0,8,82914
up_proj,76,0,8,76975
act_fn,76,0,8,8122
down_proj,76,0,8,79094
final_layernorm,76,0,8,41012
lm_head,76,0,8,186110
embedding,77,0,8,11613
input_layernorm,77,0,8,40505
q_proj,77,0,8,38462
k_proj,77,0,8,8876
v_proj,77,0,8,8142
rope,77,0,8,56547
attn,77,0,8,12276
o_proj,77,0,8,29836
post_layernorm,77,0,8,40683
gate_proj,77,0,8,82838
up_proj,77,0,8,76945
act_fn,77,0,8,8442
down_proj,77,0,8,79265
final_layernorm,77,0,8,41168
lm_head,77,0,8,186599
embedding,78,0,8,11648
input_layernorm,78,0,8,40903
q_proj,78,0,8,38440
k_proj,78,0,8,8884
v_proj,78,0,8,8244
rope,78,0,8,57090
attn,78,0,8,12261
o_proj,78,0,8,29932
post_layernorm,78,0,8,41097
gate_proj,78,0,8,82992
up_proj,78,0,8,76956
act_fn,78,0,8,8225
down_proj,78,0,8,79242
final_layernorm,78,0,8,41790
lm_head,78,0,8,186843
embedding,79,0,8,11920
input_layernorm,79,0,8,40838
q_proj,79,0,8,38422
k_proj,79,0,8,8850
v_proj,79,0,8,8222
rope,79,0,8,56822
attn,79,0,8,12203
o_proj,79,0,8,30072
post_layernorm,79,0,8,41375
gate_proj,79,0,8,82951
up_proj,79,0,8,76979
act_fn,79,0,8,8258
down_proj,79,0,8,79274
final_layernorm,79,0,8,41843
lm_head,79,0,8,187523
embedding,80,0,8,11857
input_layernorm,80,0,8,40683
q_proj,80,0,8,38420
k_proj,80,0,8,8667
v_proj,80,0,8,8221
rope,80,0,8,57338
attn,80,0,8,12242
o_proj,80,0,8,31000
post_layernorm,80,0,8,40603
gate_proj,80,0,8,83072
up_proj,80,0,8,77415
act_fn,80,0,8,8333
down_proj,80,0,8,79339
final_layernorm,80,0,8,41127
lm_head,80,0,8,186798
embedding,81,0,8,12145
input_layernorm,81,0,8,40960
q_proj,81,0,8,38578
k_proj,81,0,8,8460
v_proj,81,0,8,8138
rope,81,0,8,57982
attn,81,0,8,12312
o_proj,81,0,8,30970
post_layernorm,81,0,8,41325
gate_proj,81,0,8,83115
up_proj,81,0,8,77255
act_fn,81,0,8,8355
down_proj,81,0,8,79475
final_layernorm,81,0,8,41968
lm_head,81,0,8,185240
embedding,82,0,8,12087
input_layernorm,82,0,8,41303
q_proj,82,0,8,38696
k_proj,82,0,8,8437
v_proj,82,0,8,8152
rope,82,0,8,58287
attn,82,0,8,12326
o_proj,82,0,8,30918
post_layernorm,82,0,8,41535
gate_proj,82,0,8,83341
up_proj,82,0,8,77040
act_fn,82,0,8,8402
down_proj,82,0,8,79319
final_layernorm,82,0,8,42145
lm_head,82,0,8,185212
embedding,83,0,8,12122
input_layernorm,83,0,8,41237
q_proj,83,0,8,38852
k_proj,83,0,8,8450
v_proj,83,0,8,8137
rope,83,0,8,58183
attn,83,0,8,12332
o_proj,83,0,8,31014
post_layernorm,83,0,8,41685
gate_proj,83,0,8,83219
up_proj,83,0,8,77675
act_fn,83,0,8,8310
down_proj,83,0,8,79985
final_layernorm,83,0,8,42090
lm_head,83,0,8,185634
embedding,84,0,8,12255
input_layernorm,84,0,8,41352
q_proj,84,0,8,38828
k_proj,84,0,8,8447
v_proj,84,0,8,8140
rope,84,0,8,58303
attn,84,0,8,12326
o_proj,84,0,8,31120
post_layernorm,84,0,8,41873
gate_proj,84,0,8,83228
up_proj,84,0,8,77471
act_fn,84,0,8,8340
down_proj,84,0,8,79482
final_layernorm,84,0,8,42455
lm_head,84,0,8,184068
embedding,85,0,8,12285
input_layernorm,85,0,8,41387
q_proj,85,0,8,38758
k_proj,85,0,8,8461
v_proj,85,0,8,8163
rope,85,0,8,57900
attn,85,0,8,12302
o_proj,85,0,8,30940
post_layernorm,85,0,8,41735
gate_proj,85,0,8,83555
up_proj,85,0,8,77354
act_fn,85,0,8,8445
down_proj,85,0,8,79863
final_layernorm,85,0,8,42365
lm_head,85,0,8,184611
embedding,86,0,8,12272
input_layernorm,86,0,8,41392
q_proj,86,0,8,38890
k_proj,86,0,8,8465
v_proj,86,0,8,8132
rope,86,0,8,57893
attn,86,0,8,12275
o_proj,86,0,8,30786
post_layernorm,86,0,8,41923
gate_proj,86,0,8,84743
up_proj,86,0,8,77473
act_fn,86,0,8,8467
down_proj,86,0,8,79458
final_layernorm,86,0,8,42483
lm_head,86,0,8,184768
embedding,87,0,8,12285
input_layernorm,87,0,8,41500
q_proj,87,0,8,38918
k_proj,87,0,8,8443
v_proj,87,0,8,8113
rope,87,0,8,57568
attn,87,0,8,12238
o_proj,87,0,8,30904
post_layernorm,87,0,8,42065
gate_proj,87,0,8,84715
up_proj,87,0,8,77478
act_fn,87,0,8,8337
down_proj,87,0,8,79677
final_layernorm,87,0,8,42505
lm_head,87,0,8,184211
embedding,88,0,8,12335
input_layernorm,88,0,8,41200
q_proj,88,0,8,38918
k_proj,88,0,8,8450
v_proj,88,0,8,8127
rope,88,0,8,57843
attn,88,0,8,12216
o_proj,88,0,8,30734
post_layernorm,88,0,8,41265
gate_proj,88,0,8,84680
up_proj,88,0,8,77387
act_fn,88,0,8,8368
down_proj,88,0,8,79996
final_layernorm,88,0,8,41713
lm_head,88,0,8,184041
embedding,89,0,8,12412
input_layernorm,89,0,8,41457
q_proj,89,0,8,38810
k_proj,89,0,8,8646
v_proj,89,0,8,8166
rope,89,0,8,57807
attn,89,0,8,12217
o_proj,89,0,8,30588
post_layernorm,89,0,8,42097
gate_proj,89,0,8,84920
up_proj,89,0,8,77655
act_fn,89,0,8,8403
down_proj,89,0,8,80110
final_layernorm,89,0,8,42335
lm_head,89,0,8,184211
embedding,90,0,8,12548
input_layernorm,90,0,8,41562
q_proj,90,0,8,39014
k_proj,90,0,8,8588
v_proj,90,0,8,8148
rope,90,0,8,58108
attn,90,0,8,12202
o_proj,90,0,8,30552
post_layernorm,90,0,8,42120
gate_proj,90,0,8,85443
up_proj,90,0,8,77370
act_fn,90,0,8,8433
down_proj,90,0,8,79943
final_layernorm,90,0,8,42470
lm_head,90,0,8,184470
embedding,91,0,8,12648
input_layernorm,91,0,8,41743
q_proj,91,0,8,38832
k_proj,91,0,8,8647
v_proj,91,0,8,8146
rope,91,0,8,57925
attn,91,0,8,12314
o_proj,91,0,8,30706
post_layernorm,91,0,8,42193
gate_proj,91,0,8,85319
up_proj,91,0,8,77448
act_fn,91,0,8,8488
down_proj,91,0,8,80258
final_layernorm,91,0,8,42542
lm_head,91,0,8,183578
embedding,92,0,8,12792
input_layernorm,92,0,8,41847
q_proj,92,0,8,38916
k_proj,92,0,8,8590
v_proj,92,0,8,8141
rope,92,0,8,58202
attn,92,0,8,12242
o_proj,92,0,8,30498
post_layernorm,92,0,8,42187
gate_proj,92,0,8,85265
up_proj,92,0,8,77530
act_fn,92,0,8,8508
down_proj,92,0,8,80208
final_layernorm,92,0,8,42592
lm_head,92,0,8,185021
embedding,93,0,8,12723
input_layernorm,93,0,8,41950
q_proj,93,0,8,38894
k_proj,93,0,8,8630
v_proj,93,0,8,8195
rope,93,0,8,58068
attn,93,0,8,12319
o_proj,93,0,8,30804
post_layernorm,93,0,8,42925
gate_proj,93,0,8,85354
up_proj,93,0,8,77699
act_fn,93,0,8,8545
down_proj,93,0,8,80557
final_layernorm,93,0,8,43222
lm_head,93,0,8,184420
embedding,94,0,8,12928
input_layernorm,94,0,8,42008
q_proj,94,0,8,38872
k_proj,94,0,8,8605
v_proj,94,0,8,8181
rope,94,0,8,57990
attn,94,0,8,12282
o_proj,94,0,8,30498
post_layernorm,94,0,8,42440
gate_proj,94,0,8,85655
up_proj,94,0,8,77610
act_fn,94,0,8,8480
down_proj,94,0,8,80269
final_layernorm,94,0,8,42743
lm_head,94,0,8,184194
embedding,95,0,8,13107
input_layernorm,95,0,8,42225
q_proj,95,0,8,39014
k_proj,95,0,8,8615
v_proj,95,0,8,8172
rope,95,0,8,57922
attn,95,0,8,12270
o_proj,95,0,8,30796
post_layernorm,95,0,8,43197
gate_proj,95,0,8,85258
up_proj,95,0,8,77740
act_fn,95,0,8,8660
down_proj,95,0,8,80396
final_layernorm,95,0,8,43340
lm_head,95,0,8,184911
embedding,96,0,8,13183
input_layernorm,96,0,8,42108
q_proj,96,0,8,39604
k_proj,96,0,8,8573
v_proj,96,0,8,8155
rope,96,0,8,58208
attn,96,0,8,12243
o_proj,96,0,8,31200
post_layernorm,96,0,8,42158
gate_proj,96,0,8,85978
up_proj,96,0,8,77643
act_fn,96,0,8,8777
down_proj,96,0,8,80303
final_layernorm,96,0,8,42418
lm_head,96,0,8,184393
embedding,97,0,8,13243
input_layernorm,97,0,8,42385
q_proj,97,0,8,39268
k_proj,97,0,8,8478
v_proj,97,0,8,8039
rope,97,0,8,58145
attn,97,0,8,12307
o_proj,97,0,8,30916
post_layernorm,97,0,8,42812
gate_proj,97,0,8,84884
up_proj,97,0,8,77679
act_fn,97,0,8,8775
down_proj,97,0,8,80502
final_layernorm,97,0,8,43213
lm_head,97,0,8,186951
embedding,98,0,8,13447
input_layernorm,98,0,8,42542
q_proj,98,0,8,39118
k_proj,98,0,8,8495
v_proj,98,0,8,7998
rope,98,0,8,58260
attn,98,0,8,12295
o_proj,98,0,8,30764
post_layernorm,98,0,8,42925
gate_proj,98,0,8,85176
up_proj,98,0,8,78186
act_fn,98,0,8,8733
down_proj,98,0,8,81259
final_layernorm,98,0,8,43143
lm_head,98,0,8,186096
embedding,99,0,8,13460
input_layernorm,99,0,8,42518
q_proj,99,0,8,39470
k_proj,99,0,8,8495
v_proj,99,0,8,8072
rope,99,0,8,58173
attn,99,0,8,12341
o_proj,99,0,8,30942
post_layernorm,99,0,8,43068
gate_proj,99,0,8,85254
up_proj,99,0,8,77907
act_fn,99,0,8,8742
down_proj,99,0,8,80693
final_layernorm,99,0,8,43357
lm_head,99,0,8,186731
embedding,100,0,8,13613
input_layernorm,100,0,8,42810
q_proj,100,0,8,39428
k_proj,100,0,8,8584
v_proj,100,0,8,8074
rope,100,0,8,58523
attn,100,0,8,12372
o_proj,100,0,8,30808
post_layernorm,100,0,8,43482
gate_proj,100,0,8,85250
up_proj,100,0,8,77744
act_fn,100,0,8,8817
down_proj,100,0,8,80723
final_layernorm,100,0,8,43872
lm_head,100,0,8,186216
embedding,101,0,8,13622
input_layernorm,101,0,8,42818
q_proj,101,0,8,39326
k_proj,101,0,8,8528
v_proj,101,0,8,8098
rope,101,0,8,58448
attn,101,0,8,12356
o_proj,101,0,8,31210
post_layernorm,101,0,8,43477
gate_proj,101,0,8,85191
up_proj,101,0,8,78240
act_fn,101,0,8,8845
down_proj,101,0,8,81009
final_layernorm,101,0,8,43890
lm_head,101,0,8,186995
embedding,102,0,8,13570
input_layernorm,102,0,8,43035
q_proj,102,0,8,39368
k_proj,102,0,8,8495
v_proj,102,0,8,8098
rope,102,0,8,58617
attn,102,0,8,12370
o_proj,102,0,8,30986
post_layernorm,102,0,8,43675
gate_proj,102,0,8,85326
up_proj,102,0,8,78178
act_fn,102,0,8,8902
down_proj,102,0,8,81033
final_layernorm,102,0,8,43990
lm_head,102,0,8,187285
embedding,103,0,8,13605
input_layernorm,103,0,8,43093
q_proj,103,0,8,39488
k_proj,103,0,8,8487
v_proj,103,0,8,8084
rope,103,0,8,58372
attn,103,0,8,12363
o_proj,103,0,8,30966
post_layernorm,103,0,8,43673
gate_proj,103,0,8,85653
up_proj,103,0,8,78080
act_fn,103,0,8,8995
down_proj,103,0,8,80971
final_layernorm,103,0,8,43978
lm_head,103,0,8,187357
embedding,104,0,8,13775
input_layernorm,104,0,8,42968
q_proj,104,0,8,39400
k_proj,104,0,8,9641
v_proj,104,0,8,9313
rope,104,0,8,58375
attn,104,0,8,12320
o_proj,104,0,8,30980
post_layernorm,104,0,8,43255
gate_proj,104,0,8,85653
up_proj,104,0,8,78431
act_fn,104,0,8,8878
down_proj,104,0,8,81150
final_layernorm,104,0,8,43538
lm_head,104,0,8,187175
embedding,105,0,8,13797
input_layernorm,105,0,8,43180
q_proj,105,0,8,39578
k_proj,105,0,8,8955
v_proj,105,0,8,8393
rope,105,0,8,57875
attn,105,0,8,12301
o_proj,105,0,8,31068
post_layernorm,105,0,8,43508
gate_proj,105,0,8,85122
up_proj,105,0,8,77658
act_fn,105,0,8,8977
down_proj,105,0,8,80726
final_layernorm,105,0,8,43918
lm_head,105,0,8,187791
embedding,106,0,8,13843
input_layernorm,106,0,8,43197
q_proj,106,0,8,39380
k_proj,106,0,8,8925
v_proj,106,0,8,8409
rope,106,0,8,58200
attn,106,0,8,12292
o_proj,106,0,8,30722
post_layernorm,106,0,8,43842
gate_proj,106,0,8,85564
up_proj,106,0,8,77629
act_fn,106,0,8,8968
down_proj,106,0,8,80858
final_layernorm,106,0,8,44298
lm_head,106,0,8,187782
embedding,107,0,8,13770
input_layernorm,107,0,8,43352
q_proj,107,0,8,39518
k_proj,107,0,8,8870
v_proj,107,0,8,8414
rope,107,0,8,57935
attn,107,0,8,12304
o_proj,107,0,8,31036
post_layernorm,107,0,8,43627
gate_proj,107,0,8,85490
up_proj,107,0,8,77848
act_fn,107,0,8,8893
down_proj,107,0,8,81105
final_layernorm,107,0,8,44165
lm_head,107,0,8,188605
embedding,108,0,8,14010
input_layernorm,108,0,8,43563
q_proj,108,0,8,39656
k_proj,108,0,8,8913
v_proj,108,0,8,8427
rope,108,0,8,58498
attn,108,0,8,12356
o_proj,108,0,8,30802
post_layernorm,108,0,8,44007
gate_proj,108,0,8,85436
up_proj,108,0,8,77868
act_fn,108,0,8,9025
down_proj,108,0,8,80776
final_layernorm,108,0,8,44535
lm_head,108,0,8,186915
embedding,109,0,8,14193
input_layernorm,109,0,8,43587
q_proj,109,0,8,39636
k_proj,109,0,8,8960
v_proj,109,0,8,8436
rope,109,0,8,58455
attn,109,0,8,12377
o_proj,109,0,8,30940
post_layernorm,109,0,8,44222
gate_proj,109,0,8,85432
up_proj,109,0,8,77981
act_fn,109,0,8,8997
down_proj,109,0,8,81209
final_layernorm,109,0,8,44773
lm_head,109,0,8,188423
embedding,110,0,8,14627
input_layernorm,110,0,8,43577
q_proj,110,0,8,41014
k_proj,110,0,8,9255
v_proj,110,0,8,8472
rope,110,0,8,58300
attn,110,0,8,12309
o_proj,110,0,8,31300
post_layernorm,110,0,8,44218
gate_proj,110,0,8,84628
up_proj,110,0,8,77907
act_fn,110,0,8,9032
down_proj,110,0,8,81107
final_layernorm,110,0,8,44665
lm_head,110,0,8,188488
embedding,111,0,8,14537
input_layernorm,111,0,8,43863
q_proj,111,0,8,40768
k_proj,111,0,8,9250
v_proj,111,0,8,8487
rope,111,0,8,58290
attn,111,0,8,12309
o_proj,111,0,8,31222
post_layernorm,111,0,8,44307
gate_proj,111,0,8,84606
up_proj,111,0,8,78225
act_fn,111,0,8,8980
down_proj,111,0,8,81153
final_layernorm,111,0,8,44772
lm_head,111,0,8,189307
embedding,112,0,8,14557
input_layernorm,112,0,8,43708
q_proj,112,0,8,42228
k_proj,112,0,8,9772
v_proj,112,0,8,9291
rope,112,0,8,58410
attn,112,0,8,12328
o_proj,112,0,8,31928
post_layernorm,112,0,8,43788
gate_proj,112,0,8,84478
up_proj,112,0,8,78202
act_fn,112,0,8,8998
down_proj,112,0,8,81395
final_layernorm,112,0,8,44198
lm_head,112,0,8,188962
embedding,113,0,8,14835
input_layernorm,113,0,8,44005
q_proj,113,0,8,41054
k_proj,113,0,8,9207
v_proj,113,0,8,8473
rope,113,0,8,58237
attn,113,0,8,12393
o_proj,113,0,8,31302
post_layernorm,113,0,8,44128
gate_proj,113,0,8,84951
up_proj,113,0,8,78410
act_fn,113,0,8,9060
down_proj,113,0,8,81490
final_layernorm,113,0,8,44658
lm_head,113,0,8,189372
embedding,114,0,8,14740
input_layernorm,114,0,8,44117
q_proj,114,0,8,41074
k_proj,114,0,8,9229
v_proj,114,0,8,8487
rope,114,0,8,58415
attn,114,0,8,12392
o_proj,114,0,8,31474
post_layernorm,114,0,8,44422
gate_proj,114,0,8,84899
up_proj,114,0,8,78288
act_fn,114,0,8,9165
down_proj,114,0,8,81852
final_layernorm,114,0,8,45007
lm_head,114,0,8,188789
embedding,115,0,8,14873
input_layernorm,115,0,8,44238
q_proj,115,0,8,40964
k_proj,115,0,8,9330
v_proj,115,0,8,8404
rope,115,0,8,58228
attn,115,0,8,12355
o_proj,115,0,8,31324
post_layernorm,115,0,8,44487
gate_proj,115,0,8,84801
up_proj,115,0,8,78414
act_fn,115,0,8,9310
down_proj,115,0,8,81727
final_layernorm,115,0,8,44882
lm_head,115,0,8,188828
embedding,116,0,8,14833
input_layernorm,116,0,8,44397
q_proj,116,0,8,41170
k_proj,116,0,8,9235
v_proj,116,0,8,8470
rope,116,0,8,58738
attn,116,0,8,12358
o_proj,116,0,8,31262
post_layernorm,116,0,8,44522
gate_proj,116,0,8,85020
up_proj,116,0,8,78154
act_fn,116,0,8,9237
down_proj,116,0,8,81644
final_layernorm,116,0,8,44990
lm_head,116,0,8,190985
embedding,117,0,8,14747
input_layernorm,117,0,8,44575
q_proj,117,0,8,41238
k_proj,117,0,8,9233
v_proj,117,0,8,8457
rope,117,0,8,58160
attn,117,0,8,12428
o_proj,117,0,8,31346
post_layernorm,117,0,8,44852
gate_proj,117,0,8,84662
up_proj,117,0,8,78308
act_fn,117,0,8,10127
down_proj,117,0,8,81839
final_layernorm,117,0,8,45382
lm_head,117,0,8,189220
embedding,118,0,8,14888
input_layernorm,118,0,8,44537
q_proj,118,0,8,41228
k_proj,118,0,8,9301
v_proj,118,0,8,8432
rope,118,0,8,58517
attn,118,0,8,12416
o_proj,118,0,8,31338
post_layernorm,118,0,8,44782
gate_proj,118,0,8,85026
up_proj,118,0,8,78167
act_fn,118,0,8,9390
down_proj,118,0,8,81783
final_layernorm,118,0,8,45028
lm_head,118,0,8,189815
embedding,119,0,8,14928
input_layernorm,119,0,8,44557
q_proj,119,0,8,41374
k_proj,119,0,8,9339
v_proj,119,0,8,8481
rope,119,0,8,58367
attn,119,0,8,12388
o_proj,119,0,8,31334
post_layernorm,119,0,8,44913
gate_proj,119,0,8,85011
up_proj,119,0,8,78173
act_fn,119,0,8,9482
down_proj,119,0,8,81714
final_layernorm,119,0,8,45455
lm_head,119,0,8,189998
embedding,120,0,8,14968
input_layernorm,120,0,8,44362
q_proj,120,0,8,41982
k_proj,120,0,8,9077
v_proj,120,0,8,8313
rope,120,0,8,58813
attn,120,0,8,12389
o_proj,120,0,8,30482
post_layernorm,120,0,8,44220
gate_proj,120,0,8,85163
up_proj,120,0,8,78780
act_fn,120,0,8,9387
down_proj,120,0,8,82336
final_layernorm,120,0,8,44922
lm_head,120,0,8,191477
embedding,121,0,8,14920
input_layernorm,121,0,8,44835
q_proj,121,0,8,41226
k_proj,121,0,8,8852
v_proj,121,0,8,8248
rope,121,0,8,59003
attn,121,0,8,12468
o_proj,121,0,8,31434
post_layernorm,121,0,8,44588
gate_proj,121,0,8,85676
up_proj,121,0,8,78758
act_fn,121,0,8,9497
down_proj,121,0,8,82440
final_layernorm,121,0,8,45498
lm_head,121,0,8,190814
embedding,122,0,8,15107
input_layernorm,122,0,8,44887
q_proj,122,0,8,41322
k_proj,122,0,8,8794
v_proj,122,0,8,8215
rope,122,0,8,58895
attn,122,0,8,12421
o_proj,122,0,8,31482
post_layernorm,122,0,8,45170
gate_proj,122,0,8,85793
up_proj,122,0,8,79283
act_fn,122,0,8,9430
down_proj,122,0,8,82505
final_layernorm,122,0,8,45660
lm_head,122,0,8,191781
embedding,123,0,8,15137
input_layernorm,123,0,8,45033
q_proj,123,0,8,41226
k_proj,123,0,8,8838
v_proj,123,0,8,8191
rope,123,0,8,58843
attn,123,0,8,12444
o_proj,123,0,8,31592
post_layernorm,123,0,8,45083
gate_proj,123,0,8,85542
up_proj,123,0,8,79280
act_fn,123,0,8,9473
down_proj,123,0,8,82652
final_layernorm,123,0,8,45595
lm_head,123,0,8,189909
embedding,124,0,8,15160
input_layernorm,124,0,8,45022
q_proj,124,0,8,41268
k_proj,124,0,8,8822
v_proj,124,0,8,8203
rope,124,0,8,59002
attn,124,0,8,12424
o_proj,124,0,8,31504
post_layernorm,124,0,8,45227
gate_proj,124,0,8,85707
up_proj,124,0,8,79049
act_fn,124,0,8,9422
down_proj,124,0,8,82814
final_layernorm,124,0,8,45647
lm_head,124,0,8,191396
embedding,125,0,8,15387
input_layernorm,125,0,8,45120
q_proj,125,0,8,41264
k_proj,125,0,8,8836
v_proj,125,0,8,8209
rope,125,0,8,58670
attn,125,0,8,12419
o_proj,125,0,8,31822
post_layernorm,125,0,8,45547
gate_proj,125,0,8,85837
up_proj,125,0,8,79008
act_fn,125,0,8,9452
down_proj,125,0,8,82517
final_layernorm,125,0,8,46218
lm_head,125,0,8,190202
embedding,126,0,8,15460
input_layernorm,126,0,8,45342
q_proj,126,0,8,41194
k_proj,126,0,8,8846
v_proj,126,0,8,8184
rope,126,0,8,58902
attn,126,0,8,12453
o_proj,126,0,8,31572
post_layernorm,126,0,8,45380
gate_proj,126,0,8,85976
up_proj,126,0,8,79036
act_fn,126,0,8,9430
down_proj,126,0,8,82895
final_layernorm,126,0,8,45768
lm_head,126,0,8,191374
embedding,127,0,8,15697
input_layernorm,127,0,8,45452
q_proj,127,0,8,41202
k_proj,127,0,8,8851
v_proj,127,0,8,8229
rope,127,0,8,58932
attn,127,0,8,12464
o_proj,127,0,8,31866
post_layernorm,127,0,8,45748
gate_proj,127,0,8,85681
up_proj,127,0,8,79463
act_fn,127,0,8,9543
down_proj,127,0,8,82875
final_layernorm,127,0,8,46252
lm_head,127,0,8,191962
embedding,128,0,8,15735
input_layernorm,128,0,8,45357
q_proj,128,0,8,41418
k_proj,128,0,8,8913
v_proj,128,0,8,8254
rope,128,0,8,59482
attn,128,0,8,10984
o_proj,128,0,8,31920
post_layernorm,128,0,8,45087
gate_proj,128,0,8,86140
up_proj,128,0,8,79514
act_fn,128,0,8,9582
down_proj,128,0,8,82699
final_layernorm,128,0,8,45725
lm_head,128,0,8,191469
embedding,129,0,8,15885
input_layernorm,129,0,8,45328
q_proj,129,0,8,42990
k_proj,129,0,8,9956
v_proj,129,0,8,9509
rope,129,0,8,58187
attn,129,0,8,9933
o_proj,129,0,8,33382
post_layernorm,129,0,8,45943
gate_proj,129,0,8,87672
up_proj,129,0,8,79614
act_fn,129,0,8,9560
down_proj,129,0,8,83802
final_layernorm,129,0,8,46662
lm_head,129,0,8,192167
embedding,130,0,8,16112
input_layernorm,130,0,8,45502
q_proj,130,0,8,43482
k_proj,130,0,8,9942
v_proj,130,0,8,9541
rope,130,0,8,58120
attn,130,0,8,10002
o_proj,130,0,8,33372
post_layernorm,130,0,8,46173
gate_proj,130,0,8,87809
up_proj,130,0,8,79515
act_fn,130,0,8,9580
down_proj,130,0,8,83258
final_layernorm,130,0,8,46650
lm_head,130,0,8,192627
embedding,131,0,8,16123
input_layernorm,131,0,8,45653
q_proj,131,0,8,43078
k_proj,131,0,8,9941
v_proj,131,0,8,9560
rope,131,0,8,58327
attn,131,0,8,9951
o_proj,131,0,8,33438
post_layernorm,131,0,8,46362
gate_proj,131,0,8,87722
up_proj,131,0,8,79647
act_fn,131,0,8,9615
down_proj,131,0,8,83328
final_layernorm,131,0,8,46868
lm_head,131,0,8,191437
embedding,132,0,8,16210
input_layernorm,132,0,8,45775
q_proj,132,0,8,42920
k_proj,132,0,8,9920
v_proj,132,0,8,9554
rope,132,0,8,58280
attn,132,0,8,9995
o_proj,132,0,8,33232
post_layernorm,132,0,8,46415
gate_proj,132,0,8,88244
up_proj,132,0,8,79411
act_fn,132,0,8,9688
down_proj,132,0,8,83206
final_layernorm,132,0,8,46958
lm_head,132,0,8,191021
embedding,133,0,8,16102
input_layernorm,133,0,8,46163
q_proj,133,0,8,43088
k_proj,133,0,8,9941
v_proj,133,0,8,9479
rope,133,0,8,58185
attn,133,0,8,9978
o_proj,133,0,8,33516
post_layernorm,133,0,8,46558
gate_proj,133,0,8,87908
up_proj,133,0,8,79432
act_fn,133,0,8,9718
down_proj,133,0,8,83196
final_layernorm,133,0,8,46862
lm_head,133,0,8,191871
embedding,134,0,8,16238
input_layernorm,134,0,8,46468
q_proj,134,0,8,43244
k_proj,134,0,8,9955
v_proj,134,0,8,9594
rope,134,0,8,58330
attn,134,0,8,10042
o_proj,134,0,8,33498
post_layernorm,134,0,8,47205
gate_proj,134,0,8,87765
up_proj,134,0,8,80058
act_fn,134,0,8,9763
down_proj,134,0,8,83152
final_layernorm,134,0,8,47832
lm_head,134,0,8,191708
embedding,135,0,8,16038
input_layernorm,135,0,8,46632
q_proj,135,0,8,43020
k_proj,135,0,8,10019
v_proj,135,0,8,9552
rope,135,0,8,58452
attn,135,0,8,10169
o_proj,135,0,8,33536
post_layernorm,135,0,8,47300
gate_proj,135,0,8,88233
up_proj,135,0,8,79749
act_fn,135,0,8,9853
down_proj,135,0,8,83284
final_layernorm,135,0,8,47798
lm_head,135,0,8,191774
embedding,136,0,8,16260
input_layernorm,136,0,8,46788
q_proj,136,0,8,43024
k_proj,136,0,8,9991
v_proj,136,0,8,9553
rope,136,0,8,58507
attn,136,0,8,10041
o_proj,136,0,8,33432
post_layernorm,136,0,8,46935
gate_proj,136,0,8,88584
up_proj,136,0,8,79501
act_fn,136,0,8,9880
down_proj,136,0,8,83189
final_layernorm,136,0,8,47317
lm_head,136,0,8,191352
embedding,137,0,8,16338
input_layernorm,137,0,8,46898
q_proj,137,0,8,42834
k_proj,137,0,8,10034
v_proj,137,0,8,9570
rope,137,0,8,59193
attn,137,0,8,10136
o_proj,137,0,8,33816
post_layernorm,137,0,8,47555
gate_proj,137,0,8,88118
up_proj,137,0,8,80236
act_fn,137,0,8,9862
down_proj,137,0,8,83267
final_layernorm,137,0,8,48080
lm_head,137,0,8,191518
embedding,138,0,8,16333
input_layernorm,138,0,8,47045
q_proj,138,0,8,42854
k_proj,138,0,8,10008
v_proj,138,0,8,9509
rope,138,0,8,58517
attn,138,0,8,10067
o_proj,138,0,8,33750
post_layernorm,138,0,8,47665
gate_proj,138,0,8,88095
up_proj,138,0,8,80156
act_fn,138,0,8,9860
down_proj,138,0,8,83276
final_layernorm,138,0,8,48168
lm_head,138,0,8,193022
embedding,139,0,8,16320
input_layernorm,139,0,8,47157
q_proj,139,0,8,42966
k_proj,139,0,8,9978
v_proj,139,0,8,9539
rope,139,0,8,58198
attn,139,0,8,10044
o_proj,139,0,8,33630
post_layernorm,139,0,8,47542
gate_proj,139,0,8,88294
up_proj,139,0,8,80186
act_fn,139,0,8,9957
down_proj,139,0,8,83653
final_layernorm,139,0,8,47953
lm_head,139,0,8,192467
embedding,140,0,8,16397
input_layernorm,140,0,8,47213
q_proj,140,0,8,43066
k_proj,140,0,8,9982
v_proj,140,0,8,9512
rope,140,0,8,58465
attn,140,0,8,9977
o_proj,140,0,8,33702
post_layernorm,140,0,8,47828
gate_proj,140,0,8,88526
up_proj,140,0,8,80128
act_fn,140,0,8,9937
down_proj,140,0,8,83499
final_layernorm,140,0,8,48335
lm_head,140,0,8,191769
embedding,141,0,8,16633
input_layernorm,141,0,8,47498
q_proj,141,0,8,42980
k_proj,141,0,8,10013
v_proj,141,0,8,9568
rope,141,0,8,58365
attn,141,0,8,10103
o_proj,141,0,8,33808
post_layernorm,141,0,8,47695
gate_proj,141,0,8,88695
up_proj,141,0,8,79813
act_fn,141,0,8,9985
down_proj,141,0,8,83454
final_layernorm,141,0,8,48258
lm_head,141,0,8,192761
embedding,142,0,8,16768
input_layernorm,142,0,8,47387
q_proj,142,0,8,43078
k_proj,142,0,8,9931
v_proj,142,0,8,9492
rope,142,0,8,58130
attn,142,0,8,10062
o_proj,142,0,8,33968
post_layernorm,142,0,8,47708
gate_proj,142,0,8,88461
up_proj,142,0,8,79900
act_fn,142,0,8,10018
down_proj,142,0,8,83466
final_layernorm,142,0,8,48275
lm_head,142,0,8,193366
embedding,143,0,8,17242
input_layernorm,143,0,8,47545
q_proj,143,0,8,42982
k_proj,143,0,8,10009
v_proj,143,0,8,9558
rope,143,0,8,58210
attn,143,0,8,10076
o_proj,143,0,8,33898
post_layernorm,143,0,8,48107
gate_proj,143,0,8,88775
up_proj,143,0,8,79818
act_fn,143,0,8,10128
down_proj,143,0,8,83451
final_layernorm,143,0,8,48695
lm_head,143,0,8,193069
embedding,144,0,8,17055
input_layernorm,144,0,8,47775
q_proj,144,0,8,43800
k_proj,144,0,8,8980
v_proj,144,0,8,8425
rope,144,0,8,59673
attn,144,0,8,10163
o_proj,144,0,8,32664
post_layernorm,144,0,8,47753
gate_proj,144,0,8,89072
up_proj,144,0,8,80100
act_fn,144,0,8,10037
down_proj,144,0,8,83776
final_layernorm,144,0,8,48163
lm_head,144,0,8,192531
embedding,145,0,8,17155
input_layernorm,145,0,8,47822
q_proj,145,0,8,44256
k_proj,145,0,8,9080
v_proj,145,0,8,8425
rope,145,0,8,58442
attn,145,0,8,10090
o_proj,145,0,8,34202
post_layernorm,145,0,8,48428
gate_proj,145,0,8,88673
up_proj,145,0,8,80550
act_fn,145,0,8,10042
down_proj,145,0,8,84476
final_layernorm,145,0,8,48805
lm_head,145,0,8,194483
embedding,146,0,8,17580
input_layernorm,146,0,8,48147
q_proj,146,0,8,44232
k_proj,146,0,8,9265
v_proj,146,0,8,8521
rope,146,0,8,58707
attn,146,0,8,10185
o_proj,146,0,8,34138
post_layernorm,146,0,8,48508
gate_proj,146,0,8,89124
up_proj,146,0,8,80526
act_fn,146,0,8,10195
down_proj,146,0,8,84442
final_layernorm,146,0,8,49062
lm_head,146,0,8,193202
embedding,147,0,8,17482
input_layernorm,147,0,8,48280
q_proj,147,0,8,45080
k_proj,147,0,8,9186
v_proj,147,0,8,8502
rope,147,0,8,58858
attn,147,0,8,10150
o_proj,147,0,8,33902
post_layernorm,147,0,8,48530
gate_proj,147,0,8,89280
up_proj,147,0,8,80518
act_fn,147,0,8,10175
down_proj,147,0,8,84307
final_layernorm,147,0,8,49248
lm_head,147,0,8,193829
embedding,148,0,8,17463
input_layernorm,148,0,8,48193
q_proj,148,0,8,44772
k_proj,148,0,8,9066
v_proj,148,0,8,8397
rope,148,0,8,58798
attn,148,0,8,10091
o_proj,148,0,8,33912
post_layernorm,148,0,8,48480
gate_proj,148,0,8,89182
up_proj,148,0,8,80182
act_fn,148,0,8,10238
down_proj,148,0,8,84179
final_layernorm,148,0,8,48983
lm_head,148,0,8,194070
embedding,149,0,8,17527
input_layernorm,149,0,8,48202
q_proj,149,0,8,44406
k_proj,149,0,8,9126
v_proj,149,0,8,8487
rope,149,0,8,58448
attn,149,0,8,10082
o_proj,149,0,8,33940
post_layernorm,149,0,8,48490
gate_proj,149,0,8,89161
up_proj,149,0,8,80414
act_fn,149,0,8,10268
down_proj,149,0,8,84197
final_layernorm,149,0,8,49127
lm_head,149,0,8,194992
embedding,150,0,8,17488
input_layernorm,150,0,8,48693
q_proj,150,0,8,44344
k_proj,150,0,8,9145
v_proj,150,0,8,8476
rope,150,0,8,58515
attn,150,0,8,10072
o_proj,150,0,8,34106
post_layernorm,150,0,8,49270
gate_proj,150,0,8,89472
up_proj,150,0,8,79954
act_fn,150,0,8,10260
down_proj,150,0,8,84218
final_layernorm,150,0,8,49742
lm_head,150,0,8,191807
embedding,151,0,8,17393
input_layernorm,151,0,8,48340
q_proj,151,0,8,44584
k_proj,151,0,8,9146
v_proj,151,0,8,8447
rope,151,0,8,58477
attn,151,0,8,10078
o_proj,151,0,8,34104
post_layernorm,151,0,8,48955
gate_proj,151,0,8,89423
up_proj,151,0,8,80188
act_fn,151,0,8,10233
down_proj,151,0,8,84158
final_layernorm,151,0,8,49670
lm_head,151,0,8,194571
embedding,152,0,8,17580
input_layernorm,152,0,8,48527
q_proj,152,0,8,44278
k_proj,152,0,8,9174
v_proj,152,0,8,8455
rope,152,0,8,58875
attn,152,0,8,10086
o_proj,152,0,8,34306
post_layernorm,152,0,8,48337
gate_proj,152,0,8,89369
up_proj,152,0,8,80440
act_fn,152,0,8,10303
down_proj,152,0,8,84340
final_layernorm,152,0,8,48900
lm_head,152,0,8,193901
embedding,153,0,8,17545
input_layernorm,153,0,8,48593
q_proj,153,0,8,44200
k_proj,153,0,8,9141
v_proj,153,0,8,8438
rope,153,0,8,58467
attn,153,0,8,10193
o_proj,153,0,8,34174
post_layernorm,153,0,8,49190
gate_proj,153,0,8,89490
up_proj,153,0,8,80481
act_fn,153,0,8,10257
down_proj,153,0,8,84246
final_layernorm,153,0,8,49847
lm_head,153,0,8,195839
embedding,154,0,8,17697
input_layernorm,154,0,8,48777
q_proj,154,0,8,43520
k_proj,154,0,8,9069
v_proj,154,0,8,8455
rope,154,0,8,58663
attn,154,0,8,10178
o_proj,154,0,8,34318
post_layernorm,154,0,8,48992
gate_proj,154,0,8,90942
up_proj,154,0,8,80568
act_fn,154,0,8,10307
down_proj,154,0,8,84515
final_layernorm,154,0,8,49638
lm_head,154,0,8,194260
embedding,155,0,8,17585
input_layernorm,155,0,8,48877
q_proj,155,0,8,43396
k_proj,155,0,8,9072
v_proj,155,0,8,8433
rope,155,0,8,58500
attn,155,0,8,10147
o_proj,155,0,8,34038
post_layernorm,155,0,8,49275
gate_proj,155,0,8,91262
up_proj,155,0,8,80238
act_fn,155,0,8,10405
down_proj,155,0,8,84218
final_layernorm,155,0,8,49897
lm_head,155,0,8,193262
embedding,156,0,8,17747
input_layernorm,156,0,8,48870
q_proj,156,0,8,43338
k_proj,156,0,8,9037
v_proj,156,0,8,8424
rope,156,0,8,58792
attn,156,0,8,10113
o_proj,156,0,8,34182
post_layernorm,156,0,8,49272
gate_proj,156,0,8,91035
up_proj,156,0,8,80299
act_fn,156,0,8,10327
down_proj,156,0,8,84489
final_layernorm,156,0,8,49720
lm_head,156,0,8,193858
embedding,157,0,8,18013
input_layernorm,157,0,8,49352
q_proj,157,0,8,43560
k_proj,157,0,8,9150
v_proj,157,0,8,8537
rope,157,0,8,58945
attn,157,0,8,10271
o_proj,157,0,8,34340
post_layernorm,157,0,8,49593
gate_proj,157,0,8,91266
up_proj,157,0,8,80461
act_fn,157,0,8,10430
down_proj,157,0,8,84377
final_layernorm,157,0,8,50167
lm_head,157,0,8,195718
embedding,158,0,8,18280
input_layernorm,158,0,8,49462
q_proj,158,0,8,43736
k_proj,158,0,8,9127
v_proj,158,0,8,8536
rope,158,0,8,59102
attn,158,0,8,10303
o_proj,158,0,8,34402
post_layernorm,158,0,8,49883
gate_proj,158,0,8,91240
up_proj,158,0,8,80427
act_fn,158,0,8,10550
down_proj,158,0,8,84123
final_layernorm,158,0,8,50333
lm_head,158,0,8,195164
embedding,159,0,8,18257
input_layernorm,159,0,8,49342
q_proj,159,0,8,43348
k_proj,159,0,8,9077
v_proj,159,0,8,8477
rope,159,0,8,58895
attn,159,0,8,10173
o_proj,159,0,8,34138
post_layernorm,159,0,8,49813
gate_proj,159,0,8,91247
up_proj,159,0,8,80695
act_fn,159,0,8,10482
down_proj,159,0,8,84236
final_layernorm,159,0,8,50482
lm_head,159,0,8,196819
embedding,160,0,8,18482
input_layernorm,160,0,8,49585
q_proj,160,0,8,52488
k_proj,160,0,8,8966
v_proj,160,0,8,8421
rope,160,0,8,59352
attn,160,0,8,10235
o_proj,160,0,8,33010
post_layernorm,160,0,8,49252
gate_proj,160,0,8,91431
up_proj,160,0,8,80749
act_fn,160,0,8,10522
down_proj,160,0,8,84392
final_layernorm,160,0,8,49852
lm_head,160,0,8,195915
embedding,161,0,8,18730
input_layernorm,161,0,8,49543
q_proj,161,0,8,43024
k_proj,161,0,8,9898
v_proj,161,0,8,9422
rope,161,0,8,60112
attn,161,0,8,10265
o_proj,161,0,8,33500
post_layernorm,161,0,8,50167
gate_proj,161,0,8,93021
up_proj,161,0,8,82351
act_fn,161,0,8,10577
down_proj,161,0,8,84717
final_layernorm,161,0,8,50898
lm_head,161,0,8,186023
embedding,162,0,8,18633
input_layernorm,162,0,8,49527
q_proj,162,0,8,42926
k_proj,162,0,8,9869
v_proj,162,0,8,9368
rope,162,0,8,59967
attn,162,0,8,10393
o_proj,162,0,8,33240
post_layernorm,162,0,8,50070
gate_proj,162,0,8,92532
up_proj,162,0,8,82355
act_fn,162,0,8,10497
down_proj,162,0,8,84948
final_layernorm,162,0,8,50510
lm_head,162,0,8,185509
embedding,163,0,8,18785
input_layernorm,163,0,8,49702
q_proj,163,0,8,42866
k_proj,163,0,8,9857
v_proj,163,0,8,9362
rope,163,0,8,60030
attn,163,0,8,10266
o_proj,163,0,8,33452
post_layernorm,163,0,8,49973
gate_proj,163,0,8,92885
up_proj,163,0,8,82418
act_fn,163,0,8,10523
down_proj,163,0,8,85089
final_layernorm,163,0,8,50423
lm_head,163,0,8,185793
embedding,164,0,8,18965
input_layernorm,164,0,8,50070
q_proj,164,0,8,42896
k_proj,164,0,8,9893
v_proj,164,0,8,9415
rope,164,0,8,60422
attn,164,0,8,10229
o_proj,164,0,8,33734
post_layernorm,164,0,8,50362
gate_proj,164,0,8,93182
up_proj,164,0,8,82301
act_fn,164,0,8,10515
down_proj,164,0,8,85053
final_layernorm,164,0,8,50835
lm_head,164,0,8,185702
embedding,165,0,8,19035
input_layernorm,165,0,8,50173
q_proj,165,0,8,42966
k_proj,165,0,8,9902
v_proj,165,0,8,9410
rope,165,0,8,60283
attn,165,0,8,10326
o_proj,165,0,8,33576
post_layernorm,165,0,8,50437
gate_proj,165,0,8,93203
up_proj,165,0,8,82108
act_fn,165,0,8,10600
down_proj,165,0,8,84860
final_layernorm,165,0,8,50868
lm_head,165,0,8,185816
embedding,166,0,8,19205
input_layernorm,166,0,8,50190
q_proj,166,0,8,42732
k_proj,166,0,8,9900
v_proj,166,0,8,9417
rope,166,0,8,60180
attn,166,0,8,10322
o_proj,166,0,8,33542
post_layernorm,166,0,8,50530
gate_proj,166,0,8,93030
up_proj,166,0,8,82489
act_fn,166,0,8,10582
down_proj,166,0,8,85182
final_layernorm,166,0,8,51090
lm_head,166,0,8,185988
embedding,167,0,8,19038
input_layernorm,167,0,8,50230
q_proj,167,0,8,42992
k_proj,167,0,8,9988
v_proj,167,0,8,9422
rope,167,0,8,60197
attn,167,0,8,10339
o_proj,167,0,8,33670
post_layernorm,167,0,8,51010
gate_proj,167,0,8,93546
up_proj,167,0,8,82264
act_fn,167,0,8,10647
down_proj,167,0,8,84992
final_layernorm,167,0,8,51555
lm_head,167,0,8,186378
embedding,168,0,8,19022
input_layernorm,168,0,8,50302
q_proj,168,0,8,43036
k_proj,168,0,8,9854
v_proj,168,0,8,9397
rope,168,0,8,60320
attn,168,0,8,10318
o_proj,168,0,8,33234
post_layernorm,168,0,8,50398
gate_proj,168,0,8,93314
up_proj,168,0,8,82424
act_fn,168,0,8,10605
down_proj,168,0,8,85209
final_layernorm,168,0,8,50817
lm_head,168,0,8,186130
embedding,169,0,8,19082
input_layernorm,169,0,8,50530
q_proj,169,0,8,44424
k_proj,169,0,8,9623
v_proj,169,0,8,9287
rope,169,0,8,59995
attn,169,0,8,10391
o_proj,169,0,8,34478
post_layernorm,169,0,8,50933
gate_proj,169,0,8,93275
up_proj,169,0,8,82153
act_fn,169,0,8,10733
down_proj,169,0,8,85111
final_layernorm,169,0,8,51157
lm_head,169,0,8,186613
embedding,170,0,8,19105
input_layernorm,170,0,8,50477
q_proj,170,0,8,44502
k_proj,170,0,8,9570
v_proj,170,0,8,9288
rope,170,0,8,59750
attn,170,0,8,10305
o_proj,170,0,8,34728
post_layernorm,170,0,8,51073
gate_proj,170,0,8,93320
up_proj,170,0,8,82318
act_fn,170,0,8,10668
down_proj,170,0,8,85072
final_layernorm,170,0,8,51897
lm_head,170,0,8,186879
embedding,171,0,8,19145
input_layernorm,171,0,8,50780
q_proj,171,0,8,44366
k_proj,171,0,8,9592
v_proj,171,0,8,9271
rope,171,0,8,59958
attn,171,0,8,10433
o_proj,171,0,8,34774
post_layernorm,171,0,8,50797
gate_proj,171,0,8,93554
up_proj,171,0,8,82141
act_fn,171,0,8,11197
down_proj,171,0,8,85235
final_layernorm,171,0,8,51267
lm_head,171,0,8,187058
embedding,172,0,8,19098
input_layernorm,172,0,8,50777
q_proj,172,0,8,44426
k_proj,172,0,8,9620
v_proj,172,0,8,9288
rope,172,0,8,60173
attn,172,0,8,10406
o_proj,172,0,8,34706
post_layernorm,172,0,8,51303
gate_proj,172,0,8,93383
up_proj,172,0,8,82639
act_fn,172,0,8,10670
down_proj,172,0,8,85817
final_layernorm,172,0,8,51873
lm_head,172,0,8,186956
embedding,173,0,8,19185
input_layernorm,173,0,8,50812
q_proj,173,0,8,44088
k_proj,173,0,8,9593
v_proj,173,0,8,9260
rope,173,0,8,60072
attn,173,0,8,10374
o_proj,173,0,8,34606
post_layernorm,173,0,8,50960
gate_proj,173,0,8,93483
up_proj,173,0,8,82273
act_fn,173,0,8,10680
down_proj,173,0,8,85559
final_layernorm,173,0,8,51768
lm_head,173,0,8,187191
embedding,174,0,8,19428
input_layernorm,174,0,8,51065
q_proj,174,0,8,44322
k_proj,174,0,8,9557
v_proj,174,0,8,9285
rope,174,0,8,60017
attn,174,0,8,10357
o_proj,174,0,8,34858
post_layernorm,174,0,8,51475
gate_proj,174,0,8,93303
up_proj,174,0,8,82405
act_fn,174,0,8,10830
down_proj,174,0,8,85369
final_layernorm,174,0,8,52068
lm_head,174,0,8,187062
embedding,175,0,8,19382
input_layernorm,175,0,8,51007
q_proj,175,0,8,44098
k_proj,175,0,8,9643
v_proj,175,0,8,9288
rope,175,0,8,60035
attn,175,0,8,10375
o_proj,175,0,8,34952
post_layernorm,175,0,8,51697
gate_proj,175,0,8,93687
up_proj,175,0,8,82158
act_fn,175,0,8,10920
down_proj,175,0,8,85113
final_layernorm,175,0,8,52068
lm_head,175,0,8,187293
embedding,176,0,8,19903
input_layernorm,176,0,8,51477
q_proj,176,0,8,47548
k_proj,176,0,8,9638
v_proj,176,0,8,9235
rope,176,0,8,60418
attn,176,0,8,10385
o_proj,176,0,8,33578
post_layernorm,176,0,8,51133
gate_proj,176,0,8,93596
up_proj,176,0,8,81759
act_fn,176,0,8,10843
down_proj,176,0,8,86636
final_layernorm,176,0,8,51632
lm_head,176,0,8,187393
embedding,177,0,8,19892
input_layernorm,177,0,8,51357
q_proj,177,0,8,46534
k_proj,177,0,8,9582
v_proj,177,0,8,9279
rope,177,0,8,59932
attn,177,0,8,10362
o_proj,177,0,8,33762
post_layernorm,177,0,8,51807
gate_proj,177,0,8,100834
up_proj,177,0,8,85618
act_fn,177,0,8,11052
down_proj,177,0,8,85796
final_layernorm,177,0,8,52535
lm_head,177,0,8,187712
embedding,178,0,8,20270
input_layernorm,178,0,8,51815
q_proj,178,0,8,47596
k_proj,178,0,8,9610
v_proj,178,0,8,9297
rope,178,0,8,60110
attn,178,0,8,10437
o_proj,178,0,8,33714
post_layernorm,178,0,8,51670
gate_proj,178,0,8,102355
up_proj,178,0,8,82899
act_fn,178,0,8,10992
down_proj,178,0,8,85707
final_layernorm,178,0,8,52557
lm_head,178,0,8,187873
embedding,179,0,8,20102
input_layernorm,179,0,8,51695
q_proj,179,0,8,47214
k_proj,179,0,8,9640
v_proj,179,0,8,9292
rope,179,0,8,60305
attn,179,0,8,10432
o_proj,179,0,8,34068
post_layernorm,179,0,8,51835
gate_proj,179,0,8,103603
up_proj,179,0,8,83568
act_fn,179,0,8,11072
down_proj,179,0,8,85861
final_layernorm,179,0,8,52573
lm_head,179,0,8,188099
embedding,180,0,8,20168
input_layernorm,180,0,8,51798
q_proj,180,0,8,46284
k_proj,180,0,8,9619
v_proj,180,0,8,9301
rope,180,0,8,60583
attn,180,0,8,10478
o_proj,180,0,8,33896
post_layernorm,180,0,8,51873
gate_proj,180,0,8,99931
up_proj,180,0,8,87015
act_fn,180,0,8,11087
down_proj,180,0,8,85889
final_layernorm,180,0,8,52523
lm_head,180,0,8,187841
embedding,181,0,8,20157
input_layernorm,181,0,8,51718
q_proj,181,0,8,45502
k_proj,181,0,8,9634
v_proj,181,0,8,9252
rope,181,0,8,60070
attn,181,0,8,10440
o_proj,181,0,8,33910
post_layernorm,181,0,8,51713
gate_proj,181,0,8,99307
up_proj,181,0,8,89217
act_fn,181,0,8,11138
down_proj,181,0,8,86131
final_layernorm,181,0,8,52475
lm_head,181,0,8,187735
embedding,182,0,8,20400
input_layernorm,182,0,8,52253
q_proj,182,0,8,46102
k_proj,182,0,8,9630
v_proj,182,0,8,9295
rope,182,0,8,60410
attn,182,0,8,10454
o_proj,182,0,8,33656
post_layernorm,182,0,8,52160
gate_proj,182,0,8,99610
up_proj,182,0,8,83337
act_fn,182,0,8,11070
down_proj,182,0,8,85963
final_layernorm,182,0,8,52873
lm_head,182,0,8,187968
embedding,183,0,8,20412
input_layernorm,183,0,8,53022
q_proj,183,0,8,46006
k_proj,183,0,8,9638
v_proj,183,0,8,9286
rope,183,0,8,60375
attn,183,0,8,10428
o_proj,183,0,8,33874
post_layernorm,183,0,8,52402
gate_proj,183,0,8,96924
up_proj,183,0,8,82606
act_fn,183,0,8,11087
down_proj,183,0,8,85809
final_layernorm,183,0,8,53970
lm_head,183,0,8,187905
embedding,184,0,8,20557
input_layernorm,184,0,8,52628
q_proj,184,0,8,45040
k_proj,184,0,8,9688
v_proj,184,0,8,9367
rope,184,0,8,60930
attn,184,0,8,10589
o_proj,184,0,8,34034
post_layernorm,184,0,8,52088
gate_proj,184,0,8,98278
up_proj,184,0,8,82465
act_fn,184,0,8,11260
down_proj,184,0,8,85895
final_layernorm,184,0,8,52898
lm_head,184,0,8,188311
embedding,185,0,8,20582
input_layernorm,185,0,8,52500
q_proj,185,0,8,45378
k_proj,185,0,8,9726
v_proj,185,0,8,9347
rope,185,0,8,60577
attn,185,0,8,10509
o_proj,185,0,8,34142
post_layernorm,185,0,8,52975
gate_proj,185,0,8,97836
up_proj,185,0,8,83126
act_fn,185,0,8,11230
down_proj,185,0,8,86275
final_layernorm,185,0,8,53853
lm_head,185,0,8,188943
embedding,186,0,8,20363
input_layernorm,186,0,8,52682
q_proj,186,0,8,45152
k_proj,186,0,8,9671
v_proj,186,0,8,9309
rope,186,0,8,60483
attn,186,0,8,10533
o_proj,186,0,8,34008
post_layernorm,186,0,8,52977
gate_proj,186,0,8,98722
up_proj,186,0,8,82444
act_fn,186,0,8,11130
down_proj,186,0,8,86051
final_layernorm,186,0,8,53450
lm_head,186,0,8,189281
embedding,187,0,8,20388
input_layernorm,187,0,8,52558
q_proj,187,0,8,45028
k_proj,187,0,8,9633
v_proj,187,0,8,9268
rope,187,0,8,60337
attn,187,0,8,10508
o_proj,187,0,8,34078
post_layernorm,187,0,8,52692
gate_proj,187,0,8,101888
up_proj,187,0,8,82764
act_fn,187,0,8,11273
down_proj,187,0,8,86244
final_layernorm,187,0,8,53550
lm_head,187,0,8,189275
embedding,188,0,8,20493
input_layernorm,188,0,8,53182
q_proj,188,0,8,44926
k_proj,188,0,8,9722
v_proj,188,0,8,9363
rope,188,0,8,60930
attn,188,0,8,10605
o_proj,188,0,8,34154
post_layernorm,188,0,8,53058
gate_proj,188,0,8,99389
up_proj,188,0,8,82626
act_fn,188,0,8,11213
down_proj,188,0,8,86019
final_layernorm,188,0,8,53813
lm_head,188,0,8,189585
embedding,189,0,8,20655
input_layernorm,189,0,8,53072
q_proj,189,0,8,44944
k_proj,189,0,8,9718
v_proj,189,0,8,9349
rope,189,0,8,60632
attn,189,0,8,10595
o_proj,189,0,8,33988
post_layernorm,189,0,8,53140
gate_proj,189,0,8,98876
up_proj,189,0,8,82567
act_fn,189,0,8,11165
down_proj,189,0,8,86127
final_layernorm,189,0,8,53867
lm_head,189,0,8,189552
embedding,190,0,8,20837
input_layernorm,190,0,8,53085
q_proj,190,0,8,44948
k_proj,190,0,8,9674
v_proj,190,0,8,9248
rope,190,0,8,60465
attn,190,0,8,10523
o_proj,190,0,8,34120
post_layernorm,190,0,8,53332
gate_proj,190,0,8,99877
up_proj,190,0,8,82517
act_fn,190,0,8,11962
down_proj,190,0,8,86134
final_layernorm,190,0,8,53993
lm_head,190,0,8,189521
embedding,191,0,8,20742
input_layernorm,191,0,8,53092
q_proj,191,0,8,44866
k_proj,191,0,8,9631
v_proj,191,0,8,9256
rope,191,0,8,60568
attn,191,0,8,10482
o_proj,191,0,8,34202
post_layernorm,191,0,8,53493
gate_proj,191,0,8,98109
up_proj,191,0,8,82208
act_fn,191,0,8,11287
down_proj,191,0,8,85980
final_layernorm,191,0,8,54305
lm_head,191,0,8,189792
embedding,192,0,8,20882
input_layernorm,192,0,8,53317
q_proj,192,0,8,44978
k_proj,192,0,8,9636
v_proj,192,0,8,9187
rope,192,0,8,61103
attn,192,0,8,10388
o_proj,192,0,8,33964
post_layernorm,192,0,8,52882
gate_proj,192,0,8,97868
up_proj,192,0,8,82533
act_fn,192,0,8,11285
down_proj,192,0,8,89501
final_layernorm,192,0,8,53682
lm_head,192,0,8,189834
embedding,193,0,8,21030
input_layernorm,193,0,8,53135
q_proj,193,0,8,47876
k_proj,193,0,8,9213
v_proj,193,0,8,8801
rope,193,0,8,60053
attn,193,0,8,11009
o_proj,193,0,8,35740
post_layernorm,193,0,8,53528
gate_proj,193,0,8,94066
up_proj,193,0,8,83727
act_fn,193,0,8,11315
down_proj,193,0,8,86964
final_layernorm,193,0,8,54657
lm_head,193,0,8,190536
embedding,194,0,8,21217
input_layernorm,194,0,8,53208
q_proj,194,0,8,47872
k_proj,194,0,8,9174
v_proj,194,0,8,8818
rope,194,0,8,60160
attn,194,0,8,10883
o_proj,194,0,8,35704
post_layernorm,194,0,8,53135
gate_proj,194,0,8,94085
up_proj,194,0,8,83766
act_fn,194,0,8,11248
down_proj,194,0,8,87102
final_layernorm,194,0,8,54427
lm_head,194,0,8,190438
embedding,195,0,8,21548
input_layernorm,195,0,8,53548
q_proj,195,0,8,47754
k_proj,195,0,8,9131
v_proj,195,0,8,8813
rope,195,0,8,60180
attn,195,0,8,10898
o_proj,195,0,8,35576
post_layernorm,195,0,8,53423
gate_proj,195,0,8,93836
up_proj,195,0,8,83880
act_fn,195,0,8,11330
down_proj,195,0,8,87041
final_layernorm,195,0,8,54535
lm_head,195,0,8,190321
embedding,196,0,8,21567
input_layernorm,196,0,8,53542
q_proj,196,0,8,47670
k_proj,196,0,8,9134
v_proj,196,0,8,8769
rope,196,0,8,60122
attn,196,0,8,10883
o_proj,196,0,8,35668
post_layernorm,196,0,8,53425
gate_proj,196,0,8,94137
up_proj,196,0,8,83759
act_fn,196,0,8,11292
down_proj,196,0,8,87120
final_layernorm,196,0,8,54558
lm_head,196,0,8,190792
embedding,197,0,8,21563
input_layernorm,197,0,8,53775
q_proj,197,0,8,47910
k_proj,197,0,8,9240
v_proj,197,0,8,8775
rope,197,0,8,59917
attn,197,0,8,10933
o_proj,197,0,8,35706
post_layernorm,197,0,8,54045
gate_proj,197,0,8,94222
up_proj,197,0,8,83752
act_fn,197,0,8,11388
down_proj,197,0,8,87224
final_layernorm,197,0,8,54902
lm_head,197,0,8,190550
embedding,198,0,8,21910
input_layernorm,198,0,8,53692
q_proj,198,0,8,47928
k_proj,198,0,8,9259
v_proj,198,0,8,8860
rope,198,0,8,59943
attn,198,0,8,10978
o_proj,198,0,8,35758
post_layernorm,198,0,8,53827
gate_proj,198,0,8,94178
up_proj,198,0,8,83781
act_fn,198,0,8,11357
down_proj,198,0,8,87293
final_layernorm,198,0,8,54978
lm_head,198,0,8,190595
embedding,199,0,8,21787
input_layernorm,199,0,8,57672
q_proj,199,0,8,47668
k_proj,199,0,8,9212
v_proj,199,0,8,8750
rope,199,0,8,60105
attn,199,0,8,10871
o_proj,199,0,8,35814
post_layernorm,199,0,8,58313
gate_proj,199,0,8,94363
up_proj,199,0,8,83733
act_fn,199,0,8,11383
down_proj,199,0,8,86896
final_layernorm,199,0,8,59780
lm_head,199,0,8,191250
embedding,200,0,8,21692
input_layernorm,200,0,8,57865
q_proj,200,0,8,47448
k_proj,200,0,8,9299
v_proj,200,0,8,8827
rope,200,0,8,60970
attn,200,0,8,11012
o_proj,200,0,8,34464
post_layernorm,200,0,8,59122
gate_proj,200,0,8,94629
up_proj,200,0,8,83516
act_fn,200,0,8,11438
down_proj,200,0,8,87000
final_layernorm,200,0,8,60278
lm_head,200,0,8,190705
embedding,201,0,8,21808
input_layernorm,201,0,8,57998
q_proj,201,0,8,47094
k_proj,201,0,8,11700
v_proj,201,0,8,11381
rope,201,0,8,60225
attn,201,0,8,10895
o_proj,201,0,8,36082
post_layernorm,201,0,8,59543
gate_proj,201,0,8,94434
up_proj,201,0,8,83947
act_fn,201,0,8,11332
down_proj,201,0,8,87483
final_layernorm,201,0,8,60890
lm_head,201,0,8,191990
embedding,202,0,8,21955
input_layernorm,202,0,8,58503
q_proj,202,0,8,47082
k_proj,202,0,8,11798
v_proj,202,0,8,11510
rope,202,0,8,60765
attn,202,0,8,11091
o_proj,202,0,8,35848
post_layernorm,202,0,8,59787
gate_proj,202,0,8,94790
up_proj,202,0,8,83917
act_fn,202,0,8,11563
down_proj,202,0,8,87128
final_layernorm,202,0,8,60973
lm_head,202,0,8,192113
embedding,203,0,8,21810
input_layernorm,203,0,8,58582
q_proj,203,0,8,47110
k_proj,203,0,8,11653
v_proj,203,0,8,11332
rope,203,0,8,61197
attn,203,0,8,11041
o_proj,203,0,8,35920
post_layernorm,203,0,8,59922
gate_proj,203,0,8,94313
up_proj,203,0,8,83846
act_fn,203,0,8,11640
down_proj,203,0,8,86901
final_layernorm,203,0,8,60955
lm_head,203,0,8,192393
embedding,204,0,8,21733
input_layernorm,204,0,8,58582
q_proj,204,0,8,47332
k_proj,204,0,8,11719
v_proj,204,0,8,11390
rope,204,0,8,60957
attn,204,0,8,10945
o_proj,204,0,8,35828
post_layernorm,204,0,8,60002
gate_proj,204,0,8,94599
up_proj,204,0,8,83895
act_fn,204,0,8,11595
down_proj,204,0,8,87250
final_layernorm,204,0,8,61095
lm_head,204,0,8,191997
embedding,205,0,8,21880
input_layernorm,205,0,8,58538
q_proj,205,0,8,47232
k_proj,205,0,8,11596
v_proj,205,0,8,11242
rope,205,0,8,60483
attn,205,0,8,10921
o_proj,205,0,8,35708
post_layernorm,205,0,8,60417
gate_proj,205,0,8,94660
up_proj,205,0,8,83917
act_fn,205,0,8,11463
down_proj,205,0,8,87390
final_layernorm,205,0,8,61352
lm_head,205,0,8,192351
embedding,206,0,8,21843
input_layernorm,206,0,8,58735
q_proj,206,0,8,47530
k_proj,206,0,8,11655
v_proj,206,0,8,11320
rope,206,0,8,60698
attn,206,0,8,11003
o_proj,206,0,8,35960
post_layernorm,206,0,8,60355
gate_proj,206,0,8,94655
up_proj,206,0,8,83763
act_fn,206,0,8,11543
down_proj,206,0,8,87321
final_layernorm,206,0,8,61505
lm_head,206,0,8,192602
embedding,207,0,8,22303
input_layernorm,207,0,8,58823
q_proj,207,0,8,47114
k_proj,207,0,8,11630
v_proj,207,0,8,11368
rope,207,0,8,60837
attn,207,0,8,11009
o_proj,207,0,8,35970
post_layernorm,207,0,8,60312
gate_proj,207,0,8,94759
up_proj,207,0,8,84136
act_fn,207,0,8,11690
down_proj,207,0,8,87330
final_layernorm,207,0,8,61492
lm_head,207,0,8,192431
embedding,208,0,8,22085
input_layernorm,208,0,8,58773
q_proj,208,0,8,48718
k_proj,208,0,8,9943
v_proj,208,0,8,9556
rope,208,0,8,61088
attn,208,0,8,11001
o_proj,208,0,8,35986
post_layernorm,208,0,8,59588
gate_proj,208,0,8,98254
up_proj,208,0,8,86385
act_fn,208,0,8,11607
down_proj,208,0,8,87793
final_layernorm,208,0,8,61037
lm_head,208,0,8,192691
embedding,209,0,8,22432
input_layernorm,209,0,8,59280
q_proj,209,0,8,50254
k_proj,209,0,8,11766
v_proj,209,0,8,11290
rope,209,0,8,60840
attn,209,0,8,11034
o_proj,209,0,8,34784
post_layernorm,209,0,8,60968
gate_proj,209,0,8,114446
up_proj,209,0,8,105436
act_fn,209,0,8,12538
down_proj,209,0,8,87492
final_layernorm,209,0,8,62063
lm_head,209,0,8,194592
embedding,210,0,8,22715
input_layernorm,210,0,8,59490
q_proj,210,0,8,50822
k_proj,210,0,8,11756
v_proj,210,0,8,11315
rope,210,0,8,60905
attn,210,0,8,11001
o_proj,210,0,8,34998
post_layernorm,210,0,8,61188
gate_proj,210,0,8,116543
up_proj,210,0,8,109248
act_fn,210,0,8,11923
down_proj,210,0,8,87572
final_layernorm,210,0,8,62280
lm_head,210,0,8,194724
embedding,211,0,8,22447
input_layernorm,211,0,8,59633
q_proj,211,0,8,50638
k_proj,211,0,8,11725
v_proj,211,0,8,11327
rope,211,0,8,61027
attn,211,0,8,11002
o_proj,211,0,8,34738
post_layernorm,211,0,8,61163
gate_proj,211,0,8,121427
up_proj,211,0,8,113447
act_fn,211,0,8,12022
down_proj,211,0,8,88073
final_layernorm,211,0,8,62048
lm_head,211,0,8,194925
embedding,212,0,8,22805
input_layernorm,212,0,8,59698
q_proj,212,0,8,49164
k_proj,212,0,8,11720
v_proj,212,0,8,11266
rope,212,0,8,61083
attn,212,0,8,11030
o_proj,212,0,8,34992
post_layernorm,212,0,8,61062
gate_proj,212,0,8,116907
up_proj,212,0,8,110177
act_fn,212,0,8,12017
down_proj,212,0,8,88023
final_layernorm,212,0,8,61912
lm_head,212,0,8,194939
embedding,213,0,8,22640
input_layernorm,213,0,8,59672
q_proj,213,0,8,49334
k_proj,213,0,8,11692
v_proj,213,0,8,11268
rope,213,0,8,60968
attn,213,0,8,11059
o_proj,213,0,8,35112
post_layernorm,213,0,8,61270
gate_proj,213,0,8,119048
up_proj,213,0,8,106526
act_fn,213,0,8,12070
down_proj,213,0,8,87999
final_layernorm,213,0,8,62295
lm_head,213,0,8,194702
embedding,214,0,8,22805
input_layernorm,214,0,8,60123
q_proj,214,0,8,48958
k_proj,214,0,8,11781
v_proj,214,0,8,11298
rope,214,0,8,61032
attn,214,0,8,11002
o_proj,214,0,8,34864
post_layernorm,214,0,8,61587
gate_proj,214,0,8,122685
up_proj,214,0,8,112041
act_fn,214,0,8,12048
down_proj,214,0,8,87984
final_layernorm,214,0,8,62545
lm_head,214,0,8,195262
embedding,215,0,8,23105
input_layernorm,215,0,8,59975
q_proj,215,0,8,48974
k_proj,215,0,8,11730
v_proj,215,0,8,11286
rope,215,0,8,61052
attn,215,0,8,11071
o_proj,215,0,8,34980
post_layernorm,215,0,8,61305
gate_proj,215,0,8,117589
up_proj,215,0,8,107668
act_fn,215,0,8,12095
down_proj,215,0,8,88008
final_layernorm,215,0,8,62398
lm_head,215,0,8,195082
embedding,216,0,8,22838
input_layernorm,216,0,8,60090
q_proj,216,0,8,48112
k_proj,216,0,8,10141
v_proj,216,0,8,9559
rope,216,0,8,61877
attn,216,0,8,11077
o_proj,216,0,8,34752
post_layernorm,216,0,8,61127
gate_proj,216,0,8,96922
up_proj,216,0,8,85213
act_fn,216,0,8,11853
down_proj,216,0,8,88019
final_layernorm,216,0,8,62393
lm_head,216,0,8,195435
embedding,217,0,8,22742
input_layernorm,217,0,8,60360
q_proj,217,0,8,47658
k_proj,217,0,8,10076
v_proj,217,0,8,9506
rope,217,0,8,61012
attn,217,0,8,11139
o_proj,217,0,8,34888
post_layernorm,217,0,8,61528
gate_proj,217,0,8,96932
up_proj,217,0,8,85146
act_fn,217,0,8,11777
down_proj,217,0,8,87923
final_layernorm,217,0,8,62340
lm_head,217,0,8,195921
embedding,218,0,8,22745
input_layernorm,218,0,8,60613
q_proj,218,0,8,47450
k_proj,218,0,8,10044
v_proj,218,0,8,9536
rope,218,0,8,61177
attn,218,0,8,11145
o_proj,218,0,8,34954
post_layernorm,218,0,8,61835
gate_proj,218,0,8,96798
up_proj,218,0,8,85299
act_fn,218,0,8,11778
down_proj,218,0,8,88315
final_layernorm,218,0,8,62888
lm_head,218,0,8,195514
embedding,219,0,8,22983
input_layernorm,219,0,8,60685
q_proj,219,0,8,47932
k_proj,219,0,8,10016
v_proj,219,0,8,9492
rope,219,0,8,61102
attn,219,0,8,11107
o_proj,219,0,8,34892
post_layernorm,219,0,8,61857
gate_proj,219,0,8,97205
up_proj,219,0,8,84792
act_fn,219,0,8,11855
down_proj,219,0,8,87876
final_layernorm,219,0,8,63242
lm_head,219,0,8,195814
embedding,220,0,8,22942
input_layernorm,220,0,8,60723
q_proj,220,0,8,47220
k_proj,220,0,8,9992
v_proj,220,0,8,9513
rope,220,0,8,61858
attn,220,0,8,11081
o_proj,220,0,8,35038
post_layernorm,220,0,8,62030
gate_proj,220,0,8,96889
up_proj,220,0,8,85092
act_fn,220,0,8,11818
down_proj,220,0,8,88071
final_layernorm,220,0,8,63352
lm_head,220,0,8,195683
embedding,221,0,8,22843
input_layernorm,221,0,8,60858
q_proj,221,0,8,47790
k_proj,221,0,8,10134
v_proj,221,0,8,9570
rope,221,0,8,61667
attn,221,0,8,11200
o_proj,221,0,8,35110
post_layernorm,221,0,8,62490
gate_proj,221,0,8,97067
up_proj,221,0,8,85471
act_fn,221,0,8,11902
down_proj,221,0,8,88285
final_layernorm,221,0,8,63632
lm_head,221,0,8,195926
embedding,222,0,8,22805
input_layernorm,222,0,8,60625
q_proj,222,0,8,47618
k_proj,222,0,8,10050
v_proj,222,0,8,9497
rope,222,0,8,61317
attn,222,0,8,11153
o_proj,222,0,8,35058
post_layernorm,222,0,8,62080
gate_proj,222,0,8,97103
up_proj,222,0,8,84959
act_fn,222,0,8,11860
down_proj,222,0,8,88029
final_layernorm,222,0,8,63543
lm_head,222,0,8,195992
embedding,223,0,8,23070
input_layernorm,223,0,8,60865
q_proj,223,0,8,47422
k_proj,223,0,8,10025
v_proj,223,0,8,9529
rope,223,0,8,61470
attn,223,0,8,11110
o_proj,223,0,8,35080
post_layernorm,223,0,8,62242
gate_proj,223,0,8,97078
up_proj,223,0,8,84866
act_fn,223,0,8,12042
down_proj,223,0,8,88270
final_layernorm,223,0,8,63273
lm_head,223,0,8,195934
embedding,224,0,8,23202
input_layernorm,224,0,8,60753
q_proj,224,0,8,59024
k_proj,224,0,8,10018
v_proj,224,0,8,9477
rope,224,0,8,61965
attn,224,0,8,11121
o_proj,224,0,8,35262
post_layernorm,224,0,8,61860
gate_proj,224,0,8,104644
up_proj,224,0,8,102503
act_fn,224,0,8,12275
down_proj,224,0,8,96618
final_layernorm,224,0,8,62935
lm_head,224,0,8,195691
embedding,225,0,8,23137
input_layernorm,225,0,8,61092
q_proj,225,0,8,57960
k_proj,225,0,8,10445
v_proj,225,0,8,9992
rope,225,0,8,61513
attn,225,0,8,11172
o_proj,225,0,8,35392
post_layernorm,225,0,8,62627
gate_proj,225,0,8,106866
up_proj,225,0,8,103222
act_fn,225,0,8,12403
down_proj,225,0,8,90474
final_layernorm,225,0,8,63662
lm_head,225,0,8,197161
embedding,226,0,8,23912
input_layernorm,226,0,8,61403
q_proj,226,0,8,58216
k_proj,226,0,8,10458
v_proj,226,0,8,9868
rope,226,0,8,61842
attn,226,0,8,11223
o_proj,226,0,8,35622
post_layernorm,226,0,8,62977
gate_proj,226,0,8,101842
up_proj,226,0,8,102416
act_fn,226,0,8,12325
down_proj,226,0,8,90616
final_layernorm,226,0,8,63962
lm_head,226,0,8,196822
embedding,227,0,8,23847
input_layernorm,227,0,8,61373
q_proj,227,0,8,58602
k_proj,227,0,8,10503
v_proj,227,0,8,9942
rope,227,0,8,61893
attn,227,0,8,11208
o_proj,227,0,8,35624
post_layernorm,227,0,8,62823
gate_proj,227,0,8,104334
up_proj,227,0,8,103448
act_fn,227,0,8,12447
down_proj,227,0,8,90617
final_layernorm,227,0,8,63960
lm_head,227,0,8,197166
embedding,228,0,8,24115
input_layernorm,228,0,8,61273
q_proj,228,0,8,57416
k_proj,228,0,8,10457
v_proj,228,0,8,9878
rope,228,0,8,61942
attn,228,0,8,11198
o_proj,228,0,8,35482
post_layernorm,228,0,8,62748
gate_proj,228,0,8,102304
up_proj,228,0,8,102596
act_fn,228,0,8,12863
down_proj,228,0,8,90590
final_layernorm,228,0,8,63788
lm_head,228,0,8,197144
embedding,229,0,8,23897
input_layernorm,229,0,8,61168
q_proj,229,0,8,55234
k_proj,229,0,8,10498
v_proj,229,0,8,9964
rope,229,0,8,61477
attn,229,0,8,11301
o_proj,229,0,8,35722
post_layernorm,229,0,8,62508
gate_proj,229,0,8,101508
up_proj,229,0,8,101545
act_fn,229,0,8,12347
down_proj,229,0,8,90404
final_layernorm,229,0,8,63955
lm_head,229,0,8,197049
embedding,230,0,8,24182
input_layernorm,230,0,8,61453
q_proj,230,0,8,55218
k_proj,230,0,8,10455
v_proj,230,0,8,9876
rope,230,0,8,61667
attn,230,0,8,11228
o_proj,230,0,8,35564
post_layernorm,230,0,8,62813
gate_proj,230,0,8,103777
up_proj,230,0,8,102026
act_fn,230,0,8,12498
down_proj,230,0,8,90474
final_layernorm,230,0,8,63752
lm_head,230,0,8,197133
embedding,231,0,8,24142
input_layernorm,231,0,8,61687
q_proj,231,0,8,55346
k_proj,231,0,8,10455
v_proj,231,0,8,9847
rope,231,0,8,61453
attn,231,0,8,11205
o_proj,231,0,8,35792
post_layernorm,231,0,8,62945
gate_proj,231,0,8,102910
up_proj,231,0,8,101736
act_fn,231,0,8,12550
down_proj,231,0,8,90647
final_layernorm,231,0,8,64172
lm_head,231,0,8,197258
embedding,232,0,8,24292
input_layernorm,232,0,8,61742
q_proj,232,0,8,49918
k_proj,232,0,8,10386
v_proj,232,0,8,9833
rope,232,0,8,62062
attn,232,0,8,11223
o_proj,232,0,8,35448
post_layernorm,232,0,8,62732
gate_proj,232,0,8,97611
up_proj,232,0,8,99036
act_fn,232,0,8,12578
down_proj,232,0,8,90729
final_layernorm,232,0,8,63933
lm_head,232,0,8,197574
embedding,233,0,8,24338
input_layernorm,233,0,8,61855
q_proj,233,0,8,53860
k_proj,233,0,8,10476
v_proj,233,0,8,9955
rope,233,0,8,61950
attn,233,0,8,11301
o_proj,233,0,8,35654
post_layernorm,233,0,8,63393
gate_proj,233,0,8,99209
up_proj,233,0,8,100150
act_fn,233,0,8,12570
down_proj,233,0,8,90775
final_layernorm,233,0,8,64310
lm_head,233,0,8,198384
embedding,234,0,8,24212
input_layernorm,234,0,8,61812
q_proj,234,0,8,53438
k_proj,234,0,8,10467
v_proj,234,0,8,9877
rope,234,0,8,61788
attn,234,0,8,11251
o_proj,234,0,8,35426
post_layernorm,234,0,8,62987
gate_proj,234,0,8,97732
up_proj,234,0,8,97465
act_fn,234,0,8,12698
down_proj,234,0,8,90597
final_layernorm,234,0,8,64305
lm_head,234,0,8,198223
embedding,235,0,8,24147
input_layernorm,235,0,8,62163
q_proj,235,0,8,54154
k_proj,235,0,8,10465
v_proj,235,0,8,9963
rope,235,0,8,61813
attn,235,0,8,11272
o_proj,235,0,8,35792
post_layernorm,235,0,8,63453
gate_proj,235,0,8,97935
up_proj,235,0,8,99322
act_fn,235,0,8,12785
down_proj,235,0,8,90448
final_layernorm,235,0,8,64513
lm_head,235,0,8,198124
embedding,236,0,8,24252
input_layernorm,236,0,8,62358
q_proj,236,0,8,52598
k_proj,236,0,8,10413
v_proj,236,0,8,9842
rope,236,0,8,62223
attn,236,0,8,11254
o_proj,236,0,8,35462
post_layernorm,236,0,8,63568
gate_proj,236,0,8,98146
up_proj,236,0,8,98839
act_fn,236,0,8,12627
down_proj,236,0,8,90421
final_layernorm,236,0,8,64830
lm_head,236,0,8,198360
embedding,237,0,8,24235
input_layernorm,237,0,8,62530
q_proj,237,0,8,52952
k_proj,237,0,8,10446
v_proj,237,0,8,9908
rope,237,0,8,61828
attn,237,0,8,11336
o_proj,237,0,8,35892
post_layernorm,237,0,8,64008
gate_proj,237,0,8,97665
up_proj,237,0,8,99244
act_fn,237,0,8,12788
down_proj,237,0,8,90625
final_layernorm,237,0,8,65007
lm_head,237,0,8,198693
embedding,238,0,8,24805
input_layernorm,238,0,8,62680
q_proj,238,0,8,51878
k_proj,238,0,8,10479
v_proj,238,0,8,9942
rope,238,0,8,62272
attn,238,0,8,11316
o_proj,238,0,8,35658
post_layernorm,238,0,8,64068
gate_proj,238,0,8,97166
up_proj,238,0,8,97977
act_fn,238,0,8,12733
down_proj,238,0,8,90989
final_layernorm,238,0,8,65063
lm_head,238,0,8,198311
embedding,239,0,8,24500
input_layernorm,239,0,8,62487
q_proj,239,0,8,52570
k_proj,239,0,8,10416
v_proj,239,0,8,9892
rope,239,0,8,61865
attn,239,0,8,11363
o_proj,239,0,8,35726
post_layernorm,239,0,8,63740
gate_proj,239,0,8,97023
up_proj,239,0,8,97112
act_fn,239,0,8,12727
down_proj,239,0,8,90660
final_layernorm,239,0,8,65137
lm_head,239,0,8,198225
embedding,240,0,8,24422
input_layernorm,240,0,8,62197
q_proj,240,0,8,50064
k_proj,240,0,8,9463
v_proj,240,0,8,8982
rope,240,0,8,62330
attn,240,0,8,11355
o_proj,240,0,8,35344
post_layernorm,240,0,8,63378
gate_proj,240,0,8,97225
up_proj,240,0,8,87063
act_fn,240,0,8,12680
down_proj,240,0,8,91888
final_layernorm,240,0,8,64670
lm_head,240,0,8,198506
embedding,241,0,8,24672
input_layernorm,241,0,8,62647
q_proj,241,0,8,50288
k_proj,241,0,8,9035
v_proj,241,0,8,8321
rope,241,0,8,62097
attn,241,0,8,11390
o_proj,241,0,8,36028
post_layernorm,241,0,8,64153
gate_proj,241,0,8,96961
up_proj,241,0,8,88736
act_fn,241,0,8,12752
down_proj,241,0,8,91195
final_layernorm,241,0,8,65410
lm_head,241,0,8,199947
embedding,242,0,8,24763
input_layernorm,242,0,8,62535
q_proj,242,0,8,50134
k_proj,242,0,8,8979
v_proj,242,0,8,8265
rope,242,0,8,62103
attn,242,0,8,11291
o_proj,242,0,8,35636
post_layernorm,242,0,8,64013
gate_proj,242,0,8,96941
up_proj,242,0,8,88822
act_fn,242,0,8,12823
down_proj,242,0,8,91050
final_layernorm,242,0,8,65312
lm_head,242,0,8,199784
embedding,243,0,8,25182
input_layernorm,243,0,8,62570
q_proj,243,0,8,50364
k_proj,243,0,8,9047
v_proj,243,0,8,8379
rope,243,0,8,62240
attn,243,0,8,11412
o_proj,243,0,8,36004
post_layernorm,243,0,8,64378
gate_proj,243,0,8,97188
up_proj,243,0,8,87408
act_fn,243,0,8,12798
down_proj,243,0,8,91306
final_layernorm,243,0,8,65533
lm_head,243,0,8,199874
embedding,244,0,8,25245
input_layernorm,244,0,8,62877
q_proj,244,0,8,49490
k_proj,244,0,8,9061
v_proj,244,0,8,8350
rope,244,0,8,62742
attn,244,0,8,11383
o_proj,244,0,8,35690
post_layernorm,244,0,8,64648
gate_proj,244,0,8,96752
up_proj,244,0,8,87470
act_fn,244,0,8,12840
down_proj,244,0,8,91115
final_layernorm,244,0,8,65953
lm_head,244,0,8,200549
embedding,245,0,8,25123
input_layernorm,245,0,8,62548
q_proj,245,0,8,50070
k_proj,245,0,8,9011
v_proj,245,0,8,8328
rope,245,0,8,61992
attn,245,0,8,11324
o_proj,245,0,8,35858
post_layernorm,245,0,8,64435
gate_proj,245,0,8,97125
up_proj,245,0,8,87618
act_fn,245,0,8,12798
down_proj,245,0,8,91175
final_layernorm,245,0,8,65695
lm_head,245,0,8,200134
embedding,246,0,8,25377
input_layernorm,246,0,8,62797
q_proj,246,0,8,49824
k_proj,246,0,8,9006
v_proj,246,0,8,8304
rope,246,0,8,62052
attn,246,0,8,11312
o_proj,246,0,8,35890
post_layernorm,246,0,8,64627
gate_proj,246,0,8,97247
up_proj,246,0,8,87468
act_fn,246,0,8,12892
down_proj,246,0,8,90770
final_layernorm,246,0,8,65865
lm_head,246,0,8,199791
embedding,247,0,8,25507
input_layernorm,247,0,8,62840
q_proj,247,0,8,50006
k_proj,247,0,8,9014
v_proj,247,0,8,8309
rope,247,0,8,61978
attn,247,0,8,11377
o_proj,247,0,8,35976
post_layernorm,247,0,8,64913
gate_proj,247,0,8,97084
up_proj,247,0,8,86398
act_fn,247,0,8,13370
down_proj,247,0,8,90968
final_layernorm,247,0,8,66375
lm_head,247,0,8,200434
embedding,248,0,8,25532
input_layernorm,248,0,8,62868
q_proj,248,0,8,48680
k_proj,248,0,8,9003
v_proj,248,0,8,8306
rope,248,0,8,62358
attn,248,0,8,11409
o_proj,248,0,8,35916
post_layernorm,248,0,8,64312
gate_proj,248,0,8,96934
up_proj,248,0,8,86465
act_fn,248,0,8,12882
down_proj,248,0,8,91485
final_layernorm,248,0,8,65745
lm_head,248,0,8,200369
embedding,249,0,8,25647
input_layernorm,249,0,8,63120
q_proj,249,0,8,48278
k_proj,249,0,8,9076
v_proj,249,0,8,8381
rope,249,0,8,62143
attn,249,0,8,11351
o_proj,249,0,8,36090
post_layernorm,249,0,8,65322
gate_proj,249,0,8,97457
up_proj,249,0,8,86248
act_fn,249,0,8,12878
down_proj,249,0,8,91284
final_layernorm,249,0,8,66642
lm_head,249,0,8,202813
embedding,250,0,8,25508
input_layernorm,250,0,8,63157
q_proj,250,0,8,48618
k_proj,250,0,8,9026
v_proj,250,0,8,8317
rope,250,0,8,62050
attn,250,0,8,11384
o_proj,250,0,8,35944
post_layernorm,250,0,8,65042
gate_proj,250,0,8,97054
up_proj,250,0,8,86294
act_fn,250,0,8,12955
down_proj,250,0,8,91063
final_layernorm,250,0,8,66377
lm_head,250,0,8,202527
embedding,251,0,8,25577
input_layernorm,251,0,8,63353
q_proj,251,0,8,48872
k_proj,251,0,8,9025
v_proj,251,0,8,8280
rope,251,0,8,62020
attn,251,0,8,11422
o_proj,251,0,8,36234
post_layernorm,251,0,8,64895
gate_proj,251,0,8,97225
up_proj,251,0,8,86788
act_fn,251,0,8,13183
down_proj,251,0,8,91308
final_layernorm,251,0,8,66540
lm_head,251,0,8,202824
embedding,252,0,8,25698
input_layernorm,252,0,8,63372
q_proj,252,0,8,48598
k_proj,252,0,8,9013
v_proj,252,0,8,8341
rope,252,0,8,62393
attn,252,0,8,11384
o_proj,252,0,8,35802
post_layernorm,252,0,8,65208
gate_proj,252,0,8,96869
up_proj,252,0,8,86777
act_fn,252,0,8,13002
down_proj,252,0,8,91383
final_layernorm,252,0,8,66957
lm_head,252,0,8,202523
embedding,253,0,8,25725
input_layernorm,253,0,8,63638
q_proj,253,0,8,48532
k_proj,253,0,8,9100
v_proj,253,0,8,8335
rope,253,0,8,62048
attn,253,0,8,11345
o_proj,253,0,8,36202
post_layernorm,253,0,8,65330
gate_proj,253,0,8,97143
up_proj,253,0,8,86584
act_fn,253,0,8,13125
down_proj,253,0,8,91451
final_layernorm,253,0,8,66910
lm_head,253,0,8,202988
embedding,254,0,8,25553
input_layernorm,254,0,8,63362
q_proj,254,0,8,48474
k_proj,254,0,8,9032
v_proj,254,0,8,8278
rope,254,0,8,61927
attn,254,0,8,11349
o_proj,254,0,8,35878
post_layernorm,254,0,8,65458
gate_proj,254,0,8,96915
up_proj,254,0,8,86521
act_fn,254,0,8,13097
down_proj,254,0,8,91318
final_layernorm,254,0,8,66948
lm_head,254,0,8,202498
embedding,255,0,8,25775
input_layernorm,255,0,8,63797
q_proj,255,0,8,48518
k_proj,255,0,8,9013
v_proj,255,0,8,8326
rope,255,0,8,61800
attn,255,0,8,11357
o_proj,255,0,8,35976
post_layernorm,255,0,8,65697
gate_proj,255,0,8,97106
up_proj,255,0,8,86543
act_fn,255,0,8,13113
down_proj,255,0,8,91613
final_layernorm,255,0,8,67085
lm_head,255,0,8,202695
embedding,256,0,8,25923
input_layernorm,256,0,8,64058
q_proj,256,0,8,48410
k_proj,256,0,8,9080
v_proj,256,0,8,8365
rope,256,0,8,62588
attn,256,0,8,9765
o_proj,256,0,8,36158
post_layernorm,256,0,8,65570
gate_proj,256,0,8,97108
up_proj,256,0,8,86970
act_fn,256,0,8,13187
down_proj,256,0,8,91301
final_layernorm,256,0,8,66937
lm_head,256,0,8,203664
embedding,257,0,8,26102
input_layernorm,257,0,8,64785
q_proj,257,0,8,51490
k_proj,257,0,8,9876
v_proj,257,0,8,9164
rope,257,0,8,62092
attn,257,0,8,11998
o_proj,257,0,8,36326
post_layernorm,257,0,8,66265
gate_proj,257,0,8,120735
up_proj,257,0,8,111837
act_fn,257,0,8,13207
down_proj,257,0,8,92313
final_layernorm,257,0,8,67033
lm_head,257,0,8,208834
embedding,258,0,8,25677
input_layernorm,258,0,8,64762
q_proj,258,0,8,51376
k_proj,258,0,8,9863
v_proj,258,0,8,9188
rope,258,0,8,62118
attn,258,0,8,11970
o_proj,258,0,8,36478
post_layernorm,258,0,8,66132
gate_proj,258,0,8,121920
up_proj,258,0,8,114846
act_fn,258,0,8,13138
down_proj,258,0,8,92580
final_layernorm,258,0,8,66718
lm_head,258,0,8,208146
embedding,259,0,8,26370
input_layernorm,259,0,8,65477
q_proj,259,0,8,51454
k_proj,259,0,8,9814
v_proj,259,0,8,9251
rope,259,0,8,62477
attn,259,0,8,12093
o_proj,259,0,8,36300
post_layernorm,259,0,8,66632
gate_proj,259,0,8,125008
up_proj,259,0,8,110649
act_fn,259,0,8,13247
down_proj,259,0,8,92562
final_layernorm,259,0,8,67328
lm_head,259,0,8,208951
embedding,260,0,8,26625
input_layernorm,260,0,8,64985
q_proj,260,0,8,51282
k_proj,260,0,8,9819
v_proj,260,0,8,9150
rope,260,0,8,62300
attn,260,0,8,12030
o_proj,260,0,8,36504
post_layernorm,260,0,8,66473
gate_proj,260,0,8,121466
up_proj,260,0,8,113204
act_fn,260,0,8,13225
down_proj,260,0,8,92452
final_layernorm,260,0,8,67028
lm_head,260,0,8,208698
embedding,261,0,8,26365
input_layernorm,261,0,8,64912
q_proj,261,0,8,51470
k_proj,261,0,8,9842
v_proj,261,0,8,9191
rope,261,0,8,62142
attn,261,0,8,12057
o_proj,261,0,8,36712
post_layernorm,261,0,8,66367
gate_proj,261,0,8,115927
up_proj,261,0,8,110257
act_fn,261,0,8,13295
down_proj,261,0,8,92283
final_layernorm,261,0,8,67058
lm_head,261,0,8,208803
embedding,262,0,8,26515
input_layernorm,262,0,8,65068
q_proj,262,0,8,51166
k_proj,262,0,8,9860
v_proj,262,0,8,9214
rope,262,0,8,62352
attn,262,0,8,12061
o_proj,262,0,8,36478
post_layernorm,262,0,8,66473
gate_proj,262,0,8,111672
up_proj,262,0,8,105712
act_fn,262,0,8,13240
down_proj,262,0,8,92469
final_layernorm,262,0,8,67282
lm_head,262,0,8,208647
embedding,263,0,8,26898
input_layernorm,263,0,8,65635
q_proj,263,0,8,50786
k_proj,263,0,8,9916
v_proj,263,0,8,9182
rope,263,0,8,62582
attn,263,0,8,12014
o_proj,263,0,8,36508
post_layernorm,263,0,8,66948
gate_proj,263,0,8,107534
up_proj,263,0,8,100809
act_fn,263,0,8,13340
down_proj,263,0,8,92359
final_layernorm,263,0,8,68213
lm_head,263,0,8,209042
embedding,264,0,8,27050
input_layernorm,264,0,8,65528
q_proj,264,0,8,50940
k_proj,264,0,8,9871
v_proj,264,0,8,9207
rope,264,0,8,62953
attn,264,0,8,12236
o_proj,264,0,8,36536
post_layernorm,264,0,8,66727
gate_proj,264,0,8,111105
up_proj,264,0,8,102594
act_fn,264,0,8,13307
down_proj,264,0,8,92330
final_layernorm,264,0,8,67453
lm_head,264,0,8,209372
embedding,265,0,8,26880
input_layernorm,265,0,8,65663
q_proj,265,0,8,52614
k_proj,265,0,8,10442
v_proj,265,0,8,9908
rope,265,0,8,62062
attn,265,0,8,12218
o_proj,265,0,8,36600
post_layernorm,265,0,8,67225
gate_proj,265,0,8,102499
up_proj,265,0,8,95901
act_fn,265,0,8,13057
down_proj,265,0,8,92304
final_layernorm,265,0,8,67965
lm_head,265,0,8,209271
embedding,266,0,8,26803
input_layernorm,266,0,8,66285
q_proj,266,0,8,52974
k_proj,266,0,8,10459
v_proj,266,0,8,9926
rope,266,0,8,62555
attn,266,0,8,12273
o_proj,266,0,8,36494
post_layernorm,266,0,8,67475
gate_proj,266,0,8,102613
up_proj,266,0,8,96380
act_fn,266,0,8,13448
down_proj,266,0,8,92571
final_layernorm,266,0,8,68933
lm_head,266,0,8,209268
embedding,267,0,8,26812
input_layernorm,267,0,8,66885
q_proj,267,0,8,52590
k_proj,267,0,8,10452
v_proj,267,0,8,9887
rope,267,0,8,62445
attn,267,0,8,12249
o_proj,267,0,8,36816
post_layernorm,267,0,8,68025
gate_proj,267,0,8,102774
up_proj,267,0,8,96610
act_fn,267,0,8,13200
down_proj,267,0,8,92701
final_layernorm,267,0,8,69182
lm_head,267,0,8,209627
embedding,268,0,8,26813
input_layernorm,268,0,8,66935
q_proj,268,0,8,51366
k_proj,268,0,8,10473
v_proj,268,0,8,9941
rope,268,0,8,62635
attn,268,0,8,12266
o_proj,268,0,8,36686
post_layernorm,268,0,8,68008
gate_proj,268,0,8,103077
up_proj,268,0,8,96306
act_fn,268,0,8,13088
down_proj,268,0,8,92599
final_layernorm,268,0,8,69300
lm_head,268,0,8,209789
embedding,269,0,8,27177
input_layernorm,269,0,8,66758
q_proj,269,0,8,51604
k_proj,269,0,8,10439
v_proj,269,0,8,9930
rope,269,0,8,62988
attn,269,0,8,12147
o_proj,269,0,8,36654
post_layernorm,269,0,8,67983
gate_proj,269,0,8,102225
up_proj,269,0,8,96599
act_fn,269,0,8,13235
down_proj,269,0,8,92662
final_layernorm,269,0,8,68880
lm_head,269,0,8,209632
embedding,270,0,8,27000
input_layernorm,270,0,8,66942
q_proj,270,0,8,51676
k_proj,270,0,8,10469
v_proj,270,0,8,9970
rope,270,0,8,63052
attn,270,0,8,12390
o_proj,270,0,8,36688
post_layernorm,270,0,8,68223
gate_proj,270,0,8,102538
up_proj,270,0,8,97049
act_fn,270,0,8,13210
down_proj,270,0,8,92989
final_layernorm,270,0,8,69353
lm_head,270,0,8,210228
embedding,271,0,8,27008
input_layernorm,271,0,8,67613
q_proj,271,0,8,50352
k_proj,271,0,8,10542
v_proj,271,0,8,9975
rope,271,0,8,63233
attn,271,0,8,12324
o_proj,271,0,8,36944
post_layernorm,271,0,8,68743
gate_proj,271,0,8,102888
up_proj,271,0,8,96707
act_fn,271,0,8,13167
down_proj,271,0,8,92670
final_layernorm,271,0,8,69900
lm_head,271,0,8,210508
embedding,272,0,8,26935
input_layernorm,272,0,8,66825
q_proj,272,0,8,53672
k_proj,272,0,8,10439
v_proj,272,0,8,9840
rope,272,0,8,63542
attn,272,0,8,12205
o_proj,272,0,8,36356
post_layernorm,272,0,8,68107
gate_proj,272,0,8,103690
up_proj,272,0,8,101075
act_fn,272,0,8,13248
down_proj,272,0,8,93630
final_layernorm,272,0,8,68720
lm_head,272,0,8,215995
embedding,273,0,8,26983
input_layernorm,273,0,8,67450
q_proj,273,0,8,50212
k_proj,273,0,8,10574
v_proj,273,0,8,9932
rope,273,0,8,63318
attn,273,0,8,12187
o_proj,273,0,8,37110
post_layernorm,273,0,8,68588
gate_proj,273,0,8,103465
up_proj,273,0,8,101092
act_fn,273,0,8,13297
down_proj,273,0,8,93572
final_layernorm,273,0,8,69735
lm_head,273,0,8,216311
embedding,274,0,8,27750
input_layernorm,274,0,8,67445
q_proj,274,0,8,49108
k_proj,274,0,8,10678
v_proj,274,0,8,10031
rope,274,0,8,63807
attn,274,0,8,12261
o_proj,274,0,8,37114
post_layernorm,274,0,8,69173
gate_proj,274,0,8,103957
up_proj,274,0,8,101458
act_fn,274,0,8,13393
down_proj,274,0,8,93741
final_layernorm,274,0,8,70312
lm_head,274,0,8,217278
embedding,275,0,8,27660
input_layernorm,275,0,8,67880
q_proj,275,0,8,48666
k_proj,275,0,8,10601
v_proj,275,0,8,9947
rope,275,0,8,62933
attn,275,0,8,12246
o_proj,275,0,8,37418
post_layernorm,275,0,8,69068
gate_proj,275,0,8,103903
up_proj,275,0,8,100731
act_fn,275,0,8,13353
down_proj,275,0,8,93632
final_layernorm,275,0,8,70027
lm_head,275,0,8,216440
embedding,276,0,8,27745
input_layernorm,276,0,8,68127
q_proj,276,0,8,48714
k_proj,276,0,8,10696
v_proj,276,0,8,10045
rope,276,0,8,63533
attn,276,0,8,12191
o_proj,276,0,8,37018
post_layernorm,276,0,8,69035
gate_proj,276,0,8,103959
up_proj,276,0,8,101528
act_fn,276,0,8,13487
down_proj,276,0,8,93793
final_layernorm,276,0,8,70677
lm_head,276,0,8,217431
embedding,277,0,8,27610
input_layernorm,277,0,8,68303
q_proj,277,0,8,48844
k_proj,277,0,8,10573
v_proj,277,0,8,9952
rope,277,0,8,63265
attn,277,0,8,12248
o_proj,277,0,8,37082
post_layernorm,277,0,8,69423
gate_proj,277,0,8,103890
up_proj,277,0,8,101322
act_fn,277,0,8,13432
down_proj,277,0,8,93806
final_layernorm,277,0,8,70915
lm_head,277,0,8,217105
embedding,278,0,8,28102
input_layernorm,278,0,8,68922
q_proj,278,0,8,48536
k_proj,278,0,8,10740
v_proj,278,0,8,10057
rope,278,0,8,63982
attn,278,0,8,12444
o_proj,278,0,8,37384
post_layernorm,278,0,8,69920
gate_proj,278,0,8,104230
up_proj,278,0,8,102356
act_fn,278,0,8,13453
down_proj,278,0,8,93966
final_layernorm,278,0,8,71260
lm_head,278,0,8,218156
embedding,279,0,8,28150
input_layernorm,279,0,8,68437
q_proj,279,0,8,48314
k_proj,279,0,8,10644
v_proj,279,0,8,9957
rope,279,0,8,63508
attn,279,0,8,12347
o_proj,279,0,8,37160
post_layernorm,279,0,8,69410
gate_proj,279,0,8,103731
up_proj,279,0,8,101147
act_fn,279,0,8,13377
down_proj,279,0,8,93797
final_layernorm,279,0,8,70292
lm_head,279,0,8,217166
embedding,280,0,8,28218
input_layernorm,280,0,8,67970
q_proj,280,0,8,48166
k_proj,280,0,8,10541
v_proj,280,0,8,9914
rope,280,0,8,63533
attn,280,0,8,12421
o_proj,280,0,8,37244
post_layernorm,280,0,8,68920
gate_proj,280,0,8,103903
up_proj,280,0,8,101365
act_fn,280,0,8,13297
down_proj,280,0,8,93639
final_layernorm,280,0,8,70290
lm_head,280,0,8,216982
embedding,281,0,8,28105
input_layernorm,281,0,8,68635
q_proj,281,0,8,48074
k_proj,281,0,8,10646
v_proj,281,0,8,9906
rope,281,0,8,63857
attn,281,0,8,12354
o_proj,281,0,8,37118
post_layernorm,281,0,8,69668
gate_proj,281,0,8,103983
up_proj,281,0,8,101086
act_fn,281,0,8,13380
down_proj,281,0,8,93730
final_layernorm,281,0,8,70573
lm_head,281,0,8,217226
embedding,282,0,8,28108
input_layernorm,282,0,8,69245
q_proj,282,0,8,48132
k_proj,282,0,8,10682
v_proj,282,0,8,9980
rope,282,0,8,64048
attn,282,0,8,12358
o_proj,282,0,8,37056
post_layernorm,282,0,8,70020
gate_proj,282,0,8,103894
up_proj,282,0,8,101937
act_fn,282,0,8,13517
down_proj,282,0,8,93659
final_layernorm,282,0,8,70922
lm_head,282,0,8,217661
embedding,283,0,8,28207
input_layernorm,283,0,8,68907
q_proj,283,0,8,48110
k_proj,283,0,8,10696
v_proj,283,0,8,9943
rope,283,0,8,63488
attn,283,0,8,12336
o_proj,283,0,8,37052
post_layernorm,283,0,8,70163
gate_proj,283,0,8,103701
up_proj,283,0,8,101963
act_fn,283,0,8,13607
down_proj,283,0,8,94057
final_layernorm,283,0,8,71092
lm_head,283,0,8,217761
embedding,284,0,8,28003
input_layernorm,284,0,8,68810
q_proj,284,0,8,48216
k_proj,284,0,8,10647
v_proj,284,0,8,9931
rope,284,0,8,63615
attn,284,0,8,12376
o_proj,284,0,8,37376
post_layernorm,284,0,8,69738
gate_proj,284,0,8,103942
up_proj,284,0,8,101110
act_fn,284,0,8,13400
down_proj,284,0,8,93810
final_layernorm,284,0,8,71085
lm_head,284,0,8,217108
embedding,285,0,8,28143
input_layernorm,285,0,8,68887
q_proj,285,0,8,47898
k_proj,285,0,8,10708
v_proj,285,0,8,9946
rope,285,0,8,63588
attn,285,0,8,12308
o_proj,285,0,8,36960
post_layernorm,285,0,8,70042
gate_proj,285,0,8,103593
up_proj,285,0,8,101879
act_fn,285,0,8,13573
down_proj,285,0,8,94035
final_layernorm,285,0,8,71247
lm_head,285,0,8,217630
embedding,286,0,8,28235
input_layernorm,286,0,8,69278
q_proj,286,0,8,48148
k_proj,286,0,8,10632
v_proj,286,0,8,9974
rope,286,0,8,63770
attn,286,0,8,12481
o_proj,286,0,8,37248
post_layernorm,286,0,8,70643
gate_proj,286,0,8,104007
up_proj,286,0,8,100952
act_fn,286,0,8,13550
down_proj,286,0,8,94087
final_layernorm,286,0,8,71695
lm_head,286,0,8,218192
embedding,287,0,8,28433
input_layernorm,287,0,8,69578
q_proj,287,0,8,47794
k_proj,287,0,8,10698
v_proj,287,0,8,9994
rope,287,0,8,63742
attn,287,0,8,12407
o_proj,287,0,8,37292
post_layernorm,287,0,8,70625
gate_proj,287,0,8,104197
up_proj,287,0,8,102091
act_fn,287,0,8,13585
down_proj,287,0,8,94144
final_layernorm,287,0,8,71867
lm_head,287,0,8,218247
embedding,288,0,8,28355
input_layernorm,288,0,8,69188
q_proj,288,0,8,53882
k_proj,288,0,8,11992
v_proj,288,0,8,11470
rope,288,0,8,64172
attn,288,0,8,12418
o_proj,288,0,8,36426
post_layernorm,288,0,8,70210
gate_proj,288,0,8,118666
up_proj,288,0,8,111198
act_fn,288,0,8,13777
down_proj,288,0,8,100570
final_layernorm,288,0,8,71293
lm_head,288,0,8,233427
embedding,289,0,8,28317
input_layernorm,289,0,8,69382
q_proj,289,0,8,57646
k_proj,289,0,8,11943
v_proj,289,0,8,11340
rope,289,0,8,63368
attn,289,0,8,12396
o_proj,289,0,8,37374
post_layernorm,289,0,8,70590
gate_proj,289,0,8,105332
up_proj,289,0,8,106119
act_fn,289,0,8,13645
down_proj,289,0,8,95333
final_layernorm,289,0,8,71203
lm_head,289,0,8,224814
embedding,290,0,8,28512
input_layernorm,290,0,8,69778
q_proj,290,0,8,57546
k_proj,290,0,8,11946
v_proj,290,0,8,11379
rope,290,0,8,63595
attn,290,0,8,12430
o_proj,290,0,8,37232
post_layernorm,290,0,8,70785
gate_proj,290,0,8,105770
up_proj,290,0,8,106258
act_fn,290,0,8,13618
down_proj,290,0,8,95463
final_layernorm,290,0,8,72153
lm_head,290,0,8,224814
embedding,291,0,8,28427
input_layernorm,291,0,8,70053
q_proj,291,0,8,57186
k_proj,291,0,8,11966
v_proj,291,0,8,11387
rope,291,0,8,63532
attn,291,0,8,12451
o_proj,291,0,8,37296
post_layernorm,291,0,8,71247
gate_proj,291,0,8,106100
up_proj,291,0,8,106188
act_fn,291,0,8,13742
down_proj,291,0,8,95416
final_layernorm,291,0,8,72403
lm_head,291,0,8,225390
embedding,292,0,8,28970
input_layernorm,292,0,8,70333
q_proj,292,0,8,56690
k_proj,292,0,8,11934
v_proj,292,0,8,11341
rope,292,0,8,63898
attn,292,0,8,12536
o_proj,292,0,8,36900
post_layernorm,292,0,8,71003
gate_proj,292,0,8,105848
up_proj,292,0,8,105816
act_fn,292,0,8,13798
down_proj,292,0,8,95320
final_layernorm,292,0,8,72100
lm_head,292,0,8,225128
embedding,293,0,8,28978
input_layernorm,293,0,8,69778
q_proj,293,0,8,56962
k_proj,293,0,8,11848
v_proj,293,0,8,11342
rope,293,0,8,63498
attn,293,0,8,12446
o_proj,293,0,8,36986
post_layernorm,293,0,8,70845
gate_proj,293,0,8,105837
up_proj,293,0,8,105614
act_fn,293,0,8,13760
down_proj,293,0,8,95427
final_layernorm,293,0,8,71332
lm_head,293,0,8,225142
embedding,294,0,8,29022
input_layernorm,294,0,8,69593
q_proj,294,0,8,56658
k_proj,294,0,8,11913
v_proj,294,0,8,11350
rope,294,0,8,63593
attn,294,0,8,12507
o_proj,294,0,8,36864
post_layernorm,294,0,8,71055
gate_proj,294,0,8,105720
up_proj,294,0,8,105933
act_fn,294,0,8,13830
down_proj,294,0,8,95606
final_layernorm,294,0,8,71997
lm_head,294,0,8,225326
embedding,295,0,8,29513
input_layernorm,295,0,8,69857
q_proj,295,0,8,55820
k_proj,295,0,8,11986
v_proj,295,0,8,11429
rope,295,0,8,63765
attn,295,0,8,12612
o_proj,295,0,8,37658
post_layernorm,295,0,8,71485
gate_proj,295,0,8,106555
up_proj,295,0,8,106847
act_fn,295,0,8,13922
down_proj,295,0,8,95338
final_layernorm,295,0,8,72757
lm_head,295,0,8,226143
embedding,296,0,8,29318
input_layernorm,296,0,8,69603
q_proj,296,0,8,55292
k_proj,296,0,8,11881
v_proj,296,0,8,11257
rope,296,0,8,63802
attn,296,0,8,12470
o_proj,296,0,8,37178
post_layernorm,296,0,8,71163
gate_proj,296,0,8,105805
up_proj,296,0,8,105688
act_fn,296,0,8,13847
down_proj,296,0,8,95572
final_layernorm,296,0,8,71962
lm_head,296,0,8,225193
embedding,297,0,8,29817
input_layernorm,297,0,8,70043
q_proj,297,0,8,56312
k_proj,297,0,8,11989
v_proj,297,0,8,11446
rope,297,0,8,63900
attn,297,0,8,12566
o_proj,297,0,8,37526
post_layernorm,297,0,8,72068
gate_proj,297,0,8,106437
up_proj,297,0,8,107003
act_fn,297,0,8,13915
down_proj,297,0,8,95708
final_layernorm,297,0,8,72947
lm_head,297,0,8,226456
embedding,298,0,8,29752
input_layernorm,298,0,8,69927
q_proj,298,0,8,55724
k_proj,298,0,8,11862
v_proj,298,0,8,11319
rope,298,0,8,63525
attn,298,0,8,12562
o_proj,298,0,8,37130
post_layernorm,298,0,8,71167
gate_proj,298,0,8,105744
up_proj,298,0,8,106327
act_fn,298,0,8,13910
down_proj,298,0,8,95498
final_layernorm,298,0,8,72632
lm_head,298,0,8,225416
embedding,299,0,8,30027
input_layernorm,299,0,8,70615
q_proj,299,0,8,55934
k_proj,299,0,8,12086
v_proj,299,0,8,11469
rope,299,0,8,64187
attn,299,0,8,12609
o_proj,299,0,8,37366
post_layernorm,299,0,8,72245
gate_proj,299,0,8,106450
up_proj,299,0,8,107244
act_fn,299,0,8,14013
down_proj,299,0,8,96256
final_layernorm,299,0,8,73677
lm_head,299,0,8,227165
embedding,300,0,8,29518
input_layernorm,300,0,8,70500
q_proj,300,0,8,55062
k_proj,300,0,8,11934
v_proj,300,0,8,11346
rope,300,0,8,64233
attn,300,0,8,12600
o_proj,300,0,8,37070
post_layernorm,300,0,8,71797
gate_proj,300,0,8,105896
up_proj,300,0,8,106494
act_fn,300,0,8,13878
down_proj,300,0,8,95643
final_layernorm,300,0,8,73220
lm_head,300,0,8,225614
embedding,301,0,8,29775
input_layernorm,301,0,8,70590
q_proj,301,0,8,54598
k_proj,301,0,8,11987
v_proj,301,0,8,11372
rope,301,0,8,63717
attn,301,0,8,12497
o_proj,301,0,8,37434
post_layernorm,301,0,8,72112
gate_proj,301,0,8,106448
up_proj,301,0,8,106394
act_fn,301,0,8,13918
down_proj,301,0,8,95648
final_layernorm,301,0,8,73447
lm_head,301,0,8,226205
embedding,302,0,8,29525
input_layernorm,302,0,8,70828
q_proj,302,0,8,54782
k_proj,302,0,8,11923
v_proj,302,0,8,11337
rope,302,0,8,63710
attn,302,0,8,12514
o_proj,302,0,8,37384
post_layernorm,302,0,8,72130
gate_proj,302,0,8,105920
up_proj,302,0,8,105532
act_fn,302,0,8,15128
down_proj,302,0,8,95830
final_layernorm,302,0,8,73408
lm_head,302,0,8,226273
embedding,303,0,8,29857
input_layernorm,303,0,8,71345
q_proj,303,0,8,52764
k_proj,303,0,8,12057
v_proj,303,0,8,11495
rope,303,0,8,64555
attn,303,0,8,12650
o_proj,303,0,8,37340
post_layernorm,303,0,8,72557
gate_proj,303,0,8,106810
up_proj,303,0,8,107081
act_fn,303,0,8,15083
down_proj,303,0,8,95853
final_layernorm,303,0,8,73653
lm_head,303,0,8,227444
embedding,304,0,8,29845
input_layernorm,304,0,8,70828
q_proj,304,0,8,52796
k_proj,304,0,8,11953
v_proj,304,0,8,11351
rope,304,0,8,64323
attn,304,0,8,12585
o_proj,304,0,8,37308
post_layernorm,304,0,8,71748
gate_proj,304,0,8,115212
up_proj,304,0,8,109284
act_fn,304,0,8,14973
down_proj,304,0,8,100975
final_layernorm,304,0,8,72890
lm_head,304,0,8,232750
embedding,305,0,8,29808
input_layernorm,305,0,8,71283
q_proj,305,0,8,52558
k_proj,305,0,8,12036
v_proj,305,0,8,11457
rope,305,0,8,64487
attn,305,0,8,12626
o_proj,305,0,8,41560
post_layernorm,305,0,8,72470
gate_proj,305,0,8,121931
up_proj,305,0,8,115997
act_fn,305,0,8,15352
down_proj,305,0,8,103053
final_layernorm,305,0,8,73583
lm_head,305,0,8,233488
embedding,306,0,8,29662
input_layernorm,306,0,8,71313
q_proj,306,0,8,50824
k_proj,306,0,8,11976
v_proj,306,0,8,11372
rope,306,0,8,63972
attn,306,0,8,12539
o_proj,306,0,8,41710
post_layernorm,306,0,8,72625
gate_proj,306,0,8,119375
up_proj,306,0,8,114578
act_fn,306,0,8,15502
down_proj,306,0,8,102889
final_layernorm,306,0,8,73487
lm_head,306,0,8,233077
embedding,307,0,8,29743
input_layernorm,307,0,8,71630
q_proj,307,0,8,52906
k_proj,307,0,8,12033
v_proj,307,0,8,11410
rope,307,0,8,64273
attn,307,0,8,12679
o_proj,307,0,8,41888
post_layernorm,307,0,8,72732
gate_proj,307,0,8,121067
up_proj,307,0,8,115221
act_fn,307,0,8,15400
down_proj,307,0,8,102940
final_layernorm,307,0,8,72945
lm_head,307,0,8,233579
embedding,308,0,8,30352
input_layernorm,308,0,8,71322
q_proj,308,0,8,51274
k_proj,308,0,8,11970
v_proj,308,0,8,11320
rope,308,0,8,64537
attn,308,0,8,12611
o_proj,308,0,8,41454
post_layernorm,308,0,8,72682
gate_proj,308,0,8,120634
up_proj,308,0,8,115834
act_fn,308,0,8,15405
down_proj,308,0,8,103036
final_layernorm,308,0,8,73248
lm_head,308,0,8,233252
embedding,309,0,8,30442
input_layernorm,309,0,8,71868
q_proj,309,0,8,50596
k_proj,309,0,8,12026
v_proj,309,0,8,11372
rope,309,0,8,64177
attn,309,0,8,12647
o_proj,309,0,8,41772
post_layernorm,309,0,8,73163
gate_proj,309,0,8,122070
up_proj,309,0,8,116084
act_fn,309,0,8,15380
down_proj,309,0,8,103333
final_layernorm,309,0,8,73518
lm_head,309,0,8,233722
embedding,310,0,8,30478
input_layernorm,310,0,8,71403
q_proj,310,0,8,50668
k_proj,310,0,8,12021
v_proj,310,0,8,11378
rope,310,0,8,64382
attn,310,0,8,12670
o_proj,310,0,8,41818
post_layernorm,310,0,8,73072
gate_proj,310,0,8,120731
up_proj,310,0,8,115213
act_fn,310,0,8,15433
down_proj,310,0,8,103105
final_layernorm,310,0,8,73772
lm_head,310,0,8,233543
embedding,311,0,8,31137
input_layernorm,311,0,8,71987
q_proj,311,0,8,50416
k_proj,311,0,8,12150
v_proj,311,0,8,11507
rope,311,0,8,64922
attn,311,0,8,12720
o_proj,311,0,8,41964
post_layernorm,311,0,8,73705
gate_proj,311,0,8,121465
up_proj,311,0,8,116038
act_fn,311,0,8,15567
down_proj,311,0,8,103456
final_layernorm,311,0,8,74265
lm_head,311,0,8,234872
embedding,312,0,8,31125
input_layernorm,312,0,8,71997
q_proj,312,0,8,49666
k_proj,312,0,8,12071
v_proj,312,0,8,11414
rope,312,0,8,64998
attn,312,0,8,12733
o_proj,312,0,8,41590
post_layernorm,312,0,8,73210
gate_proj,312,0,8,120601
up_proj,312,0,8,114367
act_fn,312,0,8,15710
down_proj,312,0,8,103458
final_layernorm,312,0,8,74057
lm_head,312,0,8,234336
embedding,313,0,8,30752
input_layernorm,313,0,8,71848
q_proj,313,0,8,49952
k_proj,313,0,8,12026
v_proj,313,0,8,11378
rope,313,0,8,64193
attn,313,0,8,12725
o_proj,313,0,8,40070
post_layernorm,313,0,8,73503
gate_proj,313,0,8,115384
up_proj,313,0,8,110075
act_fn,313,0,8,15260
down_proj,313,0,8,101305
final_layernorm,313,0,8,74118
lm_head,313,0,8,234153
embedding,314,0,8,30923
input_layernorm,314,0,8,72325
q_proj,314,0,8,49870
k_proj,314,0,8,11998
v_proj,314,0,8,11365
rope,314,0,8,64550
attn,314,0,8,12718
o_proj,314,0,8,39832
post_layernorm,314,0,8,73238
gate_proj,314,0,8,115043
up_proj,314,0,8,109930
act_fn,314,0,8,15097
down_proj,314,0,8,101419
final_layernorm,314,0,8,73995
lm_head,314,0,8,233906
embedding,315,0,8,30793
input_layernorm,315,0,8,71962
q_proj,315,0,8,50034
k_proj,315,0,8,11982
v_proj,315,0,8,11367
rope,315,0,8,64453
attn,315,0,8,12695
o_proj,315,0,8,40002
post_layernorm,315,0,8,73443
gate_proj,315,0,8,115544
up_proj,315,0,8,109752
act_fn,315,0,8,15103
down_proj,315,0,8,101246
final_layernorm,315,0,8,74393
lm_head,315,0,8,233780
embedding,316,0,8,30865
input_layernorm,316,0,8,72157
q_proj,316,0,8,49888
k_proj,316,0,8,11983
v_proj,316,0,8,11399
rope,316,0,8,64792
attn,316,0,8,12697
o_proj,316,0,8,39986
post_layernorm,316,0,8,73812
gate_proj,316,0,8,115161
up_proj,316,0,8,109462
act_fn,316,0,8,15330
down_proj,316,0,8,101465
final_layernorm,316,0,8,74903
lm_head,316,0,8,234269
embedding,317,0,8,31017
input_layernorm,317,0,8,72882
q_proj,317,0,8,49932
k_proj,317,0,8,12018
v_proj,317,0,8,11347
rope,317,0,8,64330
attn,317,0,8,12734
o_proj,317,0,8,39958
post_layernorm,317,0,8,73765
gate_proj,317,0,8,115312
up_proj,317,0,8,109735
act_fn,317,0,8,15037
down_proj,317,0,8,101558
final_layernorm,317,0,8,75002
lm_head,317,0,8,233835
embedding,318,0,8,30867
input_layernorm,318,0,8,72412
q_proj,318,0,8,49758
k_proj,318,0,8,11942
v_proj,318,0,8,11367
rope,318,0,8,64473
attn,318,0,8,12773
o_proj,318,0,8,40024
post_layernorm,318,0,8,73902
gate_proj,318,0,8,115226
up_proj,318,0,8,109655
act_fn,318,0,8,15185
down_proj,318,0,8,101697
final_layernorm,318,0,8,75167
lm_head,318,0,8,234359
embedding,319,0,8,31357
input_layernorm,319,0,8,72772
q_proj,319,0,8,50160
k_proj,319,0,8,12142
v_proj,319,0,8,11581
rope,319,0,8,64890
attn,319,0,8,12895
o_proj,319,0,8,40328
post_layernorm,319,0,8,74187
gate_proj,319,0,8,116183
up_proj,319,0,8,111072
act_fn,319,0,8,15473
down_proj,319,0,8,101799
final_layernorm,319,0,8,75203
lm_head,319,0,8,235587
embedding,320,0,8,30872
input_layernorm,320,0,8,72795
q_proj,320,0,8,59526
k_proj,320,0,8,11973
v_proj,320,0,8,11351
rope,320,0,8,64860
attn,320,0,8,12959
o_proj,320,0,8,39950
post_layernorm,320,0,8,73772
gate_proj,320,0,8,115366
up_proj,320,0,8,110116
act_fn,320,0,8,15408
down_proj,320,0,8,101846
final_layernorm,320,0,8,74452
lm_head,320,0,8,242376
embedding,321,0,8,30935
input_layernorm,321,0,8,72587
q_proj,321,0,8,56724
k_proj,321,0,8,10823
v_proj,321,0,8,10166
rope,321,0,8,64395
attn,321,0,8,15389
o_proj,321,0,8,38990
post_layernorm,321,0,8,74110
gate_proj,321,0,8,121303
up_proj,321,0,8,119990
act_fn,321,0,8,15640
down_proj,321,0,8,103944
final_layernorm,321,0,8,74657
lm_head,321,0,8,255479
embedding,322,0,8,31185
input_layernorm,322,0,8,72963
q_proj,322,0,8,56244
k_proj,322,0,8,10734
v_proj,322,0,8,10274
rope,322,0,8,64798
attn,322,0,8,15426
o_proj,322,0,8,39000
post_layernorm,322,0,8,74510
gate_proj,322,0,8,123138
up_proj,322,0,8,119212
act_fn,322,0,8,15470
down_proj,322,0,8,104446
final_layernorm,322,0,8,75235
lm_head,322,0,8,257718
embedding,323,0,8,31272
input_layernorm,323,0,8,73008
q_proj,323,0,8,56356
k_proj,323,0,8,10743
v_proj,323,0,8,10159
rope,323,0,8,64557
attn,323,0,8,15432
o_proj,323,0,8,39120
post_layernorm,323,0,8,74222
gate_proj,323,0,8,121732
up_proj,323,0,8,118599
act_fn,323,0,8,15488
down_proj,323,0,8,104331
final_layernorm,323,0,8,74830
lm_head,323,0,8,257672
embedding,324,0,8,31332
input_layernorm,324,0,8,73262
q_proj,324,0,8,56224
k_proj,324,0,8,10801
v_proj,324,0,8,10158
rope,324,0,8,65348
attn,324,0,8,15453
o_proj,324,0,8,39130
post_layernorm,324,0,8,74433
gate_proj,324,0,8,121970
up_proj,324,0,8,118484
act_fn,324,0,8,15537
down_proj,324,0,8,104368
final_layernorm,324,0,8,75110
lm_head,324,0,8,257158
embedding,325,0,8,31783
input_layernorm,325,0,8,73128
q_proj,325,0,8,56314
k_proj,325,0,8,10757
v_proj,325,0,8,10148
rope,325,0,8,64552
attn,325,0,8,15373
o_proj,325,0,8,39130
post_layernorm,325,0,8,74783
gate_proj,325,0,8,122142
up_proj,325,0,8,120250
act_fn,325,0,8,15687
down_proj,325,0,8,103909
final_layernorm,325,0,8,75843
lm_head,325,0,8,257065
embedding,326,0,8,31782
input_layernorm,326,0,8,73207
q_proj,326,0,8,56698
k_proj,326,0,8,10719
v_proj,326,0,8,10183
rope,326,0,8,64712
attn,326,0,8,15337
o_proj,326,0,8,38808
post_layernorm,326,0,8,74650
gate_proj,326,0,8,121407
up_proj,326,0,8,117678
act_fn,326,0,8,15485
down_proj,326,0,8,104286
final_layernorm,326,0,8,75738
lm_head,326,0,8,256777
embedding,327,0,8,32450
input_layernorm,327,0,8,73523
q_proj,327,0,8,56528
k_proj,327,0,8,10725
v_proj,327,0,8,10228
rope,327,0,8,64872
attn,327,0,8,15496
o_proj,327,0,8,39234
post_layernorm,327,0,8,75030
gate_proj,327,0,8,123565
up_proj,327,0,8,118878
act_fn,327,0,8,15693
down_proj,327,0,8,104269
final_layernorm,327,0,8,76645
lm_head,327,0,8,256535
embedding,328,0,8,31945
input_layernorm,328,0,8,73280
q_proj,328,0,8,56654
k_proj,328,0,8,10723
v_proj,328,0,8,10156
rope,328,0,8,65317
attn,328,0,8,15415
o_proj,328,0,8,39178
post_layernorm,328,0,8,74418
gate_proj,328,0,8,117461
up_proj,328,0,8,114281
act_fn,328,0,8,15337
down_proj,328,0,8,104245
final_layernorm,328,0,8,75545
lm_head,328,0,8,255870
embedding,329,0,8,32422
input_layernorm,329,0,8,73975
q_proj,329,0,8,56828
k_proj,329,0,8,10863
v_proj,329,0,8,10301
rope,329,0,8,65090
attn,329,0,8,15647
o_proj,329,0,8,39524
post_layernorm,329,0,8,75418
gate_proj,329,0,8,122200
up_proj,329,0,8,118205
act_fn,329,0,8,15678
down_proj,329,0,8,105003
final_layernorm,329,0,8,76053
lm_head,329,0,8,257510
embedding,330,0,8,32112
input_layernorm,330,0,8,73700
q_proj,330,0,8,56632
k_proj,330,0,8,10711
v_proj,330,0,8,10235
rope,330,0,8,64778
attn,330,0,8,15433
o_proj,330,0,8,38996
post_layernorm,330,0,8,75452
gate_proj,330,0,8,121444
up_proj,330,0,8,117825
act_fn,330,0,8,15612
down_proj,330,0,8,104487
final_layernorm,330,0,8,76612
lm_head,330,0,8,257036
embedding,331,0,8,32125
input_layernorm,331,0,8,73652
q_proj,331,0,8,56890
k_proj,331,0,8,10733
v_proj,331,0,8,10189
rope,331,0,8,64840
attn,331,0,8,15391
o_proj,331,0,8,39034
post_layernorm,331,0,8,74992
gate_proj,331,0,8,122302
up_proj,331,0,8,118445
act_fn,331,0,8,15635
down_proj,331,0,8,104563
final_layernorm,331,0,8,75657
lm_head,331,0,8,255830
embedding,332,0,8,32188
input_layernorm,332,0,8,73753
q_proj,332,0,8,56256
k_proj,332,0,8,10753
v_proj,332,0,8,10210
rope,332,0,8,65405
attn,332,0,8,15406
o_proj,332,0,8,39198
post_layernorm,332,0,8,75575
gate_proj,332,0,8,122648
up_proj,332,0,8,119264
act_fn,332,0,8,15633
down_proj,332,0,8,104617
final_layernorm,332,0,8,76318
lm_head,332,0,8,256462
embedding,333,0,8,32358
input_layernorm,333,0,8,74225
q_proj,333,0,8,56792
k_proj,333,0,8,10744
v_proj,333,0,8,10204
rope,333,0,8,65153
attn,333,0,8,15504
o_proj,333,0,8,39288
post_layernorm,333,0,8,76030
gate_proj,333,0,8,122170
up_proj,333,0,8,118694
act_fn,333,0,8,15668
down_proj,333,0,8,105036
final_layernorm,333,0,8,76825
lm_head,333,0,8,257415
embedding,334,0,8,32443
input_layernorm,334,0,8,74458
q_proj,334,0,8,56762
k_proj,334,0,8,10887
v_proj,334,0,8,10253
rope,334,0,8,65568
attn,334,0,8,15573
o_proj,334,0,8,39268
post_layernorm,334,0,8,76030
gate_proj,334,0,8,122753
up_proj,334,0,8,120839
act_fn,334,0,8,15793
down_proj,334,0,8,105250
final_layernorm,334,0,8,76962
lm_head,334,0,8,258154
embedding,335,0,8,32547
input_layernorm,335,0,8,74283
q_proj,335,0,8,56470
k_proj,335,0,8,10715
v_proj,335,0,8,10155
rope,335,0,8,65242
attn,335,0,8,15375
o_proj,335,0,8,39326
post_layernorm,335,0,8,75905
gate_proj,335,0,8,121379
up_proj,335,0,8,118462
act_fn,335,0,8,15812
down_proj,335,0,8,104988
final_layernorm,335,0,8,76485
lm_head,335,0,8,258704
embedding,336,0,8,32232
input_layernorm,336,0,8,74118
q_proj,336,0,8,56666
k_proj,336,0,8,10693
v_proj,336,0,8,10057
rope,336,0,8,66042
attn,336,0,8,15394
o_proj,336,0,8,41578
post_layernorm,336,0,8,75575
gate_proj,336,0,8,121836
up_proj,336,0,8,118504
act_fn,336,0,8,15890
down_proj,336,0,8,107009
final_layernorm,336,0,8,76023
lm_head,336,0,8,256589
embedding,337,0,8,32558
input_layernorm,337,0,8,74788
q_proj,337,0,8,54392
k_proj,337,0,8,10636
v_proj,337,0,8,9868
rope,337,0,8,65930
attn,337,0,8,15416
o_proj,337,0,8,40116
post_layernorm,337,0,8,76192
gate_proj,337,0,8,120018
up_proj,337,0,8,120261
act_fn,337,0,8,15828
down_proj,337,0,8,107415
final_layernorm,337,0,8,77080
lm_head,337,0,8,266531
embedding,338,0,8,32452
input_layernorm,338,0,8,74940
q_proj,338,0,8,53990
k_proj,338,0,8,10757
v_proj,338,0,8,10015
rope,338,0,8,65940
attn,338,0,8,15371
o_proj,338,0,8,40176
post_layernorm,338,0,8,76530
gate_proj,338,0,8,121784
up_proj,338,0,8,119500
act_fn,338,0,8,15872
down_proj,338,0,8,107701
final_layernorm,338,0,8,76967
lm_head,338,0,8,267135
embedding,339,0,8,32458
input_layernorm,339,0,8,74943
q_proj,339,0,8,53484
k_proj,339,0,8,10678
v_proj,339,0,8,9902
rope,339,0,8,65988
attn,339,0,8,15427
o_proj,339,0,8,40154
post_layernorm,339,0,8,76265
gate_proj,339,0,8,119973
up_proj,339,0,8,121253
act_fn,339,0,8,16008
down_proj,339,0,8,107332
final_layernorm,339,0,8,77002
lm_head,339,0,8,266790
embedding,340,0,8,32323
input_layernorm,340,0,8,75090
q_proj,340,0,8,53794
k_proj,340,0,8,10614
v_proj,340,0,8,9833
rope,340,0,8,66405
attn,340,0,8,15444
o_proj,340,0,8,39898
post_layernorm,340,0,8,76763
gate_proj,340,0,8,121570
up_proj,340,0,8,119615
act_fn,340,0,8,15878
down_proj,340,0,8,107703
final_layernorm,340,0,8,77430
lm_head,340,0,8,266086
embedding,341,0,8,33152
input_layernorm,341,0,8,75073
q_proj,341,0,8,54042
k_proj,341,0,8,10633
v_proj,341,0,8,9835
rope,341,0,8,66020
attn,341,0,8,15334
o_proj,341,0,8,40074
post_layernorm,341,0,8,76543
gate_proj,341,0,8,119667
up_proj,341,0,8,120009
act_fn,341,0,8,15977
down_proj,341,0,8,107365
final_layernorm,341,0,8,77297
lm_head,341,0,8,265290
embedding,342,0,8,33175
input_layernorm,342,0,8,75552
q_proj,342,0,8,53688
k_proj,342,0,8,10597
v_proj,342,0,8,9881
rope,342,0,8,66380
attn,342,0,8,15488
o_proj,342,0,8,40522
post_layernorm,342,0,8,76662
gate_proj,342,0,8,120157
up_proj,342,0,8,120010
act_fn,342,0,8,15877
down_proj,342,0,8,107640
final_layernorm,342,0,8,78205
lm_head,342,0,8,266787
embedding,343,0,8,33648
input_layernorm,343,0,8,75723
q_proj,343,0,8,52604
k_proj,343,0,8,10688
v_proj,343,0,8,9920
rope,343,0,8,66368
attn,343,0,8,15486
o_proj,343,0,8,40612
post_layernorm,343,0,8,77012
gate_proj,343,0,8,122542
up_proj,343,0,8,119975
act_fn,343,0,8,16042
down_proj,343,0,8,107844
final_layernorm,343,0,8,78160
lm_head,343,0,8,268770
embedding,344,0,8,33092
input_layernorm,344,0,8,75450
q_proj,344,0,8,51056
k_proj,344,0,8,10572
v_proj,344,0,8,9816
rope,344,0,8,66523
attn,344,0,8,15359
o_proj,344,0,8,40366
post_layernorm,344,0,8,76422
gate_proj,344,0,8,119641
up_proj,344,0,8,119983
act_fn,344,0,8,15935
down_proj,344,0,8,107694
final_layernorm,344,0,8,77572
lm_head,344,0,8,266303
embedding,345,0,8,33485
input_layernorm,345,0,8,75865
q_proj,345,0,8,50866
k_proj,345,0,8,10612
v_proj,345,0,8,9793
rope,345,0,8,66085
attn,345,0,8,15451
o_proj,345,0,8,40730
post_layernorm,345,0,8,76785
gate_proj,345,0,8,121257
up_proj,345,0,8,119516
act_fn,345,0,8,15840
down_proj,345,0,8,107822
final_layernorm,345,0,8,78125
lm_head,345,0,8,266229
embedding,346,0,8,33698
input_layernorm,346,0,8,76017
q_proj,346,0,8,50878
k_proj,346,0,8,10609
v_proj,346,0,8,9810
rope,346,0,8,66198
attn,346,0,8,15384
o_proj,346,0,8,40570
post_layernorm,346,0,8,76947
gate_proj,346,0,8,120051
up_proj,346,0,8,119916
act_fn,346,0,8,15997
down_proj,346,0,8,107800
final_layernorm,346,0,8,78278
lm_head,346,0,8,266452
embedding,347,0,8,33777
input_layernorm,347,0,8,76352
q_proj,347,0,8,50644
k_proj,347,0,8,10727
v_proj,347,0,8,9875
rope,347,0,8,66602
attn,347,0,8,15522
o_proj,347,0,8,40804
post_layernorm,347,0,8,77315
gate_proj,347,0,8,121097
up_proj,347,0,8,120484
act_fn,347,0,8,16025
down_proj,347,0,8,108206
final_layernorm,347,0,8,78282
lm_head,347,0,8,267495
embedding,348,0,8,33800
input_layernorm,348,0,8,76423
q_proj,348,0,8,50782
k_proj,348,0,8,10655
v_proj,348,0,8,9904
rope,348,0,8,66870
attn,348,0,8,15494
o_proj,348,0,8,40746
post_layernorm,348,0,8,77308
gate_proj,348,0,8,120261
up_proj,348,0,8,120293
act_fn,348,0,8,16102
down_proj,348,0,8,108114
final_layernorm,348,0,8,78607
lm_head,348,0,8,266858
embedding,349,0,8,33365
input_layernorm,349,0,8,76115
q_proj,349,0,8,50126
k_proj,349,0,8,10590
v_proj,349,0,8,9867
rope,349,0,8,66235
attn,349,0,8,15341
o_proj,349,0,8,40700
post_layernorm,349,0,8,77273
gate_proj,349,0,8,120181
up_proj,349,0,8,119645
act_fn,349,0,8,16168
down_proj,349,0,8,107779
final_layernorm,349,0,8,78717
lm_head,349,0,8,266313
embedding,350,0,8,33673
input_layernorm,350,0,8,76772
q_proj,350,0,8,51024
k_proj,350,0,8,10650
v_proj,350,0,8,9791
rope,350,0,8,66692
attn,350,0,8,15454
o_proj,350,0,8,40954
post_layernorm,350,0,8,77273
gate_proj,350,0,8,120235
up_proj,350,0,8,120287
act_fn,350,0,8,16032
down_proj,350,0,8,108322
final_layernorm,350,0,8,78650
lm_head,350,0,8,266534
embedding,351,0,8,33720
input_layernorm,351,0,8,76917
q_proj,351,0,8,49792
k_proj,351,0,8,10636
v_proj,351,0,8,9817
rope,351,0,8,66440
attn,351,0,8,15544
o_proj,351,0,8,40848
post_layernorm,351,0,8,77830
gate_proj,351,0,8,120016
up_proj,351,0,8,120395
act_fn,351,0,8,16125
down_proj,351,0,8,108340
final_layernorm,351,0,8,79042
lm_head,351,0,8,268248
embedding,352,0,8,33645
input_layernorm,352,0,8,76398
q_proj,352,0,8,62786
k_proj,352,0,8,10463
v_proj,352,0,8,9780
rope,352,0,8,67167
attn,352,0,8,15478
o_proj,352,0,8,41854
post_layernorm,352,0,8,77010
gate_proj,352,0,8,120096
up_proj,352,0,8,120543
act_fn,352,0,8,15987
down_proj,352,0,8,114504
final_layernorm,352,0,8,78400
lm_head,352,0,8,277311
embedding,353,0,8,33793
input_layernorm,353,0,8,77007
q_proj,353,0,8,70808
k_proj,353,0,8,13573
v_proj,353,0,8,12128
rope,353,0,8,66478
attn,353,0,8,15388
o_proj,353,0,8,40666
post_layernorm,353,0,8,77715
gate_proj,353,0,8,120618
up_proj,353,0,8,120074
act_fn,353,0,8,16023
down_proj,353,0,8,110359
final_layernorm,353,0,8,79163
lm_head,353,0,8,267109
embedding,354,0,8,33585
input_layernorm,354,0,8,77030
q_proj,354,0,8,73000
k_proj,354,0,8,13263
v_proj,354,0,8,12056
rope,354,0,8,66688
attn,354,0,8,15439
o_proj,354,0,8,40692
post_layernorm,354,0,8,77700
gate_proj,354,0,8,120074
up_proj,354,0,8,119945
act_fn,354,0,8,15962
down_proj,354,0,8,110156
final_layernorm,354,0,8,79195
lm_head,354,0,8,267332
embedding,355,0,8,33687
input_layernorm,355,0,8,77212
q_proj,355,0,8,71416
k_proj,355,0,8,13314
v_proj,355,0,8,12272
rope,355,0,8,66348
attn,355,0,8,15384
o_proj,355,0,8,40802
post_layernorm,355,0,8,77728
gate_proj,355,0,8,121258
up_proj,355,0,8,120124
act_fn,355,0,8,16223
down_proj,355,0,8,110396
final_layernorm,355,0,8,78753
lm_head,355,0,8,267170
embedding,356,0,8,33568
input_layernorm,356,0,8,77528
q_proj,356,0,8,69854
k_proj,356,0,8,13189
v_proj,356,0,8,12071
rope,356,0,8,67007
attn,356,0,8,15358
o_proj,356,0,8,40760
post_layernorm,356,0,8,77885
gate_proj,356,0,8,120163
up_proj,356,0,8,120025
act_fn,356,0,8,16102
down_proj,356,0,8,110305
final_layernorm,356,0,8,78920
lm_head,356,0,8,266574
embedding,357,0,8,33845
input_layernorm,357,0,8,77677
q_proj,357,0,8,69130
k_proj,357,0,8,13437
v_proj,357,0,8,12189
rope,357,0,8,66985
attn,357,0,8,15526
o_proj,357,0,8,41078
post_layernorm,357,0,8,78587
gate_proj,357,0,8,120425
up_proj,357,0,8,121112
act_fn,357,0,8,16123
down_proj,357,0,8,110613
final_layernorm,357,0,8,80005
lm_head,357,0,8,267402
embedding,358,0,8,34395
input_layernorm,358,0,8,77742
q_proj,358,0,8,68164
k_proj,358,0,8,13410
v_proj,358,0,8,12149
rope,358,0,8,66898
attn,358,0,8,15469
o_proj,358,0,8,41018
post_layernorm,358,0,8,78355
gate_proj,358,0,8,120269
up_proj,358,0,8,120993
act_fn,358,0,8,16195
down_proj,358,0,8,110836
final_layernorm,358,0,8,79705
lm_head,358,0,8,268751
embedding,359,0,8,34505
input_layernorm,359,0,8,77975
q_proj,359,0,8,70714
k_proj,359,0,8,13372
v_proj,359,0,8,12145
rope,359,0,8,66702
attn,359,0,8,15463
o_proj,359,0,8,40744
post_layernorm,359,0,8,78720
gate_proj,359,0,8,120475
up_proj,359,0,8,120874
act_fn,359,0,8,16128
down_proj,359,0,8,110795
final_layernorm,359,0,8,79998
lm_head,359,0,8,267189
embedding,360,0,8,34935
input_layernorm,360,0,8,77870
q_proj,360,0,8,56822
k_proj,360,0,8,12531
v_proj,360,0,8,12026
rope,360,0,8,67113
attn,360,0,8,15703
o_proj,360,0,8,41094
post_layernorm,360,0,8,78308
gate_proj,360,0,8,120928
up_proj,360,0,8,121392
act_fn,360,0,8,16167
down_proj,360,0,8,110608
final_layernorm,360,0,8,79727
lm_head,360,0,8,268575
embedding,361,0,8,34960
input_layernorm,361,0,8,78293
q_proj,361,0,8,60118
k_proj,361,0,8,10983
v_proj,361,0,8,10375
rope,361,0,8,66477
attn,361,0,8,15656
o_proj,361,0,8,41066
post_layernorm,361,0,8,78845
gate_proj,361,0,8,120772
up_proj,361,0,8,120854
act_fn,361,0,8,16248
down_proj,361,0,8,110873
final_layernorm,361,0,8,80290
lm_head,361,0,8,269103
embedding,362,0,8,34888
input_layernorm,362,0,8,77867
q_proj,362,0,8,60284
k_proj,362,0,8,10909
v_proj,362,0,8,10337
rope,362,0,8,66532
attn,362,0,8,15454
o_proj,362,0,8,40896
post_layernorm,362,0,8,78983
gate_proj,362,0,8,120315
up_proj,362,0,8,120491
act_fn,362,0,8,16263
down_proj,362,0,8,110654
final_layernorm,362,0,8,80008
lm_head,362,0,8,268213
embedding,363,0,8,35060
input_layernorm,363,0,8,78463
q_proj,363,0,8,59964
k_proj,363,0,8,11003
v_proj,363,0,8,10427
rope,363,0,8,66473
attn,363,0,8,15679
o_proj,363,0,8,41062
post_layernorm,363,0,8,79072
gate_proj,363,0,8,120815
up_proj,363,0,8,121299
act_fn,363,0,8,16362
down_proj,363,0,8,111189
final_layernorm,363,0,8,80130
lm_head,363,0,8,269544
embedding,364,0,8,35037
input_layernorm,364,0,8,78467
q_proj,364,0,8,59452
k_proj,364,0,8,10971
v_proj,364,0,8,10355
rope,364,0,8,67020
attn,364,0,8,15520
o_proj,364,0,8,41098
post_layernorm,364,0,8,79443
gate_proj,364,0,8,120371
up_proj,364,0,8,120802
act_fn,364,0,8,16225
down_proj,364,0,8,110751
final_layernorm,364,0,8,80457
lm_head,364,0,8,268757
embedding,365,0,8,35450
input_layernorm,365,0,8,78880
q_proj,365,0,8,59338
k_proj,365,0,8,11053
v_proj,365,0,8,10534
rope,365,0,8,67188
attn,365,0,8,15702
o_proj,365,0,8,41302
post_layernorm,365,0,8,79662
gate_proj,365,0,8,121199
up_proj,365,0,8,121505
act_fn,365,0,8,16130
down_proj,365,0,8,111074
final_layernorm,365,0,8,80950
lm_head,365,0,8,270177
embedding,366,0,8,34905
input_layernorm,366,0,8,78580
q_proj,366,0,8,58882
k_proj,366,0,8,10884
v_proj,366,0,8,10275
rope,366,0,8,66698
attn,366,0,8,15475
o_proj,366,0,8,40806
post_layernorm,366,0,8,79428
gate_proj,366,0,8,120560
up_proj,366,0,8,120581
act_fn,366,0,8,16302
down_proj,366,0,8,110647
final_layernorm,366,0,8,80537
lm_head,366,0,8,268649
embedding,367,0,8,35135
input_layernorm,367,0,8,78865
q_proj,367,0,8,58084
k_proj,367,0,8,10987
v_proj,367,0,8,10374
rope,367,0,8,67007
attn,367,0,8,15626
o_proj,367,0,8,41148
post_layernorm,367,0,8,79967
gate_proj,367,0,8,121310
up_proj,367,0,8,121283
act_fn,367,0,8,16272
down_proj,367,0,8,111159
final_layernorm,367,0,8,80955
lm_head,367,0,8,269788
embedding,368,0,8,35530
input_layernorm,368,0,8,78610
q_proj,368,0,8,57202
k_proj,368,0,8,11031
v_proj,368,0,8,10408
rope,368,0,8,67620
attn,368,0,8,15671
o_proj,368,0,8,42048
post_layernorm,368,0,8,79483
gate_proj,368,0,8,121119
up_proj,368,0,8,121284
act_fn,368,0,8,16325
down_proj,368,0,8,115080
final_layernorm,368,0,8,80655
lm_head,368,0,8,277430
embedding,369,0,8,35335
input_layernorm,369,0,8,79418
q_proj,369,0,8,57180
k_proj,369,0,8,11014
v_proj,369,0,8,10270
rope,369,0,8,67137
attn,369,0,8,15668
o_proj,369,0,8,42082
post_layernorm,369,0,8,80027
gate_proj,369,0,8,121052
up_proj,369,0,8,121375
act_fn,369,0,8,16397
down_proj,369,0,8,115633
final_layernorm,369,0,8,80822
lm_head,369,0,8,278560
embedding,370,0,8,35043
input_layernorm,370,0,8,79367
q_proj,370,0,8,57600
k_proj,370,0,8,10977
v_proj,370,0,8,10278
rope,370,0,8,67243
attn,370,0,8,15597
o_proj,370,0,8,42070
post_layernorm,370,0,8,80182
gate_proj,370,0,8,120508
up_proj,370,0,8,121052
act_fn,370,0,8,16380
down_proj,370,0,8,115065
final_layernorm,370,0,8,81613
lm_head,370,0,8,277574
embedding,371,0,8,35128
input_layernorm,371,0,8,79427
q_proj,371,0,8,55240
k_proj,371,0,8,10971
v_proj,371,0,8,10251
rope,371,0,8,66985
attn,371,0,8,15644
o_proj,371,0,8,42162
post_layernorm,371,0,8,79822
gate_proj,371,0,8,120465
up_proj,371,0,8,121305
act_fn,371,0,8,16477
down_proj,371,0,8,115498
final_layernorm,371,0,8,80977
lm_head,371,0,8,278318
embedding,372,0,8,35122
input_layernorm,372,0,8,79820
q_proj,372,0,8,56200
k_proj,372,0,8,10963
v_proj,372,0,8,10297
rope,372,0,8,67643
attn,372,0,8,15641
o_proj,372,0,8,42108
post_layernorm,372,0,8,80498
gate_proj,372,0,8,120837
up_proj,372,0,8,121543
act_fn,372,0,8,16293
down_proj,372,0,8,115446
final_layernorm,372,0,8,81543
lm_head,372,0,8,277814
embedding,373,0,8,35278
input_layernorm,373,0,8,79702
q_proj,373,0,8,53888
k_proj,373,0,8,10988
v_proj,373,0,8,10275
rope,373,0,8,67158
attn,373,0,8,15581
o_proj,373,0,8,42214
post_layernorm,373,0,8,80423
gate_proj,373,0,8,120647
up_proj,373,0,8,121212
act_fn,373,0,8,16495
down_proj,373,0,8,115447
final_layernorm,373,0,8,81798
lm_head,373,0,8,278307
embedding,374,0,8,35948
input_layernorm,374,0,8,80153
q_proj,374,0,8,54960
k_proj,374,0,8,11000
v_proj,374,0,8,10251
rope,374,0,8,67468
attn,374,0,8,15674
o_proj,374,0,8,42164
post_layernorm,374,0,8,80973
gate_proj,374,0,8,120917
up_proj,374,0,8,121593
act_fn,374,0,8,16490
down_proj,374,0,8,115837
final_layernorm,374,0,8,81892
lm_head,374,0,8,280266
embedding,375,0,8,35852
input_layernorm,375,0,8,80003
q_proj,375,0,8,54250
k_proj,375,0,8,10915
v_proj,375,0,8,10224
rope,375,0,8,67032
attn,375,0,8,15556
o_proj,375,0,8,42242
post_layernorm,375,0,8,80957
gate_proj,375,0,8,120790
up_proj,375,0,8,121045
act_fn,375,0,8,16445
down_proj,375,0,8,115635
final_layernorm,375,0,8,81805
lm_head,375,0,8,279128
embedding,376,0,8,35858
input_layernorm,376,0,8,79572
q_proj,376,0,8,52556
k_proj,376,0,8,10934
v_proj,376,0,8,10212
rope,376,0,8,67503
attn,376,0,8,15604
o_proj,376,0,8,42132
post_layernorm,376,0,8,80562
gate_proj,376,0,8,121021
up_proj,376,0,8,120644
act_fn,376,0,8,16435
down_proj,376,0,8,115303
final_layernorm,376,0,8,81583
lm_head,376,0,8,278275
embedding,377,0,8,36230
input_layernorm,377,0,8,80473
q_proj,377,0,8,51926
k_proj,377,0,8,10961
v_proj,377,0,8,10225
rope,377,0,8,67132
attn,377,0,8,15603
o_proj,377,0,8,42172
post_layernorm,377,0,8,80825
gate_proj,377,0,8,120820
up_proj,377,0,8,121461
act_fn,377,0,8,16500
down_proj,377,0,8,115839
final_layernorm,377,0,8,81807
lm_head,377,0,8,278147
embedding,378,0,8,36282
input_layernorm,378,0,8,80757
q_proj,378,0,8,52908
k_proj,378,0,8,11113
v_proj,378,0,8,10324
rope,378,0,8,67607
attn,378,0,8,15763
o_proj,378,0,8,42374
post_layernorm,378,0,8,81352
gate_proj,378,0,8,121071
up_proj,378,0,8,122163
act_fn,378,0,8,16603
down_proj,378,0,8,115791
final_layernorm,378,0,8,82738
lm_head,378,0,8,279962
embedding,379,0,8,36333
input_layernorm,379,0,8,80567
q_proj,379,0,8,52728
k_proj,379,0,8,10959
v_proj,379,0,8,10188
rope,379,0,8,67088
attn,379,0,8,15617
o_proj,379,0,8,42204
post_layernorm,379,0,8,81193
gate_proj,379,0,8,120820
up_proj,379,0,8,121290
act_fn,379,0,8,16638
down_proj,379,0,8,116187
final_layernorm,379,0,8,81923
lm_head,379,0,8,279145
embedding,380,0,8,36202
input_layernorm,380,0,8,80958
q_proj,380,0,8,53142
k_proj,380,0,8,10952
v_proj,380,0,8,10226
rope,380,0,8,67750
attn,380,0,8,15664
o_proj,380,0,8,42262
post_layernorm,380,0,8,81392
gate_proj,380,0,8,120865
up_proj,380,0,8,121829
act_fn,380,0,8,16557
down_proj,380,0,8,116707
final_layernorm,380,0,8,81877
lm_head,380,0,8,278630
embedding,381,0,8,36208
input_layernorm,381,0,8,81062
q_proj,381,0,8,52722
k_proj,381,0,8,11021
v_proj,381,0,8,10229
rope,381,0,8,67308
attn,381,0,8,15672
o_proj,381,0,8,42238
post_layernorm,381,0,8,81847
gate_proj,381,0,8,120824
up_proj,381,0,8,121520
act_fn,381,0,8,16593
down_proj,381,0,8,116376
final_layernorm,381,0,8,82575
lm_head,381,0,8,279455
embedding,382,0,8,36773
input_layernorm,382,0,8,81475
q_proj,382,0,8,54444
k_proj,382,0,8,11059
v_proj,382,0,8,10329
rope,382,0,8,67520
attn,382,0,8,15679
o_proj,382,0,8,42416
post_layernorm,382,0,8,82047
gate_proj,382,0,8,121197
up_proj,382,0,8,122007
act_fn,382,0,8,16650
down_proj,382,0,8,116281
final_layernorm,382,0,8,82715
lm_head,382,0,8,279214
embedding,383,0,8,36398
input_layernorm,383,0,8,81573
q_proj,383,0,8,51894
k_proj,383,0,8,11079
v_proj,383,0,8,10285
rope,383,0,8,67460
attn,383,0,8,15715
o_proj,383,0,8,42458
post_layernorm,383,0,8,82317
gate_proj,383,0,8,121387
up_proj,383,0,8,121827
act_fn,383,0,8,16703
down_proj,383,0,8,116512
final_layernorm,383,0,8,83072
lm_head,383,0,8,278950
embedding,384,0,8,36553
input_layernorm,384,0,8,81227
q_proj,384,0,8,66000
k_proj,384,0,8,11212
v_proj,384,0,8,10316
rope,384,0,8,68018
attn,384,0,8,15176
o_proj,384,0,8,42328
post_layernorm,384,0,8,81983
gate_proj,384,0,8,121182
up_proj,384,0,8,122586
act_fn,384,0,8,16753
down_proj,384,0,8,117305
final_layernorm,384,0,8,82312
lm_head,384,0,8,280529
embedding,385,0,8,36867
input_layernorm,385,0,8,81948
q_proj,385,0,8,65112
k_proj,385,0,8,12624
v_proj,385,0,8,12048
rope,385,0,8,67647
attn,385,0,8,15919
o_proj,385,0,8,42510
post_layernorm,385,0,8,82160
gate_proj,385,0,8,131432
up_proj,385,0,8,131859
act_fn,385,0,8,16297
down_proj,385,0,8,117074
final_layernorm,385,0,8,83222
lm_head,385,0,8,291355
embedding,386,0,8,36095
input_layernorm,386,0,8,81995
q_proj,386,0,8,64102
k_proj,386,0,8,12591
v_proj,386,0,8,11971
rope,386,0,8,67018
attn,386,0,8,15724
o_proj,386,0,8,42220
post_layernorm,386,0,8,82037
gate_proj,386,0,8,130212
up_proj,386,0,8,130292
act_fn,386,0,8,16358
down_proj,386,0,8,116829
final_layernorm,386,0,8,83337
lm_head,386,0,8,289168
embedding,387,0,8,36753
input_layernorm,387,0,8,82302
q_proj,387,0,8,64594
k_proj,387,0,8,12687
v_proj,387,0,8,12107
rope,387,0,8,67915
attn,387,0,8,16012
o_proj,387,0,8,42770
post_layernorm,387,0,8,82840
gate_proj,387,0,8,132026
up_proj,387,0,8,132292
act_fn,387,0,8,16562
down_proj,387,0,8,117267
final_layernorm,387,0,8,83885
lm_head,387,0,8,291705
embedding,388,0,8,36717
input_layernorm,388,0,8,82468
q_proj,388,0,8,63006
k_proj,388,0,8,12627
v_proj,388,0,8,12025
rope,388,0,8,67895
attn,388,0,8,15881
o_proj,388,0,8,42622
post_layernorm,388,0,8,82603
gate_proj,388,0,8,131209
up_proj,388,0,8,131885
act_fn,388,0,8,16362
down_proj,388,0,8,117191
final_layernorm,388,0,8,83592
lm_head,388,0,8,290594
embedding,389,0,8,36855
input_layernorm,389,0,8,82415
q_proj,389,0,8,63586
k_proj,389,0,8,12558
v_proj,389,0,8,11949
rope,389,0,8,67422
attn,389,0,8,15931
o_proj,389,0,8,42532
post_layernorm,389,0,8,82808
gate_proj,389,0,8,131610
up_proj,389,0,8,131720
act_fn,389,0,8,16578
down_proj,389,0,8,117351
final_layernorm,389,0,8,83705
lm_head,389,0,8,291663
embedding,390,0,8,36518
input_layernorm,390,0,8,82460
q_proj,390,0,8,63438
k_proj,390,0,8,12588
v_proj,390,0,8,11996
rope,390,0,8,67348
attn,390,0,8,15805
o_proj,390,0,8,42506
post_layernorm,390,0,8,82990
gate_proj,390,0,8,130854
up_proj,390,0,8,130886
act_fn,390,0,8,16578
down_proj,390,0,8,117319
final_layernorm,390,0,8,84002
lm_head,390,0,8,289819
embedding,391,0,8,37187
input_layernorm,391,0,8,82535
q_proj,391,0,8,62786
k_proj,391,0,8,12617
v_proj,391,0,8,11988
rope,391,0,8,67488
attn,391,0,8,15843
o_proj,391,0,8,42552
post_layernorm,391,0,8,83022
gate_proj,391,0,8,131213
up_proj,391,0,8,131233
act_fn,391,0,8,16612
down_proj,391,0,8,117743
final_layernorm,391,0,8,84228
lm_head,391,0,8,290636
embedding,392,0,8,36902
input_layernorm,392,0,8,82140
q_proj,392,0,8,62224
k_proj,392,0,8,12528
v_proj,392,0,8,11894
rope,392,0,8,67707
attn,392,0,8,15797
o_proj,392,0,8,42606
post_layernorm,392,0,8,82742
gate_proj,392,0,8,130682
up_proj,392,0,8,130936
act_fn,392,0,8,16505
down_proj,392,0,8,117381
final_layernorm,392,0,8,83623
lm_head,392,0,8,289910
embedding,393,0,8,37447
input_layernorm,393,0,8,82733
q_proj,393,0,8,62206
k_proj,393,0,8,12576
v_proj,393,0,8,11979
rope,393,0,8,67365
attn,393,0,8,15818
o_proj,393,0,8,42642
post_layernorm,393,0,8,83450
gate_proj,393,0,8,130780
up_proj,393,0,8,131176
act_fn,393,0,8,16533
down_proj,393,0,8,117544
final_layernorm,393,0,8,84307
lm_head,393,0,8,290722
embedding,394,0,8,37985
input_layernorm,394,0,8,83382
q_proj,394,0,8,62442
k_proj,394,0,8,12647
v_proj,394,0,8,11983
rope,394,0,8,67757
attn,394,0,8,16055
o_proj,394,0,8,42722
post_layernorm,394,0,8,84088
gate_proj,394,0,8,131872
up_proj,394,0,8,132188
act_fn,394,0,8,16643
down_proj,394,0,8,117709
final_layernorm,394,0,8,85170
lm_head,394,0,8,292286
embedding,395,0,8,37468
input_layernorm,395,0,8,83375
q_proj,395,0,8,62658
k_proj,395,0,8,12518
v_proj,395,0,8,11895
rope,395,0,8,67280
attn,395,0,8,15767
o_proj,395,0,8,42538
post_layernorm,395,0,8,83633
gate_proj,395,0,8,130750
up_proj,395,0,8,130878
act_fn,395,0,8,16680
down_proj,395,0,8,117787
final_layernorm,395,0,8,84560
lm_head,395,0,8,290698
embedding,396,0,8,37512
input_layernorm,396,0,8,84118
q_proj,396,0,8,61658
k_proj,396,0,8,12617
v_proj,396,0,8,12034
rope,396,0,8,67815
attn,396,0,8,15777
o_proj,396,0,8,42502
post_layernorm,396,0,8,84463
gate_proj,396,0,8,131270
up_proj,396,0,8,131382
act_fn,396,0,8,16595
down_proj,396,0,8,117487
final_layernorm,396,0,8,85527
lm_head,396,0,8,290832
embedding,397,0,8,37638
input_layernorm,397,0,8,85105
q_proj,397,0,8,60926
k_proj,397,0,8,12586
v_proj,397,0,8,11945
rope,397,0,8,67942
attn,397,0,8,15883
o_proj,397,0,8,42604
post_layernorm,397,0,8,85462
gate_proj,397,0,8,131465
up_proj,397,0,8,131525
act_fn,397,0,8,16648
down_proj,397,0,8,117743
final_layernorm,397,0,8,86883
lm_head,397,0,8,291216
embedding,398,0,8,37585
input_layernorm,398,0,8,85355
q_proj,398,0,8,61506
k_proj,398,0,8,12625
v_proj,398,0,8,12098
rope,398,0,8,67693
attn,398,0,8,15767
o_proj,398,0,8,42534
post_layernorm,398,0,8,86008
gate_proj,398,0,8,131114
up_proj,398,0,8,130932
act_fn,398,0,8,16675
down_proj,398,0,8,117726
final_layernorm,398,0,8,87185
lm_head,398,0,8,291218
embedding,399,0,8,37935
input_layernorm,399,0,8,85840
q_proj,399,0,8,59868
k_proj,399,0,8,12696
v_proj,399,0,8,12157
rope,399,0,8,68312
attn,399,0,8,15837
o_proj,399,0,8,42798
post_layernorm,399,0,8,86205
gate_proj,399,0,8,131926
up_proj,399,0,8,131844
act_fn,399,0,8,16855
down_proj,399,0,8,117854
final_layernorm,399,0,8,87730
lm_head,399,0,8,291816
embedding,400,0,8,37622
input_layernorm,400,0,8,85272
q_proj,400,0,8,64538
k_proj,400,0,8,13381
v_proj,400,0,8,13116
rope,400,0,8,68235
attn,400,0,8,15861
o_proj,400,0,8,43122
post_layernorm,400,0,8,85638
gate_proj,400,0,8,134801
up_proj,400,0,8,134678
act_fn,400,0,8,16783
down_proj,400,0,8,120395
final_layernorm,400,0,8,86968
lm_head,400,0,8,301535
embedding,401,0,8,37772
input_layernorm,401,0,8,86095
q_proj,401,0,8,60230
k_proj,401,0,8,11476
v_proj,401,0,8,10984
rope,401,0,8,68485
attn,401,0,8,15783
o_proj,401,0,8,43346
post_layernorm,401,0,8,86493
gate_proj,401,0,8,135384
up_proj,401,0,8,135183
act_fn,401,0,8,16710
down_proj,401,0,8,120731
final_layernorm,401,0,8,87767
lm_head,401,0,8,291423
embedding,402,0,8,38150
input_layernorm,402,0,8,86060
q_proj,402,0,8,59758
k_proj,402,0,8,11398
v_proj,402,0,8,10861
rope,402,0,8,68335
attn,402,0,8,15763
o_proj,402,0,8,43538
post_layernorm,402,0,8,86647
gate_proj,402,0,8,135150
up_proj,402,0,8,135308
act_fn,402,0,8,16893
down_proj,402,0,8,120829
final_layernorm,402,0,8,87897
lm_head,402,0,8,291962
embedding,403,0,8,37743
input_layernorm,403,0,8,86345
q_proj,403,0,8,60194
k_proj,403,0,8,11448
v_proj,403,0,8,10931
rope,403,0,8,68363
attn,403,0,8,15865
o_proj,403,0,8,43544
post_layernorm,403,0,8,86725
gate_proj,403,0,8,135018
up_proj,403,0,8,134998
act_fn,403,0,8,16982
down_proj,403,0,8,120948
final_layernorm,403,0,8,87860
lm_head,403,0,8,292117
embedding,404,0,8,37747
input_layernorm,404,0,8,86213
q_proj,404,0,8,59526
k_proj,404,0,8,11326
v_proj,404,0,8,10825
rope,404,0,8,68318
attn,404,0,8,15848
o_proj,404,0,8,43402
post_layernorm,404,0,8,86692
gate_proj,404,0,8,134775
up_proj,404,0,8,134745
act_fn,404,0,8,16883
down_proj,404,0,8,120731
final_layernorm,404,0,8,87962
lm_head,404,0,8,291204
embedding,405,0,8,38000
input_layernorm,405,0,8,86570
q_proj,405,0,8,59274
k_proj,405,0,8,11478
v_proj,405,0,8,10951
rope,405,0,8,68360
attn,405,0,8,15795
o_proj,405,0,8,43596
post_layernorm,405,0,8,86647
gate_proj,405,0,8,135133
up_proj,405,0,8,135011
act_fn,405,0,8,16928
down_proj,405,0,8,120835
final_layernorm,405,0,8,87970
lm_head,405,0,8,291630
embedding,406,0,8,38002
input_layernorm,406,0,8,86838
q_proj,406,0,8,59104
k_proj,406,0,8,11346
v_proj,406,0,8,10852
rope,406,0,8,68382
attn,406,0,8,15860
o_proj,406,0,8,43562
post_layernorm,406,0,8,86933
gate_proj,406,0,8,135235
up_proj,406,0,8,134912
act_fn,406,0,8,16955
down_proj,406,0,8,120894
final_layernorm,406,0,8,88267
lm_head,406,0,8,291666
embedding,407,0,8,38622
input_layernorm,407,0,8,86785
q_proj,407,0,8,58648
k_proj,407,0,8,11435
v_proj,407,0,8,10949
rope,407,0,8,68528
attn,407,0,8,15880
o_proj,407,0,8,43594
post_layernorm,407,0,8,87240
gate_proj,407,0,8,135473
up_proj,407,0,8,135386
act_fn,407,0,8,16963
down_proj,407,0,8,121112
final_layernorm,407,0,8,88600
lm_head,407,0,8,292317
embedding,408,0,8,38457
input_layernorm,408,0,8,86515
q_proj,408,0,8,57430
k_proj,408,0,8,11324
v_proj,408,0,8,10839
rope,408,0,8,69332
attn,408,0,8,15932
o_proj,408,0,8,43774
post_layernorm,408,0,8,86862
gate_proj,408,0,8,135570
up_proj,408,0,8,135629
act_fn,408,0,8,16940
down_proj,408,0,8,121188
final_layernorm,408,0,8,88320
lm_head,408,0,8,292598
embedding,409,0,8,38513
input_layernorm,409,0,8,86990
q_proj,409,0,8,57748
k_proj,409,0,8,11459
v_proj,409,0,8,10634
rope,409,0,8,68505
attn,409,0,8,15798
o_proj,409,0,8,43562
post_layernorm,409,0,8,87483
gate_proj,409,0,8,135161
up_proj,409,0,8,134888
act_fn,409,0,8,16957
down_proj,409,0,8,121214
final_layernorm,409,0,8,88617
lm_head,409,0,8,302395
embedding,410,0,8,38770
input_layernorm,410,0,8,87360
q_proj,410,0,8,57396
k_proj,410,0,8,11467
v_proj,410,0,8,10653
rope,410,0,8,68633
attn,410,0,8,15786
o_proj,410,0,8,43486
post_layernorm,410,0,8,87485
gate_proj,410,0,8,135245
up_proj,410,0,8,135285
act_fn,410,0,8,17157
down_proj,410,0,8,121494
final_layernorm,410,0,8,88412
lm_head,410,0,8,302734
embedding,411,0,8,38870
input_layernorm,411,0,8,87460
q_proj,411,0,8,57944
k_proj,411,0,8,11394
v_proj,411,0,8,10641
rope,411,0,8,68558
attn,411,0,8,15775
o_proj,411,0,8,43436
post_layernorm,411,0,8,87760
gate_proj,411,0,8,135267
up_proj,411,0,8,135291
act_fn,411,0,8,17023
down_proj,411,0,8,121418
final_layernorm,411,0,8,88723
lm_head,411,0,8,303152
embedding,412,0,8,38848
input_layernorm,412,0,8,87618
q_proj,412,0,8,56890
k_proj,412,0,8,11459
v_proj,412,0,8,10589
rope,412,0,8,68923
attn,412,0,8,15749
o_proj,412,0,8,43482
post_layernorm,412,0,8,87682
gate_proj,412,0,8,135206
up_proj,412,0,8,135391
act_fn,412,0,8,16935
down_proj,412,0,8,121290
final_layernorm,412,0,8,88745
lm_head,412,0,8,303101
embedding,413,0,8,39153
input_layernorm,413,0,8,88242
q_proj,413,0,8,55954
k_proj,413,0,8,11507
v_proj,413,0,8,10730
rope,413,0,8,69183
attn,413,0,8,15845
o_proj,413,0,8,43802
post_layernorm,413,0,8,88207
gate_proj,413,0,8,135906
up_proj,413,0,8,135557
act_fn,413,0,8,17235
down_proj,413,0,8,121593
final_layernorm,413,0,8,89583
lm_head,413,0,8,303862
embedding,414,0,8,39038
input_layernorm,414,0,8,88225
q_proj,414,0,8,56880
k_proj,414,0,8,11565
v_proj,414,0,8,10705
rope,414,0,8,69185
attn,414,0,8,15926
o_proj,414,0,8,43784
post_layernorm,414,0,8,88460
gate_proj,414,0,8,136331
up_proj,414,0,8,136383
act_fn,414,0,8,17190
down_proj,414,0,8,121749
final_layernorm,414,0,8,89513
lm_head,414,0,8,304323
embedding,415,0,8,38838
input_layernorm,415,0,8,87992
q_proj,415,0,8,55796
k_proj,415,0,8,11512
v_proj,415,0,8,10640
rope,415,0,8,68965
attn,415,0,8,15850
o_proj,415,0,8,43672
post_layernorm,415,0,8,88117
gate_proj,415,0,8,135989
up_proj,415,0,8,135659
act_fn,415,0,8,17222
down_proj,415,0,8,121814
final_layernorm,415,0,8,89622
lm_head,415,0,8,304270
embedding,416,0,8,38810
input_layernorm,416,0,8,87470
q_proj,416,0,8,65264
k_proj,416,0,8,11458
v_proj,416,0,8,10870
rope,416,0,8,69540
attn,416,0,8,15863
o_proj,416,0,8,47252
post_layernorm,416,0,8,87408
gate_proj,416,0,8,146842
up_proj,416,0,8,142068
act_fn,416,0,8,17060
down_proj,416,0,8,130624
final_layernorm,416,0,8,88848
lm_head,416,0,8,313729
embedding,417,0,8,39317
input_layernorm,417,0,8,88118
q_proj,417,0,8,63632
k_proj,417,0,8,13466
v_proj,417,0,8,13052
rope,417,0,8,69120
attn,417,0,8,16011
o_proj,417,0,8,45690
post_layernorm,417,0,8,88702
gate_proj,417,0,8,144883
up_proj,417,0,8,142400
act_fn,417,0,8,17293
down_proj,417,0,8,127745
final_layernorm,417,0,8,89670
lm_head,417,0,8,304221
embedding,418,0,8,38818
input_layernorm,418,0,8,88245
q_proj,418,0,8,63836
k_proj,418,0,8,13049
v_proj,418,0,8,12585
rope,418,0,8,68625
attn,418,0,8,15914
o_proj,418,0,8,45656
post_layernorm,418,0,8,88440
gate_proj,418,0,8,144005
up_proj,418,0,8,141613
act_fn,418,0,8,17363
down_proj,418,0,8,127549
final_layernorm,418,0,8,89290
lm_head,418,0,8,303154
embedding,419,0,8,39577
input_layernorm,419,0,8,88780
q_proj,419,0,8,63582
k_proj,419,0,8,13412
v_proj,419,0,8,12911
rope,419,0,8,69222
attn,419,0,8,16060
o_proj,419,0,8,45918
post_layernorm,419,0,8,88945
gate_proj,419,0,8,145245
up_proj,419,0,8,142918
act_fn,419,0,8,17458
down_proj,419,0,8,127944
final_layernorm,419,0,8,89860
lm_head,419,0,8,304807
embedding,420,0,8,39495
input_layernorm,420,0,8,89158
q_proj,420,0,8,63600
k_proj,420,0,8,12999
v_proj,420,0,8,12524
rope,420,0,8,69790
attn,420,0,8,16185
o_proj,420,0,8,45946
post_layernorm,420,0,8,89318
gate_proj,420,0,8,145821
up_proj,420,0,8,143149
act_fn,420,0,8,17620
down_proj,420,0,8,128096
final_layernorm,420,0,8,90277
lm_head,420,0,8,305961
embedding,421,0,8,39422
input_layernorm,421,0,8,88902
q_proj,421,0,8,63794
k_proj,421,0,8,13297
v_proj,421,0,8,12858
rope,421,0,8,69197
attn,421,0,8,16099
o_proj,421,0,8,46064
post_layernorm,421,0,8,88917
gate_proj,421,0,8,145565
up_proj,421,0,8,143091
act_fn,421,0,8,17553
down_proj,421,0,8,128044
final_layernorm,421,0,8,90035
lm_head,421,0,8,305055
embedding,422,0,8,38920
input_layernorm,422,0,8,88478
q_proj,422,0,8,63310
k_proj,422,0,8,13199
v_proj,422,0,8,12697
rope,422,0,8,68710
attn,422,0,8,15871
o_proj,422,0,8,45894
post_layernorm,422,0,8,88772
gate_proj,422,0,8,144501
up_proj,422,0,8,141917
act_fn,422,0,8,17400
down_proj,422,0,8,127953
final_layernorm,422,0,8,89788
lm_head,422,0,8,304161
embedding,423,0,8,39360
input_layernorm,423,0,8,89073
q_proj,423,0,8,64108
k_proj,423,0,8,13411
v_proj,423,0,8,12862
rope,423,0,8,69165
attn,423,0,8,16049
o_proj,423,0,8,46204
post_layernorm,423,0,8,89293
gate_proj,423,0,8,145156
up_proj,423,0,8,142759
act_fn,423,0,8,17648
down_proj,423,0,8,128007
final_layernorm,423,0,8,90183
lm_head,423,0,8,305206
embedding,424,0,8,39697
input_layernorm,424,0,8,88660
q_proj,424,0,8,63732
k_proj,424,0,8,12951
v_proj,424,0,8,12518
rope,424,0,8,69340
attn,424,0,8,16030
o_proj,424,0,8,45806
post_layernorm,424,0,8,89108
gate_proj,424,0,8,144593
up_proj,424,0,8,142409
act_fn,424,0,8,17558
down_proj,424,0,8,127972
final_layernorm,424,0,8,89653
lm_head,424,0,8,304709
embedding,425,0,8,40290
input_layernorm,425,0,8,89362
q_proj,425,0,8,63584
k_proj,425,0,8,13265
v_proj,425,0,8,12789
rope,425,0,8,69385
attn,425,0,8,16131
o_proj,425,0,8,46034
post_layernorm,425,0,8,89872
gate_proj,425,0,8,145849
up_proj,425,0,8,143123
act_fn,425,0,8,17778
down_proj,425,0,8,128332
final_layernorm,425,0,8,90737
lm_head,425,0,8,305743
embedding,426,0,8,39765
input_layernorm,426,0,8,88935
q_proj,426,0,8,64192
k_proj,426,0,8,13052
v_proj,426,0,8,12630
rope,426,0,8,68653
attn,426,0,8,15886
o_proj,426,0,8,45642
post_layernorm,426,0,8,89148
gate_proj,426,0,8,144248
up_proj,426,0,8,141986
act_fn,426,0,8,17392
down_proj,426,0,8,128057
final_layernorm,426,0,8,90193
lm_head,426,0,8,303796
embedding,427,0,8,40152
input_layernorm,427,0,8,89048
q_proj,427,0,8,63748
k_proj,427,0,8,12937
v_proj,427,0,8,12466
rope,427,0,8,69167
attn,427,0,8,16090
o_proj,427,0,8,46044
post_layernorm,427,0,8,89683
gate_proj,427,0,8,145190
up_proj,427,0,8,142669
act_fn,427,0,8,17642
down_proj,427,0,8,128394
final_layernorm,427,0,8,90625
lm_head,427,0,8,304940
embedding,428,0,8,40545
input_layernorm,428,0,8,89237
q_proj,428,0,8,63816
k_proj,428,0,8,12980
v_proj,428,0,8,12521
rope,428,0,8,69377
attn,428,0,8,16117
o_proj,428,0,8,46142
post_layernorm,428,0,8,89945
gate_proj,428,0,8,145099
up_proj,428,0,8,143082
act_fn,428,0,8,17655
down_proj,428,0,8,128280
final_layernorm,428,0,8,90865
lm_head,428,0,8,305621
embedding,429,0,8,40323
input_layernorm,429,0,8,89165
q_proj,429,0,8,63962
k_proj,429,0,8,13194
v_proj,429,0,8,12705
rope,429,0,8,69015
attn,429,0,8,16038
o_proj,429,0,8,46050
post_layernorm,429,0,8,89700
gate_proj,429,0,8,145026
up_proj,429,0,8,142786
act_fn,429,0,8,17748
down_proj,429,0,8,128394
final_layernorm,429,0,8,90543
lm_head,429,0,8,304807
embedding,430,0,8,40355
input_layernorm,430,0,8,89247
q_proj,430,0,8,64030
k_proj,430,0,8,13156
v_proj,430,0,8,12649
rope,430,0,8,68950
attn,430,0,8,15975
o_proj,430,0,8,46142
post_layernorm,430,0,8,90042
gate_proj,430,0,8,144593
up_proj,430,0,8,142679
act_fn,430,0,8,17617
down_proj,430,0,8,128438
final_layernorm,430,0,8,90745
lm_head,430,0,8,304680
embedding,431,0,8,40500
input_layernorm,431,0,8,89220
q_proj,431,0,8,63626
k_proj,431,0,8,13101
v_proj,431,0,8,12670
rope,431,0,8,68985
attn,431,0,8,16046
o_proj,431,0,8,46034
post_layernorm,431,0,8,89803
gate_proj,431,0,8,144359
up_proj,431,0,8,142673
act_fn,431,0,8,17658
down_proj,431,0,8,128334
final_layernorm,431,0,8,90500
lm_head,431,0,8,304486
embedding,432,0,8,40123
input_layernorm,432,0,8,88975
q_proj,432,0,8,61698
k_proj,432,0,8,13197
v_proj,432,0,8,12528
rope,432,0,8,69375
attn,432,0,8,15846
o_proj,432,0,8,46082
post_layernorm,432,0,8,89648
gate_proj,432,0,8,145041
up_proj,432,0,8,142853
act_fn,432,0,8,17733
down_proj,432,0,8,128533
final_layernorm,432,0,8,90448
lm_head,432,0,8,305248
embedding,433,0,8,40760
input_layernorm,433,0,8,89998
q_proj,433,0,8,62224
k_proj,433,0,8,11345
v_proj,433,0,8,10360
rope,433,0,8,70250
attn,433,0,8,15815
o_proj,433,0,8,48564
post_layernorm,433,0,8,90405
gate_proj,433,0,8,147544
up_proj,433,0,8,142918
act_fn,433,0,8,17487
down_proj,433,0,8,131640
final_layernorm,433,0,8,91657
lm_head,433,0,8,316281
embedding,434,0,8,40288
input_layernorm,434,0,8,90293
q_proj,434,0,8,63174
k_proj,434,0,8,11262
v_proj,434,0,8,10417
rope,434,0,8,70190
attn,434,0,8,15780
o_proj,434,0,8,48394
post_layernorm,434,0,8,90867
gate_proj,434,0,8,147825
up_proj,434,0,8,142898
act_fn,434,0,8,17555
down_proj,434,0,8,131601
final_layernorm,434,0,8,91535
lm_head,434,0,8,316643
embedding,435,0,8,40498
input_layernorm,435,0,8,90315
q_proj,435,0,8,61576
k_proj,435,0,8,11283
v_proj,435,0,8,10407
rope,435,0,8,70600
attn,435,0,8,15831
o_proj,435,0,8,48476
post_layernorm,435,0,8,90757
gate_proj,435,0,8,147596
up_proj,435,0,8,142861
act_fn,435,0,8,17682
down_proj,435,0,8,131774
final_layernorm,435,0,8,91537
lm_head,435,0,8,316680
embedding,436,0,8,40665
input_layernorm,436,0,8,90342
q_proj,436,0,8,61036
k_proj,436,0,8,11254
v_proj,436,0,8,10437
rope,436,0,8,70718
attn,436,0,8,15787
o_proj,436,0,8,48658
post_layernorm,436,0,8,91027
gate_proj,436,0,8,147931
up_proj,436,0,8,143046
act_fn,436,0,8,17478
down_proj,436,0,8,131712
final_layernorm,436,0,8,92005
lm_head,436,0,8,316899
embedding,437,0,8,40425
input_layernorm,437,0,8,90718
q_proj,437,0,8,61392
k_proj,437,0,8,11334
v_proj,437,0,8,10355
rope,437,0,8,70763
attn,437,0,8,15874
o_proj,437,0,8,48646
post_layernorm,437,0,8,91097
gate_proj,437,0,8,148259
up_proj,437,0,8,143373
act_fn,437,0,8,17620
down_proj,437,0,8,132203
final_layernorm,437,0,8,91997
lm_head,437,0,8,316915
embedding,438,0,8,40743
input_layernorm,438,0,8,91230
q_proj,438,0,8,62238
k_proj,438,0,8,11335
v_proj,438,0,8,10345
rope,438,0,8,71498
attn,438,0,8,15969
o_proj,438,0,8,48628
post_layernorm,438,0,8,91660
gate_proj,438,0,8,148638
up_proj,438,0,8,144229
act_fn,438,0,8,17698
down_proj,438,0,8,132383
final_layernorm,438,0,8,92447
lm_head,438,0,8,318182
embedding,439,0,8,40252
input_layernorm,439,0,8,90865
q_proj,439,0,8,60334
k_proj,439,0,8,11226
v_proj,439,0,8,10344
rope,439,0,8,70047
attn,439,0,8,15806
o_proj,439,0,8,48014
post_layernorm,439,0,8,91307
gate_proj,439,0,8,148063
up_proj,439,0,8,143100
act_fn,439,0,8,17627
down_proj,439,0,8,132342
final_layernorm,439,0,8,92268
lm_head,439,0,8,316796
embedding,440,0,8,41007
input_layernorm,440,0,8,90708
q_proj,440,0,8,58508
k_proj,440,0,8,11214
v_proj,440,0,8,10274
rope,440,0,8,70133
attn,440,0,8,15796
o_proj,440,0,8,48106
post_layernorm,440,0,8,91230
gate_proj,440,0,8,148217
up_proj,440,0,8,143474
act_fn,440,0,8,17613
down_proj,440,0,8,132080
final_layernorm,440,0,8,91832
lm_head,440,0,8,317267
embedding,441,0,8,41330
input_layernorm,441,0,8,91133
q_proj,441,0,8,59132
k_proj,441,0,8,11053
v_proj,441,0,8,10468
rope,441,0,8,69958
attn,441,0,8,16006
o_proj,441,0,8,48316
post_layernorm,441,0,8,91723
gate_proj,441,0,8,147899
up_proj,441,0,8,143188
act_fn,441,0,8,17837
down_proj,441,0,8,132390
final_layernorm,441,0,8,92765
lm_head,441,0,8,317857
embedding,442,0,8,41648
input_layernorm,442,0,8,91745
q_proj,442,0,8,59108
k_proj,442,0,8,11241
v_proj,442,0,8,10607
rope,442,0,8,70827
attn,442,0,8,16320
o_proj,442,0,8,48480
post_layernorm,442,0,8,92660
gate_proj,442,0,8,149311
up_proj,442,0,8,144662
act_fn,442,0,8,17810
down_proj,442,0,8,132635
final_layernorm,442,0,8,93155
lm_head,442,0,8,319528
embedding,443,0,8,41222
input_layernorm,443,0,8,91247
q_proj,443,0,8,59322
k_proj,443,0,8,11041
v_proj,443,0,8,10487
rope,443,0,8,70895
attn,443,0,8,16041
o_proj,443,0,8,48314
post_layernorm,443,0,8,91978
gate_proj,443,0,8,147751
up_proj,443,0,8,143052
act_fn,443,0,8,17702
down_proj,443,0,8,132440
final_layernorm,443,0,8,92770
lm_head,443,0,8,317016
embedding,444,0,8,41527
input_layernorm,444,0,8,91730
q_proj,444,0,8,57560
k_proj,444,0,8,11165
v_proj,444,0,8,10535
rope,444,0,8,70485
attn,444,0,8,16091
o_proj,444,0,8,48444
post_layernorm,444,0,8,92372
gate_proj,444,0,8,148389
up_proj,444,0,8,143338
act_fn,444,0,8,17682
down_proj,444,0,8,132409
final_layernorm,444,0,8,92852
lm_head,444,0,8,317992
embedding,445,0,8,41832
input_layernorm,445,0,8,91867
q_proj,445,0,8,57758
k_proj,445,0,8,11117
v_proj,445,0,8,10506
rope,445,0,8,71390
attn,445,0,8,16135
o_proj,445,0,8,48640
post_layernorm,445,0,8,92192
gate_proj,445,0,8,148408
up_proj,445,0,8,143121
act_fn,445,0,8,17845
down_proj,445,0,8,132385
final_layernorm,445,0,8,92722
lm_head,445,0,8,317675
embedding,446,0,8,42085
input_layernorm,446,0,8,92445
q_proj,446,0,8,58006
k_proj,446,0,8,11223
v_proj,446,0,8,10558
rope,446,0,8,70902
attn,446,0,8,16285
o_proj,446,0,8,48474
post_layernorm,446,0,8,92838
gate_proj,446,0,8,148902
up_proj,446,0,8,144300
act_fn,446,0,8,17883
down_proj,446,0,8,132704
final_layernorm,446,0,8,93503
lm_head,446,0,8,319413
embedding,447,0,8,41770
input_layernorm,447,0,8,92247
q_proj,447,0,8,55136
k_proj,447,0,8,11158
v_proj,447,0,8,10471
rope,447,0,8,71050
attn,447,0,8,16053
o_proj,447,0,8,48452
post_layernorm,447,0,8,92503
gate_proj,447,0,8,148016
up_proj,447,0,8,143236
act_fn,447,0,8,17862
down_proj,447,0,8,132762
final_layernorm,447,0,8,93160
lm_head,447,0,8,318316
embedding,448,0,8,41450
input_layernorm,448,0,8,91535
q_proj,448,0,8,63208
k_proj,448,0,8,11220
v_proj,448,0,8,10513
rope,448,0,8,70927
attn,448,0,8,16181
o_proj,448,0,8,50736
post_layernorm,448,0,8,91813
gate_proj,448,0,8,163878
up_proj,448,0,8,158123
act_fn,448,0,8,17783
down_proj,448,0,8,142920
final_layernorm,448,0,8,92212
lm_head,448,0,8,352084
embedding,449,0,8,41750
input_layernorm,449,0,8,92522
q_proj,449,0,8,69780
k_proj,449,0,8,14776
v_proj,449,0,8,14231
rope,449,0,8,71443
attn,449,0,8,15908
o_proj,449,0,8,48608
post_layernorm,449,0,8,92650
gate_proj,449,0,8,151493
up_proj,449,0,8,146846
act_fn,449,0,8,17943
down_proj,449,0,8,135276
final_layernorm,449,0,8,92835
lm_head,449,0,8,317799
embedding,450,0,8,41902
input_layernorm,450,0,8,92473
q_proj,450,0,8,68956
k_proj,450,0,8,14971
v_proj,450,0,8,14342
rope,450,0,8,70698
attn,450,0,8,16008
o_proj,450,0,8,48752
post_layernorm,450,0,8,93222
gate_proj,450,0,8,152226
up_proj,450,0,8,147511
act_fn,450,0,8,17992
down_proj,450,0,8,135178
final_layernorm,450,0,8,93455
lm_head,450,0,8,318884
embedding,451,0,8,41777
input_layernorm,451,0,8,92640
q_proj,451,0,8,68718
k_proj,451,0,8,14879
v_proj,451,0,8,14285
rope,451,0,8,71475
attn,451,0,8,16008
o_proj,451,0,8,48760
post_layernorm,451,0,8,93028
gate_proj,451,0,8,152067
up_proj,451,0,8,146958
act_fn,451,0,8,17932
down_proj,451,0,8,135311
final_layernorm,451,0,8,93523
lm_head,451,0,8,318326
embedding,452,0,8,41827
input_layernorm,452,0,8,92758
q_proj,452,0,8,69246
k_proj,452,0,8,14893
v_proj,452,0,8,14305
rope,452,0,8,70643
attn,452,0,8,16009
o_proj,452,0,8,48632
post_layernorm,452,0,8,92987
gate_proj,452,0,8,152182
up_proj,452,0,8,147225
act_fn,452,0,8,17822
down_proj,452,0,8,135410
final_layernorm,452,0,8,93837
lm_head,452,0,8,318742
embedding,453,0,8,41657
input_layernorm,453,0,8,92913
q_proj,453,0,8,68190
k_proj,453,0,8,14873
v_proj,453,0,8,14234
rope,453,0,8,71445
attn,453,0,8,15916
o_proj,453,0,8,48768
post_layernorm,453,0,8,93383
gate_proj,453,0,8,151883
up_proj,453,0,8,146989
act_fn,453,0,8,17928
down_proj,453,0,8,135644
final_layernorm,453,0,8,93735
lm_head,453,0,8,318204
embedding,454,0,8,42033
input_layernorm,454,0,8,93217
q_proj,454,0,8,69128
k_proj,454,0,8,15002
v_proj,454,0,8,14376
rope,454,0,8,70800
attn,454,0,8,16068
o_proj,454,0,8,48610
post_layernorm,454,0,8,93837
gate_proj,454,0,8,152893
up_proj,454,0,8,147543
act_fn,454,0,8,17947
down_proj,454,0,8,135584
final_layernorm,454,0,8,94498
lm_head,454,0,8,318837
embedding,455,0,8,42027
input_layernorm,455,0,8,93015
q_proj,455,0,8,68272
k_proj,455,0,8,14758
v_proj,455,0,8,14218
rope,455,0,8,71253
attn,455,0,8,16011
o_proj,455,0,8,48844
post_layernorm,455,0,8,93660
gate_proj,455,0,8,152184
up_proj,455,0,8,147006
act_fn,455,0,8,17983
down_proj,455,0,8,135542
final_layernorm,455,0,8,93995
lm_head,455,0,8,318179
embedding,456,0,8,42040
input_layernorm,456,0,8,92627
q_proj,456,0,8,67730
k_proj,456,0,8,14924
v_proj,456,0,8,14300
rope,456,0,8,70835
attn,456,0,8,16026
o_proj,456,0,8,48488
post_layernorm,456,0,8,93428
gate_proj,456,0,8,152444
up_proj,456,0,8,147323
act_fn,456,0,8,18013
down_proj,456,0,8,135638
final_layernorm,456,0,8,93898
lm_head,456,0,8,318869
embedding,457,0,8,42627
input_layernorm,457,0,8,93848
q_proj,457,0,8,67050
k_proj,457,0,8,12856
v_proj,457,0,8,12201
rope,457,0,8,71227
attn,457,0,8,16299
o_proj,457,0,8,49272
post_layernorm,457,0,8,94243
gate_proj,457,0,8,152999
up_proj,457,0,8,148113
act_fn,457,0,8,18082
down_proj,457,0,8,135850
final_layernorm,457,0,8,94947
lm_head,457,0,8,331488
embedding,458,0,8,42560
input_layernorm,458,0,8,93387
q_proj,458,0,8,67538
k_proj,458,0,8,12834
v_proj,458,0,8,12082
rope,458,0,8,70122
attn,458,0,8,16100
o_proj,458,0,8,48858
post_layernorm,458,0,8,94417
gate_proj,458,0,8,152263
up_proj,458,0,8,147413
act_fn,458,0,8,18142
down_proj,458,0,8,135870
final_layernorm,458,0,8,94860
lm_head,458,0,8,330455
embedding,459,0,8,42557
input_layernorm,459,0,8,93647
q_proj,459,0,8,67370
k_proj,459,0,8,12798
v_proj,459,0,8,12148
rope,459,0,8,70563
attn,459,0,8,16161
o_proj,459,0,8,49248
post_layernorm,459,0,8,94215
gate_proj,459,0,8,152379
up_proj,459,0,8,147544
act_fn,459,0,8,18227
down_proj,459,0,8,135999
final_layernorm,459,0,8,94775
lm_head,459,0,8,331036
embedding,460,0,8,43022
input_layernorm,460,0,8,93602
q_proj,460,0,8,67228
k_proj,460,0,8,12862
v_proj,460,0,8,12231
rope,460,0,8,70512
attn,460,0,8,16069
o_proj,460,0,8,48946
post_layernorm,460,0,8,94132
gate_proj,460,0,8,152115
up_proj,460,0,8,147348
act_fn,460,0,8,18090
down_proj,460,0,8,136078
final_layernorm,460,0,8,94685
lm_head,460,0,8,330625
embedding,461,0,8,42755
input_layernorm,461,0,8,93498
q_proj,461,0,8,65502
k_proj,461,0,8,12720
v_proj,461,0,8,12126
rope,461,0,8,70688
attn,461,0,8,16056
o_proj,461,0,8,49190
post_layernorm,461,0,8,94370
gate_proj,461,0,8,152132
up_proj,461,0,8,147273
act_fn,461,0,8,18115
down_proj,461,0,8,135857
final_layernorm,461,0,8,94982
lm_head,461,0,8,330568
embedding,462,0,8,43327
input_layernorm,462,0,8,94308
q_proj,462,0,8,65984
k_proj,462,0,8,12952
v_proj,462,0,8,12295
rope,462,0,8,71092
attn,462,0,8,16201
o_proj,462,0,8,48944
post_layernorm,462,0,8,95010
gate_proj,462,0,8,152917
up_proj,462,0,8,147899
act_fn,462,0,8,18293
down_proj,462,0,8,136062
final_layernorm,462,0,8,95472
lm_head,462,0,8,331989
embedding,463,0,8,43172
input_layernorm,463,0,8,94015
q_proj,463,0,8,65882
k_proj,463,0,8,12764
v_proj,463,0,8,12118
rope,463,0,8,70712
attn,463,0,8,16105
o_proj,463,0,8,49176
post_layernorm,463,0,8,94630
gate_proj,463,0,8,152228
up_proj,463,0,8,147210
act_fn,463,0,8,18110
down_proj,463,0,8,136041
final_layernorm,463,0,8,95360
lm_head,463,0,8,331143
embedding,464,0,8,42862
input_layernorm,464,0,8,93255
q_proj,464,0,8,82124
k_proj,464,0,8,12831
v_proj,464,0,8,12148
rope,464,0,8,70872
attn,464,0,8,16201
o_proj,464,0,8,50906
post_layernorm,464,0,8,94430
gate_proj,464,0,8,161139
up_proj,464,0,8,154111
act_fn,464,0,8,18348
down_proj,464,0,8,141659
final_layernorm,464,0,8,94477
lm_head,464,0,8,331052
embedding,465,0,8,43028
input_layernorm,465,0,8,94138
q_proj,465,0,8,65130
k_proj,465,0,8,12848
v_proj,465,0,8,12185
rope,465,0,8,71455
attn,465,0,8,16119
o_proj,465,0,8,51326
post_layernorm,465,0,8,94733
gate_proj,465,0,8,160786
up_proj,465,0,8,153801
act_fn,465,0,8,18435
down_proj,465,0,8,141600
final_layernorm,465,0,8,95097
lm_head,465,0,8,331396
embedding,466,0,8,43180
input_layernorm,466,0,8,94892
q_proj,466,0,8,64354
k_proj,466,0,8,12885
v_proj,466,0,8,12220
rope,466,0,8,70823
attn,466,0,8,16207
o_proj,466,0,8,51084
post_layernorm,466,0,8,95218
gate_proj,466,0,8,161856
up_proj,466,0,8,154483
act_fn,466,0,8,18465
down_proj,466,0,8,141817
final_layernorm,466,0,8,95413
lm_head,466,0,8,331612
embedding,467,0,8,42973
input_layernorm,467,0,8,94592
q_proj,467,0,8,64698
k_proj,467,0,8,12893
v_proj,467,0,8,12160
rope,467,0,8,72223
attn,467,0,8,16220
o_proj,467,0,8,51644
post_layernorm,467,0,8,95088
gate_proj,467,0,8,161415
up_proj,467,0,8,154100
act_fn,467,0,8,18493
down_proj,467,0,8,141912
final_layernorm,467,0,8,95482
lm_head,467,0,8,331343
embedding,468,0,8,43233
input_layernorm,468,0,8,94650
q_proj,468,0,8,64034
k_proj,468,0,8,12892
v_proj,468,0,8,12249
rope,468,0,8,71200
attn,468,0,8,16116
o_proj,468,0,8,51080
post_layernorm,468,0,8,95045
gate_proj,468,0,8,160938
up_proj,468,0,8,153760
act_fn,468,0,8,18550
down_proj,468,0,8,141826
final_layernorm,468,0,8,95335
lm_head,468,0,8,331220
embedding,469,0,8,43327
input_layernorm,469,0,8,94915
q_proj,469,0,8,64110
k_proj,469,0,8,12742
v_proj,469,0,8,12074
rope,469,0,8,72220
attn,469,0,8,16149
o_proj,469,0,8,51560
post_layernorm,469,0,8,95463
gate_proj,469,0,8,161391
up_proj,469,0,8,153972
act_fn,469,0,8,18645
down_proj,469,0,8,141954
final_layernorm,469,0,8,96127
lm_head,469,0,8,331474
embedding,470,0,8,43425
input_layernorm,470,0,8,95255
q_proj,470,0,8,63678
k_proj,470,0,8,12772
v_proj,470,0,8,12140
rope,470,0,8,71418
attn,470,0,8,16285
o_proj,470,0,8,51396
post_layernorm,470,0,8,95557
gate_proj,470,0,8,162197
up_proj,470,0,8,154360
act_fn,470,0,8,18578
down_proj,470,0,8,142038
final_layernorm,470,0,8,95638
lm_head,470,0,8,332596
embedding,471,0,8,43150
input_layernorm,471,0,8,95197
q_proj,471,0,8,63282
k_proj,471,0,8,12732
v_proj,471,0,8,12141
rope,471,0,8,71713
attn,471,0,8,16100
o_proj,471,0,8,51416
post_layernorm,471,0,8,95595
gate_proj,471,0,8,161183
up_proj,471,0,8,153866
act_fn,471,0,8,18612
down_proj,471,0,8,142079
final_layernorm,471,0,8,95795
lm_head,471,0,8,331846
embedding,472,0,8,43148
input_layernorm,472,0,8,94763
q_proj,472,0,8,62492
k_proj,472,0,8,12861
v_proj,472,0,8,12122
rope,472,0,8,70962
attn,472,0,8,16198
o_proj,472,0,8,51146
post_layernorm,472,0,8,95103
gate_proj,472,0,8,161631
up_proj,472,0,8,154102
act_fn,472,0,8,18648
down_proj,472,0,8,142380
final_layernorm,472,0,8,95347
lm_head,472,0,8,332065
embedding,473,0,8,43373
input_layernorm,473,0,8,95490
q_proj,473,0,8,62322
k_proj,473,0,8,12884
v_proj,473,0,8,12130
rope,473,0,8,71808
attn,473,0,8,16100
o_proj,473,0,8,51492
post_layernorm,473,0,8,95673
gate_proj,473,0,8,161187
up_proj,473,0,8,153935
act_fn,473,0,8,18597
down_proj,473,0,8,142331
final_layernorm,473,0,8,95895
lm_head,473,0,8,331727
embedding,474,0,8,44612
input_layernorm,474,0,8,95997
q_proj,474,0,8,61924
k_proj,474,0,8,12812
v_proj,474,0,8,12137
rope,474,0,8,71132
attn,474,0,8,16254
o_proj,474,0,8,51330
post_layernorm,474,0,8,96047
gate_proj,474,0,8,161943
up_proj,474,0,8,154499
act_fn,474,0,8,18712
down_proj,474,0,8,142326
final_layernorm,474,0,8,96255
lm_head,474,0,8,332840
embedding,475,0,8,43902
input_layernorm,475,0,8,95810
q_proj,475,0,8,62336
k_proj,475,0,8,12872
v_proj,475,0,8,12195
rope,475,0,8,71968
attn,475,0,8,16153
o_proj,475,0,8,51614
post_layernorm,475,0,8,96070
gate_proj,475,0,8,161694
up_proj,475,0,8,154306
act_fn,475,0,8,18767
down_proj,475,0,8,142268
final_layernorm,475,0,8,96613
lm_head,475,0,8,332766
embedding,476,0,8,44412
input_layernorm,476,0,8,96152
q_proj,476,0,8,60528
k_proj,476,0,8,12903
v_proj,476,0,8,12194
rope,476,0,8,71543
attn,476,0,8,16225
o_proj,476,0,8,51572
post_layernorm,476,0,8,96543
gate_proj,476,0,8,162526
up_proj,476,0,8,154709
act_fn,476,0,8,18785
down_proj,476,0,8,142673
final_layernorm,476,0,8,96982
lm_head,476,0,8,332983
embedding,477,0,8,45002
input_layernorm,477,0,8,96113
q_proj,477,0,8,61596
k_proj,477,0,8,12925
v_proj,477,0,8,12196
rope,477,0,8,71817
attn,477,0,8,16253
o_proj,477,0,8,51654
post_layernorm,477,0,8,96720
gate_proj,477,0,8,162234
up_proj,477,0,8,154635
act_fn,477,0,8,18893
down_proj,477,0,8,142534
final_layernorm,477,0,8,97235
lm_head,477,0,8,333164
embedding,478,0,8,44165
input_layernorm,478,0,8,96162
q_proj,478,0,8,60804
k_proj,478,0,8,12831
v_proj,478,0,8,12136
rope,478,0,8,71143
attn,478,0,8,16167
o_proj,478,0,8,51554
post_layernorm,478,0,8,96162
gate_proj,478,0,8,161711
up_proj,478,0,8,154392
act_fn,478,0,8,18863
down_proj,478,0,8,142554
final_layernorm,478,0,8,96568
lm_head,478,0,8,332071
embedding,479,0,8,44905
input_layernorm,479,0,8,96793
q_proj,479,0,8,60060
k_proj,479,0,8,12956
v_proj,479,0,8,12343
rope,479,0,8,72665
attn,479,0,8,16432
o_proj,479,0,8,52372
post_layernorm,479,0,8,97177
gate_proj,479,0,8,163629
up_proj,479,0,8,156009
act_fn,479,0,8,18952
down_proj,479,0,8,142872
final_layernorm,479,0,8,97965
lm_head,479,0,8,335005
embedding,480,0,8,44783
input_layernorm,480,0,8,96163
q_proj,480,0,8,71190
k_proj,480,0,8,12613
v_proj,480,0,8,11600
rope,480,0,8,71520
attn,480,0,8,16318
o_proj,480,0,8,51576
post_layernorm,480,0,8,96687
gate_proj,480,0,8,163122
up_proj,480,0,8,155285
act_fn,480,0,8,18822
down_proj,480,0,8,142772
final_layernorm,480,0,8,96727
lm_head,480,0,8,333839
embedding,481,0,8,44332
input_layernorm,481,0,8,96807
q_proj,481,0,8,70906
k_proj,481,0,8,14707
v_proj,481,0,8,13910
rope,481,0,8,72095
attn,481,0,8,16284
o_proj,481,0,8,51132
post_layernorm,481,0,8,97237
gate_proj,481,0,8,161310
up_proj,481,0,8,155718
act_fn,481,0,8,18687
down_proj,481,0,8,142343
final_layernorm,481,0,8,97485
lm_head,481,0,8,345580
embedding,482,0,8,44738
input_layernorm,482,0,8,96475
q_proj,482,0,8,71534
k_proj,482,0,8,15644
v_proj,482,0,8,14703
rope,482,0,8,71003
attn,482,0,8,16165
o_proj,482,0,8,50772
post_layernorm,482,0,8,96865
gate_proj,482,0,8,160795
up_proj,482,0,8,154741
act_fn,482,0,8,18447
down_proj,482,0,8,142291
final_layernorm,482,0,8,97497
lm_head,482,0,8,344834
embedding,483,0,8,44155
input_layernorm,483,0,8,96540
q_proj,483,0,8,71598
k_proj,483,0,8,14562
v_proj,483,0,8,13827
rope,483,0,8,71563
attn,483,0,8,16241
o_proj,483,0,8,50952
post_layernorm,483,0,8,97033
gate_proj,483,0,8,161181
up_proj,483,0,8,155259
act_fn,483,0,8,18763
down_proj,483,0,8,142456
final_layernorm,483,0,8,97475
lm_head,483,0,8,344929
embedding,484,0,8,44573
input_layernorm,484,0,8,96868
q_proj,484,0,8,71188
k_proj,484,0,8,14791
v_proj,484,0,8,14233
rope,484,0,8,71435
attn,484,0,8,16254
o_proj,484,0,8,50864
post_layernorm,484,0,8,97603
gate_proj,484,0,8,161300
up_proj,484,0,8,155279
act_fn,484,0,8,18585
down_proj,484,0,8,142348
final_layernorm,484,0,8,97963
lm_head,484,0,8,345430
embedding,485,0,8,44673
input_layernorm,485,0,8,96932
q_proj,485,0,8,69968
k_proj,485,0,8,14579
v_proj,485,0,8,14007
rope,485,0,8,72112
attn,485,0,8,16264
o_proj,485,0,8,50972
post_layernorm,485,0,8,97245
gate_proj,485,0,8,161336
up_proj,485,0,8,155309
act_fn,485,0,8,18695
down_proj,485,0,8,142530
final_layernorm,485,0,8,97898
lm_head,485,0,8,345370
embedding,486,0,8,44463
input_layernorm,486,0,8,96593
q_proj,486,0,8,70894
k_proj,486,0,8,14889
v_proj,486,0,8,14338
rope,486,0,8,71155
attn,486,0,8,16126
o_proj,486,0,8,50758
post_layernorm,486,0,8,97348
gate_proj,486,0,8,160717
up_proj,486,0,8,154704
act_fn,486,0,8,18792
down_proj,486,0,8,142569
final_layernorm,486,0,8,97715
lm_head,486,0,8,344902
embedding,487,0,8,44495
input_layernorm,487,0,8,96870
q_proj,487,0,8,69330
k_proj,487,0,8,14432
v_proj,487,0,8,13797
rope,487,0,8,72233
attn,487,0,8,16251
o_proj,487,0,8,51160
post_layernorm,487,0,8,97348
gate_proj,487,0,8,160866
up_proj,487,0,8,155166
act_fn,487,0,8,18672
down_proj,487,0,8,142629
final_layernorm,487,0,8,97890
lm_head,487,0,8,345906
embedding,488,0,8,44628
input_layernorm,488,0,8,96730
q_proj,488,0,8,68750
k_proj,488,0,8,14744
v_proj,488,0,8,14219
rope,488,0,8,71885
attn,488,0,8,16225
o_proj,488,0,8,50948
post_layernorm,488,0,8,97612
gate_proj,488,0,8,161640
up_proj,488,0,8,155705
act_fn,488,0,8,18760
down_proj,488,0,8,142677
final_layernorm,488,0,8,97818
lm_head,488,0,8,345806
embedding,489,0,8,44363
input_layernorm,489,0,8,97240
q_proj,489,0,8,69212
k_proj,489,0,8,14675
v_proj,489,0,8,14081
rope,489,0,8,71967
attn,489,0,8,16254
o_proj,489,0,8,51116
post_layernorm,489,0,8,97958
gate_proj,489,0,8,161232
up_proj,489,0,8,155259
act_fn,489,0,8,18687
down_proj,489,0,8,142872
final_layernorm,489,0,8,98417
lm_head,489,0,8,345585
embedding,490,0,8,45217
input_layernorm,490,0,8,97475
q_proj,490,0,8,69362
k_proj,490,0,8,14647
v_proj,490,0,8,13959
rope,490,0,8,71165
attn,490,0,8,16264
o_proj,490,0,8,50842
post_layernorm,490,0,8,98255
gate_proj,490,0,8,161828
up_proj,490,0,8,155664
act_fn,490,0,8,18897
down_proj,490,0,8,142957
final_layernorm,490,0,8,98663
lm_head,490,0,8,346480
embedding,491,0,8,45040
input_layernorm,491,0,8,97555
q_proj,491,0,8,68694
k_proj,491,0,8,14859
v_proj,491,0,8,14154
rope,491,0,8,72180
attn,491,0,8,16259
o_proj,491,0,8,51306
post_layernorm,491,0,8,97635
gate_proj,491,0,8,161456
up_proj,491,0,8,155708
act_fn,491,0,8,18827
down_proj,491,0,8,142844
final_layernorm,491,0,8,98455
lm_head,491,0,8,346291
embedding,492,0,8,45377
input_layernorm,492,0,8,97385
q_proj,492,0,8,68290
k_proj,492,0,8,14884
v_proj,492,0,8,14115
rope,492,0,8,71847
attn,492,0,8,16300
o_proj,492,0,8,50926
post_layernorm,492,0,8,98320
gate_proj,492,0,8,161484
up_proj,492,0,8,155437
act_fn,492,0,8,18902
down_proj,492,0,8,142792
final_layernorm,492,0,8,98858
lm_head,492,0,8,346209
embedding,493,0,8,45458
input_layernorm,493,0,8,97810
q_proj,493,0,8,68434
k_proj,493,0,8,14585
v_proj,493,0,8,14044
rope,493,0,8,72413
attn,493,0,8,16270
o_proj,493,0,8,51154
post_layernorm,493,0,8,98048
gate_proj,493,0,8,161293
up_proj,493,0,8,155573
act_fn,493,0,8,19070
down_proj,493,0,8,143022
final_layernorm,493,0,8,98732
lm_head,493,0,8,346281
embedding,494,0,8,45665
input_layernorm,494,0,8,97635
q_proj,494,0,8,68082
k_proj,494,0,8,14705
v_proj,494,0,8,14034
rope,494,0,8,71485
attn,494,0,8,16244
o_proj,494,0,8,50930
post_layernorm,494,0,8,97858
gate_proj,494,0,8,161051
up_proj,494,0,8,154956
act_fn,494,0,8,18920
down_proj,494,0,8,142894
final_layernorm,494,0,8,98657
lm_head,494,0,8,345655
embedding,495,0,8,45617
input_layernorm,495,0,8,98155
q_proj,495,0,8,67546
k_proj,495,0,8,14808
v_proj,495,0,8,14154
rope,495,0,8,72502
attn,495,0,8,16307
o_proj,495,0,8,51286
post_layernorm,495,0,8,98248
gate_proj,495,0,8,161337
up_proj,495,0,8,155675
act_fn,495,0,8,18873
down_proj,495,0,8,143201
final_layernorm,495,0,8,98922
lm_head,495,0,8,346724
embedding,496,0,8,45783
input_layernorm,496,0,8,97455
q_proj,496,0,8,66032
k_proj,496,0,8,10903
v_proj,496,0,8,10330
rope,496,0,8,71592
attn,496,0,8,16251
o_proj,496,0,8,52116
post_layernorm,496,0,8,98065
gate_proj,496,0,8,165798
up_proj,496,0,8,159694
act_fn,496,0,8,19000
down_proj,496,0,8,145797
final_layernorm,496,0,8,98342
lm_head,496,0,8,356287
embedding,497,0,8,45702
input_layernorm,497,0,8,98448
q_proj,497,0,8,65978
k_proj,497,0,8,14765
v_proj,497,0,8,14062
rope,497,0,8,72613
attn,497,0,8,16445
o_proj,497,0,8,52008
post_layernorm,497,0,8,99052
gate_proj,497,0,8,166550
up_proj,497,0,8,154594
act_fn,497,0,8,20328
down_proj,497,0,8,146633
final_layernorm,497,0,8,99607
lm_head,497,0,8,357111
embedding,498,0,8,45538
input_layernorm,498,0,8,98415
q_proj,498,0,8,65686
k_proj,498,0,8,14781
v_proj,498,0,8,14059
rope,498,0,8,71487
attn,498,0,8,16261
o_proj,498,0,8,51854
post_layernorm,498,0,8,98537
gate_proj,498,0,8,165503
up_proj,498,0,8,153924
act_fn,498,0,8,20272
down_proj,498,0,8,146566
final_layernorm,498,0,8,99357
lm_head,498,0,8,356234
embedding,499,0,8,45662
input_layernorm,499,0,8,98703
q_proj,499,0,8,65592
k_proj,499,0,8,15086
v_proj,499,0,8,14350
rope,499,0,8,72325
attn,499,0,8,16403
o_proj,499,0,8,52120
post_layernorm,499,0,8,98680
gate_proj,499,0,8,167080
up_proj,499,0,8,152880
act_fn,499,0,8,20327
down_proj,499,0,8,146657
final_layernorm,499,0,8,99323
lm_head,499,0,8,356452
embedding,500,0,8,45753
input_layernorm,500,0,8,98740
q_proj,500,0,8,64946
k_proj,500,0,8,14507
v_proj,500,0,8,13766
rope,500,0,8,72172
attn,500,0,8,16310
o_proj,500,0,8,51834
post_layernorm,500,0,8,98617
gate_proj,500,0,8,162702
up_proj,500,0,8,153948
act_fn,500,0,8,20405
down_proj,500,0,8,146781
final_layernorm,500,0,8,99178
lm_head,500,0,8,356480
embedding,501,0,8,45757
input_layernorm,501,0,8,98738
q_proj,501,0,8,65528
k_proj,501,0,8,14818
v_proj,501,0,8,14134
rope,501,0,8,72223
attn,501,0,8,16222
o_proj,501,0,8,51800
post_layernorm,501,0,8,98392
gate_proj,501,0,8,164056
up_proj,501,0,8,154017
act_fn,501,0,8,20257
down_proj,501,0,8,146668
final_layernorm,501,0,8,98895
lm_head,501,0,8,356055
embedding,502,0,8,45593
input_layernorm,502,0,8,99003
q_proj,502,0,8,63400
k_proj,502,0,8,14462
v_proj,502,0,8,13882
rope,502,0,8,71982
attn,502,0,8,16393
o_proj,502,0,8,51916
post_layernorm,502,0,8,99095
gate_proj,502,0,8,164032
up_proj,502,0,8,153445
act_fn,502,0,8,20312
down_proj,502,0,8,147054
final_layernorm,502,0,8,99400
lm_head,502,0,8,356699
embedding,503,0,8,45665
input_layernorm,503,0,8,99143
q_proj,503,0,8,64038
k_proj,503,0,8,14725
v_proj,503,0,8,13931
rope,503,0,8,72317
attn,503,0,8,16275
o_proj,503,0,8,52080
post_layernorm,503,0,8,99387
gate_proj,503,0,8,161846
up_proj,503,0,8,152288
act_fn,503,0,8,20493
down_proj,503,0,8,147097
final_layernorm,503,0,8,99535
lm_head,503,0,8,356705
embedding,504,0,8,45880
input_layernorm,504,0,8,98240
q_proj,504,0,8,59822
k_proj,504,0,8,14619
v_proj,504,0,8,13977
rope,504,0,8,71987
attn,504,0,8,16309
o_proj,504,0,8,51798
post_layernorm,504,0,8,98337
gate_proj,504,0,8,165889
up_proj,504,0,8,159761
act_fn,504,0,8,19073
down_proj,504,0,8,146426
final_layernorm,504,0,8,99082
lm_head,504,0,8,356660
embedding,505,0,8,45828
input_layernorm,505,0,8,99017
q_proj,505,0,8,62574
k_proj,505,0,8,10578
v_proj,505,0,8,10074
rope,505,0,8,71950
attn,505,0,8,16217
o_proj,505,0,8,52234
post_layernorm,505,0,8,99490
gate_proj,505,0,8,161289
up_proj,505,0,8,152603
act_fn,505,0,8,20437
down_proj,505,0,8,147281
final_layernorm,505,0,8,100110
lm_head,505,0,8,356957
embedding,506,0,8,46675
input_layernorm,506,0,8,99602
q_proj,506,0,8,60142
k_proj,506,0,8,10531
v_proj,506,0,8,9998
rope,506,0,8,71590
attn,506,0,8,16285
o_proj,506,0,8,52226
post_layernorm,506,0,8,99263
gate_proj,506,0,8,159753
up_proj,506,0,8,152466
act_fn,506,0,8,20543
down_proj,506,0,8,147375
final_layernorm,506,0,8,100008
lm_head,506,0,8,357470
embedding,507,0,8,46172
input_layernorm,507,0,8,99715
q_proj,507,0,8,62214
k_proj,507,0,8,10564
v_proj,507,0,8,10047
rope,507,0,8,71767
attn,507,0,8,16211
o_proj,507,0,8,52338
post_layernorm,507,0,8,99575
gate_proj,507,0,8,160491
up_proj,507,0,8,152579
act_fn,507,0,8,20483
down_proj,507,0,8,147541
final_layernorm,507,0,8,100542
lm_head,507,0,8,357152
embedding,508,0,8,46292
input_layernorm,508,0,8,100000
q_proj,508,0,8,60216
k_proj,508,0,8,10544
v_proj,508,0,8,10042
rope,508,0,8,71880
attn,508,0,8,16249
o_proj,508,0,8,52124
post_layernorm,508,0,8,100027
gate_proj,508,0,8,160678
up_proj,508,0,8,153055
act_fn,508,0,8,20653
down_proj,508,0,8,147364
final_layernorm,508,0,8,100458
lm_head,508,0,8,357215
embedding,509,0,8,46872
input_layernorm,509,0,8,100143
q_proj,509,0,8,60480
k_proj,509,0,8,10541
v_proj,509,0,8,9875
rope,509,0,8,71918
attn,509,0,8,16323
o_proj,509,0,8,52346
post_layernorm,509,0,8,99887
gate_proj,509,0,8,160429
up_proj,509,0,8,152832
act_fn,509,0,8,20528
down_proj,509,0,8,147524
final_layernorm,509,0,8,100525
lm_head,509,0,8,357345
embedding,510,0,8,46740
input_layernorm,510,0,8,100020
q_proj,510,0,8,60300
k_proj,510,0,8,10474
v_proj,510,0,8,9823
rope,510,0,8,71537
attn,510,0,8,16250
o_proj,510,0,8,52302
post_layernorm,510,0,8,99525
gate_proj,510,0,8,159865
up_proj,510,0,8,152455
act_fn,510,0,8,20618
down_proj,510,0,8,147522
final_layernorm,510,0,8,100197
lm_head,510,0,8,356846
embedding,511,0,8,47307
input_layernorm,511,0,8,101385
q_proj,511,0,8,60576
k_proj,511,0,8,10580
v_proj,511,0,8,9852
rope,511,0,8,72572
attn,511,0,8,16591
o_proj,511,0,8,52750
post_layernorm,511,0,8,100723
gate_proj,511,0,8,160947
up_proj,511,0,8,154594
act_fn,511,0,8,20737
down_proj,511,0,8,147773
final_layernorm,511,0,8,101263
lm_head,511,0,8,359621
embedding,512,0,8,46860
input_layernorm,512,0,8,100195
q_proj,512,0,8,58954
k_proj,512,0,8,10406
v_proj,512,0,8,9781
rope,512,0,8,71985
attn,512,0,8,15706
o_proj,512,0,8,52334
post_layernorm,512,0,8,99240
gate_proj,512,0,8,165906
up_proj,512,0,8,160106
act_fn,512,0,8,19243
down_proj,512,0,8,146816
final_layernorm,512,0,8,99982
lm_head,512,0,8,357456
embedding,513,0,8,46990
input_layernorm,513,0,8,101192
q_proj,513,0,8,74442
k_proj,513,0,8,12098
v_proj,513,0,8,10948
rope,513,0,8,72672
attn,513,0,8,18843
o_proj,513,0,8,55384
post_layernorm,513,0,8,100925
gate_proj,513,0,8,173979
up_proj,513,0,8,166075
act_fn,513,0,8,19478
down_proj,513,0,8,152468
final_layernorm,513,0,8,102357
lm_head,513,0,8,367083
embedding,514,0,8,46980
input_layernorm,514,0,8,101203
q_proj,514,0,8,73458
k_proj,514,0,8,12292
v_proj,514,0,8,10927
rope,514,0,8,72967
attn,514,0,8,18837
o_proj,514,0,8,55186
post_layernorm,514,0,8,101037
gate_proj,514,0,8,173895
up_proj,514,0,8,165843
act_fn,514,0,8,19768
down_proj,514,0,8,152373
final_layernorm,514,0,8,102347
lm_head,514,0,8,367078
embedding,515,0,8,46978
input_layernorm,515,0,8,101363
q_proj,515,0,8,73480
k_proj,515,0,8,12100
v_proj,515,0,8,10894
rope,515,0,8,72810
attn,515,0,8,18866
o_proj,515,0,8,55098
post_layernorm,515,0,8,100975
gate_proj,515,0,8,174438
up_proj,515,0,8,166311
act_fn,515,0,8,19510
down_proj,515,0,8,152618
final_layernorm,515,0,8,102703
lm_head,515,0,8,367279
embedding,516,0,8,46970
input_layernorm,516,0,8,101140
q_proj,516,0,8,73292
k_proj,516,0,8,12023
v_proj,516,0,8,10888
rope,516,0,8,73012
attn,516,0,8,18828
o_proj,516,0,8,55222
post_layernorm,516,0,8,101158
gate_proj,516,0,8,174191
up_proj,516,0,8,166251
act_fn,516,0,8,19445
down_proj,516,0,8,152778
final_layernorm,516,0,8,102580
lm_head,516,0,8,367434
embedding,517,0,8,46882
input_layernorm,517,0,8,101583
q_proj,517,0,8,73396
k_proj,517,0,8,12244
v_proj,517,0,8,11087
rope,517,0,8,72985
attn,517,0,8,18734
o_proj,517,0,8,55042
post_layernorm,517,0,8,101755
gate_proj,517,0,8,174157
up_proj,517,0,8,165821
act_fn,517,0,8,19635
down_proj,517,0,8,152735
final_layernorm,517,0,8,103178
lm_head,517,0,8,366923
embedding,518,0,8,47275
input_layernorm,518,0,8,101890
q_proj,518,0,8,73384
k_proj,518,0,8,12103
v_proj,518,0,8,10769
rope,518,0,8,73348
attn,518,0,8,18953
o_proj,518,0,8,55218
post_layernorm,518,0,8,102132
gate_proj,518,0,8,175203
up_proj,518,0,8,166948
act_fn,518,0,8,19718
down_proj,518,0,8,152876
final_layernorm,518,0,8,103295
lm_head,518,0,8,368638
embedding,519,0,8,47238
input_layernorm,519,0,8,101845
q_proj,519,0,8,73056
k_proj,519,0,8,12150
v_proj,519,0,8,10736
rope,519,0,8,72818
attn,519,0,8,18771
o_proj,519,0,8,55344
post_layernorm,519,0,8,101532
gate_proj,519,0,8,174146
up_proj,519,0,8,166008
act_fn,519,0,8,19620
down_proj,519,0,8,152806
final_layernorm,519,0,8,103220
lm_head,519,0,8,367341
embedding,520,0,8,46902
input_layernorm,520,0,8,101553
q_proj,520,0,8,71232
k_proj,520,0,8,11992
v_proj,520,0,8,10654
rope,520,0,8,73353
attn,520,0,8,18826
o_proj,520,0,8,55178
post_layernorm,520,0,8,101388
gate_proj,520,0,8,174256
up_proj,520,0,8,166563
act_fn,520,0,8,19687
down_proj,520,0,8,153094
final_layernorm,520,0,8,103367
lm_head,520,0,8,368177
embedding,521,0,8,47293
input_layernorm,521,0,8,102460
q_proj,521,0,8,72276
k_proj,521,0,8,11859
v_proj,521,0,8,10760
rope,521,0,8,72772
attn,521,0,8,18878
o_proj,521,0,8,55316
post_layernorm,521,0,8,101938
gate_proj,521,0,8,174440
up_proj,521,0,8,166240
act_fn,521,0,8,19802
down_proj,521,0,8,153003
final_layernorm,521,0,8,103293
lm_head,521,0,8,368277
embedding,522,0,8,47208
input_layernorm,522,0,8,102737
q_proj,522,0,8,71212
k_proj,522,0,8,11944
v_proj,522,0,8,10576
rope,522,0,8,73348
attn,522,0,8,18842
o_proj,522,0,8,55408
post_layernorm,522,0,8,101857
gate_proj,522,0,8,174347
up_proj,522,0,8,166402
act_fn,522,0,8,19693
down_proj,522,0,8,153097
final_layernorm,522,0,8,103388
lm_head,522,0,8,367968
embedding,523,0,8,47472
input_layernorm,523,0,8,102728
q_proj,523,0,8,71300
k_proj,523,0,8,11843
v_proj,523,0,8,10635
rope,523,0,8,72853
attn,523,0,8,18871
o_proj,523,0,8,55452
post_layernorm,523,0,8,102458
gate_proj,523,0,8,174599
up_proj,523,0,8,166365
act_fn,523,0,8,19818
down_proj,523,0,8,153129
final_layernorm,523,0,8,104167
lm_head,523,0,8,368088
embedding,524,0,8,48145
input_layernorm,524,0,8,103310
q_proj,524,0,8,71000
k_proj,524,0,8,11993
v_proj,524,0,8,10590
rope,524,0,8,73998
attn,524,0,8,18953
o_proj,524,0,8,55490
post_layernorm,524,0,8,102755
gate_proj,524,0,8,175240
up_proj,524,0,8,166924
act_fn,524,0,8,19728
down_proj,524,0,8,153446
final_layernorm,524,0,8,104783
lm_head,524,0,8,369023
embedding,525,0,8,47958
input_layernorm,525,0,8,103250
q_proj,525,0,8,70600
k_proj,525,0,8,11894
v_proj,525,0,8,10668
rope,525,0,8,73170
attn,525,0,8,18897
o_proj,525,0,8,55444
post_layernorm,525,0,8,103092
gate_proj,525,0,8,175127
up_proj,525,0,8,167163
act_fn,525,0,8,19783
down_proj,525,0,8,153406
final_layernorm,525,0,8,104973
lm_head,525,0,8,369307
embedding,526,0,8,48155
input_layernorm,526,0,8,103193
q_proj,526,0,8,70458
k_proj,526,0,8,11817
v_proj,526,0,8,10707
rope,526,0,8,72655
attn,526,0,8,18934
o_proj,526,0,8,55442
post_layernorm,526,0,8,102673
gate_proj,526,0,8,174558
up_proj,526,0,8,166435
act_fn,526,0,8,19870
down_proj,526,0,8,153331
final_layernorm,526,0,8,104587
lm_head,526,0,8,368138
embedding,527,0,8,48597
input_layernorm,527,0,8,103395
q_proj,527,0,8,70248
k_proj,527,0,8,11963
v_proj,527,0,8,10628
rope,527,0,8,72522
attn,527,0,8,18963
o_proj,527,0,8,55498
post_layernorm,527,0,8,102943
gate_proj,527,0,8,174902
up_proj,527,0,8,166803
act_fn,527,0,8,19877
down_proj,527,0,8,153580
final_layernorm,527,0,8,104622
lm_head,527,0,8,368265
embedding,528,0,8,48178
input_layernorm,528,0,8,103298
q_proj,528,0,8,66664
k_proj,528,0,8,12082
v_proj,528,0,8,10492
rope,528,0,8,73117
attn,528,0,8,18762
o_proj,528,0,8,55230
post_layernorm,528,0,8,102423
gate_proj,528,0,8,174614
up_proj,528,0,8,166686
act_fn,528,0,8,19947
down_proj,528,0,8,153461
final_layernorm,528,0,8,104410
lm_head,528,0,8,368416
embedding,529,0,8,48065
input_layernorm,529,0,8,105353
q_proj,529,0,8,69142
k_proj,529,0,8,15080
v_proj,529,0,8,14338
rope,529,0,8,73715
attn,529,0,8,19145
o_proj,529,0,8,56100
post_layernorm,529,0,8,104288
gate_proj,529,0,8,173929
up_proj,529,0,8,167726
act_fn,529,0,8,19690
down_proj,529,0,8,155190
final_layernorm,529,0,8,106430
lm_head,529,0,8,377457
embedding,530,0,8,48187
input_layernorm,530,0,8,105533
q_proj,530,0,8,68818
k_proj,530,0,8,15208
v_proj,530,0,8,14405
rope,530,0,8,74548
attn,530,0,8,19234
o_proj,530,0,8,56514
post_layernorm,530,0,8,105205
gate_proj,530,0,8,174278
up_proj,530,0,8,167914
act_fn,530,0,8,19633
down_proj,530,0,8,155480
final_layernorm,530,0,8,107375
lm_head,530,0,8,377890
embedding,531,0,8,48438
input_layernorm,531,0,8,106378
q_proj,531,0,8,68632
k_proj,531,0,8,15266
v_proj,531,0,8,14414
rope,531,0,8,74152
attn,531,0,8,19337
o_proj,531,0,8,56456
post_layernorm,531,0,8,105232
gate_proj,531,0,8,174265
up_proj,531,0,8,168005
act_fn,531,0,8,19792
down_proj,531,0,8,155259
final_layernorm,531,0,8,107458
lm_head,531,0,8,377893
embedding,532,0,8,48645
input_layernorm,532,0,8,106345
q_proj,532,0,8,68460
k_proj,532,0,8,15288
v_proj,532,0,8,14488
rope,532,0,8,74775
attn,532,0,8,19317
o_proj,532,0,8,56530
post_layernorm,532,0,8,105865
gate_proj,532,0,8,174883
up_proj,532,0,8,168623
act_fn,532,0,8,19670
down_proj,532,0,8,155595
final_layernorm,532,0,8,108055
lm_head,532,0,8,378524
embedding,533,0,8,49033
input_layernorm,533,0,8,106902
q_proj,533,0,8,68176
k_proj,533,0,8,15301
v_proj,533,0,8,14476
rope,533,0,8,74773
attn,533,0,8,19511
o_proj,533,0,8,56540
post_layernorm,533,0,8,105628
gate_proj,533,0,8,174961
up_proj,533,0,8,168526
act_fn,533,0,8,19575
down_proj,533,0,8,155655
final_layernorm,533,0,8,107945
lm_head,533,0,8,378625
embedding,534,0,8,48298
input_layernorm,534,0,8,106892
q_proj,534,0,8,67874
k_proj,534,0,8,15128
v_proj,534,0,8,14392
rope,534,0,8,74803
attn,534,0,8,19295
o_proj,534,0,8,56466
post_layernorm,534,0,8,106013
gate_proj,534,0,8,174265
up_proj,534,0,8,168177
act_fn,534,0,8,19720
down_proj,534,0,8,155474
final_layernorm,534,0,8,108153
lm_head,534,0,8,378198
embedding,535,0,8,49058
input_layernorm,535,0,8,107337
q_proj,535,0,8,67310
k_proj,535,0,8,15308
v_proj,535,0,8,14493
rope,535,0,8,74815
attn,535,0,8,19419
o_proj,535,0,8,56586
post_layernorm,535,0,8,106602
gate_proj,535,0,8,175441
up_proj,535,0,8,168744
act_fn,535,0,8,19890
down_proj,535,0,8,155933
final_layernorm,535,0,8,108837
lm_head,535,0,8,379100
embedding,536,0,8,48502
input_layernorm,536,0,8,107015
q_proj,536,0,8,66066
k_proj,536,0,8,12091
v_proj,536,0,8,11291
rope,536,0,8,74330
attn,536,0,8,19563
o_proj,536,0,8,56482
post_layernorm,536,0,8,106145
gate_proj,536,0,8,174859
up_proj,536,0,8,168703
act_fn,536,0,8,19770
down_proj,536,0,8,155798
final_layernorm,536,0,8,108522
lm_head,536,0,8,378724
embedding,537,0,8,48283
input_layernorm,537,0,8,107620
q_proj,537,0,8,65998
k_proj,537,0,8,15119
v_proj,537,0,8,14340
rope,537,0,8,74600
attn,537,0,8,19327
o_proj,537,0,8,56424
post_layernorm,537,0,8,106227
gate_proj,537,0,8,174358
up_proj,537,0,8,167980
act_fn,537,0,8,19830
down_proj,537,0,8,155837
final_layernorm,537,0,8,108703
lm_head,537,0,8,378411
embedding,538,0,8,48610
input_layernorm,538,0,8,107517
q_proj,538,0,8,65994
k_proj,538,0,8,15228
v_proj,538,0,8,14377
rope,538,0,8,74848
attn,538,0,8,19403
o_proj,538,0,8,56546
post_layernorm,538,0,8,106653
gate_proj,538,0,8,174427
up_proj,538,0,8,168216
act_fn,538,0,8,19912
down_proj,538,0,8,155838
final_layernorm,538,0,8,109142
lm_head,538,0,8,378347
embedding,539,0,8,48900
input_layernorm,539,0,8,108545
q_proj,539,0,8,65736
k_proj,539,0,8,15196
v_proj,539,0,8,14387
rope,539,0,8,75192
attn,539,0,8,19522
o_proj,539,0,8,56370
post_layernorm,539,0,8,106997
gate_proj,539,0,8,174824
up_proj,539,0,8,168339
act_fn,539,0,8,19897
down_proj,539,0,8,156087
final_layernorm,539,0,8,109370
lm_head,539,0,8,378717
embedding,540,0,8,49373
input_layernorm,540,0,8,108692
q_proj,540,0,8,65006
k_proj,540,0,8,15193
v_proj,540,0,8,14449
rope,540,0,8,75610
attn,540,0,8,19544
o_proj,540,0,8,56478
post_layernorm,540,0,8,107237
gate_proj,540,0,8,174895
up_proj,540,0,8,168560
act_fn,540,0,8,19875
down_proj,540,0,8,155846
final_layernorm,540,0,8,109793
lm_head,540,0,8,379149
embedding,541,0,8,49213
input_layernorm,541,0,8,109058
q_proj,541,0,8,65546
k_proj,541,0,8,15219
v_proj,541,0,8,14484
rope,541,0,8,75475
attn,541,0,8,19572
o_proj,541,0,8,56552
post_layernorm,541,0,8,107472
gate_proj,541,0,8,175426
up_proj,541,0,8,168974
act_fn,541,0,8,19842
down_proj,541,0,8,156479
final_layernorm,541,0,8,110357
lm_head,541,0,8,379319
embedding,542,0,8,49285
input_layernorm,542,0,8,109005
q_proj,542,0,8,66432
k_proj,542,0,8,15166
v_proj,542,0,8,14395
rope,542,0,8,74993
attn,542,0,8,19488
o_proj,542,0,8,56328
post_layernorm,542,0,8,107507
gate_proj,542,0,8,174256
up_proj,542,0,8,168081
act_fn,542,0,8,19920
down_proj,542,0,8,156165
final_layernorm,542,0,8,110172
lm_head,542,0,8,378665
embedding,543,0,8,49558
input_layernorm,543,0,8,108857
q_proj,543,0,8,65938
k_proj,543,0,8,15089
v_proj,543,0,8,14281
rope,543,0,8,75023
attn,543,0,8,19448
o_proj,543,0,8,56240
post_layernorm,543,0,8,107428
gate_proj,543,0,8,173920
up_proj,543,0,8,167819
act_fn,543,0,8,19918
down_proj,543,0,8,156087
final_layernorm,543,0,8,109637
lm_head,543,0,8,378513
embedding,544,0,8,49867
input_layernorm,544,0,8,108362
q_proj,544,0,8,66118
k_proj,544,0,8,13422
v_proj,544,0,8,12757
rope,544,0,8,74993
attn,544,0,8,19367
o_proj,544,0,8,57498
post_layernorm,544,0,8,107188
gate_proj,544,0,8,185620
up_proj,544,0,8,177831
act_fn,544,0,8,20057
down_proj,544,0,8,162123
final_layernorm,544,0,8,109423
lm_head,544,0,8,394870
embedding,545,0,8,49775
input_layernorm,545,0,8,109337
q_proj,545,0,8,81016
k_proj,545,0,8,13255
v_proj,545,0,8,12460
rope,545,0,8,75217
attn,545,0,8,19524
o_proj,545,0,8,57518
post_layernorm,545,0,8,107947
gate_proj,545,0,8,186387
up_proj,545,0,8,178260
act_fn,545,0,8,20213
down_proj,545,0,8,162179
final_layernorm,545,0,8,110362
lm_head,545,0,8,395182
embedding,546,0,8,50340
input_layernorm,546,0,8,110452
q_proj,546,0,8,80964
k_proj,546,0,8,13334
v_proj,546,0,8,12582
rope,546,0,8,76027
attn,546,0,8,19752
o_proj,546,0,8,57830
post_layernorm,546,0,8,108957
gate_proj,546,0,8,188067
up_proj,546,0,8,179701
act_fn,546,0,8,20185
down_proj,546,0,8,162389
final_layernorm,546,0,8,111403
lm_head,546,0,8,396995
embedding,547,0,8,49710
input_layernorm,547,0,8,109982
q_proj,547,0,8,80664
k_proj,547,0,8,13204
v_proj,547,0,8,12316
rope,547,0,8,75363
attn,547,0,8,19397
o_proj,547,0,8,57626
post_layernorm,547,0,8,108340
gate_proj,547,0,8,186006
up_proj,547,0,8,178180
act_fn,547,0,8,20290
down_proj,547,0,8,162240
final_layernorm,547,0,8,110445
lm_head,547,0,8,395028
embedding,548,0,8,49788
input_layernorm,548,0,8,110013
q_proj,548,0,8,80332
k_proj,548,0,8,13314
v_proj,548,0,8,12389
rope,548,0,8,75903
attn,548,0,8,19574
o_proj,548,0,8,57622
post_layernorm,548,0,8,109037
gate_proj,548,0,8,186799
up_proj,548,0,8,178711
act_fn,548,0,8,20145
down_proj,548,0,8,162372
final_layernorm,548,0,8,111337
lm_head,548,0,8,396277
embedding,549,0,8,49855
input_layernorm,549,0,8,109990
q_proj,549,0,8,80470
k_proj,549,0,8,13244
v_proj,549,0,8,12281
rope,549,0,8,74978
attn,549,0,8,19485
o_proj,549,0,8,57474
post_layernorm,549,0,8,108355
gate_proj,549,0,8,185363
up_proj,549,0,8,177782
act_fn,549,0,8,20080
down_proj,549,0,8,162353
final_layernorm,549,0,8,110585
lm_head,549,0,8,395034
embedding,550,0,8,49458
input_layernorm,550,0,8,109998
q_proj,550,0,8,78386
k_proj,550,0,8,13214
v_proj,550,0,8,12264
rope,550,0,8,75700
attn,550,0,8,19583
o_proj,550,0,8,57372
post_layernorm,550,0,8,108645
gate_proj,550,0,8,185549
up_proj,550,0,8,177862
act_fn,550,0,8,20157
down_proj,550,0,8,162506
final_layernorm,550,0,8,111065
lm_head,550,0,8,395120
embedding,551,0,8,50503
input_layernorm,551,0,8,111360
q_proj,551,0,8,79690
k_proj,551,0,8,13437
v_proj,551,0,8,12541
rope,551,0,8,76117
attn,551,0,8,19886
o_proj,551,0,8,57912
post_layernorm,551,0,8,110142
gate_proj,551,0,8,188045
up_proj,551,0,8,179872
act_fn,551,0,8,20198
down_proj,551,0,8,162760
final_layernorm,551,0,8,112157
lm_head,551,0,8,397565
embedding,552,0,8,50073
input_layernorm,552,0,8,110313
q_proj,552,0,8,76782
k_proj,552,0,8,13258
v_proj,552,0,8,12438
rope,552,0,8,76377
attn,552,0,8,19637
o_proj,552,0,8,57746
post_layernorm,552,0,8,108968
gate_proj,552,0,8,187222
up_proj,552,0,8,179004
act_fn,552,0,8,20290
down_proj,552,0,8,162829
final_layernorm,552,0,8,111128
lm_head,552,0,8,396900
embedding,553,0,8,49807
input_layernorm,553,0,8,110302
q_proj,553,0,8,76846
k_proj,553,0,8,13084
v_proj,553,0,8,12248
rope,553,0,8,74885
attn,553,0,8,19347
o_proj,553,0,8,57442
post_layernorm,553,0,8,109115
gate_proj,553,0,8,185512
up_proj,553,0,8,177899
act_fn,553,0,8,20250
down_proj,553,0,8,162684
final_layernorm,553,0,8,111528
lm_head,553,0,8,395513
embedding,554,0,8,49832
input_layernorm,554,0,8,110672
q_proj,554,0,8,76110
k_proj,554,0,8,13167
v_proj,554,0,8,12250
rope,554,0,8,74960
attn,554,0,8,19462
o_proj,554,0,8,57508
post_layernorm,554,0,8,109470
gate_proj,554,0,8,186047
up_proj,554,0,8,178210
act_fn,554,0,8,20378
down_proj,554,0,8,162790
final_layernorm,554,0,8,111423
lm_head,554,0,8,395690
embedding,555,0,8,50357
input_layernorm,555,0,8,112227
q_proj,555,0,8,76604
k_proj,555,0,8,13353
v_proj,555,0,8,12500
rope,555,0,8,75968
attn,555,0,8,19886
o_proj,555,0,8,57960
post_layernorm,555,0,8,111055
gate_proj,555,0,8,188572
up_proj,555,0,8,180113
act_fn,555,0,8,20462
down_proj,555,0,8,162936
final_layernorm,555,0,8,112982
lm_head,555,0,8,397809
embedding,556,0,8,50837
input_layernorm,556,0,8,112538
q_proj,556,0,8,76070
k_proj,556,0,8,13366
v_proj,556,0,8,12518
rope,556,0,8,76275
attn,556,0,8,19737
o_proj,556,0,8,58056
post_layernorm,556,0,8,111113
gate_proj,556,0,8,188318
up_proj,556,0,8,179961
act_fn,556,0,8,20255
down_proj,556,0,8,163076
final_layernorm,556,0,8,113093
lm_head,556,0,8,398023
embedding,557,0,8,50057
input_layernorm,557,0,8,111327
q_proj,557,0,8,75724
k_proj,557,0,8,13190
v_proj,557,0,8,12308
rope,557,0,8,75142
attn,557,0,8,19565
o_proj,557,0,8,57786
post_layernorm,557,0,8,110468
gate_proj,557,0,8,185906
up_proj,557,0,8,178074
act_fn,557,0,8,20313
down_proj,557,0,8,162866
final_layernorm,557,0,8,112120
lm_head,557,0,8,395707
embedding,558,0,8,50873
input_layernorm,558,0,8,111988
q_proj,558,0,8,74502
k_proj,558,0,8,13343
v_proj,558,0,8,12424
rope,558,0,8,75845
attn,558,0,8,19775
o_proj,558,0,8,57928
post_layernorm,558,0,8,111522
gate_proj,558,0,8,187198
up_proj,558,0,8,179162
act_fn,558,0,8,20393
down_proj,558,0,8,163026
final_layernorm,558,0,8,112773
lm_head,558,0,8,397286
embedding,559,0,8,50707
input_layernorm,559,0,8,111968
q_proj,559,0,8,75872
k_proj,559,0,8,13233
v_proj,559,0,8,12310
rope,559,0,8,75478
attn,559,0,8,19685
o_proj,559,0,8,57712
post_layernorm,559,0,8,110820
gate_proj,559,0,8,186264
up_proj,559,0,8,178475
act_fn,559,0,8,20330
down_proj,559,0,8,163053
final_layernorm,559,0,8,112952
lm_head,559,0,8,396869
embedding,560,0,8,50817
input_layernorm,560,0,8,111622
q_proj,560,0,8,71244
k_proj,560,0,8,11996
v_proj,560,0,8,11276
rope,560,0,8,76022
attn,560,0,8,19716
o_proj,560,0,8,57714
post_layernorm,560,0,8,111107
gate_proj,560,0,8,186684
up_proj,560,0,8,178696
act_fn,560,0,8,20335
down_proj,560,0,8,162914
final_layernorm,560,0,8,112283
lm_head,560,0,8,396604
embedding,561,0,8,51507
input_layernorm,561,0,8,111872
q_proj,561,0,8,73408
k_proj,561,0,8,15187
v_proj,561,0,8,14380
rope,561,0,8,75493
attn,561,0,8,19667
o_proj,561,0,8,57578
post_layernorm,561,0,8,111822
gate_proj,561,0,8,185924
up_proj,561,0,8,178249
act_fn,561,0,8,20392
down_proj,561,0,8,163159
final_layernorm,561,0,8,112748
lm_head,561,0,8,396056
embedding,562,0,8,50873
input_layernorm,562,0,8,112330
q_proj,562,0,8,72586
k_proj,562,0,8,15203
v_proj,562,0,8,14345
rope,562,0,8,76043
attn,562,0,8,19647
o_proj,562,0,8,57680
post_layernorm,562,0,8,112013
gate_proj,562,0,8,186372
up_proj,562,0,8,178603
act_fn,562,0,8,20492
down_proj,562,0,8,163339
final_layernorm,562,0,8,113457
lm_head,562,0,8,397059
embedding,563,0,8,51727
input_layernorm,563,0,8,113398
q_proj,563,0,8,73366
k_proj,563,0,8,15485
v_proj,563,0,8,14661
rope,563,0,8,76957
attn,563,0,8,20173
o_proj,563,0,8,58244
post_layernorm,563,0,8,112937
gate_proj,563,0,8,188221
up_proj,563,0,8,180297
act_fn,563,0,8,20617
down_proj,563,0,8,163536
final_layernorm,563,0,8,114327
lm_head,563,0,8,398859
embedding,564,0,8,50768
input_layernorm,564,0,8,112670
q_proj,564,0,8,71688
k_proj,564,0,8,15246
v_proj,564,0,8,14361
rope,564,0,8,76588
attn,564,0,8,19587
o_proj,564,0,8,57724
post_layernorm,564,0,8,112477
gate_proj,564,0,8,186414
up_proj,564,0,8,178754
act_fn,564,0,8,20528
down_proj,564,0,8,163423
final_layernorm,564,0,8,113713
lm_head,564,0,8,397021
embedding,565,0,8,51070
input_layernorm,565,0,8,113002
q_proj,565,0,8,71508
k_proj,565,0,8,15260
v_proj,565,0,8,14353
rope,565,0,8,76400
attn,565,0,8,19574
o_proj,565,0,8,57798
post_layernorm,565,0,8,112567
gate_proj,565,0,8,186348
up_proj,565,0,8,178505
act_fn,565,0,8,20585
down_proj,565,0,8,163410
final_layernorm,565,0,8,113830
lm_head,565,0,8,396835
embedding,566,0,8,51772
input_layernorm,566,0,8,114185
q_proj,566,0,8,71540
k_proj,566,0,8,15498
v_proj,566,0,8,14638
rope,566,0,8,77320
attn,566,0,8,20086
o_proj,566,0,8,58162
post_layernorm,566,0,8,113663
gate_proj,566,0,8,188723
up_proj,566,0,8,180434
act_fn,566,0,8,20553
down_proj,566,0,8,163663
final_layernorm,566,0,8,114965
lm_head,566,0,8,398793
embedding,567,0,8,51670
input_layernorm,567,0,8,113898
q_proj,567,0,8,71442
k_proj,567,0,8,15513
v_proj,567,0,8,14641
rope,567,0,8,77113
attn,567,0,8,19852
o_proj,567,0,8,58236
post_layernorm,567,0,8,113332
gate_proj,567,0,8,188138
up_proj,567,0,8,180122
act_fn,567,0,8,20648
down_proj,567,0,8,163876
final_layernorm,567,0,8,114547
lm_head,567,0,8,398949
embedding,568,0,8,50957
input_layernorm,568,0,8,112915
q_proj,568,0,8,69914
k_proj,568,0,8,13526
v_proj,568,0,8,12635
rope,568,0,8,76495
attn,568,0,8,19676
o_proj,568,0,8,57880
post_layernorm,568,0,8,112318
gate_proj,568,0,8,186829
up_proj,568,0,8,178824
act_fn,568,0,8,20635
down_proj,568,0,8,163624
final_layernorm,568,0,8,113318
lm_head,568,0,8,397774
embedding,569,0,8,50617
input_layernorm,569,0,8,113435
q_proj,569,0,8,69692
k_proj,569,0,8,15222
v_proj,569,0,8,14324
rope,569,0,8,76845
attn,569,0,8,19542
o_proj,569,0,8,57670
post_layernorm,569,0,8,113057
gate_proj,569,0,8,186134
up_proj,569,0,8,178540
act_fn,569,0,8,20628
down_proj,569,0,8,163757
final_layernorm,569,0,8,114328
lm_head,569,0,8,397152
embedding,570,0,8,50975
input_layernorm,570,0,8,113587
q_proj,570,0,8,70092
k_proj,570,0,8,15139
v_proj,570,0,8,14312
rope,570,0,8,77115
attn,570,0,8,19708
o_proj,570,0,8,57836
post_layernorm,570,0,8,113270
gate_proj,570,0,8,185937
up_proj,570,0,8,178483
act_fn,570,0,8,20718
down_proj,570,0,8,163635
final_layernorm,570,0,8,114560
lm_head,570,0,8,397216
embedding,571,0,8,51335
input_layernorm,571,0,8,114167
q_proj,571,0,8,69902
k_proj,571,0,8,15284
v_proj,571,0,8,14445
rope,571,0,8,78320
attn,571,0,8,19900
o_proj,571,0,8,57850
post_layernorm,571,0,8,113430
gate_proj,571,0,8,187189
up_proj,571,0,8,179348
act_fn,571,0,8,20790
down_proj,571,0,8,163923
final_layernorm,571,0,8,114595
lm_head,571,0,8,397663
embedding,572,0,8,52015
input_layernorm,572,0,8,114657
q_proj,572,0,8,69186
k_proj,572,0,8,15288
v_proj,572,0,8,14448
rope,572,0,8,77598
attn,572,0,8,19895
o_proj,572,0,8,57836
post_layernorm,572,0,8,113878
gate_proj,572,0,8,187421
up_proj,572,0,8,179448
act_fn,572,0,8,20745
down_proj,572,0,8,163902
final_layernorm,572,0,8,115087
lm_head,572,0,8,398432
embedding,573,0,8,51888
input_layernorm,573,0,8,114218
q_proj,573,0,8,69524
k_proj,573,0,8,15208
v_proj,573,0,8,14339
rope,573,0,8,77082
attn,573,0,8,19620
o_proj,573,0,8,57720
post_layernorm,573,0,8,113722
gate_proj,573,0,8,186286
up_proj,573,0,8,178733
act_fn,573,0,8,20967
down_proj,573,0,8,163852
final_layernorm,573,0,8,114822
lm_head,573,0,8,397683
embedding,574,0,8,51758
input_layernorm,574,0,8,114082
q_proj,574,0,8,69508
k_proj,574,0,8,15195
v_proj,574,0,8,14307
rope,574,0,8,76982
attn,574,0,8,19572
o_proj,574,0,8,57864
post_layernorm,574,0,8,113707
gate_proj,574,0,8,186154
up_proj,574,0,8,178516
act_fn,574,0,8,21040
down_proj,574,0,8,163997
final_layernorm,574,0,8,115015
lm_head,574,0,8,397471
embedding,575,0,8,52043
input_layernorm,575,0,8,114978
q_proj,575,0,8,69136
k_proj,575,0,8,15267
v_proj,575,0,8,14421
rope,575,0,8,77542
attn,575,0,8,19954
o_proj,575,0,8,57948
post_layernorm,575,0,8,114392
gate_proj,575,0,8,187178
up_proj,575,0,8,179198
act_fn,575,0,8,20845
down_proj,575,0,8,163937
final_layernorm,575,0,8,115582
lm_head,575,0,8,398047
embedding,576,0,8,52123
input_layernorm,576,0,8,114313
q_proj,576,0,8,91790
k_proj,576,0,8,13581
v_proj,576,0,8,12670
rope,576,0,8,77722
attn,576,0,8,19831
o_proj,576,0,8,57892
post_layernorm,576,0,8,114123
gate_proj,576,0,8,187133
up_proj,576,0,8,179159
act_fn,576,0,8,21105
down_proj,576,0,8,164186
final_layernorm,576,0,8,115077
lm_head,576,0,8,398245
embedding,577,0,8,52032
input_layernorm,577,0,8,114548
q_proj,577,0,8,77560
k_proj,577,0,8,13573
v_proj,577,0,8,12668
rope,577,0,8,76893
attn,577,0,8,23577
o_proj,577,0,8,59442
post_layernorm,577,0,8,114488
gate_proj,577,0,8,190478
up_proj,577,0,8,183281
act_fn,577,0,8,20902
down_proj,577,0,8,169700
final_layernorm,577,0,8,115702
lm_head,577,0,8,412839
embedding,578,0,8,52078
input_layernorm,578,0,8,115087
q_proj,578,0,8,77292
k_proj,578,0,8,13573
v_proj,578,0,8,12632
rope,578,0,8,76918
attn,578,0,8,23408
o_proj,578,0,8,59590
post_layernorm,578,0,8,114678
gate_proj,578,0,8,190745
up_proj,578,0,8,183499
act_fn,578,0,8,20905
down_proj,578,0,8,169769
final_layernorm,578,0,8,115752
lm_head,578,0,8,412905
embedding,579,0,8,52650
input_layernorm,579,0,8,116028
q_proj,579,0,8,78030
k_proj,579,0,8,13785
v_proj,579,0,8,12771
rope,579,0,8,78682
attn,579,0,8,23797
o_proj,579,0,8,59830
post_layernorm,579,0,8,115573
gate_proj,579,0,8,192476
up_proj,579,0,8,184981
act_fn,579,0,8,21043
down_proj,579,0,8,170090
final_layernorm,579,0,8,117060
lm_head,579,0,8,414488
embedding,580,0,8,52065
input_layernorm,580,0,8,114917
q_proj,580,0,8,76610
k_proj,580,0,8,13562
v_proj,580,0,8,12647
rope,580,0,8,77150
attn,580,0,8,23414
o_proj,580,0,8,59550
post_layernorm,580,0,8,115052
gate_proj,580,0,8,190112
up_proj,580,0,8,183001
act_fn,580,0,8,20937
down_proj,580,0,8,169570
final_layernorm,580,0,8,116305
lm_head,580,0,8,412977
embedding,581,0,8,52497
input_layernorm,581,0,8,115633
q_proj,581,0,8,77674
k_proj,581,0,8,13501
v_proj,581,0,8,12621
rope,581,0,8,78322
attn,581,0,8,23482
o_proj,581,0,8,59548
post_layernorm,581,0,8,115405
gate_proj,581,0,8,190602
up_proj,581,0,8,183246
act_fn,581,0,8,20993
down_proj,581,0,8,169683
final_layernorm,581,0,8,116888
lm_head,581,0,8,413380
embedding,582,0,8,52005
input_layernorm,582,0,8,115435
q_proj,582,0,8,77184
k_proj,582,0,8,13596
v_proj,582,0,8,12629
rope,582,0,8,77098
attn,582,0,8,23387
o_proj,582,0,8,59662
post_layernorm,582,0,8,115630
gate_proj,582,0,8,191143
up_proj,582,0,8,183770
act_fn,582,0,8,21077
down_proj,582,0,8,169836
final_layernorm,582,0,8,116838
lm_head,582,0,8,414149
embedding,583,0,8,52373
input_layernorm,583,0,8,115920
q_proj,583,0,8,76408
k_proj,583,0,8,13613
v_proj,583,0,8,12716
rope,583,0,8,77252
attn,583,0,8,23543
o_proj,583,0,8,59602
post_layernorm,583,0,8,116068
gate_proj,583,0,8,191492
up_proj,583,0,8,184178
act_fn,583,0,8,21085
down_proj,583,0,8,170103
final_layernorm,583,0,8,117258
lm_head,583,0,8,414067
embedding,584,0,8,52508
input_layernorm,584,0,8,115903
q_proj,584,0,8,88904
k_proj,584,0,8,13578
v_proj,584,0,8,12650
rope,584,0,8,77998
attn,584,0,8,23491
o_proj,584,0,8,59602
post_layernorm,584,0,8,116087
gate_proj,584,0,8,191518
up_proj,584,0,8,184011
act_fn,584,0,8,21068
down_proj,584,0,8,169964
final_layernorm,584,0,8,117313
lm_head,584,0,8,414333
embedding,585,0,8,51998
input_layernorm,585,0,8,116275
q_proj,585,0,8,75900
k_proj,585,0,8,13563
v_proj,585,0,8,12601
rope,585,0,8,78522
attn,585,0,8,23573
o_proj,585,0,8,59760
post_layernorm,585,0,8,115953
gate_proj,585,0,8,190758
up_proj,585,0,8,183499
act_fn,585,0,8,21098
down_proj,585,0,8,170144
final_layernorm,585,0,8,117613
lm_head,585,0,8,413943
embedding,586,0,8,52318
input_layernorm,586,0,8,116325
q_proj,586,0,8,75492
k_proj,586,0,8,13590
v_proj,586,0,8,12638
rope,586,0,8,77300
attn,586,0,8,23573
o_proj,586,0,8,59630
post_layernorm,586,0,8,116683
gate_proj,586,0,8,190946
up_proj,586,0,8,183469
act_fn,586,0,8,21165
down_proj,586,0,8,170088
final_layernorm,586,0,8,118073
lm_head,586,0,8,413946
embedding,587,0,8,52702
input_layernorm,587,0,8,117570
q_proj,587,0,8,75862
k_proj,587,0,8,13661
v_proj,587,0,8,12700
rope,587,0,8,78793
attn,587,0,8,23572
o_proj,587,0,8,59692
post_layernorm,587,0,8,117522
gate_proj,587,0,8,191770
up_proj,587,0,8,184290
act_fn,587,0,8,21140
down_proj,587,0,8,170402
final_layernorm,587,0,8,118578
lm_head,587,0,8,414611
embedding,588,0,8,52362
input_layernorm,588,0,8,117207
q_proj,588,0,8,75018
k_proj,588,0,8,13593
v_proj,588,0,8,12664
rope,588,0,8,77563
attn,588,0,8,23458
o_proj,588,0,8,59784
post_layernorm,588,0,8,117122
gate_proj,588,0,8,191044
up_proj,588,0,8,183748
act_fn,588,0,8,21092
down_proj,588,0,8,170176
final_layernorm,588,0,8,118110
lm_head,588,0,8,414478
embedding,589,0,8,53617
input_layernorm,589,0,8,117320
q_proj,589,0,8,75996
k_proj,589,0,8,13570
v_proj,589,0,8,12577
rope,589,0,8,77198
attn,589,0,8,23433
o_proj,589,0,8,59554
post_layernorm,589,0,8,117397
gate_proj,589,0,8,190795
up_proj,589,0,8,183462
act_fn,589,0,8,21243
down_proj,589,0,8,170294
final_layernorm,589,0,8,118347
lm_head,589,0,8,414452
embedding,590,0,8,53105
input_layernorm,590,0,8,117955
q_proj,590,0,8,75974
k_proj,590,0,8,13675
v_proj,590,0,8,12776
rope,590,0,8,77688
attn,590,0,8,23521
o_proj,590,0,8,59948
post_layernorm,590,0,8,118483
gate_proj,590,0,8,191986
up_proj,590,0,8,184645
act_fn,590,0,8,21190
down_proj,590,0,8,170686
final_layernorm,590,0,8,119293
lm_head,590,0,8,415091
embedding,591,0,8,53805
input_layernorm,591,0,8,118522
q_proj,591,0,8,75258
k_proj,591,0,8,13700
v_proj,591,0,8,12780
rope,591,0,8,79092
attn,591,0,8,23564
o_proj,591,0,8,59976
post_layernorm,591,0,8,118542
gate_proj,591,0,8,192194
up_proj,591,0,8,184788
act_fn,591,0,8,21217
down_proj,591,0,8,170631
final_layernorm,591,0,8,119135
lm_head,591,0,8,415366
embedding,592,0,8,53003
input_layernorm,592,0,8,118052
q_proj,592,0,8,86526
k_proj,592,0,8,13529
v_proj,592,0,8,12672
rope,592,0,8,78335
attn,592,0,8,23528
o_proj,592,0,8,60974
post_layernorm,592,0,8,117770
gate_proj,592,0,8,198699
up_proj,592,0,8,190678
act_fn,592,0,8,21408
down_proj,592,0,8,171882
final_layernorm,592,0,8,118597
lm_head,592,0,8,415295
embedding,593,0,8,53312
input_layernorm,593,0,8,118838
q_proj,593,0,8,72612
k_proj,593,0,8,13600
v_proj,593,0,8,12625
rope,593,0,8,78775
attn,593,0,8,23436
o_proj,593,0,8,59724
post_layernorm,593,0,8,118873
gate_proj,593,0,8,191237
up_proj,593,0,8,183779
act_fn,593,0,8,21367
down_proj,593,0,8,170593
final_layernorm,593,0,8,120040
lm_head,593,0,8,414753
embedding,594,0,8,53355
input_layernorm,594,0,8,119223
q_proj,594,0,8,72454
k_proj,594,0,8,13517
v_proj,594,0,8,12719
rope,594,0,8,77533
attn,594,0,8,23592
o_proj,594,0,8,59756
post_layernorm,594,0,8,119040
gate_proj,594,0,8,191434
up_proj,594,0,8,184119
act_fn,594,0,8,21262
down_proj,594,0,8,170904
final_layernorm,594,0,8,120285
lm_head,594,0,8,415418
embedding,595,0,8,54262
input_layernorm,595,0,8,120882
q_proj,595,0,8,72178
k_proj,595,0,8,13753
v_proj,595,0,8,12877
rope,595,0,8,78525
attn,595,0,8,23937
o_proj,595,0,8,60220
post_layernorm,595,0,8,120175
gate_proj,595,0,8,194034
up_proj,595,0,8,186338
act_fn,595,0,8,21418
down_proj,595,0,8,171295
final_layernorm,595,0,8,121658
lm_head,595,0,8,417656
embedding,596,0,8,53630
input_layernorm,596,0,8,120137
q_proj,596,0,8,71144
k_proj,596,0,8,13513
v_proj,596,0,8,12663
rope,596,0,8,77740
attn,596,0,8,23723
o_proj,596,0,8,59954
post_layernorm,596,0,8,119610
gate_proj,596,0,8,191239
up_proj,596,0,8,183996
act_fn,596,0,8,21338
down_proj,596,0,8,170651
final_layernorm,596,0,8,121432
lm_head,596,0,8,415425
embedding,597,0,8,53465
input_layernorm,597,0,8,120845
q_proj,597,0,8,72238
k_proj,597,0,8,13538
v_proj,597,0,8,12623
rope,597,0,8,78818
attn,597,0,8,23489
o_proj,597,0,8,59786
post_layernorm,597,0,8,119597
gate_proj,597,0,8,191503
up_proj,597,0,8,184039
act_fn,597,0,8,21467
down_proj,597,0,8,170937
final_layernorm,597,0,8,120680
lm_head,597,0,8,415400
embedding,598,0,8,53827
input_layernorm,598,0,8,121422
q_proj,598,0,8,70860
k_proj,598,0,8,13639
v_proj,598,0,8,12810
rope,598,0,8,78083
attn,598,0,8,23765
o_proj,598,0,8,59932
post_layernorm,598,0,8,120690
gate_proj,598,0,8,193106
up_proj,598,0,8,185386
act_fn,598,0,8,21408
down_proj,598,0,8,171318
final_layernorm,598,0,8,122710
lm_head,598,0,8,417098
embedding,599,0,8,54085
input_layernorm,599,0,8,122162
q_proj,599,0,8,66844
k_proj,599,0,8,13688
v_proj,599,0,8,12724
rope,599,0,8,79627
attn,599,0,8,23637
o_proj,599,0,8,60150
post_layernorm,599,0,8,121127
gate_proj,599,0,8,192978
up_proj,599,0,8,185243
act_fn,599,0,8,21418
down_proj,599,0,8,171284
final_layernorm,599,0,8,122678
lm_head,599,0,8,417019
embedding,600,0,8,53577
input_layernorm,600,0,8,120677
q_proj,600,0,8,83374
k_proj,600,0,8,13507
v_proj,600,0,8,12614
rope,600,0,8,78452
attn,600,0,8,23432
o_proj,600,0,8,59998
post_layernorm,600,0,8,119900
gate_proj,600,0,8,191198
up_proj,600,0,8,184043
act_fn,600,0,8,21583
down_proj,600,0,8,171082
final_layernorm,600,0,8,121345
lm_head,600,0,8,415725
embedding,601,0,8,53948
input_layernorm,601,0,8,122007
q_proj,601,0,8,68490
k_proj,601,0,8,12843
v_proj,601,0,8,11832
rope,601,0,8,78708
attn,601,0,8,23645
o_proj,601,0,8,60162
post_layernorm,601,0,8,120940
gate_proj,601,0,8,191917
up_proj,601,0,8,184097
act_fn,601,0,8,21568
down_proj,601,0,8,171158
final_layernorm,601,0,8,122573
lm_head,601,0,8,416283
embedding,602,0,8,53800
input_layernorm,602,0,8,122465
q_proj,602,0,8,66314
k_proj,602,0,8,12754
v_proj,602,0,8,11868
rope,602,0,8,78862
attn,602,0,8,23718
o_proj,602,0,8,60064
post_layernorm,602,0,8,121362
gate_proj,602,0,8,192216
up_proj,602,0,8,184797
act_fn,602,0,8,21535
down_proj,602,0,8,171258
final_layernorm,602,0,8,123390
lm_head,602,0,8,416555
embedding,603,0,8,54093
input_layernorm,603,0,8,122590
q_proj,603,0,8,67768
k_proj,603,0,8,13059
v_proj,603,0,8,11779
rope,603,0,8,79323
attn,603,0,8,23862
o_proj,603,0,8,60030
post_layernorm,603,0,8,120953
gate_proj,603,0,8,192188
up_proj,603,0,8,184758
act_fn,603,0,8,21463
down_proj,603,0,8,171500
final_layernorm,603,0,8,123645
lm_head,603,0,8,416268
embedding,604,0,8,53600
input_layernorm,604,0,8,122852
q_proj,604,0,8,66414
k_proj,604,0,8,12633
v_proj,604,0,8,11779
rope,604,0,8,79677
attn,604,0,8,23736
o_proj,604,0,8,59992
post_layernorm,604,0,8,121565
gate_proj,604,0,8,192025
up_proj,604,0,8,184663
act_fn,604,0,8,21488
down_proj,604,0,8,171275
final_layernorm,604,0,8,123783
lm_head,604,0,8,416851
embedding,605,0,8,54512
input_layernorm,605,0,8,123460
q_proj,605,0,8,65058
k_proj,605,0,8,12898
v_proj,605,0,8,11609
rope,605,0,8,80133
attn,605,0,8,23933
o_proj,605,0,8,60318
post_layernorm,605,0,8,122037
gate_proj,605,0,8,193134
up_proj,605,0,8,185477
act_fn,605,0,8,21578
down_proj,605,0,8,171780
final_layernorm,605,0,8,124560
lm_head,605,0,8,417783
embedding,606,0,8,54708
input_layernorm,606,0,8,122697
q_proj,606,0,8,64862
k_proj,606,0,8,12760
v_proj,606,0,8,11635
rope,606,0,8,79478
attn,606,0,8,23672
o_proj,606,0,8,59926
post_layernorm,606,0,8,121680
gate_proj,606,0,8,191182
up_proj,606,0,8,183859
act_fn,606,0,8,21695
down_proj,606,0,8,171440
final_layernorm,606,0,8,124183
lm_head,606,0,8,416088
embedding,607,0,8,54832
input_layernorm,607,0,8,124465
q_proj,607,0,8,65282
k_proj,607,0,8,12665
v_proj,607,0,8,11704
rope,607,0,8,79782
attn,607,0,8,23867
o_proj,607,0,8,60444
post_layernorm,607,0,8,122652
gate_proj,607,0,8,193210
up_proj,607,0,8,185740
act_fn,607,0,8,21737
down_proj,607,0,8,171763
final_layernorm,607,0,8,124800
lm_head,607,0,8,417700
embedding,608,0,8,55558
input_layernorm,608,0,8,124387
q_proj,608,0,8,81224
k_proj,608,0,8,13799
v_proj,608,0,8,12877
rope,608,0,8,80605
attn,608,0,8,24039
o_proj,608,0,8,62436
post_layernorm,608,0,8,123133
gate_proj,608,0,8,202107
up_proj,608,0,8,194484
act_fn,608,0,8,21615
down_proj,608,0,8,178273
final_layernorm,608,0,8,125145
lm_head,608,0,8,436350
embedding,609,0,8,54785
input_layernorm,609,0,8,123943
q_proj,609,0,8,92856
k_proj,609,0,8,12150
v_proj,609,0,8,11418
rope,609,0,8,79477
attn,609,0,8,23531
o_proj,609,0,8,61218
post_layernorm,609,0,8,122538
gate_proj,609,0,8,199134
up_proj,609,0,8,191384
act_fn,609,0,8,21900
down_proj,609,0,8,176189
final_layernorm,609,0,8,124890
lm_head,609,0,8,425097
embedding,610,0,8,54685
input_layernorm,610,0,8,123692
q_proj,610,0,8,86272
k_proj,610,0,8,12161
v_proj,610,0,8,11416
rope,610,0,8,79263
attn,610,0,8,23551
o_proj,610,0,8,61230
post_layernorm,610,0,8,122568
gate_proj,610,0,8,199119
up_proj,610,0,8,191232
act_fn,610,0,8,21683
down_proj,610,0,8,176325
final_layernorm,610,0,8,124788
lm_head,610,0,8,424539
embedding,611,0,8,55815
input_layernorm,611,0,8,125393
q_proj,611,0,8,92540
k_proj,611,0,8,12285
v_proj,611,0,8,11494
rope,611,0,8,80712
attn,611,0,8,23907
o_proj,611,0,8,61844
post_layernorm,611,0,8,123930
gate_proj,611,0,8,201983
up_proj,611,0,8,193353
act_fn,611,0,8,21813
down_proj,611,0,8,176560
final_layernorm,611,0,8,125915
lm_head,611,0,8,427307
embedding,612,0,8,54678
input_layernorm,612,0,8,124037
q_proj,612,0,8,86804
k_proj,612,0,8,12196
v_proj,612,0,8,11416
rope,612,0,8,79263
attn,612,0,8,23735
o_proj,612,0,8,61006
post_layernorm,612,0,8,122867
gate_proj,612,0,8,198133
up_proj,612,0,8,190476
act_fn,612,0,8,21872
down_proj,612,0,8,176280
final_layernorm,612,0,8,124942
lm_head,612,0,8,424066
embedding,613,0,8,54880
input_layernorm,613,0,8,125038
q_proj,613,0,8,91460
k_proj,613,0,8,12209
v_proj,613,0,8,11356
rope,613,0,8,79853
attn,613,0,8,23781
o_proj,613,0,8,61456
post_layernorm,613,0,8,123575
gate_proj,613,0,8,199576
up_proj,613,0,8,191509
act_fn,613,0,8,21845
down_proj,613,0,8,176377
final_layernorm,613,0,8,125405
lm_head,613,0,8,425136
embedding,614,0,8,55360
input_layernorm,614,0,8,124880
q_proj,614,0,8,86094
k_proj,614,0,8,12153
v_proj,614,0,8,11305
rope,614,0,8,79780
attn,614,0,8,23816
o_proj,614,0,8,61514
post_layernorm,614,0,8,124545
gate_proj,614,0,8,200161
up_proj,614,0,8,192229
act_fn,614,0,8,21912
down_proj,614,0,8,176646
final_layernorm,614,0,8,125697
lm_head,614,0,8,425713
embedding,615,0,8,54925
input_layernorm,615,0,8,125387
q_proj,615,0,8,92694
k_proj,615,0,8,12137
v_proj,615,0,8,11358
rope,615,0,8,80092
attn,615,0,8,23606
o_proj,615,0,8,61340
post_layernorm,615,0,8,124845
gate_proj,615,0,8,199617
up_proj,615,0,8,191594
act_fn,615,0,8,22035
down_proj,615,0,8,176637
final_layernorm,615,0,8,126132
lm_head,615,0,8,425887
embedding,616,0,8,55267
input_layernorm,616,0,8,124900
q_proj,616,0,8,77620
k_proj,616,0,8,12498
v_proj,616,0,8,11258
rope,616,0,8,81175
attn,616,0,8,23742
o_proj,616,0,8,61394
post_layernorm,616,0,8,124963
gate_proj,616,0,8,199526
up_proj,616,0,8,191720
act_fn,616,0,8,21962
down_proj,616,0,8,176687
final_layernorm,616,0,8,126345
lm_head,616,0,8,425245
embedding,617,0,8,55710
input_layernorm,617,0,8,126543
q_proj,617,0,8,85082
k_proj,617,0,8,13834
v_proj,617,0,8,12882
rope,617,0,8,81400
attn,617,0,8,24154
o_proj,617,0,8,61798
post_layernorm,617,0,8,126503
gate_proj,617,0,8,201784
up_proj,617,0,8,193254
act_fn,617,0,8,21900
down_proj,617,0,8,177017
final_layernorm,617,0,8,127637
lm_head,617,0,8,427733
embedding,618,0,8,55635
input_layernorm,618,0,8,125925
q_proj,618,0,8,83408
k_proj,618,0,8,13598
v_proj,618,0,8,12693
rope,618,0,8,80720
attn,618,0,8,23722
o_proj,618,0,8,61464
post_layernorm,618,0,8,126363
gate_proj,618,0,8,199999
up_proj,618,0,8,192012
act_fn,618,0,8,21992
down_proj,618,0,8,177023
final_layernorm,618,0,8,127060
lm_head,618,0,8,426173
embedding,619,0,8,55397
input_layernorm,619,0,8,126342
q_proj,619,0,8,84208
k_proj,619,0,8,13650
v_proj,619,0,8,12623
rope,619,0,8,80655
attn,619,0,8,23631
o_proj,619,0,8,61384
post_layernorm,619,0,8,126150
gate_proj,619,0,8,199869
up_proj,619,0,8,191731
act_fn,619,0,8,22067
down_proj,619,0,8,176947
final_layernorm,619,0,8,127055
lm_head,619,0,8,425553
embedding,620,0,8,54943
input_layernorm,620,0,8,125917
q_proj,620,0,8,83830
k_proj,620,0,8,13746
v_proj,620,0,8,12646
rope,620,0,8,80822
attn,620,0,8,23635
o_proj,620,0,8,61348
post_layernorm,620,0,8,125908
gate_proj,620,0,8,199674
up_proj,620,0,8,191767
act_fn,620,0,8,22237
down_proj,620,0,8,176906
final_layernorm,620,0,8,127695
lm_head,620,0,8,425722
embedding,621,0,8,55648
input_layernorm,621,0,8,127120
q_proj,621,0,8,83910
k_proj,621,0,8,13673
v_proj,621,0,8,12718
rope,621,0,8,80828
attn,621,0,8,23868
o_proj,621,0,8,61658
post_layernorm,621,0,8,127250
gate_proj,621,0,8,200800
up_proj,621,0,8,192706
act_fn,621,0,8,22170
down_proj,621,0,8,177166
final_layernorm,621,0,8,127672
lm_head,621,0,8,426876
embedding,622,0,8,55830
input_layernorm,622,0,8,126230
q_proj,622,0,8,83654
k_proj,622,0,8,13713
v_proj,622,0,8,12623
rope,622,0,8,80918
attn,622,0,8,23666
o_proj,622,0,8,61360
post_layernorm,622,0,8,126662
gate_proj,622,0,8,199010
up_proj,622,0,8,191427
act_fn,622,0,8,22022
down_proj,622,0,8,177368
final_layernorm,622,0,8,127570
lm_head,622,0,8,425817
embedding,623,0,8,56200
input_layernorm,623,0,8,126723
q_proj,623,0,8,83796
k_proj,623,0,8,13636
v_proj,623,0,8,12622
rope,623,0,8,81318
attn,623,0,8,23840
o_proj,623,0,8,61442
post_layernorm,623,0,8,127332
gate_proj,623,0,8,199351
up_proj,623,0,8,191574
act_fn,623,0,8,22182
down_proj,623,0,8,177121
final_layernorm,623,0,8,128048
lm_head,623,0,8,426021
embedding,624,0,8,56288
input_layernorm,624,0,8,127288
q_proj,624,0,8,73722
k_proj,624,0,8,13641
v_proj,624,0,8,12711
rope,624,0,8,81698
attn,624,0,8,23905
o_proj,624,0,8,61746
post_layernorm,624,0,8,127700
gate_proj,624,0,8,201151
up_proj,624,0,8,192836
act_fn,624,0,8,22143
down_proj,624,0,8,177355
final_layernorm,624,0,8,128432
lm_head,624,0,8,427753
embedding,625,0,8,56742
input_layernorm,625,0,8,128378
q_proj,625,0,8,82534
k_proj,625,0,8,13931
v_proj,625,0,8,12771
rope,625,0,8,81383
attn,625,0,8,24276
o_proj,625,0,8,62630
post_layernorm,625,0,8,128820
gate_proj,625,0,8,232615
up_proj,625,0,8,220749
act_fn,625,0,8,22403
down_proj,625,0,8,179437
final_layernorm,625,0,8,129982
lm_head,625,0,8,438491
embedding,626,0,8,56700
input_layernorm,626,0,8,127287
q_proj,626,0,8,82974
k_proj,626,0,8,13661
v_proj,626,0,8,12625
rope,626,0,8,81193
attn,626,0,8,23801
o_proj,626,0,8,62162
post_layernorm,626,0,8,128093
gate_proj,626,0,8,230666
up_proj,626,0,8,219184
act_fn,626,0,8,22173
down_proj,626,0,8,179101
final_layernorm,626,0,8,129145
lm_head,626,0,8,436964
embedding,627,0,8,56257
input_layernorm,627,0,8,128112
q_proj,627,0,8,82046
k_proj,627,0,8,13636
v_proj,627,0,8,12569
rope,627,0,8,80655
attn,627,0,8,23798
o_proj,627,0,8,62134
post_layernorm,627,0,8,128652
gate_proj,627,0,8,230588
up_proj,627,0,8,219186
act_fn,627,0,8,22257
down_proj,627,0,8,179081
final_layernorm,627,0,8,130153
lm_head,627,0,8,437340
embedding,628,0,8,56493
input_layernorm,628,0,8,128340
q_proj,628,0,8,82932
k_proj,628,0,8,13813
v_proj,628,0,8,12693
rope,628,0,8,81672
attn,628,0,8,24024
o_proj,628,0,8,62392
post_layernorm,628,0,8,128845
gate_proj,628,0,8,231383
up_proj,628,0,8,219590
act_fn,628,0,8,22277
down_proj,628,0,8,179398
final_layernorm,628,0,8,130012
lm_head,628,0,8,437308
embedding,629,0,8,57633
input_layernorm,629,0,8,129423
q_proj,629,0,8,82384
k_proj,629,0,8,13871
v_proj,629,0,8,12808
rope,629,0,8,82295
attn,629,0,8,24237
o_proj,629,0,8,62754
post_layernorm,629,0,8,130112
gate_proj,629,0,8,233042
up_proj,629,0,8,221403
act_fn,629,0,8,22363
down_proj,629,0,8,179944
final_layernorm,629,0,8,131318
lm_head,629,0,8,439437
embedding,630,0,8,56355
input_layernorm,630,0,8,128952
q_proj,630,0,8,82452
k_proj,630,0,8,13747
v_proj,630,0,8,12682
rope,630,0,8,81700
attn,630,0,8,23950
o_proj,630,0,8,62464
post_layernorm,630,0,8,129528
gate_proj,630,0,8,231480
up_proj,630,0,8,219880
act_fn,630,0,8,22348
down_proj,630,0,8,179556
final_layernorm,630,0,8,130970
lm_head,630,0,8,438038
embedding,631,0,8,56423
input_layernorm,631,0,8,128527
q_proj,631,0,8,82000
k_proj,631,0,8,13699
v_proj,631,0,8,12583
rope,631,0,8,80803
attn,631,0,8,24010
o_proj,631,0,8,62366
post_layernorm,631,0,8,129095
gate_proj,631,0,8,230928
up_proj,631,0,8,219462
act_fn,631,0,8,22370
down_proj,631,0,8,179699
final_layernorm,631,0,8,130118
lm_head,631,0,8,437716
embedding,632,0,8,57892
input_layernorm,632,0,8,128715
q_proj,632,0,8,70502
k_proj,632,0,8,13736
v_proj,632,0,8,12691
rope,632,0,8,82580
attn,632,0,8,24202
o_proj,632,0,8,62772
post_layernorm,632,0,8,129650
gate_proj,632,0,8,232477
up_proj,632,0,8,220801
act_fn,632,0,8,22367
down_proj,632,0,8,180070
final_layernorm,632,0,8,131508
lm_head,632,0,8,438726
embedding,633,0,8,57237
input_layernorm,633,0,8,130478
q_proj,633,0,8,81382
k_proj,633,0,8,13980
v_proj,633,0,8,12795
rope,633,0,8,81728
attn,633,0,8,24191
o_proj,633,0,8,62916
post_layernorm,633,0,8,131120
gate_proj,633,0,8,233012
up_proj,633,0,8,221422
act_fn,633,0,8,22542
down_proj,633,0,8,180161
final_layernorm,633,0,8,132268
lm_head,633,0,8,439482
embedding,634,0,8,56988
input_layernorm,634,0,8,129177
q_proj,634,0,8,85848
k_proj,634,0,8,13770
v_proj,634,0,8,12659
rope,634,0,8,81952
attn,634,0,8,23806
o_proj,634,0,8,62444
post_layernorm,634,0,8,129437
gate_proj,634,0,8,231328
up_proj,634,0,8,219813
act_fn,634,0,8,22442
down_proj,634,0,8,180030
final_layernorm,634,0,8,131047
lm_head,634,0,8,438040
embedding,635,0,8,56183
input_layernorm,635,0,8,129780
q_proj,635,0,8,81006
k_proj,635,0,8,13728
v_proj,635,0,8,12646
rope,635,0,8,81868
attn,635,0,8,23891
o_proj,635,0,8,62436
post_layernorm,635,0,8,130333
gate_proj,635,0,8,231186
up_proj,635,0,8,219958
act_fn,635,0,8,22513
down_proj,635,0,8,179836
final_layernorm,635,0,8,131985
lm_head,635,0,8,438418
embedding,636,0,8,56257
input_layernorm,636,0,8,129292
q_proj,636,0,8,84216
k_proj,636,0,8,13715
v_proj,636,0,8,12571
rope,636,0,8,81650
attn,636,0,8,23827
o_proj,636,0,8,62316
post_layernorm,636,0,8,129940
gate_proj,636,0,8,230549
up_proj,636,0,8,219200
act_fn,636,0,8,22395
down_proj,636,0,8,179859
final_layernorm,636,0,8,131400
lm_head,636,0,8,437924
embedding,637,0,8,56422
input_layernorm,637,0,8,129690
q_proj,637,0,8,81932
k_proj,637,0,8,13733
v_proj,637,0,8,12569
rope,637,0,8,81205
attn,637,0,8,23834
o_proj,637,0,8,62520
post_layernorm,637,0,8,129883
gate_proj,637,0,8,231151
up_proj,637,0,8,219758
act_fn,637,0,8,22508
down_proj,637,0,8,180189
final_layernorm,637,0,8,131660
lm_head,637,0,8,438528
embedding,638,0,8,58198
input_layernorm,638,0,8,130385
q_proj,638,0,8,83612
k_proj,638,0,8,13700
v_proj,638,0,8,12650
rope,638,0,8,81942
attn,638,0,8,23987
o_proj,638,0,8,62576
post_layernorm,638,0,8,131032
gate_proj,638,0,8,231510
up_proj,638,0,8,220018
act_fn,638,0,8,22518
down_proj,638,0,8,180137
final_layernorm,638,0,8,132890
lm_head,638,0,8,438922
embedding,639,0,8,57207
input_layernorm,639,0,8,130283
q_proj,639,0,8,82398
k_proj,639,0,8,13798
v_proj,639,0,8,12588
rope,639,0,8,81138
attn,639,0,8,23948
o_proj,639,0,8,62438
post_layernorm,639,0,8,130902
gate_proj,639,0,8,231259
up_proj,639,0,8,219889
act_fn,639,0,8,22632
down_proj,639,0,8,180035
final_layernorm,639,0,8,132360
lm_head,639,0,8,438701
embedding,640,0,8,58153
input_layernorm,640,0,8,129427
q_proj,640,0,8,69784
k_proj,640,0,8,13655
v_proj,640,0,8,12540
rope,640,0,8,82015
attn,640,0,8,22758
o_proj,640,0,8,63910
post_layernorm,640,0,8,130340
gate_proj,640,0,8,205276
up_proj,640,0,8,196905
act_fn,640,0,8,22558
down_proj,640,0,8,182769
final_layernorm,640,0,8,131393
lm_head,640,0,8,443481
embedding,641,0,8,57342
input_layernorm,641,0,8,130330
q_proj,641,0,8,82916
k_proj,641,0,8,14262
v_proj,641,0,8,13589
rope,641,0,8,81475
attn,641,0,8,26091
o_proj,641,0,8,64016
post_layernorm,641,0,8,130882
gate_proj,641,0,8,299828
up_proj,641,0,8,296950
act_fn,641,0,8,22805
down_proj,641,0,8,187428
final_layernorm,641,0,8,131742
lm_head,641,0,8,447577
embedding,642,0,8,56923
input_layernorm,642,0,8,130773
q_proj,642,0,8,82602
k_proj,642,0,8,14310
v_proj,642,0,8,13470
rope,642,0,8,81425
attn,642,0,8,26038
o_proj,642,0,8,64134
post_layernorm,642,0,8,131402
gate_proj,642,0,8,298636
up_proj,642,0,8,294337
act_fn,642,0,8,22678
down_proj,642,0,8,186921
final_layernorm,642,0,8,132445
lm_head,642,0,8,447311
embedding,643,0,8,57687
input_layernorm,643,0,8,131457
q_proj,643,0,8,82580
k_proj,643,0,8,14355
v_proj,643,0,8,13574
rope,643,0,8,80465
attn,643,0,8,26041
o_proj,643,0,8,64404
post_layernorm,643,0,8,131518
gate_proj,643,0,8,298536
up_proj,643,0,8,291620
act_fn,643,0,8,22583
down_proj,643,0,8,187402
final_layernorm,643,0,8,133158
lm_head,643,0,8,447819
embedding,644,0,8,57610
input_layernorm,644,0,8,131375
q_proj,644,0,8,82142
k_proj,644,0,8,14408
v_proj,644,0,8,13596
rope,644,0,8,82210
attn,644,0,8,26249
o_proj,644,0,8,64568
post_layernorm,644,0,8,132362
gate_proj,644,0,8,300298
up_proj,644,0,8,298591
act_fn,644,0,8,22853
down_proj,644,0,8,187960
final_layernorm,644,0,8,133125
lm_head,644,0,8,447919
embedding,645,0,8,57555
input_layernorm,645,0,8,131623
q_proj,645,0,8,81692
k_proj,645,0,8,14285
v_proj,645,0,8,13505
rope,645,0,8,79927
attn,645,0,8,25960
o_proj,645,0,8,64116
post_layernorm,645,0,8,131820
gate_proj,645,0,8,299132
up_proj,645,0,8,295923
act_fn,645,0,8,22883
down_proj,645,0,8,186983
final_layernorm,645,0,8,132883
lm_head,645,0,8,446929
embedding,646,0,8,57695
input_layernorm,646,0,8,131865
q_proj,646,0,8,81084
k_proj,646,0,8,14343
v_proj,646,0,8,13550
rope,646,0,8,81447
attn,646,0,8,26205
o_proj,646,0,8,64410
post_layernorm,646,0,8,132368
gate_proj,646,0,8,298278
up_proj,646,0,8,296673
act_fn,646,0,8,22680
down_proj,646,0,8,187635
final_layernorm,646,0,8,133347
lm_head,646,0,8,448100
embedding,647,0,8,57837
input_layernorm,647,0,8,132253
q_proj,647,0,8,81608
k_proj,647,0,8,14429
v_proj,647,0,8,13543
rope,647,0,8,81603
attn,647,0,8,26103
o_proj,647,0,8,64430
post_layernorm,647,0,8,132627
gate_proj,647,0,8,299403
up_proj,647,0,8,297275
act_fn,647,0,8,22863
down_proj,647,0,8,187588
final_layernorm,647,0,8,134228
lm_head,647,0,8,448270
embedding,648,0,8,57453
input_layernorm,648,0,8,131962
q_proj,648,0,8,79884
k_proj,648,0,8,14304
v_proj,648,0,8,13507
rope,648,0,8,81640
attn,648,0,8,26155
o_proj,648,0,8,64588
post_layernorm,648,0,8,132442
gate_proj,648,0,8,298621
up_proj,648,0,8,294461
act_fn,648,0,8,22843
down_proj,648,0,8,187505
final_layernorm,648,0,8,133903
lm_head,648,0,8,448197
embedding,649,0,8,57473
input_layernorm,649,0,8,132027
q_proj,649,0,8,79890
k_proj,649,0,8,14234
v_proj,649,0,8,13140
rope,649,0,8,80492
attn,649,0,8,26040
o_proj,649,0,8,64174
post_layernorm,649,0,8,132332
gate_proj,649,0,8,216762
up_proj,649,0,8,205203
act_fn,649,0,8,23568
down_proj,649,0,8,185395
final_layernorm,649,0,8,134198
lm_head,649,0,8,466839
embedding,650,0,8,57740
input_layernorm,650,0,8,132152
q_proj,650,0,8,80294
k_proj,650,0,8,13885
v_proj,650,0,8,12700
rope,650,0,8,81433
attn,650,0,8,26088
o_proj,650,0,8,64286
post_layernorm,650,0,8,132580
gate_proj,650,0,8,216838
up_proj,650,0,8,205404
act_fn,650,0,8,23510
down_proj,650,0,8,185399
final_layernorm,650,0,8,134490
lm_head,650,0,8,466838
embedding,651,0,8,57705
input_layernorm,651,0,8,132607
q_proj,651,0,8,79638
k_proj,651,0,8,14164
v_proj,651,0,8,13302
rope,651,0,8,80895
attn,651,0,8,26027
o_proj,651,0,8,64326
post_layernorm,651,0,8,133187
gate_proj,651,0,8,216812
up_proj,651,0,8,205441
act_fn,651,0,8,23515
down_proj,651,0,8,185841
final_layernorm,651,0,8,134882
lm_head,651,0,8,467389
embedding,652,0,8,58683
input_layernorm,652,0,8,133755
q_proj,652,0,8,79868
k_proj,652,0,8,13883
v_proj,652,0,8,12798
rope,652,0,8,82077
attn,652,0,8,26439
o_proj,652,0,8,64812
post_layernorm,652,0,8,134160
gate_proj,652,0,8,218894
up_proj,652,0,8,207116
act_fn,652,0,8,23530
down_proj,652,0,8,186301
final_layernorm,652,0,8,135718
lm_head,652,0,8,468814
embedding,653,0,8,58538
input_layernorm,653,0,8,134042
q_proj,653,0,8,80526
k_proj,653,0,8,14605
v_proj,653,0,8,13169
rope,653,0,8,81963
attn,653,0,8,26443
o_proj,653,0,8,64794
post_layernorm,653,0,8,134443
gate_proj,653,0,8,219802
up_proj,653,0,8,207590
act_fn,653,0,8,23683
down_proj,653,0,8,186450
final_layernorm,653,0,8,136145
lm_head,653,0,8,469439
embedding,654,0,8,57982
input_layernorm,654,0,8,133635
q_proj,654,0,8,79716
k_proj,654,0,8,14003
v_proj,654,0,8,12878
rope,654,0,8,81462
attn,654,0,8,26226
o_proj,654,0,8,64518
post_layernorm,654,0,8,134253
gate_proj,654,0,8,217835
up_proj,654,0,8,206208
act_fn,654,0,8,23665
down_proj,654,0,8,186017
final_layernorm,654,0,8,135738
lm_head,654,0,8,467867
embedding,655,0,8,58458
input_layernorm,655,0,8,133622
q_proj,655,0,8,80126
k_proj,655,0,8,14078
v_proj,655,0,8,13277
rope,655,0,8,80927
attn,655,0,8,26143
o_proj,655,0,8,64572
post_layernorm,655,0,8,133887
gate_proj,655,0,8,217345
up_proj,655,0,8,205848
act_fn,655,0,8,23590
down_proj,655,0,8,185809
final_layernorm,655,0,8,135618
lm_head,655,0,8,468045
embedding,656,0,8,59192
input_layernorm,656,0,8,133438
q_proj,656,0,8,72528
k_proj,656,0,8,14169
v_proj,656,0,8,12890
rope,656,0,8,81452
attn,656,0,8,26124
o_proj,656,0,8,65832
post_layernorm,656,0,8,133562
gate_proj,656,0,8,301765
up_proj,656,0,8,299626
act_fn,656,0,8,23070
down_proj,656,0,8,192181
final_layernorm,656,0,8,136198
lm_head,656,0,8,460658
embedding,657,0,8,58322
input_layernorm,657,0,8,134158
q_proj,657,0,8,77112
k_proj,657,0,8,13887
v_proj,657,0,8,12780
rope,657,0,8,80817
attn,657,0,8,26033
o_proj,657,0,8,64638
post_layernorm,657,0,8,134420
gate_proj,657,0,8,217445
up_proj,657,0,8,205831
act_fn,657,0,8,23722
down_proj,657,0,8,186067
final_layernorm,657,0,8,136048
lm_head,657,0,8,468326
embedding,658,0,8,58563
input_layernorm,658,0,8,134058
q_proj,658,0,8,77026
k_proj,658,0,8,14085
v_proj,658,0,8,12990
rope,658,0,8,80887
attn,658,0,8,26170
o_proj,658,0,8,64338
post_layernorm,658,0,8,134585
gate_proj,658,0,8,217269
up_proj,658,0,8,205615
act_fn,658,0,8,23780
down_proj,658,0,8,186037
final_layernorm,658,0,8,136298
lm_head,658,0,8,468234
embedding,659,0,8,58997
input_layernorm,659,0,8,134788
q_proj,659,0,8,77182
k_proj,659,0,8,13981
v_proj,659,0,8,12785
rope,659,0,8,81563
attn,659,0,8,26221
o_proj,659,0,8,64664
post_layernorm,659,0,8,135513
gate_proj,659,0,8,217598
up_proj,659,0,8,206186
act_fn,659,0,8,23783
down_proj,659,0,8,186388
final_layernorm,659,0,8,137152
lm_head,659,0,8,468616
embedding,660,0,8,59070
input_layernorm,660,0,8,135290
q_proj,660,0,8,76978
k_proj,660,0,8,14159
v_proj,660,0,8,13227
rope,660,0,8,81932
attn,660,0,8,26279
o_proj,660,0,8,64674
post_layernorm,660,0,8,135753
gate_proj,660,0,8,218593
up_proj,660,0,8,207021
act_fn,660,0,8,23727
down_proj,660,0,8,186440
final_layernorm,660,0,8,137458
lm_head,660,0,8,469597
embedding,661,0,8,59460
input_layernorm,661,0,8,135543
q_proj,661,0,8,77010
k_proj,661,0,8,14103
v_proj,661,0,8,12806
rope,661,0,8,81565
attn,661,0,8,26330
o_proj,661,0,8,64790
post_layernorm,661,0,8,135702
gate_proj,661,0,8,218396
up_proj,661,0,8,206486
act_fn,661,0,8,23803
down_proj,661,0,8,186429
final_layernorm,661,0,8,137388
lm_head,661,0,8,469264
embedding,662,0,8,59045
input_layernorm,662,0,8,135158
q_proj,662,0,8,77240
k_proj,662,0,8,14156
v_proj,662,0,8,12892
rope,662,0,8,81485
attn,662,0,8,26230
o_proj,662,0,8,64594
post_layernorm,662,0,8,135737
gate_proj,662,0,8,217559
up_proj,662,0,8,206247
act_fn,662,0,8,23728
down_proj,662,0,8,186396
final_layernorm,662,0,8,137585
lm_head,662,0,8,469002
embedding,663,0,8,58880
input_layernorm,663,0,8,135553
q_proj,663,0,8,76408
k_proj,663,0,8,13930
v_proj,663,0,8,12919
rope,663,0,8,81435
attn,663,0,8,26197
o_proj,663,0,8,64742
post_layernorm,663,0,8,135795
gate_proj,663,0,8,217737
up_proj,663,0,8,206098
act_fn,663,0,8,23873
down_proj,663,0,8,186622
final_layernorm,663,0,8,137477
lm_head,663,0,8,469148
embedding,664,0,8,59115
input_layernorm,664,0,8,135750
q_proj,664,0,8,75350
k_proj,664,0,8,13363
v_proj,664,0,8,12504
rope,664,0,8,81782
attn,664,0,8,26290
o_proj,664,0,8,64604
post_layernorm,664,0,8,136037
gate_proj,664,0,8,217977
up_proj,664,0,8,206304
act_fn,664,0,8,23927
down_proj,664,0,8,186673
final_layernorm,664,0,8,137863
lm_head,664,0,8,469480
embedding,665,0,8,59707
input_layernorm,665,0,8,136743
q_proj,665,0,8,75356
k_proj,665,0,8,14067
v_proj,665,0,8,12951
rope,665,0,8,82475
attn,665,0,8,26505
o_proj,665,0,8,64852
post_layernorm,665,0,8,137457
gate_proj,665,0,8,219680
up_proj,665,0,8,207668
act_fn,665,0,8,23878
down_proj,665,0,8,186988
final_layernorm,665,0,8,139427
lm_head,665,0,8,470686
embedding,666,0,8,59250
input_layernorm,666,0,8,136098
q_proj,666,0,8,75482
k_proj,666,0,8,14207
v_proj,666,0,8,12985
rope,666,0,8,81592
attn,666,0,8,26242
o_proj,666,0,8,64728
post_layernorm,666,0,8,136255
gate_proj,666,0,8,217432
up_proj,666,0,8,206332
act_fn,666,0,8,23945
down_proj,666,0,8,186871
final_layernorm,666,0,8,138270
lm_head,666,0,8,469561
embedding,667,0,8,59178
input_layernorm,667,0,8,137075
q_proj,667,0,8,74392
k_proj,667,0,8,13981
v_proj,667,0,8,12967
rope,667,0,8,82042
attn,667,0,8,26295
o_proj,667,0,8,64820
post_layernorm,667,0,8,137293
gate_proj,667,0,8,218612
up_proj,667,0,8,207198
act_fn,667,0,8,24043
down_proj,667,0,8,186803
final_layernorm,667,0,8,139073
lm_head,667,0,8,470676
embedding,668,0,8,58682
input_layernorm,668,0,8,136463
q_proj,668,0,8,74802
k_proj,668,0,8,14040
v_proj,668,0,8,13130
rope,668,0,8,82075
attn,668,0,8,26103
o_proj,668,0,8,64656
post_layernorm,668,0,8,136367
gate_proj,668,0,8,216803
up_proj,668,0,8,205805
act_fn,668,0,8,23958
down_proj,668,0,8,186689
final_layernorm,668,0,8,138452
lm_head,668,0,8,469509
embedding,669,0,8,58918
input_layernorm,669,0,8,136690
q_proj,669,0,8,74450
k_proj,669,0,8,14069
v_proj,669,0,8,12904
rope,669,0,8,81810
attn,669,0,8,26184
o_proj,669,0,8,64682
post_layernorm,669,0,8,136655
gate_proj,669,0,8,217286
up_proj,669,0,8,205881
act_fn,669,0,8,23943
down_proj,669,0,8,186719
final_layernorm,669,0,8,138660
lm_head,669,0,8,469586
embedding,670,0,8,58977
input_layernorm,670,0,8,137223
q_proj,670,0,8,74370
k_proj,670,0,8,14034
v_proj,670,0,8,13025
rope,670,0,8,81845
attn,670,0,8,26059
o_proj,670,0,8,64546
post_layernorm,670,0,8,136818
gate_proj,670,0,8,217828
up_proj,670,0,8,206080
act_fn,670,0,8,24097
down_proj,670,0,8,186752
final_layernorm,670,0,8,138932
lm_head,670,0,8,469983
embedding,671,0,8,59577
input_layernorm,671,0,8,137188
q_proj,671,0,8,73604
k_proj,671,0,8,13993
v_proj,671,0,8,12972
rope,671,0,8,81847
attn,671,0,8,26170
o_proj,671,0,8,64628
post_layernorm,671,0,8,137220
gate_proj,671,0,8,217594
up_proj,671,0,8,206321
act_fn,671,0,8,24108
down_proj,671,0,8,187330
final_layernorm,671,0,8,138873
lm_head,671,0,8,470374
embedding,672,0,8,60067
input_layernorm,672,0,8,137785
q_proj,672,0,8,72434
k_proj,672,0,8,14328
v_proj,672,0,8,13061
rope,672,0,8,83222
attn,672,0,8,26568
o_proj,672,0,8,87418
post_layernorm,672,0,8,138223
gate_proj,672,0,8,254859
up_proj,672,0,8,227890
act_fn,672,0,8,24578
down_proj,672,0,8,234206
final_layernorm,672,0,8,139220
lm_head,672,0,8,463899
embedding,673,0,8,60355
input_layernorm,673,0,8,138008
q_proj,673,0,8,82890
k_proj,673,0,8,13872
v_proj,673,0,8,12680
rope,673,0,8,82617
attn,673,0,8,26322
o_proj,673,0,8,66482
post_layernorm,673,0,8,138118
gate_proj,673,0,8,300922
up_proj,673,0,8,298376
act_fn,673,0,8,23445
down_proj,673,0,8,194922
final_layernorm,673,0,8,139963
lm_head,673,0,8,470843
embedding,674,0,8,59853
input_layernorm,674,0,8,138073
q_proj,674,0,8,82096
k_proj,674,0,8,13884
v_proj,674,0,8,12556
rope,674,0,8,82020
attn,674,0,8,26203
o_proj,674,0,8,66356
post_layernorm,674,0,8,137455
gate_proj,674,0,8,302187
up_proj,674,0,8,301082
act_fn,674,0,8,23658
down_proj,674,0,8,194640
final_layernorm,674,0,8,139722
lm_head,674,0,8,470278
embedding,675,0,8,60192
input_layernorm,675,0,8,138395
q_proj,675,0,8,82542
k_proj,675,0,8,13847
v_proj,675,0,8,12624
rope,675,0,8,82830
attn,675,0,8,26406
o_proj,675,0,8,66626
post_layernorm,675,0,8,138262
gate_proj,675,0,8,302657
up_proj,675,0,8,300099
act_fn,675,0,8,23540
down_proj,675,0,8,195488
final_layernorm,675,0,8,140185
lm_head,675,0,8,470967
embedding,676,0,8,60603
input_layernorm,676,0,8,138930
q_proj,676,0,8,82248
k_proj,676,0,8,13770
v_proj,676,0,8,12562
rope,676,0,8,83353
attn,676,0,8,26370
o_proj,676,0,8,66554
post_layernorm,676,0,8,138392
gate_proj,676,0,8,301327
up_proj,676,0,8,300462
act_fn,676,0,8,23663
down_proj,676,0,8,195219
final_layernorm,676,0,8,141138
lm_head,676,0,8,471226
embedding,677,0,8,60717
input_layernorm,677,0,8,138838
q_proj,677,0,8,81018
k_proj,677,0,8,13727
v_proj,677,0,8,12641
rope,677,0,8,83053
attn,677,0,8,26399
o_proj,677,0,8,66738
post_layernorm,677,0,8,138768
gate_proj,677,0,8,301149
up_proj,677,0,8,298632
act_fn,677,0,8,23805
down_proj,677,0,8,195457
final_layernorm,677,0,8,140903
lm_head,677,0,8,471827
embedding,678,0,8,60762
input_layernorm,678,0,8,139473
q_proj,678,0,8,80916
k_proj,678,0,8,13837
v_proj,678,0,8,12622
rope,678,0,8,82687
attn,678,0,8,26325
o_proj,678,0,8,66780
post_layernorm,678,0,8,139097
gate_proj,678,0,8,299230
up_proj,678,0,8,299290
act_fn,678,0,8,23880
down_proj,678,0,8,195550
final_layernorm,678,0,8,141232
lm_head,678,0,8,471849
embedding,679,0,8,60465
input_layernorm,679,0,8,139358
q_proj,679,0,8,80176
k_proj,679,0,8,13558
v_proj,679,0,8,12609
rope,679,0,8,82952
attn,679,0,8,26335
o_proj,679,0,8,66582
post_layernorm,679,0,8,139118
gate_proj,679,0,8,301784
up_proj,679,0,8,298508
act_fn,679,0,8,23873
down_proj,679,0,8,195264
final_layernorm,679,0,8,141408
lm_head,679,0,8,471238
embedding,680,0,8,60367
input_layernorm,680,0,8,139168
q_proj,680,0,8,77318
k_proj,680,0,8,13483
v_proj,680,0,8,12409
rope,680,0,8,82563
attn,680,0,8,26213
o_proj,680,0,8,66624
post_layernorm,680,0,8,138315
gate_proj,680,0,8,303723
up_proj,680,0,8,298996
act_fn,680,0,8,23897
down_proj,680,0,8,195004
final_layernorm,680,0,8,140355
lm_head,680,0,8,471004
embedding,681,0,8,59983
input_layernorm,681,0,8,139995
q_proj,681,0,8,78296
k_proj,681,0,8,13658
v_proj,681,0,8,12501
rope,681,0,8,82592
attn,681,0,8,26311
o_proj,681,0,8,66456
post_layernorm,681,0,8,139517
gate_proj,681,0,8,301167
up_proj,681,0,8,293365
act_fn,681,0,8,23785
down_proj,681,0,8,195020
final_layernorm,681,0,8,141497
lm_head,681,0,8,475659
embedding,682,0,8,59962
input_layernorm,682,0,8,140212
q_proj,682,0,8,77498
k_proj,682,0,8,13593
v_proj,682,0,8,12574
rope,682,0,8,82500
attn,682,0,8,26331
o_proj,682,0,8,66600
post_layernorm,682,0,8,140067
gate_proj,682,0,8,300255
up_proj,682,0,8,296998
act_fn,682,0,8,23892
down_proj,682,0,8,195228
final_layernorm,682,0,8,142047
lm_head,682,0,8,476764
embedding,683,0,8,60243
input_layernorm,683,0,8,140075
q_proj,683,0,8,77084
k_proj,683,0,8,13545
v_proj,683,0,8,12443
rope,683,0,8,82532
attn,683,0,8,26239
o_proj,683,0,8,66540
post_layernorm,683,0,8,139575
gate_proj,683,0,8,300664
up_proj,683,0,8,298177
act_fn,683,0,8,23827
down_proj,683,0,8,195312
final_layernorm,683,0,8,142097
lm_head,683,0,8,476394
embedding,684,0,8,60635
input_layernorm,684,0,8,140267
q_proj,684,0,8,76484
k_proj,684,0,8,13572
v_proj,684,0,8,12426
rope,684,0,8,82593
attn,684,0,8,26310
o_proj,684,0,8,66524
post_layernorm,684,0,8,140350
gate_proj,684,0,8,301895
up_proj,684,0,8,298681
act_fn,684,0,8,23718
down_proj,684,0,8,195360
final_layernorm,684,0,8,142393
lm_head,684,0,8,476342
embedding,685,0,8,60070
input_layernorm,685,0,8,140733
q_proj,685,0,8,76964
k_proj,685,0,8,13485
v_proj,685,0,8,12421
rope,685,0,8,82898
attn,685,0,8,26276
o_proj,685,0,8,66634
post_layernorm,685,0,8,140427
gate_proj,685,0,8,304276
up_proj,685,0,8,300445
act_fn,685,0,8,23620
down_proj,685,0,8,195639
final_layernorm,685,0,8,142303
lm_head,685,0,8,476632
embedding,686,0,8,60610
input_layernorm,686,0,8,140752
q_proj,686,0,8,76758
k_proj,686,0,8,13636
v_proj,686,0,8,12444
rope,686,0,8,82415
attn,686,0,8,26348
o_proj,686,0,8,66616
post_layernorm,686,0,8,140677
gate_proj,686,0,8,302356
up_proj,686,0,8,300534
act_fn,686,0,8,23798
down_proj,686,0,8,195591
final_layernorm,686,0,8,143152
lm_head,686,0,8,476942
embedding,687,0,8,60287
input_layernorm,687,0,8,141070
q_proj,687,0,8,75068
k_proj,687,0,8,13419
v_proj,687,0,8,12396
rope,687,0,8,82547
attn,687,0,8,26345
o_proj,687,0,8,66586
post_layernorm,687,0,8,140550
gate_proj,687,0,8,302263
up_proj,687,0,8,295991
act_fn,687,0,8,23668
down_proj,687,0,8,195637
final_layernorm,687,0,8,142865
lm_head,687,0,8,477005
embedding,688,0,8,61378
input_layernorm,688,0,8,141203
q_proj,688,0,8,79290
k_proj,688,0,8,13444
v_proj,688,0,8,12356
rope,688,0,8,83152
attn,688,0,8,26625
o_proj,688,0,8,66842
post_layernorm,688,0,8,140902
gate_proj,688,0,8,300712
up_proj,688,0,8,298149
act_fn,688,0,8,23793
down_proj,688,0,8,196127
final_layernorm,688,0,8,143415
lm_head,688,0,8,492131
embedding,689,0,8,61830
input_layernorm,689,0,8,143170
q_proj,689,0,8,73040
k_proj,689,0,8,13442
v_proj,689,0,8,12395
rope,689,0,8,83768
attn,689,0,8,26756
o_proj,689,0,8,67306
post_layernorm,689,0,8,142725
gate_proj,689,0,8,303504
up_proj,689,0,8,295982
act_fn,689,0,8,23762
down_proj,689,0,8,197126
final_layernorm,689,0,8,144882
lm_head,689,0,8,478824
embedding,690,0,8,61142
input_layernorm,690,0,8,141987
q_proj,690,0,8,72856
k_proj,690,0,8,13459
v_proj,690,0,8,12166
rope,690,0,8,82860
attn,690,0,8,26489
o_proj,690,0,8,66724
post_layernorm,690,0,8,141883
gate_proj,690,0,8,302568
up_proj,690,0,8,298188
act_fn,690,0,8,23880
down_proj,690,0,8,196254
final_layernorm,690,0,8,144285
lm_head,690,0,8,477483
embedding,691,0,8,61305
input_layernorm,691,0,8,142160
q_proj,691,0,8,73510
k_proj,691,0,8,13388
v_proj,691,0,8,12326
rope,691,0,8,82608
attn,691,0,8,26237
o_proj,691,0,8,66734
post_layernorm,691,0,8,141863
gate_proj,691,0,8,299672
up_proj,691,0,8,294912
act_fn,691,0,8,23940
down_proj,691,0,8,195695
final_layernorm,691,0,8,144093
lm_head,691,0,8,477159
embedding,692,0,8,61395
input_layernorm,692,0,8,142512
q_proj,692,0,8,72284
k_proj,692,0,8,13366
v_proj,692,0,8,12164
rope,692,0,8,83290
attn,692,0,8,26580
o_proj,692,0,8,66972
post_layernorm,692,0,8,142605
gate_proj,692,0,8,302389
up_proj,692,0,8,297321
act_fn,692,0,8,24038
down_proj,692,0,8,196137
final_layernorm,692,0,8,144313
lm_head,692,0,8,477435
embedding,693,0,8,61505
input_layernorm,693,0,8,142872
q_proj,693,0,8,72478
k_proj,693,0,8,13229
v_proj,693,0,8,12380
rope,693,0,8,82972
attn,693,0,8,26405
o_proj,693,0,8,66820
post_layernorm,693,0,8,142168
gate_proj,693,0,8,302244
up_proj,693,0,8,296870
act_fn,693,0,8,24022
down_proj,693,0,8,196369
final_layernorm,693,0,8,144027
lm_head,693,0,8,477669
embedding,694,0,8,61800
input_layernorm,694,0,8,142552
q_proj,694,0,8,71964
k_proj,694,0,8,13451
v_proj,694,0,8,12112
rope,694,0,8,82833
attn,694,0,8,26504
o_proj,694,0,8,66832
post_layernorm,694,0,8,142477
gate_proj,694,0,8,301154
up_proj,694,0,8,295943
act_fn,694,0,8,23978
down_proj,694,0,8,196120
final_layernorm,694,0,8,144585
lm_head,694,0,8,477771
embedding,695,0,8,61773
input_layernorm,695,0,8,143367
q_proj,695,0,8,72140
k_proj,695,0,8,13289
v_proj,695,0,8,12373
rope,695,0,8,83240
attn,695,0,8,26461
o_proj,695,0,8,66918
post_layernorm,695,0,8,142637
gate_proj,695,0,8,301771
up_proj,695,0,8,296545
act_fn,695,0,8,23997
down_proj,695,0,8,196538
final_layernorm,695,0,8,144838
lm_head,695,0,8,478268
embedding,696,0,8,61738
input_layernorm,696,0,8,143153
q_proj,696,0,8,71108
k_proj,696,0,8,13179
v_proj,696,0,8,11878
rope,696,0,8,83273
attn,696,0,8,26442
o_proj,696,0,8,66910
post_layernorm,696,0,8,142525
gate_proj,696,0,8,300333
up_proj,696,0,8,298341
act_fn,696,0,8,24057
down_proj,696,0,8,196339
final_layernorm,696,0,8,144853
lm_head,696,0,8,478366
embedding,697,0,8,62382
input_layernorm,697,0,8,142935
q_proj,697,0,8,70424
k_proj,697,0,8,13241
v_proj,697,0,8,11905
rope,697,0,8,83080
attn,697,0,8,26409
o_proj,697,0,8,66834
post_layernorm,697,0,8,143080
gate_proj,697,0,8,301238
up_proj,697,0,8,298060
act_fn,697,0,8,24185
down_proj,697,0,8,196070
final_layernorm,697,0,8,145258
lm_head,697,0,8,492233
embedding,698,0,8,62207
input_layernorm,698,0,8,144205
q_proj,698,0,8,71722
k_proj,698,0,8,13158
v_proj,698,0,8,12038
rope,698,0,8,83797
attn,698,0,8,26715
o_proj,698,0,8,67186
post_layernorm,698,0,8,143827
gate_proj,698,0,8,302575
up_proj,698,0,8,299711
act_fn,698,0,8,24287
down_proj,698,0,8,196709
final_layernorm,698,0,8,145913
lm_head,698,0,8,493138
embedding,699,0,8,61632
input_layernorm,699,0,8,143693
q_proj,699,0,8,70728
k_proj,699,0,8,13139
v_proj,699,0,8,11937
rope,699,0,8,83403
attn,699,0,8,26407
o_proj,699,0,8,66926
post_layernorm,699,0,8,143510
gate_proj,699,0,8,300722
up_proj,699,0,8,298411
act_fn,699,0,8,24188
down_proj,699,0,8,196343
final_layernorm,699,0,8,146020
lm_head,699,0,8,492635
embedding,700,0,8,62122
input_layernorm,700,0,8,144188
q_proj,700,0,8,70630
k_proj,700,0,8,13137
v_proj,700,0,8,11822
rope,700,0,8,83907
attn,700,0,8,26612
o_proj,700,0,8,67028
post_layernorm,700,0,8,143753
gate_proj,700,0,8,302176
up_proj,700,0,8,295510
act_fn,700,0,8,24223
down_proj,700,0,8,196560
final_layernorm,700,0,8,145723
lm_head,700,0,8,492831
embedding,701,0,8,62143
input_layernorm,701,0,8,144628
q_proj,701,0,8,71140
k_proj,701,0,8,13176
v_proj,701,0,8,11976
rope,701,0,8,84120
attn,701,0,8,26693
o_proj,701,0,8,67110
post_layernorm,701,0,8,143778
gate_proj,701,0,8,303015
up_proj,701,0,8,298649
act_fn,701,0,8,24275
down_proj,701,0,8,196777
final_layernorm,701,0,8,146335
lm_head,701,0,8,493299
embedding,702,0,8,62117
input_layernorm,702,0,8,144683
q_proj,702,0,8,70712
k_proj,702,0,8,13187
v_proj,702,0,8,11838
rope,702,0,8,83755
attn,702,0,8,26569
o_proj,702,0,8,67040
post_layernorm,702,0,8,143938
gate_proj,702,0,8,300166
up_proj,702,0,8,295722
act_fn,702,0,8,24210
down_proj,702,0,8,196701
final_layernorm,702,0,8,146248
lm_head,702,0,8,493430
embedding,703,0,8,62283
input_layernorm,703,0,8,144975
q_proj,703,0,8,70894
k_proj,703,0,8,13037
v_proj,703,0,8,11816
rope,703,0,8,84340
attn,703,0,8,26632
o_proj,703,0,8,67188
post_layernorm,703,0,8,144793
gate_proj,703,0,8,299548
up_proj,703,0,8,296443
act_fn,703,0,8,24208
down_proj,703,0,8,196623
final_layernorm,703,0,8,147482
lm_head,703,0,8,493578
embedding,704,0,8,61828
input_layernorm,704,0,8,144160
q_proj,704,0,8,102016
k_proj,704,0,8,12553
v_proj,704,0,8,11534
rope,704,0,8,84253
attn,704,0,8,26457
o_proj,704,0,8,73108
post_layernorm,704,0,8,144133
gate_proj,704,0,8,235866
up_proj,704,0,8,215388
act_fn,704,0,8,25523
down_proj,704,0,8,216027
final_layernorm,704,0,8,145858
lm_head,704,0,8,519876
embedding,705,0,8,62198
input_layernorm,705,0,8,144710
q_proj,705,0,8,100806
k_proj,705,0,8,16201
v_proj,705,0,8,15018
rope,705,0,8,84210
attn,705,0,8,35509
o_proj,705,0,8,69578
post_layernorm,705,0,8,144422
gate_proj,705,0,8,303318
up_proj,705,0,8,298879
act_fn,705,0,8,24418
down_proj,705,0,8,204395
final_layernorm,705,0,8,146232
lm_head,705,0,8,493545
embedding,706,0,8,62767
input_layernorm,706,0,8,144560
q_proj,706,0,8,101346
k_proj,706,0,8,16303
v_proj,706,0,8,15011
rope,706,0,8,84495
attn,706,0,8,35399
o_proj,706,0,8,69634
post_layernorm,706,0,8,144688
gate_proj,706,0,8,302454
up_proj,706,0,8,298320
act_fn,706,0,8,24228
down_proj,706,0,8,204247
final_layernorm,706,0,8,146578
lm_head,706,0,8,493289
embedding,707,0,8,62825
input_layernorm,707,0,8,145768
q_proj,707,0,8,100744
k_proj,707,0,8,16257
v_proj,707,0,8,15092
rope,707,0,8,84692
attn,707,0,8,35938
o_proj,707,0,8,69744
post_layernorm,707,0,8,145430
gate_proj,707,0,8,300382
up_proj,707,0,8,297020
act_fn,707,0,8,24510
down_proj,707,0,8,204930
final_layernorm,707,0,8,147505
lm_head,707,0,8,494065
embedding,708,0,8,62943
input_layernorm,708,0,8,145113
q_proj,708,0,8,114902
k_proj,708,0,8,16156
v_proj,708,0,8,14970
rope,708,0,8,84582
attn,708,0,8,35628
o_proj,708,0,8,69556
post_layernorm,708,0,8,145170
gate_proj,708,0,8,303836
up_proj,708,0,8,295397
act_fn,708,0,8,24577
down_proj,708,0,8,204029
final_layernorm,708,0,8,147058
lm_head,708,0,8,493478
embedding,709,0,8,62873
input_layernorm,709,0,8,145565
q_proj,709,0,8,99866
k_proj,709,0,8,16353
v_proj,709,0,8,15140
rope,709,0,8,84712
attn,709,0,8,36100
o_proj,709,0,8,69836
post_layernorm,709,0,8,146278
gate_proj,709,0,8,302779
up_proj,709,0,8,296257
act_fn,709,0,8,24525
down_proj,709,0,8,204663
final_layernorm,709,0,8,147585
lm_head,709,0,8,494102
embedding,710,0,8,62838
input_layernorm,710,0,8,145602
q_proj,710,0,8,101354
k_proj,710,0,8,16153
v_proj,710,0,8,15043
rope,710,0,8,84458
attn,710,0,8,35742
o_proj,710,0,8,69604
post_layernorm,710,0,8,145540
gate_proj,710,0,8,301877
up_proj,710,0,8,295603
act_fn,710,0,8,24508
down_proj,710,0,8,204633
final_layernorm,710,0,8,147723
lm_head,710,0,8,493851
embedding,711,0,8,63197
input_layernorm,711,0,8,146432
q_proj,711,0,8,99890
k_proj,711,0,8,16196
v_proj,711,0,8,15035
rope,711,0,8,84578
attn,711,0,8,35983
o_proj,711,0,8,69646
post_layernorm,711,0,8,146252
gate_proj,711,0,8,299856
up_proj,711,0,8,294560
act_fn,711,0,8,24487
down_proj,711,0,8,204674
final_layernorm,711,0,8,147850
lm_head,711,0,8,493868
embedding,712,0,8,63232
input_layernorm,712,0,8,146390
q_proj,712,0,8,111104
k_proj,712,0,8,16388
v_proj,712,0,8,15170
rope,712,0,8,85243
attn,712,0,8,36244
o_proj,712,0,8,69894
post_layernorm,712,0,8,145878
gate_proj,712,0,8,301695
up_proj,712,0,8,295850
act_fn,712,0,8,24615
down_proj,712,0,8,205045
final_layernorm,712,0,8,148262
lm_head,712,0,8,494528
embedding,713,0,8,62932
input_layernorm,713,0,8,147002
q_proj,713,0,8,98770
k_proj,713,0,8,16284
v_proj,713,0,8,15065
rope,713,0,8,84635
attn,713,0,8,36204
o_proj,713,0,8,69742
post_layernorm,713,0,8,147020
gate_proj,713,0,8,301314
up_proj,713,0,8,297850
act_fn,713,0,8,24647
down_proj,713,0,8,205385
final_layernorm,713,0,8,148500
lm_head,713,0,8,494650
embedding,714,0,8,63517
input_layernorm,714,0,8,146552
q_proj,714,0,8,98276
k_proj,714,0,8,16233
v_proj,714,0,8,14970
rope,714,0,8,84435
attn,714,0,8,35941
o_proj,714,0,8,69640
post_layernorm,714,0,8,146585
gate_proj,714,0,8,299669
up_proj,714,0,8,296961
act_fn,714,0,8,24640
down_proj,714,0,8,204780
final_layernorm,714,0,8,148517
lm_head,714,0,8,493816
embedding,715,0,8,63212
input_layernorm,715,0,8,147370
q_proj,715,0,8,98646
k_proj,715,0,8,16298
v_proj,715,0,8,15053
rope,715,0,8,85007
attn,715,0,8,36245
o_proj,715,0,8,69898
post_layernorm,715,0,8,146843
gate_proj,715,0,8,303431
up_proj,715,0,8,299470
act_fn,715,0,8,24790
down_proj,715,0,8,205320
final_layernorm,715,0,8,148873
lm_head,715,0,8,494633
embedding,716,0,8,63045
input_layernorm,716,0,8,147037
q_proj,716,0,8,109918
k_proj,716,0,8,16281
v_proj,716,0,8,15069
rope,716,0,8,85362
attn,716,0,8,36278
o_proj,716,0,8,69806
post_layernorm,716,0,8,147717
gate_proj,716,0,8,300761
up_proj,716,0,8,296547
act_fn,716,0,8,24952
down_proj,716,0,8,205177
final_layernorm,716,0,8,149445
lm_head,716,0,8,494714
embedding,717,0,8,63258
input_layernorm,717,0,8,148112
q_proj,717,0,8,98770
k_proj,717,0,8,16401
v_proj,717,0,8,15105
rope,717,0,8,85435
attn,717,0,8,36390
o_proj,717,0,8,69914
post_layernorm,717,0,8,148328
gate_proj,717,0,8,302627
up_proj,717,0,8,298032
act_fn,717,0,8,24763
down_proj,717,0,8,205446
final_layernorm,717,0,8,150105
lm_head,717,0,8,495698
embedding,718,0,8,63632
input_layernorm,718,0,8,147773
q_proj,718,0,8,97584
k_proj,718,0,8,16315
v_proj,718,0,8,15138
rope,718,0,8,85393
attn,718,0,8,36371
o_proj,718,0,8,70008
post_layernorm,718,0,8,147812
gate_proj,718,0,8,302051
up_proj,718,0,8,298441
act_fn,718,0,8,24918
down_proj,718,0,8,205296
final_layernorm,718,0,8,149825
lm_head,718,0,8,495777
embedding,719,0,8,63255
input_layernorm,719,0,8,148135
q_proj,719,0,8,98344
k_proj,719,0,8,16270
v_proj,719,0,8,15156
rope,719,0,8,85153
attn,719,0,8,36427
o_proj,719,0,8,70060
post_layernorm,719,0,8,148747
gate_proj,719,0,8,301251
up_proj,719,0,8,295211
act_fn,719,0,8,24525
down_proj,719,0,8,205697
final_layernorm,719,0,8,150012
lm_head,719,0,8,495142
embedding,720,0,8,63293
input_layernorm,720,0,8,146975
q_proj,720,0,8,109008
k_proj,720,0,8,13523
v_proj,720,0,8,12116
rope,720,0,8,84790
attn,720,0,8,36316
o_proj,720,0,8,73596
post_layernorm,720,0,8,147702
gate_proj,720,0,8,301853
up_proj,720,0,8,297529
act_fn,720,0,8,24678
down_proj,720,0,8,215822
final_layernorm,720,0,8,149158
lm_head,720,0,8,494739
embedding,721,0,8,64067
input_layernorm,721,0,8,148392
q_proj,721,0,8,94062
k_proj,721,0,8,15557
v_proj,721,0,8,14424
rope,721,0,8,84797
attn,721,0,8,36441
o_proj,721,0,8,69804
post_layernorm,721,0,8,148120
gate_proj,721,0,8,229067
up_proj,721,0,8,214673
act_fn,721,0,8,25995
down_proj,721,0,8,206596
final_layernorm,721,0,8,149988
lm_head,721,0,8,514483
embedding,722,0,8,63760
input_layernorm,722,0,8,148635
q_proj,722,0,8,94328
k_proj,722,0,8,15838
v_proj,722,0,8,14510
rope,722,0,8,84890
attn,722,0,8,36673
o_proj,722,0,8,69940
post_layernorm,722,0,8,149050
gate_proj,722,0,8,228677
up_proj,722,0,8,215367
act_fn,722,0,8,26040
down_proj,722,0,8,206603
final_layernorm,722,0,8,150915
lm_head,722,0,8,515098
embedding,723,0,8,64902
input_layernorm,723,0,8,149805
q_proj,723,0,8,93456
k_proj,723,0,8,16022
v_proj,723,0,8,14728
rope,723,0,8,85973
attn,723,0,8,36910
o_proj,723,0,8,70364
post_layernorm,723,0,8,150203
gate_proj,723,0,8,230752
up_proj,723,0,8,216077
act_fn,723,0,8,26058
down_proj,723,0,8,206778
final_layernorm,723,0,8,151802
lm_head,723,0,8,516236
embedding,724,0,8,64947
input_layernorm,724,0,8,149982
q_proj,724,0,8,93466
k_proj,724,0,8,15871
v_proj,724,0,8,14746
rope,724,0,8,86233
attn,724,0,8,36836
o_proj,724,0,8,70380
post_layernorm,724,0,8,150467
gate_proj,724,0,8,230507
up_proj,724,0,8,215720
act_fn,724,0,8,26048
down_proj,724,0,8,206778
final_layernorm,724,0,8,152045
lm_head,724,0,8,516217
embedding,725,0,8,63925
input_layernorm,725,0,8,148975
q_proj,725,0,8,92974
k_proj,725,0,8,15642
v_proj,725,0,8,14434
rope,725,0,8,84658
attn,725,0,8,36535
o_proj,725,0,8,69796
post_layernorm,725,0,8,149432
gate_proj,725,0,8,228226
up_proj,725,0,8,215339
act_fn,725,0,8,26097
down_proj,725,0,8,206789
final_layernorm,725,0,8,150878
lm_head,725,0,8,515055
embedding,726,0,8,65452
input_layernorm,726,0,8,150938
q_proj,726,0,8,92986
k_proj,726,0,8,16103
v_proj,726,0,8,14806
rope,726,0,8,85997
attn,726,0,8,36746
o_proj,726,0,8,70578
post_layernorm,726,0,8,151227
gate_proj,726,0,8,231491
up_proj,726,0,8,216439
act_fn,726,0,8,26152
down_proj,726,0,8,207252
final_layernorm,726,0,8,152695
lm_head,726,0,8,517469
embedding,727,0,8,64340
input_layernorm,727,0,8,149698
q_proj,727,0,8,93214
k_proj,727,0,8,15615
v_proj,727,0,8,14412
rope,727,0,8,84960
attn,727,0,8,36264
o_proj,727,0,8,69906
post_layernorm,727,0,8,150253
gate_proj,727,0,8,228222
up_proj,727,0,8,215321
act_fn,727,0,8,26177
down_proj,727,0,8,206795
final_layernorm,727,0,8,152013
lm_head,727,0,8,515247
embedding,728,0,8,64037
input_layernorm,728,0,8,149787
q_proj,728,0,8,91666
k_proj,728,0,8,15747
v_proj,728,0,8,14436
rope,728,0,8,85260
attn,728,0,8,36389
o_proj,728,0,8,69936
post_layernorm,728,0,8,149967
gate_proj,728,0,8,228440
up_proj,728,0,8,215523
act_fn,728,0,8,26358
down_proj,728,0,8,206904
final_layernorm,728,0,8,151830
lm_head,728,0,8,515431
embedding,729,0,8,64077
input_layernorm,729,0,8,149885
q_proj,729,0,8,91742
k_proj,729,0,8,15838
v_proj,729,0,8,14560
rope,729,0,8,85140
attn,729,0,8,36596
o_proj,729,0,8,70084
post_layernorm,729,0,8,150678
gate_proj,729,0,8,228878
up_proj,729,0,8,215768
act_fn,729,0,8,26252
down_proj,729,0,8,207376
final_layernorm,729,0,8,152048
lm_head,729,0,8,516020
embedding,730,0,8,65132
input_layernorm,730,0,8,151162
q_proj,730,0,8,91614
k_proj,730,0,8,15995
v_proj,730,0,8,14733
rope,730,0,8,85907
attn,730,0,8,36707
o_proj,730,0,8,70444
post_layernorm,730,0,8,151688
gate_proj,730,0,8,230609
up_proj,730,0,8,216205
act_fn,730,0,8,26173
down_proj,730,0,8,207226
final_layernorm,730,0,8,153528
lm_head,730,0,8,517035
embedding,731,0,8,64292
input_layernorm,731,0,8,150118
q_proj,731,0,8,91328
k_proj,731,0,8,15814
v_proj,731,0,8,14498
rope,731,0,8,85262
attn,731,0,8,36710
o_proj,731,0,8,70042
post_layernorm,731,0,8,150725
gate_proj,731,0,8,228746
up_proj,731,0,8,215846
act_fn,731,0,8,26380
down_proj,731,0,8,207138
final_layernorm,731,0,8,153075
lm_head,731,0,8,515768
embedding,732,0,8,64752
input_layernorm,732,0,8,150687
q_proj,732,0,8,91582
k_proj,732,0,8,15787
v_proj,732,0,8,14603
rope,732,0,8,85935
attn,732,0,8,36853
o_proj,732,0,8,70200
post_layernorm,732,0,8,151695
gate_proj,732,0,8,229324
up_proj,732,0,8,215999
act_fn,732,0,8,26513
down_proj,732,0,8,207144
final_layernorm,732,0,8,152433
lm_head,732,0,8,516509
embedding,733,0,8,64380
input_layernorm,733,0,8,150790
q_proj,733,0,8,90872
k_proj,733,0,8,15708
v_proj,733,0,8,14425
rope,733,0,8,85082
attn,733,0,8,36774
o_proj,733,0,8,70062
post_layernorm,733,0,8,151523
gate_proj,733,0,8,227676
up_proj,733,0,8,215841
act_fn,733,0,8,26403
down_proj,733,0,8,207341
final_layernorm,733,0,8,152740
lm_head,733,0,8,516055
embedding,734,0,8,64478
input_layernorm,734,0,8,151042
q_proj,734,0,8,89878
k_proj,734,0,8,15681
v_proj,734,0,8,14499
rope,734,0,8,85362
attn,734,0,8,36846
o_proj,734,0,8,70062
post_layernorm,734,0,8,151968
gate_proj,734,0,8,228757
up_proj,734,0,8,215891
act_fn,734,0,8,26333
down_proj,734,0,8,207266
final_layernorm,734,0,8,153095
lm_head,734,0,8,516701
embedding,735,0,8,64668
input_layernorm,735,0,8,151517
q_proj,735,0,8,89916
k_proj,735,0,8,15686
v_proj,735,0,8,14405
rope,735,0,8,85235
attn,735,0,8,36598
o_proj,735,0,8,69974
post_layernorm,735,0,8,152200
gate_proj,735,0,8,228252
up_proj,735,0,8,215722
act_fn,735,0,8,26590
down_proj,735,0,8,207330
final_layernorm,735,0,8,153335
lm_head,735,0,8,516435
embedding,736,0,8,64668
input_layernorm,736,0,8,150582
q_proj,736,0,8,89900
k_proj,736,0,8,15776
v_proj,736,0,8,14508
rope,736,0,8,85797
attn,736,0,8,36662
o_proj,736,0,8,74004
post_layernorm,736,0,8,151682
gate_proj,736,0,8,228211
up_proj,736,0,8,215963
act_fn,736,0,8,26512
down_proj,736,0,8,218166
final_layernorm,736,0,8,152992
lm_head,736,0,8,522826
embedding,737,0,8,65232
input_layernorm,737,0,8,150603
q_proj,737,0,8,89650
k_proj,737,0,8,15938
v_proj,737,0,8,14968
rope,737,0,8,85378
attn,737,0,8,36779
o_proj,737,0,8,73892
post_layernorm,737,0,8,152712
gate_proj,737,0,8,228039
up_proj,737,0,8,215988
act_fn,737,0,8,26627
down_proj,737,0,8,218175
final_layernorm,737,0,8,153142
lm_head,737,0,8,516447
embedding,738,0,8,65757
input_layernorm,738,0,8,152645
q_proj,738,0,8,88974
k_proj,738,0,8,16390
v_proj,738,0,8,15340
rope,738,0,8,86458
attn,738,0,8,37147
o_proj,738,0,8,74496
post_layernorm,738,0,8,153642
gate_proj,738,0,8,231352
up_proj,738,0,8,216673
act_fn,738,0,8,26572
down_proj,738,0,8,218450
final_layernorm,738,0,8,154638
lm_head,738,0,8,518286
embedding,739,0,8,65205
input_layernorm,739,0,8,152295
q_proj,739,0,8,88648
k_proj,739,0,8,16102
v_proj,739,0,8,15117
rope,739,0,8,85895
attn,739,0,8,37041
o_proj,739,0,8,74128
post_layernorm,739,0,8,153265
gate_proj,739,0,8,229487
up_proj,739,0,8,216448
act_fn,739,0,8,26512
down_proj,739,0,8,218339
final_layernorm,739,0,8,153887
lm_head,739,0,8,517243
embedding,740,0,8,65665
input_layernorm,740,0,8,152710
q_proj,740,0,8,87456
k_proj,740,0,8,16303
v_proj,740,0,8,15164
rope,740,0,8,86440
attn,740,0,8,36958
o_proj,740,0,8,74198
post_layernorm,740,0,8,153757
gate_proj,740,0,8,230169
up_proj,740,0,8,216411
act_fn,740,0,8,26548
down_proj,740,0,8,218398
final_layernorm,740,0,8,154558
lm_head,740,0,8,517890
embedding,741,0,8,65330
input_layernorm,741,0,8,152407
q_proj,741,0,8,87330
k_proj,741,0,8,16002
v_proj,741,0,8,14966
rope,741,0,8,85347
attn,741,0,8,36936
o_proj,741,0,8,73946
post_layernorm,741,0,8,153657
gate_proj,741,0,8,227390
up_proj,741,0,8,215832
act_fn,741,0,8,26743
down_proj,741,0,8,218478
final_layernorm,741,0,8,154417
lm_head,741,0,8,517123
embedding,742,0,8,65357
input_layernorm,742,0,8,152353
q_proj,742,0,8,87408
k_proj,742,0,8,15909
v_proj,742,0,8,14984
rope,742,0,8,85535
attn,742,0,8,36966
o_proj,742,0,8,74034
post_layernorm,742,0,8,153377
gate_proj,742,0,8,227732
up_proj,742,0,8,216164
act_fn,742,0,8,26720
down_proj,742,0,8,218459
final_layernorm,742,0,8,154660
lm_head,742,0,8,517305
embedding,743,0,8,66158
input_layernorm,743,0,8,153288
q_proj,743,0,8,86910
k_proj,743,0,8,16163
v_proj,743,0,8,15228
rope,743,0,8,86293
attn,743,0,8,37220
o_proj,743,0,8,74346
post_layernorm,743,0,8,154348
gate_proj,743,0,8,230033
up_proj,743,0,8,216758
act_fn,743,0,8,26763
down_proj,743,0,8,218597
final_layernorm,743,0,8,155467
lm_head,743,0,8,518663
embedding,744,0,8,66152
input_layernorm,744,0,8,152887
q_proj,744,0,8,83668
k_proj,744,0,8,15992
v_proj,744,0,8,15127
rope,744,0,8,86658
attn,744,0,8,37212
o_proj,744,0,8,74260
post_layernorm,744,0,8,154238
gate_proj,744,0,8,230022
up_proj,744,0,8,216636
act_fn,744,0,8,26747
down_proj,744,0,8,218571
final_layernorm,744,0,8,154883
lm_head,744,0,8,518482
embedding,745,0,8,65960
input_layernorm,745,0,8,153193
q_proj,745,0,8,83248
k_proj,745,0,8,16095
v_proj,745,0,8,15039
rope,745,0,8,85813
attn,745,0,8,37185
o_proj,745,0,8,74292
post_layernorm,745,0,8,154880
gate_proj,745,0,8,229043
up_proj,745,0,8,216420
act_fn,745,0,8,26803
down_proj,745,0,8,218588
final_layernorm,745,0,8,155575
lm_head,745,0,8,518099
embedding,746,0,8,65770
input_layernorm,746,0,8,152967
q_proj,746,0,8,84110
k_proj,746,0,8,15976
v_proj,746,0,8,15067
rope,746,0,8,85587
attn,746,0,8,37138
o_proj,746,0,8,74150
post_layernorm,746,0,8,154540
gate_proj,746,0,8,228741
up_proj,746,0,8,216196
act_fn,746,0,8,26908
down_proj,746,0,8,218565
final_layernorm,746,0,8,155307
lm_head,746,0,8,518214
embedding,747,0,8,65900
input_layernorm,747,0,8,154130
q_proj,747,0,8,84694
k_proj,747,0,8,16012
v_proj,747,0,8,15117
rope,747,0,8,85962
attn,747,0,8,37368
o_proj,747,0,8,74282
post_layernorm,747,0,8,155395
gate_proj,747,0,8,229238
up_proj,747,0,8,216361
act_fn,747,0,8,26912
down_proj,747,0,8,218864
final_layernorm,747,0,8,155878
lm_head,747,0,8,518450
embedding,748,0,8,67508
input_layernorm,748,0,8,155177
q_proj,748,0,8,83896
k_proj,748,0,8,16358
v_proj,748,0,8,15394
rope,748,0,8,87310
attn,748,0,8,37706
o_proj,748,0,8,74874
post_layernorm,748,0,8,156787
gate_proj,748,0,8,231905
up_proj,748,0,8,217302
act_fn,748,0,8,26905
down_proj,748,0,8,219217
final_layernorm,748,0,8,156930
lm_head,748,0,8,520080
embedding,749,0,8,65755
input_layernorm,749,0,8,153670
q_proj,749,0,8,82570
k_proj,749,0,8,15996
v_proj,749,0,8,14971
rope,749,0,8,85707
attn,749,0,8,37353
o_proj,749,0,8,74082
post_layernorm,749,0,8,155383
gate_proj,749,0,8,227747
up_proj,749,0,8,216402
act_fn,749,0,8,26972
down_proj,749,0,8,218809
final_layernorm,749,0,8,156078
lm_head,749,0,8,517871
embedding,750,0,8,65990
input_layernorm,750,0,8,154090
q_proj,750,0,8,83248
k_proj,750,0,8,15940
v_proj,750,0,8,15045
rope,750,0,8,85682
attn,750,0,8,37413
o_proj,750,0,8,74198
post_layernorm,750,0,8,155240
gate_proj,750,0,8,228663
up_proj,750,0,8,216439
act_fn,750,0,8,27008
down_proj,750,0,8,218978
final_layernorm,750,0,8,155845
lm_head,750,0,8,518598
embedding,751,0,8,66812
input_layernorm,751,0,8,155842
q_proj,751,0,8,82846
k_proj,751,0,8,16184
v_proj,751,0,8,15357
rope,751,0,8,86930
attn,751,0,8,37855
o_proj,751,0,8,74812
post_layernorm,751,0,8,157102
gate_proj,751,0,8,231736
up_proj,751,0,8,217468
act_fn,751,0,8,27120
down_proj,751,0,8,219252
final_layernorm,751,0,8,157790
lm_head,751,0,8,520119
embedding,752,0,8,65882
input_layernorm,752,0,8,154772
q_proj,752,0,8,79482
k_proj,752,0,8,15320
v_proj,752,0,8,14445
rope,752,0,8,87005
attn,752,0,8,37662
o_proj,752,0,8,74448
post_layernorm,752,0,8,155783
gate_proj,752,0,8,229353
up_proj,752,0,8,216374
act_fn,752,0,8,27042
down_proj,752,0,8,218848
final_layernorm,752,0,8,156680
lm_head,752,0,8,525352
embedding,753,0,8,66525
input_layernorm,753,0,8,156403
q_proj,753,0,8,79026
k_proj,753,0,8,16082
v_proj,753,0,8,15426
rope,753,0,8,87078
attn,753,0,8,37956
o_proj,753,0,8,74956
post_layernorm,753,0,8,157950
gate_proj,753,0,8,231796
up_proj,753,0,8,217224
act_fn,753,0,8,27102
down_proj,753,0,8,219362
final_layernorm,753,0,8,158670
lm_head,753,0,8,520585
embedding,754,0,8,66418
input_layernorm,754,0,8,155372
q_proj,754,0,8,77202
k_proj,754,0,8,15886
v_proj,754,0,8,14943
rope,754,0,8,85727
attn,754,0,8,37645
o_proj,754,0,8,74202
post_layernorm,754,0,8,156808
gate_proj,754,0,8,228033
up_proj,754,0,8,216398
act_fn,754,0,8,26973
down_proj,754,0,8,219148
final_layernorm,754,0,8,157818
lm_head,754,0,8,518655
embedding,755,0,8,67423
input_layernorm,755,0,8,155643
q_proj,755,0,8,79028
k_proj,755,0,8,16019
v_proj,755,0,8,15128
rope,755,0,8,86295
attn,755,0,8,37704
o_proj,755,0,8,74382
post_layernorm,755,0,8,157098
gate_proj,755,0,8,228850
up_proj,755,0,8,216433
act_fn,755,0,8,27085
down_proj,755,0,8,219191
final_layernorm,755,0,8,157778
lm_head,755,0,8,518911
embedding,756,0,8,67193
input_layernorm,756,0,8,155723
q_proj,756,0,8,75928
k_proj,756,0,8,15944
v_proj,756,0,8,15096
rope,756,0,8,86685
attn,756,0,8,37751
o_proj,756,0,8,74524
post_layernorm,756,0,8,157293
gate_proj,756,0,8,229196
up_proj,756,0,8,216734
act_fn,756,0,8,27117
down_proj,756,0,8,219436
final_layernorm,756,0,8,158132
lm_head,756,0,8,519453
embedding,757,0,8,66635
input_layernorm,757,0,8,155953
q_proj,757,0,8,77374
k_proj,757,0,8,15831
v_proj,757,0,8,15040
rope,757,0,8,85845
attn,757,0,8,37569
o_proj,757,0,8,74368
post_layernorm,757,0,8,157173
gate_proj,757,0,8,228839
up_proj,757,0,8,216979
act_fn,757,0,8,27237
down_proj,757,0,8,219278
final_layernorm,757,0,8,157805
lm_head,757,0,8,519302
embedding,758,0,8,67337
input_layernorm,758,0,8,156172
q_proj,758,0,8,78192
k_proj,758,0,8,15882
v_proj,758,0,8,15064
rope,758,0,8,86232
attn,758,0,8,37916
o_proj,758,0,8,74346
post_layernorm,758,0,8,157728
gate_proj,758,0,8,228815
up_proj,758,0,8,216801
act_fn,758,0,8,27128
down_proj,758,0,8,219720
final_layernorm,758,0,8,158415
lm_head,758,0,8,519487
embedding,759,0,8,67252
input_layernorm,759,0,8,157005
q_proj,759,0,8,74908
k_proj,759,0,8,15999
v_proj,759,0,8,15170
rope,759,0,8,86518
attn,759,0,8,37974
o_proj,759,0,8,74614
post_layernorm,759,0,8,158577
gate_proj,759,0,8,229924
up_proj,759,0,8,217042
act_fn,759,0,8,27387
down_proj,759,0,8,219563
final_layernorm,759,0,8,159148
lm_head,759,0,8,520244
embedding,760,0,8,67248
input_layernorm,760,0,8,155845
q_proj,760,0,8,73950
k_proj,760,0,8,15844
v_proj,760,0,8,15031
rope,760,0,8,86272
attn,760,0,8,37866
o_proj,760,0,8,74402
post_layernorm,760,0,8,157608
gate_proj,760,0,8,228167
up_proj,760,0,8,216805
act_fn,760,0,8,27240
down_proj,760,0,8,219492
final_layernorm,760,0,8,158097
lm_head,760,0,8,519148
embedding,761,0,8,67810
input_layernorm,761,0,8,158132
q_proj,761,0,8,73844
k_proj,761,0,8,14797
v_proj,761,0,8,13906
rope,761,0,8,87135
attn,761,0,8,38465
o_proj,761,0,8,75126
post_layernorm,761,0,8,159592
gate_proj,761,0,8,231894
up_proj,761,0,8,217782
act_fn,761,0,8,27305
down_proj,761,0,8,219763
final_layernorm,761,0,8,159753
lm_head,761,0,8,527888
embedding,762,0,8,66848
input_layernorm,762,0,8,157653
q_proj,762,0,8,75532
k_proj,762,0,8,14660
v_proj,762,0,8,13790
rope,762,0,8,86593
attn,762,0,8,38190
o_proj,762,0,8,74570
post_layernorm,762,0,8,158718
gate_proj,762,0,8,229680
up_proj,762,0,8,216957
act_fn,762,0,8,27353
down_proj,762,0,8,219787
final_layernorm,762,0,8,159330
lm_head,762,0,8,526380
embedding,763,0,8,66663
input_layernorm,763,0,8,157165
q_proj,763,0,8,74532
k_proj,763,0,8,14704
v_proj,763,0,8,13775
rope,763,0,8,86010
attn,763,0,8,38286
o_proj,763,0,8,74372
post_layernorm,763,0,8,158397
gate_proj,763,0,8,228453
up_proj,763,0,8,216831
act_fn,763,0,8,27372
down_proj,763,0,8,219791
final_layernorm,763,0,8,159108
lm_head,763,0,8,526113
embedding,764,0,8,67125
input_layernorm,764,0,8,157820
q_proj,764,0,8,74866
k_proj,764,0,8,14555
v_proj,764,0,8,13741
rope,764,0,8,86597
attn,764,0,8,38351
o_proj,764,0,8,74594
post_layernorm,764,0,8,159080
gate_proj,764,0,8,228789
up_proj,764,0,8,216994
act_fn,764,0,8,27433
down_proj,764,0,8,219837
final_layernorm,764,0,8,159670
lm_head,764,0,8,526557
embedding,765,0,8,66913
input_layernorm,765,0,8,157835
q_proj,765,0,8,74648
k_proj,765,0,8,14633
v_proj,765,0,8,13701
rope,765,0,8,86135
attn,765,0,8,38482
o_proj,765,0,8,74448
post_layernorm,765,0,8,158828
gate_proj,765,0,8,228833
up_proj,765,0,8,216964
act_fn,765,0,8,27382
down_proj,765,0,8,219895
final_layernorm,765,0,8,160092
lm_head,765,0,8,526661
embedding,766,0,8,67978
input_layernorm,766,0,8,159103
q_proj,766,0,8,73736
k_proj,766,0,8,14365
v_proj,766,0,8,13821
rope,766,0,8,87235
attn,766,0,8,38795
o_proj,766,0,8,75056
post_layernorm,766,0,8,160712
gate_proj,766,0,8,231723
up_proj,766,0,8,217800
act_fn,766,0,8,27540
down_proj,766,0,8,220034
final_layernorm,766,0,8,160822
lm_head,766,0,8,528307
embedding,767,0,8,67202
input_layernorm,767,0,8,158532
q_proj,767,0,8,73544
k_proj,767,0,8,14541
v_proj,767,0,8,13624
rope,767,0,8,86175
attn,767,0,8,38410
o_proj,767,0,8,74524
post_layernorm,767,0,8,159193
gate_proj,767,0,8,228885
up_proj,767,0,8,217299
act_fn,767,0,8,27547
down_proj,767,0,8,220051
final_layernorm,767,0,8,160175
lm_head,767,0,8,526908
embedding,768,0,8,67755
input_layernorm,768,0,8,158753
q_proj,768,0,8,96318
k_proj,768,0,8,13724
v_proj,768,0,8,12658
rope,768,0,8,87113
attn,768,0,8,37053
o_proj,768,0,8,74774
post_layernorm,768,0,8,160093
gate_proj,768,0,8,230384
up_proj,768,0,8,217598
act_fn,768,0,8,27480
down_proj,768,0,8,220038
final_layernorm,768,0,8,160457
lm_head,768,0,8,527558
embedding,769,0,8,67122
input_layernorm,769,0,8,158902
q_proj,769,0,8,92232
k_proj,769,0,8,14040
v_proj,769,0,8,12922
rope,769,0,8,85948
attn,769,0,8,41295
o_proj,769,0,8,73822
post_layernorm,769,0,8,157840
gate_proj,769,0,8,251912
up_proj,769,0,8,239063
act_fn,769,0,8,27388
down_proj,769,0,8,223236
final_layernorm,769,0,8,160253
lm_head,769,0,8,540009
embedding,770,0,8,67940
input_layernorm,770,0,8,159960
q_proj,770,0,8,91420
k_proj,770,0,8,14033
v_proj,770,0,8,12853
rope,770,0,8,86697
attn,770,0,8,41664
o_proj,770,0,8,74206
post_layernorm,770,0,8,158612
gate_proj,770,0,8,253025
up_proj,770,0,8,239473
act_fn,770,0,8,27475
down_proj,770,0,8,223177
final_layernorm,770,0,8,160710
lm_head,770,0,8,541274
embedding,771,0,8,68337
input_layernorm,771,0,8,159882
q_proj,771,0,8,92200
k_proj,771,0,8,14101
v_proj,771,0,8,13000
rope,771,0,8,87000
attn,771,0,8,41663
o_proj,771,0,8,74138
post_layernorm,771,0,8,158727
gate_proj,771,0,8,252935
up_proj,771,0,8,238996
act_fn,771,0,8,27482
down_proj,771,0,8,223414
final_layernorm,771,0,8,160912
lm_head,771,0,8,540736
embedding,772,0,8,68378
input_layernorm,772,0,8,161143
q_proj,772,0,8,92170
k_proj,772,0,8,14146
v_proj,772,0,8,12878
rope,772,0,8,87825
attn,772,0,8,41750
o_proj,772,0,8,74144
post_layernorm,772,0,8,159398
gate_proj,772,0,8,253240
up_proj,772,0,8,238901
act_fn,772,0,8,27510
down_proj,772,0,8,223477
final_layernorm,772,0,8,161568
lm_head,772,0,8,541539
embedding,773,0,8,68528
input_layernorm,773,0,8,160695
q_proj,773,0,8,91660
k_proj,773,0,8,14042
v_proj,773,0,8,12877
rope,773,0,8,87483
attn,773,0,8,41833
o_proj,773,0,8,74476
post_layernorm,773,0,8,159682
gate_proj,773,0,8,253658
up_proj,773,0,8,239490
act_fn,773,0,8,27772
down_proj,773,0,8,223266
final_layernorm,773,0,8,161588
lm_head,773,0,8,541471
embedding,774,0,8,68877
input_layernorm,774,0,8,160982
q_proj,774,0,8,91656
k_proj,774,0,8,13814
v_proj,774,0,8,12646
rope,774,0,8,86932
attn,774,0,8,41863
o_proj,774,0,8,74188
post_layernorm,774,0,8,159055
gate_proj,774,0,8,252896
up_proj,774,0,8,239100
act_fn,774,0,8,27552
down_proj,774,0,8,223563
final_layernorm,774,0,8,161615
lm_head,774,0,8,541770
embedding,775,0,8,69165
input_layernorm,775,0,8,160658
q_proj,775,0,8,90114
k_proj,775,0,8,14080
v_proj,775,0,8,12889
rope,775,0,8,86873
attn,775,0,8,41534
o_proj,775,0,8,74128
post_layernorm,775,0,8,159262
gate_proj,775,0,8,252586
up_proj,775,0,8,239607
act_fn,775,0,8,27568
down_proj,775,0,8,223758
final_layernorm,775,0,8,161758
lm_head,775,0,8,540938
embedding,776,0,8,68657
input_layernorm,776,0,8,160882
q_proj,776,0,8,89536
k_proj,776,0,8,13918
v_proj,776,0,8,12614
rope,776,0,8,87167
attn,776,0,8,41838
o_proj,776,0,8,74152
post_layernorm,776,0,8,159170
gate_proj,776,0,8,252794
up_proj,776,0,8,239401
act_fn,776,0,8,27632
down_proj,776,0,8,223685
final_layernorm,776,0,8,160840
lm_head,776,0,8,541728
embedding,777,0,8,68995
input_layernorm,777,0,8,161403
q_proj,777,0,8,90282
k_proj,777,0,8,13894
v_proj,777,0,8,12577
rope,777,0,8,87205
attn,777,0,8,41740
o_proj,777,0,8,74194
post_layernorm,777,0,8,159948
gate_proj,777,0,8,252703
up_proj,777,0,8,240012
act_fn,777,0,8,27685
down_proj,777,0,8,223585
final_layernorm,777,0,8,162707
lm_head,777,0,8,541058
embedding,778,0,8,68833
input_layernorm,778,0,8,162840
q_proj,778,0,8,88812
k_proj,778,0,8,13811
v_proj,778,0,8,12550
rope,778,0,8,87217
attn,778,0,8,41837
o_proj,778,0,8,74430
post_layernorm,778,0,8,160975
gate_proj,778,0,8,253344
up_proj,778,0,8,239280
act_fn,778,0,8,27807
down_proj,778,0,8,223919
final_layernorm,778,0,8,162838
lm_head,778,0,8,542355
embedding,779,0,8,69622
input_layernorm,779,0,8,163423
q_proj,779,0,8,89874
k_proj,779,0,8,13810
v_proj,779,0,8,12745
rope,779,0,8,87720
attn,779,0,8,42040
o_proj,779,0,8,74654
post_layernorm,779,0,8,161815
gate_proj,779,0,8,254460
up_proj,779,0,8,239753
act_fn,779,0,8,27728
down_proj,779,0,8,223947
final_layernorm,779,0,8,163688
lm_head,779,0,8,542936
embedding,780,0,8,68542
input_layernorm,780,0,8,163210
q_proj,780,0,8,89462
k_proj,780,0,8,13780
v_proj,780,0,8,12562
rope,780,0,8,87888
attn,780,0,8,41606
o_proj,780,0,8,74290
post_layernorm,780,0,8,161172
gate_proj,780,0,8,253520
up_proj,780,0,8,239443
act_fn,780,0,8,27778
down_proj,780,0,8,224020
final_layernorm,780,0,8,163127
lm_head,780,0,8,542939
embedding,781,0,8,68627
input_layernorm,781,0,8,162905
q_proj,781,0,8,90166
k_proj,781,0,8,13892
v_proj,781,0,8,12706
rope,781,0,8,87123
attn,781,0,8,41673
o_proj,781,0,8,74286
post_layernorm,781,0,8,161352
gate_proj,781,0,8,252948
up_proj,781,0,8,240060
act_fn,781,0,8,27833
down_proj,781,0,8,223955
final_layernorm,781,0,8,163563
lm_head,781,0,8,541802
embedding,782,0,8,69070
input_layernorm,782,0,8,162928
q_proj,782,0,8,88128
k_proj,782,0,8,13622
v_proj,782,0,8,12657
rope,782,0,8,87200
attn,782,0,8,41785
o_proj,782,0,8,74422
post_layernorm,782,0,8,161507
gate_proj,782,0,8,252898
up_proj,782,0,8,239896
act_fn,782,0,8,27818
down_proj,782,0,8,224077
final_layernorm,782,0,8,163442
lm_head,782,0,8,542711
embedding,783,0,8,69207
input_layernorm,783,0,8,163298
q_proj,783,0,8,88968
k_proj,783,0,8,13645
v_proj,783,0,8,12791
rope,783,0,8,87497
attn,783,0,8,41603
o_proj,783,0,8,74206
post_layernorm,783,0,8,162275
gate_proj,783,0,8,252503
up_proj,783,0,8,239460
act_fn,783,0,8,27832
down_proj,783,0,8,224174
final_layernorm,783,0,8,164337
lm_head,783,0,8,542117
embedding,784,0,8,69240
input_layernorm,784,0,8,162803
q_proj,784,0,8,78854
k_proj,784,0,8,14886
v_proj,784,0,8,13374
rope,784,0,8,87382
attn,784,0,8,41864
o_proj,784,0,8,76048
post_layernorm,784,0,8,161327
gate_proj,784,0,8,259900
up_proj,784,0,8,249113
act_fn,784,0,8,27103
down_proj,784,0,8,226900
final_layernorm,784,0,8,162895
lm_head,784,0,8,542693
embedding,785,0,8,68708
input_layernorm,785,0,8,163145
q_proj,785,0,8,86654
k_proj,785,0,8,13618
v_proj,785,0,8,12476
rope,785,0,8,86967
attn,785,0,8,41571
o_proj,785,0,8,74102
post_layernorm,785,0,8,162108
gate_proj,785,0,8,252076
up_proj,785,0,8,240138
act_fn,785,0,8,27890
down_proj,785,0,8,224131
final_layernorm,785,0,8,164307
lm_head,785,0,8,541627
embedding,786,0,8,69215
input_layernorm,786,0,8,163773
q_proj,786,0,8,87392
k_proj,786,0,8,13669
v_proj,786,0,8,12418
rope,786,0,8,87393
attn,786,0,8,41631
o_proj,786,0,8,74438
post_layernorm,786,0,8,162758
gate_proj,786,0,8,253006
up_proj,786,0,8,239564
act_fn,786,0,8,27950
down_proj,786,0,8,224363
final_layernorm,786,0,8,164398
lm_head,786,0,8,543043
embedding,787,0,8,69293
input_layernorm,787,0,8,163788
q_proj,787,0,8,86718
k_proj,787,0,8,13703
v_proj,787,0,8,12489
rope,787,0,8,87083
attn,787,0,8,41671
o_proj,787,0,8,74294
post_layernorm,787,0,8,162898
gate_proj,787,0,8,252484
up_proj,787,0,8,240420
act_fn,787,0,8,28005
down_proj,787,0,8,224503
final_layernorm,787,0,8,164903
lm_head,787,0,8,542143
embedding,788,0,8,69360
input_layernorm,788,0,8,163987
q_proj,788,0,8,86674
k_proj,788,0,8,13768
v_proj,788,0,8,12445
rope,788,0,8,87662
attn,788,0,8,41795
o_proj,788,0,8,74376
post_layernorm,788,0,8,163292
gate_proj,788,0,8,252599
up_proj,788,0,8,240558
act_fn,788,0,8,28082
down_proj,788,0,8,224302
final_layernorm,788,0,8,165617
lm_head,788,0,8,543273
embedding,789,0,8,69887
input_layernorm,789,0,8,164515
q_proj,789,0,8,85858
k_proj,789,0,8,13592
v_proj,789,0,8,12453
rope,789,0,8,87185
attn,789,0,8,41772
o_proj,789,0,8,74402
post_layernorm,789,0,8,163490
gate_proj,789,0,8,253129
up_proj,789,0,8,239893
act_fn,789,0,8,28102
down_proj,789,0,8,224555
final_layernorm,789,0,8,166360
lm_head,789,0,8,543063
embedding,790,0,8,69803
input_layernorm,790,0,8,164735
q_proj,790,0,8,86552
k_proj,790,0,8,13651
v_proj,790,0,8,12223
rope,790,0,8,87387
attn,790,0,8,41785
o_proj,790,0,8,74528
post_layernorm,790,0,8,163523
gate_proj,790,0,8,252763
up_proj,790,0,8,240086
act_fn,790,0,8,28183
down_proj,790,0,8,224763
final_layernorm,790,0,8,165923
lm_head,790,0,8,544080
embedding,791,0,8,69875
input_layernorm,791,0,8,164963
q_proj,791,0,8,85156
k_proj,791,0,8,13650
v_proj,791,0,8,12393
rope,791,0,8,87568
attn,791,0,8,41688
o_proj,791,0,8,74686
post_layernorm,791,0,8,164490
gate_proj,791,0,8,253483
up_proj,791,0,8,240314
act_fn,791,0,8,28123
down_proj,791,0,8,224742
final_layernorm,791,0,8,166550
lm_head,791,0,8,543513
embedding,792,0,8,70083
input_layernorm,792,0,8,164210
q_proj,792,0,8,85622
k_proj,792,0,8,13605
v_proj,792,0,8,12187
rope,792,0,8,87738
attn,792,0,8,41938
o_proj,792,0,8,74436
post_layernorm,792,0,8,162977
gate_proj,792,0,8,252545
up_proj,792,0,8,240140
act_fn,792,0,8,28152
down_proj,792,0,8,224868
final_layernorm,792,0,8,166513
lm_head,792,0,8,543583
embedding,793,0,8,70008
input_layernorm,793,0,8,165197
q_proj,793,0,8,95480
k_proj,793,0,8,16134
v_proj,793,0,8,15021
rope,793,0,8,87475
attn,793,0,8,41898
o_proj,793,0,8,74332
post_layernorm,793,0,8,164332
gate_proj,793,0,8,252765
up_proj,793,0,8,242430
act_fn,793,0,8,27473
down_proj,793,0,8,221819
final_layernorm,793,0,8,166638
lm_head,793,0,8,543719
embedding,794,0,8,71247
input_layernorm,794,0,8,166622
q_proj,794,0,8,95410
k_proj,794,0,8,16364
v_proj,794,0,8,15160
rope,794,0,8,88088
attn,794,0,8,41940
o_proj,794,0,8,74670
post_layernorm,794,0,8,165553
gate_proj,794,0,8,253795
up_proj,794,0,8,243280
act_fn,794,0,8,27480
down_proj,794,0,8,221988
final_layernorm,794,0,8,167628
lm_head,794,0,8,544318
embedding,795,0,8,69567
input_layernorm,795,0,8,165362
q_proj,795,0,8,94188
k_proj,795,0,8,16178
v_proj,795,0,8,14987
rope,795,0,8,87145
attn,795,0,8,41841
o_proj,795,0,8,74280
post_layernorm,795,0,8,164445
gate_proj,795,0,8,252564
up_proj,795,0,8,242327
act_fn,795,0,8,27377
down_proj,795,0,8,221741
final_layernorm,795,0,8,166642
lm_head,795,0,8,543619
embedding,796,0,8,69993
input_layernorm,796,0,8,165327
q_proj,796,0,8,94574
k_proj,796,0,8,16073
v_proj,796,0,8,15046
rope,796,0,8,87567
attn,796,0,8,41734
o_proj,796,0,8,74264
post_layernorm,796,0,8,165347
gate_proj,796,0,8,252560
up_proj,796,0,8,242136
act_fn,796,0,8,27498
down_proj,796,0,8,221882
final_layernorm,796,0,8,167425
lm_head,796,0,8,543390
embedding,797,0,8,69915
input_layernorm,797,0,8,165845
q_proj,797,0,8,93648
k_proj,797,0,8,16060
v_proj,797,0,8,15017
rope,797,0,8,87450
attn,797,0,8,41677
o_proj,797,0,8,74344
post_layernorm,797,0,8,165035
gate_proj,797,0,8,252854
up_proj,797,0,8,242506
act_fn,797,0,8,27553
down_proj,797,0,8,221890
final_layernorm,797,0,8,167345
lm_head,797,0,8,543781
embedding,798,0,8,69942
input_layernorm,798,0,8,166102
q_proj,798,0,8,93608
k_proj,798,0,8,16206
v_proj,798,0,8,15061
rope,798,0,8,87593
attn,798,0,8,41781
o_proj,798,0,8,74394
post_layernorm,798,0,8,165613
gate_proj,798,0,8,252930
up_proj,798,0,8,242701
act_fn,798,0,8,27523
down_proj,798,0,8,222060
final_layernorm,798,0,8,167885
lm_head,798,0,8,544083
embedding,799,0,8,70645
input_layernorm,799,0,8,167452
q_proj,799,0,8,93718
k_proj,799,0,8,16466
v_proj,799,0,8,15328
rope,799,0,8,88607
attn,799,0,8,42303
o_proj,799,0,8,75026
post_layernorm,799,0,8,167210
gate_proj,799,0,8,256072
up_proj,799,0,8,244864
act_fn,799,0,8,27763
down_proj,799,0,8,222842
final_layernorm,799,0,8,169717
lm_head,799,0,8,545788
embedding,800,0,8,70772
input_layernorm,800,0,8,166148
q_proj,800,0,8,113452
k_proj,800,0,8,14375
v_proj,800,0,8,12913
rope,800,0,8,88037
attn,800,0,8,41800
o_proj,800,0,8,85832
post_layernorm,800,0,8,165962
gate_proj,800,0,8,267958
up_proj,800,0,8,252139
act_fn,800,0,8,28250
down_proj,800,0,8,261499
final_layernorm,800,0,8,167658
lm_head,800,0,8,545475
embedding,801,0,8,70873
input_layernorm,801,0,8,168022
q_proj,801,0,8,92694
k_proj,801,0,8,16790
v_proj,801,0,8,15839
rope,801,0,8,88813
attn,801,0,8,42454
o_proj,801,0,8,77324
post_layernorm,801,0,8,167830
gate_proj,801,0,8,264283
up_proj,801,0,8,252332
act_fn,801,0,8,27795
down_proj,801,0,8,229554
final_layernorm,801,0,8,170392
lm_head,801,0,8,555836
embedding,802,0,8,70225
input_layernorm,802,0,8,166420
q_proj,802,0,8,92278
k_proj,802,0,8,16499
v_proj,802,0,8,15592
rope,802,0,8,87647
attn,802,0,8,41746
o_proj,802,0,8,76454
post_layernorm,802,0,8,166165
gate_proj,802,0,8,260210
up_proj,802,0,8,249622
act_fn,802,0,8,27487
down_proj,802,0,8,228473
final_layernorm,802,0,8,168428
lm_head,802,0,8,554130
embedding,803,0,8,70345
input_layernorm,803,0,8,167013
q_proj,803,0,8,92754
k_proj,803,0,8,16551
v_proj,803,0,8,15766
rope,803,0,8,87597
attn,803,0,8,41828
o_proj,803,0,8,76378
post_layernorm,803,0,8,166597
gate_proj,803,0,8,260245
up_proj,803,0,8,249604
act_fn,803,0,8,27708
down_proj,803,0,8,228585
final_layernorm,803,0,8,169123
lm_head,803,0,8,554457
embedding,804,0,8,71558
input_layernorm,804,0,8,168220
q_proj,804,0,8,91158
k_proj,804,0,8,16838
v_proj,804,0,8,15688
rope,804,0,8,89430
attn,804,0,8,42433
o_proj,804,0,8,77256
post_layernorm,804,0,8,168527
gate_proj,804,0,8,264279
up_proj,804,0,8,252568
act_fn,804,0,8,27755
down_proj,804,0,8,229665
final_layernorm,804,0,8,170648
lm_head,804,0,8,556515
embedding,805,0,8,70523
input_layernorm,805,0,8,167595
q_proj,805,0,8,90548
k_proj,805,0,8,16520
v_proj,805,0,8,15772
rope,805,0,8,87677
attn,805,0,8,42009
o_proj,805,0,8,76572
post_layernorm,805,0,8,167385
gate_proj,805,0,8,261096
up_proj,805,0,8,250415
act_fn,805,0,8,27898
down_proj,805,0,8,228770
final_layernorm,805,0,8,169902
lm_head,805,0,8,555275
embedding,806,0,8,70513
input_layernorm,806,0,8,167637
q_proj,806,0,8,91586
k_proj,806,0,8,16430
v_proj,806,0,8,15603
rope,806,0,8,87913
attn,806,0,8,41909
o_proj,806,0,8,76524
post_layernorm,806,0,8,167187
gate_proj,806,0,8,260524
up_proj,806,0,8,250046
act_fn,806,0,8,27822
down_proj,806,0,8,228703
final_layernorm,806,0,8,169952
lm_head,806,0,8,555120
embedding,807,0,8,70542
input_layernorm,807,0,8,167705
q_proj,807,0,8,90564
k_proj,807,0,8,16484
v_proj,807,0,8,15727
rope,807,0,8,87943
attn,807,0,8,42066
o_proj,807,0,8,76616
post_layernorm,807,0,8,168255
gate_proj,807,0,8,261239
up_proj,807,0,8,250490
act_fn,807,0,8,27820
down_proj,807,0,8,229201
final_layernorm,807,0,8,170458
lm_head,807,0,8,555535
embedding,808,0,8,71102
input_layernorm,808,0,8,167667
q_proj,808,0,8,88278
k_proj,808,0,8,16562
v_proj,808,0,8,15604
rope,808,0,8,88847
attn,808,0,8,41947
o_proj,808,0,8,76612
post_layernorm,808,0,8,167120
gate_proj,808,0,8,260925
up_proj,808,0,8,250365
act_fn,808,0,8,27825
down_proj,808,0,8,229040
final_layernorm,808,0,8,170312
lm_head,808,0,8,556508
embedding,809,0,8,70887
input_layernorm,809,0,8,168330
q_proj,809,0,8,88186
k_proj,809,0,8,16518
v_proj,809,0,8,15636
rope,809,0,8,88265
attn,809,0,8,41817
o_proj,809,0,8,76600
post_layernorm,809,0,8,168213
gate_proj,809,0,8,261278
up_proj,809,0,8,250168
act_fn,809,0,8,28005
down_proj,809,0,8,228956
final_layernorm,809,0,8,170837
lm_head,809,0,8,555692
embedding,810,0,8,72002
input_layernorm,810,0,8,168518
q_proj,810,0,8,87674
k_proj,810,0,8,16556
v_proj,810,0,8,15585
rope,810,0,8,88628
attn,810,0,8,41725
o_proj,810,0,8,76624
post_layernorm,810,0,8,167720
gate_proj,810,0,8,261228
up_proj,810,0,8,250319
act_fn,810,0,8,28028
down_proj,810,0,8,228991
final_layernorm,810,0,8,170765
lm_head,810,0,8,555721
embedding,811,0,8,71820
input_layernorm,811,0,8,169768
q_proj,811,0,8,87716
k_proj,811,0,8,16746
v_proj,811,0,8,15773
rope,811,0,8,89408
attn,811,0,8,42336
o_proj,811,0,8,77208
post_layernorm,811,0,8,169343
gate_proj,811,0,8,263850
up_proj,811,0,8,252087
act_fn,811,0,8,28097
down_proj,811,0,8,229701
final_layernorm,811,0,8,171845
lm_head,811,0,8,556870
embedding,812,0,8,71023
input_layernorm,812,0,8,168715
q_proj,812,0,8,87626
k_proj,812,0,8,16458
v_proj,812,0,8,15581
rope,812,0,8,88978
attn,812,0,8,41740
o_proj,812,0,8,76720
post_layernorm,812,0,8,168680
gate_proj,812,0,8,261283
up_proj,812,0,8,250657
act_fn,812,0,8,27875
down_proj,812,0,8,229216
final_layernorm,812,0,8,171728
lm_head,812,0,8,555950
embedding,813,0,8,71045
input_layernorm,813,0,8,168680
q_proj,813,0,8,86590
k_proj,813,0,8,16370
v_proj,813,0,8,15692
rope,813,0,8,88282
attn,813,0,8,41757
o_proj,813,0,8,76758
post_layernorm,813,0,8,168462
gate_proj,813,0,8,261062
up_proj,813,0,8,250348
act_fn,813,0,8,27962
down_proj,813,0,8,229288
final_layernorm,813,0,8,171175
lm_head,813,0,8,555857
embedding,814,0,8,71813
input_layernorm,814,0,8,170417
q_proj,814,0,8,85534
k_proj,814,0,8,16648
v_proj,814,0,8,15649
rope,814,0,8,89585
attn,814,0,8,42341
o_proj,814,0,8,77270
post_layernorm,814,0,8,170283
gate_proj,814,0,8,264179
up_proj,814,0,8,252575
act_fn,814,0,8,28040
down_proj,814,0,8,229957
final_layernorm,814,0,8,172895
lm_head,814,0,8,557346
embedding,815,0,8,71408
input_layernorm,815,0,8,169893
q_proj,815,0,8,85614
k_proj,815,0,8,16533
v_proj,815,0,8,15756
rope,815,0,8,88878
attn,815,0,8,41880
o_proj,815,0,8,77004
post_layernorm,815,0,8,169438
gate_proj,815,0,8,262347
up_proj,815,0,8,251543
act_fn,815,0,8,27990
down_proj,815,0,8,229506
final_layernorm,815,0,8,172733
lm_head,815,0,8,556823
embedding,816,0,8,71717
input_layernorm,816,0,8,170055
q_proj,816,0,8,90608
k_proj,816,0,8,16943
v_proj,816,0,8,15661
rope,816,0,8,89327
attn,816,0,8,41930
o_proj,816,0,8,76944
post_layernorm,816,0,8,169597
gate_proj,816,0,8,262221
up_proj,816,0,8,251426
act_fn,816,0,8,28113
down_proj,816,0,8,229740
final_layernorm,816,0,8,172315
lm_head,816,0,8,556599
embedding,817,0,8,71152
input_layernorm,817,0,8,169937
q_proj,817,0,8,83408
k_proj,817,0,8,13759
v_proj,817,0,8,12524
rope,817,0,8,88287
attn,817,0,8,41979
o_proj,817,0,8,76904
post_layernorm,817,0,8,169602
gate_proj,817,0,8,261439
up_proj,817,0,8,250768
act_fn,817,0,8,28192
down_proj,817,0,8,229814
final_layernorm,817,0,8,172890
lm_head,817,0,8,579768
embedding,818,0,8,71908
input_layernorm,818,0,8,171510
q_proj,818,0,8,81956
k_proj,818,0,8,14081
v_proj,818,0,8,12818
rope,818,0,8,89880
attn,818,0,8,42471
o_proj,818,0,8,77484
post_layernorm,818,0,8,170948
gate_proj,818,0,8,264578
up_proj,818,0,8,252824
act_fn,818,0,8,28298
down_proj,818,0,8,230503
final_layernorm,818,0,8,173803
lm_head,818,0,8,581680
embedding,819,0,8,72063
input_layernorm,819,0,8,171862
q_proj,819,0,8,82574
k_proj,819,0,8,13949
v_proj,819,0,8,12780
rope,819,0,8,89570
attn,819,0,8,42513
o_proj,819,0,8,77578
post_layernorm,819,0,8,171705
gate_proj,819,0,8,264609
up_proj,819,0,8,253327
act_fn,819,0,8,28252
down_proj,819,0,8,230509
final_layernorm,819,0,8,174273
lm_head,819,0,8,581657
embedding,820,0,8,71640
input_layernorm,820,0,8,170222
q_proj,820,0,8,83510
k_proj,820,0,8,13882
v_proj,820,0,8,12578
rope,820,0,8,88753
attn,820,0,8,41899
o_proj,820,0,8,76854
post_layernorm,820,0,8,170212
gate_proj,820,0,8,260741
up_proj,820,0,8,250360
act_fn,820,0,8,27990
down_proj,820,0,8,229662
final_layernorm,820,0,8,172758
lm_head,820,0,8,579678
embedding,821,0,8,71560
input_layernorm,821,0,8,170475
q_proj,821,0,8,82512
k_proj,821,0,8,13809
v_proj,821,0,8,12504
rope,821,0,8,88233
attn,821,0,8,41769
o_proj,821,0,8,76952
post_layernorm,821,0,8,170228
gate_proj,821,0,8,260810
up_proj,821,0,8,250467
act_fn,821,0,8,28118
down_proj,821,0,8,229745
final_layernorm,821,0,8,173157
lm_head,821,0,8,579946
embedding,822,0,8,72788
input_layernorm,822,0,8,172607
q_proj,822,0,8,81006
k_proj,822,0,8,13949
v_proj,822,0,8,12823
rope,822,0,8,89790
attn,822,0,8,42290
o_proj,822,0,8,77520
post_layernorm,822,0,8,171807
gate_proj,822,0,8,264242
up_proj,822,0,8,252883
act_fn,822,0,8,28208
down_proj,822,0,8,230579
final_layernorm,822,0,8,174885
lm_head,822,0,8,582229
embedding,823,0,8,72828
input_layernorm,823,0,8,172233
q_proj,823,0,8,79060
k_proj,823,0,8,13821
v_proj,823,0,8,12684
rope,823,0,8,89400
attn,823,0,8,42179
o_proj,823,0,8,77316
post_layernorm,823,0,8,171792
gate_proj,823,0,8,263595
up_proj,823,0,8,252495
act_fn,823,0,8,28188
down_proj,823,0,8,230315
final_layernorm,823,0,8,173895
lm_head,823,0,8,581462
embedding,824,0,8,72292
input_layernorm,824,0,8,171733
q_proj,824,0,8,78386
k_proj,824,0,8,13896
v_proj,824,0,8,12712
rope,824,0,8,89400
attn,824,0,8,42116
o_proj,824,0,8,77136
post_layernorm,824,0,8,171482
gate_proj,824,0,8,262630
up_proj,824,0,8,251702
act_fn,824,0,8,28283
down_proj,824,0,8,230267
final_layernorm,824,0,8,174592
lm_head,824,0,8,581209
embedding,825,0,8,72010
input_layernorm,825,0,8,171983
q_proj,825,0,8,78426
k_proj,825,0,8,13796
v_proj,825,0,8,12540
rope,825,0,8,88318
attn,825,0,8,41768
o_proj,825,0,8,77086
post_layernorm,825,0,8,171405
gate_proj,825,0,8,261480
up_proj,825,0,8,251039
act_fn,825,0,8,28248
down_proj,825,0,8,230171
final_layernorm,825,0,8,174278
lm_head,825,0,8,581023
embedding,826,0,8,72132
input_layernorm,826,0,8,171402
q_proj,826,0,8,79132
k_proj,826,0,8,13884
v_proj,826,0,8,12623
rope,826,0,8,88672
attn,826,0,8,41986
o_proj,826,0,8,77096
post_layernorm,826,0,8,171003
gate_proj,826,0,8,261359
up_proj,826,0,8,250614
act_fn,826,0,8,28248
down_proj,826,0,8,230022
final_layernorm,826,0,8,173998
lm_head,826,0,8,580945
embedding,827,0,8,73447
input_layernorm,827,0,8,173313
q_proj,827,0,8,78092
k_proj,827,0,8,13967
v_proj,827,0,8,12795
rope,827,0,8,89457
attn,827,0,8,42424
o_proj,827,0,8,77566
post_layernorm,827,0,8,173340
gate_proj,827,0,8,264154
up_proj,827,0,8,253305
act_fn,827,0,8,28203
down_proj,827,0,8,230785
final_layernorm,827,0,8,175752
lm_head,827,0,8,582785
embedding,828,0,8,72505
input_layernorm,828,0,8,172203
q_proj,828,0,8,77920
k_proj,828,0,8,13982
v_proj,828,0,8,12627
rope,828,0,8,89268
attn,828,0,8,41978
o_proj,828,0,8,76922
post_layernorm,828,0,8,172038
gate_proj,828,0,8,261605
up_proj,828,0,8,251091
act_fn,828,0,8,28300
down_proj,828,0,8,230343
final_layernorm,828,0,8,174795
lm_head,828,0,8,581373
embedding,829,0,8,73300
input_layernorm,829,0,8,173537
q_proj,829,0,8,77446
k_proj,829,0,8,13873
v_proj,829,0,8,12673
rope,829,0,8,89495
attn,829,0,8,42373
o_proj,829,0,8,77496
post_layernorm,829,0,8,173085
gate_proj,829,0,8,264015
up_proj,829,0,8,253047
act_fn,829,0,8,28300
down_proj,829,0,8,230713
final_layernorm,829,0,8,176123
lm_head,829,0,8,582969
embedding,830,0,8,73217
input_layernorm,830,0,8,173910
q_proj,830,0,8,77676
k_proj,830,0,8,13983
v_proj,830,0,8,12796
rope,830,0,8,90128
attn,830,0,8,42419
o_proj,830,0,8,77652
post_layernorm,830,0,8,173713
gate_proj,830,0,8,264114
up_proj,830,0,8,252993
act_fn,830,0,8,28472
down_proj,830,0,8,230934
final_layernorm,830,0,8,176657
lm_head,830,0,8,583260
embedding,831,0,8,72527
input_layernorm,831,0,8,173353
q_proj,831,0,8,77870
k_proj,831,0,8,13740
v_proj,831,0,8,12569
rope,831,0,8,88615
attn,831,0,8,41933
o_proj,831,0,8,77184
post_layernorm,831,0,8,172928
gate_proj,831,0,8,261831
up_proj,831,0,8,251537
act_fn,831,0,8,28237
down_proj,831,0,8,230436
final_layernorm,831,0,8,175453
lm_head,831,0,8,581972
embedding,832,0,8,72270
input_layernorm,832,0,8,172248
q_proj,832,0,8,86818
k_proj,832,0,8,13956
v_proj,832,0,8,12935
rope,832,0,8,89383
attn,832,0,8,42004
o_proj,832,0,8,94002
post_layernorm,832,0,8,172123
gate_proj,832,0,8,267196
up_proj,832,0,8,253730
act_fn,832,0,8,29333
down_proj,832,0,8,284605
final_layernorm,832,0,8,173927
lm_head,832,0,8,670485
embedding,833,0,8,72170
input_layernorm,833,0,8,174308
q_proj,833,0,8,95700
k_proj,833,0,8,16669
v_proj,833,0,8,15240
rope,833,0,8,88892
attn,833,0,8,43374
o_proj,833,0,8,80526
post_layernorm,833,0,8,174080
gate_proj,833,0,8,267447
up_proj,833,0,8,254139
act_fn,833,0,8,29382
down_proj,833,0,8,245501
final_layernorm,833,0,8,176020
lm_head,833,0,8,582653
embedding,834,0,8,71993
input_layernorm,834,0,8,174213
q_proj,834,0,8,96616
k_proj,834,0,8,16749
v_proj,834,0,8,15268
rope,834,0,8,88923
attn,834,0,8,43331
o_proj,834,0,8,80270
post_layernorm,834,0,8,173902
gate_proj,834,0,8,266775
up_proj,834,0,8,253923
act_fn,834,0,8,29488
down_proj,834,0,8,245483
final_layernorm,834,0,8,176445
lm_head,834,0,8,582518
embedding,835,0,8,72942
input_layernorm,835,0,8,174907
q_proj,835,0,8,96234
k_proj,835,0,8,16728
v_proj,835,0,8,15176
rope,835,0,8,89168
attn,835,0,8,43639
o_proj,835,0,8,80446
post_layernorm,835,0,8,175212
gate_proj,835,0,8,267074
up_proj,835,0,8,254026
act_fn,835,0,8,29455
down_proj,835,0,8,245589
final_layernorm,835,0,8,177080
lm_head,835,0,8,582964
embedding,836,0,8,72967
input_layernorm,836,0,8,175078
q_proj,836,0,8,95160
k_proj,836,0,8,16721
v_proj,836,0,8,15187
rope,836,0,8,89618
attn,836,0,8,43263
o_proj,836,0,8,80302
post_layernorm,836,0,8,175097
gate_proj,836,0,8,266515
up_proj,836,0,8,254102
act_fn,836,0,8,29420
down_proj,836,0,8,245704
final_layernorm,836,0,8,177563
lm_head,836,0,8,582294
embedding,837,0,8,72760
input_layernorm,837,0,8,175440
q_proj,837,0,8,94834
k_proj,837,0,8,16683
v_proj,837,0,8,15152
rope,837,0,8,89020
attn,837,0,8,43442
o_proj,837,0,8,80398
post_layernorm,837,0,8,174975
gate_proj,837,0,8,267020
up_proj,837,0,8,253987
act_fn,837,0,8,29587
down_proj,837,0,8,245914
final_layernorm,837,0,8,177383
lm_head,837,0,8,582670
embedding,838,0,8,75047
input_layernorm,838,0,8,176953
q_proj,838,0,8,95018
k_proj,838,0,8,17007
v_proj,838,0,8,15449
rope,838,0,8,90785
attn,838,0,8,44109
o_proj,838,0,8,81138
post_layernorm,838,0,8,176757
gate_proj,838,0,8,269479
up_proj,838,0,8,254748
act_fn,838,0,8,29505
down_proj,838,0,8,245869
final_layernorm,838,0,8,179023
lm_head,838,0,8,584424
embedding,839,0,8,75058
input_layernorm,839,0,8,177648
q_proj,839,0,8,94940
k_proj,839,0,8,16967
v_proj,839,0,8,15417
rope,839,0,8,90645
attn,839,0,8,44050
o_proj,839,0,8,81046
post_layernorm,839,0,8,177242
gate_proj,839,0,8,269839
up_proj,839,0,8,254716
act_fn,839,0,8,29582
down_proj,839,0,8,246252
final_layernorm,839,0,8,179457
lm_head,839,0,8,585225
embedding,840,0,8,73872
input_layernorm,840,0,8,175860
q_proj,840,0,8,84020
k_proj,840,0,8,16278
v_proj,840,0,8,15178
rope,840,0,8,90210
attn,840,0,8,43440
o_proj,840,0,8,80444
post_layernorm,840,0,8,175102
gate_proj,840,0,8,266966
up_proj,840,0,8,254265
act_fn,840,0,8,29663
down_proj,840,0,8,245895
final_layernorm,840,0,8,177838
lm_head,840,0,8,583391
embedding,841,0,8,74070
input_layernorm,841,0,8,176852
q_proj,841,0,8,102884
k_proj,841,0,8,16749
v_proj,841,0,8,15344
rope,841,0,8,89968
attn,841,0,8,43630
o_proj,841,0,8,80550
post_layernorm,841,0,8,176858
gate_proj,841,0,8,267217
up_proj,841,0,8,254083
act_fn,841,0,8,29805
down_proj,841,0,8,246207
final_layernorm,841,0,8,178890
lm_head,841,0,8,583558
embedding,842,0,8,74643
input_layernorm,842,0,8,177950
q_proj,842,0,8,101630
k_proj,842,0,8,17090
v_proj,842,0,8,15653
rope,842,0,8,91157
attn,842,0,8,44035
o_proj,842,0,8,81086
post_layernorm,842,0,8,177802
gate_proj,842,0,8,269735
up_proj,842,0,8,255134
act_fn,842,0,8,29650
down_proj,842,0,8,246318
final_layernorm,842,0,8,179673
lm_head,842,0,8,585209
embedding,843,0,8,74225
input_layernorm,843,0,8,177015
q_proj,843,0,8,103700
k_proj,843,0,8,16603
v_proj,843,0,8,15346
rope,843,0,8,90080
attn,843,0,8,43661
o_proj,843,0,8,80624
post_layernorm,843,0,8,176668
gate_proj,843,0,8,267373
up_proj,843,0,8,254521
act_fn,843,0,8,29730
down_proj,843,0,8,246142
final_layernorm,843,0,8,179032
lm_head,843,0,8,583727
embedding,844,0,8,73572
input_layernorm,844,0,8,177103
q_proj,844,0,8,109610
k_proj,844,0,8,16652
v_proj,844,0,8,15260
rope,844,0,8,90507
attn,844,0,8,43452
o_proj,844,0,8,80430
post_layernorm,844,0,8,176882
gate_proj,844,0,8,266725
up_proj,844,0,8,254612
act_fn,844,0,8,29795
down_proj,844,0,8,246114
final_layernorm,844,0,8,179857
lm_head,844,0,8,583429
embedding,845,0,8,74072
input_layernorm,845,0,8,178097
q_proj,845,0,8,103316
k_proj,845,0,8,16930
v_proj,845,0,8,15427
rope,845,0,8,90228
attn,845,0,8,43630
o_proj,845,0,8,80628
post_layernorm,845,0,8,177180
gate_proj,845,0,8,267390
up_proj,845,0,8,254559
act_fn,845,0,8,29772
down_proj,845,0,8,246216
final_layernorm,845,0,8,179820
lm_head,845,0,8,584474
embedding,846,0,8,74977
input_layernorm,846,0,8,179215
q_proj,846,0,8,104772
k_proj,846,0,8,17149
v_proj,846,0,8,15624
rope,846,0,8,91495
attn,846,0,8,44183
o_proj,846,0,8,81022
post_layernorm,846,0,8,178842
gate_proj,846,0,8,269718
up_proj,846,0,8,255021
act_fn,846,0,8,29805
down_proj,846,0,8,246744
final_layernorm,846,0,8,180997
lm_head,846,0,8,585952
embedding,847,0,8,73762
input_layernorm,847,0,8,178557
q_proj,847,0,8,103348
k_proj,847,0,8,16868
v_proj,847,0,8,15323
rope,847,0,8,90162
attn,847,0,8,43489
o_proj,847,0,8,80666
post_layernorm,847,0,8,177610
gate_proj,847,0,8,268056
up_proj,847,0,8,254817
act_fn,847,0,8,29882
down_proj,847,0,8,246434
final_layernorm,847,0,8,180172
lm_head,847,0,8,584937
embedding,848,0,8,73427
input_layernorm,848,0,8,177590
q_proj,848,0,8,100428
k_proj,848,0,8,16669
v_proj,848,0,8,15306
rope,848,0,8,90503
attn,848,0,8,43419
o_proj,848,0,8,80612
post_layernorm,848,0,8,176980
gate_proj,848,0,8,267052
up_proj,848,0,8,254878
act_fn,848,0,8,29827
down_proj,848,0,8,246764
final_layernorm,848,0,8,179548
lm_head,848,0,8,584360
embedding,849,0,8,73982
input_layernorm,849,0,8,179108
q_proj,849,0,8,104574
k_proj,849,0,8,16758
v_proj,849,0,8,15371
rope,849,0,8,90210
attn,849,0,8,43572
o_proj,849,0,8,80704
post_layernorm,849,0,8,178367
gate_proj,849,0,8,267629
up_proj,849,0,8,254949
act_fn,849,0,8,29903
down_proj,849,0,8,246835
final_layernorm,849,0,8,180872
lm_head,849,0,8,584906
embedding,850,0,8,74790
input_layernorm,850,0,8,180652
q_proj,850,0,8,104120
k_proj,850,0,8,17113
v_proj,850,0,8,15652
rope,850,0,8,91458
attn,850,0,8,43969
o_proj,850,0,8,81194
post_layernorm,850,0,8,180080
gate_proj,850,0,8,269531
up_proj,850,0,8,255472
act_fn,850,0,8,30038
down_proj,850,0,8,247059
final_layernorm,850,0,8,182145
lm_head,850,0,8,586484
embedding,851,0,8,74180
input_layernorm,851,0,8,179685
q_proj,851,0,8,108174
k_proj,851,0,8,16840
v_proj,851,0,8,15331
rope,851,0,8,90307
attn,851,0,8,43670
o_proj,851,0,8,80710
post_layernorm,851,0,8,178573
gate_proj,851,0,8,267451
up_proj,851,0,8,254798
act_fn,851,0,8,30042
down_proj,851,0,8,247020
final_layernorm,851,0,8,181272
lm_head,851,0,8,585368
embedding,852,0,8,73877
input_layernorm,852,0,8,179387
q_proj,852,0,8,104066
k_proj,852,0,8,16974
v_proj,852,0,8,15380
rope,852,0,8,90797
attn,852,0,8,43431
o_proj,852,0,8,80794
post_layernorm,852,0,8,179207
gate_proj,852,0,8,267694
up_proj,852,0,8,255066
act_fn,852,0,8,29995
down_proj,852,0,8,246799
final_layernorm,852,0,8,181570
lm_head,852,0,8,585349
embedding,853,0,8,74527
input_layernorm,853,0,8,180237
q_proj,853,0,8,106446
k_proj,853,0,8,16871
v_proj,853,0,8,15371
rope,853,0,8,90412
attn,853,0,8,43607
o_proj,853,0,8,80772
post_layernorm,853,0,8,179328
gate_proj,853,0,8,267375
up_proj,853,0,8,254978
act_fn,853,0,8,30092
down_proj,853,0,8,247266
final_layernorm,853,0,8,181920
lm_head,853,0,8,585600
embedding,854,0,8,75647
input_layernorm,854,0,8,181388
q_proj,854,0,8,105894
k_proj,854,0,8,17238
v_proj,854,0,8,15639
rope,854,0,8,91603
attn,854,0,8,44123
o_proj,854,0,8,81240
post_layernorm,854,0,8,180702
gate_proj,854,0,8,269661
up_proj,854,0,8,255586
act_fn,854,0,8,30122
down_proj,854,0,8,247275
final_layernorm,854,0,8,182507
lm_head,854,0,8,587174
embedding,855,0,8,75175
input_layernorm,855,0,8,180722
q_proj,855,0,8,104542
k_proj,855,0,8,16741
v_proj,855,0,8,15367
rope,855,0,8,90397
attn,855,0,8,43571
o_proj,855,0,8,80908
post_layernorm,855,0,8,179783
gate_proj,855,0,8,268149
up_proj,855,0,8,255238
act_fn,855,0,8,30187
down_proj,855,0,8,247362
final_layernorm,855,0,8,181940
lm_head,855,0,8,585863
embedding,856,0,8,75492
input_layernorm,856,0,8,180562
q_proj,856,0,8,103782
k_proj,856,0,8,16750
v_proj,856,0,8,15399
rope,856,0,8,91097
attn,856,0,8,43698
o_proj,856,0,8,80890
post_layernorm,856,0,8,179987
gate_proj,856,0,8,268014
up_proj,856,0,8,255129
act_fn,856,0,8,30278
down_proj,856,0,8,247505
final_layernorm,856,0,8,182270
lm_head,856,0,8,586125
embedding,857,0,8,75002
input_layernorm,857,0,8,180965
q_proj,857,0,8,108726
k_proj,857,0,8,16905
v_proj,857,0,8,15312
rope,857,0,8,90623
attn,857,0,8,43712
o_proj,857,0,8,80844
post_layernorm,857,0,8,180168
gate_proj,857,0,8,267705
up_proj,857,0,8,255131
act_fn,857,0,8,30263
down_proj,857,0,8,247511
final_layernorm,857,0,8,182308
lm_head,857,0,8,586066
embedding,858,0,8,75837
input_layernorm,858,0,8,182082
q_proj,858,0,8,104450
k_proj,858,0,8,16927
v_proj,858,0,8,15590
rope,858,0,8,91482
attn,858,0,8,44041
o_proj,858,0,8,81234
post_layernorm,858,0,8,180983
gate_proj,858,0,8,269000
up_proj,858,0,8,255901
act_fn,858,0,8,30285
down_proj,858,0,8,247721
final_layernorm,858,0,8,183407
lm_head,858,0,8,587284
embedding,859,0,8,76210
input_layernorm,859,0,8,182428
q_proj,859,0,8,106842
k_proj,859,0,8,16882
v_proj,859,0,8,15488
rope,859,0,8,91213
attn,859,0,8,43973
o_proj,859,0,8,81194
post_layernorm,859,0,8,181200
gate_proj,859,0,8,269122
up_proj,859,0,8,255472
act_fn,859,0,8,30307
down_proj,859,0,8,247405
final_layernorm,859,0,8,183592
lm_head,859,0,8,587315
embedding,860,0,8,75448
input_layernorm,860,0,8,182145
q_proj,860,0,8,105498
k_proj,860,0,8,16801
v_proj,860,0,8,15459
rope,860,0,8,91422
attn,860,0,8,43944
o_proj,860,0,8,80950
post_layernorm,860,0,8,181630
gate_proj,860,0,8,268756
up_proj,860,0,8,255825
act_fn,860,0,8,30383
down_proj,860,0,8,247433
final_layernorm,860,0,8,183285
lm_head,860,0,8,587130
embedding,861,0,8,75145
input_layernorm,861,0,8,181552
q_proj,861,0,8,103402
k_proj,861,0,8,16653
v_proj,861,0,8,15356
rope,861,0,8,90608
attn,861,0,8,43631
o_proj,861,0,8,80976
post_layernorm,861,0,8,180972
gate_proj,861,0,8,267397
up_proj,861,0,8,255586
act_fn,861,0,8,30352
down_proj,861,0,8,247663
final_layernorm,861,0,8,183203
lm_head,861,0,8,586654
embedding,862,0,8,75610
input_layernorm,862,0,8,182018
q_proj,862,0,8,104438
k_proj,862,0,8,16546
v_proj,862,0,8,15396
rope,862,0,8,90785
attn,862,0,8,43757
o_proj,862,0,8,80892
post_layernorm,862,0,8,181490
gate_proj,862,0,8,267653
up_proj,862,0,8,255411
act_fn,862,0,8,30417
down_proj,862,0,8,248099
final_layernorm,862,0,8,183300
lm_head,862,0,8,586607
embedding,863,0,8,75982
input_layernorm,863,0,8,183143
q_proj,863,0,8,105628
k_proj,863,0,8,16854
v_proj,863,0,8,15352
rope,863,0,8,91055
attn,863,0,8,43899
o_proj,863,0,8,80898
post_layernorm,863,0,8,181463
gate_proj,863,0,8,267742
up_proj,863,0,8,255589
act_fn,863,0,8,30412
down_proj,863,0,8,248150
final_layernorm,863,0,8,183460
lm_head,863,0,8,586477
embedding,864,0,8,75378
input_layernorm,864,0,8,182762
q_proj,864,0,8,99446
k_proj,864,0,8,16708
v_proj,864,0,8,14539
rope,864,0,8,91868
attn,864,0,8,43911
o_proj,864,0,8,82132
post_layernorm,864,0,8,182433
gate_proj,864,0,8,269193
up_proj,864,0,8,256050
act_fn,864,0,8,30433
down_proj,864,0,8,249375
final_layernorm,864,0,8,183248
lm_head,864,0,8,586990
embedding,865,0,8,76308
input_layernorm,865,0,8,184523
q_proj,865,0,8,95472
k_proj,865,0,8,16737
v_proj,865,0,8,15366
rope,865,0,8,91947
attn,865,0,8,44342
o_proj,865,0,8,82510
post_layernorm,865,0,8,183678
gate_proj,865,0,8,266611
up_proj,865,0,8,262942
act_fn,865,0,8,30418
down_proj,865,0,8,247719
final_layernorm,865,0,8,184975
lm_head,865,0,8,611121
embedding,866,0,8,75490
input_layernorm,866,0,8,183555
q_proj,866,0,8,94236
k_proj,866,0,8,16422
v_proj,866,0,8,15104
rope,866,0,8,91230
attn,866,0,8,43636
o_proj,866,0,8,81816
post_layernorm,866,0,8,182360
gate_proj,866,0,8,268964
up_proj,866,0,8,258867
act_fn,866,0,8,30365
down_proj,866,0,8,246903
final_layernorm,866,0,8,183348
lm_head,866,0,8,609861
embedding,867,0,8,75383
input_layernorm,867,0,8,184598
q_proj,867,0,8,94544
k_proj,867,0,8,16613
v_proj,867,0,8,15223
rope,867,0,8,91853
attn,867,0,8,44023
o_proj,867,0,8,82026
post_layernorm,867,0,8,183783
gate_proj,867,0,8,270621
up_proj,867,0,8,261865
act_fn,867,0,8,30388
down_proj,867,0,8,247256
final_layernorm,867,0,8,184375
lm_head,867,0,8,610618
embedding,868,0,8,76740
input_layernorm,868,0,8,186053
q_proj,868,0,8,93340
k_proj,868,0,8,16575
v_proj,868,0,8,15346
rope,868,0,8,92650
attn,868,0,8,44167
o_proj,868,0,8,82362
post_layernorm,868,0,8,185048
gate_proj,868,0,8,265746
up_proj,868,0,8,256158
act_fn,868,0,8,30575
down_proj,868,0,8,247897
final_layernorm,868,0,8,185142
lm_head,868,0,8,611325
embedding,869,0,8,75902
input_layernorm,869,0,8,184178
q_proj,869,0,8,94260
k_proj,869,0,8,16403
v_proj,869,0,8,15083
rope,869,0,8,91243
attn,869,0,8,43788
o_proj,869,0,8,81874
post_layernorm,869,0,8,183800
gate_proj,869,0,8,264725
up_proj,869,0,8,257248
act_fn,869,0,8,30413
down_proj,869,0,8,247188
final_layernorm,869,0,8,184260
lm_head,869,0,8,610780
embedding,870,0,8,76338
input_layernorm,870,0,8,184795
q_proj,870,0,8,93752
k_proj,870,0,8,16388
v_proj,870,0,8,15051
rope,870,0,8,91092
attn,870,0,8,43811
o_proj,870,0,8,81830
post_layernorm,870,0,8,184197
gate_proj,870,0,8,263285
up_proj,870,0,8,259008
act_fn,870,0,8,30645
down_proj,870,0,8,247405
final_layernorm,870,0,8,184617
lm_head,870,0,8,610268
embedding,871,0,8,76662
input_layernorm,871,0,8,185277
q_proj,871,0,8,92508
k_proj,871,0,8,16447
v_proj,871,0,8,14940
rope,871,0,8,90903
attn,871,0,8,43500
o_proj,871,0,8,81748
post_layernorm,871,0,8,184260
gate_proj,871,0,8,262463
up_proj,871,0,8,257913
act_fn,871,0,8,30607
down_proj,871,0,8,247232
final_layernorm,871,0,8,184943
lm_head,871,0,8,610013
embedding,872,0,8,77033
input_layernorm,872,0,8,186233
q_proj,872,0,8,88836
k_proj,872,0,8,16531
v_proj,872,0,8,15403
rope,872,0,8,92730
attn,872,0,8,44358
o_proj,872,0,8,82474
post_layernorm,872,0,8,185637
gate_proj,872,0,8,262477
up_proj,872,0,8,256351
act_fn,872,0,8,30653
down_proj,872,0,8,248356
final_layernorm,872,0,8,185592
lm_head,872,0,8,611994
embedding,873,0,8,77708
input_layernorm,873,0,8,186908
q_proj,873,0,8,90786
k_proj,873,0,8,16401
v_proj,873,0,8,15324
rope,873,0,8,92480
attn,873,0,8,44409
o_proj,873,0,8,82498
post_layernorm,873,0,8,186310
gate_proj,873,0,8,263560
up_proj,873,0,8,259213
act_fn,873,0,8,30718
down_proj,873,0,8,248125
final_layernorm,873,0,8,186765
lm_head,873,0,8,612287
embedding,874,0,8,76152
input_layernorm,874,0,8,185663
q_proj,874,0,8,90670
k_proj,874,0,8,16170
v_proj,874,0,8,14971
rope,874,0,8,91093
attn,874,0,8,43784
o_proj,874,0,8,81810
post_layernorm,874,0,8,184733
gate_proj,874,0,8,261105
up_proj,874,0,8,256471
act_fn,874,0,8,30615
down_proj,874,0,8,247747
final_layernorm,874,0,8,185265
lm_head,874,0,8,610758
embedding,875,0,8,77938
input_layernorm,875,0,8,187330
q_proj,875,0,8,87818
k_proj,875,0,8,16455
v_proj,875,0,8,15383
rope,875,0,8,92482
attn,875,0,8,44358
o_proj,875,0,8,82674
post_layernorm,875,0,8,186707
gate_proj,875,0,8,261878
up_proj,875,0,8,257491
act_fn,875,0,8,30882
down_proj,875,0,8,248751
final_layernorm,875,0,8,186897
lm_head,875,0,8,612629
embedding,876,0,8,76683
input_layernorm,876,0,8,186152
q_proj,876,0,8,89086
k_proj,876,0,8,16174
v_proj,876,0,8,15016
rope,876,0,8,91355
attn,876,0,8,43858
o_proj,876,0,8,81876
post_layernorm,876,0,8,185448
gate_proj,876,0,8,257651
up_proj,876,0,8,257797
act_fn,876,0,8,30735
down_proj,876,0,8,247856
final_layernorm,876,0,8,186090
lm_head,876,0,8,611047
embedding,877,0,8,76815
input_layernorm,877,0,8,186955
q_proj,877,0,8,88194
k_proj,877,0,8,16079
v_proj,877,0,8,15113
rope,877,0,8,91385
attn,877,0,8,43788
o_proj,877,0,8,82090
post_layernorm,877,0,8,185817
gate_proj,877,0,8,265737
up_proj,877,0,8,254410
act_fn,877,0,8,30673
down_proj,877,0,8,248322
final_layernorm,877,0,8,186540
lm_head,877,0,8,611646
embedding,878,0,8,77805
input_layernorm,878,0,8,188042
q_proj,878,0,8,87786
k_proj,878,0,8,16537
v_proj,878,0,8,15297
rope,878,0,8,92573
attn,878,0,8,44399
o_proj,878,0,8,82502
post_layernorm,878,0,8,187547
gate_proj,878,0,8,261120
up_proj,878,0,8,254871
act_fn,878,0,8,30943
down_proj,878,0,8,248915
final_layernorm,878,0,8,188433
lm_head,878,0,8,612917
embedding,879,0,8,76770
input_layernorm,879,0,8,186720
q_proj,879,0,8,87120
k_proj,879,0,8,16284
v_proj,879,0,8,15043
rope,879,0,8,91428
attn,879,0,8,43960
o_proj,879,0,8,82094
post_layernorm,879,0,8,186847
gate_proj,879,0,8,261525
up_proj,879,0,8,255179
act_fn,879,0,8,30850
down_proj,879,0,8,248759
final_layernorm,879,0,8,188045
lm_head,879,0,8,611818
embedding,880,0,8,76347
input_layernorm,880,0,8,186167
q_proj,880,0,8,87348
k_proj,880,0,8,14175
v_proj,880,0,8,12776
rope,880,0,8,91523
attn,880,0,8,43786
o_proj,880,0,8,81976
post_layernorm,880,0,8,186067
gate_proj,880,0,8,255671
up_proj,880,0,8,255389
act_fn,880,0,8,31085
down_proj,880,0,8,248339
final_layernorm,880,0,8,187237
lm_head,880,0,8,625840
embedding,881,0,8,77417
input_layernorm,881,0,8,189115
q_proj,881,0,8,83474
k_proj,881,0,8,16164
v_proj,881,0,8,15437
rope,881,0,8,92470
attn,881,0,8,44292
o_proj,881,0,8,82676
post_layernorm,881,0,8,188890
gate_proj,881,0,8,261515
up_proj,881,0,8,253485
act_fn,881,0,8,30990
down_proj,881,0,8,249093
final_layernorm,881,0,8,189243
lm_head,881,0,8,612936
embedding,882,0,8,78095
input_layernorm,882,0,8,189742
q_proj,882,0,8,82242
k_proj,882,0,8,15879
v_proj,882,0,8,15313
rope,882,0,8,92830
attn,882,0,8,44566
o_proj,882,0,8,82854
post_layernorm,882,0,8,189013
gate_proj,882,0,8,260267
up_proj,882,0,8,251225
act_fn,882,0,8,31160
down_proj,882,0,8,249750
final_layernorm,882,0,8,190067
lm_head,882,0,8,614227
embedding,883,0,8,76980
input_layernorm,883,0,8,188650
q_proj,883,0,8,85298
k_proj,883,0,8,15972
v_proj,883,0,8,15332
rope,883,0,8,91815
attn,883,0,8,44068
o_proj,883,0,8,82270
post_layernorm,883,0,8,187763
gate_proj,883,0,8,261668
up_proj,883,0,8,255638
act_fn,883,0,8,30883
down_proj,883,0,8,248788
final_layernorm,883,0,8,188913
lm_head,883,0,8,612601
embedding,884,0,8,77560
input_layernorm,884,0,8,189378
q_proj,884,0,8,82748
k_proj,884,0,8,15872
v_proj,884,0,8,15337
rope,884,0,8,92257
attn,884,0,8,43921
o_proj,884,0,8,82408
post_layernorm,884,0,8,188878
gate_proj,884,0,8,256367
up_proj,884,0,8,252165
act_fn,884,0,8,31215
down_proj,884,0,8,249706
final_layernorm,884,0,8,189462
lm_head,884,0,8,613342
embedding,885,0,8,78205
input_layernorm,885,0,8,190553
q_proj,885,0,8,82882
k_proj,885,0,8,16154
v_proj,885,0,8,15132
rope,885,0,8,92758
attn,885,0,8,44357
o_proj,885,0,8,82970
post_layernorm,885,0,8,190133
gate_proj,885,0,8,262808
up_proj,885,0,8,254020
act_fn,885,0,8,31153
down_proj,885,0,8,249594
final_layernorm,885,0,8,190927
lm_head,885,0,8,614244
embedding,886,0,8,77258
input_layernorm,886,0,8,189045
q_proj,886,0,8,82500
k_proj,886,0,8,15752
v_proj,886,0,8,15163
rope,886,0,8,91380
attn,886,0,8,43838
o_proj,886,0,8,82236
post_layernorm,886,0,8,187962
gate_proj,886,0,8,256080
up_proj,886,0,8,254029
act_fn,886,0,8,31178
down_proj,886,0,8,249193
final_layernorm,886,0,8,189517
lm_head,886,0,8,612443
embedding,887,0,8,78297
input_layernorm,887,0,8,190677
q_proj,887,0,8,82294
k_proj,887,0,8,15882
v_proj,887,0,8,15047
rope,887,0,8,92335
attn,887,0,8,44217
o_proj,887,0,8,82606
post_layernorm,887,0,8,189600
gate_proj,887,0,8,261159
up_proj,887,0,8,253420
act_fn,887,0,8,31317
down_proj,887,0,8,249403
final_layernorm,887,0,8,190428
lm_head,887,0,8,613868
embedding,888,0,8,78070
input_layernorm,888,0,8,188367
q_proj,888,0,8,82826
k_proj,888,0,8,15418
v_proj,888,0,8,14790
rope,888,0,8,91652
attn,888,0,8,43765
o_proj,888,0,8,82160
post_layernorm,888,0,8,188245
gate_proj,888,0,8,255829
up_proj,888,0,8,251760
act_fn,888,0,8,31228
down_proj,888,0,8,249587
final_layernorm,888,0,8,189620
lm_head,888,0,8,612988
embedding,889,0,8,78202
input_layernorm,889,0,8,189937
q_proj,889,0,8,81976
k_proj,889,0,8,15729
v_proj,889,0,8,14811
rope,889,0,8,91405
attn,889,0,8,43698
o_proj,889,0,8,82334
post_layernorm,889,0,8,189418
gate_proj,889,0,8,257955
up_proj,889,0,8,253398
act_fn,889,0,8,31180
down_proj,889,0,8,249440
final_layernorm,889,0,8,190932
lm_head,889,0,8,613478
embedding,890,0,8,78037
input_layernorm,890,0,8,190538
q_proj,890,0,8,82568
k_proj,890,0,8,15462
v_proj,890,0,8,15171
rope,890,0,8,91665
attn,890,0,8,43968
o_proj,890,0,8,82364
post_layernorm,890,0,8,189557
gate_proj,890,0,8,256369
up_proj,890,0,8,250562
act_fn,890,0,8,31265
down_proj,890,0,8,249932
final_layernorm,890,0,8,190755
lm_head,890,0,8,613910
embedding,891,0,8,78383
input_layernorm,891,0,8,190277
q_proj,891,0,8,81784
k_proj,891,0,8,15600
v_proj,891,0,8,14771
rope,891,0,8,91552
attn,891,0,8,43795
o_proj,891,0,8,82288
post_layernorm,891,0,8,189628
gate_proj,891,0,8,259006
up_proj,891,0,8,252458
act_fn,891,0,8,31353
down_proj,891,0,8,249717
final_layernorm,891,0,8,191300
lm_head,891,0,8,613549
embedding,892,0,8,77628
input_layernorm,892,0,8,190553
q_proj,892,0,8,82080
k_proj,892,0,8,15315
v_proj,892,0,8,15142
rope,892,0,8,91750
attn,892,0,8,43999
o_proj,892,0,8,82224
post_layernorm,892,0,8,189647
gate_proj,892,0,8,255597
up_proj,892,0,8,252098
act_fn,892,0,8,31387
down_proj,892,0,8,249871
final_layernorm,892,0,8,191435
lm_head,892,0,8,613750
embedding,893,0,8,78645
input_layernorm,893,0,8,191622
q_proj,893,0,8,82092
k_proj,893,0,8,15518
v_proj,893,0,8,14621
rope,893,0,8,91852
attn,893,0,8,43941
o_proj,893,0,8,82406
post_layernorm,893,0,8,190690
gate_proj,893,0,8,259476
up_proj,893,0,8,251492
act_fn,893,0,8,31395
down_proj,893,0,8,249996
final_layernorm,893,0,8,192702
lm_head,893,0,8,614738
embedding,894,0,8,77912
input_layernorm,894,0,8,190573
q_proj,894,0,8,82510
k_proj,894,0,8,15160
v_proj,894,0,8,14826
rope,894,0,8,91478
attn,894,0,8,43948
o_proj,894,0,8,82320
post_layernorm,894,0,8,189878
gate_proj,894,0,8,254741
up_proj,894,0,8,250755
act_fn,894,0,8,31425
down_proj,894,0,8,250140
final_layernorm,894,0,8,191958
lm_head,894,0,8,613914
embedding,895,0,8,78387
input_layernorm,895,0,8,191567
q_proj,895,0,8,81538
k_proj,895,0,8,15243
v_proj,895,0,8,14617
rope,895,0,8,91600
attn,895,0,8,43946
o_proj,895,0,8,82446
post_layernorm,895,0,8,191157
gate_proj,895,0,8,260124
up_proj,895,0,8,251569
act_fn,895,0,8,31538
down_proj,895,0,8,250096
final_layernorm,895,0,8,192310
lm_head,895,0,8,614464
embedding,896,0,8,78067
input_layernorm,896,0,8,190845
q_proj,896,0,8,87802
k_proj,896,0,8,14018
v_proj,896,0,8,12861
rope,896,0,8,92020
attn,896,0,8,30739
o_proj,896,0,8,93146
post_layernorm,896,0,8,190608
gate_proj,896,0,8,256250
up_proj,896,0,8,250075
act_fn,896,0,8,31485
down_proj,896,0,8,283692
final_layernorm,896,0,8,191332
lm_head,896,0,8,665122
embedding,897,0,8,79312
input_layernorm,897,0,8,192760
q_proj,897,0,8,102000
k_proj,897,0,8,17107
v_proj,897,0,8,15320
rope,897,0,8,92792
attn,897,0,8,46032
o_proj,897,0,8,85268
post_layernorm,897,0,8,192765
gate_proj,897,0,8,284962
up_proj,897,0,8,270209
act_fn,897,0,8,31633
down_proj,897,0,8,257225
final_layernorm,897,0,8,193307
lm_head,897,0,8,616469
embedding,898,0,8,79500
input_layernorm,898,0,8,192532
q_proj,898,0,8,101994
k_proj,898,0,8,17437
v_proj,898,0,8,15286
rope,898,0,8,92738
attn,898,0,8,46017
o_proj,898,0,8,85224
post_layernorm,898,0,8,192548
gate_proj,898,0,8,284104
up_proj,898,0,8,270474
act_fn,898,0,8,31417
down_proj,898,0,8,257422
final_layernorm,898,0,8,193463
lm_head,898,0,8,616213
embedding,899,0,8,78798
input_layernorm,899,0,8,191885
q_proj,899,0,8,102070
k_proj,899,0,8,16988
v_proj,899,0,8,15080
rope,899,0,8,91835
attn,899,0,8,45406
o_proj,899,0,8,84772
post_layernorm,899,0,8,191640
gate_proj,899,0,8,282462
up_proj,899,0,8,270101
act_fn,899,0,8,31327
down_proj,899,0,8,257407
final_layernorm,899,0,8,192775
lm_head,899,0,8,615340
embedding,900,0,8,78863
input_layernorm,900,0,8,192450
q_proj,900,0,8,101528
k_proj,900,0,8,17011
v_proj,900,0,8,15059
rope,900,0,8,92292
attn,900,0,8,45465
o_proj,900,0,8,84822
post_layernorm,900,0,8,192293
gate_proj,900,0,8,282522
up_proj,900,0,8,270029
act_fn,900,0,8,31520
down_proj,900,0,8,257599
final_layernorm,900,0,8,193225
lm_head,900,0,8,615443
embedding,901,0,8,78262
input_layernorm,901,0,8,192015
q_proj,901,0,8,102248
k_proj,901,0,8,17067
v_proj,901,0,8,14985
rope,901,0,8,91355
attn,901,0,8,45595
o_proj,901,0,8,84650
post_layernorm,901,0,8,191663
gate_proj,901,0,8,281849
up_proj,901,0,8,269978
act_fn,901,0,8,31607
down_proj,901,0,8,257433
final_layernorm,901,0,8,193040
lm_head,901,0,8,614928
embedding,902,0,8,79868
input_layernorm,902,0,8,193707
q_proj,902,0,8,100662
k_proj,902,0,8,17583
v_proj,902,0,8,15313
rope,902,0,8,92883
attn,902,0,8,45947
o_proj,902,0,8,85366
post_layernorm,902,0,8,193930
gate_proj,902,0,8,284763
up_proj,902,0,8,270576
act_fn,902,0,8,31750
down_proj,902,0,8,257396
final_layernorm,902,0,8,194612
lm_head,902,0,8,617030
embedding,903,0,8,79410
input_layernorm,903,0,8,192818
q_proj,903,0,8,101476
k_proj,903,0,8,17098
v_proj,903,0,8,15076
rope,903,0,8,91948
attn,903,0,8,45700
o_proj,903,0,8,84940
post_layernorm,903,0,8,193025
gate_proj,903,0,8,282861
up_proj,903,0,8,270107
act_fn,903,0,8,31670
down_proj,903,0,8,257628
final_layernorm,903,0,8,193547
lm_head,903,0,8,616183
embedding,904,0,8,78862
input_layernorm,904,0,8,193042
q_proj,904,0,8,100038
k_proj,904,0,8,17309
v_proj,904,0,8,15369
rope,904,0,8,92222
attn,904,0,8,45426
o_proj,904,0,8,84888
post_layernorm,904,0,8,192702
gate_proj,904,0,8,282494
up_proj,904,0,8,270625
act_fn,904,0,8,31598
down_proj,904,0,8,257892
final_layernorm,904,0,8,193400
lm_head,904,0,8,616000
embedding,905,0,8,79227
input_layernorm,905,0,8,193057
q_proj,905,0,8,99416
k_proj,905,0,8,16793
v_proj,905,0,8,15025
rope,905,0,8,91647
attn,905,0,8,45414
o_proj,905,0,8,84862
post_layernorm,905,0,8,192723
gate_proj,905,0,8,282284
up_proj,905,0,8,270699
act_fn,905,0,8,31677
down_proj,905,0,8,258161
final_layernorm,905,0,8,194005
lm_head,905,0,8,616515
embedding,906,0,8,79027
input_layernorm,906,0,8,194180
q_proj,906,0,8,99662
k_proj,906,0,8,16927
v_proj,906,0,8,14911
rope,906,0,8,91480
attn,906,0,8,45515
o_proj,906,0,8,84662
post_layernorm,906,0,8,193405
gate_proj,906,0,8,281987
up_proj,906,0,8,270506
act_fn,906,0,8,31758
down_proj,906,0,8,257916
final_layernorm,906,0,8,194223
lm_head,906,0,8,615798
embedding,907,0,8,79078
input_layernorm,907,0,8,193627
q_proj,907,0,8,99082
k_proj,907,0,8,16911
v_proj,907,0,8,14973
rope,907,0,8,91627
attn,907,0,8,45594
o_proj,907,0,8,84818
post_layernorm,907,0,8,193407
gate_proj,907,0,8,281426
up_proj,907,0,8,270643
act_fn,907,0,8,31807
down_proj,907,0,8,258316
final_layernorm,907,0,8,194190
lm_head,907,0,8,616125
embedding,908,0,8,79073
input_layernorm,908,0,8,194268
q_proj,908,0,8,99422
k_proj,908,0,8,17046
v_proj,908,0,8,14970
rope,908,0,8,91712
attn,908,0,8,45453
o_proj,908,0,8,84806
post_layernorm,908,0,8,193727
gate_proj,908,0,8,281693
up_proj,908,0,8,270632
act_fn,908,0,8,31730
down_proj,908,0,8,258217
final_layernorm,908,0,8,194992
lm_head,908,0,8,615867
embedding,909,0,8,80180
input_layernorm,909,0,8,194977
q_proj,909,0,8,97810
k_proj,909,0,8,16978
v_proj,909,0,8,15010
rope,909,0,8,91608
attn,909,0,8,45695
o_proj,909,0,8,84826
post_layernorm,909,0,8,194200
gate_proj,909,0,8,282202
up_proj,909,0,8,270630
act_fn,909,0,8,31853
down_proj,909,0,8,258130
final_layernorm,909,0,8,195253
lm_head,909,0,8,616266
embedding,910,0,8,79872
input_layernorm,910,0,8,195715
q_proj,910,0,8,99836
k_proj,910,0,8,17138
v_proj,910,0,8,15139
rope,910,0,8,92230
attn,910,0,8,45847
o_proj,910,0,8,85218
post_layernorm,910,0,8,195228
gate_proj,910,0,8,282945
up_proj,910,0,8,270820
act_fn,910,0,8,31948
down_proj,910,0,8,258327
final_layernorm,910,0,8,196075
lm_head,910,0,8,617211
embedding,911,0,8,80927
input_layernorm,911,0,8,196880
q_proj,911,0,8,97290
k_proj,911,0,8,17111
v_proj,911,0,8,15337
rope,911,0,8,92663
attn,911,0,8,46112
o_proj,911,0,8,85662
post_layernorm,911,0,8,196493
gate_proj,911,0,8,284592
up_proj,911,0,8,271607
act_fn,911,0,8,31953
down_proj,911,0,8,258414
final_layernorm,911,0,8,197017
lm_head,911,0,8,618178
embedding,912,0,8,79312
input_layernorm,912,0,8,194998
q_proj,912,0,8,119144
k_proj,912,0,8,16738
v_proj,912,0,8,15304
rope,912,0,8,92370
attn,912,0,8,45492
o_proj,912,0,8,87854
post_layernorm,912,0,8,194163
gate_proj,912,0,8,295880
up_proj,912,0,8,283567
act_fn,912,0,8,31667
down_proj,912,0,8,268287
final_layernorm,912,0,8,195127
lm_head,912,0,8,616674
embedding,913,0,8,79482
input_layernorm,913,0,8,196328
q_proj,913,0,8,97106
k_proj,913,0,8,16956
v_proj,913,0,8,14982
rope,913,0,8,91570
attn,913,0,8,45657
o_proj,913,0,8,85082
post_layernorm,913,0,8,195963
gate_proj,913,0,8,282150
up_proj,913,0,8,271015
act_fn,913,0,8,32015
down_proj,913,0,8,258865
final_layernorm,913,0,8,196455
lm_head,913,0,8,646122
embedding,914,0,8,79307
input_layernorm,914,0,8,195865
q_proj,914,0,8,94792
k_proj,914,0,8,16744
v_proj,914,0,8,15012
rope,914,0,8,91880
attn,914,0,8,45537
o_proj,914,0,8,85126
post_layernorm,914,0,8,195808
gate_proj,914,0,8,282204
up_proj,914,0,8,270736
act_fn,914,0,8,32020
down_proj,914,0,8,258778
final_layernorm,914,0,8,196730
lm_head,914,0,8,646451
embedding,915,0,8,80388
input_layernorm,915,0,8,197397
q_proj,915,0,8,96278
k_proj,915,0,8,17016
v_proj,915,0,8,15153
rope,915,0,8,92213
attn,915,0,8,45945
o_proj,915,0,8,85374
post_layernorm,915,0,8,197163
gate_proj,915,0,8,283346
up_proj,915,0,8,271096
act_fn,915,0,8,31965
down_proj,915,0,8,258678
final_layernorm,915,0,8,197700
lm_head,915,0,8,647439
embedding,916,0,8,79822
input_layernorm,916,0,8,196963
q_proj,916,0,8,94298
k_proj,916,0,8,16821
v_proj,916,0,8,14988
rope,916,0,8,92322
attn,916,0,8,45594
o_proj,916,0,8,85132
post_layernorm,916,0,8,196553
gate_proj,916,0,8,282126
up_proj,916,0,8,271180
act_fn,916,0,8,32162
down_proj,916,0,8,258806
final_layernorm,916,0,8,197308
lm_head,916,0,8,646866
embedding,917,0,8,80570
input_layernorm,917,0,8,198238
q_proj,917,0,8,96666
k_proj,917,0,8,17079
v_proj,917,0,8,15252
rope,917,0,8,93240
attn,917,0,8,46037
o_proj,917,0,8,85584
post_layernorm,917,0,8,198333
gate_proj,917,0,8,284466
up_proj,917,0,8,271057
act_fn,917,0,8,32272
down_proj,917,0,8,259049
final_layernorm,917,0,8,198797
lm_head,917,0,8,648431
embedding,918,0,8,79483
input_layernorm,918,0,8,197190
q_proj,918,0,8,95054
k_proj,918,0,8,16699
v_proj,918,0,8,15058
rope,918,0,8,92392
attn,918,0,8,45738
o_proj,918,0,8,85170
post_layernorm,918,0,8,197138
gate_proj,918,0,8,282882
up_proj,918,0,8,271254
act_fn,918,0,8,32265
down_proj,918,0,8,259200
final_layernorm,918,0,8,198337
lm_head,918,0,8,646943
embedding,919,0,8,80492
input_layernorm,919,0,8,197497
q_proj,919,0,8,92060
k_proj,919,0,8,16649
v_proj,919,0,8,15090
rope,919,0,8,92568
attn,919,0,8,45710
o_proj,919,0,8,85298
post_layernorm,919,0,8,197335
gate_proj,919,0,8,282793
up_proj,919,0,8,271475
act_fn,919,0,8,32278
down_proj,919,0,8,259356
final_layernorm,919,0,8,198457
lm_head,919,0,8,647019
embedding,920,0,8,80507
input_layernorm,920,0,8,197930
q_proj,920,0,8,90094
k_proj,920,0,8,16599
v_proj,920,0,8,15061
rope,920,0,8,93302
attn,920,0,8,45648
o_proj,920,0,8,85264
post_layernorm,920,0,8,197548
gate_proj,920,0,8,283075
up_proj,920,0,8,271304
act_fn,920,0,8,32202
down_proj,920,0,8,259146
final_layernorm,920,0,8,197990
lm_head,920,0,8,647533
embedding,921,0,8,81802
input_layernorm,921,0,8,199388
q_proj,921,0,8,90926
k_proj,921,0,8,14745
v_proj,921,0,8,12939
rope,921,0,8,93110
attn,921,0,8,46232
o_proj,921,0,8,85858
post_layernorm,921,0,8,199400
gate_proj,921,0,8,285291
up_proj,921,0,8,271852
act_fn,921,0,8,32352
down_proj,921,0,8,259335
final_layernorm,921,0,8,199710
lm_head,921,0,8,648810
embedding,922,0,8,81037
input_layernorm,922,0,8,198943
q_proj,922,0,8,89822
k_proj,922,0,8,14573
v_proj,922,0,8,12814
rope,922,0,8,92837
attn,922,0,8,45989
o_proj,922,0,8,85438
post_layernorm,922,0,8,198667
gate_proj,922,0,8,283478
up_proj,922,0,8,271252
act_fn,922,0,8,32323
down_proj,922,0,8,259411
final_layernorm,922,0,8,199277
lm_head,922,0,8,648573
embedding,923,0,8,82133
input_layernorm,923,0,8,199623
q_proj,923,0,8,90124
k_proj,923,0,8,14807
v_proj,923,0,8,12892
rope,923,0,8,93012
attn,923,0,8,46011
o_proj,923,0,8,85846
post_layernorm,923,0,8,199583
gate_proj,923,0,8,284685
up_proj,923,0,8,271958
act_fn,923,0,8,32383
down_proj,923,0,8,259445
final_layernorm,923,0,8,200235
lm_head,923,0,8,649184
embedding,924,0,8,81880
input_layernorm,924,0,8,200132
q_proj,924,0,8,90488
k_proj,924,0,8,14746
v_proj,924,0,8,12892
rope,924,0,8,93717
attn,924,0,8,46259
o_proj,924,0,8,85840
post_layernorm,924,0,8,199942
gate_proj,924,0,8,285049
up_proj,924,0,8,271956
act_fn,924,0,8,32377
down_proj,924,0,8,259270
final_layernorm,924,0,8,200438
lm_head,924,0,8,649556
embedding,925,0,8,81838
input_layernorm,925,0,8,200533
q_proj,925,0,8,90010
k_proj,925,0,8,14837
v_proj,925,0,8,12964
rope,925,0,8,93690
attn,925,0,8,46248
o_proj,925,0,8,86060
post_layernorm,925,0,8,200387
gate_proj,925,0,8,285435
up_proj,925,0,8,272324
act_fn,925,0,8,32275
down_proj,925,0,8,259764
final_layernorm,925,0,8,200893
lm_head,925,0,8,649965
embedding,926,0,8,81312
input_layernorm,926,0,8,198960
q_proj,926,0,8,89518
k_proj,926,0,8,14483
v_proj,926,0,8,12731
rope,926,0,8,92255
attn,926,0,8,45750
o_proj,926,0,8,85216
post_layernorm,926,0,8,198848
gate_proj,926,0,8,282048
up_proj,926,0,8,271719
act_fn,926,0,8,32440
down_proj,926,0,8,259551
final_layernorm,926,0,8,199670
lm_head,926,0,8,648180
embedding,927,0,8,82200
input_layernorm,927,0,8,201358
q_proj,927,0,8,90070
k_proj,927,0,8,14861
v_proj,927,0,8,12920
rope,927,0,8,94003
attn,927,0,8,46392
o_proj,927,0,8,86098
post_layernorm,927,0,8,200922
gate_proj,927,0,8,285209
up_proj,927,0,8,272621
act_fn,927,0,8,32465
down_proj,927,0,8,259621
final_layernorm,927,0,8,201352
lm_head,927,0,8,649663
embedding,928,0,8,81013
input_layernorm,928,0,8,199815
q_proj,928,0,8,114620
k_proj,928,0,8,14748
v_proj,928,0,8,12858
rope,928,0,8,93602
attn,928,0,8,45864
o_proj,928,0,8,88790
post_layernorm,928,0,8,199800
gate_proj,928,0,8,300735
up_proj,928,0,8,289291
act_fn,928,0,8,31775
down_proj,928,0,8,268207
final_layernorm,928,0,8,200593
lm_head,928,0,8,648638
embedding,929,0,8,81833
input_layernorm,929,0,8,201568
q_proj,929,0,8,86830
k_proj,929,0,8,14537
v_proj,929,0,8,12877
rope,929,0,8,94080
attn,929,0,8,46249
o_proj,929,0,8,89214
post_layernorm,929,0,8,201557
gate_proj,929,0,8,285086
up_proj,929,0,8,272279
act_fn,929,0,8,32575
down_proj,929,0,8,271921
final_layernorm,929,0,8,201918
lm_head,929,0,8,650410
embedding,930,0,8,80247
input_layernorm,930,0,8,199808
q_proj,930,0,8,86316
k_proj,930,0,8,14214
v_proj,930,0,8,12725
rope,930,0,8,92715
attn,930,0,8,45616
o_proj,930,0,8,88456
post_layernorm,930,0,8,200445
gate_proj,930,0,8,282373
up_proj,930,0,8,271641
act_fn,930,0,8,32662
down_proj,930,0,8,271624
final_layernorm,930,0,8,201185
lm_head,930,0,8,648402
embedding,931,0,8,81448
input_layernorm,931,0,8,201280
q_proj,931,0,8,86288
k_proj,931,0,8,14321
v_proj,931,0,8,12701
rope,931,0,8,93153
attn,931,0,8,45795
o_proj,931,0,8,88704
post_layernorm,931,0,8,200928
gate_proj,931,0,8,282562
up_proj,931,0,8,272034
act_fn,931,0,8,32583
down_proj,931,0,8,271654
final_layernorm,931,0,8,201630
lm_head,931,0,8,648994
embedding,932,0,8,81062
input_layernorm,932,0,8,200578
q_proj,932,0,8,86282
k_proj,932,0,8,14385
v_proj,932,0,8,12698
rope,932,0,8,93405
attn,932,0,8,45449
o_proj,932,0,8,88654
post_layernorm,932,0,8,200968
gate_proj,932,0,8,282321
up_proj,932,0,8,272097
act_fn,932,0,8,32723
down_proj,932,0,8,271912
final_layernorm,932,0,8,201727
lm_head,932,0,8,648951
embedding,933,0,8,82198
input_layernorm,933,0,8,202850
q_proj,933,0,8,86760
k_proj,933,0,8,14641
v_proj,933,0,8,12867
rope,933,0,8,94380
attn,933,0,8,46271
o_proj,933,0,8,89368
post_layernorm,933,0,8,203090
gate_proj,933,0,8,285690
up_proj,933,0,8,272643
act_fn,933,0,8,32700
down_proj,933,0,8,272445
final_layernorm,933,0,8,203802
lm_head,933,0,8,650741
embedding,934,0,8,81753
input_layernorm,934,0,8,201983
q_proj,934,0,8,86470
k_proj,934,0,8,14342
v_proj,934,0,8,12858
rope,934,0,8,94103
attn,934,0,8,45865
o_proj,934,0,8,89008
post_layernorm,934,0,8,201897
gate_proj,934,0,8,283524
up_proj,934,0,8,272328
act_fn,934,0,8,32780
down_proj,934,0,8,272348
final_layernorm,934,0,8,202853
lm_head,934,0,8,650043
embedding,935,0,8,82352
input_layernorm,935,0,8,203187
q_proj,935,0,8,86928
k_proj,935,0,8,14529
v_proj,935,0,8,12877
rope,935,0,8,94467
attn,935,0,8,46353
o_proj,935,0,8,89254
post_layernorm,935,0,8,203070
gate_proj,935,0,8,285200
up_proj,935,0,8,272798
act_fn,935,0,8,32827
down_proj,935,0,8,272424
final_layernorm,935,0,8,203595
lm_head,935,0,8,651047
embedding,936,0,8,82093
input_layernorm,936,0,8,201178
q_proj,936,0,8,86020
k_proj,936,0,8,14415
v_proj,936,0,8,12741
rope,936,0,8,93450
attn,936,0,8,45652
o_proj,936,0,8,88542
post_layernorm,936,0,8,201200
gate_proj,936,0,8,281836
up_proj,936,0,8,271904
act_fn,936,0,8,32848
down_proj,936,0,8,272133
final_layernorm,936,0,8,202240
lm_head,936,0,8,649124
embedding,937,0,8,81990
input_layernorm,937,0,8,203320
q_proj,937,0,8,86802
k_proj,937,0,8,16898
v_proj,937,0,8,15634
rope,937,0,8,94582
attn,937,0,8,46157
o_proj,937,0,8,89384
post_layernorm,937,0,8,203867
gate_proj,937,0,8,299169
up_proj,937,0,8,287532
act_fn,937,0,8,32020
down_proj,937,0,8,269401
final_layernorm,937,0,8,204002
lm_head,937,0,8,651119
embedding,938,0,8,82100
input_layernorm,938,0,8,202725
q_proj,938,0,8,86512
k_proj,938,0,8,16590
v_proj,938,0,8,15251
rope,938,0,8,93242
attn,938,0,8,45643
o_proj,938,0,8,88636
post_layernorm,938,0,8,202665
gate_proj,938,0,8,295952
up_proj,938,0,8,285376
act_fn,938,0,8,31962
down_proj,938,0,8,268305
final_layernorm,938,0,8,203297
lm_head,938,0,8,649416
embedding,939,0,8,81667
input_layernorm,939,0,8,202845
q_proj,939,0,8,86478
k_proj,939,0,8,16469
v_proj,939,0,8,15233
rope,939,0,8,93127
attn,939,0,8,45667
o_proj,939,0,8,88712
post_layernorm,939,0,8,202508
gate_proj,939,0,8,295314
up_proj,939,0,8,284694
act_fn,939,0,8,32192
down_proj,939,0,8,268144
final_layernorm,939,0,8,203205
lm_head,939,0,8,649933
embedding,940,0,8,82740
input_layernorm,940,0,8,203748
q_proj,940,0,8,86600
k_proj,940,0,8,16831
v_proj,940,0,8,15452
rope,940,0,8,94453
attn,940,0,8,45753
o_proj,940,0,8,89076
post_layernorm,940,0,8,204225
gate_proj,940,0,8,297434
up_proj,940,0,8,286552
act_fn,940,0,8,32107
down_proj,940,0,8,269197
final_layernorm,940,0,8,204827
lm_head,940,0,8,651671
embedding,941,0,8,83160
input_layernorm,941,0,8,204530
q_proj,941,0,8,86742
k_proj,941,0,8,16947
v_proj,941,0,8,15595
rope,941,0,8,94642
attn,941,0,8,46243
o_proj,941,0,8,89494
post_layernorm,941,0,8,204643
gate_proj,941,0,8,298983
up_proj,941,0,8,287482
act_fn,941,0,8,32142
down_proj,941,0,8,269741
final_layernorm,941,0,8,205240
lm_head,941,0,8,651982
embedding,942,0,8,82878
input_layernorm,942,0,8,204712
q_proj,942,0,8,86668
k_proj,942,0,8,16923
v_proj,942,0,8,15590
rope,942,0,8,94552
attn,942,0,8,46109
o_proj,942,0,8,89404
post_layernorm,942,0,8,205287
gate_proj,942,0,8,298877
up_proj,942,0,8,287462
act_fn,942,0,8,32247
down_proj,942,0,8,269689
final_layernorm,942,0,8,206078
lm_head,942,0,8,652430
embedding,943,0,8,81952
input_layernorm,943,0,8,203160
q_proj,943,0,8,86390
k_proj,943,0,8,16465
v_proj,943,0,8,15251
rope,943,0,8,93335
attn,943,0,8,45530
o_proj,943,0,8,88828
post_layernorm,943,0,8,203485
gate_proj,943,0,8,295349
up_proj,943,0,8,284956
act_fn,943,0,8,32408
down_proj,943,0,8,268506
final_layernorm,943,0,8,204375
lm_head,943,0,8,650668
embedding,944,0,8,84330
input_layernorm,944,0,8,205088
q_proj,944,0,8,114272
k_proj,944,0,8,17290
v_proj,944,0,8,15599
rope,944,0,8,94710
attn,944,0,8,45974
o_proj,944,0,8,89494
post_layernorm,944,0,8,204945
gate_proj,944,0,8,299828
up_proj,944,0,8,285980
act_fn,944,0,8,32778
down_proj,944,0,8,271139
final_layernorm,944,0,8,205633
lm_head,944,0,8,652288
embedding,945,0,8,82757
input_layernorm,945,0,8,204065
q_proj,945,0,8,86560
k_proj,945,0,8,16609
v_proj,945,0,8,15298
rope,945,0,8,93467
attn,945,0,8,45794
o_proj,945,0,8,88982
post_layernorm,945,0,8,204315
gate_proj,945,0,8,296428
up_proj,945,0,8,285578
act_fn,945,0,8,32212
down_proj,945,0,8,269094
final_layernorm,945,0,8,205512
lm_head,945,0,8,651344
embedding,946,0,8,83118
input_layernorm,946,0,8,203642
q_proj,946,0,8,86606
k_proj,946,0,8,16534
v_proj,946,0,8,15286
rope,946,0,8,93487
attn,946,0,8,45646
o_proj,946,0,8,88968
post_layernorm,946,0,8,204052
gate_proj,946,0,8,295815
up_proj,946,0,8,285183
act_fn,946,0,8,32245
down_proj,946,0,8,268736
final_layernorm,946,0,8,205915
lm_head,946,0,8,650932
embedding,947,0,8,82377
input_layernorm,947,0,8,206032
q_proj,947,0,8,86904
k_proj,947,0,8,16733
v_proj,947,0,8,15440
rope,947,0,8,94247
attn,947,0,8,46013
o_proj,947,0,8,89230
post_layernorm,947,0,8,205717
gate_proj,947,0,8,297674
up_proj,947,0,8,286587
act_fn,947,0,8,32278
down_proj,947,0,8,269555
final_layernorm,947,0,8,207337
lm_head,947,0,8,652008
embedding,948,0,8,82203
input_layernorm,948,0,8,204568
q_proj,948,0,8,86376
k_proj,948,0,8,16534
v_proj,948,0,8,15283
rope,948,0,8,93810
attn,948,0,8,45552
o_proj,948,0,8,88996
post_layernorm,948,0,8,204723
gate_proj,948,0,8,295776
up_proj,948,0,8,285298
act_fn,948,0,8,32355
down_proj,948,0,8,269022
final_layernorm,948,0,8,206402
lm_head,948,0,8,651783
embedding,949,0,8,82445
input_layernorm,949,0,8,205178
q_proj,949,0,8,86798
k_proj,949,0,8,16537
v_proj,949,0,8,15321
rope,949,0,8,93738
attn,949,0,8,45489
o_proj,949,0,8,89112
post_layernorm,949,0,8,205288
gate_proj,949,0,8,296530
up_proj,949,0,8,286082
act_fn,949,0,8,32420
down_proj,949,0,8,269293
final_layernorm,949,0,8,207140
lm_head,949,0,8,652606
embedding,950,0,8,83630
input_layernorm,950,0,8,207455
q_proj,950,0,8,87134
k_proj,950,0,8,17097
v_proj,950,0,8,15707
rope,950,0,8,95427
attn,950,0,8,46380
o_proj,950,0,8,89862
post_layernorm,950,0,8,207735
gate_proj,950,0,8,300694
up_proj,950,0,8,288552
act_fn,950,0,8,32543
down_proj,950,0,8,270898
final_layernorm,950,0,8,208918
lm_head,950,0,8,654280
embedding,951,0,8,82282
input_layernorm,951,0,8,205680
q_proj,951,0,8,86602
k_proj,951,0,8,16506
v_proj,951,0,8,15343
rope,951,0,8,93915
attn,951,0,8,45689
o_proj,951,0,8,89180
post_layernorm,951,0,8,206103
gate_proj,951,0,8,296690
up_proj,951,0,8,285877
act_fn,951,0,8,32455
down_proj,951,0,8,269611
final_layernorm,951,0,8,206170
lm_head,951,0,8,652740
embedding,952,0,8,84407
input_layernorm,952,0,8,206938
q_proj,952,0,8,87114
k_proj,952,0,8,16864
v_proj,952,0,8,15715
rope,952,0,8,95770
attn,952,0,8,46108
o_proj,952,0,8,89864
post_layernorm,952,0,8,207357
gate_proj,952,0,8,300356
up_proj,952,0,8,288349
act_fn,952,0,8,32435
down_proj,952,0,8,270775
final_layernorm,952,0,8,208153
lm_head,952,0,8,653944
embedding,953,0,8,84428
input_layernorm,953,0,8,207197
q_proj,953,0,8,87084
k_proj,953,0,8,16902
v_proj,953,0,8,15617
rope,953,0,8,95252
attn,953,0,8,46190
o_proj,953,0,8,89636
post_layernorm,953,0,8,207890
gate_proj,953,0,8,299149
up_proj,953,0,8,287697
act_fn,953,0,8,32443
down_proj,953,0,8,270491
final_layernorm,953,0,8,208128
lm_head,953,0,8,653836
embedding,954,0,8,83027
input_layernorm,954,0,8,206562
q_proj,954,0,8,86650
k_proj,954,0,8,16600
v_proj,954,0,8,15307
rope,954,0,8,94168
attn,954,0,8,45544
o_proj,954,0,8,89248
post_layernorm,954,0,8,206990
gate_proj,954,0,8,296355
up_proj,954,0,8,285946
act_fn,954,0,8,32452
down_proj,954,0,8,269497
final_layernorm,954,0,8,207647
lm_head,954,0,8,652162
embedding,955,0,8,84632
input_layernorm,955,0,8,208187
q_proj,955,0,8,87180
k_proj,955,0,8,17106
v_proj,955,0,8,15661
rope,955,0,8,95432
attn,955,0,8,46269
o_proj,955,0,8,89944
post_layernorm,955,0,8,208748
gate_proj,955,0,8,300540
up_proj,955,0,8,288451
act_fn,955,0,8,32465
down_proj,955,0,8,271022
final_layernorm,955,0,8,208912
lm_head,955,0,8,654101
embedding,956,0,8,84677
input_layernorm,956,0,8,208220
q_proj,956,0,8,86872
k_proj,956,0,8,16936
v_proj,956,0,8,15653
rope,956,0,8,95863
attn,956,0,8,46158
o_proj,956,0,8,89854
post_layernorm,956,0,8,209155
gate_proj,956,0,8,299986
up_proj,956,0,8,288264
act_fn,956,0,8,32697
down_proj,956,0,8,270894
final_layernorm,956,0,8,209538
lm_head,956,0,8,654531
embedding,957,0,8,83370
input_layernorm,957,0,8,207285
q_proj,957,0,8,86870
k_proj,957,0,8,16536
v_proj,957,0,8,15374
rope,957,0,8,94330
attn,957,0,8,45656
o_proj,957,0,8,89294
post_layernorm,957,0,8,207503
gate_proj,957,0,8,296846
up_proj,957,0,8,286379
act_fn,957,0,8,32512
down_proj,957,0,8,269694
final_layernorm,957,0,8,208002
lm_head,957,0,8,652824
embedding,958,0,8,84263
input_layernorm,958,0,8,207982
q_proj,958,0,8,86988
k_proj,958,0,8,16785
v_proj,958,0,8,15503
rope,958,0,8,94847
attn,958,0,8,45752
o_proj,958,0,8,89488
post_layernorm,958,0,8,208390
gate_proj,958,0,8,298107
up_proj,958,0,8,287241
act_fn,958,0,8,32745
down_proj,958,0,8,270532
final_layernorm,958,0,8,209327
lm_head,958,0,8,654179
embedding,959,0,8,84638
input_layernorm,959,0,8,209132
q_proj,959,0,8,87142
k_proj,959,0,8,16828
v_proj,959,0,8,15652
rope,959,0,8,95512
attn,959,0,8,46211
o_proj,959,0,8,89830
post_layernorm,959,0,8,209547
gate_proj,959,0,8,299799
up_proj,959,0,8,288037
act_fn,959,0,8,32723
down_proj,959,0,8,270965
final_layernorm,959,0,8,209997
lm_head,959,0,8,653752
embedding,960,0,8,83450
input_layernorm,960,0,8,207492
q_proj,960,0,8,101310
k_proj,960,0,8,14655
v_proj,960,0,8,12735
rope,960,0,8,94673
attn,960,0,8,45492
o_proj,960,0,8,87946
post_layernorm,960,0,8,207278
gate_proj,960,0,8,302720
up_proj,960,0,8,295678
act_fn,960,0,8,32580
down_proj,960,0,8,266829
final_layernorm,960,0,8,208317
lm_head,960,0,8,658420
embedding,961,0,8,83632
input_layernorm,961,0,8,208570
q_proj,961,0,8,102768
k_proj,961,0,8,14826
v_proj,961,0,8,13463
rope,961,0,8,94200
attn,961,0,8,46924
o_proj,961,0,8,90086
post_layernorm,961,0,8,207913
gate_proj,961,0,8,297039
up_proj,961,0,8,286533
act_fn,961,0,8,33478
down_proj,961,0,8,273984
final_layernorm,961,0,8,211213
lm_head,961,0,8,667362
embedding,962,0,8,83290
input_layernorm,962,0,8,208670
q_proj,962,0,8,101834
k_proj,962,0,8,14980
v_proj,962,0,8,13520
rope,962,0,8,94327
attn,962,0,8,46969
o_proj,962,0,8,90056
post_layernorm,962,0,8,208142
gate_proj,962,0,8,297046
up_proj,962,0,8,286293
act_fn,962,0,8,33598
down_proj,962,0,8,274055
final_layernorm,962,0,8,210877
lm_head,962,0,8,667714
embedding,963,0,8,83228
input_layernorm,963,0,8,210197
q_proj,963,0,8,102942
k_proj,963,0,8,14933
v_proj,963,0,8,13451
rope,963,0,8,94857
attn,963,0,8,47334
o_proj,963,0,8,90430
post_layernorm,963,0,8,208892
gate_proj,963,0,8,297977
up_proj,963,0,8,286860
act_fn,963,0,8,33567
down_proj,963,0,8,274421
final_layernorm,963,0,8,212018
lm_head,963,0,8,669179
embedding,964,0,8,84580
input_layernorm,964,0,8,211117
q_proj,964,0,8,97452
k_proj,964,0,8,14998
v_proj,964,0,8,13545
rope,964,0,8,95912
attn,964,0,8,47548
o_proj,964,0,8,90724
post_layernorm,964,0,8,210552
gate_proj,964,0,8,300203
up_proj,964,0,8,287309
act_fn,964,0,8,33503
down_proj,964,0,8,274553
final_layernorm,964,0,8,212768
lm_head,964,0,8,670549
embedding,965,0,8,83460
input_layernorm,965,0,8,209827
q_proj,965,0,8,96604
k_proj,965,0,8,14907
v_proj,965,0,8,13661
rope,965,0,8,94227
attn,965,0,8,47052
o_proj,965,0,8,90252
post_layernorm,965,0,8,209517
gate_proj,965,0,8,297585
up_proj,965,0,8,286780
act_fn,965,0,8,33602
down_proj,965,0,8,274606
final_layernorm,965,0,8,212230
lm_head,965,0,8,668176
embedding,966,0,8,84623
input_layernorm,966,0,8,211792
q_proj,966,0,8,96640
k_proj,966,0,8,14969
v_proj,966,0,8,13692
rope,966,0,8,95938
attn,966,0,8,47564
o_proj,966,0,8,90992
post_layernorm,966,0,8,210977
gate_proj,966,0,8,300712
up_proj,966,0,8,287202
act_fn,966,0,8,33637
down_proj,966,0,8,274852
final_layernorm,966,0,8,213807
lm_head,966,0,8,670858
embedding,967,0,8,83377
input_layernorm,967,0,8,210312
q_proj,967,0,8,96640
k_proj,967,0,8,14856
v_proj,967,0,8,13692
rope,967,0,8,94543
attn,967,0,8,46904
o_proj,967,0,8,90276
post_layernorm,967,0,8,210243
gate_proj,967,0,8,297492
up_proj,967,0,8,287016
act_fn,967,0,8,33647
down_proj,967,0,8,274497
final_layernorm,967,0,8,212753
lm_head,967,0,8,668599
embedding,968,0,8,84475
input_layernorm,968,0,8,210965
q_proj,968,0,8,94840
k_proj,968,0,8,14853
v_proj,968,0,8,13268
rope,968,0,8,95377
attn,968,0,8,47323
o_proj,968,0,8,90280
post_layernorm,968,0,8,210560
gate_proj,968,0,8,298214
up_proj,968,0,8,286943
act_fn,968,0,8,33868
down_proj,968,0,8,274688
final_layernorm,968,0,8,213327
lm_head,968,0,8,724584
embedding,969,0,8,84003
input_layernorm,969,0,8,210665
q_proj,969,0,8,95016
k_proj,969,0,8,18600
v_proj,969,0,8,18052
rope,969,0,8,94377
attn,969,0,8,47207
o_proj,969,0,8,90166
post_layernorm,969,0,8,210232
gate_proj,969,0,8,296651
up_proj,969,0,8,286533
act_fn,969,0,8,33880
down_proj,969,0,8,274486
final_layernorm,969,0,8,212797
lm_head,969,0,8,668682
embedding,970,0,8,84377
input_layernorm,970,0,8,211180
q_proj,970,0,8,91568
k_proj,970,0,8,18179
v_proj,970,0,8,17881
rope,970,0,8,95232
attn,970,0,8,47164
o_proj,970,0,8,90420
post_layernorm,970,0,8,210772
gate_proj,970,0,8,297971
up_proj,970,0,8,286878
act_fn,970,0,8,33722
down_proj,970,0,8,274807
final_layernorm,970,0,8,213682
lm_head,970,0,8,670441
embedding,971,0,8,84972
input_layernorm,971,0,8,212430
q_proj,971,0,8,93578
k_proj,971,0,8,18554
v_proj,971,0,8,17910
rope,971,0,8,96195
attn,971,0,8,47974
o_proj,971,0,8,91122
post_layernorm,971,0,8,212355
gate_proj,971,0,8,300801
up_proj,971,0,8,287824
act_fn,971,0,8,33970
down_proj,971,0,8,275204
final_layernorm,971,0,8,214728
lm_head,971,0,8,670907
embedding,972,0,8,83780
input_layernorm,972,0,8,211943
q_proj,972,0,8,91026
k_proj,972,0,8,18356
v_proj,972,0,8,17854
rope,972,0,8,95465
attn,972,0,8,47217
o_proj,972,0,8,89980
post_layernorm,972,0,8,210877
gate_proj,972,0,8,296218
up_proj,972,0,8,286726
act_fn,972,0,8,33915
down_proj,972,0,8,274599
final_layernorm,972,0,8,213927
lm_head,972,0,8,669427
embedding,973,0,8,84470
input_layernorm,973,0,8,212315
q_proj,973,0,8,96056
k_proj,973,0,8,18527
v_proj,973,0,8,17866
rope,973,0,8,95080
attn,973,0,8,47399
o_proj,973,0,8,90558
post_layernorm,973,0,8,211795
gate_proj,973,0,8,298638
up_proj,973,0,8,287738
act_fn,973,0,8,33942
down_proj,973,0,8,275535
final_layernorm,973,0,8,214247
lm_head,973,0,8,670379
embedding,974,0,8,85462
input_layernorm,974,0,8,213467
q_proj,974,0,8,94100
k_proj,974,0,8,18346
v_proj,974,0,8,17973
rope,974,0,8,96380
attn,974,0,8,47884
o_proj,974,0,8,90746
post_layernorm,974,0,8,213068
gate_proj,974,0,8,299817
up_proj,974,0,8,287326
act_fn,974,0,8,33967
down_proj,974,0,8,275019
final_layernorm,974,0,8,215807
lm_head,974,0,8,672163
embedding,975,0,8,84973
input_layernorm,975,0,8,212448
q_proj,975,0,8,93424
k_proj,975,0,8,18427
v_proj,975,0,8,17741
rope,975,0,8,95143
attn,975,0,8,47464
o_proj,975,0,8,90608
post_layernorm,975,0,8,212277
gate_proj,975,0,8,298255
up_proj,975,0,8,287601
act_fn,975,0,8,33857
down_proj,975,0,8,275299
final_layernorm,975,0,8,215002
lm_head,975,0,8,671166
embedding,976,0,8,85580
input_layernorm,976,0,8,213218
q_proj,976,0,8,92406
k_proj,976,0,8,17461
v_proj,976,0,8,16080
rope,976,0,8,96335
attn,976,0,8,47749
o_proj,976,0,8,93814
post_layernorm,976,0,8,212883
gate_proj,976,0,8,300163
up_proj,976,0,8,287844
act_fn,976,0,8,34188
down_proj,976,0,8,283339
final_layernorm,976,0,8,215560
lm_head,976,0,8,725021
embedding,977,0,8,84262
input_layernorm,977,0,8,212673
q_proj,977,0,8,94746
k_proj,977,0,8,18151
v_proj,977,0,8,17427
rope,977,0,8,94425
attn,977,0,8,47142
o_proj,977,0,8,90336
post_layernorm,977,0,8,212122
gate_proj,977,0,8,297085
up_proj,977,0,8,287270
act_fn,977,0,8,33878
down_proj,977,0,8,275381
final_layernorm,977,0,8,215168
lm_head,977,0,8,669536
embedding,978,0,8,85142
input_layernorm,978,0,8,213675
q_proj,978,0,8,91122
k_proj,978,0,8,18115
v_proj,978,0,8,17653
rope,978,0,8,95902
attn,978,0,8,47502
o_proj,978,0,8,90644
post_layernorm,978,0,8,213387
gate_proj,978,0,8,299124
up_proj,978,0,8,287452
act_fn,978,0,8,34185
down_proj,978,0,8,275329
final_layernorm,978,0,8,215980
lm_head,978,0,8,671123
embedding,979,0,8,84622
input_layernorm,979,0,8,213073
q_proj,979,0,8,91704
k_proj,979,0,8,18087
v_proj,979,0,8,17343
rope,979,0,8,94918
attn,979,0,8,47398
o_proj,979,0,8,90540
post_layernorm,979,0,8,213278
gate_proj,979,0,8,297771
up_proj,979,0,8,287241
act_fn,979,0,8,34265
down_proj,979,0,8,275398
final_layernorm,979,0,8,215870
lm_head,979,0,8,670012
embedding,980,0,8,84908
input_layernorm,980,0,8,213600
q_proj,980,0,8,93018
k_proj,980,0,8,18076
v_proj,980,0,8,17449
rope,980,0,8,95582
attn,980,0,8,47057
o_proj,980,0,8,90464
post_layernorm,980,0,8,213505
gate_proj,980,0,8,298090
up_proj,980,0,8,287189
act_fn,980,0,8,34435
down_proj,980,0,8,275360
final_layernorm,980,0,8,216110
lm_head,980,0,8,671811
embedding,981,0,8,85305
input_layernorm,981,0,8,215288
q_proj,981,0,8,90936
k_proj,981,0,8,18062
v_proj,981,0,8,17335
rope,981,0,8,96307
attn,981,0,8,47866
o_proj,981,0,8,91270
post_layernorm,981,0,8,215690
gate_proj,981,0,8,301535
up_proj,981,0,8,288383
act_fn,981,0,8,34392
down_proj,981,0,8,276191
final_layernorm,981,0,8,217850
lm_head,981,0,8,672665
embedding,982,0,8,84590
input_layernorm,982,0,8,213738
q_proj,982,0,8,90598
k_proj,982,0,8,17907
v_proj,982,0,8,17487
rope,982,0,8,95033
attn,982,0,8,47307
o_proj,982,0,8,90448
post_layernorm,982,0,8,213895
gate_proj,982,0,8,297076
up_proj,982,0,8,287480
act_fn,982,0,8,34325
down_proj,982,0,8,275828
final_layernorm,982,0,8,216178
lm_head,982,0,8,670726
embedding,983,0,8,85645
input_layernorm,983,0,8,216292
q_proj,983,0,8,90874
k_proj,983,0,8,17937
v_proj,983,0,8,17361
rope,983,0,8,96190
attn,983,0,8,48019
o_proj,983,0,8,91288
post_layernorm,983,0,8,216788
gate_proj,983,0,8,300781
up_proj,983,0,8,288461
act_fn,983,0,8,34458
down_proj,983,0,8,275955
final_layernorm,983,0,8,218092
lm_head,983,0,8,672564
embedding,984,0,8,84507
input_layernorm,984,0,8,214822
q_proj,984,0,8,90388
k_proj,984,0,8,17911
v_proj,984,0,8,17415
rope,984,0,8,95510
attn,984,0,8,47341
o_proj,984,0,8,90344
post_layernorm,984,0,8,215100
gate_proj,984,0,8,296933
up_proj,984,0,8,287827
act_fn,984,0,8,34502
down_proj,984,0,8,275873
final_layernorm,984,0,8,216805
lm_head,984,0,8,723874
embedding,985,0,8,85590
input_layernorm,985,0,8,215140
q_proj,985,0,8,90594
k_proj,985,0,8,17884
v_proj,985,0,8,17378
rope,985,0,8,95247
attn,985,0,8,47358
o_proj,985,0,8,90874
post_layernorm,985,0,8,215562
gate_proj,985,0,8,298655
up_proj,985,0,8,288217
act_fn,985,0,8,34485
down_proj,985,0,8,276100
final_layernorm,985,0,8,217648
lm_head,985,0,8,671339
embedding,986,0,8,85945
input_layernorm,986,0,8,216565
q_proj,986,0,8,90948
k_proj,986,0,8,17619
v_proj,986,0,8,17471
rope,986,0,8,96938
attn,986,0,8,47941
o_proj,986,0,8,91276
post_layernorm,986,0,8,216993
gate_proj,986,0,8,300398
up_proj,986,0,8,288386
act_fn,986,0,8,34687
down_proj,986,0,8,276250
final_layernorm,986,0,8,218655
lm_head,986,0,8,673324
embedding,987,0,8,85670
input_layernorm,987,0,8,215122
q_proj,987,0,8,90410
k_proj,987,0,8,17826
v_proj,987,0,8,17307
rope,987,0,8,94753
attn,987,0,8,47386
o_proj,987,0,8,90550
post_layernorm,987,0,8,215935
gate_proj,987,0,8,297581
up_proj,987,0,8,287998
act_fn,987,0,8,34575
down_proj,987,0,8,276209
final_layernorm,987,0,8,217722
lm_head,987,0,8,672534
embedding,988,0,8,86477
input_layernorm,988,0,8,217380
q_proj,988,0,8,90972
k_proj,988,0,8,17646
v_proj,988,0,8,17300
rope,988,0,8,97022
attn,988,0,8,47942
o_proj,988,0,8,91150
post_layernorm,988,0,8,217958
gate_proj,988,0,8,300666
up_proj,988,0,8,288596
act_fn,988,0,8,34835
down_proj,988,0,8,276371
final_layernorm,988,0,8,219298
lm_head,988,0,8,673431
embedding,989,0,8,86057
input_layernorm,989,0,8,216965
q_proj,989,0,8,91148
k_proj,989,0,8,17860
v_proj,989,0,8,17352
rope,989,0,8,95430
attn,989,0,8,47388
o_proj,989,0,8,90744
post_layernorm,989,0,8,217055
gate_proj,989,0,8,298114
up_proj,989,0,8,288123
act_fn,989,0,8,34715
down_proj,989,0,8,276127
final_layernorm,989,0,8,218642
lm_head,989,0,8,671576
embedding,990,0,8,86692
input_layernorm,990,0,8,218168
q_proj,990,0,8,91050
k_proj,990,0,8,17470
v_proj,990,0,8,17325
rope,990,0,8,96848
attn,990,0,8,47997
o_proj,990,0,8,91274
post_layernorm,990,0,8,218808
gate_proj,990,0,8,300289
up_proj,990,0,8,288438
act_fn,990,0,8,34765
down_proj,990,0,8,276215
final_layernorm,990,0,8,220055
lm_head,990,0,8,673834
embedding,991,0,8,85348
input_layernorm,991,0,8,216527
q_proj,991,0,8,90572
k_proj,991,0,8,17693
v_proj,991,0,8,17229
rope,991,0,8,95125
attn,991,0,8,47256
o_proj,991,0,8,90526
post_layernorm,991,0,8,217182
gate_proj,991,0,8,297169
up_proj,991,0,8,287967
act_fn,991,0,8,34732
down_proj,991,0,8,276163
final_layernorm,991,0,8,218705
lm_head,991,0,8,671042
embedding,992,0,8,86552
input_layernorm,992,0,8,217097
q_proj,992,0,8,91034
k_proj,992,0,8,17704
v_proj,992,0,8,17357
rope,992,0,8,97345
attn,992,0,8,48007
o_proj,992,0,8,94364
post_layernorm,992,0,8,218982
gate_proj,992,0,8,318160
up_proj,992,0,8,306442
act_fn,992,0,8,33807
down_proj,992,0,8,281391
final_layernorm,992,0,8,219477
lm_head,992,0,8,697561
embedding,993,0,8,87028
input_layernorm,993,0,8,218290
q_proj,993,0,8,91122
k_proj,993,0,8,17608
v_proj,993,0,8,16484
rope,993,0,8,96522
attn,993,0,8,47913
o_proj,993,0,8,94250
post_layernorm,993,0,8,219942
gate_proj,993,0,8,300060
up_proj,993,0,8,288743
act_fn,993,0,8,34782
down_proj,993,0,8,284180
final_layernorm,993,0,8,220622
lm_head,993,0,8,724762
embedding,994,0,8,85675
input_layernorm,994,0,8,217255
q_proj,994,0,8,90460
k_proj,994,0,8,17034
v_proj,994,0,8,16299
rope,994,0,8,95247
attn,994,0,8,47372
o_proj,994,0,8,93496
post_layernorm,994,0,8,218345
gate_proj,994,0,8,297208
up_proj,994,0,8,288240
act_fn,994,0,8,34792
down_proj,994,0,8,283870
final_layernorm,994,0,8,219705
lm_head,994,0,8,722930
embedding,995,0,8,86610
input_layernorm,995,0,8,218145
q_proj,995,0,8,90982
k_proj,995,0,8,17282
v_proj,995,0,8,16425
rope,995,0,8,96275
attn,995,0,8,47670
o_proj,995,0,8,94072
post_layernorm,995,0,8,219145
gate_proj,995,0,8,299442
up_proj,995,0,8,288698
act_fn,995,0,8,34757
down_proj,995,0,8,284228
final_layernorm,995,0,8,220530
lm_head,995,0,8,725307
embedding,996,0,8,85695
input_layernorm,996,0,8,217207
q_proj,996,0,8,90590
k_proj,996,0,8,17024
v_proj,996,0,8,16405
rope,996,0,8,95668
attn,996,0,8,47368
o_proj,996,0,8,93484
post_layernorm,996,0,8,218793
gate_proj,996,0,8,297301
up_proj,996,0,8,288656
act_fn,996,0,8,34858
down_proj,996,0,8,284321
final_layernorm,996,0,8,219910
lm_head,996,0,8,723207
embedding,997,0,8,86043
input_layernorm,997,0,8,218242
q_proj,997,0,8,90834
k_proj,997,0,8,17256
v_proj,997,0,8,16455
rope,997,0,8,95895
attn,997,0,8,47416
o_proj,997,0,8,93866
post_layernorm,997,0,8,219657
gate_proj,997,0,8,298016
up_proj,997,0,8,288817
act_fn,997,0,8,34983
down_proj,997,0,8,284551
final_layernorm,997,0,8,220593
lm_head,997,0,8,724057
embedding,998,0,8,87247
input_layernorm,998,0,8,219218
q_proj,998,0,8,91156
k_proj,998,0,8,17540
v_proj,998,0,8,16439
rope,998,0,8,96893
attn,998,0,8,47995
o_proj,998,0,8,94442
post_layernorm,998,0,8,221325
gate_proj,998,0,8,300913
up_proj,998,0,8,289048
act_fn,998,0,8,35242
down_proj,998,0,8,284433
final_layernorm,998,0,8,221672
lm_head,998,0,8,725931
embedding,999,0,8,87960
input_layernorm,999,0,8,219403
q_proj,999,0,8,91166
k_proj,999,0,8,17356
v_proj,999,0,8,16514
rope,999,0,8,96998
attn,999,0,8,48029
o_proj,999,0,8,94446
post_layernorm,999,0,8,221675
gate_proj,999,0,8,301063
up_proj,999,0,8,289005
act_fn,999,0,8,34982
down_proj,999,0,8,284343
final_layernorm,999,0,8,222567
lm_head,999,0,8,725508
embedding,1000,0,8,86278
input_layernorm,1000,0,8,218333
q_proj,1000,0,8,90424
k_proj,1000,0,8,16996
v_proj,1000,0,8,16389
rope,1000,0,8,95645
attn,1000,0,8,47262
o_proj,1000,0,8,93528
post_layernorm,1000,0,8,219007
gate_proj,1000,0,8,297024
up_proj,1000,0,8,288678
act_fn,1000,0,8,35185
down_proj,1000,0,8,284460
final_layernorm,1000,0,8,220957
lm_head,1000,0,8,724197
embedding,1001,0,8,88013
input_layernorm,1001,0,8,221295
q_proj,1001,0,8,91234
k_proj,1001,0,8,17395
v_proj,1001,0,8,16630
rope,1001,0,8,97085
attn,1001,0,8,48088
o_proj,1001,0,8,94366
post_layernorm,1001,0,8,222152
gate_proj,1001,0,8,300592
up_proj,1001,0,8,289243
act_fn,1001,0,8,35152
down_proj,1001,0,8,284713
final_layernorm,1001,0,8,222917
lm_head,1001,0,8,724857
embedding,1002,0,8,89233
input_layernorm,1002,0,8,221442
q_proj,1002,0,8,91206
k_proj,1002,0,8,17536
v_proj,1002,0,8,16482
rope,1002,0,8,96928
attn,1002,0,8,48000
o_proj,1002,0,8,94468
post_layernorm,1002,0,8,222262
gate_proj,1002,0,8,301470
up_proj,1002,0,8,289302
act_fn,1002,0,8,35367
down_proj,1002,0,8,284561
final_layernorm,1002,0,8,223225
lm_head,1002,0,8,725611
embedding,1003,0,8,86508
input_layernorm,1003,0,8,220060
q_proj,1003,0,8,90726
k_proj,1003,0,8,17072
v_proj,1003,0,8,16482
rope,1003,0,8,95748
attn,1003,0,8,47424
o_proj,1003,0,8,93932
post_layernorm,1003,0,8,220405
gate_proj,1003,0,8,297893
up_proj,1003,0,8,288927
act_fn,1003,0,8,35368
down_proj,1003,0,8,284940
final_layernorm,1003,0,8,221925
lm_head,1003,0,8,724438
embedding,1004,0,8,89268
input_layernorm,1004,0,8,221913
q_proj,1004,0,8,91314
k_proj,1004,0,8,17515
v_proj,1004,0,8,16492
rope,1004,0,8,97560
attn,1004,0,8,48170
o_proj,1004,0,8,94610
post_layernorm,1004,0,8,223208
gate_proj,1004,0,8,302198
up_proj,1004,0,8,289458
act_fn,1004,0,8,35465
down_proj,1004,0,8,284765
final_layernorm,1004,0,8,223782
lm_head,1004,0,8,726007
embedding,1005,0,8,87148
input_layernorm,1005,0,8,220512
q_proj,1005,0,8,90674
k_proj,1005,0,8,17172
v_proj,1005,0,8,16443
rope,1005,0,8,95847
attn,1005,0,8,47659
o_proj,1005,0,8,93678
post_layernorm,1005,0,8,220725
gate_proj,1005,0,8,297607
up_proj,1005,0,8,288832
act_fn,1005,0,8,35363
down_proj,1005,0,8,284719
final_layernorm,1005,0,8,222688
lm_head,1005,0,8,723430
embedding,1006,0,8,87822
input_layernorm,1006,0,8,221652
q_proj,1006,0,8,90988
k_proj,1006,0,8,17308
v_proj,1006,0,8,16388
rope,1006,0,8,96235
attn,1006,0,8,47398
o_proj,1006,0,8,93934
post_layernorm,1006,0,8,222628
gate_proj,1006,0,8,298853
up_proj,1006,0,8,288749
act_fn,1006,0,8,35365
down_proj,1006,0,8,284750
final_layernorm,1006,0,8,223150
lm_head,1006,0,8,725044
embedding,1007,0,8,89127
input_layernorm,1007,0,8,223255
q_proj,1007,0,8,91442
k_proj,1007,0,8,17486
v_proj,1007,0,8,16548
rope,1007,0,8,97685
attn,1007,0,8,48137
o_proj,1007,0,8,94714
post_layernorm,1007,0,8,223973
gate_proj,1007,0,8,301496
up_proj,1007,0,8,289395
act_fn,1007,0,8,35387
down_proj,1007,0,8,284910
final_layernorm,1007,0,8,224607
lm_head,1007,0,8,726302
embedding,1008,0,8,88820
input_layernorm,1008,0,8,222285
q_proj,1008,0,8,91270
k_proj,1008,0,8,17230
v_proj,1008,0,8,16004
rope,1008,0,8,97535
attn,1008,0,8,48142
o_proj,1008,0,8,94464
post_layernorm,1008,0,8,223290
gate_proj,1008,0,8,300683
up_proj,1008,0,8,289077
act_fn,1008,0,8,35383
down_proj,1008,0,8,284876
final_layernorm,1008,0,8,224322
lm_head,1008,0,8,725290
embedding,1009,0,8,87343
input_layernorm,1009,0,8,221545
q_proj,1009,0,8,90776
k_proj,1009,0,8,16481
v_proj,1009,0,8,15906
rope,1009,0,8,96012
attn,1009,0,8,47456
o_proj,1009,0,8,93894
post_layernorm,1009,0,8,222497
gate_proj,1009,0,8,307595
up_proj,1009,0,8,302391
act_fn,1009,0,8,35062
down_proj,1009,0,8,283794
final_layernorm,1009,0,8,223573
lm_head,1009,0,8,695914
embedding,1010,0,8,86997
input_layernorm,1010,0,8,222425
q_proj,1010,0,8,90962
k_proj,1010,0,8,15943
v_proj,1010,0,8,16021
rope,1010,0,8,96295
attn,1010,0,8,47568
o_proj,1010,0,8,94136
post_layernorm,1010,0,8,223417
gate_proj,1010,0,8,308343
up_proj,1010,0,8,302246
act_fn,1010,0,8,35240
down_proj,1010,0,8,283723
final_layernorm,1010,0,8,223988
lm_head,1010,0,8,696916
embedding,1011,0,8,88083
input_layernorm,1011,0,8,222853
q_proj,1011,0,8,90888
k_proj,1011,0,8,16310
v_proj,1011,0,8,15805
rope,1011,0,8,96240
attn,1011,0,8,47405
o_proj,1011,0,8,94044
post_layernorm,1011,0,8,223705
gate_proj,1011,0,8,307775
up_proj,1011,0,8,302688
act_fn,1011,0,8,35313
down_proj,1011,0,8,283745
final_layernorm,1011,0,8,224710
lm_head,1011,0,8,695749
embedding,1012,0,8,87592
input_layernorm,1012,0,8,223432
q_proj,1012,0,8,91036
k_proj,1012,0,8,15955
v_proj,1012,0,8,15758
rope,1012,0,8,96727
attn,1012,0,8,47658
o_proj,1012,0,8,94128
post_layernorm,1012,0,8,224060
gate_proj,1012,0,8,308421
up_proj,1012,0,8,303015
act_fn,1012,0,8,35243
down_proj,1012,0,8,284035
final_layernorm,1012,0,8,225312
lm_head,1012,0,8,697861
embedding,1013,0,8,87972
input_layernorm,1013,0,8,224717
q_proj,1013,0,8,91532
k_proj,1013,0,8,15924
v_proj,1013,0,8,15656
rope,1013,0,8,97572
attn,1013,0,8,48041
o_proj,1013,0,8,94702
post_layernorm,1013,0,8,225645
gate_proj,1013,0,8,311092
up_proj,1013,0,8,303281
act_fn,1013,0,8,35440
down_proj,1013,0,8,284033
final_layernorm,1013,0,8,226092
lm_head,1013,0,8,698014
embedding,1014,0,8,87903
input_layernorm,1014,0,8,223538
q_proj,1014,0,8,90906
k_proj,1014,0,8,15670
v_proj,1014,0,8,15760
rope,1014,0,8,96332
attn,1014,0,8,47404
o_proj,1014,0,8,93906
post_layernorm,1014,0,8,223782
gate_proj,1014,0,8,306846
up_proj,1014,0,8,302608
act_fn,1014,0,8,35245
down_proj,1014,0,8,283974
final_layernorm,1014,0,8,225178
lm_head,1014,0,8,696986
embedding,1015,0,8,88533
input_layernorm,1015,0,8,224572
q_proj,1015,0,8,91536
k_proj,1015,0,8,15540
v_proj,1015,0,8,15350
rope,1015,0,8,98203
attn,1015,0,8,48164
o_proj,1015,0,8,95008
post_layernorm,1015,0,8,226933
gate_proj,1015,0,8,312039
up_proj,1015,0,8,303474
act_fn,1015,0,8,35375
down_proj,1015,0,8,284200
final_layernorm,1015,0,8,227255
lm_head,1015,0,8,698662
embedding,1016,0,8,87275
input_layernorm,1016,0,8,223792
q_proj,1016,0,8,91016
k_proj,1016,0,8,15083
v_proj,1016,0,8,15293
rope,1016,0,8,96558
attn,1016,0,8,47548
o_proj,1016,0,8,94042
post_layernorm,1016,0,8,224568
gate_proj,1016,0,8,307008
up_proj,1016,0,8,302335
act_fn,1016,0,8,35267
down_proj,1016,0,8,283994
final_layernorm,1016,0,8,225688
lm_head,1016,0,8,697033
embedding,1017,0,8,87643
input_layernorm,1017,0,8,225295
q_proj,1017,0,8,91036
k_proj,1017,0,8,15388
v_proj,1017,0,8,15078
rope,1017,0,8,96552
attn,1017,0,8,47451
o_proj,1017,0,8,94282
post_layernorm,1017,0,8,225792
gate_proj,1017,0,8,308644
up_proj,1017,0,8,302720
act_fn,1017,0,8,35380
down_proj,1017,0,8,284243
final_layernorm,1017,0,8,226405
lm_head,1017,0,8,697798
embedding,1018,0,8,88500
input_layernorm,1018,0,8,226212
q_proj,1018,0,8,91468
k_proj,1018,0,8,15105
v_proj,1018,0,8,15139
rope,1018,0,8,97922
attn,1018,0,8,48153
o_proj,1018,0,8,94878
post_layernorm,1018,0,8,226748
gate_proj,1018,0,8,310849
up_proj,1018,0,8,303738
act_fn,1018,0,8,35347
down_proj,1018,0,8,284420
final_layernorm,1018,0,8,227663
lm_head,1018,0,8,699148
embedding,1019,0,8,89025
input_layernorm,1019,0,8,223942
q_proj,1019,0,8,91068
k_proj,1019,0,8,15277
v_proj,1019,0,8,15080
rope,1019,0,8,96568
attn,1019,0,8,47381
o_proj,1019,0,8,94190
post_layernorm,1019,0,8,225520
gate_proj,1019,0,8,307762
up_proj,1019,0,8,303114
act_fn,1019,0,8,35433
down_proj,1019,0,8,284243
final_layernorm,1019,0,8,226687
lm_head,1019,0,8,697337
embedding,1020,0,8,88783
input_layernorm,1020,0,8,226142
q_proj,1020,0,8,91228
k_proj,1020,0,8,15103
v_proj,1020,0,8,15056
rope,1020,0,8,97628
attn,1020,0,8,47806
o_proj,1020,0,8,94456
post_layernorm,1020,0,8,226820
gate_proj,1020,0,8,310252
up_proj,1020,0,8,303088
act_fn,1020,0,8,35582
down_proj,1020,0,8,284282
final_layernorm,1020,0,8,228458
lm_head,1020,0,8,699271
embedding,1021,0,8,89968
input_layernorm,1021,0,8,227017
q_proj,1021,0,8,91528
k_proj,1021,0,8,15236
v_proj,1021,0,8,14998
rope,1021,0,8,97623
attn,1021,0,8,48025
o_proj,1021,0,8,94840
post_layernorm,1021,0,8,228107
gate_proj,1021,0,8,310849
up_proj,1021,0,8,303890
act_fn,1021,0,8,35648
down_proj,1021,0,8,284687
final_layernorm,1021,0,8,229182
lm_head,1021,0,8,699354
embedding,1022,0,8,89013
input_layernorm,1022,0,8,226320
q_proj,1022,0,8,91124
k_proj,1022,0,8,14871
v_proj,1022,0,8,15051
rope,1022,0,8,96717
attn,1022,0,8,47423
o_proj,1022,0,8,94252
post_layernorm,1022,0,8,226987
gate_proj,1022,0,8,308223
up_proj,1022,0,8,303084
act_fn,1022,0,8,35598
down_proj,1022,0,8,284460
final_layernorm,1022,0,8,228255
lm_head,1022,0,8,699144
embedding,1023,0,8,90090
input_layernorm,1023,0,8,227270
q_proj,1023,0,8,91686
k_proj,1023,0,8,15139
v_proj,1023,0,8,15055
rope,1023,0,8,98553
attn,1023,0,8,48155
o_proj,1023,0,8,95118
post_layernorm,1023,0,8,228683
gate_proj,1023,0,8,311766
up_proj,1023,0,8,303888
act_fn,1023,0,8,35767
down_proj,1023,0,8,284715
final_layernorm,1023,0,8,229597
lm_head,1023,0,8,699660
embedding,1024,0,8,89173
input_layernorm,1024,0,8,226662
q_proj,1024,0,8,91680
k_proj,1024,0,8,14980
v_proj,1024,0,8,15041
rope,1024,0,8,98333
attn,1024,0,8,34891
o_proj,1024,0,8,94868
post_layernorm,1024,0,8,227673
gate_proj,1024,0,8,318509
up_proj,1024,0,8,307476
act_fn,1024,0,8,35472
down_proj,1024,0,8,282769
final_layernorm,1024,0,8,228535
lm_head,1024,0,8,700232
embedding,1025,0,8,90090
input_layernorm,1025,0,8,229093
q_proj,1025,0,8,102066
k_proj,1025,0,8,14606
v_proj,1025,0,8,12908
rope,1025,0,8,97547
attn,1025,0,8,60487
o_proj,1025,0,8,97116
post_layernorm,1025,0,8,229420
gate_proj,1025,0,8,311040
up_proj,1025,0,8,303671
act_fn,1025,0,8,36012
down_proj,1025,0,8,295256
final_layernorm,1025,0,8,230430
lm_head,1025,0,8,721919
embedding,1026,0,8,88537
input_layernorm,1026,0,8,227485
q_proj,1026,0,8,101232
k_proj,1026,0,8,14365
v_proj,1026,0,8,12475
rope,1026,0,8,96388
attn,1026,0,8,61356
o_proj,1026,0,8,96202
post_layernorm,1026,0,8,227940
gate_proj,1026,0,8,307342
up_proj,1026,0,8,303258
act_fn,1026,0,8,36088
down_proj,1026,0,8,295360
final_layernorm,1026,0,8,229280
lm_head,1026,0,8,720649
embedding,1027,0,8,89753
input_layernorm,1027,0,8,228368
q_proj,1027,0,8,101454
k_proj,1027,0,8,14419
v_proj,1027,0,8,12793
rope,1027,0,8,96765
attn,1027,0,8,58877
o_proj,1027,0,8,96736
post_layernorm,1027,0,8,229307
gate_proj,1027,0,8,308275
up_proj,1027,0,8,303771
act_fn,1027,0,8,36142
down_proj,1027,0,8,295353
final_layernorm,1027,0,8,229840
lm_head,1027,0,8,721580
embedding,1028,0,8,88690
input_layernorm,1028,0,8,228710
q_proj,1028,0,8,101440
k_proj,1028,0,8,14529
v_proj,1028,0,8,12491
rope,1028,0,8,96732
attn,1028,0,8,61580
o_proj,1028,0,8,96366
post_layernorm,1028,0,8,228380
gate_proj,1028,0,8,307693
up_proj,1028,0,8,303296
act_fn,1028,0,8,36207
down_proj,1028,0,8,295466
final_layernorm,1028,0,8,230183
lm_head,1028,0,8,720336
embedding,1029,0,8,88798
input_layernorm,1029,0,8,229338
q_proj,1029,0,8,101226
k_proj,1029,0,8,14519
v_proj,1029,0,8,12696
rope,1029,0,8,96385
attn,1029,0,8,58564
o_proj,1029,0,8,96538
post_layernorm,1029,0,8,229338
gate_proj,1029,0,8,307420
up_proj,1029,0,8,303593
act_fn,1029,0,8,36177
down_proj,1029,0,8,295585
final_layernorm,1029,0,8,230565
lm_head,1029,0,8,720620
embedding,1030,0,8,89653
input_layernorm,1030,0,8,230767
q_proj,1030,0,8,102472
k_proj,1030,0,8,14881
v_proj,1030,0,8,12675
rope,1030,0,8,98220
attn,1030,0,8,62476
o_proj,1030,0,8,97354
post_layernorm,1030,0,8,231390
gate_proj,1030,0,8,311207
up_proj,1030,0,8,304051
act_fn,1030,0,8,36370
down_proj,1030,0,8,295657
final_layernorm,1030,0,8,231718
lm_head,1030,0,8,723320
embedding,1031,0,8,88808
input_layernorm,1031,0,8,230098
q_proj,1031,0,8,101426
k_proj,1031,0,8,14523
v_proj,1031,0,8,12682
rope,1031,0,8,96698
attn,1031,0,8,59005
o_proj,1031,0,8,96666
post_layernorm,1031,0,8,229733
gate_proj,1031,0,8,307829
up_proj,1031,0,8,304068
act_fn,1031,0,8,36437
down_proj,1031,0,8,295670
final_layernorm,1031,0,8,231368
lm_head,1031,0,8,721429
embedding,1032,0,8,89648
input_layernorm,1032,0,8,228888
q_proj,1032,0,8,101596
k_proj,1032,0,8,15388
v_proj,1032,0,8,13895
rope,1032,0,8,96963
attn,1032,0,8,61502
o_proj,1032,0,8,96552
post_layernorm,1032,0,8,230057
gate_proj,1032,0,8,308579
up_proj,1032,0,8,303879
act_fn,1032,0,8,36525
down_proj,1032,0,8,295843
final_layernorm,1032,0,8,230918
lm_head,1032,0,8,721345
embedding,1033,0,8,90367
input_layernorm,1033,0,8,232030
q_proj,1033,0,8,102368
k_proj,1033,0,8,15978
v_proj,1033,0,8,14402
rope,1033,0,8,98022
attn,1033,0,8,60951
o_proj,1033,0,8,97286
post_layernorm,1033,0,8,232368
gate_proj,1033,0,8,311395
up_proj,1033,0,8,304120
act_fn,1033,0,8,36340
down_proj,1033,0,8,296071
final_layernorm,1033,0,8,232620
lm_head,1033,0,8,723759
embedding,1034,0,8,88995
input_layernorm,1034,0,8,230875
q_proj,1034,0,8,101838
k_proj,1034,0,8,16035
v_proj,1034,0,8,14258
rope,1034,0,8,97240
attn,1034,0,8,61345
o_proj,1034,0,8,96704
post_layernorm,1034,0,8,231023
gate_proj,1034,0,8,308644
up_proj,1034,0,8,303855
act_fn,1034,0,8,36462
down_proj,1034,0,8,296129
final_layernorm,1034,0,8,231643
lm_head,1034,0,8,722371
embedding,1035,0,8,90173
input_layernorm,1035,0,8,231748
q_proj,1035,0,8,101794
k_proj,1035,0,8,16038
v_proj,1035,0,8,14416
rope,1035,0,8,97693
attn,1035,0,8,59974
o_proj,1035,0,8,96924
post_layernorm,1035,0,8,231945
gate_proj,1035,0,8,308828
up_proj,1035,0,8,304389
act_fn,1035,0,8,36430
down_proj,1035,0,8,296246
final_layernorm,1035,0,8,232787
lm_head,1035,0,8,722523
embedding,1036,0,8,88962
input_layernorm,1036,0,8,230340
q_proj,1036,0,8,101274
k_proj,1036,0,8,16047
v_proj,1036,0,8,14339
rope,1036,0,8,96958
attn,1036,0,8,62258
o_proj,1036,0,8,96434
post_layernorm,1036,0,8,231245
gate_proj,1036,0,8,307264
up_proj,1036,0,8,303754
act_fn,1036,0,8,36825
down_proj,1036,0,8,295978
final_layernorm,1036,0,8,232745
lm_head,1036,0,8,722016
embedding,1037,0,8,90680
input_layernorm,1037,0,8,233390
q_proj,1037,0,8,102440
k_proj,1037,0,8,15976
v_proj,1037,0,8,14306
rope,1037,0,8,98302
attn,1037,0,8,61682
o_proj,1037,0,8,97414
post_layernorm,1037,0,8,233678
gate_proj,1037,0,8,311428
up_proj,1037,0,8,304787
act_fn,1037,0,8,36617
down_proj,1037,0,8,296435
final_layernorm,1037,0,8,234712
lm_head,1037,0,8,724076
embedding,1038,0,8,90055
input_layernorm,1038,0,8,231837
q_proj,1038,0,8,101694
k_proj,1038,0,8,16007
v_proj,1038,0,8,14179
rope,1038,0,8,97200
attn,1038,0,8,61520
o_proj,1038,0,8,96790
post_layernorm,1038,0,8,232248
gate_proj,1038,0,8,308574
up_proj,1038,0,8,304360
act_fn,1038,0,8,36793
down_proj,1038,0,8,296279
final_layernorm,1038,0,8,234018
lm_head,1038,0,8,722811
embedding,1039,0,8,89952
input_layernorm,1039,0,8,232402
q_proj,1039,0,8,101692
k_proj,1039,0,8,15818
v_proj,1039,0,8,14282
rope,1039,0,8,97387
attn,1039,0,8,60501
o_proj,1039,0,8,96838
post_layernorm,1039,0,8,232440
gate_proj,1039,0,8,308239
up_proj,1039,0,8,304237
act_fn,1039,0,8,36765
down_proj,1039,0,8,296543
final_layernorm,1039,0,8,233580
lm_head,1039,0,8,722781
embedding,1040,0,8,89405
input_layernorm,1040,0,8,231337
q_proj,1040,0,8,119598
k_proj,1040,0,8,17415
v_proj,1040,0,8,15309
rope,1040,0,8,97240
attn,1040,0,8,60313
o_proj,1040,0,8,96586
post_layernorm,1040,0,8,232010
gate_proj,1040,0,8,355219
up_proj,1040,0,8,349943
act_fn,1040,0,8,37387
down_proj,1040,0,8,298770
final_layernorm,1040,0,8,233465
lm_head,1040,0,8,722739
embedding,1041,0,8,90592
input_layernorm,1041,0,8,234490
q_proj,1041,0,8,95604
k_proj,1041,0,8,17182
v_proj,1041,0,8,15621
rope,1041,0,8,97915
attn,1041,0,8,60822
o_proj,1041,0,8,97182
post_layernorm,1041,0,8,234402
gate_proj,1041,0,8,309953
up_proj,1041,0,8,304146
act_fn,1041,0,8,36873
down_proj,1041,0,8,296381
final_layernorm,1041,0,8,235688
lm_head,1041,0,8,723714
embedding,1042,0,8,89410
input_layernorm,1042,0,8,232308
q_proj,1042,0,8,95386
k_proj,1042,0,8,16977
v_proj,1042,0,8,15448
rope,1042,0,8,97280
attn,1042,0,8,61773
o_proj,1042,0,8,96862
post_layernorm,1042,0,8,232848
gate_proj,1042,0,8,308321
up_proj,1042,0,8,304044
act_fn,1042,0,8,36718
down_proj,1042,0,8,296662
final_layernorm,1042,0,8,234350
lm_head,1042,0,8,723510
embedding,1043,0,8,90038
input_layernorm,1043,0,8,233637
q_proj,1043,0,8,95318
k_proj,1043,0,8,17101
v_proj,1043,0,8,15375
rope,1043,0,8,96883
attn,1043,0,8,61130
o_proj,1043,0,8,96774
post_layernorm,1043,0,8,233620
gate_proj,1043,0,8,307569
up_proj,1043,0,8,304399
act_fn,1043,0,8,36978
down_proj,1043,0,8,296712
final_layernorm,1043,0,8,234930
lm_head,1043,0,8,723131
embedding,1044,0,8,90367
input_layernorm,1044,0,8,234410
q_proj,1044,0,8,95660
k_proj,1044,0,8,17347
v_proj,1044,0,8,15560
rope,1044,0,8,98043
attn,1044,0,8,61126
o_proj,1044,0,8,97204
post_layernorm,1044,0,8,235535
gate_proj,1044,0,8,309708
up_proj,1044,0,8,305184
act_fn,1044,0,8,36763
down_proj,1044,0,8,297050
final_layernorm,1044,0,8,236398
lm_head,1044,0,8,724019
embedding,1045,0,8,91090
input_layernorm,1045,0,8,235448
q_proj,1045,0,8,96148
k_proj,1045,0,8,17378
v_proj,1045,0,8,15724
rope,1045,0,8,98387
attn,1045,0,8,61504
o_proj,1045,0,8,97522
post_layernorm,1045,0,8,236248
gate_proj,1045,0,8,311887
up_proj,1045,0,8,305052
act_fn,1045,0,8,36982
down_proj,1045,0,8,297065
final_layernorm,1045,0,8,236932
lm_head,1045,0,8,726166
embedding,1046,0,8,90082
input_layernorm,1046,0,8,233725
q_proj,1046,0,8,95184
k_proj,1046,0,8,16878
v_proj,1046,0,8,15293
rope,1046,0,8,96907
attn,1046,0,8,59791
o_proj,1046,0,8,96700
post_layernorm,1046,0,8,234152
gate_proj,1046,0,8,307060
up_proj,1046,0,8,304484
act_fn,1046,0,8,37008
down_proj,1046,0,8,297119
final_layernorm,1046,0,8,235672
lm_head,1046,0,8,724158
embedding,1047,0,8,91357
input_layernorm,1047,0,8,236895
q_proj,1047,0,8,96134
k_proj,1047,0,8,17450
v_proj,1047,0,8,15790
rope,1047,0,8,98860
attn,1047,0,8,60737
o_proj,1047,0,8,97692
post_layernorm,1047,0,8,237347
gate_proj,1047,0,8,311376
up_proj,1047,0,8,304872
act_fn,1047,0,8,36965
down_proj,1047,0,8,296998
final_layernorm,1047,0,8,237900
lm_head,1047,0,8,725140
embedding,1048,0,8,89607
input_layernorm,1048,0,8,234077
q_proj,1048,0,8,95422
k_proj,1048,0,8,16934
v_proj,1048,0,8,15414
rope,1048,0,8,97455
attn,1048,0,8,59870
o_proj,1048,0,8,96814
post_layernorm,1048,0,8,234767
gate_proj,1048,0,8,308087
up_proj,1048,0,8,304477
act_fn,1048,0,8,37112
down_proj,1048,0,8,297325
final_layernorm,1048,0,8,236613
lm_head,1048,0,8,723479
embedding,1049,0,8,90298
input_layernorm,1049,0,8,235227
q_proj,1049,0,8,95470
k_proj,1049,0,8,17059
v_proj,1049,0,8,15428
rope,1049,0,8,97008
attn,1049,0,8,60536
o_proj,1049,0,8,97000
post_layernorm,1049,0,8,235243
gate_proj,1049,0,8,307762
up_proj,1049,0,8,304826
act_fn,1049,0,8,37032
down_proj,1049,0,8,297039
final_layernorm,1049,0,8,236758
lm_head,1049,0,8,724304
embedding,1050,0,8,91703
input_layernorm,1050,0,8,236958
q_proj,1050,0,8,96280
k_proj,1050,0,8,17541
v_proj,1050,0,8,15840
rope,1050,0,8,99100
attn,1050,0,8,61710
o_proj,1050,0,8,97872
post_layernorm,1050,0,8,237907
gate_proj,1050,0,8,312095
up_proj,1050,0,8,305784
act_fn,1050,0,8,37350
down_proj,1050,0,8,297557
final_layernorm,1050,0,8,238645
lm_head,1050,0,8,726589
embedding,1051,0,8,90655
input_layernorm,1051,0,8,236183
q_proj,1051,0,8,95548
k_proj,1051,0,8,16888
v_proj,1051,0,8,15401
rope,1051,0,8,97370
attn,1051,0,8,60419
o_proj,1051,0,8,97034
post_layernorm,1051,0,8,236355
gate_proj,1051,0,8,308044
up_proj,1051,0,8,304835
act_fn,1051,0,8,37327
down_proj,1051,0,8,297407
final_layernorm,1051,0,8,237510
lm_head,1051,0,8,724679
embedding,1052,0,8,90930
input_layernorm,1052,0,8,236545
q_proj,1052,0,8,95764
k_proj,1052,0,8,17132
v_proj,1052,0,8,15526
rope,1052,0,8,98285
attn,1052,0,8,60525
o_proj,1052,0,8,97278
post_layernorm,1052,0,8,237060
gate_proj,1052,0,8,309744
up_proj,1052,0,8,305112
act_fn,1052,0,8,37507
down_proj,1052,0,8,297579
final_layernorm,1052,0,8,238417
lm_head,1052,0,8,725040
embedding,1053,0,8,92118
input_layernorm,1053,0,8,237717
q_proj,1053,0,8,96182
k_proj,1053,0,8,17282
v_proj,1053,0,8,15738
rope,1053,0,8,98602
attn,1053,0,8,59623
o_proj,1053,0,8,97672
post_layernorm,1053,0,8,238392
gate_proj,1053,0,8,311380
up_proj,1053,0,8,305522
act_fn,1053,0,8,37532
down_proj,1053,0,8,297884
final_layernorm,1053,0,8,239452
lm_head,1053,0,8,726687
embedding,1054,0,8,91328
input_layernorm,1054,0,8,236057
q_proj,1054,0,8,95614
k_proj,1054,0,8,17180
v_proj,1054,0,8,15423
rope,1054,0,8,97590
attn,1054,0,8,60749
o_proj,1054,0,8,97068
post_layernorm,1054,0,8,236857
gate_proj,1054,0,8,308408
up_proj,1054,0,8,305563
act_fn,1054,0,8,37302
down_proj,1054,0,8,298073
final_layernorm,1054,0,8,238408
lm_head,1054,0,8,725313
embedding,1055,0,8,90978
input_layernorm,1055,0,8,238272
q_proj,1055,0,8,95722
k_proj,1055,0,8,17103
v_proj,1055,0,8,15490
rope,1055,0,8,97990
attn,1055,0,8,59534
o_proj,1055,0,8,97116
post_layernorm,1055,0,8,238275
gate_proj,1055,0,8,308928
up_proj,1055,0,8,305338
act_fn,1055,0,8,37452
down_proj,1055,0,8,297670
final_layernorm,1055,0,8,239182
lm_head,1055,0,8,725295
embedding,1056,0,8,92030
input_layernorm,1056,0,8,235372
q_proj,1056,0,8,118564
k_proj,1056,0,8,15191
v_proj,1056,0,8,13690
rope,1056,0,8,97662
attn,1056,0,8,60848
o_proj,1056,0,8,103190
post_layernorm,1056,0,8,236943
gate_proj,1056,0,8,353533
up_proj,1056,0,8,351312
act_fn,1056,0,8,38298
down_proj,1056,0,8,320677
final_layernorm,1056,0,8,237910
lm_head,1056,0,8,860531
embedding,1057,0,8,91473
input_layernorm,1057,0,8,237383
q_proj,1057,0,8,95768
k_proj,1057,0,8,17377
v_proj,1057,0,8,15860
rope,1057,0,8,97940
attn,1057,0,8,60797
o_proj,1057,0,8,99038
post_layernorm,1057,0,8,237735
gate_proj,1057,0,8,308947
up_proj,1057,0,8,305366
act_fn,1057,0,8,37585
down_proj,1057,0,8,304527
final_layernorm,1057,0,8,239373
lm_head,1057,0,8,755568
embedding,1058,0,8,93208
input_layernorm,1058,0,8,239215
q_proj,1058,0,8,96330
k_proj,1058,0,8,17896
v_proj,1058,0,8,16205
rope,1058,0,8,99713
attn,1058,0,8,62193
o_proj,1058,0,8,99884
post_layernorm,1058,0,8,240587
gate_proj,1058,0,8,311896
up_proj,1058,0,8,305851
act_fn,1058,0,8,37530
down_proj,1058,0,8,304826
final_layernorm,1058,0,8,241305
lm_head,1058,0,8,757233
embedding,1059,0,8,92535
input_layernorm,1059,0,8,238452
q_proj,1059,0,8,95714
k_proj,1059,0,8,17236
v_proj,1059,0,8,15759
rope,1059,0,8,98238
attn,1059,0,8,61630
o_proj,1059,0,8,99010
post_layernorm,1059,0,8,238907
gate_proj,1059,0,8,308353
up_proj,1059,0,8,305418
act_fn,1059,0,8,37660
down_proj,1059,0,8,304863
final_layernorm,1059,0,8,239927
lm_head,1059,0,8,755383
embedding,1060,0,8,92398
input_layernorm,1060,0,8,238858
q_proj,1060,0,8,96046
k_proj,1060,0,8,17349
v_proj,1060,0,8,15982
rope,1060,0,8,99302
attn,1060,0,8,60344
o_proj,1060,0,8,99382
post_layernorm,1060,0,8,240572
gate_proj,1060,0,8,310130
up_proj,1060,0,8,305537
act_fn,1060,0,8,37775
down_proj,1060,0,8,304594
final_layernorm,1060,0,8,241237
lm_head,1060,0,8,755919
embedding,1061,0,8,92152
input_layernorm,1061,0,8,238385
q_proj,1061,0,8,95694
k_proj,1061,0,8,17401
v_proj,1061,0,8,15637
rope,1061,0,8,98212
attn,1061,0,8,60462
o_proj,1061,0,8,98984
post_layernorm,1061,0,8,239363
gate_proj,1061,0,8,307482
up_proj,1061,0,8,305173
act_fn,1061,0,8,37832
down_proj,1061,0,8,304755
final_layernorm,1061,0,8,241012
lm_head,1061,0,8,755145
embedding,1062,0,8,92237
input_layernorm,1062,0,8,239047
q_proj,1062,0,8,95878
k_proj,1062,0,8,17491
v_proj,1062,0,8,15724
rope,1062,0,8,98495
attn,1062,0,8,61238
o_proj,1062,0,8,99080
post_layernorm,1062,0,8,239480
gate_proj,1062,0,8,308759
up_proj,1062,0,8,305842
act_fn,1062,0,8,37792
down_proj,1062,0,8,305208
final_layernorm,1062,0,8,240975
lm_head,1062,0,8,755395
embedding,1063,0,8,91788
input_layernorm,1063,0,8,239995
q_proj,1063,0,8,95634
k_proj,1063,0,8,17186
v_proj,1063,0,8,15649
rope,1063,0,8,98507
attn,1063,0,8,59312
o_proj,1063,0,8,98940
post_layernorm,1063,0,8,239800
gate_proj,1063,0,8,307883
up_proj,1063,0,8,305608
act_fn,1063,0,8,37998
down_proj,1063,0,8,305253
final_layernorm,1063,0,8,241157
lm_head,1063,0,8,754538
embedding,1064,0,8,92412
input_layernorm,1064,0,8,240670
q_proj,1064,0,8,96008
k_proj,1064,0,8,17559
v_proj,1064,0,8,15945
rope,1064,0,8,99725
attn,1064,0,8,61173
o_proj,1064,0,8,99414
post_layernorm,1064,0,8,240692
gate_proj,1064,0,8,310121
up_proj,1064,0,8,306130
act_fn,1064,0,8,38035
down_proj,1064,0,8,305026
final_layernorm,1064,0,8,241597
lm_head,1064,0,8,755858
embedding,1065,0,8,92650
input_layernorm,1065,0,8,241510
q_proj,1065,0,8,96340
k_proj,1065,0,8,15715
v_proj,1065,0,8,14102
rope,1065,0,8,99623
attn,1065,0,8,63176
o_proj,1065,0,8,99806
post_layernorm,1065,0,8,242448
gate_proj,1065,0,8,311759
up_proj,1065,0,8,306053
act_fn,1065,0,8,38093
down_proj,1065,0,8,305368
final_layernorm,1065,0,8,243495
lm_head,1065,0,8,735228
embedding,1066,0,8,91660
input_layernorm,1066,0,8,239763
q_proj,1066,0,8,95902
k_proj,1066,0,8,15651
v_proj,1066,0,8,13803
rope,1066,0,8,98683
attn,1066,0,8,57902
o_proj,1066,0,8,99152
post_layernorm,1066,0,8,241113
gate_proj,1066,0,8,307807
up_proj,1066,0,8,305920
act_fn,1066,0,8,38072
down_proj,1066,0,8,305576
final_layernorm,1066,0,8,241685
lm_head,1066,0,8,733890
embedding,1067,0,8,93030
input_layernorm,1067,0,8,240943
q_proj,1067,0,8,95724
k_proj,1067,0,8,15415
v_proj,1067,0,8,14023
rope,1067,0,8,98593
attn,1067,0,8,61496
o_proj,1067,0,8,98916
post_layernorm,1067,0,8,241148
gate_proj,1067,0,8,308252
up_proj,1067,0,8,306241
act_fn,1067,0,8,38088
down_proj,1067,0,8,305591
final_layernorm,1067,0,8,242717
lm_head,1067,0,8,732903
embedding,1068,0,8,91782
input_layernorm,1068,0,8,240455
q_proj,1068,0,8,95832
k_proj,1068,0,8,15583
v_proj,1068,0,8,13912
rope,1068,0,8,99263
attn,1068,0,8,58981
o_proj,1068,0,8,99352
post_layernorm,1068,0,8,241680
gate_proj,1068,0,8,308221
up_proj,1068,0,8,305693
act_fn,1068,0,8,38137
down_proj,1068,0,8,305584
final_layernorm,1068,0,8,242970
lm_head,1068,0,8,734171
embedding,1069,0,8,95270
input_layernorm,1069,0,8,243127
q_proj,1069,0,8,96410
k_proj,1069,0,8,15761
v_proj,1069,0,8,14156
rope,1069,0,8,99925
attn,1069,0,8,62810
o_proj,1069,0,8,99804
post_layernorm,1069,0,8,243750
gate_proj,1069,0,8,311300
up_proj,1069,0,8,306676
act_fn,1069,0,8,38038
down_proj,1069,0,8,306202
final_layernorm,1069,0,8,244790
lm_head,1069,0,8,735778
embedding,1070,0,8,92200
input_layernorm,1070,0,8,241298
q_proj,1070,0,8,96072
k_proj,1070,0,8,15628
v_proj,1070,0,8,13915
rope,1070,0,8,99313
attn,1070,0,8,59108
o_proj,1070,0,8,99440
post_layernorm,1070,0,8,241893
gate_proj,1070,0,8,308904
up_proj,1070,0,8,306078
act_fn,1070,0,8,38230
down_proj,1070,0,8,306033
final_layernorm,1070,0,8,243113
lm_head,1070,0,8,734768
embedding,1071,0,8,93500
input_layernorm,1071,0,8,243587
q_proj,1071,0,8,96468
k_proj,1071,0,8,15665
v_proj,1071,0,8,14165
rope,1071,0,8,100372
attn,1071,0,8,63029
o_proj,1071,0,8,99906
post_layernorm,1071,0,8,244285
gate_proj,1071,0,8,312115
up_proj,1071,0,8,306960
act_fn,1071,0,8,38142
down_proj,1071,0,8,306247
final_layernorm,1071,0,8,244547
lm_head,1071,0,8,736332
embedding,1072,0,8,93627
input_layernorm,1072,0,8,243258
q_proj,1072,0,8,100200
k_proj,1072,0,8,17709
v_proj,1072,0,8,15747
rope,1072,0,8,101153
attn,1072,0,8,61333
o_proj,1072,0,8,99682
post_layernorm,1072,0,8,244225
gate_proj,1072,0,8,312035
up_proj,1072,0,8,302776
act_fn,1072,0,8,37808
down_proj,1072,0,8,302131
final_layernorm,1072,0,8,244478
lm_head,1072,0,8,736579
embedding,1073,0,8,92407
input_layernorm,1073,0,8,242528
q_proj,1073,0,8,95916
k_proj,1073,0,8,15469
v_proj,1073,0,8,14028
rope,1073,0,8,98993
attn,1073,0,8,63091
o_proj,1073,0,8,99154
post_layernorm,1073,0,8,243302
gate_proj,1073,0,8,307541
up_proj,1073,0,8,305966
act_fn,1073,0,8,38373
down_proj,1073,0,8,305858
final_layernorm,1073,0,8,244768
lm_head,1073,0,8,734764
embedding,1074,0,8,93452
input_layernorm,1074,0,8,243978
q_proj,1074,0,8,96338
k_proj,1074,0,8,15875
v_proj,1074,0,8,13939
rope,1074,0,8,100402
attn,1074,0,8,63628
o_proj,1074,0,8,99764
post_layernorm,1074,0,8,245068
gate_proj,1074,0,8,309959
up_proj,1074,0,8,306674
act_fn,1074,0,8,38447
down_proj,1074,0,8,306230
final_layernorm,1074,0,8,245727
lm_head,1074,0,8,735743
embedding,1075,0,8,93193
input_layernorm,1075,0,8,243083
q_proj,1075,0,8,95974
k_proj,1075,0,8,15536
v_proj,1075,0,8,14121
rope,1075,0,8,99243
attn,1075,0,8,63973
o_proj,1075,0,8,99242
post_layernorm,1075,0,8,243508
gate_proj,1075,0,8,308302
up_proj,1075,0,8,306436
act_fn,1075,0,8,38378
down_proj,1075,0,8,305953
final_layernorm,1075,0,8,245123
lm_head,1075,0,8,734397
embedding,1076,0,8,92333
input_layernorm,1076,0,8,242417
q_proj,1076,0,8,96006
k_proj,1076,0,8,15556
v_proj,1076,0,8,13854
rope,1076,0,8,99922
attn,1076,0,8,64023
o_proj,1076,0,8,99482
post_layernorm,1076,0,8,244075
gate_proj,1076,0,8,308477
up_proj,1076,0,8,306377
act_fn,1076,0,8,38445
down_proj,1076,0,8,306241
final_layernorm,1076,0,8,245442
lm_head,1076,0,8,735147
embedding,1077,0,8,93572
input_layernorm,1077,0,8,244557
q_proj,1077,0,8,96248
k_proj,1077,0,8,15603
v_proj,1077,0,8,14217
rope,1077,0,8,99488
attn,1077,0,8,64234
o_proj,1077,0,8,99622
post_layernorm,1077,0,8,246257
gate_proj,1077,0,8,310102
up_proj,1077,0,8,306644
act_fn,1077,0,8,38487
down_proj,1077,0,8,306700
final_layernorm,1077,0,8,246335
lm_head,1077,0,8,736357
embedding,1078,0,8,92663
input_layernorm,1078,0,8,243652
q_proj,1078,0,8,96054
k_proj,1078,0,8,15695
v_proj,1078,0,8,13872
rope,1078,0,8,99415
attn,1078,0,8,63788
o_proj,1078,0,8,99430
post_layernorm,1078,0,8,244665
gate_proj,1078,0,8,308024
up_proj,1078,0,8,306427
act_fn,1078,0,8,38615
down_proj,1078,0,8,306715
final_layernorm,1078,0,8,245607
lm_head,1078,0,8,735309
embedding,1079,0,8,94143
input_layernorm,1079,0,8,245618
q_proj,1079,0,8,96496
k_proj,1079,0,8,15762
v_proj,1079,0,8,14286
rope,1079,0,8,100392
attn,1079,0,8,64711
o_proj,1079,0,8,99896
post_layernorm,1079,0,8,246780
gate_proj,1079,0,8,309836
up_proj,1079,0,8,307261
act_fn,1079,0,8,38678
down_proj,1079,0,8,306659
final_layernorm,1079,0,8,247137
lm_head,1079,0,8,737046
embedding,1080,0,8,93993
input_layernorm,1080,0,8,245758
q_proj,1080,0,8,96786
k_proj,1080,0,8,15832
v_proj,1080,0,8,14079
rope,1080,0,8,101632
attn,1080,0,8,64953
o_proj,1080,0,8,100374
post_layernorm,1080,0,8,246120
gate_proj,1080,0,8,311714
up_proj,1080,0,8,307253
act_fn,1080,0,8,38740
down_proj,1080,0,8,306443
final_layernorm,1080,0,8,247318
lm_head,1080,0,8,746950
embedding,1081,0,8,94453
input_layernorm,1081,0,8,247382
q_proj,1081,0,8,96948
k_proj,1081,0,8,17703
v_proj,1081,0,8,15904
rope,1081,0,8,101197
attn,1081,0,8,60260
o_proj,1081,0,8,100490
post_layernorm,1081,0,8,248485
gate_proj,1081,0,8,311851
up_proj,1081,0,8,302239
act_fn,1081,0,8,38278
down_proj,1081,0,8,307054
final_layernorm,1081,0,8,248495
lm_head,1081,0,8,738441
embedding,1082,0,8,92382
input_layernorm,1082,0,8,244615
q_proj,1082,0,8,96094
k_proj,1082,0,8,17274
v_proj,1082,0,8,15352
rope,1082,0,8,99445
attn,1082,0,8,58323
o_proj,1082,0,8,99478
post_layernorm,1082,0,8,246258
gate_proj,1082,0,8,307071
up_proj,1082,0,8,301591
act_fn,1082,0,8,38370
down_proj,1082,0,8,306518
final_layernorm,1082,0,8,247457
lm_head,1082,0,8,736369
embedding,1083,0,8,93572
input_layernorm,1083,0,8,247898
q_proj,1083,0,8,96792
k_proj,1083,0,8,17657
v_proj,1083,0,8,15794
rope,1083,0,8,100938
attn,1083,0,8,60775
o_proj,1083,0,8,100274
post_layernorm,1083,0,8,249222
gate_proj,1083,0,8,310615
up_proj,1083,0,8,303468
act_fn,1083,0,8,38530
down_proj,1083,0,8,307034
final_layernorm,1083,0,8,248813
lm_head,1083,0,8,738368
embedding,1084,0,8,93148
input_layernorm,1084,0,8,245483
q_proj,1084,0,8,96206
k_proj,1084,0,8,17190
v_proj,1084,0,8,15379
rope,1084,0,8,99948
attn,1084,0,8,59926
o_proj,1084,0,8,99542
post_layernorm,1084,0,8,247307
gate_proj,1084,0,8,307723
up_proj,1084,0,8,301470
act_fn,1084,0,8,38690
down_proj,1084,0,8,306562
final_layernorm,1084,0,8,248177
lm_head,1084,0,8,736411
embedding,1085,0,8,93260
input_layernorm,1085,0,8,245658
q_proj,1085,0,8,95922
k_proj,1085,0,8,16951
v_proj,1085,0,8,15244
rope,1085,0,8,98913
attn,1085,0,8,60875
o_proj,1085,0,8,99196
post_layernorm,1085,0,8,247490
gate_proj,1085,0,8,308304
up_proj,1085,0,8,302018
act_fn,1085,0,8,38337
down_proj,1085,0,8,306293
final_layernorm,1085,0,8,247853
lm_head,1085,0,8,735816
embedding,1086,0,8,93733
input_layernorm,1086,0,8,246752
q_proj,1086,0,8,96388
k_proj,1086,0,8,17133
v_proj,1086,0,8,15509
rope,1086,0,8,100048
attn,1086,0,8,61394
o_proj,1086,0,8,99782
post_layernorm,1086,0,8,248357
gate_proj,1086,0,8,309183
up_proj,1086,0,8,302256
act_fn,1086,0,8,38625
down_proj,1086,0,8,306750
final_layernorm,1086,0,8,249375
lm_head,1086,0,8,737445
embedding,1087,0,8,95432
input_layernorm,1087,0,8,249188
q_proj,1087,0,8,96798
k_proj,1087,0,8,17431
v_proj,1087,0,8,15721
rope,1087,0,8,100922
attn,1087,0,8,61133
o_proj,1087,0,8,100244
post_layernorm,1087,0,8,249478
gate_proj,1087,0,8,310685
up_proj,1087,0,8,302792
act_fn,1087,0,8,38565
down_proj,1087,0,8,307170
final_layernorm,1087,0,8,250670
lm_head,1087,0,8,738646
embedding,1088,0,8,95132
input_layernorm,1088,0,8,246478
q_proj,1088,0,8,106624
k_proj,1088,0,8,18329
v_proj,1088,0,8,16301
rope,1088,0,8,100545
attn,1088,0,8,60293
o_proj,1088,0,8,104568
post_layernorm,1088,0,8,248842
gate_proj,1088,0,8,309084
up_proj,1088,0,8,303292
act_fn,1088,0,8,38725
down_proj,1088,0,8,319947
final_layernorm,1088,0,8,249287
lm_head,1088,0,8,795878
embedding,1089,0,8,94198
input_layernorm,1089,0,8,247420
q_proj,1089,0,8,121216
k_proj,1089,0,8,17567
v_proj,1089,0,8,15342
rope,1089,0,8,99582
attn,1089,0,8,64642
o_proj,1089,0,8,104206
post_layernorm,1089,0,8,248648
gate_proj,1089,0,8,307511
up_proj,1089,0,8,302259
act_fn,1089,0,8,38610
down_proj,1089,0,8,319991
final_layernorm,1089,0,8,249870
lm_head,1089,0,8,784694
embedding,1090,0,8,94017
input_layernorm,1090,0,8,247452
q_proj,1090,0,8,121708
k_proj,1090,0,8,17756
v_proj,1090,0,8,15457
rope,1090,0,8,99968
attn,1090,0,8,64598
o_proj,1090,0,8,104344
post_layernorm,1090,0,8,249248
gate_proj,1090,0,8,308408
up_proj,1090,0,8,302165
act_fn,1090,0,8,38627
down_proj,1090,0,8,319885
final_layernorm,1090,0,8,250638
lm_head,1090,0,8,785099
embedding,1091,0,8,94302
input_layernorm,1091,0,8,248832
q_proj,1091,0,8,120340
k_proj,1091,0,8,17543
v_proj,1091,0,8,15319
rope,1091,0,8,99697
attn,1091,0,8,64629
o_proj,1091,0,8,104074
post_layernorm,1091,0,8,249712
gate_proj,1091,0,8,306908
up_proj,1091,0,8,302447
act_fn,1091,0,8,38652
down_proj,1091,0,8,320121
final_layernorm,1091,0,8,250572
lm_head,1091,0,8,784279
embedding,1092,0,8,95637
input_layernorm,1092,0,8,249547
q_proj,1092,0,8,121754
k_proj,1092,0,8,17759
v_proj,1092,0,8,15609
rope,1092,0,8,101477
attn,1092,0,8,65243
o_proj,1092,0,8,104790
post_layernorm,1092,0,8,251397
gate_proj,1092,0,8,310178
up_proj,1092,0,8,302863
act_fn,1092,0,8,38730
down_proj,1092,0,8,319945
final_layernorm,1092,0,8,251922
lm_head,1092,0,8,786022
embedding,1093,0,8,94060
input_layernorm,1093,0,8,248580
q_proj,1093,0,8,121552
k_proj,1093,0,8,17734
v_proj,1093,0,8,15369
rope,1093,0,8,99657
attn,1093,0,8,66793
o_proj,1093,0,8,103912
post_layernorm,1093,0,8,249673
gate_proj,1093,0,8,307394
up_proj,1093,0,8,302395
act_fn,1093,0,8,38703
down_proj,1093,0,8,320192
final_layernorm,1093,0,8,251170
lm_head,1093,0,8,784600
embedding,1094,0,8,96058
input_layernorm,1094,0,8,250510
q_proj,1094,0,8,120584
k_proj,1094,0,8,18074
v_proj,1094,0,8,15737
rope,1094,0,8,101742
attn,1094,0,8,67868
o_proj,1094,0,8,105014
post_layernorm,1094,0,8,252120
gate_proj,1094,0,8,310598
up_proj,1094,0,8,303008
act_fn,1094,0,8,38935
down_proj,1094,0,8,320482
final_layernorm,1094,0,8,253062
lm_head,1094,0,8,786707
embedding,1095,0,8,94792
input_layernorm,1095,0,8,250760
q_proj,1095,0,8,118428
k_proj,1095,0,8,17635
v_proj,1095,0,8,15493
rope,1095,0,8,100475
attn,1095,0,8,66779
o_proj,1095,0,8,104334
post_layernorm,1095,0,8,251265
gate_proj,1095,0,8,309485
up_proj,1095,0,8,303102
act_fn,1095,0,8,38963
down_proj,1095,0,8,319936
final_layernorm,1095,0,8,252728
lm_head,1095,0,8,786117
embedding,1096,0,8,93917
input_layernorm,1096,0,8,249372
q_proj,1096,0,8,118136
k_proj,1096,0,8,17526
v_proj,1096,0,8,15347
rope,1096,0,8,100533
attn,1096,0,8,67030
o_proj,1096,0,8,104118
post_layernorm,1096,0,8,251170
gate_proj,1096,0,8,307257
up_proj,1096,0,8,302586
act_fn,1096,0,8,38877
down_proj,1096,0,8,319937
final_layernorm,1096,0,8,252200
lm_head,1096,0,8,784103
embedding,1097,0,8,95775
input_layernorm,1097,0,8,252155
q_proj,1097,0,8,116340
k_proj,1097,0,8,17848
v_proj,1097,0,8,15787
rope,1097,0,8,101792
attn,1097,0,8,67557
o_proj,1097,0,8,105302
post_layernorm,1097,0,8,253392
gate_proj,1097,0,8,312750
up_proj,1097,0,8,303297
act_fn,1097,0,8,39013
down_proj,1097,0,8,320218
final_layernorm,1097,0,8,254127
lm_head,1097,0,8,786930
embedding,1098,0,8,94212
input_layernorm,1098,0,8,249723
q_proj,1098,0,8,115546
k_proj,1098,0,8,17545
v_proj,1098,0,8,15398
rope,1098,0,8,100468
attn,1098,0,8,66726
o_proj,1098,0,8,104422
post_layernorm,1098,0,8,252072
gate_proj,1098,0,8,307697
up_proj,1098,0,8,302911
act_fn,1098,0,8,38998
down_proj,1098,0,8,320638
final_layernorm,1098,0,8,252705
lm_head,1098,0,8,785651
embedding,1099,0,8,95388
input_layernorm,1099,0,8,252968
q_proj,1099,0,8,114570
k_proj,1099,0,8,17951
v_proj,1099,0,8,15740
rope,1099,0,8,101607
attn,1099,0,8,67492
o_proj,1099,0,8,105114
post_layernorm,1099,0,8,253752
gate_proj,1099,0,8,311348
up_proj,1099,0,8,303596
act_fn,1099,0,8,39168
down_proj,1099,0,8,320736
final_layernorm,1099,0,8,255162
lm_head,1099,0,8,787399
embedding,1100,0,8,95020
input_layernorm,1100,0,8,250948
q_proj,1100,0,8,115066
k_proj,1100,0,8,17335
v_proj,1100,0,8,15369
rope,1100,0,8,100615
attn,1100,0,8,66984
o_proj,1100,0,8,104286
post_layernorm,1100,0,8,252438
gate_proj,1100,0,8,308074
up_proj,1100,0,8,302737
act_fn,1100,0,8,39038
down_proj,1100,0,8,320350
final_layernorm,1100,0,8,253725
lm_head,1100,0,8,784808
embedding,1101,0,8,96193
input_layernorm,1101,0,8,251418
q_proj,1101,0,8,114324
k_proj,1101,0,8,17543
v_proj,1101,0,8,15295
rope,1101,0,8,100162
attn,1101,0,8,67017
o_proj,1101,0,8,104140
post_layernorm,1101,0,8,252730
gate_proj,1101,0,8,306874
up_proj,1101,0,8,302792
act_fn,1101,0,8,39135
down_proj,1101,0,8,320411
final_layernorm,1101,0,8,253468
lm_head,1101,0,8,784760
embedding,1102,0,8,94940
input_layernorm,1102,0,8,252337
q_proj,1102,0,8,114622
k_proj,1102,0,8,17799
v_proj,1102,0,8,15479
rope,1102,0,8,100867
attn,1102,0,8,67031
o_proj,1102,0,8,104636
post_layernorm,1102,0,8,253902
gate_proj,1102,0,8,308330
up_proj,1102,0,8,303879
act_fn,1102,0,8,39287
down_proj,1102,0,8,320526
final_layernorm,1102,0,8,254945
lm_head,1102,0,8,786293
embedding,1103,0,8,97352
input_layernorm,1103,0,8,254173
q_proj,1103,0,8,114014
k_proj,1103,0,8,17875
v_proj,1103,0,8,15747
rope,1103,0,8,101782
attn,1103,0,8,67729
o_proj,1103,0,8,105138
post_layernorm,1103,0,8,255905
gate_proj,1103,0,8,311125
up_proj,1103,0,8,303621
act_fn,1103,0,8,39493
down_proj,1103,0,8,320734
final_layernorm,1103,0,8,256152
lm_head,1103,0,8,787195
embedding,1104,0,8,96522
input_layernorm,1104,0,8,252878
q_proj,1104,0,8,100542
k_proj,1104,0,8,17343
v_proj,1104,0,8,15562
rope,1104,0,8,101603
attn,1104,0,8,67327
o_proj,1104,0,8,104854
post_layernorm,1104,0,8,254843
gate_proj,1104,0,8,309021
up_proj,1104,0,8,303485
act_fn,1104,0,8,39458
down_proj,1104,0,8,320454
final_layernorm,1104,0,8,255278
lm_head,1104,0,8,786681
embedding,1105,0,8,95468
input_layernorm,1105,0,8,252787
q_proj,1105,0,8,100350
k_proj,1105,0,8,17524
v_proj,1105,0,8,15828
rope,1105,0,8,100477
attn,1105,0,8,59234
o_proj,1105,0,8,104540
post_layernorm,1105,0,8,254345
gate_proj,1105,0,8,307870
up_proj,1105,0,8,303416
act_fn,1105,0,8,39398
down_proj,1105,0,8,320762
final_layernorm,1105,0,8,255528
lm_head,1105,0,8,785236
embedding,1106,0,8,96058
input_layernorm,1106,0,8,252955
q_proj,1106,0,8,100242
k_proj,1106,0,8,17256
v_proj,1106,0,8,15746
rope,1106,0,8,100565
attn,1106,0,8,60428
o_proj,1106,0,8,104502
post_layernorm,1106,0,8,254462
gate_proj,1106,0,8,307398
up_proj,1106,0,8,303728
act_fn,1106,0,8,39412
down_proj,1106,0,8,320719
final_layernorm,1106,0,8,255212
lm_head,1106,0,8,785586
embedding,1107,0,8,96483
input_layernorm,1107,0,8,254843
q_proj,1107,0,8,100480
k_proj,1107,0,8,17508
v_proj,1107,0,8,15876
rope,1107,0,8,100755
attn,1107,0,8,58470
o_proj,1107,0,8,104684
post_layernorm,1107,0,8,255605
gate_proj,1107,0,8,308349
up_proj,1107,0,8,303671
act_fn,1107,0,8,39432
down_proj,1107,0,8,321146
final_layernorm,1107,0,8,255673
lm_head,1107,0,8,786487
embedding,1108,0,8,96082
input_layernorm,1108,0,8,254702
q_proj,1108,0,8,100796
k_proj,1108,0,8,17686
v_proj,1108,0,8,15980
rope,1108,0,8,102040
attn,1108,0,8,58985
o_proj,1108,0,8,105126
post_layernorm,1108,0,8,256835
gate_proj,1108,0,8,309742
up_proj,1108,0,8,304100
act_fn,1108,0,8,39602
down_proj,1108,0,8,321143
final_layernorm,1108,0,8,256878
lm_head,1108,0,8,787483
embedding,1109,0,8,95572
input_layernorm,1109,0,8,253983
q_proj,1109,0,8,100330
k_proj,1109,0,8,17522
v_proj,1109,0,8,15786
rope,1109,0,8,100498
attn,1109,0,8,62018
o_proj,1109,0,8,104558
post_layernorm,1109,0,8,255605
gate_proj,1109,0,8,307066
up_proj,1109,0,8,303569
act_fn,1109,0,8,39540
down_proj,1109,0,8,321093
final_layernorm,1109,0,8,256747
lm_head,1109,0,8,785275
embedding,1110,0,8,96623
input_layernorm,1110,0,8,256133
q_proj,1110,0,8,100924
k_proj,1110,0,8,17785
v_proj,1110,0,8,16069
rope,1110,0,8,102222
attn,1110,0,8,63609
o_proj,1110,0,8,105360
post_layernorm,1110,0,8,257938
gate_proj,1110,0,8,310373
up_proj,1110,0,8,304191
act_fn,1110,0,8,39722
down_proj,1110,0,8,321494
final_layernorm,1110,0,8,257728
lm_head,1110,0,8,787360
embedding,1111,0,8,95647
input_layernorm,1111,0,8,256535
q_proj,1111,0,8,100682
k_proj,1111,0,8,17670
v_proj,1111,0,8,15987
rope,1111,0,8,101215
attn,1111,0,8,63625
o_proj,1111,0,8,104968
post_layernorm,1111,0,8,256862
gate_proj,1111,0,8,309591
up_proj,1111,0,8,303996
act_fn,1111,0,8,39727
down_proj,1111,0,8,321067
final_layernorm,1111,0,8,257397
lm_head,1111,0,8,786614
embedding,1112,0,8,95947
input_layernorm,1112,0,8,254568
q_proj,1112,0,8,100516
k_proj,1112,0,8,17699
v_proj,1112,0,8,15839
rope,1112,0,8,101037
attn,1112,0,8,64039
o_proj,1112,0,8,104738
post_layernorm,1112,0,8,256367
gate_proj,1112,0,8,307303
up_proj,1112,0,8,303920
act_fn,1112,0,8,39652
down_proj,1112,0,8,321195
final_layernorm,1112,0,8,256937
lm_head,1112,0,8,786848
embedding,1113,0,8,96238
input_layernorm,1113,0,8,256058
q_proj,1113,0,8,100786
k_proj,1113,0,8,17614
v_proj,1113,0,8,16081
rope,1113,0,8,101660
attn,1113,0,8,63421
o_proj,1113,0,8,105178
post_layernorm,1113,0,8,258145
gate_proj,1113,0,8,309671
up_proj,1113,0,8,304107
act_fn,1113,0,8,39668
down_proj,1113,0,8,321087
final_layernorm,1113,0,8,258948
lm_head,1113,0,8,787868
embedding,1114,0,8,97827
input_layernorm,1114,0,8,257645
q_proj,1114,0,8,101116
k_proj,1114,0,8,17915
v_proj,1114,0,8,16146
rope,1114,0,8,102302
attn,1114,0,8,63236
o_proj,1114,0,8,105474
post_layernorm,1114,0,8,259407
gate_proj,1114,0,8,311044
up_proj,1114,0,8,304657
act_fn,1114,0,8,39737
down_proj,1114,0,8,321538
final_layernorm,1114,0,8,259538
lm_head,1114,0,8,788182
embedding,1115,0,8,96103
input_layernorm,1115,0,8,257092
q_proj,1115,0,8,100600
k_proj,1115,0,8,17524
v_proj,1115,0,8,15889
rope,1115,0,8,101003
attn,1115,0,8,62851
o_proj,1115,0,8,104834
post_layernorm,1115,0,8,258475
gate_proj,1115,0,8,308371
up_proj,1115,0,8,304263
act_fn,1115,0,8,39618
down_proj,1115,0,8,321191
final_layernorm,1115,0,8,258105
lm_head,1115,0,8,786617
embedding,1116,0,8,96543
input_layernorm,1116,0,8,257103
q_proj,1116,0,8,100992
k_proj,1116,0,8,17805
v_proj,1116,0,8,16009
rope,1116,0,8,101855
attn,1116,0,8,62432
o_proj,1116,0,8,105206
post_layernorm,1116,0,8,259905
gate_proj,1116,0,8,310325
up_proj,1116,0,8,304336
act_fn,1116,0,8,39992
down_proj,1116,0,8,321122
final_layernorm,1116,0,8,258955
lm_head,1116,0,8,787058
embedding,1117,0,8,97078
input_layernorm,1117,0,8,256812
q_proj,1117,0,8,100494
k_proj,1117,0,8,17396
v_proj,1117,0,8,15788
rope,1117,0,8,100935
attn,1117,0,8,61751
o_proj,1117,0,8,104688
post_layernorm,1117,0,8,257808
gate_proj,1117,0,8,307777
up_proj,1117,0,8,304324
act_fn,1117,0,8,39708
down_proj,1117,0,8,321029
final_layernorm,1117,0,8,258893
lm_head,1117,0,8,785773
embedding,1118,0,8,97288
input_layernorm,1118,0,8,257065
q_proj,1118,0,8,100926
k_proj,1118,0,8,17581
v_proj,1118,0,8,15973
rope,1118,0,8,101668
attn,1118,0,8,61726
o_proj,1118,0,8,105216
post_layernorm,1118,0,8,259455
gate_proj,1118,0,8,309448
up_proj,1118,0,8,304436
act_fn,1118,0,8,39923
down_proj,1118,0,8,321440
final_layernorm,1118,0,8,259600
lm_head,1118,0,8,787434
embedding,1119,0,8,98213
input_layernorm,1119,0,8,257203
q_proj,1119,0,8,100440
k_proj,1119,0,8,17386
v_proj,1119,0,8,15755
rope,1119,0,8,100620
attn,1119,0,8,61800
o_proj,1119,0,8,104704
post_layernorm,1119,0,8,258640
gate_proj,1119,0,8,307452
up_proj,1119,0,8,304133
act_fn,1119,0,8,39857
down_proj,1119,0,8,321210
final_layernorm,1119,0,8,258935
lm_head,1119,0,8,786472
embedding,1120,0,8,96962
input_layernorm,1120,0,8,257863
q_proj,1120,0,8,103628
k_proj,1120,0,8,18162
v_proj,1120,0,8,16093
rope,1120,0,8,101220
attn,1120,0,8,62201
o_proj,1120,0,8,104920
post_layernorm,1120,0,8,259022
gate_proj,1120,0,8,308338
up_proj,1120,0,8,304473
act_fn,1120,0,8,40125
down_proj,1120,0,8,321754
final_layernorm,1120,0,8,258323
lm_head,1120,0,8,786524
embedding,1121,0,8,96320
input_layernorm,1121,0,8,258140
q_proj,1121,0,8,100692
k_proj,1121,0,8,17912
v_proj,1121,0,8,16026
rope,1121,0,8,100765
attn,1121,0,8,63829
o_proj,1121,0,8,104974
post_layernorm,1121,0,8,259625
gate_proj,1121,0,8,324825
up_proj,1121,0,8,322931
act_fn,1121,0,8,40343
down_proj,1121,0,8,320801
final_layernorm,1121,0,8,259705
lm_head,1121,0,8,784801
embedding,1122,0,8,98528
input_layernorm,1122,0,8,261313
q_proj,1122,0,8,101328
k_proj,1122,0,8,18305
v_proj,1122,0,8,16451
rope,1122,0,8,102708
attn,1122,0,8,62761
o_proj,1122,0,8,105796
post_layernorm,1122,0,8,261728
gate_proj,1122,0,8,328103
up_proj,1122,0,8,323635
act_fn,1122,0,8,40490
down_proj,1122,0,8,320881
final_layernorm,1122,0,8,261398
lm_head,1122,0,8,787042
embedding,1123,0,8,96595
input_layernorm,1123,0,8,259013
q_proj,1123,0,8,100876
k_proj,1123,0,8,18144
v_proj,1123,0,8,16132
rope,1123,0,8,101175
attn,1123,0,8,62854
o_proj,1123,0,8,105068
post_layernorm,1123,0,8,260317
gate_proj,1123,0,8,325043
up_proj,1123,0,8,323252
act_fn,1123,0,8,40490
down_proj,1123,0,8,321497
final_layernorm,1123,0,8,260570
lm_head,1123,0,8,785557
embedding,1124,0,8,98347
input_layernorm,1124,0,8,260847
q_proj,1124,0,8,101414
k_proj,1124,0,8,18331
v_proj,1124,0,8,16433
rope,1124,0,8,103087
attn,1124,0,8,64210
o_proj,1124,0,8,105784
post_layernorm,1124,0,8,262603
gate_proj,1124,0,8,327964
up_proj,1124,0,8,323741
act_fn,1124,0,8,40525
down_proj,1124,0,8,321457
final_layernorm,1124,0,8,262027
lm_head,1124,0,8,787633
embedding,1125,0,8,96368
input_layernorm,1125,0,8,258855
q_proj,1125,0,8,100622
k_proj,1125,0,8,17854
v_proj,1125,0,8,15972
rope,1125,0,8,100887
attn,1125,0,8,62158
o_proj,1125,0,8,104990
post_layernorm,1125,0,8,260748
gate_proj,1125,0,8,324545
up_proj,1125,0,8,323004
act_fn,1125,0,8,40530
down_proj,1125,0,8,321085
final_layernorm,1125,0,8,261025
lm_head,1125,0,8,785428
embedding,1126,0,8,98362
input_layernorm,1126,0,8,261073
q_proj,1126,0,8,101116
k_proj,1126,0,8,18123
v_proj,1126,0,8,16270
rope,1126,0,8,102018
attn,1126,0,8,62639
o_proj,1126,0,8,105440
post_layernorm,1126,0,8,261893
gate_proj,1126,0,8,326575
up_proj,1126,0,8,323999
act_fn,1126,0,8,40838
down_proj,1126,0,8,321471
final_layernorm,1126,0,8,261762
lm_head,1126,0,8,786685
embedding,1127,0,8,96420
input_layernorm,1127,0,8,260125
q_proj,1127,0,8,100636
k_proj,1127,0,8,17851
v_proj,1127,0,8,16021
rope,1127,0,8,101342
attn,1127,0,8,62560
o_proj,1127,0,8,105106
post_layernorm,1127,0,8,261005
gate_proj,1127,0,8,324129
up_proj,1127,0,8,323317
act_fn,1127,0,8,40540
down_proj,1127,0,8,321328
final_layernorm,1127,0,8,260952
lm_head,1127,0,8,785581
embedding,1128,0,8,99347
input_layernorm,1128,0,8,261923
q_proj,1128,0,8,101122
k_proj,1128,0,8,18167
v_proj,1128,0,8,16290
rope,1128,0,8,102802
attn,1128,0,8,63554
o_proj,1128,0,8,105768
post_layernorm,1128,0,8,262218
gate_proj,1128,0,8,326670
up_proj,1128,0,8,323598
act_fn,1128,0,8,40810
down_proj,1128,0,8,321464
final_layernorm,1128,0,8,262320
lm_head,1128,0,8,801606
embedding,1129,0,8,96313
input_layernorm,1129,0,8,259598
q_proj,1129,0,8,100616
k_proj,1129,0,8,17870
v_proj,1129,0,8,15945
rope,1129,0,8,101213
attn,1129,0,8,62887
o_proj,1129,0,8,105208
post_layernorm,1129,0,8,261718
gate_proj,1129,0,8,324088
up_proj,1129,0,8,323297
act_fn,1129,0,8,40800
down_proj,1129,0,8,321484
final_layernorm,1129,0,8,261047
lm_head,1129,0,8,785957
embedding,1130,0,8,97022
input_layernorm,1130,0,8,262037
q_proj,1130,0,8,100938
k_proj,1130,0,8,18018
v_proj,1130,0,8,16113
rope,1130,0,8,101912
attn,1130,0,8,62777
o_proj,1130,0,8,105496
post_layernorm,1130,0,8,262510
gate_proj,1130,0,8,325314
up_proj,1130,0,8,323587
act_fn,1130,0,8,41080
down_proj,1130,0,8,321425
final_layernorm,1130,0,8,262125
lm_head,1130,0,8,786606
embedding,1131,0,8,96263
input_layernorm,1131,0,8,261427
q_proj,1131,0,8,100714
k_proj,1131,0,8,18054
v_proj,1131,0,8,15928
rope,1131,0,8,101243
attn,1131,0,8,61728
o_proj,1131,0,8,105122
post_layernorm,1131,0,8,261768
gate_proj,1131,0,8,323824
up_proj,1131,0,8,323408
act_fn,1131,0,8,40833
down_proj,1131,0,8,321837
final_layernorm,1131,0,8,261982
lm_head,1131,0,8,785972
embedding,1132,0,8,97413
input_layernorm,1132,0,8,263198
q_proj,1132,0,8,101146
k_proj,1132,0,8,18118
v_proj,1132,0,8,16223
rope,1132,0,8,103093
attn,1132,0,8,63905
o_proj,1132,0,8,105730
post_layernorm,1132,0,8,263722
gate_proj,1132,0,8,325925
up_proj,1132,0,8,324261
act_fn,1132,0,8,41032
down_proj,1132,0,8,321778
final_layernorm,1132,0,8,263098
lm_head,1132,0,8,787359
embedding,1133,0,8,96693
input_layernorm,1133,0,8,261638
q_proj,1133,0,8,100726
k_proj,1133,0,8,17890
v_proj,1133,0,8,15971
rope,1133,0,8,101523
attn,1133,0,8,63050
o_proj,1133,0,8,105286
post_layernorm,1133,0,8,262327
gate_proj,1133,0,8,324179
up_proj,1133,0,8,323555
act_fn,1133,0,8,41105
down_proj,1133,0,8,321705
final_layernorm,1133,0,8,262373
lm_head,1133,0,8,786459
embedding,1134,0,8,98235
input_layernorm,1134,0,8,262830
q_proj,1134,0,8,101108
k_proj,1134,0,8,18011
v_proj,1134,0,8,16132
rope,1134,0,8,102303
attn,1134,0,8,63548
o_proj,1134,0,8,105646
post_layernorm,1134,0,8,263775
gate_proj,1134,0,8,325433
up_proj,1134,0,8,324140
act_fn,1134,0,8,41090
down_proj,1134,0,8,321832
final_layernorm,1134,0,8,263632
lm_head,1134,0,8,787207
embedding,1135,0,8,97328
input_layernorm,1135,0,8,262575
q_proj,1135,0,8,100850
k_proj,1135,0,8,17951
v_proj,1135,0,8,16049
rope,1135,0,8,101710
attn,1135,0,8,63591
o_proj,1135,0,8,105414
post_layernorm,1135,0,8,263083
gate_proj,1135,0,8,324174
up_proj,1135,0,8,323622
act_fn,1135,0,8,41060
down_proj,1135,0,8,322016
final_layernorm,1135,0,8,262788
lm_head,1135,0,8,786462
embedding,1136,0,8,99302
input_layernorm,1136,0,8,262445
q_proj,1136,0,8,101132
k_proj,1136,0,8,18198
v_proj,1136,0,8,16193
rope,1136,0,8,102675
attn,1136,0,8,61845
o_proj,1136,0,8,105682
post_layernorm,1136,0,8,263705
gate_proj,1136,0,8,325154
up_proj,1136,0,8,323774
act_fn,1136,0,8,41220
down_proj,1136,0,8,321665
final_layernorm,1136,0,8,262715
lm_head,1136,0,8,802360
embedding,1137,0,8,99100
input_layernorm,1137,0,8,264802
q_proj,1137,0,8,101624
k_proj,1137,0,8,18315
v_proj,1137,0,8,16361
rope,1137,0,8,103527
attn,1137,0,8,64859
o_proj,1137,0,8,106184
post_layernorm,1137,0,8,265245
gate_proj,1137,0,8,328005
up_proj,1137,0,8,324528
act_fn,1137,0,8,41108
down_proj,1137,0,8,321956
final_layernorm,1137,0,8,265435
lm_head,1137,0,8,788933
embedding,1138,0,8,98290
input_layernorm,1138,0,8,263975
q_proj,1138,0,8,101382
k_proj,1138,0,8,18129
v_proj,1138,0,8,16241
rope,1138,0,8,102793
attn,1138,0,8,63654
o_proj,1138,0,8,105792
post_layernorm,1138,0,8,264465
gate_proj,1138,0,8,326514
up_proj,1138,0,8,324213
act_fn,1138,0,8,41300
down_proj,1138,0,8,321698
final_layernorm,1138,0,8,264793
lm_head,1138,0,8,787768
embedding,1139,0,8,97517
input_layernorm,1139,0,8,263460
q_proj,1139,0,8,100874
k_proj,1139,0,8,17983
v_proj,1139,0,8,15950
rope,1139,0,8,101775
attn,1139,0,8,62341
o_proj,1139,0,8,105412
post_layernorm,1139,0,8,263893
gate_proj,1139,0,8,324086
up_proj,1139,0,8,323795
act_fn,1139,0,8,41473
down_proj,1139,0,8,322051
final_layernorm,1139,0,8,264152
lm_head,1139,0,8,786810
embedding,1140,0,8,99042
input_layernorm,1140,0,8,265475
q_proj,1140,0,8,101436
k_proj,1140,0,8,18300
v_proj,1140,0,8,16206
rope,1140,0,8,103487
attn,1140,0,8,62940
o_proj,1140,0,8,105994
post_layernorm,1140,0,8,266510
gate_proj,1140,0,8,326432
up_proj,1140,0,8,324593
act_fn,1140,0,8,41335
down_proj,1140,0,8,322261
final_layernorm,1140,0,8,265660
lm_head,1140,0,8,788666
embedding,1141,0,8,99363
input_layernorm,1141,0,8,266233
q_proj,1141,0,8,101616
k_proj,1141,0,8,18350
v_proj,1141,0,8,16333
rope,1141,0,8,103568
attn,1141,0,8,62914
o_proj,1141,0,8,106246
post_layernorm,1141,0,8,267020
gate_proj,1141,0,8,326965
up_proj,1141,0,8,324872
act_fn,1141,0,8,41595
down_proj,1141,0,8,322400
final_layernorm,1141,0,8,266702
lm_head,1141,0,8,789379
embedding,1142,0,8,98207
input_layernorm,1142,0,8,265092
q_proj,1142,0,8,100900
k_proj,1142,0,8,17808
v_proj,1142,0,8,15921
rope,1142,0,8,102122
attn,1142,0,8,61161
o_proj,1142,0,8,105434
post_layernorm,1142,0,8,265503
gate_proj,1142,0,8,324521
up_proj,1142,0,8,324127
act_fn,1142,0,8,41448
down_proj,1142,0,8,322296
final_layernorm,1142,0,8,266355
lm_head,1142,0,8,787166
embedding,1143,0,8,98437
input_layernorm,1143,0,8,265458
q_proj,1143,0,8,101194
k_proj,1143,0,8,17980
v_proj,1143,0,8,16021
rope,1143,0,8,102293
attn,1143,0,8,62180
o_proj,1143,0,8,105722
post_layernorm,1143,0,8,265877
gate_proj,1143,0,8,324785
up_proj,1143,0,8,324294
act_fn,1143,0,8,41543
down_proj,1143,0,8,322322
final_layernorm,1143,0,8,266245
lm_head,1143,0,8,787706
embedding,1144,0,8,99688
input_layernorm,1144,0,8,266173
q_proj,1144,0,8,101524
k_proj,1144,0,8,18122
v_proj,1144,0,8,16173
rope,1144,0,8,103162
attn,1144,0,8,63198
o_proj,1144,0,8,105986
post_layernorm,1144,0,8,267067
gate_proj,1144,0,8,326358
up_proj,1144,0,8,324811
act_fn,1144,0,8,41797
down_proj,1144,0,8,322547
final_layernorm,1144,0,8,266957
lm_head,1144,0,8,804045
embedding,1145,0,8,99857
input_layernorm,1145,0,8,268093
q_proj,1145,0,8,101828
k_proj,1145,0,8,18279
v_proj,1145,0,8,16363
rope,1145,0,8,103918
attn,1145,0,8,62715
o_proj,1145,0,8,106418
post_layernorm,1145,0,8,268550
gate_proj,1145,0,8,327665
up_proj,1145,0,8,325091
act_fn,1145,0,8,41683
down_proj,1145,0,8,322701
final_layernorm,1145,0,8,268422
lm_head,1145,0,8,789749
embedding,1146,0,8,98363
input_layernorm,1146,0,8,266120
q_proj,1146,0,8,100986
k_proj,1146,0,8,17927
v_proj,1146,0,8,15915
rope,1146,0,8,102173
attn,1146,0,8,64422
o_proj,1146,0,8,105464
post_layernorm,1146,0,8,266707
gate_proj,1146,0,8,324196
up_proj,1146,0,8,324285
act_fn,1146,0,8,41788
down_proj,1146,0,8,322647
final_layernorm,1146,0,8,266702
lm_head,1146,0,8,787767
embedding,1147,0,8,99518
input_layernorm,1147,0,8,268585
q_proj,1147,0,8,101740
k_proj,1147,0,8,18282
v_proj,1147,0,8,16314
rope,1147,0,8,103907
attn,1147,0,8,64271
o_proj,1147,0,8,106446
post_layernorm,1147,0,8,268975
gate_proj,1147,0,8,327687
up_proj,1147,0,8,325128
act_fn,1147,0,8,41747
down_proj,1147,0,8,322963
final_layernorm,1147,0,8,268578
lm_head,1147,0,8,789613
embedding,1148,0,8,98288
input_layernorm,1148,0,8,268045
q_proj,1148,0,8,101442
k_proj,1148,0,8,18148
v_proj,1148,0,8,16081
rope,1148,0,8,103247
attn,1148,0,8,63721
o_proj,1148,0,8,105908
post_layernorm,1148,0,8,268107
gate_proj,1148,0,8,325659
up_proj,1148,0,8,324811
act_fn,1148,0,8,41903
down_proj,1148,0,8,323063
final_layernorm,1148,0,8,268610
lm_head,1148,0,8,788977
embedding,1149,0,8,98067
input_layernorm,1149,0,8,266862
q_proj,1149,0,8,101100
k_proj,1149,0,8,17866
v_proj,1149,0,8,15909
rope,1149,0,8,102275
attn,1149,0,8,64648
o_proj,1149,0,8,105638
post_layernorm,1149,0,8,267330
gate_proj,1149,0,8,325110
up_proj,1149,0,8,324426
act_fn,1149,0,8,41780
down_proj,1149,0,8,322762
final_layernorm,1149,0,8,267910
lm_head,1149,0,8,788238
embedding,1150,0,8,99025
input_layernorm,1150,0,8,267383
q_proj,1150,0,8,101066
k_proj,1150,0,8,17833
v_proj,1150,0,8,15898
rope,1150,0,8,102558
attn,1150,0,8,61986
o_proj,1150,0,8,105630
post_layernorm,1150,0,8,268382
gate_proj,1150,0,8,324463
up_proj,1150,0,8,324796
act_fn,1150,0,8,41865
down_proj,1150,0,8,322950
final_layernorm,1150,0,8,268223
lm_head,1150,0,8,788597
embedding,1151,0,8,100925
input_layernorm,1151,0,8,269487
q_proj,1151,0,8,101866
k_proj,1151,0,8,18374
v_proj,1151,0,8,16278
rope,1151,0,8,104133
attn,1151,0,8,63958
o_proj,1151,0,8,106540
post_layernorm,1151,0,8,270593
gate_proj,1151,0,8,327895
up_proj,1151,0,8,325589
act_fn,1151,0,8,42017
down_proj,1151,0,8,322939
final_layernorm,1151,0,8,270303
lm_head,1151,0,8,790866
embedding,1152,0,8,100282
input_layernorm,1152,0,8,267668
q_proj,1152,0,8,108674
k_proj,1152,0,8,18279
v_proj,1152,0,8,15974
rope,1152,0,8,102945
attn,1152,0,8,55104
o_proj,1152,0,8,105738
post_layernorm,1152,0,8,268463
gate_proj,1152,0,8,325108
up_proj,1152,0,8,324493
act_fn,1152,0,8,42027
down_proj,1152,0,8,323156
final_layernorm,1152,0,8,268287
lm_head,1152,0,8,805876
embedding,1153,0,8,98410
input_layernorm,1153,0,8,266960
q_proj,1153,0,8,105106
k_proj,1153,0,8,18492
v_proj,1153,0,8,18076
rope,1153,0,8,102405
attn,1153,0,8,68328
o_proj,1153,0,8,108916
post_layernorm,1153,0,8,267807
gate_proj,1153,0,8,319837
up_proj,1153,0,8,316765
act_fn,1153,0,8,41453
down_proj,1153,0,8,336999
final_layernorm,1153,0,8,268233
lm_head,1153,0,8,788100
embedding,1154,0,8,100008
input_layernorm,1154,0,8,267878
q_proj,1154,0,8,105306
k_proj,1154,0,8,18364
v_proj,1154,0,8,17827
rope,1154,0,8,102907
attn,1154,0,8,68197
o_proj,1154,0,8,109034
post_layernorm,1154,0,8,268820
gate_proj,1154,0,8,320870
up_proj,1154,0,8,317401
act_fn,1154,0,8,41558
down_proj,1154,0,8,337166
final_layernorm,1154,0,8,268918
lm_head,1154,0,8,788694
embedding,1155,0,8,98565
input_layernorm,1155,0,8,267398
q_proj,1155,0,8,105036
k_proj,1155,0,8,18237
v_proj,1155,0,8,18019
rope,1155,0,8,102565
attn,1155,0,8,68286
o_proj,1155,0,8,108714
post_layernorm,1155,0,8,268535
gate_proj,1155,0,8,319226
up_proj,1155,0,8,317219
act_fn,1155,0,8,41810
down_proj,1155,0,8,337291
final_layernorm,1155,0,8,268605
lm_head,1155,0,8,788302
embedding,1156,0,8,99405
input_layernorm,1156,0,8,268072
q_proj,1156,0,8,105386
k_proj,1156,0,8,18216
v_proj,1156,0,8,17589
rope,1156,0,8,103440
attn,1156,0,8,68296
o_proj,1156,0,8,109112
post_layernorm,1156,0,8,269653
gate_proj,1156,0,8,320799
up_proj,1156,0,8,317644
act_fn,1156,0,8,41743
down_proj,1156,0,8,337435
final_layernorm,1156,0,8,269547
lm_head,1156,0,8,789182
embedding,1157,0,8,99058
input_layernorm,1157,0,8,268180
q_proj,1157,0,8,105166
k_proj,1157,0,8,18008
v_proj,1157,0,8,17503
rope,1157,0,8,102903
attn,1157,0,8,68334
o_proj,1157,0,8,108914
post_layernorm,1157,0,8,269448
gate_proj,1157,0,8,319975
up_proj,1157,0,8,317380
act_fn,1157,0,8,41870
down_proj,1157,0,8,337229
final_layernorm,1157,0,8,269587
lm_head,1157,0,8,788376
embedding,1158,0,8,99808
input_layernorm,1158,0,8,269382
q_proj,1158,0,8,105592
k_proj,1158,0,8,18222
v_proj,1158,0,8,17667
rope,1158,0,8,103715
attn,1158,0,8,68226
o_proj,1158,0,8,109368
post_layernorm,1158,0,8,270073
gate_proj,1158,0,8,321436
up_proj,1158,0,8,317997
act_fn,1158,0,8,41750
down_proj,1158,0,8,337560
final_layernorm,1158,0,8,270857
lm_head,1158,0,8,789589
embedding,1159,0,8,99012
input_layernorm,1159,0,8,269045
q_proj,1159,0,8,105164
k_proj,1159,0,8,18409
v_proj,1159,0,8,18151
rope,1159,0,8,103002
attn,1159,0,8,68161
o_proj,1159,0,8,108906
post_layernorm,1159,0,8,269873
gate_proj,1159,0,8,319744
up_proj,1159,0,8,317232
act_fn,1159,0,8,41765
down_proj,1159,0,8,337519
final_layernorm,1159,0,8,270392
lm_head,1159,0,8,788639
embedding,1160,0,8,98988
input_layernorm,1160,0,8,268532
q_proj,1160,0,8,105234
k_proj,1160,0,8,18421
v_proj,1160,0,8,17939
rope,1160,0,8,103350
attn,1160,0,8,68472
o_proj,1160,0,8,109116
post_layernorm,1160,0,8,269397
gate_proj,1160,0,8,319885
up_proj,1160,0,8,317657
act_fn,1160,0,8,41822
down_proj,1160,0,8,337697
final_layernorm,1160,0,8,270183
lm_head,1160,0,8,789129
embedding,1161,0,8,100433
input_layernorm,1161,0,8,269517
q_proj,1161,0,8,105408
k_proj,1161,0,8,18509
v_proj,1161,0,8,17878
rope,1161,0,8,103348
attn,1161,0,8,68298
o_proj,1161,0,8,109430
post_layernorm,1161,0,8,270627
gate_proj,1161,0,8,321137
up_proj,1161,0,8,317690
act_fn,1161,0,8,41783
down_proj,1161,0,8,337148
final_layernorm,1161,0,8,271140
lm_head,1161,0,8,809210
embedding,1162,0,8,99533
input_layernorm,1162,0,8,269097
q_proj,1162,0,8,105244
k_proj,1162,0,8,18067
v_proj,1162,0,8,17570
rope,1162,0,8,103100
attn,1162,0,8,68054
o_proj,1162,0,8,109086
post_layernorm,1162,0,8,270173
gate_proj,1162,0,8,320465
up_proj,1162,0,8,317854
act_fn,1162,0,8,41895
down_proj,1162,0,8,337404
final_layernorm,1162,0,8,270973
lm_head,1162,0,8,809518
embedding,1163,0,8,99802
input_layernorm,1163,0,8,269525
q_proj,1163,0,8,105412
k_proj,1163,0,8,18361
v_proj,1163,0,8,17881
rope,1163,0,8,103292
attn,1163,0,8,68079
o_proj,1163,0,8,109166
post_layernorm,1163,0,8,270683
gate_proj,1163,0,8,320454
up_proj,1163,0,8,318091
act_fn,1163,0,8,41868
down_proj,1163,0,8,337688
final_layernorm,1163,0,8,271547
lm_head,1163,0,8,809459
embedding,1164,0,8,99962
input_layernorm,1164,0,8,270288
q_proj,1164,0,8,105478
k_proj,1164,0,8,18400
v_proj,1164,0,8,17834
rope,1164,0,8,103753
attn,1164,0,8,68396
o_proj,1164,0,8,109350
post_layernorm,1164,0,8,271462
gate_proj,1164,0,8,321080
up_proj,1164,0,8,317737
act_fn,1164,0,8,41923
down_proj,1164,0,8,337140
final_layernorm,1164,0,8,271758
lm_head,1164,0,8,809235
embedding,1165,0,8,101233
input_layernorm,1165,0,8,271890
q_proj,1165,0,8,105920
k_proj,1165,0,8,18525
v_proj,1165,0,8,17601
rope,1165,0,8,104623
attn,1165,0,8,68946
o_proj,1165,0,8,110140
post_layernorm,1165,0,8,273633
gate_proj,1165,0,8,323189
up_proj,1165,0,8,318896
act_fn,1165,0,8,42007
down_proj,1165,0,8,337887
final_layernorm,1165,0,8,273335
lm_head,1165,0,8,811409
embedding,1166,0,8,102882
input_layernorm,1166,0,8,271345
q_proj,1166,0,8,105792
k_proj,1166,0,8,18274
v_proj,1166,0,8,17285
rope,1166,0,8,104185
attn,1166,0,8,68665
o_proj,1166,0,8,109682
post_layernorm,1166,0,8,272862
gate_proj,1166,0,8,322025
up_proj,1166,0,8,318697
act_fn,1166,0,8,42177
down_proj,1166,0,8,337963
final_layernorm,1166,0,8,272498
lm_head,1166,0,8,811475
embedding,1167,0,8,99937
input_layernorm,1167,0,8,270688
q_proj,1167,0,8,105480
k_proj,1167,0,8,18419
v_proj,1167,0,8,18032
rope,1167,0,8,103438
attn,1167,0,8,68221
o_proj,1167,0,8,109284
post_layernorm,1167,0,8,272150
gate_proj,1167,0,8,320366
up_proj,1167,0,8,318205
act_fn,1167,0,8,42373
down_proj,1167,0,8,337922
final_layernorm,1167,0,8,272287
lm_head,1167,0,8,810500
embedding,1168,0,8,102910
input_layernorm,1168,0,8,272653
q_proj,1168,0,8,109868
k_proj,1168,0,8,18556
v_proj,1168,0,8,16668
rope,1168,0,8,105558
attn,1168,0,8,69211
o_proj,1168,0,8,110308
post_layernorm,1168,0,8,273748
gate_proj,1168,0,8,336184
up_proj,1168,0,8,330402
act_fn,1168,0,8,42090
down_proj,1168,0,8,334457
final_layernorm,1168,0,8,273835
lm_head,1168,0,8,811999
embedding,1169,0,8,101047
input_layernorm,1169,0,8,271688
q_proj,1169,0,8,105572
k_proj,1169,0,8,18242
v_proj,1169,0,8,17582
rope,1169,0,8,103627
attn,1169,0,8,67946
o_proj,1169,0,8,109502
post_layernorm,1169,0,8,273157
gate_proj,1169,0,8,320574
up_proj,1169,0,8,318485
act_fn,1169,0,8,42328
down_proj,1169,0,8,338175
final_layernorm,1169,0,8,273648
lm_head,1169,0,8,810512
embedding,1170,0,8,102847
input_layernorm,1170,0,8,273302
q_proj,1170,0,8,106160
k_proj,1170,0,8,18836
v_proj,1170,0,8,17717
rope,1170,0,8,104875
attn,1170,0,8,69176
o_proj,1170,0,8,110182
post_layernorm,1170,0,8,274958
gate_proj,1170,0,8,323893
up_proj,1170,0,8,319221
act_fn,1170,0,8,42338
down_proj,1170,0,8,338039
final_layernorm,1170,0,8,274875
lm_head,1170,0,8,812453
embedding,1171,0,8,101237
input_layernorm,1171,0,8,271703
q_proj,1171,0,8,105550
k_proj,1171,0,8,18101
v_proj,1171,0,8,17624
rope,1171,0,8,103458
attn,1171,0,8,68101
o_proj,1171,0,8,109628
post_layernorm,1171,0,8,273322
gate_proj,1171,0,8,320366
up_proj,1171,0,8,319221
act_fn,1171,0,8,42333
down_proj,1171,0,8,338643
final_layernorm,1171,0,8,273700
lm_head,1171,0,8,810859
embedding,1172,0,8,101270
input_layernorm,1172,0,8,271950
q_proj,1172,0,8,105548
k_proj,1172,0,8,18194
v_proj,1172,0,8,17478
rope,1172,0,8,103880
attn,1172,0,8,68125
o_proj,1172,0,8,109440
post_layernorm,1172,0,8,273712
gate_proj,1172,0,8,319828
up_proj,1172,0,8,318624
act_fn,1172,0,8,42442
down_proj,1172,0,8,338080
final_layernorm,1172,0,8,274093
lm_head,1172,0,8,810773
embedding,1173,0,8,102792
input_layernorm,1173,0,8,274267
q_proj,1173,0,8,106380
k_proj,1173,0,8,18591
v_proj,1173,0,8,17537
rope,1173,0,8,105478
attn,1173,0,8,69390
o_proj,1173,0,8,110666
post_layernorm,1173,0,8,276110
gate_proj,1173,0,8,324265
up_proj,1173,0,8,319146
act_fn,1173,0,8,42503
down_proj,1173,0,8,338193
final_layernorm,1173,0,8,275593
lm_head,1173,0,8,812202
embedding,1174,0,8,101640
input_layernorm,1174,0,8,272748
q_proj,1174,0,8,105666
k_proj,1174,0,8,18289
v_proj,1174,0,8,17558
rope,1174,0,8,103850
attn,1174,0,8,68314
o_proj,1174,0,8,109656
post_layernorm,1174,0,8,274338
gate_proj,1174,0,8,320253
up_proj,1174,0,8,319286
act_fn,1174,0,8,42528
down_proj,1174,0,8,338585
final_layernorm,1174,0,8,274573
lm_head,1174,0,8,811024
embedding,1175,0,8,102243
input_layernorm,1175,0,8,274888
q_proj,1175,0,8,106248
k_proj,1175,0,8,18372
v_proj,1175,0,8,17297
rope,1175,0,8,105088
attn,1175,0,8,69401
o_proj,1175,0,8,110426
post_layernorm,1175,0,8,276073
gate_proj,1175,0,8,323325
up_proj,1175,0,8,319462
act_fn,1175,0,8,42530
down_proj,1175,0,8,338574
final_layernorm,1175,0,8,276892
lm_head,1175,0,8,812679
embedding,1176,0,8,101983
input_layernorm,1176,0,8,274132
q_proj,1176,0,8,105946
k_proj,1176,0,8,18485
v_proj,1176,0,8,17663
rope,1176,0,8,105002
attn,1176,0,8,68733
o_proj,1176,0,8,110078
post_layernorm,1176,0,8,275510
gate_proj,1176,0,8,321631
up_proj,1176,0,8,319241
act_fn,1176,0,8,42548
down_proj,1176,0,8,338477
final_layernorm,1176,0,8,275388
lm_head,1176,0,8,811964
embedding,1177,0,8,101990
input_layernorm,1177,0,8,275447
q_proj,1177,0,8,106220
k_proj,1177,0,8,18136
v_proj,1177,0,8,16646
rope,1177,0,8,104952
attn,1177,0,8,69393
o_proj,1177,0,8,110448
post_layernorm,1177,0,8,276495
gate_proj,1177,0,8,343534
up_proj,1177,0,8,340914
act_fn,1177,0,8,43088
down_proj,1177,0,8,336834
final_layernorm,1177,0,8,277058
lm_head,1177,0,8,812375
embedding,1178,0,8,101613
input_layernorm,1178,0,8,274333
q_proj,1178,0,8,105850
k_proj,1178,0,8,17838
v_proj,1178,0,8,16712
rope,1178,0,8,104002
attn,1178,0,8,68631
o_proj,1178,0,8,109874
post_layernorm,1178,0,8,275898
gate_proj,1178,0,8,341241
up_proj,1178,0,8,340713
act_fn,1178,0,8,43168
down_proj,1178,0,8,337129
final_layernorm,1178,0,8,275878
lm_head,1178,0,8,811674
embedding,1179,0,8,102928
input_layernorm,1179,0,8,276337
q_proj,1179,0,8,106266
k_proj,1179,0,8,18099
v_proj,1179,0,8,16702
rope,1179,0,8,104973
attn,1179,0,8,69404
o_proj,1179,0,8,110360
post_layernorm,1179,0,8,277528
gate_proj,1179,0,8,343525
up_proj,1179,0,8,341230
act_fn,1179,0,8,43235
down_proj,1179,0,8,337008
final_layernorm,1179,0,8,277575
lm_head,1179,0,8,812984
embedding,1180,0,8,103655
input_layernorm,1180,0,8,276478
q_proj,1180,0,8,106508
k_proj,1180,0,8,18207
v_proj,1180,0,8,16804
rope,1180,0,8,106018
attn,1180,0,8,69613
o_proj,1180,0,8,110988
post_layernorm,1180,0,8,277888
gate_proj,1180,0,8,344584
up_proj,1180,0,8,341646
act_fn,1180,0,8,43258
down_proj,1180,0,8,337729
final_layernorm,1180,0,8,278285
lm_head,1180,0,8,814038
embedding,1181,0,8,102527
input_layernorm,1181,0,8,276585
q_proj,1181,0,8,106302
k_proj,1181,0,8,18128
v_proj,1181,0,8,16617
rope,1181,0,8,105130
attn,1181,0,8,69248
o_proj,1181,0,8,110512
post_layernorm,1181,0,8,277795
gate_proj,1181,0,8,343545
up_proj,1181,0,8,341365
act_fn,1181,0,8,43457
down_proj,1181,0,8,337328
final_layernorm,1181,0,8,277633
lm_head,1181,0,8,813150
embedding,1182,0,8,103005
input_layernorm,1182,0,8,276855
q_proj,1182,0,8,106482
k_proj,1182,0,8,18150
v_proj,1182,0,8,16758
rope,1182,0,8,105610
attn,1182,0,8,69397
o_proj,1182,0,8,110840
post_layernorm,1182,0,8,277430
gate_proj,1182,0,8,345007
up_proj,1182,0,8,341101
act_fn,1182,0,8,43483
down_proj,1182,0,8,337155
final_layernorm,1182,0,8,278227
lm_head,1182,0,8,813123
embedding,1183,0,8,102048
input_layernorm,1183,0,8,275668
q_proj,1183,0,8,105696
k_proj,1183,0,8,17672
v_proj,1183,0,8,16625
rope,1183,0,8,103703
attn,1183,0,8,68283
o_proj,1183,0,8,109758
post_layernorm,1183,0,8,276090
gate_proj,1183,0,8,341653
up_proj,1183,0,8,340665
act_fn,1183,0,8,43558
down_proj,1183,0,8,337450
final_layernorm,1183,0,8,276698
lm_head,1183,0,8,811835
embedding,1184,0,8,103002
input_layernorm,1184,0,8,276702
q_proj,1184,0,8,109716
k_proj,1184,0,8,17654
v_proj,1184,0,8,16743
rope,1184,0,8,105332
attn,1184,0,8,68898
o_proj,1184,0,8,114212
post_layernorm,1184,0,8,277447
gate_proj,1184,0,8,408967
up_proj,1184,0,8,405945
act_fn,1184,0,8,42377
down_proj,1184,0,8,348411
final_layernorm,1184,0,8,277930
lm_head,1184,0,8,852860
embedding,1185,0,8,102067
input_layernorm,1185,0,8,275653
q_proj,1185,0,8,105664
k_proj,1185,0,8,17543
v_proj,1185,0,8,15907
rope,1185,0,8,103582
attn,1185,0,8,68303
o_proj,1185,0,8,109668
post_layernorm,1185,0,8,276970
gate_proj,1185,0,8,340243
up_proj,1185,0,8,341131
act_fn,1185,0,8,43632
down_proj,1185,0,8,337890
final_layernorm,1185,0,8,276953
lm_head,1185,0,8,811978
embedding,1186,0,8,103887
input_layernorm,1186,0,8,277710
q_proj,1186,0,8,106432
k_proj,1186,0,8,18193
v_proj,1186,0,8,16360
rope,1186,0,8,105453
attn,1186,0,8,69129
o_proj,1186,0,8,110706
post_layernorm,1186,0,8,279015
gate_proj,1186,0,8,343973
up_proj,1186,0,8,341506
act_fn,1186,0,8,43612
down_proj,1186,0,8,337799
final_layernorm,1186,0,8,278810
lm_head,1186,0,8,814239
embedding,1187,0,8,102632
input_layernorm,1187,0,8,276857
q_proj,1187,0,8,105920
k_proj,1187,0,8,17781
v_proj,1187,0,8,15959
rope,1187,0,8,104105
attn,1187,0,8,68105
o_proj,1187,0,8,110094
post_layernorm,1187,0,8,277677
gate_proj,1187,0,8,341419
up_proj,1187,0,8,341365
act_fn,1187,0,8,43892
down_proj,1187,0,8,337987
final_layernorm,1187,0,8,278275
lm_head,1187,0,8,812908
embedding,1188,0,8,104472
input_layernorm,1188,0,8,277613
q_proj,1188,0,8,106378
k_proj,1188,0,8,18278
v_proj,1188,0,8,16374
rope,1188,0,8,105560
attn,1188,0,8,68781
o_proj,1188,0,8,110804
post_layernorm,1188,0,8,279282
gate_proj,1188,0,8,343841
up_proj,1188,0,8,341844
act_fn,1188,0,8,43695
down_proj,1188,0,8,338050
final_layernorm,1188,0,8,279383
lm_head,1188,0,8,814367
embedding,1189,0,8,102560
input_layernorm,1189,0,8,277027
q_proj,1189,0,8,105772
k_proj,1189,0,8,17608
v_proj,1189,0,8,15956
rope,1189,0,8,103695
attn,1189,0,8,68305
o_proj,1189,0,8,109712
post_layernorm,1189,0,8,278047
gate_proj,1189,0,8,340256
up_proj,1189,0,8,341348
act_fn,1189,0,8,43633
down_proj,1189,0,8,337978
final_layernorm,1189,0,8,278977
lm_head,1189,0,8,812110
embedding,1190,0,8,102350
input_layernorm,1190,0,8,277132
q_proj,1190,0,8,105798
k_proj,1190,0,8,17611
v_proj,1190,0,8,16233
rope,1190,0,8,103723
attn,1190,0,8,68245
o_proj,1190,0,8,109778
post_layernorm,1190,0,8,278108
gate_proj,1190,0,8,340468
up_proj,1190,0,8,341087
act_fn,1190,0,8,43812
down_proj,1190,0,8,338033
final_layernorm,1190,0,8,278593
lm_head,1190,0,8,812094
embedding,1191,0,8,102905
input_layernorm,1191,0,8,278182
q_proj,1191,0,8,106014
k_proj,1191,0,8,17768
v_proj,1191,0,8,15980
rope,1191,0,8,104332
attn,1191,0,8,68556
o_proj,1191,0,8,110150
post_layernorm,1191,0,8,279037
gate_proj,1191,0,8,341185
up_proj,1191,0,8,341508
act_fn,1191,0,8,44110
down_proj,1191,0,8,338234
final_layernorm,1191,0,8,279408
lm_head,1191,0,8,813266
embedding,1192,0,8,102353
input_layernorm,1192,0,8,277515
q_proj,1192,0,8,105942
k_proj,1192,0,8,17816
v_proj,1192,0,8,16264
rope,1192,0,8,104342
attn,1192,0,8,68144
o_proj,1192,0,8,110120
post_layernorm,1192,0,8,278655
gate_proj,1192,0,8,341655
up_proj,1192,0,8,341185
act_fn,1192,0,8,44080
down_proj,1192,0,8,337610
final_layernorm,1192,0,8,278968
lm_head,1192,0,8,812441
embedding,1193,0,8,102682
input_layernorm,1193,0,8,278397
q_proj,1193,0,8,106228
k_proj,1193,0,8,17972
v_proj,1193,0,8,16012
rope,1193,0,8,104600
attn,1193,0,8,68752
o_proj,1193,0,8,110380
post_layernorm,1193,0,8,279780
gate_proj,1193,0,8,342171
up_proj,1193,0,8,342032
act_fn,1193,0,8,44177
down_proj,1193,0,8,338247
final_layernorm,1193,0,8,279818
lm_head,1193,0,8,813818
embedding,1194,0,8,104675
input_layernorm,1194,0,8,280255
q_proj,1194,0,8,106578
k_proj,1194,0,8,18187
v_proj,1194,0,8,16317
rope,1194,0,8,105790
attn,1194,0,8,69421
o_proj,1194,0,8,110878
post_layernorm,1194,0,8,281317
gate_proj,1194,0,8,343787
up_proj,1194,0,8,342214
act_fn,1194,0,8,44048
down_proj,1194,0,8,338379
final_layernorm,1194,0,8,282048
lm_head,1194,0,8,814842
embedding,1195,0,8,103577
input_layernorm,1195,0,8,279830
q_proj,1195,0,8,106276
k_proj,1195,0,8,17947
v_proj,1195,0,8,16041
rope,1195,0,8,105198
attn,1195,0,8,68466
o_proj,1195,0,8,110352
post_layernorm,1195,0,8,280632
gate_proj,1195,0,8,342188
up_proj,1195,0,8,342011
act_fn,1195,0,8,44065
down_proj,1195,0,8,338360
final_layernorm,1195,0,8,281145
lm_head,1195,0,8,814386
embedding,1196,0,8,102263
input_layernorm,1196,0,8,278620
q_proj,1196,0,8,105960
k_proj,1196,0,8,17715
v_proj,1196,0,8,16207
rope,1196,0,8,104555
attn,1196,0,8,68495
o_proj,1196,0,8,110026
post_layernorm,1196,0,8,280212
gate_proj,1196,0,8,340641
up_proj,1196,0,8,341829
act_fn,1196,0,8,44208
down_proj,1196,0,8,338657
final_layernorm,1196,0,8,280493
lm_head,1196,0,8,813156
embedding,1197,0,8,102668
input_layernorm,1197,0,8,279742
q_proj,1197,0,8,106108
k_proj,1197,0,8,17719
v_proj,1197,0,8,15983
rope,1197,0,8,104507
attn,1197,0,8,68451
o_proj,1197,0,8,110006
post_layernorm,1197,0,8,280850
gate_proj,1197,0,8,340873
up_proj,1197,0,8,341553
act_fn,1197,0,8,44312
down_proj,1197,0,8,338713
final_layernorm,1197,0,8,281243
lm_head,1197,0,8,813449
embedding,1198,0,8,103215
input_layernorm,1198,0,8,279335
q_proj,1198,0,8,106098
k_proj,1198,0,8,17772
v_proj,1198,0,8,16213
rope,1198,0,8,104517
attn,1198,0,8,68322
o_proj,1198,0,8,110084
post_layernorm,1198,0,8,280488
gate_proj,1198,0,8,340971
up_proj,1198,0,8,341705
act_fn,1198,0,8,44180
down_proj,1198,0,8,338587
final_layernorm,1198,0,8,281297
lm_head,1198,0,8,813087
embedding,1199,0,8,104423
input_layernorm,1199,0,8,281420
q_proj,1199,0,8,106528
k_proj,1199,0,8,17978
v_proj,1199,0,8,16118
rope,1199,0,8,105807
attn,1199,0,8,68987
o_proj,1199,0,8,110714
post_layernorm,1199,0,8,282533
gate_proj,1199,0,8,343583
up_proj,1199,0,8,342026
act_fn,1199,0,8,44317
down_proj,1199,0,8,338537
final_layernorm,1199,0,8,282918
lm_head,1199,0,8,814898
embedding,1200,0,8,104262
input_layernorm,1200,0,8,281467
q_proj,1200,0,8,110336
k_proj,1200,0,8,18347
v_proj,1200,0,8,16249
rope,1200,0,8,106285
attn,1200,0,8,69412
o_proj,1200,0,8,110708
post_layernorm,1200,0,8,282908
gate_proj,1200,0,8,334297
up_proj,1200,0,8,332267
act_fn,1200,0,8,43588
down_proj,1200,0,8,336901
final_layernorm,1200,0,8,283305
lm_head,1200,0,8,815586
embedding,1201,0,8,104805
input_layernorm,1201,0,8,282513
q_proj,1201,0,8,106676
k_proj,1201,0,8,18072
v_proj,1201,0,8,16246
rope,1201,0,8,105743
attn,1201,0,8,69031
o_proj,1201,0,8,110918
post_layernorm,1201,0,8,283957
gate_proj,1201,0,8,343027
up_proj,1201,0,8,342533
act_fn,1201,0,8,44472
down_proj,1201,0,8,338882
final_layernorm,1201,0,8,283763
lm_head,1201,0,8,814682
embedding,1202,0,8,103688
input_layernorm,1202,0,8,281138
q_proj,1202,0,8,106016
k_proj,1202,0,8,17615
v_proj,1202,0,8,15991
rope,1202,0,8,104572
attn,1202,0,8,68468
o_proj,1202,0,8,109974
post_layernorm,1202,0,8,281822
gate_proj,1202,0,8,340457
up_proj,1202,0,8,342071
act_fn,1202,0,8,44432
down_proj,1202,0,8,338966
final_layernorm,1202,0,8,282875
lm_head,1202,0,8,813546
embedding,1203,0,8,104387
input_layernorm,1203,0,8,282562
q_proj,1203,0,8,106556
k_proj,1203,0,8,18073
v_proj,1203,0,8,16254
rope,1203,0,8,105802
attn,1203,0,8,68748
o_proj,1203,0,8,110794
post_layernorm,1203,0,8,283900
gate_proj,1203,0,8,342998
up_proj,1203,0,8,342273
act_fn,1203,0,8,44560
down_proj,1203,0,8,338622
final_layernorm,1203,0,8,283775
lm_head,1203,0,8,815216
embedding,1204,0,8,103915
input_layernorm,1204,0,8,282463
q_proj,1204,0,8,106264
k_proj,1204,0,8,17946
v_proj,1204,0,8,16055
rope,1204,0,8,105097
attn,1204,0,8,68641
o_proj,1204,0,8,110388
post_layernorm,1204,0,8,283560
gate_proj,1204,0,8,341716
up_proj,1204,0,8,342264
act_fn,1204,0,8,44697
down_proj,1204,0,8,339018
final_layernorm,1204,0,8,283285
lm_head,1204,0,8,814356
embedding,1205,0,8,104532
input_layernorm,1205,0,8,283222
q_proj,1205,0,8,106706
k_proj,1205,0,8,17944
v_proj,1205,0,8,16211
rope,1205,0,8,106110
attn,1205,0,8,68927
o_proj,1205,0,8,110974
post_layernorm,1205,0,8,284758
gate_proj,1205,0,8,343219
up_proj,1205,0,8,342641
act_fn,1205,0,8,44687
down_proj,1205,0,8,339094
final_layernorm,1205,0,8,284687
lm_head,1205,0,8,815196
embedding,1206,0,8,104080
input_layernorm,1206,0,8,282375
q_proj,1206,0,8,106234
k_proj,1206,0,8,17798
v_proj,1206,0,8,16025
rope,1206,0,8,104818
attn,1206,0,8,68493
o_proj,1206,0,8,110328
post_layernorm,1206,0,8,283603
gate_proj,1206,0,8,341241
up_proj,1206,0,8,342368
act_fn,1206,0,8,44550
down_proj,1206,0,8,339242
final_layernorm,1206,0,8,283910
lm_head,1206,0,8,814299
embedding,1207,0,8,105412
input_layernorm,1207,0,8,283982
q_proj,1207,0,8,106726
k_proj,1207,0,8,18181
v_proj,1207,0,8,16236
rope,1207,0,8,106002
attn,1207,0,8,69253
o_proj,1207,0,8,111046
post_layernorm,1207,0,8,285393
gate_proj,1207,0,8,343863
up_proj,1207,0,8,342890
act_fn,1207,0,8,44612
down_proj,1207,0,8,339324
final_layernorm,1207,0,8,285662
lm_head,1207,0,8,815866
embedding,1208,0,8,105647
input_layernorm,1208,0,8,284078
q_proj,1208,0,8,106926
k_proj,1208,0,8,18192
v_proj,1208,0,8,16244
rope,1208,0,8,106978
attn,1208,0,8,69621
o_proj,1208,0,8,111306
post_layernorm,1208,0,8,285610
gate_proj,1208,0,8,344498
up_proj,1208,0,8,343161
act_fn,1208,0,8,44710
down_proj,1208,0,8,339497
final_layernorm,1208,0,8,285543
lm_head,1208,0,8,817188
embedding,1209,0,8,104735
input_layernorm,1209,0,8,284843
q_proj,1209,0,8,106686
k_proj,1209,0,8,18059
v_proj,1209,0,8,16140
rope,1209,0,8,106117
attn,1209,0,8,68811
o_proj,1209,0,8,110926
post_layernorm,1209,0,8,286220
gate_proj,1209,0,8,343271
up_proj,1209,0,8,342851
act_fn,1209,0,8,44755
down_proj,1209,0,8,339482
final_layernorm,1209,0,8,285932
lm_head,1209,0,8,816125
embedding,1210,0,8,103683
input_layernorm,1210,0,8,283192
q_proj,1210,0,8,106182
k_proj,1210,0,8,17630
v_proj,1210,0,8,16086
rope,1210,0,8,104922
attn,1210,0,8,68286
o_proj,1210,0,8,110294
post_layernorm,1210,0,8,284338
gate_proj,1210,0,8,341350
up_proj,1210,0,8,342275
act_fn,1210,0,8,44902
down_proj,1210,0,8,339593
final_layernorm,1210,0,8,284815
lm_head,1210,0,8,814642
embedding,1211,0,8,105697
input_layernorm,1211,0,8,286340
q_proj,1211,0,8,107100
k_proj,1211,0,8,18279
v_proj,1211,0,8,16296
rope,1211,0,8,107100
attn,1211,0,8,69493
o_proj,1211,0,8,111724
post_layernorm,1211,0,8,287927
gate_proj,1211,0,8,344925
up_proj,1211,0,8,343514
act_fn,1211,0,8,44905
down_proj,1211,0,8,339536
final_layernorm,1211,0,8,287272
lm_head,1211,0,8,817519
embedding,1212,0,8,105663
input_layernorm,1212,0,8,286603
q_proj,1212,0,8,106886
k_proj,1212,0,8,17991
v_proj,1212,0,8,16167
rope,1212,0,8,106795
attn,1212,0,8,69181
o_proj,1212,0,8,111262
post_layernorm,1212,0,8,287858
gate_proj,1212,0,8,344208
up_proj,1212,0,8,343687
act_fn,1212,0,8,45020
down_proj,1212,0,8,339803
final_layernorm,1212,0,8,287352
lm_head,1212,0,8,817244
embedding,1213,0,8,104145
input_layernorm,1213,0,8,284707
q_proj,1213,0,8,106314
k_proj,1213,0,8,17857
v_proj,1213,0,8,16134
rope,1213,0,8,105123
attn,1213,0,8,68547
o_proj,1213,0,8,110556
post_layernorm,1213,0,8,285760
gate_proj,1213,0,8,341590
up_proj,1213,0,8,342715
act_fn,1213,0,8,44915
down_proj,1213,0,8,339541
final_layernorm,1213,0,8,286085
lm_head,1213,0,8,815333
embedding,1214,0,8,104047
input_layernorm,1214,0,8,285745
q_proj,1214,0,8,106452
k_proj,1214,0,8,17921
v_proj,1214,0,8,16030
rope,1214,0,8,105333
attn,1214,0,8,68614
o_proj,1214,0,8,110554
post_layernorm,1214,0,8,286158
gate_proj,1214,0,8,342353
up_proj,1214,0,8,343124
act_fn,1214,0,8,45205
down_proj,1214,0,8,339662
final_layernorm,1214,0,8,286617
lm_head,1214,0,8,815596
embedding,1215,0,8,104305
input_layernorm,1215,0,8,285007
q_proj,1215,0,8,106294
k_proj,1215,0,8,17814
v_proj,1215,0,8,16134
rope,1215,0,8,104968
attn,1215,0,8,68676
o_proj,1215,0,8,110550
post_layernorm,1215,0,8,286148
gate_proj,1215,0,8,341257
up_proj,1215,0,8,342927
act_fn,1215,0,8,45000
down_proj,1215,0,8,339917
final_layernorm,1215,0,8,286737
lm_head,1215,0,8,814933
embedding,1216,0,8,104945
input_layernorm,1216,0,8,285825
q_proj,1216,0,8,110480
k_proj,1216,0,8,17907
v_proj,1216,0,8,16133
rope,1216,0,8,106358
attn,1216,0,8,68889
o_proj,1216,0,8,116922
post_layernorm,1216,0,8,287347
gate_proj,1216,0,8,372534
up_proj,1216,0,8,370793
act_fn,1216,0,8,44093
down_proj,1216,0,8,354666
final_layernorm,1216,0,8,287077
lm_head,1216,0,8,868199
embedding,1217,0,8,106512
input_layernorm,1217,0,8,287097
q_proj,1217,0,8,110900
k_proj,1217,0,8,18378
v_proj,1217,0,8,16557
rope,1217,0,8,106772
attn,1217,0,8,71206
o_proj,1217,0,8,113802
post_layernorm,1217,0,8,289045
gate_proj,1217,0,8,344584
up_proj,1217,0,8,344078
act_fn,1217,0,8,45262
down_proj,1217,0,8,346580
final_layernorm,1217,0,8,288608
lm_head,1217,0,8,817747
embedding,1218,0,8,107250
input_layernorm,1218,0,8,286972
q_proj,1218,0,8,110642
k_proj,1218,0,8,18414
v_proj,1218,0,8,16327
rope,1218,0,8,106635
attn,1218,0,8,70201
o_proj,1218,0,8,113614
post_layernorm,1218,0,8,288480
gate_proj,1218,0,8,343369
up_proj,1218,0,8,343761
act_fn,1218,0,8,45398
down_proj,1218,0,8,346569
final_layernorm,1218,0,8,288267
lm_head,1218,0,8,817308
embedding,1219,0,8,106388
input_layernorm,1219,0,8,287648
q_proj,1219,0,8,110892
k_proj,1219,0,8,18442
v_proj,1219,0,8,16581
rope,1219,0,8,107083
attn,1219,0,8,71061
o_proj,1219,0,8,113884
post_layernorm,1219,0,8,289437
gate_proj,1219,0,8,344322
up_proj,1219,0,8,343818
act_fn,1219,0,8,45538
down_proj,1219,0,8,346680
final_layernorm,1219,0,8,289060
lm_head,1219,0,8,818263
embedding,1220,0,8,104950
input_layernorm,1220,0,8,286127
q_proj,1220,0,8,110140
k_proj,1220,0,8,17732
v_proj,1220,0,8,16794
rope,1220,0,8,105368
attn,1220,0,8,69377
o_proj,1220,0,8,112948
post_layernorm,1220,0,8,287378
gate_proj,1220,0,8,341555
up_proj,1220,0,8,343235
act_fn,1220,0,8,45430
down_proj,1220,0,8,346701
final_layernorm,1220,0,8,287063
lm_head,1220,0,8,815891
embedding,1221,0,8,105330
input_layernorm,1221,0,8,286905
q_proj,1221,0,8,110326
k_proj,1221,0,8,18052
v_proj,1221,0,8,16818
rope,1221,0,8,105815
attn,1221,0,8,69828
o_proj,1221,0,8,113368
post_layernorm,1221,0,8,288235
gate_proj,1221,0,8,342416
up_proj,1221,0,8,343441
act_fn,1221,0,8,45540
down_proj,1221,0,8,346853
final_layernorm,1221,0,8,287920
lm_head,1221,0,8,817039
embedding,1222,0,8,105705
input_layernorm,1222,0,8,287777
q_proj,1222,0,8,110608
k_proj,1222,0,8,18094
v_proj,1222,0,8,16630
rope,1222,0,8,106422
attn,1222,0,8,70363
o_proj,1222,0,8,113422
post_layernorm,1222,0,8,289268
gate_proj,1222,0,8,343308
up_proj,1222,0,8,343425
act_fn,1222,0,8,45532
down_proj,1222,0,8,347083
final_layernorm,1222,0,8,288937
lm_head,1222,0,8,817710
embedding,1223,0,8,104960
input_layernorm,1223,0,8,286568
q_proj,1223,0,8,110218
k_proj,1223,0,8,17881
v_proj,1223,0,8,16757
rope,1223,0,8,105500
attn,1223,0,8,69938
o_proj,1223,0,8,113172
post_layernorm,1223,0,8,288058
gate_proj,1223,0,8,341894
up_proj,1223,0,8,343549
act_fn,1223,0,8,45635
down_proj,1223,0,8,347024
final_layernorm,1223,0,8,287965
lm_head,1223,0,8,817533
embedding,1224,0,8,104927
input_layernorm,1224,0,8,286997
q_proj,1224,0,8,110190
k_proj,1224,0,8,17757
v_proj,1224,0,8,16423
rope,1224,0,8,105688
attn,1224,0,8,69773
o_proj,1224,0,8,113130
post_layernorm,1224,0,8,288442
gate_proj,1224,0,8,341566
up_proj,1224,0,8,343373
act_fn,1224,0,8,45597
down_proj,1224,0,8,347120
final_layernorm,1224,0,8,288048
lm_head,1224,0,8,816840
embedding,1225,0,8,107445
input_layernorm,1225,0,8,289692
q_proj,1225,0,8,111220
k_proj,1225,0,8,18393
v_proj,1225,0,8,16705
rope,1225,0,8,107727
attn,1225,0,8,71328
o_proj,1225,0,8,114396
post_layernorm,1225,0,8,291627
gate_proj,1225,0,8,335456
up_proj,1225,0,8,334702
act_fn,1225,0,8,44928
down_proj,1225,0,8,347735
final_layernorm,1225,0,8,290897
lm_head,1225,0,8,819294
embedding,1226,0,8,106603
input_layernorm,1226,0,8,289340
q_proj,1226,0,8,111014
k_proj,1226,0,8,18392
v_proj,1226,0,8,16569
rope,1226,0,8,107340
attn,1226,0,8,70818
o_proj,1226,0,8,114138
post_layernorm,1226,0,8,291420
gate_proj,1226,0,8,335822
up_proj,1226,0,8,333805
act_fn,1226,0,8,44895
down_proj,1226,0,8,347821
final_layernorm,1226,0,8,290602
lm_head,1226,0,8,819612
embedding,1227,0,8,107095
input_layernorm,1227,0,8,289735
q_proj,1227,0,8,111122
k_proj,1227,0,8,18581
v_proj,1227,0,8,16763
rope,1227,0,8,107678
attn,1227,0,8,70790
o_proj,1227,0,8,114342
post_layernorm,1227,0,8,291862
gate_proj,1227,0,8,335445
up_proj,1227,0,8,334379
act_fn,1227,0,8,45160
down_proj,1227,0,8,347583
final_layernorm,1227,0,8,290985
lm_head,1227,0,8,819114
embedding,1228,0,8,105195
input_layernorm,1228,0,8,288067
q_proj,1228,0,8,110412
k_proj,1228,0,8,17907
v_proj,1228,0,8,16525
rope,1228,0,8,105965
attn,1228,0,8,69977
o_proj,1228,0,8,113330
post_layernorm,1228,0,8,289760
gate_proj,1228,0,8,332616
up_proj,1228,0,8,333675
act_fn,1228,0,8,45257
down_proj,1228,0,8,347731
final_layernorm,1228,0,8,289517
lm_head,1228,0,8,817747
embedding,1229,0,8,106978
input_layernorm,1229,0,8,290398
q_proj,1229,0,8,111184
k_proj,1229,0,8,18336
v_proj,1229,0,8,16515
rope,1229,0,8,107665
attn,1229,0,8,71003
o_proj,1229,0,8,114356
post_layernorm,1229,0,8,291872
gate_proj,1229,0,8,337125
up_proj,1229,0,8,333753
act_fn,1229,0,8,45198
down_proj,1229,0,8,347847
final_layernorm,1229,0,8,291845
lm_head,1229,0,8,819128
embedding,1230,0,8,105242
input_layernorm,1230,0,8,288460
q_proj,1230,0,8,110146
k_proj,1230,0,8,17804
v_proj,1230,0,8,16504
rope,1230,0,8,105295
attn,1230,0,8,69506
o_proj,1230,0,8,113178
post_layernorm,1230,0,8,290213
gate_proj,1230,0,8,332061
up_proj,1230,0,8,333736
act_fn,1230,0,8,45120
down_proj,1230,0,8,348127
final_layernorm,1230,0,8,290318
lm_head,1230,0,8,817167
embedding,1231,0,8,106305
input_layernorm,1231,0,8,290633
q_proj,1231,0,8,111144
k_proj,1231,0,8,18463
v_proj,1231,0,8,16469
rope,1231,0,8,107308
attn,1231,0,8,70889
o_proj,1231,0,8,114274
post_layernorm,1231,0,8,292375
gate_proj,1231,0,8,337064
up_proj,1231,0,8,333786
act_fn,1231,0,8,45033
down_proj,1231,0,8,347906
final_layernorm,1231,0,8,291865
lm_head,1231,0,8,819772
embedding,1232,0,8,106508
input_layernorm,1232,0,8,290307
q_proj,1232,0,8,110894
k_proj,1232,0,8,18183
v_proj,1232,0,8,16119
rope,1232,0,8,107210
attn,1232,0,8,70533
o_proj,1232,0,8,113914
post_layernorm,1232,0,8,291430
gate_proj,1232,0,8,334475
up_proj,1232,0,8,334366
act_fn,1232,0,8,45362
down_proj,1232,0,8,347897
final_layernorm,1232,0,8,291472
lm_head,1232,0,8,818640
embedding,1233,0,8,107588
input_layernorm,1233,0,8,291615
q_proj,1233,0,8,111212
k_proj,1233,0,8,17617
v_proj,1233,0,8,16337
rope,1233,0,8,107617
attn,1233,0,8,70883
o_proj,1233,0,8,114382
post_layernorm,1233,0,8,293710
gate_proj,1233,0,8,360317
up_proj,1233,0,8,359275
act_fn,1233,0,8,45558
down_proj,1233,0,8,346723
final_layernorm,1233,0,8,292793
lm_head,1233,0,8,846595
embedding,1234,0,8,106652
input_layernorm,1234,0,8,290632
q_proj,1234,0,8,110780
k_proj,1234,0,8,18262
v_proj,1234,0,8,16041
rope,1234,0,8,106497
attn,1234,0,8,69937
o_proj,1234,0,8,113682
post_layernorm,1234,0,8,292355
gate_proj,1234,0,8,358989
up_proj,1234,0,8,358594
act_fn,1234,0,8,45768
down_proj,1234,0,8,346634
final_layernorm,1234,0,8,292150
lm_head,1234,0,8,845416
embedding,1235,0,8,106938
input_layernorm,1235,0,8,291980
q_proj,1235,0,8,111226
k_proj,1235,0,8,18627
v_proj,1235,0,8,16228
rope,1235,0,8,107543
attn,1235,0,8,70819
o_proj,1235,0,8,114342
post_layernorm,1235,0,8,293695
gate_proj,1235,0,8,360614
up_proj,1235,0,8,359220
act_fn,1235,0,8,45807
down_proj,1235,0,8,346959
final_layernorm,1235,0,8,293065
lm_head,1235,0,8,846603
embedding,1236,0,8,105993
input_layernorm,1236,0,8,290372
q_proj,1236,0,8,110690
k_proj,1236,0,8,17695
v_proj,1236,0,8,15918
rope,1236,0,8,106532
attn,1236,0,8,69674
o_proj,1236,0,8,113536
post_layernorm,1236,0,8,292710
gate_proj,1236,0,8,357849
up_proj,1236,0,8,358943
act_fn,1236,0,8,46007
down_proj,1236,0,8,346836
final_layernorm,1236,0,8,291825
lm_head,1236,0,8,845504
embedding,1237,0,8,108087
input_layernorm,1237,0,8,291838
q_proj,1237,0,8,111284
k_proj,1237,0,8,18672
v_proj,1237,0,8,16252
rope,1237,0,8,107507
attn,1237,0,8,71408
o_proj,1237,0,8,114422
post_layernorm,1237,0,8,294065
gate_proj,1237,0,8,362329
up_proj,1237,0,8,358681
act_fn,1237,0,8,45880
down_proj,1237,0,8,346925
final_layernorm,1237,0,8,293995
lm_head,1237,0,8,847408
embedding,1238,0,8,106335
input_layernorm,1238,0,8,291728
q_proj,1238,0,8,110800
k_proj,1238,0,8,18161
v_proj,1238,0,8,15995
rope,1238,0,8,106418
attn,1238,0,8,70311
o_proj,1238,0,8,113828
post_layernorm,1238,0,8,292930
gate_proj,1238,0,8,358180
up_proj,1238,0,8,359140
act_fn,1238,0,8,46047
down_proj,1238,0,8,347016
final_layernorm,1238,0,8,292750
lm_head,1238,0,8,846133
embedding,1239,0,8,106295
input_layernorm,1239,0,8,291630
q_proj,1239,0,8,110740
k_proj,1239,0,8,17817
v_proj,1239,0,8,15894
rope,1239,0,8,106077
attn,1239,0,8,70041
o_proj,1239,0,8,113594
post_layernorm,1239,0,8,292322
gate_proj,1239,0,8,358033
up_proj,1239,0,8,358869
act_fn,1239,0,8,46012
down_proj,1239,0,8,347087
final_layernorm,1239,0,8,292595
lm_head,1239,0,8,845711
embedding,1240,0,8,106800
input_layernorm,1240,0,8,292172
q_proj,1240,0,8,110668
k_proj,1240,0,8,18394
v_proj,1240,0,8,16081
rope,1240,0,8,107067
attn,1240,0,8,69867
o_proj,1240,0,8,113982
post_layernorm,1240,0,8,293413
gate_proj,1240,0,8,359485
up_proj,1240,0,8,359064
act_fn,1240,0,8,46070
down_proj,1240,0,8,347208
final_layernorm,1240,0,8,293212
lm_head,1240,0,8,846418
embedding,1241,0,8,106167
input_layernorm,1241,0,8,291717
q_proj,1241,0,8,110664
k_proj,1241,0,8,18091
v_proj,1241,0,8,15909
rope,1241,0,8,106132
attn,1241,0,8,69973
o_proj,1241,0,8,113834
post_layernorm,1241,0,8,293215
gate_proj,1241,0,8,357747
up_proj,1241,0,8,359002
act_fn,1241,0,8,45983
down_proj,1241,0,8,347332
final_layernorm,1241,0,8,293040
lm_head,1241,0,8,846259
embedding,1242,0,8,106720
input_layernorm,1242,0,8,293192
q_proj,1242,0,8,110974
k_proj,1242,0,8,17582
v_proj,1242,0,8,16067
rope,1242,0,8,107173
attn,1242,0,8,70192
o_proj,1242,0,8,113914
post_layernorm,1242,0,8,294402
gate_proj,1242,0,8,358950
up_proj,1242,0,8,359487
act_fn,1242,0,8,46280
down_proj,1242,0,8,347340
final_layernorm,1242,0,8,294232
lm_head,1242,0,8,846742
embedding,1243,0,8,108432
input_layernorm,1243,0,8,293712
q_proj,1243,0,8,111446
k_proj,1243,0,8,18580
v_proj,1243,0,8,16289
rope,1243,0,8,108040
attn,1243,0,8,71325
o_proj,1243,0,8,114636
post_layernorm,1243,0,8,295207
gate_proj,1243,0,8,361147
up_proj,1243,0,8,359892
act_fn,1243,0,8,46260
down_proj,1243,0,8,347627
final_layernorm,1243,0,8,295073
lm_head,1243,0,8,848106
embedding,1244,0,8,107205
input_layernorm,1244,0,8,293548
q_proj,1244,0,8,111128
k_proj,1244,0,8,18477
v_proj,1244,0,8,16121
rope,1244,0,8,107435
attn,1244,0,8,70544
o_proj,1244,0,8,114240
post_layernorm,1244,0,8,294547
gate_proj,1244,0,8,359561
up_proj,1244,0,8,359259
act_fn,1244,0,8,46368
down_proj,1244,0,8,347393
final_layernorm,1244,0,8,294317
lm_head,1244,0,8,847055
embedding,1245,0,8,107818
input_layernorm,1245,0,8,294820
q_proj,1245,0,8,111328
k_proj,1245,0,8,18729
v_proj,1245,0,8,16248
rope,1245,0,8,108028
attn,1245,0,8,71348
o_proj,1245,0,8,114436
post_layernorm,1245,0,8,296152
gate_proj,1245,0,8,360624
up_proj,1245,0,8,359625
act_fn,1245,0,8,46408
down_proj,1245,0,8,347596
final_layernorm,1245,0,8,295645
lm_head,1245,0,8,848028
embedding,1246,0,8,106475
input_layernorm,1246,0,8,293150
q_proj,1246,0,8,110970
k_proj,1246,0,8,18200
v_proj,1246,0,8,15979
rope,1246,0,8,106652
attn,1246,0,8,70263
o_proj,1246,0,8,113916
post_layernorm,1246,0,8,294770
gate_proj,1246,0,8,358588
up_proj,1246,0,8,359448
act_fn,1246,0,8,46505
down_proj,1246,0,8,347460
final_layernorm,1246,0,8,294112
lm_head,1246,0,8,846920
embedding,1247,0,8,105768
input_layernorm,1247,0,8,293247
q_proj,1247,0,8,110722
k_proj,1247,0,8,17956
v_proj,1247,0,8,15863
rope,1247,0,8,105988
attn,1247,0,8,69947
o_proj,1247,0,8,113642
post_layernorm,1247,0,8,293958
gate_proj,1247,0,8,357639
up_proj,1247,0,8,359032
act_fn,1247,0,8,46430
down_proj,1247,0,8,347739
final_layernorm,1247,0,8,294227
lm_head,1247,0,8,846558
embedding,1248,0,8,106540
input_layernorm,1248,0,8,293392
q_proj,1248,0,8,110906
k_proj,1248,0,8,18443
v_proj,1248,0,8,16036
rope,1248,0,8,106733
attn,1248,0,8,69892
o_proj,1248,0,8,115608
post_layernorm,1248,0,8,294020
gate_proj,1248,0,8,379702
up_proj,1248,0,8,378894
act_fn,1248,0,8,46735
down_proj,1248,0,8,353648
final_layernorm,1248,0,8,293790
lm_head,1248,0,8,863387
embedding,1249,0,8,108418
input_layernorm,1249,0,8,295658
q_proj,1249,0,8,111552
k_proj,1249,0,8,18669
v_proj,1249,0,8,16239
rope,1249,0,8,108028
attn,1249,0,8,70907
o_proj,1249,0,8,116210
post_layernorm,1249,0,8,297092
gate_proj,1249,0,8,360856
up_proj,1249,0,8,360174
act_fn,1249,0,8,46435
down_proj,1249,0,8,353678
final_layernorm,1249,0,8,296338
lm_head,1249,0,8,865545
embedding,1250,0,8,107158
input_layernorm,1250,0,8,295187
q_proj,1250,0,8,111196
k_proj,1250,0,8,17361
v_proj,1250,0,8,16080
rope,1250,0,8,107265
attn,1250,0,8,70543
o_proj,1250,0,8,115676
post_layernorm,1250,0,8,296155
gate_proj,1250,0,8,359418
up_proj,1250,0,8,360055
act_fn,1250,0,8,46390
down_proj,1250,0,8,353684
final_layernorm,1250,0,8,295432
lm_head,1250,0,8,865095
embedding,1251,0,8,109140
input_layernorm,1251,0,8,296380
q_proj,1251,0,8,111458
k_proj,1251,0,8,18009
v_proj,1251,0,8,16306
rope,1251,0,8,108062
attn,1251,0,8,71116
o_proj,1251,0,8,116318
post_layernorm,1251,0,8,296862
gate_proj,1251,0,8,361166
up_proj,1251,0,8,359929
act_fn,1251,0,8,46688
down_proj,1251,0,8,353680
final_layernorm,1251,0,8,296830
lm_head,1251,0,8,866015
embedding,1252,0,8,107582
input_layernorm,1252,0,8,295600
q_proj,1252,0,8,110976
k_proj,1252,0,8,18242
v_proj,1252,0,8,16052
rope,1252,0,8,107033
attn,1252,0,8,70204
o_proj,1252,0,8,115714
post_layernorm,1252,0,8,296117
gate_proj,1252,0,8,358566
up_proj,1252,0,8,359626
act_fn,1252,0,8,46755
down_proj,1252,0,8,353745
final_layernorm,1252,0,8,295763
lm_head,1252,0,8,864455
embedding,1253,0,8,107898
input_layernorm,1253,0,8,294910
q_proj,1253,0,8,110946
k_proj,1253,0,8,17795
v_proj,1253,0,8,15945
rope,1253,0,8,106495
attn,1253,0,8,69984
o_proj,1253,0,8,115724
post_layernorm,1253,0,8,296253
gate_proj,1253,0,8,358624
up_proj,1253,0,8,359914
act_fn,1253,0,8,46608
down_proj,1253,0,8,354036
final_layernorm,1253,0,8,295748
lm_head,1253,0,8,865000
embedding,1254,0,8,108585
input_layernorm,1254,0,8,296340
q_proj,1254,0,8,111404
k_proj,1254,0,8,18366
v_proj,1254,0,8,16157
rope,1254,0,8,107507
attn,1254,0,8,71020
o_proj,1254,0,8,116028
post_layernorm,1254,0,8,296933
gate_proj,1254,0,8,360635
up_proj,1254,0,8,360128
act_fn,1254,0,8,46843
down_proj,1254,0,8,353966
final_layernorm,1254,0,8,297023
lm_head,1254,0,8,866052
embedding,1255,0,8,107697
input_layernorm,1255,0,8,295442
q_proj,1255,0,8,110880
k_proj,1255,0,8,18079
v_proj,1255,0,8,15801
rope,1255,0,8,106452
attn,1255,0,8,70471
o_proj,1255,0,8,115382
post_layernorm,1255,0,8,296585
gate_proj,1255,0,8,358193
up_proj,1255,0,8,359836
act_fn,1255,0,8,46808
down_proj,1255,0,8,354094
final_layernorm,1255,0,8,296373
lm_head,1255,0,8,864724
embedding,1256,0,8,109302
input_layernorm,1256,0,8,297230
q_proj,1256,0,8,111676
k_proj,1256,0,8,17983
v_proj,1256,0,8,16282
rope,1256,0,8,108480
attn,1256,0,8,70990
o_proj,1256,0,8,116328
post_layernorm,1256,0,8,297742
gate_proj,1256,0,8,361584
up_proj,1256,0,8,360193
act_fn,1256,0,8,46675
down_proj,1256,0,8,354181
final_layernorm,1256,0,8,297050
lm_head,1256,0,8,866900
embedding,1257,0,8,107587
input_layernorm,1257,0,8,295870
q_proj,1257,0,8,110994
k_proj,1257,0,8,18249
v_proj,1257,0,8,15893
rope,1257,0,8,106525
attn,1257,0,8,70116
o_proj,1257,0,8,115424
post_layernorm,1257,0,8,296405
gate_proj,1257,0,8,358729
up_proj,1257,0,8,359652
act_fn,1257,0,8,46760
down_proj,1257,0,8,354192
final_layernorm,1257,0,8,297008
lm_head,1257,0,8,865519
embedding,1258,0,8,109088
input_layernorm,1258,0,8,297785
q_proj,1258,0,8,111716
k_proj,1258,0,8,18212
v_proj,1258,0,8,16313
rope,1258,0,8,108533
attn,1258,0,8,71371
o_proj,1258,0,8,116698
post_layernorm,1258,0,8,298500
gate_proj,1258,0,8,362184
up_proj,1258,0,8,360382
act_fn,1258,0,8,47277
down_proj,1258,0,8,354103
final_layernorm,1258,0,8,298338
lm_head,1258,0,8,867192
embedding,1259,0,8,109017
input_layernorm,1259,0,8,297488
q_proj,1259,0,8,111294
k_proj,1259,0,8,17886
v_proj,1259,0,8,16024
rope,1259,0,8,107358
attn,1259,0,8,70424
o_proj,1259,0,8,115922
post_layernorm,1259,0,8,298282
gate_proj,1259,0,8,359270
up_proj,1259,0,8,360191
act_fn,1259,0,8,47138
down_proj,1259,0,8,354237
final_layernorm,1259,0,8,298300
lm_head,1259,0,8,866153
embedding,1260,0,8,107325
input_layernorm,1260,0,8,296617
q_proj,1260,0,8,111056
k_proj,1260,0,8,18047
v_proj,1260,0,8,15883
rope,1260,0,8,107092
attn,1260,0,8,70226
o_proj,1260,0,8,115566
post_layernorm,1260,0,8,297605
gate_proj,1260,0,8,358183
up_proj,1260,0,8,359868
act_fn,1260,0,8,47080
down_proj,1260,0,8,354230
final_layernorm,1260,0,8,297477
lm_head,1260,0,8,864930
embedding,1261,0,8,107998
input_layernorm,1261,0,8,297445
q_proj,1261,0,8,111220
k_proj,1261,0,8,17637
v_proj,1261,0,8,16014
rope,1261,0,8,107165
attn,1261,0,8,70273
o_proj,1261,0,8,115794
post_layernorm,1261,0,8,298303
gate_proj,1261,0,8,359086
up_proj,1261,0,8,360284
act_fn,1261,0,8,47147
down_proj,1261,0,8,354395
final_layernorm,1261,0,8,297763
lm_head,1261,0,8,865966
embedding,1262,0,8,109268
input_layernorm,1262,0,8,298812
q_proj,1262,0,8,111778
k_proj,1262,0,8,18275
v_proj,1262,0,8,16260
rope,1262,0,8,108600
attn,1262,0,8,70952
o_proj,1262,0,8,116426
post_layernorm,1262,0,8,299830
gate_proj,1262,0,8,361303
up_proj,1262,0,8,361012
act_fn,1262,0,8,47347
down_proj,1262,0,8,354673
final_layernorm,1262,0,8,299713
lm_head,1262,0,8,867711
embedding,1263,0,8,108250
input_layernorm,1263,0,8,297733
q_proj,1263,0,8,111414
k_proj,1263,0,8,17468
v_proj,1263,0,8,16045
rope,1263,0,8,107388
attn,1263,0,8,71020
o_proj,1263,0,8,115904
post_layernorm,1263,0,8,298452
gate_proj,1263,0,8,360354
up_proj,1263,0,8,360427
act_fn,1263,0,8,47172
down_proj,1263,0,8,354646
final_layernorm,1263,0,8,298663
lm_head,1263,0,8,866868
embedding,1264,0,8,109383
input_layernorm,1264,0,8,298673
q_proj,1264,0,8,111748
k_proj,1264,0,8,18209
v_proj,1264,0,8,16286
rope,1264,0,8,108872
attn,1264,0,8,70957
o_proj,1264,0,8,116604
post_layernorm,1264,0,8,299542
gate_proj,1264,0,8,361006
up_proj,1264,0,8,360999
act_fn,1264,0,8,47340
down_proj,1264,0,8,354848
final_layernorm,1264,0,8,299528
lm_head,1264,0,8,868058
embedding,1265,0,8,109902
input_layernorm,1265,0,8,299475
q_proj,1265,0,8,111860
k_proj,1265,0,8,18515
v_proj,1265,0,8,16317
rope,1265,0,8,108618
attn,1265,0,8,71467
o_proj,1265,0,8,116790
post_layernorm,1265,0,8,299610
gate_proj,1265,0,8,361922
up_proj,1265,0,8,360871
act_fn,1265,0,8,47680
down_proj,1265,0,8,354800
final_layernorm,1265,0,8,300222
lm_head,1265,0,8,868143
embedding,1266,0,8,107867
input_layernorm,1266,0,8,298365
q_proj,1266,0,8,111134
k_proj,1266,0,8,18083
v_proj,1266,0,8,15875
rope,1266,0,8,106997
attn,1266,0,8,69977
o_proj,1266,0,8,115640
post_layernorm,1266,0,8,298540
gate_proj,1266,0,8,358910
up_proj,1266,0,8,360438
act_fn,1266,0,8,47410
down_proj,1266,0,8,354894
final_layernorm,1266,0,8,299105
lm_head,1266,0,8,866616
embedding,1267,0,8,108513
input_layernorm,1267,0,8,298715
q_proj,1267,0,8,111494
k_proj,1267,0,8,18391
v_proj,1267,0,8,16058
rope,1267,0,8,107500
attn,1267,0,8,70833
o_proj,1267,0,8,116216
post_layernorm,1267,0,8,299912
gate_proj,1267,0,8,359977
up_proj,1267,0,8,360778
act_fn,1267,0,8,47370
down_proj,1267,0,8,354989
final_layernorm,1267,0,8,299665
lm_head,1267,0,8,867032
embedding,1268,0,8,108253
input_layernorm,1268,0,8,298813
q_proj,1268,0,8,111220
k_proj,1268,0,8,17958
v_proj,1268,0,8,15908
rope,1268,0,8,107378
attn,1268,0,8,70552
o_proj,1268,0,8,115744
post_layernorm,1268,0,8,299310
gate_proj,1268,0,8,358523
up_proj,1268,0,8,360496
act_fn,1268,0,8,47413
down_proj,1268,0,8,355227
final_layernorm,1268,0,8,299858
lm_head,1268,0,8,866756
embedding,1269,0,8,110682
input_layernorm,1269,0,8,300650
q_proj,1269,0,8,111878
k_proj,1269,0,8,18667
v_proj,1269,0,8,16314
rope,1269,0,8,108940
attn,1269,0,8,71224
o_proj,1269,0,8,116698
post_layernorm,1269,0,8,301692
gate_proj,1269,0,8,361261
up_proj,1269,0,8,361333
act_fn,1269,0,8,47643
down_proj,1269,0,8,354922
final_layernorm,1269,0,8,301207
lm_head,1269,0,8,868841
embedding,1270,0,8,109860
input_layernorm,1270,0,8,300518
q_proj,1270,0,8,111610
k_proj,1270,0,8,17942
v_proj,1270,0,8,16118
rope,1270,0,8,108178
attn,1270,0,8,70198
o_proj,1270,0,8,116252
post_layernorm,1270,0,8,301028
gate_proj,1270,0,8,360375
up_proj,1270,0,8,361220
act_fn,1270,0,8,47627
down_proj,1270,0,8,355221
final_layernorm,1270,0,8,300830
lm_head,1270,0,8,868246
embedding,1271,0,8,110200
input_layernorm,1271,0,8,301278
q_proj,1271,0,8,111964
k_proj,1271,0,8,18787
v_proj,1271,0,8,16302
rope,1271,0,8,109028
attn,1271,0,8,71565
o_proj,1271,0,8,116804
post_layernorm,1271,0,8,302205
gate_proj,1271,0,8,362048
up_proj,1271,0,8,361424
act_fn,1271,0,8,47608
down_proj,1271,0,8,355145
final_layernorm,1271,0,8,301945
lm_head,1271,0,8,869464
embedding,1272,0,8,110225
input_layernorm,1272,0,8,300523
q_proj,1272,0,8,111772
k_proj,1272,0,8,18329
v_proj,1272,0,8,16065
rope,1272,0,8,108372
attn,1272,0,8,70997
o_proj,1272,0,8,116364
post_layernorm,1272,0,8,300703
gate_proj,1272,0,8,360096
up_proj,1272,0,8,361188
act_fn,1272,0,8,47755
down_proj,1272,0,8,355171
final_layernorm,1272,0,8,301347
lm_head,1272,0,8,868223
embedding,1273,0,8,110145
input_layernorm,1273,0,8,300532
q_proj,1273,0,8,111456
k_proj,1273,0,8,18172
v_proj,1273,0,8,16028
rope,1273,0,8,107873
attn,1273,0,8,70260
o_proj,1273,0,8,116164
post_layernorm,1273,0,8,300168
gate_proj,1273,0,8,359857
up_proj,1273,0,8,360891
act_fn,1273,0,8,47808
down_proj,1273,0,8,355465
final_layernorm,1273,0,8,300987
lm_head,1273,0,8,868033
embedding,1274,0,8,110397
input_layernorm,1274,0,8,302160
q_proj,1274,0,8,112078
k_proj,1274,0,8,18720
v_proj,1274,0,8,16283
rope,1274,0,8,109418
attn,1274,0,8,71490
o_proj,1274,0,8,117064
post_layernorm,1274,0,8,303312
gate_proj,1274,0,8,361983
up_proj,1274,0,8,361914
act_fn,1274,0,8,47693
down_proj,1274,0,8,355524
final_layernorm,1274,0,8,302890
lm_head,1274,0,8,869769
embedding,1275,0,8,109297
input_layernorm,1275,0,8,300885
q_proj,1275,0,8,111282
k_proj,1275,0,8,17605
v_proj,1275,0,8,15910
rope,1275,0,8,107698
attn,1275,0,8,70249
o_proj,1275,0,8,116010
post_layernorm,1275,0,8,301585
gate_proj,1275,0,8,359233
up_proj,1275,0,8,361281
act_fn,1275,0,8,47768
down_proj,1275,0,8,355409
final_layernorm,1275,0,8,301230
lm_head,1275,0,8,867859
embedding,1276,0,8,110710
input_layernorm,1276,0,8,302580
q_proj,1276,0,8,112040
k_proj,1276,0,8,18728
v_proj,1276,0,8,16333
rope,1276,0,8,109612
attn,1276,0,8,71026
o_proj,1276,0,8,116940
post_layernorm,1276,0,8,303130
gate_proj,1276,0,8,362126
up_proj,1276,0,8,362039
act_fn,1276,0,8,48130
down_proj,1276,0,8,355619
final_layernorm,1276,0,8,302947
lm_head,1276,0,8,869918
embedding,1277,0,8,109767
input_layernorm,1277,0,8,301270
q_proj,1277,0,8,111568
k_proj,1277,0,8,18129
v_proj,1277,0,8,16007
rope,1277,0,8,107878
attn,1277,0,8,70289
o_proj,1277,0,8,116192
post_layernorm,1277,0,8,302402
gate_proj,1277,0,8,359797
up_proj,1277,0,8,361318
act_fn,1277,0,8,47987
down_proj,1277,0,8,355717
final_layernorm,1277,0,8,301923
lm_head,1277,0,8,868468
embedding,1278,0,8,110755
input_layernorm,1278,0,8,303123
q_proj,1278,0,8,112144
k_proj,1278,0,8,17982
v_proj,1278,0,8,16347
rope,1278,0,8,109435
attn,1278,0,8,71094
o_proj,1278,0,8,117056
post_layernorm,1278,0,8,303552
gate_proj,1278,0,8,362377
up_proj,1278,0,8,362039
act_fn,1278,0,8,48262
down_proj,1278,0,8,355814
final_layernorm,1278,0,8,303648
lm_head,1278,0,8,870001
embedding,1279,0,8,109830
input_layernorm,1279,0,8,302378
q_proj,1279,0,8,111758
k_proj,1279,0,8,18378
v_proj,1279,0,8,16088
rope,1279,0,8,108333
attn,1279,0,8,70897
o_proj,1279,0,8,116476
post_layernorm,1279,0,8,302752
gate_proj,1279,0,8,360440
up_proj,1279,0,8,361575
act_fn,1279,0,8,48255
down_proj,1279,0,8,355570
final_layernorm,1279,0,8,303080
lm_head,1279,0,8,869188
embedding,1280,0,8,111093
input_layernorm,1280,0,8,302972
q_proj,1280,0,8,112190
k_proj,1280,0,8,18467
v_proj,1280,0,8,16325
rope,1280,0,8,109522
attn,1280,0,8,62945
o_proj,1280,0,8,118642
post_layernorm,1280,0,8,303842
gate_proj,1280,0,8,376385
up_proj,1280,0,8,375401
act_fn,1280,0,8,47593
down_proj,1280,0,8,358507
final_layernorm,1280,0,8,303450
lm_head,1280,0,8,876629
embedding,1281,0,8,110507
input_layernorm,1281,0,8,302630
q_proj,1281,0,8,115904
k_proj,1281,0,8,18487
v_proj,1281,0,8,16232
rope,1281,0,8,108603
attn,1281,0,8,75076
o_proj,1281,0,8,131184
post_layernorm,1281,0,8,303900
gate_proj,1281,0,8,361290
up_proj,1281,0,8,361703
act_fn,1281,0,8,47907
down_proj,1281,0,8,392639
final_layernorm,1281,0,8,303907
lm_head,1281,0,8,883226
embedding,1282,0,8,111817
input_layernorm,1282,0,8,302773
q_proj,1282,0,8,115646
k_proj,1282,0,8,18231
v_proj,1282,0,8,16032
rope,1282,0,8,108062
attn,1282,0,8,74711
o_proj,1282,0,8,131504
post_layernorm,1282,0,8,303915
gate_proj,1282,0,8,359561
up_proj,1282,0,8,361333
act_fn,1282,0,8,47745
down_proj,1282,0,8,387595
final_layernorm,1282,0,8,303845
lm_head,1282,0,8,882656
embedding,1283,0,8,111913
input_layernorm,1283,0,8,304562
q_proj,1283,0,8,116418
k_proj,1283,0,8,18670
v_proj,1283,0,8,16378
rope,1283,0,8,109587
attn,1283,0,8,75717
o_proj,1283,0,8,132166
post_layernorm,1283,0,8,305347
gate_proj,1283,0,8,362362
up_proj,1283,0,8,361768
act_fn,1283,0,8,47915
down_proj,1283,0,8,395059
final_layernorm,1283,0,8,305448
lm_head,1283,0,8,884529
embedding,1284,0,8,112722
input_layernorm,1284,0,8,304315
q_proj,1284,0,8,116568
k_proj,1284,0,8,18882
v_proj,1284,0,8,16489
rope,1284,0,8,110490
attn,1284,0,8,75977
o_proj,1284,0,8,133536
post_layernorm,1284,0,8,305857
gate_proj,1284,0,8,363131
up_proj,1284,0,8,362171
act_fn,1284,0,8,47930
down_proj,1284,0,8,389549
final_layernorm,1284,0,8,306148
lm_head,1284,0,8,885141
embedding,1285,0,8,110533
input_layernorm,1285,0,8,302333
q_proj,1285,0,8,115568
k_proj,1285,0,8,18140
v_proj,1285,0,8,15933
rope,1285,0,8,107573
attn,1285,0,8,74582
o_proj,1285,0,8,131338
post_layernorm,1285,0,8,303705
gate_proj,1285,0,8,359483
up_proj,1285,0,8,361318
act_fn,1285,0,8,47958
down_proj,1285,0,8,387391
final_layernorm,1285,0,8,303578
lm_head,1285,0,8,883098
embedding,1286,0,8,110735
input_layernorm,1286,0,8,303005
q_proj,1286,0,8,115762
k_proj,1286,0,8,18294
v_proj,1286,0,8,16053
rope,1286,0,8,108207
attn,1286,0,8,74674
o_proj,1286,0,8,130960
post_layernorm,1286,0,8,304412
gate_proj,1286,0,8,360182
up_proj,1286,0,8,361636
act_fn,1286,0,8,48108
down_proj,1286,0,8,392041
final_layernorm,1286,0,8,304145
lm_head,1286,0,8,883432
embedding,1287,0,8,110877
input_layernorm,1287,0,8,303575
q_proj,1287,0,8,115648
k_proj,1287,0,8,18150
v_proj,1287,0,8,15965
rope,1287,0,8,108078
attn,1287,0,8,74527
o_proj,1287,0,8,131720
post_layernorm,1287,0,8,304998
gate_proj,1287,0,8,359909
up_proj,1287,0,8,361623
act_fn,1287,0,8,48060
down_proj,1287,0,8,388522
final_layernorm,1287,0,8,304577
lm_head,1287,0,8,883684
embedding,1288,0,8,110418
input_layernorm,1288,0,8,302978
q_proj,1288,0,8,115644
k_proj,1288,0,8,18243
v_proj,1288,0,8,15996
rope,1288,0,8,108272
attn,1288,0,8,74481
o_proj,1288,0,8,131744
post_layernorm,1288,0,8,303648
gate_proj,1288,0,8,359756
up_proj,1288,0,8,361582
act_fn,1288,0,8,48138
down_proj,1288,0,8,393789
final_layernorm,1288,0,8,303790
lm_head,1288,0,8,883612
embedding,1289,0,8,111757
input_layernorm,1289,0,8,305015
q_proj,1289,0,8,116024
k_proj,1289,0,8,18882
v_proj,1289,0,8,16845
rope,1289,0,8,108705
attn,1289,0,8,75014
o_proj,1289,0,8,132426
post_layernorm,1289,0,8,305592
gate_proj,1289,0,8,360915
up_proj,1289,0,8,361963
act_fn,1289,0,8,48305
down_proj,1289,0,8,389179
final_layernorm,1289,0,8,305902
lm_head,1289,0,8,884182
embedding,1290,0,8,112287
input_layernorm,1290,0,8,305657
q_proj,1290,0,8,116342
k_proj,1290,0,8,18955
v_proj,1290,0,8,16875
rope,1290,0,8,109612
attn,1290,0,8,75874
o_proj,1290,0,8,131690
post_layernorm,1290,0,8,307003
gate_proj,1290,0,8,362340
up_proj,1290,0,8,362557
act_fn,1290,0,8,48132
down_proj,1290,0,8,388901
final_layernorm,1290,0,8,306930
lm_head,1290,0,8,885861
embedding,1291,0,8,113015
input_layernorm,1291,0,8,306468
q_proj,1291,0,8,116628
k_proj,1291,0,8,19020
v_proj,1291,0,8,17013
rope,1291,0,8,110058
attn,1291,0,8,75953
o_proj,1291,0,8,131690
post_layernorm,1291,0,8,307508
gate_proj,1291,0,8,363317
up_proj,1291,0,8,362321
act_fn,1291,0,8,48448
down_proj,1291,0,8,391423
final_layernorm,1291,0,8,307567
lm_head,1291,0,8,885977
embedding,1292,0,8,110427
input_layernorm,1292,0,8,304017
q_proj,1292,0,8,115660
k_proj,1292,0,8,18506
v_proj,1292,0,8,16776
rope,1292,0,8,108030
attn,1292,0,8,74736
o_proj,1292,0,8,130862
post_layernorm,1292,0,8,305110
gate_proj,1292,0,8,359478
up_proj,1292,0,8,361762
act_fn,1292,0,8,48447
down_proj,1292,0,8,391153
final_layernorm,1292,0,8,305202
lm_head,1292,0,8,884080
embedding,1293,0,8,112767
input_layernorm,1293,0,8,306368
q_proj,1293,0,8,116506
k_proj,1293,0,8,19177
v_proj,1293,0,8,16977
rope,1293,0,8,109435
attn,1293,0,8,75591
o_proj,1293,0,8,131902
post_layernorm,1293,0,8,307488
gate_proj,1293,0,8,362442
up_proj,1293,0,8,362826
act_fn,1293,0,8,48327
down_proj,1293,0,8,389461
final_layernorm,1293,0,8,307220
lm_head,1293,0,8,886197
embedding,1294,0,8,111567
input_layernorm,1294,0,8,304908
q_proj,1294,0,8,115892
k_proj,1294,0,8,18599
v_proj,1294,0,8,16813
rope,1294,0,8,108272
attn,1294,0,8,74423
o_proj,1294,0,8,131140
post_layernorm,1294,0,8,306188
gate_proj,1294,0,8,359899
up_proj,1294,0,8,361742
act_fn,1294,0,8,48650
down_proj,1294,0,8,390405
final_layernorm,1294,0,8,306080
lm_head,1294,0,8,884342
embedding,1295,0,8,111022
input_layernorm,1295,0,8,304532
q_proj,1295,0,8,115778
k_proj,1295,0,8,18626
v_proj,1295,0,8,16938
rope,1295,0,8,108018
attn,1295,0,8,74717
o_proj,1295,0,8,129864
post_layernorm,1295,0,8,305545
gate_proj,1295,0,8,360115
up_proj,1295,0,8,362026
act_fn,1295,0,8,48767
down_proj,1295,0,8,391809
final_layernorm,1295,0,8,305823
lm_head,1295,0,8,884009
embedding,1296,0,8,111247
input_layernorm,1296,0,8,305515
q_proj,1296,0,8,117276
k_proj,1296,0,8,18871
v_proj,1296,0,8,16866
rope,1296,0,8,108835
attn,1296,0,8,74942
o_proj,1296,0,8,131370
post_layernorm,1296,0,8,306382
gate_proj,1296,0,8,360587
up_proj,1296,0,8,362178
act_fn,1296,0,8,48488
down_proj,1296,0,8,389283
final_layernorm,1296,0,8,306320
lm_head,1296,0,8,885274
embedding,1297,0,8,110768
input_layernorm,1297,0,8,304827
q_proj,1297,0,8,115718
k_proj,1297,0,8,18461
v_proj,1297,0,8,16642
rope,1297,0,8,107680
attn,1297,0,8,74427
o_proj,1297,0,8,121418
post_layernorm,1297,0,8,306102
gate_proj,1297,0,8,375323
up_proj,1297,0,8,376445
act_fn,1297,0,8,48318
down_proj,1297,0,8,370359
final_layernorm,1297,0,8,306325
lm_head,1297,0,8,883999
embedding,1298,0,8,113672
input_layernorm,1298,0,8,307335
q_proj,1298,0,8,116392
k_proj,1298,0,8,18733
v_proj,1298,0,8,16785
rope,1298,0,8,109262
attn,1298,0,8,75278
o_proj,1298,0,8,122156
post_layernorm,1298,0,8,308035
gate_proj,1298,0,8,377620
up_proj,1298,0,8,376900
act_fn,1298,0,8,48372
down_proj,1298,0,8,370255
final_layernorm,1298,0,8,308052
lm_head,1298,0,8,885741
embedding,1299,0,8,112112
input_layernorm,1299,0,8,306285
q_proj,1299,0,8,116192
k_proj,1299,0,8,18572
v_proj,1299,0,8,16630
rope,1299,0,8,108748
attn,1299,0,8,74543
o_proj,1299,0,8,121844
post_layernorm,1299,0,8,307440
gate_proj,1299,0,8,377236
up_proj,1299,0,8,376928
act_fn,1299,0,8,48480
down_proj,1299,0,8,370002
final_layernorm,1299,0,8,307637
lm_head,1299,0,8,885690
embedding,1300,0,8,110457
input_layernorm,1300,0,8,305843
q_proj,1300,0,8,115858
k_proj,1300,0,8,18495
v_proj,1300,0,8,16743
rope,1300,0,8,108052
attn,1300,0,8,74410
o_proj,1300,0,8,121454
post_layernorm,1300,0,8,306855
gate_proj,1300,0,8,375329
up_proj,1300,0,8,376463
act_fn,1300,0,8,48512
down_proj,1300,0,8,370637
final_layernorm,1300,0,8,307023
lm_head,1300,0,8,884504
embedding,1301,0,8,112222
input_layernorm,1301,0,8,307187
q_proj,1301,0,8,116012
k_proj,1301,0,8,18523
v_proj,1301,0,8,16603
rope,1301,0,8,108475
attn,1301,0,8,74571
o_proj,1301,0,8,121534
post_layernorm,1301,0,8,308000
gate_proj,1301,0,8,376452
up_proj,1301,0,8,376978
act_fn,1301,0,8,48348
down_proj,1301,0,8,370006
final_layernorm,1301,0,8,308007
lm_head,1301,0,8,885202
embedding,1302,0,8,114052
input_layernorm,1302,0,8,308378
q_proj,1302,0,8,116690
k_proj,1302,0,8,18964
v_proj,1302,0,8,16853
rope,1302,0,8,109958
attn,1302,0,8,75653
o_proj,1302,0,8,122848
post_layernorm,1302,0,8,309637
gate_proj,1302,0,8,378835
up_proj,1302,0,8,377552
act_fn,1302,0,8,48458
down_proj,1302,0,8,371300
final_layernorm,1302,0,8,308950
lm_head,1302,0,8,887074
embedding,1303,0,8,113198
input_layernorm,1303,0,8,307438
q_proj,1303,0,8,116298
k_proj,1303,0,8,18792
v_proj,1303,0,8,16704
rope,1303,0,8,109323
attn,1303,0,8,75426
o_proj,1303,0,8,122008
post_layernorm,1303,0,8,308628
gate_proj,1303,0,8,377357
up_proj,1303,0,8,377332
act_fn,1303,0,8,48543
down_proj,1303,0,8,370719
final_layernorm,1303,0,8,308972
lm_head,1303,0,8,886152
embedding,1304,0,8,112753
input_layernorm,1304,0,8,306955
q_proj,1304,0,8,116156
k_proj,1304,0,8,18677
v_proj,1304,0,8,16704
rope,1304,0,8,109015
attn,1304,0,8,74780
o_proj,1304,0,8,121842
post_layernorm,1304,0,8,308475
gate_proj,1304,0,8,376474
up_proj,1304,0,8,377165
act_fn,1304,0,8,48893
down_proj,1304,0,8,370480
final_layernorm,1304,0,8,308527
lm_head,1304,0,8,886115
embedding,1305,0,8,114470
input_layernorm,1305,0,8,309135
q_proj,1305,0,8,116920
k_proj,1305,0,8,19202
v_proj,1305,0,8,16876
rope,1305,0,8,110317
attn,1305,0,8,75848
o_proj,1305,0,8,123212
post_layernorm,1305,0,8,310093
gate_proj,1305,0,8,379310
up_proj,1305,0,8,377869
act_fn,1305,0,8,48868
down_proj,1305,0,8,371735
final_layernorm,1305,0,8,310140
lm_head,1305,0,8,887697
embedding,1306,0,8,113332
input_layernorm,1306,0,8,308893
q_proj,1306,0,8,116410
k_proj,1306,0,8,18938
v_proj,1306,0,8,16777
rope,1306,0,8,109573
attn,1306,0,8,75290
o_proj,1306,0,8,122312
post_layernorm,1306,0,8,309997
gate_proj,1306,0,8,377919
up_proj,1306,0,8,377431
act_fn,1306,0,8,48843
down_proj,1306,0,8,370838
final_layernorm,1306,0,8,309640
lm_head,1306,0,8,886383
embedding,1307,0,8,114315
input_layernorm,1307,0,8,309315
q_proj,1307,0,8,116912
k_proj,1307,0,8,19050
v_proj,1307,0,8,16857
rope,1307,0,8,110123
attn,1307,0,8,75931
o_proj,1307,0,8,122930
post_layernorm,1307,0,8,310832
gate_proj,1307,0,8,378967
up_proj,1307,0,8,377903
act_fn,1307,0,8,48565
down_proj,1307,0,8,371657
final_layernorm,1307,0,8,310332
lm_head,1307,0,8,887670
embedding,1308,0,8,112430
input_layernorm,1308,0,8,308457
q_proj,1308,0,8,116438
k_proj,1308,0,8,18813
v_proj,1308,0,8,16737
rope,1308,0,8,109677
attn,1308,0,8,75428
o_proj,1308,0,8,122256
post_layernorm,1308,0,8,310190
gate_proj,1308,0,8,377462
up_proj,1308,0,8,377513
act_fn,1308,0,8,48895
down_proj,1308,0,8,370816
final_layernorm,1308,0,8,309972
lm_head,1308,0,8,886152
embedding,1309,0,8,111947
input_layernorm,1309,0,8,308073
q_proj,1309,0,8,116006
k_proj,1309,0,8,18493
v_proj,1309,0,8,16595
rope,1309,0,8,108117
attn,1309,0,8,74667
o_proj,1309,0,8,121372
post_layernorm,1309,0,8,309145
gate_proj,1309,0,8,375670
up_proj,1309,0,8,377412
act_fn,1309,0,8,48825
down_proj,1309,0,8,370803
final_layernorm,1309,0,8,309548
lm_head,1309,0,8,885453
embedding,1310,0,8,113833
input_layernorm,1310,0,8,309968
q_proj,1310,0,8,116672
k_proj,1310,0,8,18925
v_proj,1310,0,8,16804
rope,1310,0,8,109908
attn,1310,0,8,75405
o_proj,1310,0,8,122586
post_layernorm,1310,0,8,310968
gate_proj,1310,0,8,378151
up_proj,1310,0,8,377899
act_fn,1310,0,8,48942
down_proj,1310,0,8,371189
final_layernorm,1310,0,8,310473
lm_head,1310,0,8,886697
embedding,1311,0,8,112632
input_layernorm,1311,0,8,308942
q_proj,1311,0,8,116302
k_proj,1311,0,8,18613
v_proj,1311,0,8,16693
rope,1311,0,8,108652
attn,1311,0,8,74984
o_proj,1311,0,8,122010
post_layernorm,1311,0,8,310077
gate_proj,1311,0,8,377117
up_proj,1311,0,8,377572
act_fn,1311,0,8,48962
down_proj,1311,0,8,370890
final_layernorm,1311,0,8,310143
lm_head,1311,0,8,886335
embedding,1312,0,8,112543
input_layernorm,1312,0,8,307920
q_proj,1312,0,8,125448
k_proj,1312,0,8,18889
v_proj,1312,0,8,16660
rope,1312,0,8,108680
attn,1312,0,8,74640
o_proj,1312,0,8,121746
post_layernorm,1312,0,8,308802
gate_proj,1312,0,8,371854
up_proj,1312,0,8,374565
act_fn,1312,0,8,48847
down_proj,1312,0,8,373451
final_layernorm,1312,0,8,309480
lm_head,1312,0,8,886438
embedding,1313,0,8,114315
input_layernorm,1313,0,8,310908
q_proj,1313,0,8,117002
k_proj,1313,0,8,19272
v_proj,1313,0,8,16770
rope,1313,0,8,110410
attn,1313,0,8,75596
o_proj,1313,0,8,123398
post_layernorm,1313,0,8,312282
gate_proj,1313,0,8,379758
up_proj,1313,0,8,378389
act_fn,1313,0,8,49100
down_proj,1313,0,8,372625
final_layernorm,1313,0,8,311967
lm_head,1313,0,8,888929
embedding,1314,0,8,112315
input_layernorm,1314,0,8,308907
q_proj,1314,0,8,116214
k_proj,1314,0,8,18599
v_proj,1314,0,8,16450
rope,1314,0,8,108665
attn,1314,0,8,74993
o_proj,1314,0,8,121692
post_layernorm,1314,0,8,309992
gate_proj,1314,0,8,376448
up_proj,1314,0,8,377379
act_fn,1314,0,8,49192
down_proj,1314,0,8,371189
final_layernorm,1314,0,8,310302
lm_head,1314,0,8,886748
embedding,1315,0,8,115047
input_layernorm,1315,0,8,311295
q_proj,1315,0,8,116942
k_proj,1315,0,8,19079
v_proj,1315,0,8,16695
rope,1315,0,8,110402
attn,1315,0,8,75808
o_proj,1315,0,8,122974
post_layernorm,1315,0,8,313057
gate_proj,1315,0,8,379438
up_proj,1315,0,8,378445
act_fn,1315,0,8,49455
down_proj,1315,0,8,372080
final_layernorm,1315,0,8,312442
lm_head,1315,0,8,888469
embedding,1316,0,8,113072
input_layernorm,1316,0,8,310323
q_proj,1316,0,8,116308
k_proj,1316,0,8,18715
v_proj,1316,0,8,16491
rope,1316,0,8,109137
attn,1316,0,8,74460
o_proj,1316,0,8,121936
post_layernorm,1316,0,8,311438
gate_proj,1316,0,8,376660
up_proj,1316,0,8,377834
act_fn,1316,0,8,49313
down_proj,1316,0,8,371252
final_layernorm,1316,0,8,311352
lm_head,1316,0,8,887180
embedding,1317,0,8,114953
input_layernorm,1317,0,8,311493
q_proj,1317,0,8,116934
k_proj,1317,0,8,19041
v_proj,1317,0,8,16746
rope,1317,0,8,110355
attn,1317,0,8,75735
o_proj,1317,0,8,123128
post_layernorm,1317,0,8,313063
gate_proj,1317,0,8,379511
up_proj,1317,0,8,378779
act_fn,1317,0,8,49377
down_proj,1317,0,8,372528
final_layernorm,1317,0,8,312925
lm_head,1317,0,8,888903
embedding,1318,0,8,113905
input_layernorm,1318,0,8,311240
q_proj,1318,0,8,116636
k_proj,1318,0,8,18742
v_proj,1318,0,8,16566
rope,1318,0,8,109427
attn,1318,0,8,75085
o_proj,1318,0,8,122394
post_layernorm,1318,0,8,312377
gate_proj,1318,0,8,377696
up_proj,1318,0,8,378255
act_fn,1318,0,8,49410
down_proj,1318,0,8,371585
final_layernorm,1318,0,8,312292
lm_head,1318,0,8,888247
embedding,1319,0,8,113185
input_layernorm,1319,0,8,310808
q_proj,1319,0,8,116358
k_proj,1319,0,8,18628
v_proj,1319,0,8,16466
rope,1319,0,8,109058
attn,1319,0,8,74715
o_proj,1319,0,8,121936
post_layernorm,1319,0,8,312168
gate_proj,1319,0,8,377212
up_proj,1319,0,8,378307
act_fn,1319,0,8,49260
down_proj,1319,0,8,371637
final_layernorm,1319,0,8,312332
lm_head,1319,0,8,886923
embedding,1320,0,8,115385
input_layernorm,1320,0,8,312083
q_proj,1320,0,8,117076
k_proj,1320,0,8,19138
v_proj,1320,0,8,16760
rope,1320,0,8,110912
attn,1320,0,8,75809
o_proj,1320,0,8,123194
post_layernorm,1320,0,8,313735
gate_proj,1320,0,8,379531
up_proj,1320,0,8,378777
act_fn,1320,0,8,49383
down_proj,1320,0,8,372693
final_layernorm,1320,0,8,313320
lm_head,1320,0,8,888963
embedding,1321,0,8,115945
input_layernorm,1321,0,8,312733
q_proj,1321,0,8,117308
k_proj,1321,0,8,19029
v_proj,1321,0,8,16922
rope,1321,0,8,111042
attn,1321,0,8,75979
o_proj,1321,0,8,123828
post_layernorm,1321,0,8,314193
gate_proj,1321,0,8,380618
up_proj,1321,0,8,379073
act_fn,1321,0,8,49537
down_proj,1321,0,8,373211
final_layernorm,1321,0,8,314177
lm_head,1321,0,8,890275
embedding,1322,0,8,114040
input_layernorm,1322,0,8,311532
q_proj,1322,0,8,116426
k_proj,1322,0,8,18583
v_proj,1322,0,8,16527
rope,1322,0,8,109280
attn,1322,0,8,74766
o_proj,1322,0,8,122092
post_layernorm,1322,0,8,312257
gate_proj,1322,0,8,377245
up_proj,1322,0,8,378207
act_fn,1322,0,8,49510
down_proj,1322,0,8,371971
final_layernorm,1322,0,8,312677
lm_head,1322,0,8,887609
embedding,1323,0,8,115023
input_layernorm,1323,0,8,312740
q_proj,1323,0,8,116780
k_proj,1323,0,8,18957
v_proj,1323,0,8,16675
rope,1323,0,8,110043
attn,1323,0,8,75356
o_proj,1323,0,8,122672
post_layernorm,1323,0,8,313563
gate_proj,1323,0,8,378450
up_proj,1323,0,8,378716
act_fn,1323,0,8,49623
down_proj,1323,0,8,372431
final_layernorm,1323,0,8,313352
lm_head,1323,0,8,888950
embedding,1324,0,8,114200
input_layernorm,1324,0,8,312680
q_proj,1324,0,8,116818
k_proj,1324,0,8,18935
v_proj,1324,0,8,16648
rope,1324,0,8,110278
attn,1324,0,8,75193
o_proj,1324,0,8,122612
post_layernorm,1324,0,8,313675
gate_proj,1324,0,8,378467
up_proj,1324,0,8,378697
act_fn,1324,0,8,49665
down_proj,1324,0,8,372207
final_layernorm,1324,0,8,313852
lm_head,1324,0,8,888555
embedding,1325,0,8,113592
input_layernorm,1325,0,8,311302
q_proj,1325,0,8,116322
k_proj,1325,0,8,18466
v_proj,1325,0,8,16535
rope,1325,0,8,108923
attn,1325,0,8,74898
o_proj,1325,0,8,122018
post_layernorm,1325,0,8,312357
gate_proj,1325,0,8,376235
up_proj,1325,0,8,378315
act_fn,1325,0,8,49720
down_proj,1325,0,8,372708
final_layernorm,1325,0,8,312983
lm_head,1325,0,8,887792
embedding,1326,0,8,113332
input_layernorm,1326,0,8,312205
q_proj,1326,0,8,116578
k_proj,1326,0,8,18533
v_proj,1326,0,8,16625
rope,1326,0,8,109423
attn,1326,0,8,74694
o_proj,1326,0,8,122382
post_layernorm,1326,0,8,313462
gate_proj,1326,0,8,376779
up_proj,1326,0,8,378324
act_fn,1326,0,8,49782
down_proj,1326,0,8,372619
final_layernorm,1326,0,8,313163
lm_head,1326,0,8,887464
embedding,1327,0,8,114518
input_layernorm,1327,0,8,313095
q_proj,1327,0,8,116862
k_proj,1327,0,8,18738
v_proj,1327,0,8,16613
rope,1327,0,8,110275
attn,1327,0,8,75150
o_proj,1327,0,8,122584
post_layernorm,1327,0,8,314477
gate_proj,1327,0,8,378057
up_proj,1327,0,8,378755
act_fn,1327,0,8,49652
down_proj,1327,0,8,372132
final_layernorm,1327,0,8,314657
lm_head,1327,0,8,888957
embedding,1328,0,8,113477
input_layernorm,1328,0,8,311215
q_proj,1328,0,8,117998
k_proj,1328,0,8,18587
v_proj,1328,0,8,16494
rope,1328,0,8,109110
attn,1328,0,8,74314
o_proj,1328,0,8,121892
post_layernorm,1328,0,8,312028
gate_proj,1328,0,8,372554
up_proj,1328,0,8,374641
act_fn,1328,0,8,49707
down_proj,1328,0,8,374454
final_layernorm,1328,0,8,312758
lm_head,1328,0,8,887392
embedding,1329,0,8,115275
input_layernorm,1329,0,8,314002
q_proj,1329,0,8,116940
k_proj,1329,0,8,18819
v_proj,1329,0,8,16621
rope,1329,0,8,110627
attn,1329,0,8,75234
o_proj,1329,0,8,122934
post_layernorm,1329,0,8,314863
gate_proj,1329,0,8,378909
up_proj,1329,0,8,379251
act_fn,1329,0,8,50013
down_proj,1329,0,8,372664
final_layernorm,1329,0,8,315088
lm_head,1329,0,8,889157
embedding,1330,0,8,113307
input_layernorm,1330,0,8,313337
q_proj,1330,0,8,116568
k_proj,1330,0,8,18440
v_proj,1330,0,8,16354
rope,1330,0,8,109563
attn,1330,0,8,74792
o_proj,1330,0,8,122096
post_layernorm,1330,0,8,314267
gate_proj,1330,0,8,376519
up_proj,1330,0,8,378551
act_fn,1330,0,8,50107
down_proj,1330,0,8,372623
final_layernorm,1330,0,8,314433
lm_head,1330,0,8,888272
embedding,1331,0,8,116055
input_layernorm,1331,0,8,314907
q_proj,1331,0,8,117332
k_proj,1331,0,8,19069
v_proj,1331,0,8,16752
rope,1331,0,8,111348
attn,1331,0,8,76008
o_proj,1331,0,8,123390
post_layernorm,1331,0,8,316510
gate_proj,1331,0,8,380077
up_proj,1331,0,8,379500
act_fn,1331,0,8,50237
down_proj,1331,0,8,373483
final_layernorm,1331,0,8,316607
lm_head,1331,0,8,891116
embedding,1332,0,8,116515
input_layernorm,1332,0,8,314718
q_proj,1332,0,8,117102
k_proj,1332,0,8,19002
v_proj,1332,0,8,16613
rope,1332,0,8,111275
attn,1332,0,8,75618
o_proj,1332,0,8,123280
post_layernorm,1332,0,8,316052
gate_proj,1332,0,8,379002
up_proj,1332,0,8,379256
act_fn,1332,0,8,50237
down_proj,1332,0,8,373280
final_layernorm,1332,0,8,315812
lm_head,1332,0,8,889997
embedding,1333,0,8,116342
input_layernorm,1333,0,8,315473
q_proj,1333,0,8,117360
k_proj,1333,0,8,19134
v_proj,1333,0,8,16812
rope,1333,0,8,111655
attn,1333,0,8,75803
o_proj,1333,0,8,123680
post_layernorm,1333,0,8,316983
gate_proj,1333,0,8,380142
up_proj,1333,0,8,379711
act_fn,1333,0,8,49988
down_proj,1333,0,8,373800
final_layernorm,1333,0,8,316523
lm_head,1333,0,8,891183
embedding,1334,0,8,114967
input_layernorm,1334,0,8,313705
q_proj,1334,0,8,116848
k_proj,1334,0,8,18644
v_proj,1334,0,8,16593
rope,1334,0,8,110303
attn,1334,0,8,74863
o_proj,1334,0,8,122838
post_layernorm,1334,0,8,315057
gate_proj,1334,0,8,377752
up_proj,1334,0,8,379219
act_fn,1334,0,8,50382
down_proj,1334,0,8,373382
final_layernorm,1334,0,8,315740
lm_head,1334,0,8,889337
embedding,1335,0,8,114785
input_layernorm,1335,0,8,314703
q_proj,1335,0,8,117000
k_proj,1335,0,8,18745
v_proj,1335,0,8,16509
rope,1335,0,8,110415
attn,1335,0,8,75534
o_proj,1335,0,8,122568
post_layernorm,1335,0,8,316078
gate_proj,1335,0,8,378402
up_proj,1335,0,8,379323
act_fn,1335,0,8,50293
down_proj,1335,0,8,372912
final_layernorm,1335,0,8,316167
lm_head,1335,0,8,889982
embedding,1336,0,8,116658
input_layernorm,1336,0,8,315655
q_proj,1336,0,8,117330
k_proj,1336,0,8,19131
v_proj,1336,0,8,16770
rope,1336,0,8,112037
attn,1336,0,8,76165
o_proj,1336,0,8,123636
post_layernorm,1336,0,8,316933
gate_proj,1336,0,8,379997
up_proj,1336,0,8,379827
act_fn,1336,0,8,50530
down_proj,1336,0,8,373611
final_layernorm,1336,0,8,316697
lm_head,1336,0,8,891467
embedding,1337,0,8,116303
input_layernorm,1337,0,8,315877
q_proj,1337,0,8,117090
k_proj,1337,0,8,18823
v_proj,1337,0,8,16573
rope,1337,0,8,111125
attn,1337,0,8,75391
o_proj,1337,0,8,122848
post_layernorm,1337,0,8,317135
gate_proj,1337,0,8,378896
up_proj,1337,0,8,379717
act_fn,1337,0,8,50227
down_proj,1337,0,8,373453
final_layernorm,1337,0,8,316510
lm_head,1337,0,8,890771
embedding,1338,0,8,115143
input_layernorm,1338,0,8,315810
q_proj,1338,0,8,116960
k_proj,1338,0,8,18668
v_proj,1338,0,8,16517
rope,1338,0,8,110822
attn,1338,0,8,74850
o_proj,1338,0,8,122766
post_layernorm,1338,0,8,316993
gate_proj,1338,0,8,378346
up_proj,1338,0,8,379522
act_fn,1338,0,8,50460
down_proj,1338,0,8,373191
final_layernorm,1338,0,8,317072
lm_head,1338,0,8,890079
embedding,1339,0,8,116372
input_layernorm,1339,0,8,317322
q_proj,1339,0,8,117344
k_proj,1339,0,8,18945
v_proj,1339,0,8,16760
rope,1339,0,8,111915
attn,1339,0,8,75497
o_proj,1339,0,8,123618
post_layernorm,1339,0,8,318380
gate_proj,1339,0,8,379899
up_proj,1339,0,8,380159
act_fn,1339,0,8,50468
down_proj,1339,0,8,373752
final_layernorm,1339,0,8,318272
lm_head,1339,0,8,891701
embedding,1340,0,8,116950
input_layernorm,1340,0,8,316750
q_proj,1340,0,8,117330
k_proj,1340,0,8,19030
v_proj,1340,0,8,16734
rope,1340,0,8,112327
attn,1340,0,8,75200
o_proj,1340,0,8,123786
post_layernorm,1340,0,8,318385
gate_proj,1340,0,8,380157
up_proj,1340,0,8,380053
act_fn,1340,0,8,50422
down_proj,1340,0,8,373718
final_layernorm,1340,0,8,318788
lm_head,1340,0,8,891249
embedding,1341,0,8,115383
input_layernorm,1341,0,8,315560
q_proj,1341,0,8,116668
k_proj,1341,0,8,18503
v_proj,1341,0,8,16421
rope,1341,0,8,110300
attn,1341,0,8,74260
o_proj,1341,0,8,122424
post_layernorm,1341,0,8,316777
gate_proj,1341,0,8,377230
up_proj,1341,0,8,379041
act_fn,1341,0,8,50632
down_proj,1341,0,8,373304
final_layernorm,1341,0,8,317145
lm_head,1341,0,8,889668
embedding,1342,0,8,116133
input_layernorm,1342,0,8,317758
q_proj,1342,0,8,117416
k_proj,1342,0,8,19006
v_proj,1342,0,8,16798
rope,1342,0,8,112178
attn,1342,0,8,75580
o_proj,1342,0,8,123882
post_layernorm,1342,0,8,319052
gate_proj,1342,0,8,380471
up_proj,1342,0,8,380202
act_fn,1342,0,8,50753
down_proj,1342,0,8,374114
final_layernorm,1342,0,8,318965
lm_head,1342,0,8,892454
embedding,1343,0,8,116315
input_layernorm,1343,0,8,317410
q_proj,1343,0,8,117200
k_proj,1343,0,8,18783
v_proj,1343,0,8,16656
rope,1343,0,8,111292
attn,1343,0,8,74688
o_proj,1343,0,8,123158
post_layernorm,1343,0,8,318573
gate_proj,1343,0,8,378920
up_proj,1343,0,8,379951
act_fn,1343,0,8,50678
down_proj,1343,0,8,373780
final_layernorm,1343,0,8,318398
lm_head,1343,0,8,891171
embedding,1344,0,8,116745
input_layernorm,1344,0,8,317355
q_proj,1344,0,8,124178
k_proj,1344,0,8,19332
v_proj,1344,0,8,16784
rope,1344,0,8,112247
attn,1344,0,8,75288
o_proj,1344,0,8,154758
post_layernorm,1344,0,8,318558
gate_proj,1344,0,8,376034
up_proj,1344,0,8,377334
act_fn,1344,0,8,50477
down_proj,1344,0,8,431394
final_layernorm,1344,0,8,318403
lm_head,1344,0,8,892104
embedding,1345,0,8,116547
input_layernorm,1345,0,8,318762
q_proj,1345,0,8,121550
k_proj,1345,0,8,19253
v_proj,1345,0,8,16783
rope,1345,0,8,111933
attn,1345,0,8,76602
o_proj,1345,0,8,127876
post_layernorm,1345,0,8,319827
gate_proj,1345,0,8,380783
up_proj,1345,0,8,380397
act_fn,1345,0,8,50892
down_proj,1345,0,8,384278
final_layernorm,1345,0,8,319898
lm_head,1345,0,8,939078
embedding,1346,0,8,115510
input_layernorm,1346,0,8,317762
q_proj,1346,0,8,120828
k_proj,1346,0,8,18695
v_proj,1346,0,8,16471
rope,1346,0,8,110792
attn,1346,0,8,75207
o_proj,1346,0,8,126476
post_layernorm,1346,0,8,318893
gate_proj,1346,0,8,378235
up_proj,1346,0,8,380139
act_fn,1346,0,8,50858
down_proj,1346,0,8,383454
final_layernorm,1346,0,8,318872
lm_head,1346,0,8,937525
embedding,1347,0,8,116717
input_layernorm,1347,0,8,319570
q_proj,1347,0,8,121564
k_proj,1347,0,8,19044
v_proj,1347,0,8,16790
rope,1347,0,8,112352
attn,1347,0,8,77771
o_proj,1347,0,8,127872
post_layernorm,1347,0,8,320612
gate_proj,1347,0,8,380488
up_proj,1347,0,8,380521
act_fn,1347,0,8,50952
down_proj,1347,0,8,384423
final_layernorm,1347,0,8,319948
lm_head,1347,0,8,939271
embedding,1348,0,8,117102
input_layernorm,1348,0,8,318965
q_proj,1348,0,8,121172
k_proj,1348,0,8,18784
v_proj,1348,0,8,16674
rope,1348,0,8,112082
attn,1348,0,8,77042
o_proj,1348,0,8,127266
post_layernorm,1348,0,8,319745
gate_proj,1348,0,8,379806
up_proj,1348,0,8,380042
act_fn,1348,0,8,50942
down_proj,1348,0,8,383996
final_layernorm,1348,0,8,319717
lm_head,1348,0,8,938934
embedding,1349,0,8,117360
input_layernorm,1349,0,8,318603
q_proj,1349,0,8,121030
k_proj,1349,0,8,18862
v_proj,1349,0,8,16572
rope,1349,0,8,111493
attn,1349,0,8,77594
o_proj,1349,0,8,126684
post_layernorm,1349,0,8,319527
gate_proj,1349,0,8,378939
up_proj,1349,0,8,380109
act_fn,1349,0,8,51123
down_proj,1349,0,8,383873
final_layernorm,1349,0,8,319728
lm_head,1349,0,8,938691
embedding,1350,0,8,114903
input_layernorm,1350,0,8,317940
q_proj,1350,0,8,120602
k_proj,1350,0,8,18537
v_proj,1350,0,8,16381
rope,1350,0,8,110297
attn,1350,0,8,76558
o_proj,1350,0,8,126148
post_layernorm,1350,0,8,318725
gate_proj,1350,0,8,377292
up_proj,1350,0,8,379721
act_fn,1350,0,8,51150
down_proj,1350,0,8,384104
final_layernorm,1350,0,8,319113
lm_head,1350,0,8,937467
embedding,1351,0,8,116033
input_layernorm,1351,0,8,318098
q_proj,1351,0,8,120842
k_proj,1351,0,8,18630
v_proj,1351,0,8,16527
rope,1351,0,8,110872
attn,1351,0,8,76373
o_proj,1351,0,8,126380
post_layernorm,1351,0,8,319302
gate_proj,1351,0,8,377442
up_proj,1351,0,8,379754
act_fn,1351,0,8,51115
down_proj,1351,0,8,384094
final_layernorm,1351,0,8,319443
lm_head,1351,0,8,937385
embedding,1352,0,8,115235
input_layernorm,1352,0,8,317818
q_proj,1352,0,8,120630
k_proj,1352,0,8,18609
v_proj,1352,0,8,16339
rope,1352,0,8,110963
attn,1352,0,8,76188
o_proj,1352,0,8,125894
post_layernorm,1352,0,8,319353
gate_proj,1352,0,8,377520
up_proj,1352,0,8,380040
act_fn,1352,0,8,51153
down_proj,1352,0,8,384089
final_layernorm,1352,0,8,319180
lm_head,1352,0,8,937873
embedding,1353,0,8,116548
input_layernorm,1353,0,8,319520
q_proj,1353,0,8,121216
k_proj,1353,0,8,18911
v_proj,1353,0,8,16571
rope,1353,0,8,111740
attn,1353,0,8,76785
o_proj,1353,0,8,127056
post_layernorm,1353,0,8,320505
gate_proj,1353,0,8,379266
up_proj,1353,0,8,380729
act_fn,1353,0,8,51180
down_proj,1353,0,8,384650
final_layernorm,1353,0,8,321003
lm_head,1353,0,8,939143
embedding,1354,0,8,116750
input_layernorm,1354,0,8,319822
q_proj,1354,0,8,121328
k_proj,1354,0,8,18958
v_proj,1354,0,8,16623
rope,1354,0,8,111892
attn,1354,0,8,77269
o_proj,1354,0,8,127004
post_layernorm,1354,0,8,320812
gate_proj,1354,0,8,379600
up_proj,1354,0,8,380880
act_fn,1354,0,8,51205
down_proj,1354,0,8,384195
final_layernorm,1354,0,8,321118
lm_head,1354,0,8,940304
embedding,1355,0,8,117787
input_layernorm,1355,0,8,320678
q_proj,1355,0,8,121756
k_proj,1355,0,8,19099
v_proj,1355,0,8,16804
rope,1355,0,8,112675
attn,1355,0,8,78275
o_proj,1355,0,8,127766
post_layernorm,1355,0,8,321903
gate_proj,1355,0,8,381060
up_proj,1355,0,8,381303
act_fn,1355,0,8,51288
down_proj,1355,0,8,385060
final_layernorm,1355,0,8,322503
lm_head,1355,0,8,940866
embedding,1356,0,8,115992
input_layernorm,1356,0,8,319538
q_proj,1356,0,8,120838
k_proj,1356,0,8,18568
v_proj,1356,0,8,16425
rope,1356,0,8,111297
attn,1356,0,8,76727
o_proj,1356,0,8,126360
post_layernorm,1356,0,8,320272
gate_proj,1356,0,8,378072
up_proj,1356,0,8,380317
act_fn,1356,0,8,51208
down_proj,1356,0,8,384776
final_layernorm,1356,0,8,320525
lm_head,1356,0,8,937750
embedding,1357,0,8,117975
input_layernorm,1357,0,8,321412
q_proj,1357,0,8,121766
k_proj,1357,0,8,19173
v_proj,1357,0,8,16802
rope,1357,0,8,112957
attn,1357,0,8,78354
o_proj,1357,0,8,127956
post_layernorm,1357,0,8,322958
gate_proj,1357,0,8,381125
up_proj,1357,0,8,381288
act_fn,1357,0,8,51303
down_proj,1357,0,8,385099
final_layernorm,1357,0,8,322645
lm_head,1357,0,8,940962
embedding,1358,0,8,115685
input_layernorm,1358,0,8,320138
q_proj,1358,0,8,120726
k_proj,1358,0,8,18695
v_proj,1358,0,8,16328
rope,1358,0,8,110985
attn,1358,0,8,77050
o_proj,1358,0,8,125940
post_layernorm,1358,0,8,321057
gate_proj,1358,0,8,377594
up_proj,1358,0,8,380579
act_fn,1358,0,8,51613
down_proj,1358,0,8,384533
final_layernorm,1358,0,8,321150
lm_head,1358,0,8,939227
embedding,1359,0,8,116752
input_layernorm,1359,0,8,320807
q_proj,1359,0,8,121064
k_proj,1359,0,8,18718
v_proj,1359,0,8,16469
rope,1359,0,8,111415
attn,1359,0,8,76737
o_proj,1359,0,8,126466
post_layernorm,1359,0,8,322122
gate_proj,1359,0,8,378644
up_proj,1359,0,8,380733
act_fn,1359,0,8,51492
down_proj,1359,0,8,384564
final_layernorm,1359,0,8,322503
lm_head,1359,0,8,939790
embedding,1360,0,8,115803
input_layernorm,1360,0,8,320797
q_proj,1360,0,8,121268
k_proj,1360,0,8,18764
v_proj,1360,0,8,16500
rope,1360,0,8,112100
attn,1360,0,8,76850
o_proj,1360,0,8,142128
post_layernorm,1360,0,8,321975
gate_proj,1360,0,8,395246
up_proj,1360,0,8,395694
act_fn,1360,0,8,51248
down_proj,1360,0,8,429706
final_layernorm,1360,0,8,321872
lm_head,1360,0,8,921477
embedding,1361,0,8,118533
input_layernorm,1361,0,8,323485
q_proj,1361,0,8,121692
k_proj,1361,0,8,19099
v_proj,1361,0,8,16659
rope,1361,0,8,112775
attn,1361,0,8,77370
o_proj,1361,0,8,127640
post_layernorm,1361,0,8,324060
gate_proj,1361,0,8,381056
up_proj,1361,0,8,381522
act_fn,1361,0,8,51542
down_proj,1361,0,8,385184
final_layernorm,1361,0,8,324265
lm_head,1361,0,8,942149
embedding,1362,0,8,115338
input_layernorm,1362,0,8,321547
q_proj,1362,0,8,120886
k_proj,1362,0,8,18726
v_proj,1362,0,8,16409
rope,1362,0,8,111213
attn,1362,0,8,76507
o_proj,1362,0,8,126400
post_layernorm,1362,0,8,322150
gate_proj,1362,0,8,377663
up_proj,1362,0,8,380722
act_fn,1362,0,8,51767
down_proj,1362,0,8,385056
final_layernorm,1362,0,8,322298
lm_head,1362,0,8,938615
embedding,1363,0,8,117122
input_layernorm,1363,0,8,322057
q_proj,1363,0,8,121120
k_proj,1363,0,8,18642
v_proj,1363,0,8,16405
rope,1363,0,8,111840
attn,1363,0,8,76401
o_proj,1363,0,8,126506
post_layernorm,1363,0,8,323088
gate_proj,1363,0,8,378467
up_proj,1363,0,8,380724
act_fn,1363,0,8,51745
down_proj,1363,0,8,384789
final_layernorm,1363,0,8,323078
lm_head,1363,0,8,940615
embedding,1364,0,8,117518
input_layernorm,1364,0,8,322097
q_proj,1364,0,8,120986
k_proj,1364,0,8,18604
v_proj,1364,0,8,16401
rope,1364,0,8,111677
attn,1364,0,8,77461
o_proj,1364,0,8,126428
post_layernorm,1364,0,8,323065
gate_proj,1364,0,8,378202
up_proj,1364,0,8,381108
act_fn,1364,0,8,51687
down_proj,1364,0,8,385142
final_layernorm,1364,0,8,322963
lm_head,1364,0,8,940410
embedding,1365,0,8,116533
input_layernorm,1365,0,8,322593
q_proj,1365,0,8,121168
k_proj,1365,0,8,18645
v_proj,1365,0,8,16425
rope,1365,0,8,111565
attn,1365,0,8,76232
o_proj,1365,0,8,126616
post_layernorm,1365,0,8,323223
gate_proj,1365,0,8,378252
up_proj,1365,0,8,380779
act_fn,1365,0,8,51740
down_proj,1365,0,8,385333
final_layernorm,1365,0,8,323583
lm_head,1365,0,8,940077
embedding,1366,0,8,117462
input_layernorm,1366,0,8,322045
q_proj,1366,0,8,120866
k_proj,1366,0,8,18478
v_proj,1366,0,8,16319
rope,1366,0,8,111285
attn,1366,0,8,76527
o_proj,1366,0,8,126260
post_layernorm,1366,0,8,323757
gate_proj,1366,0,8,377878
up_proj,1366,0,8,380753
act_fn,1366,0,8,51793
down_proj,1366,0,8,385116
final_layernorm,1366,0,8,323447
lm_head,1366,0,8,940394
embedding,1367,0,8,119060
input_layernorm,1367,0,8,324773
q_proj,1367,0,8,121786
k_proj,1367,0,8,18964
v_proj,1367,0,8,16694
rope,1367,0,8,113087
attn,1367,0,8,77897
o_proj,1367,0,8,128026
post_layernorm,1367,0,8,325285
gate_proj,1367,0,8,380902
up_proj,1367,0,8,381912
act_fn,1367,0,8,52097
down_proj,1367,0,8,385651
final_layernorm,1367,0,8,325757
lm_head,1367,0,8,943570
embedding,1368,0,8,117952
input_layernorm,1368,0,8,322803
q_proj,1368,0,8,121514
k_proj,1368,0,8,18870
v_proj,1368,0,8,16560
rope,1368,0,8,112663
attn,1368,0,8,77063
o_proj,1368,0,8,127204
post_layernorm,1368,0,8,324202
gate_proj,1368,0,8,379620
up_proj,1368,0,8,381520
act_fn,1368,0,8,51853
down_proj,1368,0,8,385112
final_layernorm,1368,0,8,324327
lm_head,1368,0,8,941767
embedding,1369,0,8,118072
input_layernorm,1369,0,8,323435
q_proj,1369,0,8,121202
k_proj,1369,0,8,18613
v_proj,1369,0,8,16378
rope,1369,0,8,111632
attn,1369,0,8,77050
o_proj,1369,0,8,126462
post_layernorm,1369,0,8,324540
gate_proj,1369,0,8,377695
up_proj,1369,0,8,380844
act_fn,1369,0,8,51398
down_proj,1369,0,8,386837
final_layernorm,1369,0,8,324832
lm_head,1369,0,8,945183
embedding,1370,0,8,118242
input_layernorm,1370,0,8,323950
q_proj,1370,0,8,121396
k_proj,1370,0,8,18660
v_proj,1370,0,8,16374
rope,1370,0,8,111758
attn,1370,0,8,77271
o_proj,1370,0,8,126792
post_layernorm,1370,0,8,325097
gate_proj,1370,0,8,377661
up_proj,1370,0,8,380991
act_fn,1370,0,8,51412
down_proj,1370,0,8,386689
final_layernorm,1370,0,8,325175
lm_head,1370,0,8,945262
embedding,1371,0,8,118897
input_layernorm,1371,0,8,325498
q_proj,1371,0,8,121646
k_proj,1371,0,8,18843
v_proj,1371,0,8,16634
rope,1371,0,8,113002
attn,1371,0,8,77793
o_proj,1371,0,8,127446
post_layernorm,1371,0,8,326582
gate_proj,1371,0,8,379541
up_proj,1371,0,8,381466
act_fn,1371,0,8,51395
down_proj,1371,0,8,386997
final_layernorm,1371,0,8,326457
lm_head,1371,0,8,946815
embedding,1372,0,8,118758
input_layernorm,1372,0,8,325887
q_proj,1372,0,8,121652
k_proj,1372,0,8,18848
v_proj,1372,0,8,16582
rope,1372,0,8,113022
attn,1372,0,8,77060
o_proj,1372,0,8,127532
post_layernorm,1372,0,8,326682
gate_proj,1372,0,8,379715
up_proj,1372,0,8,381647
act_fn,1372,0,8,51578
down_proj,1372,0,8,386666
final_layernorm,1372,0,8,326583
lm_head,1372,0,8,947057
embedding,1373,0,8,118342
input_layernorm,1373,0,8,324840
q_proj,1373,0,8,121528
k_proj,1373,0,8,18673
v_proj,1373,0,8,16476
rope,1373,0,8,112263
attn,1373,0,8,76747
o_proj,1373,0,8,127180
post_layernorm,1373,0,8,325932
gate_proj,1373,0,8,379119
up_proj,1373,0,8,381314
act_fn,1373,0,8,51797
down_proj,1373,0,8,386886
final_layernorm,1373,0,8,326043
lm_head,1373,0,8,946751
embedding,1374,0,8,117487
input_layernorm,1374,0,8,324348
q_proj,1374,0,8,121070
k_proj,1374,0,8,18483
v_proj,1374,0,8,16254
rope,1374,0,8,111142
attn,1374,0,8,76624
o_proj,1374,0,8,126258
post_layernorm,1374,0,8,325067
gate_proj,1374,0,8,377033
up_proj,1374,0,8,380233
act_fn,1374,0,8,51582
down_proj,1374,0,8,387268
final_layernorm,1374,0,8,325867
lm_head,1374,0,8,944977
embedding,1375,0,8,120585
input_layernorm,1375,0,8,326483
q_proj,1375,0,8,121900
k_proj,1375,0,8,19023
v_proj,1375,0,8,16718
rope,1375,0,8,113478
attn,1375,0,8,77181
o_proj,1375,0,8,128200
post_layernorm,1375,0,8,327933
gate_proj,1375,0,8,380467
up_proj,1375,0,8,381387
act_fn,1375,0,8,51595
down_proj,1375,0,8,387203
final_layernorm,1375,0,8,327757
lm_head,1375,0,8,947189
embedding,1376,0,8,118737
input_layernorm,1376,0,8,326882
q_proj,1376,0,8,125100
k_proj,1376,0,8,19171
v_proj,1376,0,8,16779
rope,1376,0,8,113608
attn,1376,0,8,78561
o_proj,1376,0,8,141638
post_layernorm,1376,0,8,327457
gate_proj,1376,0,8,397460
up_proj,1376,0,8,396912
act_fn,1376,0,8,51942
down_proj,1376,0,8,420024
final_layernorm,1376,0,8,327805
lm_head,1376,0,8,977107
embedding,1377,0,8,118758
input_layernorm,1377,0,8,325943
q_proj,1377,0,8,121508
k_proj,1377,0,8,18584
v_proj,1377,0,8,16354
rope,1377,0,8,112278
attn,1377,0,8,76819
o_proj,1377,0,8,127114
post_layernorm,1377,0,8,327095
gate_proj,1377,0,8,378697
up_proj,1377,0,8,381513
act_fn,1377,0,8,51727
down_proj,1377,0,8,387292
final_layernorm,1377,0,8,327252
lm_head,1377,0,8,946732
embedding,1378,0,8,118142
input_layernorm,1378,0,8,325323
q_proj,1378,0,8,121168
k_proj,1378,0,8,18427
v_proj,1378,0,8,16273
rope,1378,0,8,111267
attn,1378,0,8,76631
o_proj,1378,0,8,126472
post_layernorm,1378,0,8,325920
gate_proj,1378,0,8,377273
up_proj,1378,0,8,380920
act_fn,1378,0,8,51890
down_proj,1378,0,8,387216
final_layernorm,1378,0,8,326630
lm_head,1378,0,8,946171
embedding,1379,0,8,119618
input_layernorm,1379,0,8,328278
q_proj,1379,0,8,122204
k_proj,1379,0,8,18978
v_proj,1379,0,8,16659
rope,1379,0,8,113693
attn,1379,0,8,77982
o_proj,1379,0,8,128298
post_layernorm,1379,0,8,328455
gate_proj,1379,0,8,381309
up_proj,1379,0,8,381723
act_fn,1379,0,8,52012
down_proj,1379,0,8,387352
final_layernorm,1379,0,8,329227
lm_head,1379,0,8,948018
embedding,1380,0,8,118028
input_layernorm,1380,0,8,326448
q_proj,1380,0,8,121444
k_proj,1380,0,8,18603
v_proj,1380,0,8,16346
rope,1380,0,8,112338
attn,1380,0,8,77100
o_proj,1380,0,8,126892
post_layernorm,1380,0,8,327525
gate_proj,1380,0,8,378909
up_proj,1380,0,8,381769
act_fn,1380,0,8,52000
down_proj,1380,0,8,387309
final_layernorm,1380,0,8,327843
lm_head,1380,0,8,947111
embedding,1381,0,8,119840
input_layernorm,1381,0,8,326480
q_proj,1381,0,8,121392
k_proj,1381,0,8,18460
v_proj,1381,0,8,16218
rope,1381,0,8,111927
attn,1381,0,8,77155
o_proj,1381,0,8,126686
post_layernorm,1381,0,8,327650
gate_proj,1381,0,8,377895
up_proj,1381,0,8,381268
act_fn,1381,0,8,52003
down_proj,1381,0,8,387554
final_layernorm,1381,0,8,327962
lm_head,1381,0,8,946761
embedding,1382,0,8,118815
input_layernorm,1382,0,8,326862
q_proj,1382,0,8,121222
k_proj,1382,0,8,18379
v_proj,1382,0,8,16242
rope,1382,0,8,111743
attn,1382,0,8,76486
o_proj,1382,0,8,126840
post_layernorm,1382,0,8,327223
gate_proj,1382,0,8,378075
up_proj,1382,0,8,380551
act_fn,1382,0,8,52152
down_proj,1382,0,8,387337
final_layernorm,1382,0,8,327972
lm_head,1382,0,8,945989
embedding,1383,0,8,120008
input_layernorm,1383,0,8,329112
q_proj,1383,0,8,122296
k_proj,1383,0,8,19209
v_proj,1383,0,8,16634
rope,1383,0,8,113883
attn,1383,0,8,77919
o_proj,1383,0,8,128398
post_layernorm,1383,0,8,330255
gate_proj,1383,0,8,381270
up_proj,1383,0,8,382005
act_fn,1383,0,8,52442
down_proj,1383,0,8,387502
final_layernorm,1383,0,8,330145
lm_head,1383,0,8,948239
embedding,1384,0,8,120013
input_layernorm,1384,0,8,328443
q_proj,1384,0,8,121812
k_proj,1384,0,8,18604
v_proj,1384,0,8,16475
rope,1384,0,8,113063
attn,1384,0,8,76897
o_proj,1384,0,8,127284
post_layernorm,1384,0,8,328912
gate_proj,1384,0,8,396318
up_proj,1384,0,8,397185
act_fn,1384,0,8,52363
down_proj,1384,0,8,385632
final_layernorm,1384,0,8,329212
lm_head,1384,0,8,947676
embedding,1385,0,8,119405
input_layernorm,1385,0,8,328958
q_proj,1385,0,8,121730
k_proj,1385,0,8,18776
v_proj,1385,0,8,16429
rope,1385,0,8,112737
attn,1385,0,8,77457
o_proj,1385,0,8,127354
post_layernorm,1385,0,8,329587
gate_proj,1385,0,8,379492
up_proj,1385,0,8,381864
act_fn,1385,0,8,52417
down_proj,1385,0,8,387523
final_layernorm,1385,0,8,329917
lm_head,1385,0,8,947549
embedding,1386,0,8,121602
input_layernorm,1386,0,8,330152
q_proj,1386,0,8,122168
k_proj,1386,0,8,18960
v_proj,1386,0,8,16580
rope,1386,0,8,113543
attn,1386,0,8,77963
o_proj,1386,0,8,127984
post_layernorm,1386,0,8,330553
gate_proj,1386,0,8,381075
up_proj,1386,0,8,382215
act_fn,1386,0,8,52085
down_proj,1386,0,8,387692
final_layernorm,1386,0,8,330815
lm_head,1386,0,8,948870
embedding,1387,0,8,120438
input_layernorm,1387,0,8,329447
q_proj,1387,0,8,121962
k_proj,1387,0,8,18909
v_proj,1387,0,8,16484
rope,1387,0,8,113002
attn,1387,0,8,77315
o_proj,1387,0,8,127618
post_layernorm,1387,0,8,329783
gate_proj,1387,0,8,380044
up_proj,1387,0,8,381593
act_fn,1387,0,8,52307
down_proj,1387,0,8,387688
final_layernorm,1387,0,8,330108
lm_head,1387,0,8,947931
embedding,1388,0,8,119958
input_layernorm,1388,0,8,330252
q_proj,1388,0,8,122050
k_proj,1388,0,8,18872
v_proj,1388,0,8,16512
rope,1388,0,8,113622
attn,1388,0,8,77752
o_proj,1388,0,8,127748
post_layernorm,1388,0,8,330732
gate_proj,1388,0,8,380393
up_proj,1388,0,8,382139
act_fn,1388,0,8,52272
down_proj,1388,0,8,387601
final_layernorm,1388,0,8,331043
lm_head,1388,0,8,948394
embedding,1389,0,8,121048
input_layernorm,1389,0,8,330343
q_proj,1389,0,8,122098
k_proj,1389,0,8,18738
v_proj,1389,0,8,16503
rope,1389,0,8,113350
attn,1389,0,8,77565
o_proj,1389,0,8,127732
post_layernorm,1389,0,8,330938
gate_proj,1389,0,8,380666
up_proj,1389,0,8,382239
act_fn,1389,0,8,52603
down_proj,1389,0,8,387649
final_layernorm,1389,0,8,331255
lm_head,1389,0,8,948499
embedding,1390,0,8,119055
input_layernorm,1390,0,8,329347
q_proj,1390,0,8,121436
k_proj,1390,0,8,18419
v_proj,1390,0,8,16201
rope,1390,0,8,112175
attn,1390,0,8,77047
o_proj,1390,0,8,126682
post_layernorm,1390,0,8,330218
gate_proj,1390,0,8,377962
up_proj,1390,0,8,381834
act_fn,1390,0,8,52312
down_proj,1390,0,8,388017
final_layernorm,1390,0,8,330465
lm_head,1390,0,8,947716
embedding,1391,0,8,119590
input_layernorm,1391,0,8,331140
q_proj,1391,0,8,121910
k_proj,1391,0,8,18557
v_proj,1391,0,8,16482
rope,1391,0,8,113563
attn,1391,0,8,77449
o_proj,1391,0,8,127614
post_layernorm,1391,0,8,331798
gate_proj,1391,0,8,379973
up_proj,1391,0,8,382339
act_fn,1391,0,8,52308
down_proj,1391,0,8,387983
final_layernorm,1391,0,8,331968
lm_head,1391,0,8,948860
embedding,1392,0,8,121675
input_layernorm,1392,0,8,331493
q_proj,1392,0,8,122310
k_proj,1392,0,8,18941
v_proj,1392,0,8,16627
rope,1392,0,8,114672
attn,1392,0,8,77662
o_proj,1392,0,8,141270
post_layernorm,1392,0,8,332213
gate_proj,1392,0,8,397936
up_proj,1392,0,8,397965
act_fn,1392,0,8,52852
down_proj,1392,0,8,416596
final_layernorm,1392,0,8,332528
lm_head,1392,0,8,949018
embedding,1393,0,8,120208
input_layernorm,1393,0,8,331035
q_proj,1393,0,8,121890
k_proj,1393,0,8,18599
v_proj,1393,0,8,16330
rope,1393,0,8,113247
attn,1393,0,8,77147
o_proj,1393,0,8,141072
post_layernorm,1393,0,8,332505
gate_proj,1393,0,8,379862
up_proj,1393,0,8,382499
act_fn,1393,0,8,52523
down_proj,1393,0,8,420819
final_layernorm,1393,0,8,332113
lm_head,1393,0,8,949071
embedding,1394,0,8,119557
input_layernorm,1394,0,8,331418
q_proj,1394,0,8,121748
k_proj,1394,0,8,18508
v_proj,1394,0,8,16255
rope,1394,0,8,113163
attn,1394,0,8,76996
o_proj,1394,0,8,139704
post_layernorm,1394,0,8,332090
gate_proj,1394,0,8,378974
up_proj,1394,0,8,382176
act_fn,1394,0,8,52713
down_proj,1394,0,8,416035
final_layernorm,1394,0,8,332310
lm_head,1394,0,8,947969
embedding,1395,0,8,121708
input_layernorm,1395,0,8,332645
q_proj,1395,0,8,122412
k_proj,1395,0,8,18843
v_proj,1395,0,8,16591
rope,1395,0,8,114397
attn,1395,0,8,78024
o_proj,1395,0,8,140854
post_layernorm,1395,0,8,333802
gate_proj,1395,0,8,381476
up_proj,1395,0,8,382900
act_fn,1395,0,8,52578
down_proj,1395,0,8,424953
final_layernorm,1395,0,8,333713
lm_head,1395,0,8,949960
embedding,1396,0,8,121712
input_layernorm,1396,0,8,333332
q_proj,1396,0,8,122222
k_proj,1396,0,8,18791
v_proj,1396,0,8,16659
rope,1396,0,8,114773
attn,1396,0,8,78028
o_proj,1396,0,8,141304
post_layernorm,1396,0,8,334447
gate_proj,1396,0,8,381920
up_proj,1396,0,8,382969
act_fn,1396,0,8,52765
down_proj,1396,0,8,415788
final_layernorm,1396,0,8,333703
lm_head,1396,0,8,950197
embedding,1397,0,8,120775
input_layernorm,1397,0,8,332045
q_proj,1397,0,8,121976
k_proj,1397,0,8,18563
v_proj,1397,0,8,16363
rope,1397,0,8,113610
attn,1397,0,8,77256
o_proj,1397,0,8,140554
post_layernorm,1397,0,8,333162
gate_proj,1397,0,8,379916
up_proj,1397,0,8,382638
act_fn,1397,0,8,52852
down_proj,1397,0,8,416197
final_layernorm,1397,0,8,333302
lm_head,1397,0,8,949146
embedding,1398,0,8,120283
input_layernorm,1398,0,8,332460
q_proj,1398,0,8,121620
k_proj,1398,0,8,18486
v_proj,1398,0,8,16235
rope,1398,0,8,113060
attn,1398,0,8,77318
o_proj,1398,0,8,140324
post_layernorm,1398,0,8,332800
gate_proj,1398,0,8,378902
up_proj,1398,0,8,382124
act_fn,1398,0,8,52665
down_proj,1398,0,8,423809
final_layernorm,1398,0,8,332465
lm_head,1398,0,8,948914
embedding,1399,0,8,119447
input_layernorm,1399,0,8,332020
q_proj,1399,0,8,121570
k_proj,1399,0,8,18448
v_proj,1399,0,8,16187
rope,1399,0,8,112715
attn,1399,0,8,77089
o_proj,1399,0,8,143672
post_layernorm,1399,0,8,332767
gate_proj,1399,0,8,378684
up_proj,1399,0,8,382122
act_fn,1399,0,8,52743
down_proj,1399,0,8,416524
final_layernorm,1399,0,8,332897
lm_head,1399,0,8,948376
embedding,1400,0,8,121253
input_layernorm,1400,0,8,331765
q_proj,1400,0,8,121780
k_proj,1400,0,8,18404
v_proj,1400,0,8,16264
rope,1400,0,8,113508
attn,1400,0,8,77182
o_proj,1400,0,8,143500
post_layernorm,1400,0,8,332515
gate_proj,1400,0,8,395378
up_proj,1400,0,8,397430
act_fn,1400,0,8,53287
down_proj,1400,0,8,419079
final_layernorm,1400,0,8,332365
lm_head,1400,0,8,947962
embedding,1401,0,8,121918
input_layernorm,1401,0,8,333978
q_proj,1401,0,8,122332
k_proj,1401,0,8,18678
v_proj,1401,0,8,16466
rope,1401,0,8,114495
attn,1401,0,8,78093
o_proj,1401,0,8,141888
post_layernorm,1401,0,8,335032
gate_proj,1401,0,8,397442
up_proj,1401,0,8,398353
act_fn,1401,0,8,53273
down_proj,1401,0,8,415239
final_layernorm,1401,0,8,334788
lm_head,1401,0,8,950069
embedding,1402,0,8,120820
input_layernorm,1402,0,8,333862
q_proj,1402,0,8,122124
k_proj,1402,0,8,18494
v_proj,1402,0,8,16375
rope,1402,0,8,113927
attn,1402,0,8,77542
o_proj,1402,0,8,140730
post_layernorm,1402,0,8,334893
gate_proj,1402,0,8,396688
up_proj,1402,0,8,398145
act_fn,1402,0,8,53348
down_proj,1402,0,8,417216
final_layernorm,1402,0,8,334833
lm_head,1402,0,8,949849
embedding,1403,0,8,122152
input_layernorm,1403,0,8,335030
q_proj,1403,0,8,122504
k_proj,1403,0,8,18774
v_proj,1403,0,8,16537
rope,1403,0,8,115197
attn,1403,0,8,78342
o_proj,1403,0,8,141184
post_layernorm,1403,0,8,336288
gate_proj,1403,0,8,398127
up_proj,1403,0,8,398966
act_fn,1403,0,8,53237
down_proj,1403,0,8,418316
final_layernorm,1403,0,8,335987
lm_head,1403,0,8,950763
embedding,1404,0,8,120155
input_layernorm,1404,0,8,333463
q_proj,1404,0,8,121784
k_proj,1404,0,8,18590
v_proj,1404,0,8,16273
rope,1404,0,8,113588
attn,1404,0,8,77435
o_proj,1404,0,8,140468
post_layernorm,1404,0,8,334702
gate_proj,1404,0,8,396084
up_proj,1404,0,8,398032
act_fn,1404,0,8,53445
down_proj,1404,0,8,419339
final_layernorm,1404,0,8,334387
lm_head,1404,0,8,948766
embedding,1405,0,8,120232
input_layernorm,1405,0,8,333740
q_proj,1405,0,8,121978
k_proj,1405,0,8,18494
v_proj,1405,0,8,16287
rope,1405,0,8,113405
attn,1405,0,8,77061
o_proj,1405,0,8,142662
post_layernorm,1405,0,8,334460
gate_proj,1405,0,8,395971
up_proj,1405,0,8,398027
act_fn,1405,0,8,53403
down_proj,1405,0,8,416737
final_layernorm,1405,0,8,334477
lm_head,1405,0,8,948928
embedding,1406,0,8,120320
input_layernorm,1406,0,8,333835
q_proj,1406,0,8,121744
k_proj,1406,0,8,18420
v_proj,1406,0,8,16071
rope,1406,0,8,113018
attn,1406,0,8,77112
o_proj,1406,0,8,142712
post_layernorm,1406,0,8,334440
gate_proj,1406,0,8,394914
up_proj,1406,0,8,398235
act_fn,1406,0,8,53517
down_proj,1406,0,8,413855
final_layernorm,1406,0,8,334937
lm_head,1406,0,8,949152
embedding,1407,0,8,122815
input_layernorm,1407,0,8,335970
q_proj,1407,0,8,122612
k_proj,1407,0,8,19026
v_proj,1407,0,8,16637
rope,1407,0,8,115287
attn,1407,0,8,77711
o_proj,1407,0,8,141502
post_layernorm,1407,0,8,336680
gate_proj,1407,0,8,398992
up_proj,1407,0,8,399403
act_fn,1407,0,8,53323
down_proj,1407,0,8,419980
final_layernorm,1407,0,8,336688
lm_head,1407,0,8,952167
embedding,1408,0,8,122193
input_layernorm,1408,0,8,335063
q_proj,1408,0,8,123754
k_proj,1408,0,8,19183
v_proj,1408,0,8,16566
rope,1408,0,8,115405
attn,1408,0,8,69604
o_proj,1408,0,8,156264
post_layernorm,1408,0,8,335260
gate_proj,1408,0,8,411463
up_proj,1408,0,8,416830
act_fn,1408,0,8,54540
down_proj,1408,0,8,440132
final_layernorm,1408,0,8,335332
lm_head,1408,0,8,987964
embedding,1409,0,8,120602
input_layernorm,1409,0,8,334483
q_proj,1409,0,8,125598
k_proj,1409,0,8,18680
v_proj,1409,0,8,16533
rope,1409,0,8,112863
attn,1409,0,8,76710
o_proj,1409,0,8,142024
post_layernorm,1409,0,8,335642
gate_proj,1409,0,8,396624
up_proj,1409,0,8,398782
act_fn,1409,0,8,54015
down_proj,1409,0,8,411602
final_layernorm,1409,0,8,336392
lm_head,1409,0,8,950823
embedding,1410,0,8,122735
input_layernorm,1410,0,8,336518
q_proj,1410,0,8,126406
k_proj,1410,0,8,19275
v_proj,1410,0,8,17047
rope,1410,0,8,114740
attn,1410,0,8,77914
o_proj,1410,0,8,141592
post_layernorm,1410,0,8,337655
gate_proj,1410,0,8,399406
up_proj,1410,0,8,399546
act_fn,1410,0,8,53998
down_proj,1410,0,8,417928
final_layernorm,1410,0,8,337675
lm_head,1410,0,8,952692
embedding,1411,0,8,121917
input_layernorm,1411,0,8,336272
q_proj,1411,0,8,125964
k_proj,1411,0,8,18987
v_proj,1411,0,8,16736
rope,1411,0,8,114435
attn,1411,0,8,77831
o_proj,1411,0,8,143696
post_layernorm,1411,0,8,337202
gate_proj,1411,0,8,398779
up_proj,1411,0,8,399520
act_fn,1411,0,8,54265
down_proj,1411,0,8,410572
final_layernorm,1411,0,8,338033
lm_head,1411,0,8,952073
embedding,1412,0,8,121345
input_layernorm,1412,0,8,335100
q_proj,1412,0,8,125714
k_proj,1412,0,8,18834
v_proj,1412,0,8,17028
rope,1412,0,8,113257
attn,1412,0,8,76636
o_proj,1412,0,8,140348
post_layernorm,1412,0,8,336392
gate_proj,1412,0,8,396771
up_proj,1412,0,8,399172
act_fn,1412,0,8,54015
down_proj,1412,0,8,412516
final_layernorm,1412,0,8,337213
lm_head,1412,0,8,951074
embedding,1413,0,8,120890
input_layernorm,1413,0,8,334925
q_proj,1413,0,8,125476
k_proj,1413,0,8,18819
v_proj,1413,0,8,16822
rope,1413,0,8,112702
attn,1413,0,8,76552
o_proj,1413,0,8,140206
post_layernorm,1413,0,8,335812
gate_proj,1413,0,8,396400
up_proj,1413,0,8,399171
act_fn,1413,0,8,54095
down_proj,1413,0,8,418034
final_layernorm,1413,0,8,336592
lm_head,1413,0,8,951494
embedding,1414,0,8,123665
input_layernorm,1414,0,8,337987
q_proj,1414,0,8,126586
k_proj,1414,0,8,19129
v_proj,1414,0,8,16928
rope,1414,0,8,114993
attn,1414,0,8,77851
o_proj,1414,0,8,141388
post_layernorm,1414,0,8,338447
gate_proj,1414,0,8,399624
up_proj,1414,0,8,400008
act_fn,1414,0,8,54225
down_proj,1414,0,8,413088
final_layernorm,1414,0,8,339100
lm_head,1414,0,8,953560
embedding,1415,0,8,123125
input_layernorm,1415,0,8,335797
q_proj,1415,0,8,125728
k_proj,1415,0,8,18829
v_proj,1415,0,8,16687
rope,1415,0,8,113068
attn,1415,0,8,76638
o_proj,1415,0,8,140016
post_layernorm,1415,0,8,336908
gate_proj,1415,0,8,396740
up_proj,1415,0,8,399406
act_fn,1415,0,8,54283
down_proj,1415,0,8,412083
final_layernorm,1415,0,8,337750
lm_head,1415,0,8,952076
embedding,1416,0,8,120573
input_layernorm,1416,0,8,334990
q_proj,1416,0,8,125396
k_proj,1416,0,8,18747
v_proj,1416,0,8,17085
rope,1416,0,8,112717
attn,1416,0,8,76728
o_proj,1416,0,8,138894
post_layernorm,1416,0,8,336212
gate_proj,1416,0,8,395787
up_proj,1416,0,8,399286
act_fn,1416,0,8,54518
down_proj,1416,0,8,410393
final_layernorm,1416,0,8,336573
lm_head,1416,0,8,951021
embedding,1417,0,8,125140
input_layernorm,1417,0,8,338610
q_proj,1417,0,8,126644
k_proj,1417,0,8,19294
v_proj,1417,0,8,16924
rope,1417,0,8,115298
attn,1417,0,8,77817
o_proj,1417,0,8,142112
post_layernorm,1417,0,8,339195
gate_proj,1417,0,8,400266
up_proj,1417,0,8,399897
act_fn,1417,0,8,54223
down_proj,1417,0,8,414912
final_layernorm,1417,0,8,339995
lm_head,1417,0,8,952972
embedding,1418,0,8,122300
input_layernorm,1418,0,8,336888
q_proj,1418,0,8,125930
k_proj,1418,0,8,18846
v_proj,1418,0,8,16924
rope,1418,0,8,113677
attn,1418,0,8,77345
o_proj,1418,0,8,140532
post_layernorm,1418,0,8,338048
gate_proj,1418,0,8,397308
up_proj,1418,0,8,399717
act_fn,1418,0,8,54493
down_proj,1418,0,8,413311
final_layernorm,1418,0,8,338467
lm_head,1418,0,8,952099
embedding,1419,0,8,121880
input_layernorm,1419,0,8,335470
q_proj,1419,0,8,125408
k_proj,1419,0,8,18676
v_proj,1419,0,8,16747
rope,1419,0,8,112463
attn,1419,0,8,76524
o_proj,1419,0,8,139284
post_layernorm,1419,0,8,336968
gate_proj,1419,0,8,395477
up_proj,1419,0,8,399104
act_fn,1419,0,8,54590
down_proj,1419,0,8,415664
final_layernorm,1419,0,8,337252
lm_head,1419,0,8,950833
embedding,1420,0,8,123622
input_layernorm,1420,0,8,338367
q_proj,1420,0,8,126492
k_proj,1420,0,8,19136
v_proj,1420,0,8,16923
rope,1420,0,8,115128
attn,1420,0,8,77589
o_proj,1420,0,8,141476
post_layernorm,1420,0,8,339260
gate_proj,1420,0,8,399185
up_proj,1420,0,8,400129
act_fn,1420,0,8,54380
down_proj,1420,0,8,411979
final_layernorm,1420,0,8,340508
lm_head,1420,0,8,953924
embedding,1421,0,8,123888
input_layernorm,1421,0,8,337488
q_proj,1421,0,8,126036
k_proj,1421,0,8,18910
v_proj,1421,0,8,16726
rope,1421,0,8,113882
attn,1421,0,8,77156
o_proj,1421,0,8,141532
post_layernorm,1421,0,8,338627
gate_proj,1421,0,8,397464
up_proj,1421,0,8,399692
act_fn,1421,0,8,54605
down_proj,1421,0,8,412756
final_layernorm,1421,0,8,339070
lm_head,1421,0,8,952345
embedding,1422,0,8,124688
input_layernorm,1422,0,8,339200
q_proj,1422,0,8,126654
k_proj,1422,0,8,19381
v_proj,1422,0,8,17093
rope,1422,0,8,114975
attn,1422,0,8,77748
o_proj,1422,0,8,141716
post_layernorm,1422,0,8,340160
gate_proj,1422,0,8,399666
up_proj,1422,0,8,400502
act_fn,1422,0,8,54432
down_proj,1422,0,8,414217
final_layernorm,1422,0,8,340817
lm_head,1422,0,8,955020
embedding,1423,0,8,123337
input_layernorm,1423,0,8,339615
q_proj,1423,0,8,126662
k_proj,1423,0,8,19119
v_proj,1423,0,8,16794
rope,1423,0,8,115288
attn,1423,0,8,78584
o_proj,1423,0,8,143086
post_layernorm,1423,0,8,340668
gate_proj,1423,0,8,399657
up_proj,1423,0,8,400489
act_fn,1423,0,8,54772
down_proj,1423,0,8,412817
final_layernorm,1423,0,8,340963
lm_head,1423,0,8,954334
embedding,1424,0,8,124105
input_layernorm,1424,0,8,339037
q_proj,1424,0,8,134366
k_proj,1424,0,8,19339
v_proj,1424,0,8,16874
rope,1424,0,8,115715
attn,1424,0,8,78175
o_proj,1424,0,8,140808
post_layernorm,1424,0,8,340283
gate_proj,1424,0,8,400459
up_proj,1424,0,8,400428
act_fn,1424,0,8,54685
down_proj,1424,0,8,414542
final_layernorm,1424,0,8,340303
lm_head,1424,0,8,954275
embedding,1425,0,8,121387
input_layernorm,1425,0,8,337758
q_proj,1425,0,8,125720
k_proj,1425,0,8,18825
v_proj,1425,0,8,17159
rope,1425,0,8,113048
attn,1425,0,8,77086
o_proj,1425,0,8,139572
post_layernorm,1425,0,8,338587
gate_proj,1425,0,8,396476
up_proj,1425,0,8,399659
act_fn,1425,0,8,54772
down_proj,1425,0,8,413199
final_layernorm,1425,0,8,339303
lm_head,1425,0,8,952840
embedding,1426,0,8,123963
input_layernorm,1426,0,8,340135
q_proj,1426,0,8,126640
k_proj,1426,0,8,19326
v_proj,1426,0,8,16970
rope,1426,0,8,115382
attn,1426,0,8,78579
o_proj,1426,0,8,141442
post_layernorm,1426,0,8,340912
gate_proj,1426,0,8,399533
up_proj,1426,0,8,400441
act_fn,1426,0,8,55007
down_proj,1426,0,8,413543
final_layernorm,1426,0,8,341628
lm_head,1426,0,8,954462
embedding,1427,0,8,123277
input_layernorm,1427,0,8,340020
q_proj,1427,0,8,126366
k_proj,1427,0,8,18991
v_proj,1427,0,8,16768
rope,1427,0,8,114618
attn,1427,0,8,77696
o_proj,1427,0,8,141082
post_layernorm,1427,0,8,341228
gate_proj,1427,0,8,398833
up_proj,1427,0,8,400344
act_fn,1427,0,8,54763
down_proj,1427,0,8,416297
final_layernorm,1427,0,8,341847
lm_head,1427,0,8,953877
embedding,1428,0,8,123875
input_layernorm,1428,0,8,340288
q_proj,1428,0,8,126522
k_proj,1428,0,8,19121
v_proj,1428,0,8,16876
rope,1428,0,8,115260
attn,1428,0,8,77370
o_proj,1428,0,8,142040
post_layernorm,1428,0,8,341573
gate_proj,1428,0,8,399475
up_proj,1428,0,8,400680
act_fn,1428,0,8,54933
down_proj,1428,0,8,412111
final_layernorm,1428,0,8,342007
lm_head,1428,0,8,954511
embedding,1429,0,8,122175
input_layernorm,1429,0,8,337840
q_proj,1429,0,8,125698
k_proj,1429,0,8,18789
v_proj,1429,0,8,16898
rope,1429,0,8,113025
attn,1429,0,8,76832
o_proj,1429,0,8,140140
post_layernorm,1429,0,8,339097
gate_proj,1429,0,8,396353
up_proj,1429,0,8,399977
act_fn,1429,0,8,55000
down_proj,1429,0,8,413045
final_layernorm,1429,0,8,340120
lm_head,1429,0,8,952373
embedding,1430,0,8,123808
input_layernorm,1430,0,8,339355
q_proj,1430,0,8,126162
k_proj,1430,0,8,18914
v_proj,1430,0,8,16779
rope,1430,0,8,114207
attn,1430,0,8,77192
o_proj,1430,0,8,140718
post_layernorm,1430,0,8,340752
gate_proj,1430,0,8,398340
up_proj,1430,0,8,400604
act_fn,1430,0,8,55132
down_proj,1430,0,8,414355
final_layernorm,1430,0,8,341268
lm_head,1430,0,8,954048
embedding,1431,0,8,122635
input_layernorm,1431,0,8,339382
q_proj,1431,0,8,126062
k_proj,1431,0,8,18821
v_proj,1431,0,8,16962
rope,1431,0,8,113687
attn,1431,0,8,76257
o_proj,1431,0,8,139920
post_layernorm,1431,0,8,340527
gate_proj,1431,0,8,397044
up_proj,1431,0,8,400378
act_fn,1431,0,8,55000
down_proj,1431,0,8,413822
final_layernorm,1431,0,8,341045
lm_head,1431,0,8,953474
embedding,1432,0,8,123577
input_layernorm,1432,0,8,339252
q_proj,1432,0,8,126298
k_proj,1432,0,8,18920
v_proj,1432,0,8,16835
rope,1432,0,8,114328
attn,1432,0,8,77535
o_proj,1432,0,8,140872
post_layernorm,1432,0,8,340443
gate_proj,1432,0,8,398053
up_proj,1432,0,8,400374
act_fn,1432,0,8,54997
down_proj,1432,0,8,412993
final_layernorm,1432,0,8,341257
lm_head,1432,0,8,953698
embedding,1433,0,8,122465
input_layernorm,1433,0,8,339167
q_proj,1433,0,8,126064
k_proj,1433,0,8,19005
v_proj,1433,0,8,17028
rope,1433,0,8,113783
attn,1433,0,8,77053
o_proj,1433,0,8,139730
post_layernorm,1433,0,8,340760
gate_proj,1433,0,8,397198
up_proj,1433,0,8,400108
act_fn,1433,0,8,55232
down_proj,1433,0,8,414070
final_layernorm,1433,0,8,341205
lm_head,1433,0,8,953159
embedding,1434,0,8,124228
input_layernorm,1434,0,8,339970
q_proj,1434,0,8,126110
k_proj,1434,0,8,18872
v_proj,1434,0,8,16956
rope,1434,0,8,114365
attn,1434,0,8,77033
o_proj,1434,0,8,141342
post_layernorm,1434,0,8,341150
gate_proj,1434,0,8,397629
up_proj,1434,0,8,400294
act_fn,1434,0,8,55117
down_proj,1434,0,8,414984
final_layernorm,1434,0,8,341475
lm_head,1434,0,8,953836
embedding,1435,0,8,123557
input_layernorm,1435,0,8,339343
q_proj,1435,0,8,125842
k_proj,1435,0,8,18895
v_proj,1435,0,8,16917
rope,1435,0,8,113600
attn,1435,0,8,77093
o_proj,1435,0,8,140420
post_layernorm,1435,0,8,340398
gate_proj,1435,0,8,396779
up_proj,1435,0,8,400053
act_fn,1435,0,8,55097
down_proj,1435,0,8,414106
final_layernorm,1435,0,8,340902
lm_head,1435,0,8,953290
embedding,1436,0,8,125087
input_layernorm,1436,0,8,342222
q_proj,1436,0,8,126928
k_proj,1436,0,8,19303
v_proj,1436,0,8,16854
rope,1436,0,8,116593
attn,1436,0,8,78587
o_proj,1436,0,8,141554
post_layernorm,1436,0,8,343603
gate_proj,1436,0,8,400697
up_proj,1436,0,8,400757
act_fn,1436,0,8,55235
down_proj,1436,0,8,416009
final_layernorm,1436,0,8,344207
lm_head,1436,0,8,955269
embedding,1437,0,8,123455
input_layernorm,1437,0,8,341040
q_proj,1437,0,8,126132
k_proj,1437,0,8,18856
v_proj,1437,0,8,16858
rope,1437,0,8,114295
attn,1437,0,8,77127
o_proj,1437,0,8,140554
post_layernorm,1437,0,8,342133
gate_proj,1437,0,8,397234
up_proj,1437,0,8,400094
act_fn,1437,0,8,55383
down_proj,1437,0,8,412050
final_layernorm,1437,0,8,342562
lm_head,1437,0,8,953666
embedding,1438,0,8,123055
input_layernorm,1438,0,8,340065
q_proj,1438,0,8,126006
k_proj,1438,0,8,18790
v_proj,1438,0,8,16778
rope,1438,0,8,113712
attn,1438,0,8,76918
o_proj,1438,0,8,140650
post_layernorm,1438,0,8,341328
gate_proj,1438,0,8,396223
up_proj,1438,0,8,400643
act_fn,1438,0,8,55462
down_proj,1438,0,8,411253
final_layernorm,1438,0,8,342110
lm_head,1438,0,8,954036
embedding,1439,0,8,125877
input_layernorm,1439,0,8,342932
q_proj,1439,0,8,126682
k_proj,1439,0,8,19102
v_proj,1439,0,8,16982
rope,1439,0,8,115762
attn,1439,0,8,78463
o_proj,1439,0,8,142428
post_layernorm,1439,0,8,343870
gate_proj,1439,0,8,399542
up_proj,1439,0,8,401150
act_fn,1439,0,8,55553
down_proj,1439,0,8,414785
final_layernorm,1439,0,8,344185
lm_head,1439,0,8,955526
embedding,1440,0,8,123377
input_layernorm,1440,0,8,340782
q_proj,1440,0,8,133584
k_proj,1440,0,8,18853
v_proj,1440,0,8,16884
rope,1440,0,8,114847
attn,1440,0,8,77084
o_proj,1440,0,8,140834
post_layernorm,1440,0,8,342038
gate_proj,1440,0,8,397689
up_proj,1440,0,8,400861
act_fn,1440,0,8,55390
down_proj,1440,0,8,414897
final_layernorm,1440,0,8,342722
lm_head,1440,0,8,984151
embedding,1441,0,8,125360
input_layernorm,1441,0,8,342985
q_proj,1441,0,8,126732
k_proj,1441,0,8,19068
v_proj,1441,0,8,16707
rope,1441,0,8,115752
attn,1441,0,8,78021
o_proj,1441,0,8,135710
post_layernorm,1441,0,8,343862
gate_proj,1441,0,8,394738
up_proj,1441,0,8,396270
act_fn,1441,0,8,54708
down_proj,1441,0,8,409691
final_layernorm,1441,0,8,344602
lm_head,1441,0,8,956436
embedding,1442,0,8,125708
input_layernorm,1442,0,8,343078
q_proj,1442,0,8,127000
k_proj,1442,0,8,19153
v_proj,1442,0,8,16455
rope,1442,0,8,116142
attn,1442,0,8,78679
o_proj,1442,0,8,136138
post_layernorm,1442,0,8,343912
gate_proj,1442,0,8,395051
up_proj,1442,0,8,396517
act_fn,1442,0,8,54852
down_proj,1442,0,8,409847
final_layernorm,1442,0,8,344438
lm_head,1442,0,8,957141
embedding,1443,0,8,123580
input_layernorm,1443,0,8,341637
q_proj,1443,0,8,126244
k_proj,1443,0,8,18771
v_proj,1443,0,8,16717
rope,1443,0,8,114212
attn,1443,0,8,77137
o_proj,1443,0,8,134254
post_layernorm,1443,0,8,342647
gate_proj,1443,0,8,392414
up_proj,1443,0,8,395180
act_fn,1443,0,8,55015
down_proj,1443,0,8,409678
final_layernorm,1443,0,8,343113
lm_head,1443,0,8,954742
embedding,1444,0,8,123547
input_layernorm,1444,0,8,342467
q_proj,1444,0,8,126446
k_proj,1444,0,8,18881
v_proj,1444,0,8,16329
rope,1444,0,8,115050
attn,1444,0,8,76874
o_proj,1444,0,8,134714
post_layernorm,1444,0,8,343372
gate_proj,1444,0,8,392778
up_proj,1444,0,8,396179
act_fn,1444,0,8,55212
down_proj,1444,0,8,409463
final_layernorm,1444,0,8,343650
lm_head,1444,0,8,955301
embedding,1445,0,8,123377
input_layernorm,1445,0,8,342315
q_proj,1445,0,8,126364
k_proj,1445,0,8,18844
v_proj,1445,0,8,16502
rope,1445,0,8,114542
attn,1445,0,8,77528
o_proj,1445,0,8,134314
post_layernorm,1445,0,8,343662
gate_proj,1445,0,8,392453
up_proj,1445,0,8,396403
act_fn,1445,0,8,54990
down_proj,1445,0,8,409756
final_layernorm,1445,0,8,344142
lm_head,1445,0,8,955316
embedding,1446,0,8,125300
input_layernorm,1446,0,8,344787
q_proj,1446,0,8,127122
k_proj,1446,0,8,19213
v_proj,1446,0,8,16497
rope,1446,0,8,116172
attn,1446,0,8,77865
o_proj,1446,0,8,136134
post_layernorm,1446,0,8,345543
gate_proj,1446,0,8,395074
up_proj,1446,0,8,396795
act_fn,1446,0,8,55175
down_proj,1446,0,8,410291
final_layernorm,1446,0,8,345950
lm_head,1446,0,8,957325
embedding,1447,0,8,126847
input_layernorm,1447,0,8,344648
q_proj,1447,0,8,127068
k_proj,1447,0,8,19210
v_proj,1447,0,8,16607
rope,1447,0,8,116247
attn,1447,0,8,78430
o_proj,1447,0,8,136166
post_layernorm,1447,0,8,345502
gate_proj,1447,0,8,395311
up_proj,1447,0,8,396610
act_fn,1447,0,8,55163
down_proj,1447,0,8,409929
final_layernorm,1447,0,8,346417
lm_head,1447,0,8,957407
embedding,1448,0,8,124912
input_layernorm,1448,0,8,343100
q_proj,1448,0,8,126600
k_proj,1448,0,8,18973
v_proj,1448,0,8,16466
rope,1448,0,8,115340
attn,1448,0,8,78104
o_proj,1448,0,8,135160
post_layernorm,1448,0,8,344160
gate_proj,1448,0,8,393868
up_proj,1448,0,8,396147
act_fn,1448,0,8,55085
down_proj,1448,0,8,410085
final_layernorm,1448,0,8,345030
lm_head,1448,0,8,956016
embedding,1449,0,8,125190
input_layernorm,1449,0,8,343510
q_proj,1449,0,8,126770
k_proj,1449,0,8,19013
v_proj,1449,0,8,16484
rope,1449,0,8,115278
attn,1449,0,8,77725
o_proj,1449,0,8,135002
post_layernorm,1449,0,8,345035
gate_proj,1449,0,8,393796
up_proj,1449,0,8,396320
act_fn,1449,0,8,55340
down_proj,1449,0,8,409901
final_layernorm,1449,0,8,345592
lm_head,1449,0,8,956640
embedding,1450,0,8,123827
input_layernorm,1450,0,8,342957
q_proj,1450,0,8,126138
k_proj,1450,0,8,18751
v_proj,1450,0,8,16322
rope,1450,0,8,114177
attn,1450,0,8,76577
o_proj,1450,0,8,133924
post_layernorm,1450,0,8,343797
gate_proj,1450,0,8,392353
up_proj,1450,0,8,395969
act_fn,1450,0,8,55062
down_proj,1450,0,8,410031
final_layernorm,1450,0,8,344577
lm_head,1450,0,8,955487
embedding,1451,0,8,124765
input_layernorm,1451,0,8,342825
q_proj,1451,0,8,126270
k_proj,1451,0,8,18736
v_proj,1451,0,8,16550
rope,1451,0,8,114180
attn,1451,0,8,77265
o_proj,1451,0,8,133854
post_layernorm,1451,0,8,344255
gate_proj,1451,0,8,391855
up_proj,1451,0,8,396082
act_fn,1451,0,8,55133
down_proj,1451,0,8,410364
final_layernorm,1451,0,8,345025
lm_head,1451,0,8,955888
embedding,1452,0,8,124212
input_layernorm,1452,0,8,343362
q_proj,1452,0,8,126354
k_proj,1452,0,8,18889
v_proj,1452,0,8,16349
rope,1452,0,8,114735
attn,1452,0,8,77590
o_proj,1452,0,8,134054
post_layernorm,1452,0,8,344145
gate_proj,1452,0,8,392290
up_proj,1452,0,8,396272
act_fn,1452,0,8,55338
down_proj,1452,0,8,410195
final_layernorm,1452,0,8,344873
lm_head,1452,0,8,956019
embedding,1453,0,8,125887
input_layernorm,1453,0,8,345808
q_proj,1453,0,8,127128
k_proj,1453,0,8,19140
v_proj,1453,0,8,16561
rope,1453,0,8,116495
attn,1453,0,8,78532
o_proj,1453,0,8,136264
post_layernorm,1453,0,8,347073
gate_proj,1453,0,8,395391
up_proj,1453,0,8,396736
act_fn,1453,0,8,55220
down_proj,1453,0,8,410443
final_layernorm,1453,0,8,347395
lm_head,1453,0,8,957782
embedding,1454,0,8,125878
input_layernorm,1454,0,8,345395
q_proj,1454,0,8,126822
k_proj,1454,0,8,18849
v_proj,1454,0,8,16343
rope,1454,0,8,115772
attn,1454,0,8,77612
o_proj,1454,0,8,135222
post_layernorm,1454,0,8,346792
gate_proj,1454,0,8,394056
up_proj,1454,0,8,396650
act_fn,1454,0,8,55250
down_proj,1454,0,8,410308
final_layernorm,1454,0,8,346348
lm_head,1454,0,8,957382
embedding,1455,0,8,126150
input_layernorm,1455,0,8,345542
q_proj,1455,0,8,126742
k_proj,1455,0,8,19101
v_proj,1455,0,8,16507
rope,1455,0,8,115665
attn,1455,0,8,78294
o_proj,1455,0,8,134782
post_layernorm,1455,0,8,346337
gate_proj,1455,0,8,393530
up_proj,1455,0,8,396559
act_fn,1455,0,8,55602
down_proj,1455,0,8,410423
final_layernorm,1455,0,8,346872
lm_head,1455,0,8,957065
embedding,1456,0,8,125077
input_layernorm,1456,0,8,344373
q_proj,1456,0,8,133882
k_proj,1456,0,8,18989
v_proj,1456,0,8,16319
rope,1456,0,8,115535
attn,1456,0,8,77316
o_proj,1456,0,8,139330
post_layernorm,1456,0,8,345652
gate_proj,1456,0,8,392901
up_proj,1456,0,8,396394
act_fn,1456,0,8,55485
down_proj,1456,0,8,421683
final_layernorm,1456,0,8,345810
lm_head,1456,0,8,956752
embedding,1457,0,8,123295
input_layernorm,1457,0,8,344403
q_proj,1457,0,8,126368
k_proj,1457,0,8,18835
v_proj,1457,0,8,16342
rope,1457,0,8,114505
attn,1457,0,8,77021
o_proj,1457,0,8,134150
post_layernorm,1457,0,8,345732
gate_proj,1457,0,8,403110
up_proj,1457,0,8,407271
act_fn,1457,0,8,55272
down_proj,1457,0,8,410248
final_layernorm,1457,0,8,346078
lm_head,1457,0,8,1024402
embedding,1458,0,8,124087
input_layernorm,1458,0,8,344933
q_proj,1458,0,8,126486
k_proj,1458,0,8,19050
v_proj,1458,0,8,16531
rope,1458,0,8,115112
attn,1458,0,8,76908
o_proj,1458,0,8,134766
post_layernorm,1458,0,8,346032
gate_proj,1458,0,8,404437
up_proj,1458,0,8,407385
act_fn,1458,0,8,55423
down_proj,1458,0,8,410360
final_layernorm,1458,0,8,346327
lm_head,1458,0,8,1024850
embedding,1459,0,8,124875
input_layernorm,1459,0,8,346960
q_proj,1459,0,8,126964
k_proj,1459,0,8,19209
v_proj,1459,0,8,16449
rope,1459,0,8,116540
attn,1459,0,8,77953
o_proj,1459,0,8,135736
post_layernorm,1459,0,8,347623
gate_proj,1459,0,8,406066
up_proj,1459,0,8,408040
act_fn,1459,0,8,55428
down_proj,1459,0,8,409994
final_layernorm,1459,0,8,347973
lm_head,1459,0,8,1026210
embedding,1460,0,8,125660
input_layernorm,1460,0,8,346947
q_proj,1460,0,8,127104
k_proj,1460,0,8,19238
v_proj,1460,0,8,16511
rope,1460,0,8,116942
attn,1460,0,8,77956
o_proj,1460,0,8,135970
post_layernorm,1460,0,8,348130
gate_proj,1460,0,8,406666
up_proj,1460,0,8,407949
act_fn,1460,0,8,55480
down_proj,1460,0,8,410040
final_layernorm,1460,0,8,348377
lm_head,1460,0,8,1026220
embedding,1461,0,8,124102
input_layernorm,1461,0,8,345400
q_proj,1461,0,8,126376
k_proj,1461,0,8,18920
v_proj,1461,0,8,16329
rope,1461,0,8,114973
attn,1461,0,8,77515
o_proj,1461,0,8,134090
post_layernorm,1461,0,8,346278
gate_proj,1461,0,8,403321
up_proj,1461,0,8,407491
act_fn,1461,0,8,55577
down_proj,1461,0,8,410206
final_layernorm,1461,0,8,346570
lm_head,1461,0,8,1024964
embedding,1462,0,8,126105
input_layernorm,1462,0,8,347708
q_proj,1462,0,8,127330
k_proj,1462,0,8,19242
v_proj,1462,0,8,16555
rope,1462,0,8,117067
attn,1462,0,8,78092
o_proj,1462,0,8,136498
post_layernorm,1462,0,8,348730
gate_proj,1462,0,8,407403
up_proj,1462,0,8,408319
act_fn,1462,0,8,55465
down_proj,1462,0,8,410800
final_layernorm,1462,0,8,349077
lm_head,1462,0,8,1027882
embedding,1463,0,8,125965
input_layernorm,1463,0,8,348063
q_proj,1463,0,8,127314
k_proj,1463,0,8,19249
v_proj,1463,0,8,16536
rope,1463,0,8,117003
attn,1463,0,8,78468
o_proj,1463,0,8,136214
post_layernorm,1463,0,8,349500
gate_proj,1463,0,8,406711
up_proj,1463,0,8,407981
act_fn,1463,0,8,55388
down_proj,1463,0,8,410562
final_layernorm,1463,0,8,349215
lm_head,1463,0,8,1026709
embedding,1464,0,8,124598
input_layernorm,1464,0,8,345163
q_proj,1464,0,8,126536
k_proj,1464,0,8,18985
v_proj,1464,0,8,16470
rope,1464,0,8,115155
attn,1464,0,8,77175
o_proj,1464,0,8,134224
post_layernorm,1464,0,8,345937
gate_proj,1464,0,8,403570
up_proj,1464,0,8,407000
act_fn,1464,0,8,55493
down_proj,1464,0,8,410568
final_layernorm,1464,0,8,346683
lm_head,1464,0,8,1024924
embedding,1465,0,8,125550
input_layernorm,1465,0,8,348472
q_proj,1465,0,8,127170
k_proj,1465,0,8,19145
v_proj,1465,0,8,16477
rope,1465,0,8,117090
attn,1465,0,8,78232
o_proj,1465,0,8,136044
post_layernorm,1465,0,8,349958
gate_proj,1465,0,8,406235
up_proj,1465,0,8,408237
act_fn,1465,0,8,55523
down_proj,1465,0,8,410716
final_layernorm,1465,0,8,349768
lm_head,1465,0,8,1027280
embedding,1466,0,8,125218
input_layernorm,1466,0,8,347235
q_proj,1466,0,8,126540
k_proj,1466,0,8,18913
v_proj,1466,0,8,16512
rope,1466,0,8,115668
attn,1466,0,8,77073
o_proj,1466,0,8,134598
post_layernorm,1466,0,8,348142
gate_proj,1466,0,8,403895
up_proj,1466,0,8,408163
act_fn,1466,0,8,55535
down_proj,1466,0,8,410950
final_layernorm,1466,0,8,347810
lm_head,1466,0,8,1026410
embedding,1467,0,8,125305
input_layernorm,1467,0,8,346938
q_proj,1467,0,8,126736
k_proj,1467,0,8,18912
v_proj,1467,0,8,16386
rope,1467,0,8,115660
attn,1467,0,8,77148
o_proj,1467,0,8,134752
post_layernorm,1467,0,8,348095
gate_proj,1467,0,8,404647
up_proj,1467,0,8,408566
act_fn,1467,0,8,55545
down_proj,1467,0,8,410861
final_layernorm,1467,0,8,348210
lm_head,1467,0,8,1026719
embedding,1468,0,8,125168
input_layernorm,1468,0,8,347362
q_proj,1468,0,8,126598
k_proj,1468,0,8,18890
v_proj,1468,0,8,16330
rope,1468,0,8,115678
attn,1468,0,8,77116
o_proj,1468,0,8,134652
post_layernorm,1468,0,8,348445
gate_proj,1468,0,8,404293
up_proj,1468,0,8,408265
act_fn,1468,0,8,55583
down_proj,1468,0,8,410845
final_layernorm,1468,0,8,348512
lm_head,1468,0,8,1026789
embedding,1469,0,8,126827
input_layernorm,1469,0,8,349542
q_proj,1469,0,8,127362
k_proj,1469,0,8,19232
v_proj,1469,0,8,16524
rope,1469,0,8,117548
attn,1469,0,8,78187
o_proj,1469,0,8,136418
post_layernorm,1469,0,8,350353
gate_proj,1469,0,8,406751
up_proj,1469,0,8,408915
act_fn,1469,0,8,55643
down_proj,1469,0,8,411443
final_layernorm,1469,0,8,350673
lm_head,1469,0,8,1028749
embedding,1470,0,8,126972
input_layernorm,1470,0,8,348633
q_proj,1470,0,8,127224
k_proj,1470,0,8,19046
v_proj,1470,0,8,16476
rope,1470,0,8,117255
attn,1470,0,8,78170
o_proj,1470,0,8,135626
post_layernorm,1470,0,8,350215
gate_proj,1470,0,8,406428
up_proj,1470,0,8,409203
act_fn,1470,0,8,55610
down_proj,1470,0,8,411326
final_layernorm,1470,0,8,350050
lm_head,1470,0,8,1028089
embedding,1471,0,8,125918
input_layernorm,1471,0,8,348515
q_proj,1471,0,8,126808
k_proj,1471,0,8,18869
v_proj,1471,0,8,16362
rope,1471,0,8,116393
attn,1471,0,8,76738
o_proj,1471,0,8,135030
post_layernorm,1471,0,8,349848
gate_proj,1471,0,8,405134
up_proj,1471,0,8,408961
act_fn,1471,0,8,55713
down_proj,1471,0,8,411567
final_layernorm,1471,0,8,349815
lm_head,1471,0,8,1027764
embedding,1472,0,8,126987
input_layernorm,1472,0,8,348140
q_proj,1472,0,8,134278
k_proj,1472,0,8,19142
v_proj,1472,0,8,16468
rope,1472,0,8,116737
attn,1472,0,8,77676
o_proj,1472,0,8,140142
post_layernorm,1472,0,8,349200
gate_proj,1472,0,8,430827
up_proj,1472,0,8,433346
act_fn,1472,0,8,55475
down_proj,1472,0,8,422047
final_layernorm,1472,0,8,349757
lm_head,1472,0,8,1057267
embedding,1473,0,8,126337
input_layernorm,1473,0,8,348387
q_proj,1473,0,8,134078
k_proj,1473,0,8,24643
v_proj,1473,0,8,23687
rope,1473,0,8,116330
attn,1473,0,8,78421
o_proj,1473,0,8,134604
post_layernorm,1473,0,8,349472
gate_proj,1473,0,8,404761
up_proj,1473,0,8,408516
act_fn,1473,0,8,55822
down_proj,1473,0,8,411545
final_layernorm,1473,0,8,349245
lm_head,1473,0,8,1027350
embedding,1474,0,8,124743
input_layernorm,1474,0,8,348058
q_proj,1474,0,8,133704
k_proj,1474,0,8,24582
v_proj,1474,0,8,23966
rope,1474,0,8,115473
attn,1474,0,8,77882
o_proj,1474,0,8,134292
post_layernorm,1474,0,8,348695
gate_proj,1474,0,8,403995
up_proj,1474,0,8,407964
act_fn,1474,0,8,55947
down_proj,1474,0,8,411502
final_layernorm,1474,0,8,348800
lm_head,1474,0,8,1027522
embedding,1475,0,8,126437
input_layernorm,1475,0,8,350655
q_proj,1475,0,8,134826
k_proj,1475,0,8,24388
v_proj,1475,0,8,23700
rope,1475,0,8,118073
attn,1475,0,8,79422
o_proj,1475,0,8,136448
post_layernorm,1475,0,8,351792
gate_proj,1475,0,8,407524
up_proj,1475,0,8,409234
act_fn,1475,0,8,55798
down_proj,1475,0,8,411747
final_layernorm,1475,0,8,351498
lm_head,1475,0,8,1029482
embedding,1476,0,8,125255
input_layernorm,1476,0,8,348487
q_proj,1476,0,8,133936
k_proj,1476,0,8,25283
v_proj,1476,0,8,24528
rope,1476,0,8,116172
attn,1476,0,8,78221
o_proj,1476,0,8,134712
post_layernorm,1476,0,8,349448
gate_proj,1476,0,8,404805
up_proj,1476,0,8,408267
act_fn,1476,0,8,55652
down_proj,1476,0,8,411669
final_layernorm,1476,0,8,349478
lm_head,1476,0,8,1027523
embedding,1477,0,8,126002
input_layernorm,1477,0,8,350582
q_proj,1477,0,8,134430
k_proj,1477,0,8,24664
v_proj,1477,0,8,23738
rope,1477,0,8,116982
attn,1477,0,8,78492
o_proj,1477,0,8,135534
post_layernorm,1477,0,8,351593
gate_proj,1477,0,8,406155
up_proj,1477,0,8,409309
act_fn,1477,0,8,55933
down_proj,1477,0,8,411651
final_layernorm,1477,0,8,351253
lm_head,1477,0,8,1028672
embedding,1478,0,8,124953
input_layernorm,1478,0,8,349247
q_proj,1478,0,8,133996
k_proj,1478,0,8,24695
v_proj,1478,0,8,24005
rope,1478,0,8,116252
attn,1478,0,8,78225
o_proj,1478,0,8,134654
post_layernorm,1478,0,8,350033
gate_proj,1478,0,8,404584
up_proj,1478,0,8,409134
act_fn,1478,0,8,55920
down_proj,1478,0,8,411875
final_layernorm,1478,0,8,350462
lm_head,1478,0,8,1027802
embedding,1479,0,8,124342
input_layernorm,1479,0,8,349418
q_proj,1479,0,8,133964
k_proj,1479,0,8,24708
v_proj,1479,0,8,23760
rope,1479,0,8,115963
attn,1479,0,8,78586
o_proj,1479,0,8,134358
post_layernorm,1479,0,8,350798
gate_proj,1479,0,8,404131
up_proj,1479,0,8,408633
act_fn,1479,0,8,56043
down_proj,1479,0,8,411849
final_layernorm,1479,0,8,350662
lm_head,1479,0,8,1027937
embedding,1480,0,8,124975
input_layernorm,1480,0,8,348882
q_proj,1480,0,8,133934
k_proj,1480,0,8,24973
v_proj,1480,0,8,24421
rope,1480,0,8,116090
attn,1480,0,8,78345
o_proj,1480,0,8,134418
post_layernorm,1480,0,8,350582
gate_proj,1480,0,8,404211
up_proj,1480,0,8,408904
act_fn,1480,0,8,55972
down_proj,1480,0,8,412096
final_layernorm,1480,0,8,350515
lm_head,1480,0,8,1027868
embedding,1481,0,8,124757
input_layernorm,1481,0,8,349642
q_proj,1481,0,8,134136
k_proj,1481,0,8,24640
v_proj,1481,0,8,23915
rope,1481,0,8,115988
attn,1481,0,8,78288
o_proj,1481,0,8,134814
post_layernorm,1481,0,8,351110
gate_proj,1481,0,8,405260
up_proj,1481,0,8,408382
act_fn,1481,0,8,55975
down_proj,1481,0,8,412308
final_layernorm,1481,0,8,350535
lm_head,1481,0,8,1027992
embedding,1482,0,8,127103
input_layernorm,1482,0,8,351422
q_proj,1482,0,8,134578
k_proj,1482,0,8,24741
v_proj,1482,0,8,24033
rope,1482,0,8,117383
attn,1482,0,8,78367
o_proj,1482,0,8,135632
post_layernorm,1482,0,8,352217
gate_proj,1482,0,8,406467
up_proj,1482,0,8,409730
act_fn,1482,0,8,56007
down_proj,1482,0,8,412145
final_layernorm,1482,0,8,352365
lm_head,1482,0,8,1029769
embedding,1483,0,8,126932
input_layernorm,1483,0,8,351422
q_proj,1483,0,8,134398
k_proj,1483,0,8,24649
v_proj,1483,0,8,23913
rope,1483,0,8,117023
attn,1483,0,8,78399
o_proj,1483,0,8,135284
post_layernorm,1483,0,8,352512
gate_proj,1483,0,8,405711
up_proj,1483,0,8,409539
act_fn,1483,0,8,56230
down_proj,1483,0,8,412033
final_layernorm,1483,0,8,352350
lm_head,1483,0,8,1029147
embedding,1484,0,8,126800
input_layernorm,1484,0,8,351957
q_proj,1484,0,8,134644
k_proj,1484,0,8,25190
v_proj,1484,0,8,24419
rope,1484,0,8,117723
attn,1484,0,8,78864
o_proj,1484,0,8,135678
post_layernorm,1484,0,8,353015
gate_proj,1484,0,8,406207
up_proj,1484,0,8,409533
act_fn,1484,0,8,56090
down_proj,1484,0,8,411781
final_layernorm,1484,0,8,353193
lm_head,1484,0,8,1029943
embedding,1485,0,8,126947
input_layernorm,1485,0,8,351217
q_proj,1485,0,8,134264
k_proj,1485,0,8,24682
v_proj,1485,0,8,24016
rope,1485,0,8,117040
attn,1485,0,8,78739
o_proj,1485,0,8,135054
post_layernorm,1485,0,8,352108
gate_proj,1485,0,8,405490
up_proj,1485,0,8,409266
act_fn,1485,0,8,56052
down_proj,1485,0,8,412215
final_layernorm,1485,0,8,352590
lm_head,1485,0,8,1029252
embedding,1486,0,8,125663
input_layernorm,1486,0,8,351028
q_proj,1486,0,8,133974
k_proj,1486,0,8,24739
v_proj,1486,0,8,24089
rope,1486,0,8,116550
attn,1486,0,8,78249
o_proj,1486,0,8,134670
post_layernorm,1486,0,8,351905
gate_proj,1486,0,8,405134
up_proj,1486,0,8,408480
act_fn,1486,0,8,56320
down_proj,1486,0,8,412215
final_layernorm,1486,0,8,351927
lm_head,1486,0,8,1028882
embedding,1487,0,8,126152
input_layernorm,1487,0,8,351657
q_proj,1487,0,8,134158
k_proj,1487,0,8,24850
v_proj,1487,0,8,24117
rope,1487,0,8,117087
attn,1487,0,8,78741
o_proj,1487,0,8,135112
post_layernorm,1487,0,8,352747
gate_proj,1487,0,8,405864
up_proj,1487,0,8,408826
act_fn,1487,0,8,56380
down_proj,1487,0,8,412471
final_layernorm,1487,0,8,352738
lm_head,1487,0,8,1029140
embedding,1488,0,8,128710
input_layernorm,1488,0,8,353332
q_proj,1488,0,8,134970
k_proj,1488,0,8,24908
v_proj,1488,0,8,24156
rope,1488,0,8,119070
attn,1488,0,8,79310
o_proj,1488,0,8,141792
post_layernorm,1488,0,8,354153
gate_proj,1488,0,8,420076
up_proj,1488,0,8,421209
act_fn,1488,0,8,56248
down_proj,1488,0,8,423300
final_layernorm,1488,0,8,353943
lm_head,1488,0,8,1020711
embedding,1489,0,8,128123
input_layernorm,1489,0,8,353662
q_proj,1489,0,8,134688
k_proj,1489,0,8,19765
v_proj,1489,0,8,17970
rope,1489,0,8,118305
attn,1489,0,8,79313
o_proj,1489,0,8,140904
post_layernorm,1489,0,8,354330
gate_proj,1489,0,8,407353
up_proj,1489,0,8,410295
act_fn,1489,0,8,56352
down_proj,1489,0,8,423486
final_layernorm,1489,0,8,354452
lm_head,1489,0,8,1031147
embedding,1490,0,8,126763
input_layernorm,1490,0,8,353178
q_proj,1490,0,8,134312
k_proj,1490,0,8,19543
v_proj,1490,0,8,17851
rope,1490,0,8,117592
attn,1490,0,8,79045
o_proj,1490,0,8,139926
post_layernorm,1490,0,8,353673
gate_proj,1490,0,8,405487
up_proj,1490,0,8,409543
act_fn,1490,0,8,56510
down_proj,1490,0,8,423029
final_layernorm,1490,0,8,353913
lm_head,1490,0,8,1030182
embedding,1491,0,8,128235
input_layernorm,1491,0,8,354518
q_proj,1491,0,8,134900
k_proj,1491,0,8,20052
v_proj,1491,0,8,17979
rope,1491,0,8,118318
attn,1491,0,8,79552
o_proj,1491,0,8,141354
post_layernorm,1491,0,8,355400
gate_proj,1491,0,8,408326
up_proj,1491,0,8,410540
act_fn,1491,0,8,56418
down_proj,1491,0,8,423284
final_layernorm,1491,0,8,355537
lm_head,1491,0,8,1032134
embedding,1492,0,8,126835
input_layernorm,1492,0,8,352653
q_proj,1492,0,8,134130
k_proj,1492,0,8,19464
v_proj,1492,0,8,17830
rope,1492,0,8,116722
attn,1492,0,8,79129
o_proj,1492,0,8,139458
post_layernorm,1492,0,8,353912
gate_proj,1492,0,8,405286
up_proj,1492,0,8,409346
act_fn,1492,0,8,56522
down_proj,1492,0,8,423702
final_layernorm,1492,0,8,353748
lm_head,1492,0,8,1029765
embedding,1493,0,8,125587
input_layernorm,1493,0,8,352577
q_proj,1493,0,8,134196
k_proj,1493,0,8,19563
v_proj,1493,0,8,17867
rope,1493,0,8,116255
attn,1493,0,8,78156
o_proj,1493,0,8,139478
post_layernorm,1493,0,8,353620
gate_proj,1493,0,8,405680
up_proj,1493,0,8,409127
act_fn,1493,0,8,56328
down_proj,1493,0,8,423150
final_layernorm,1493,0,8,353540
lm_head,1493,0,8,1030110
embedding,1494,0,8,127877
input_layernorm,1494,0,8,354323
q_proj,1494,0,8,134730
k_proj,1494,0,8,19837
v_proj,1494,0,8,17944
rope,1494,0,8,117692
attn,1494,0,8,79062
o_proj,1494,0,8,140676
post_layernorm,1494,0,8,355267
gate_proj,1494,0,8,407071
up_proj,1494,0,8,410497
act_fn,1494,0,8,56623
down_proj,1494,0,8,423338
final_layernorm,1494,0,8,355507
lm_head,1494,0,8,1031453
embedding,1495,0,8,127265
input_layernorm,1495,0,8,353755
q_proj,1495,0,8,134368
k_proj,1495,0,8,19474
v_proj,1495,0,8,17489
rope,1495,0,8,117202
attn,1495,0,8,78604
o_proj,1495,0,8,139894
post_layernorm,1495,0,8,354987
gate_proj,1495,0,8,405958
up_proj,1495,0,8,410427
act_fn,1495,0,8,56762
down_proj,1495,0,8,423352
final_layernorm,1495,0,8,355032
lm_head,1495,0,8,1030990
embedding,1496,0,8,128377
input_layernorm,1496,0,8,353905
q_proj,1496,0,8,134466
k_proj,1496,0,8,19600
v_proj,1496,0,8,17490
rope,1496,0,8,117842
attn,1496,0,8,78440
o_proj,1496,0,8,139886
post_layernorm,1496,0,8,354905
gate_proj,1496,0,8,405929
up_proj,1496,0,8,409990
act_fn,1496,0,8,56558
down_proj,1496,0,8,423449
final_layernorm,1496,0,8,354802
lm_head,1496,0,8,1031070
embedding,1497,0,8,128262
input_layernorm,1497,0,8,355773
q_proj,1497,0,8,135106
k_proj,1497,0,8,20003
v_proj,1497,0,8,17932
rope,1497,0,8,118797
attn,1497,0,8,79689
o_proj,1497,0,8,141600
post_layernorm,1497,0,8,357263
gate_proj,1497,0,8,409065
up_proj,1497,0,8,410887
act_fn,1497,0,8,56653
down_proj,1497,0,8,423689
final_layernorm,1497,0,8,357192
lm_head,1497,0,8,1032958
embedding,1498,0,8,129492
input_layernorm,1498,0,8,356063
q_proj,1498,0,8,135070
k_proj,1498,0,8,19942
v_proj,1498,0,8,17889
rope,1498,0,8,119023
attn,1498,0,8,79721
o_proj,1498,0,8,141518
post_layernorm,1498,0,8,356960
gate_proj,1498,0,8,408761
up_proj,1498,0,8,410971
act_fn,1498,0,8,56710
down_proj,1498,0,8,424027
final_layernorm,1498,0,8,357035
lm_head,1498,0,8,1032987
embedding,1499,0,8,130082
input_layernorm,1499,0,8,356200
q_proj,1499,0,8,135334
k_proj,1499,0,8,20139
v_proj,1499,0,8,18042
rope,1499,0,8,119683
attn,1499,0,8,79966
o_proj,1499,0,8,142452
post_layernorm,1499,0,8,357690
gate_proj,1499,0,8,409827
up_proj,1499,0,8,410711
act_fn,1499,0,8,56745
down_proj,1499,0,8,424240
final_layernorm,1499,0,8,357597
lm_head,1499,0,8,1033664
embedding,1500,0,8,129603
input_layernorm,1500,0,8,355242
q_proj,1500,0,8,134832
k_proj,1500,0,8,19832
v_proj,1500,0,8,17828
rope,1500,0,8,118450
attn,1500,0,8,78916
o_proj,1500,0,8,141062
post_layernorm,1500,0,8,356072
gate_proj,1500,0,8,407960
up_proj,1500,0,8,410148
act_fn,1500,0,8,56837
down_proj,1500,0,8,424006
final_layernorm,1500,0,8,356718
lm_head,1500,0,8,1032534
embedding,1501,0,8,127862
input_layernorm,1501,0,8,355057
q_proj,1501,0,8,134530
k_proj,1501,0,8,19580
v_proj,1501,0,8,17707
rope,1501,0,8,117488
attn,1501,0,8,78854
o_proj,1501,0,8,140390
post_layernorm,1501,0,8,356118
gate_proj,1501,0,8,406753
up_proj,1501,0,8,410718
act_fn,1501,0,8,56928
down_proj,1501,0,8,423661
final_layernorm,1501,0,8,356088
lm_head,1501,0,8,1032104
embedding,1502,0,8,127307
input_layernorm,1502,0,8,354320
q_proj,1502,0,8,134024
k_proj,1502,0,8,19384
v_proj,1502,0,8,17547
rope,1502,0,8,116472
attn,1502,0,8,78336
o_proj,1502,0,8,139136
post_layernorm,1502,0,8,355770
gate_proj,1502,0,8,405535
up_proj,1502,0,8,409361
act_fn,1502,0,8,56912
down_proj,1502,0,8,424235
final_layernorm,1502,0,8,355315
lm_head,1502,0,8,1031556
embedding,1503,0,8,127225
input_layernorm,1503,0,8,354652
q_proj,1503,0,8,134366
k_proj,1503,0,8,19443
v_proj,1503,0,8,17623
rope,1503,0,8,116880
attn,1503,0,8,78221
o_proj,1503,0,8,139962
post_layernorm,1503,0,8,355483
gate_proj,1503,0,8,406443
up_proj,1503,0,8,409901
act_fn,1503,0,8,56903
down_proj,1503,0,8,423607
final_layernorm,1503,0,8,356005
lm_head,1503,0,8,1032502
embedding,1504,0,8,127163
input_layernorm,1504,0,8,354185
q_proj,1504,0,8,134424
k_proj,1504,0,8,18999
v_proj,1504,0,8,16277
rope,1504,0,8,117265
attn,1504,0,8,78389
o_proj,1504,0,8,139896
post_layernorm,1504,0,8,355522
gate_proj,1504,0,8,417456
up_proj,1504,0,8,422123
act_fn,1504,0,8,57103
down_proj,1504,0,8,423993
final_layernorm,1504,0,8,355788
lm_head,1504,0,8,1059160
embedding,1505,0,8,128335
input_layernorm,1505,0,8,356908
q_proj,1505,0,8,134798
k_proj,1505,0,8,19733
v_proj,1505,0,8,17688
rope,1505,0,8,118348
attn,1505,0,8,78812
o_proj,1505,0,8,140728
post_layernorm,1505,0,8,357413
gate_proj,1505,0,8,407472
up_proj,1505,0,8,410897
act_fn,1505,0,8,57078
down_proj,1505,0,8,424060
final_layernorm,1505,0,8,357607
lm_head,1505,0,8,1033205
embedding,1506,0,8,127180
input_layernorm,1506,0,8,354763
q_proj,1506,0,8,134300
k_proj,1506,0,8,19382
v_proj,1506,0,8,17466
rope,1506,0,8,116572
attn,1506,0,8,78067
o_proj,1506,0,8,139506
post_layernorm,1506,0,8,356102
gate_proj,1506,0,8,405619
up_proj,1506,0,8,409775
act_fn,1506,0,8,56912
down_proj,1506,0,8,424426
final_layernorm,1506,0,8,356307
lm_head,1506,0,8,1032168
embedding,1507,0,8,129892
input_layernorm,1507,0,8,357627
q_proj,1507,0,8,135280
k_proj,1507,0,8,19952
v_proj,1507,0,8,17891
rope,1507,0,8,119445
attn,1507,0,8,79647
o_proj,1507,0,8,141976
post_layernorm,1507,0,8,359018
gate_proj,1507,0,8,409619
up_proj,1507,0,8,411651
act_fn,1507,0,8,57073
down_proj,1507,0,8,424515
final_layernorm,1507,0,8,358393
lm_head,1507,0,8,1035723
embedding,1508,0,8,130152
input_layernorm,1508,0,8,358038
q_proj,1508,0,8,135260
k_proj,1508,0,8,20010
v_proj,1508,0,8,17838
rope,1508,0,8,119570
attn,1508,0,8,79441
o_proj,1508,0,8,141780
post_layernorm,1508,0,8,359093
gate_proj,1508,0,8,409166
up_proj,1508,0,8,411463
act_fn,1508,0,8,57308
down_proj,1508,0,8,424283
final_layernorm,1508,0,8,358713
lm_head,1508,0,8,1035170
embedding,1509,0,8,128585
input_layernorm,1509,0,8,357662
q_proj,1509,0,8,134982
k_proj,1509,0,8,19751
v_proj,1509,0,8,17753
rope,1509,0,8,118680
attn,1509,0,8,79218
o_proj,1509,0,8,141352
post_layernorm,1509,0,8,358663
gate_proj,1509,0,8,408310
up_proj,1509,0,8,411389
act_fn,1509,0,8,57082
down_proj,1509,0,8,424157
final_layernorm,1509,0,8,358913
lm_head,1509,0,8,1035017
embedding,1510,0,8,128013
input_layernorm,1510,0,8,357432
q_proj,1510,0,8,134454
k_proj,1510,0,8,19547
v_proj,1510,0,8,17596
rope,1510,0,8,117823
attn,1510,0,8,78886
o_proj,1510,0,8,140094
post_layernorm,1510,0,8,358187
gate_proj,1510,0,8,406763
up_proj,1510,0,8,410479
act_fn,1510,0,8,57207
down_proj,1510,0,8,424049
final_layernorm,1510,0,8,358040
lm_head,1510,0,8,1033098
embedding,1511,0,8,129548
input_layernorm,1511,0,8,358623
q_proj,1511,0,8,135150
k_proj,1511,0,8,19765
v_proj,1511,0,8,17812
rope,1511,0,8,119215
attn,1511,0,8,79360
o_proj,1511,0,8,141556
post_layernorm,1511,0,8,359685
gate_proj,1511,0,8,409052
up_proj,1511,0,8,411586
act_fn,1511,0,8,57142
down_proj,1511,0,8,424101
final_layernorm,1511,0,8,359715
lm_head,1511,0,8,1035628
embedding,1512,0,8,127562
input_layernorm,1512,0,8,356532
q_proj,1512,0,8,134556
k_proj,1512,0,8,19528
v_proj,1512,0,8,17581
rope,1512,0,8,117892
attn,1512,0,8,78486
o_proj,1512,0,8,140054
post_layernorm,1512,0,8,357582
gate_proj,1512,0,8,406705
up_proj,1512,0,8,410958
act_fn,1512,0,8,57500
down_proj,1512,0,8,424194
final_layernorm,1512,0,8,357797
lm_head,1512,0,8,1033848
embedding,1513,0,8,127015
input_layernorm,1513,0,8,356120
q_proj,1513,0,8,134380
k_proj,1513,0,8,18526
v_proj,1513,0,8,16315
rope,1513,0,8,116712
attn,1513,0,8,78193
o_proj,1513,0,8,139734
post_layernorm,1513,0,8,356800
gate_proj,1513,0,8,417441
up_proj,1513,0,8,422080
act_fn,1513,0,8,57277
down_proj,1513,0,8,424264
final_layernorm,1513,0,8,357770
lm_head,1513,0,8,1033751
embedding,1514,0,8,129958
input_layernorm,1514,0,8,358952
q_proj,1514,0,8,135194
k_proj,1514,0,8,18913
v_proj,1514,0,8,16695
rope,1514,0,8,119070
attn,1514,0,8,79760
o_proj,1514,0,8,141628
post_layernorm,1514,0,8,360112
gate_proj,1514,0,8,420238
up_proj,1514,0,8,423013
act_fn,1514,0,8,57397
down_proj,1514,0,8,423995
final_layernorm,1514,0,8,359673
lm_head,1514,0,8,1035239
embedding,1515,0,8,130265
input_layernorm,1515,0,8,359057
q_proj,1515,0,8,134960
k_proj,1515,0,8,18847
v_proj,1515,0,8,16629
rope,1515,0,8,118743
attn,1515,0,8,79321
o_proj,1515,0,8,140784
post_layernorm,1515,0,8,360077
gate_proj,1515,0,8,418971
up_proj,1515,0,8,423003
act_fn,1515,0,8,57373
down_proj,1515,0,8,424138
final_layernorm,1515,0,8,359978
lm_head,1515,0,8,1034692
embedding,1516,0,8,130720
input_layernorm,1516,0,8,359240
q_proj,1516,0,8,135122
k_proj,1516,0,8,18878
v_proj,1516,0,8,16632
rope,1516,0,8,119273
attn,1516,0,8,79782
o_proj,1516,0,8,141254
post_layernorm,1516,0,8,360053
gate_proj,1516,0,8,419913
up_proj,1516,0,8,423325
act_fn,1516,0,8,57590
down_proj,1516,0,8,424067
final_layernorm,1516,0,8,360400
lm_head,1516,0,8,1035432
embedding,1517,0,8,129627
input_layernorm,1517,0,8,358492
q_proj,1517,0,8,134878
k_proj,1517,0,8,18760
v_proj,1517,0,8,16581
rope,1517,0,8,118258
attn,1517,0,8,78478
o_proj,1517,0,8,140734
post_layernorm,1517,0,8,359647
gate_proj,1517,0,8,418776
up_proj,1517,0,8,423247
act_fn,1517,0,8,57670
down_proj,1517,0,8,423845
final_layernorm,1517,0,8,359692
lm_head,1517,0,8,1035055
embedding,1518,0,8,131452
input_layernorm,1518,0,8,359930
q_proj,1518,0,8,135496
k_proj,1518,0,8,19061
v_proj,1518,0,8,16786
rope,1518,0,8,119763
attn,1518,0,8,79273
o_proj,1518,0,8,142008
post_layernorm,1518,0,8,361208
gate_proj,1518,0,8,421618
up_proj,1518,0,8,423815
act_fn,1518,0,8,57487
down_proj,1518,0,8,424511
final_layernorm,1518,0,8,361068
lm_head,1518,0,8,1037019
embedding,1519,0,8,131112
input_layernorm,1519,0,8,360363
q_proj,1519,0,8,135708
k_proj,1519,0,8,19235
v_proj,1519,0,8,16899
rope,1519,0,8,119975
attn,1519,0,8,79674
o_proj,1519,0,8,142418
post_layernorm,1519,0,8,361322
gate_proj,1519,0,8,421935
up_proj,1519,0,8,423908
act_fn,1519,0,8,57635
down_proj,1519,0,8,424799
final_layernorm,1519,0,8,361257
lm_head,1519,0,8,1037104
embedding,1520,0,8,128868
input_layernorm,1520,0,8,357047
q_proj,1520,0,8,134504
k_proj,1520,0,8,18870
v_proj,1520,0,8,16165
rope,1520,0,8,117708
attn,1520,0,8,78529
o_proj,1520,0,8,139850
post_layernorm,1520,0,8,358337
gate_proj,1520,0,8,417681
up_proj,1520,0,8,422732
act_fn,1520,0,8,57778
down_proj,1520,0,8,424415
final_layernorm,1520,0,8,358375
lm_head,1520,0,8,1022903
embedding,1521,0,8,131143
input_layernorm,1521,0,8,361322
q_proj,1521,0,8,135620
k_proj,1521,0,8,21066
v_proj,1521,0,8,20741
rope,1521,0,8,120250
attn,1521,0,8,79704
o_proj,1521,0,8,142488
post_layernorm,1521,0,8,361775
gate_proj,1521,0,8,422134
up_proj,1521,0,8,423414
act_fn,1521,0,8,57633
down_proj,1521,0,8,425039
final_layernorm,1521,0,8,362305
lm_head,1521,0,8,1044398
embedding,1522,0,8,129817
input_layernorm,1522,0,8,359800
q_proj,1522,0,8,134970
k_proj,1522,0,8,21302
v_proj,1522,0,8,20529
rope,1522,0,8,118668
attn,1522,0,8,78700
o_proj,1522,0,8,140946
post_layernorm,1522,0,8,361165
gate_proj,1522,0,8,419328
up_proj,1522,0,8,423300
act_fn,1522,0,8,57830
down_proj,1522,0,8,424389
final_layernorm,1522,0,8,361275
lm_head,1522,0,8,1042854
embedding,1523,0,8,130183
input_layernorm,1523,0,8,360307
q_proj,1523,0,8,135072
k_proj,1523,0,8,20939
v_proj,1523,0,8,20637
rope,1523,0,8,118745
attn,1523,0,8,78772
o_proj,1523,0,8,140994
post_layernorm,1523,0,8,361437
gate_proj,1523,0,8,419711
up_proj,1523,0,8,424209
act_fn,1523,0,8,57833
down_proj,1523,0,8,424706
final_layernorm,1523,0,8,361190
lm_head,1523,0,8,1044001
embedding,1524,0,8,129692
input_layernorm,1524,0,8,360815
q_proj,1524,0,8,135280
k_proj,1524,0,8,21174
v_proj,1524,0,8,20343
rope,1524,0,8,119607
attn,1524,0,8,79552
o_proj,1524,0,8,141326
post_layernorm,1524,0,8,361862
gate_proj,1524,0,8,420637
up_proj,1524,0,8,423676
act_fn,1524,0,8,57742
down_proj,1524,0,8,424535
final_layernorm,1524,0,8,361897
lm_head,1524,0,8,1043792
embedding,1525,0,8,129242
input_layernorm,1525,0,8,359797
q_proj,1525,0,8,134794
k_proj,1525,0,8,20723
v_proj,1525,0,8,20366
rope,1525,0,8,118578
attn,1525,0,8,78834
o_proj,1525,0,8,140258
post_layernorm,1525,0,8,360785
gate_proj,1525,0,8,418600
up_proj,1525,0,8,423846
act_fn,1525,0,8,57883
down_proj,1525,0,8,424599
final_layernorm,1525,0,8,361058
lm_head,1525,0,8,1043032
embedding,1526,0,8,127883
input_layernorm,1526,0,8,358752
q_proj,1526,0,8,134574
k_proj,1526,0,8,20520
v_proj,1526,0,8,20044
rope,1526,0,8,117735
attn,1526,0,8,78241
o_proj,1526,0,8,139804
post_layernorm,1526,0,8,359827
gate_proj,1526,0,8,418006
up_proj,1526,0,8,422684
act_fn,1526,0,8,57955
down_proj,1526,0,8,425089
final_layernorm,1526,0,8,360103
lm_head,1526,0,8,1042507
embedding,1527,0,8,131222
input_layernorm,1527,0,8,362122
q_proj,1527,0,8,135632
k_proj,1527,0,8,20419
v_proj,1527,0,8,20243
rope,1527,0,8,120430
attn,1527,0,8,79787
o_proj,1527,0,8,142366
post_layernorm,1527,0,8,363385
gate_proj,1527,0,8,422145
up_proj,1527,0,8,424268
act_fn,1527,0,8,57920
down_proj,1527,0,8,425369
final_layernorm,1527,0,8,363442
lm_head,1527,0,8,1045505
embedding,1528,0,8,131855
input_layernorm,1528,0,8,361812
q_proj,1528,0,8,135596
k_proj,1528,0,8,19176
v_proj,1528,0,8,16592
rope,1528,0,8,120545
attn,1528,0,8,79569
o_proj,1528,0,8,142202
post_layernorm,1528,0,8,363452
gate_proj,1528,0,8,421928
up_proj,1528,0,8,424218
act_fn,1528,0,8,57967
down_proj,1528,0,8,425302
final_layernorm,1528,0,8,363050
lm_head,1528,0,8,1065456
embedding,1529,0,8,129613
input_layernorm,1529,0,8,360332
q_proj,1529,0,8,134856
k_proj,1529,0,8,19486
v_proj,1529,0,8,19377
rope,1529,0,8,118712
attn,1529,0,8,79168
o_proj,1529,0,8,140740
post_layernorm,1529,0,8,361583
gate_proj,1529,0,8,419651
up_proj,1529,0,8,423026
act_fn,1529,0,8,57927
down_proj,1529,0,8,425171
final_layernorm,1529,0,8,361172
lm_head,1529,0,8,1043116
embedding,1530,0,8,130007
input_layernorm,1530,0,8,361055
q_proj,1530,0,8,134824
k_proj,1530,0,8,19833
v_proj,1530,0,8,19311
rope,1530,0,8,118608
attn,1530,0,8,78783
o_proj,1530,0,8,140102
post_layernorm,1530,0,8,361822
gate_proj,1530,0,8,418804
up_proj,1530,0,8,423932
act_fn,1530,0,8,58207
down_proj,1530,0,8,424877
final_layernorm,1530,0,8,361590
lm_head,1530,0,8,1043296
embedding,1531,0,8,129340
input_layernorm,1531,0,8,360573
q_proj,1531,0,8,134818
k_proj,1531,0,8,19590
v_proj,1531,0,8,19002
rope,1531,0,8,118327
attn,1531,0,8,78261
o_proj,1531,0,8,139976
post_layernorm,1531,0,8,362077
gate_proj,1531,0,8,418450
up_proj,1531,0,8,423956
act_fn,1531,0,8,58142
down_proj,1531,0,8,425002
final_layernorm,1531,0,8,361768
lm_head,1531,0,8,1043342
embedding,1532,0,8,129917
input_layernorm,1532,0,8,360792
q_proj,1532,0,8,134784
k_proj,1532,0,8,19519
v_proj,1532,0,8,18859
rope,1532,0,8,118725
attn,1532,0,8,78783
o_proj,1532,0,8,140090
post_layernorm,1532,0,8,362048
gate_proj,1532,0,8,418461
up_proj,1532,0,8,423807
act_fn,1532,0,8,58402
down_proj,1532,0,8,425070
final_layernorm,1532,0,8,361698
lm_head,1532,0,8,1043607
embedding,1533,0,8,129070
input_layernorm,1533,0,8,360328
q_proj,1533,0,8,134732
k_proj,1533,0,8,19904
v_proj,1533,0,8,18903
rope,1533,0,8,117957
attn,1533,0,8,78359
o_proj,1533,0,8,139874
post_layernorm,1533,0,8,361273
gate_proj,1533,0,8,418164
up_proj,1533,0,8,422961
act_fn,1533,0,8,58233
down_proj,1533,0,8,425460
final_layernorm,1533,0,8,361605
lm_head,1533,0,8,1042658
embedding,1534,0,8,132360
input_layernorm,1534,0,8,363820
q_proj,1534,0,8,135672
k_proj,1534,0,8,19766
v_proj,1534,0,8,18910
rope,1534,0,8,121187
attn,1534,0,8,80083
o_proj,1534,0,8,142392
post_layernorm,1534,0,8,364927
gate_proj,1534,0,8,422437
up_proj,1534,0,8,424322
act_fn,1534,0,8,58402
down_proj,1534,0,8,425458
final_layernorm,1534,0,8,364822
lm_head,1534,0,8,1045378
embedding,1535,0,8,131318
input_layernorm,1535,0,8,363597
q_proj,1535,0,8,135454
k_proj,1535,0,8,19619
v_proj,1535,0,8,18884
rope,1535,0,8,119985
attn,1535,0,8,79639
o_proj,1535,0,8,141496
post_layernorm,1535,0,8,364227
gate_proj,1535,0,8,421161
up_proj,1535,0,8,424387
act_fn,1535,0,8,58413
down_proj,1535,0,8,425408
final_layernorm,1535,0,8,364143
lm_head,1535,0,8,1045254
embedding,1536,0,8,133012
input_layernorm,1536,0,8,363843
q_proj,1536,0,8,135810
k_proj,1536,0,8,19309
v_proj,1536,0,8,16630
rope,1536,0,8,121170
attn,1536,0,8,71853
o_proj,1536,0,8,142978
post_layernorm,1536,0,8,364902
gate_proj,1536,0,8,432133
up_proj,1536,0,8,435654
act_fn,1536,0,8,57903
down_proj,1536,0,8,426225
final_layernorm,1536,0,8,364612
lm_head,1536,0,8,1065421
embedding,1537,0,8,130385
input_layernorm,1537,0,8,362620
q_proj,1537,0,8,135826
k_proj,1537,0,8,18896
v_proj,1537,0,8,16712
rope,1537,0,8,119365
attn,1537,0,8,85384
o_proj,1537,0,8,149070
post_layernorm,1537,0,8,363870
gate_proj,1537,0,8,419374
up_proj,1537,0,8,423830
act_fn,1537,0,8,59190
down_proj,1537,0,8,458205
final_layernorm,1537,0,8,363735
lm_head,1537,0,8,1074001
embedding,1538,0,8,130283
input_layernorm,1538,0,8,362255
q_proj,1538,0,8,135460
k_proj,1538,0,8,18734
v_proj,1538,0,8,16573
rope,1538,0,8,118242
attn,1538,0,8,85298
o_proj,1538,0,8,149512
post_layernorm,1538,0,8,363263
gate_proj,1538,0,8,418914
up_proj,1538,0,8,423800
act_fn,1538,0,8,59510
down_proj,1538,0,8,450047
final_layernorm,1538,0,8,363518
lm_head,1538,0,8,1073689
embedding,1539,0,8,130070
input_layernorm,1539,0,8,362415
q_proj,1539,0,8,135372
k_proj,1539,0,8,18452
v_proj,1539,0,8,16709
rope,1539,0,8,118040
attn,1539,0,8,85115
o_proj,1539,0,8,149402
post_layernorm,1539,0,8,363187
gate_proj,1539,0,8,418780
up_proj,1539,0,8,422970
act_fn,1539,0,8,59405
down_proj,1539,0,8,467159
final_layernorm,1539,0,8,363067
lm_head,1539,0,8,1073003
embedding,1540,0,8,130022
input_layernorm,1540,0,8,362442
q_proj,1540,0,8,135614
k_proj,1540,0,8,18761
v_proj,1540,0,8,16651
rope,1540,0,8,118562
attn,1540,0,8,84886
o_proj,1540,0,8,149302
post_layernorm,1540,0,8,363583
gate_proj,1540,0,8,419207
up_proj,1540,0,8,422838
act_fn,1540,0,8,59478
down_proj,1540,0,8,448704
final_layernorm,1540,0,8,363657
lm_head,1540,0,8,1073512
embedding,1541,0,8,133730
input_layernorm,1541,0,8,364723
q_proj,1541,0,8,136352
k_proj,1541,0,8,19005
v_proj,1541,0,8,16906
rope,1541,0,8,120205
attn,1541,0,8,86402
o_proj,1541,0,8,160228
post_layernorm,1541,0,8,365575
gate_proj,1541,0,8,421098
up_proj,1541,0,8,424337
act_fn,1541,0,8,59487
down_proj,1541,0,8,448628
final_layernorm,1541,0,8,365650
lm_head,1541,0,8,1075194
embedding,1542,0,8,131030
input_layernorm,1542,0,8,364168
q_proj,1542,0,8,135958
k_proj,1542,0,8,18996
v_proj,1542,0,8,16677
rope,1542,0,8,119472
attn,1542,0,8,85253
o_proj,1542,0,8,161584
post_layernorm,1542,0,8,364807
gate_proj,1542,0,8,420221
up_proj,1542,0,8,424381
act_fn,1542,0,8,59423
down_proj,1542,0,8,468548
final_layernorm,1542,0,8,364493
lm_head,1542,0,8,1074955
embedding,1543,0,8,130678
input_layernorm,1543,0,8,363722
q_proj,1543,0,8,135788
k_proj,1543,0,8,18707
v_proj,1543,0,8,16660
rope,1543,0,8,119125
attn,1543,0,8,86025
o_proj,1543,0,8,151094
post_layernorm,1543,0,8,364395
gate_proj,1543,0,8,420110
up_proj,1543,0,8,424121
act_fn,1543,0,8,59490
down_proj,1543,0,8,450710
final_layernorm,1543,0,8,364423
lm_head,1543,0,8,1074876
embedding,1544,0,8,130232
input_layernorm,1544,0,8,363455
q_proj,1544,0,8,135914
k_proj,1544,0,8,18841
v_proj,1544,0,8,16685
rope,1544,0,8,119747
attn,1544,0,8,85434
o_proj,1544,0,8,149592
post_layernorm,1544,0,8,364700
gate_proj,1544,0,8,419759
up_proj,1544,0,8,424311
act_fn,1544,0,8,59515
down_proj,1544,0,8,463548
final_layernorm,1544,0,8,364140
lm_head,1544,0,8,1074094
embedding,1545,0,8,134232
input_layernorm,1545,0,8,366182
q_proj,1545,0,8,136544
k_proj,1545,0,8,18826
v_proj,1545,0,8,17001
rope,1545,0,8,121113
attn,1545,0,8,86721
o_proj,1545,0,8,151332
post_layernorm,1545,0,8,366917
gate_proj,1545,0,8,422871
up_proj,1545,0,8,424931
act_fn,1545,0,8,59628
down_proj,1545,0,8,448017
final_layernorm,1545,0,8,367060
lm_head,1545,0,8,1077221
embedding,1546,0,8,131275
input_layernorm,1546,0,8,364172
q_proj,1546,0,8,136016
k_proj,1546,0,8,18796
v_proj,1546,0,8,16719
rope,1546,0,8,119188
attn,1546,0,8,85475
o_proj,1546,0,8,150388
post_layernorm,1546,0,8,365387
gate_proj,1546,0,8,420249
up_proj,1546,0,8,423447
act_fn,1546,0,8,59810
down_proj,1546,0,8,453256
final_layernorm,1546,0,8,365145
lm_head,1546,0,8,1074803
embedding,1547,0,8,133610
input_layernorm,1547,0,8,366513
q_proj,1547,0,8,136354
k_proj,1547,0,8,19102
v_proj,1547,0,8,16919
rope,1547,0,8,120653
attn,1547,0,8,86046
o_proj,1547,0,8,150902
post_layernorm,1547,0,8,367345
gate_proj,1547,0,8,421610
up_proj,1547,0,8,424771
act_fn,1547,0,8,59592
down_proj,1547,0,8,459305
final_layernorm,1547,0,8,366770
lm_head,1547,0,8,1076798
embedding,1548,0,8,132845
input_layernorm,1548,0,8,366883
q_proj,1548,0,8,136274
k_proj,1548,0,8,18888
v_proj,1548,0,8,16876
rope,1548,0,8,121035
attn,1548,0,8,86136
o_proj,1548,0,8,151176
post_layernorm,1548,0,8,367533
gate_proj,1548,0,8,421233
up_proj,1548,0,8,425020
act_fn,1548,0,8,60002
down_proj,1548,0,8,462404
final_layernorm,1548,0,8,367342
lm_head,1548,0,8,1076604
embedding,1549,0,8,133645
input_layernorm,1549,0,8,365867
q_proj,1549,0,8,136098
k_proj,1549,0,8,18754
v_proj,1549,0,8,16735
rope,1549,0,8,119723
attn,1549,0,8,85613
o_proj,1549,0,8,150018
post_layernorm,1549,0,8,366388
gate_proj,1549,0,8,420335
up_proj,1549,0,8,424586
act_fn,1549,0,8,59730
down_proj,1549,0,8,449698
final_layernorm,1549,0,8,366437
lm_head,1549,0,8,1075672
embedding,1550,0,8,130575
input_layernorm,1550,0,8,364882
q_proj,1550,0,8,135626
k_proj,1550,0,8,18505
v_proj,1550,0,8,16638
rope,1550,0,8,118538
attn,1550,0,8,85694
o_proj,1550,0,8,150532
post_layernorm,1550,0,8,365387
gate_proj,1550,0,8,419436
up_proj,1550,0,8,423722
act_fn,1550,0,8,59842
down_proj,1550,0,8,449867
final_layernorm,1550,0,8,365527
lm_head,1550,0,8,1074950
embedding,1551,0,8,130765
input_layernorm,1551,0,8,364755
q_proj,1551,0,8,135718
k_proj,1551,0,8,18747
v_proj,1551,0,8,16695
rope,1551,0,8,118437
attn,1551,0,8,84991
o_proj,1551,0,8,158302
post_layernorm,1551,0,8,365220
gate_proj,1551,0,8,419348
up_proj,1551,0,8,423482
act_fn,1551,0,8,59927
down_proj,1551,0,8,464213
final_layernorm,1551,0,8,365292
lm_head,1551,0,8,1074894
embedding,1552,0,8,131225
input_layernorm,1552,0,8,364335
q_proj,1552,0,8,139298
k_proj,1552,0,8,23227
v_proj,1552,0,8,21955
rope,1552,0,8,118770
attn,1552,0,8,85149
o_proj,1552,0,8,158004
post_layernorm,1552,0,8,364863
gate_proj,1552,0,8,419503
up_proj,1552,0,8,423754
act_fn,1552,0,8,59862
down_proj,1552,0,8,447358
final_layernorm,1552,0,8,365652
lm_head,1552,0,8,1075675
embedding,1553,0,8,131195
input_layernorm,1553,0,8,365685
q_proj,1553,0,8,135942
k_proj,1553,0,8,18744
v_proj,1553,0,8,16607
rope,1553,0,8,119018
attn,1553,0,8,85503
o_proj,1553,0,8,150876
post_layernorm,1553,0,8,366760
gate_proj,1553,0,8,420121
up_proj,1553,0,8,423581
act_fn,1553,0,8,59828
down_proj,1553,0,8,465452
final_layernorm,1553,0,8,365992
lm_head,1553,0,8,1075517
embedding,1554,0,8,133673
input_layernorm,1554,0,8,368125
q_proj,1554,0,8,136590
k_proj,1554,0,8,19109
v_proj,1554,0,8,16855
rope,1554,0,8,120932
attn,1554,0,8,86272
o_proj,1554,0,8,151330
post_layernorm,1554,0,8,369008
gate_proj,1554,0,8,422376
up_proj,1554,0,8,425314
act_fn,1554,0,8,60117
down_proj,1554,0,8,450051
final_layernorm,1554,0,8,368763
lm_head,1554,0,8,1077662
embedding,1555,0,8,133613
input_layernorm,1555,0,8,367492
q_proj,1555,0,8,136572
k_proj,1555,0,8,19114
v_proj,1555,0,8,16744
rope,1555,0,8,120610
attn,1555,0,8,86266
o_proj,1555,0,8,152384
post_layernorm,1555,0,8,368607
gate_proj,1555,0,8,421883
up_proj,1555,0,8,425271
act_fn,1555,0,8,60020
down_proj,1555,0,8,451653
final_layernorm,1555,0,8,368433
lm_head,1555,0,8,1077597
embedding,1556,0,8,132723
input_layernorm,1556,0,8,367428
q_proj,1556,0,8,136436
k_proj,1556,0,8,18925
v_proj,1556,0,8,16854
rope,1556,0,8,120908
attn,1556,0,8,85876
o_proj,1556,0,8,151610
post_layernorm,1556,0,8,368233
gate_proj,1556,0,8,421659
up_proj,1556,0,8,424409
act_fn,1556,0,8,60092
down_proj,1556,0,8,450545
final_layernorm,1556,0,8,368233
lm_head,1556,0,8,1077130
embedding,1557,0,8,134288
input_layernorm,1557,0,8,368843
q_proj,1557,0,8,136544
k_proj,1557,0,8,18939
v_proj,1557,0,8,16702
rope,1557,0,8,120743
attn,1557,0,8,86463
o_proj,1557,0,8,158446
post_layernorm,1557,0,8,368902
gate_proj,1557,0,8,421486
up_proj,1557,0,8,425070
act_fn,1557,0,8,60077
down_proj,1557,0,8,464486
final_layernorm,1557,0,8,368853
lm_head,1557,0,8,1077335
embedding,1558,0,8,132923
input_layernorm,1558,0,8,367705
q_proj,1558,0,8,136278
k_proj,1558,0,8,18755
v_proj,1558,0,8,16681
rope,1558,0,8,120100
attn,1558,0,8,85497
o_proj,1558,0,8,159284
post_layernorm,1558,0,8,368320
gate_proj,1558,0,8,421194
up_proj,1558,0,8,424797
act_fn,1558,0,8,60078
down_proj,1558,0,8,453672
final_layernorm,1558,0,8,367907
lm_head,1558,0,8,1077397
embedding,1559,0,8,133208
input_layernorm,1559,0,8,368168
q_proj,1559,0,8,136268
k_proj,1559,0,8,18803
v_proj,1559,0,8,16649
rope,1559,0,8,120222
attn,1559,0,8,85767
o_proj,1559,0,8,152014
post_layernorm,1559,0,8,368595
gate_proj,1559,0,8,421306
up_proj,1559,0,8,425475
act_fn,1559,0,8,59973
down_proj,1559,0,8,456404
final_layernorm,1559,0,8,368797
lm_head,1559,0,8,1077745
embedding,1560,0,8,133592
input_layernorm,1560,0,8,368322
q_proj,1560,0,8,136484
k_proj,1560,0,8,18911
v_proj,1560,0,8,16751
rope,1560,0,8,120858
attn,1560,0,8,85684
o_proj,1560,0,8,152912
post_layernorm,1560,0,8,369068
gate_proj,1560,0,8,421893
up_proj,1560,0,8,425462
act_fn,1560,0,8,60115
down_proj,1560,0,8,448253
final_layernorm,1560,0,8,368932
lm_head,1560,0,8,1077848
embedding,1561,0,8,132128
input_layernorm,1561,0,8,368197
q_proj,1561,0,8,136138
k_proj,1561,0,8,19341
v_proj,1561,0,8,17330
rope,1561,0,8,119817
attn,1561,0,8,85878
o_proj,1561,0,8,152272
post_layernorm,1561,0,8,369048
gate_proj,1561,0,8,420827
up_proj,1561,0,8,425067
act_fn,1561,0,8,60352
down_proj,1561,0,8,456517
final_layernorm,1561,0,8,368955
lm_head,1561,0,8,1077674
embedding,1562,0,8,134820
input_layernorm,1562,0,8,370285
q_proj,1562,0,8,136996
k_proj,1562,0,8,20124
v_proj,1562,0,8,17605
rope,1562,0,8,121827
attn,1562,0,8,86882
o_proj,1562,0,8,152654
post_layernorm,1562,0,8,370733
gate_proj,1562,0,8,423575
up_proj,1562,0,8,426043
act_fn,1562,0,8,60248
down_proj,1562,0,8,452836
final_layernorm,1562,0,8,370473
lm_head,1562,0,8,1079875
embedding,1563,0,8,135945
input_layernorm,1563,0,8,370437
q_proj,1563,0,8,136952
k_proj,1563,0,8,19906
v_proj,1563,0,8,17638
rope,1563,0,8,121642
attn,1563,0,8,86991
o_proj,1563,0,8,152572
post_layernorm,1563,0,8,370962
gate_proj,1563,0,8,423874
up_proj,1563,0,8,425691
act_fn,1563,0,8,60447
down_proj,1563,0,8,459450
final_layernorm,1563,0,8,370817
lm_head,1563,0,8,1080349
embedding,1564,0,8,132182
input_layernorm,1564,0,8,367975
q_proj,1564,0,8,135922
k_proj,1564,0,8,19378
v_proj,1564,0,8,17136
rope,1564,0,8,119182
attn,1564,0,8,85662
o_proj,1564,0,8,150762
post_layernorm,1564,0,8,368270
gate_proj,1564,0,8,419646
up_proj,1564,0,8,424506
act_fn,1564,0,8,60393
down_proj,1564,0,8,450820
final_layernorm,1564,0,8,368738
lm_head,1564,0,8,1077397
embedding,1565,0,8,134913
input_layernorm,1565,0,8,371082
q_proj,1565,0,8,137090
k_proj,1565,0,8,19918
v_proj,1565,0,8,17590
rope,1565,0,8,121388
attn,1565,0,8,86828
o_proj,1565,0,8,151468
post_layernorm,1565,0,8,371993
gate_proj,1565,0,8,423343
up_proj,1565,0,8,426326
act_fn,1565,0,8,60637
down_proj,1565,0,8,450285
final_layernorm,1565,0,8,371398
lm_head,1565,0,8,1080506
embedding,1566,0,8,134497
input_layernorm,1566,0,8,370888
q_proj,1566,0,8,136812
k_proj,1566,0,8,19817
v_proj,1566,0,8,17495
rope,1566,0,8,121145
attn,1566,0,8,86805
o_proj,1566,0,8,153576
post_layernorm,1566,0,8,371193
gate_proj,1566,0,8,422565
up_proj,1566,0,8,425938
act_fn,1566,0,8,60368
down_proj,1566,0,8,460315
final_layernorm,1566,0,8,371108
lm_head,1566,0,8,1079500
embedding,1567,0,8,134847
input_layernorm,1567,0,8,370717
q_proj,1567,0,8,136788
k_proj,1567,0,8,19777
v_proj,1567,0,8,17390
rope,1567,0,8,120770
attn,1567,0,8,85692
o_proj,1567,0,8,155776
post_layernorm,1567,0,8,371398
gate_proj,1567,0,8,422136
up_proj,1567,0,8,425977
act_fn,1567,0,8,60778
down_proj,1567,0,8,450953
final_layernorm,1567,0,8,371607
lm_head,1567,0,8,1079467
embedding,1568,0,8,134040
input_layernorm,1568,0,8,369975
q_proj,1568,0,8,146800
k_proj,1568,0,8,22524
v_proj,1568,0,8,19860
rope,1568,0,8,120997
attn,1568,0,8,85899
o_proj,1568,0,8,171366
post_layernorm,1568,0,8,370202
gate_proj,1568,0,8,422396
up_proj,1568,0,8,425083
act_fn,1568,0,8,60687
down_proj,1568,0,8,503432
final_layernorm,1568,0,8,369660
lm_head,1568,0,8,1079467
embedding,1569,0,8,134955
input_layernorm,1569,0,8,371180
q_proj,1569,0,8,136662
k_proj,1569,0,8,19512
v_proj,1569,0,8,17332
rope,1569,0,8,120648
attn,1569,0,8,85482
o_proj,1569,0,8,151966
post_layernorm,1569,0,8,371818
gate_proj,1569,0,8,433702
up_proj,1569,0,8,437790
act_fn,1569,0,8,60473
down_proj,1569,0,8,450727
final_layernorm,1569,0,8,371720
lm_head,1569,0,8,1079485
embedding,1570,0,8,133307
input_layernorm,1570,0,8,370720
q_proj,1570,0,8,136468
k_proj,1570,0,8,19572
v_proj,1570,0,8,17172
rope,1570,0,8,120127
attn,1570,0,8,85739
o_proj,1570,0,8,153342
post_layernorm,1570,0,8,370992
gate_proj,1570,0,8,432753
up_proj,1570,0,8,437788
act_fn,1570,0,8,60545
down_proj,1570,0,8,454528
final_layernorm,1570,0,8,371195
lm_head,1570,0,8,1079177
embedding,1571,0,8,133887
input_layernorm,1571,0,8,370382
q_proj,1571,0,8,136276
k_proj,1571,0,8,19568
v_proj,1571,0,8,17087
rope,1571,0,8,119990
attn,1571,0,8,85604
o_proj,1571,0,8,153986
post_layernorm,1571,0,8,371062
gate_proj,1571,0,8,432842
up_proj,1571,0,8,437491
act_fn,1571,0,8,60758
down_proj,1571,0,8,456018
final_layernorm,1571,0,8,370665
lm_head,1571,0,8,1079133
embedding,1572,0,8,134450
input_layernorm,1572,0,8,370775
q_proj,1572,0,8,136566
k_proj,1572,0,8,19787
v_proj,1572,0,8,17304
rope,1572,0,8,121043
attn,1572,0,8,85512
o_proj,1572,0,8,151628
post_layernorm,1572,0,8,371840
gate_proj,1572,0,8,433628
up_proj,1572,0,8,437950
act_fn,1572,0,8,60582
down_proj,1572,0,8,456512
final_layernorm,1572,0,8,371572
lm_head,1572,0,8,1079769
embedding,1573,0,8,135068
input_layernorm,1573,0,8,373137
q_proj,1573,0,8,137240
k_proj,1573,0,8,20146
v_proj,1573,0,8,17520
rope,1573,0,8,121852
attn,1573,0,8,86764
o_proj,1573,0,8,156788
post_layernorm,1573,0,8,373292
gate_proj,1573,0,8,435654
up_proj,1573,0,8,438297
act_fn,1573,0,8,60808
down_proj,1573,0,8,451024
final_layernorm,1573,0,8,373525
lm_head,1573,0,8,1081590
embedding,1574,0,8,133867
input_layernorm,1574,0,8,371858
q_proj,1574,0,8,136542
k_proj,1574,0,8,19638
v_proj,1574,0,8,17355
rope,1574,0,8,120872
attn,1574,0,8,85717
o_proj,1574,0,8,155216
post_layernorm,1574,0,8,372313
gate_proj,1574,0,8,434174
up_proj,1574,0,8,437405
act_fn,1574,0,8,60855
down_proj,1574,0,8,453403
final_layernorm,1574,0,8,372257
lm_head,1574,0,8,1080193
embedding,1575,0,8,135762
input_layernorm,1575,0,8,373693
q_proj,1575,0,8,137644
k_proj,1575,0,8,20016
v_proj,1575,0,8,17651
rope,1575,0,8,122627
attn,1575,0,8,86899
o_proj,1575,0,8,153230
post_layernorm,1575,0,8,374470
gate_proj,1575,0,8,437079
up_proj,1575,0,8,438466
act_fn,1575,0,8,60943
down_proj,1575,0,8,454937
final_layernorm,1575,0,8,374252
lm_head,1575,0,8,1082327
embedding,1576,0,8,136002
input_layernorm,1576,0,8,373313
q_proj,1576,0,8,137212
k_proj,1576,0,8,19831
v_proj,1576,0,8,17592
rope,1576,0,8,122578
attn,1576,0,8,86721
o_proj,1576,0,8,153618
post_layernorm,1576,0,8,374275
gate_proj,1576,0,8,435975
up_proj,1576,0,8,438360
act_fn,1576,0,8,60928
down_proj,1576,0,8,452374
final_layernorm,1576,0,8,374545
lm_head,1576,0,8,1081494
embedding,1577,0,8,135270
input_layernorm,1577,0,8,374012
q_proj,1577,0,8,137020
k_proj,1577,0,8,20054
v_proj,1577,0,8,17528
rope,1577,0,8,121888
attn,1577,0,8,86849
o_proj,1577,0,8,152870
post_layernorm,1577,0,8,374565
gate_proj,1577,0,8,434965
up_proj,1577,0,8,438299
act_fn,1577,0,8,60900
down_proj,1577,0,8,453093
final_layernorm,1577,0,8,374460
lm_head,1577,0,8,1081262
embedding,1578,0,8,134375
input_layernorm,1578,0,8,372672
q_proj,1578,0,8,136650
k_proj,1578,0,8,19532
v_proj,1578,0,8,17168
rope,1578,0,8,120857
attn,1578,0,8,85644
o_proj,1578,0,8,153046
post_layernorm,1578,0,8,373120
gate_proj,1578,0,8,433910
up_proj,1578,0,8,438536
act_fn,1578,0,8,60815
down_proj,1578,0,8,453007
final_layernorm,1578,0,8,373315
lm_head,1578,0,8,1081109
embedding,1579,0,8,134960
input_layernorm,1579,0,8,373310
q_proj,1579,0,8,136858
k_proj,1579,0,8,19694
v_proj,1579,0,8,17322
rope,1579,0,8,121267
attn,1579,0,8,85530
o_proj,1579,0,8,153412
post_layernorm,1579,0,8,373815
gate_proj,1579,0,8,434254
up_proj,1579,0,8,438321
act_fn,1579,0,8,60985
down_proj,1579,0,8,460345
final_layernorm,1579,0,8,373868
lm_head,1579,0,8,1081408
embedding,1580,0,8,135778
input_layernorm,1580,0,8,373695
q_proj,1580,0,8,136848
k_proj,1580,0,8,19723
v_proj,1580,0,8,17407
rope,1580,0,8,121658
attn,1580,0,8,86232
o_proj,1580,0,8,152962
post_layernorm,1580,0,8,374572
gate_proj,1580,0,8,434486
up_proj,1580,0,8,438692
act_fn,1580,0,8,60860
down_proj,1580,0,8,451873
final_layernorm,1580,0,8,374302
lm_head,1580,0,8,1081514
embedding,1581,0,8,134418
input_layernorm,1581,0,8,372787
q_proj,1581,0,8,136668
k_proj,1581,0,8,19699
v_proj,1581,0,8,17283
rope,1581,0,8,120567
attn,1581,0,8,86155
o_proj,1581,0,8,153182
post_layernorm,1581,0,8,373730
gate_proj,1581,0,8,434163
up_proj,1581,0,8,438427
act_fn,1581,0,8,61195
down_proj,1581,0,8,452324
final_layernorm,1581,0,8,374003
lm_head,1581,0,8,1081397
embedding,1582,0,8,134457
input_layernorm,1582,0,8,371898
q_proj,1582,0,8,136458
k_proj,1582,0,8,19545
v_proj,1582,0,8,17027
rope,1582,0,8,119908
attn,1582,0,8,85261
o_proj,1582,0,8,151794
post_layernorm,1582,0,8,372978
gate_proj,1582,0,8,432733
up_proj,1582,0,8,437755
act_fn,1582,0,8,61173
down_proj,1582,0,8,455969
final_layernorm,1582,0,8,372690
lm_head,1582,0,8,1080886
embedding,1583,0,8,133915
input_layernorm,1583,0,8,372595
q_proj,1583,0,8,136432
k_proj,1583,0,8,19495
v_proj,1583,0,8,17109
rope,1583,0,8,119928
attn,1583,0,8,85042
o_proj,1583,0,8,153260
post_layernorm,1583,0,8,373230
gate_proj,1583,0,8,432867
up_proj,1583,0,8,437825
act_fn,1583,0,8,60960
down_proj,1583,0,8,454136
final_layernorm,1583,0,8,373758
lm_head,1583,0,8,1081159
embedding,1584,0,8,133587
input_layernorm,1584,0,8,372198
q_proj,1584,0,8,139904
k_proj,1584,0,8,21023
v_proj,1584,0,8,18820
rope,1584,0,8,120062
attn,1584,0,8,85047
o_proj,1584,0,8,153306
post_layernorm,1584,0,8,372810
gate_proj,1584,0,8,449460
up_proj,1584,0,8,454647
act_fn,1584,0,8,60697
down_proj,1584,0,8,453836
final_layernorm,1584,0,8,372737
lm_head,1584,0,8,1081264
embedding,1585,0,8,136903
input_layernorm,1585,0,8,376768
q_proj,1585,0,8,137616
k_proj,1585,0,8,21047
v_proj,1585,0,8,18526
rope,1585,0,8,122835
attn,1585,0,8,86660
o_proj,1585,0,8,150252
post_layernorm,1585,0,8,377692
gate_proj,1585,0,8,437049
up_proj,1585,0,8,438756
act_fn,1585,0,8,61102
down_proj,1585,0,8,449820
final_layernorm,1585,0,8,377317
lm_head,1585,0,8,1083282
embedding,1586,0,8,136898
input_layernorm,1586,0,8,375332
q_proj,1586,0,8,136978
k_proj,1586,0,8,20626
v_proj,1586,0,8,18289
rope,1586,0,8,121793
attn,1586,0,8,85313
o_proj,1586,0,8,148912
post_layernorm,1586,0,8,376217
gate_proj,1586,0,8,435054
up_proj,1586,0,8,439209
act_fn,1586,0,8,61448
down_proj,1586,0,8,449011
final_layernorm,1586,0,8,376013
lm_head,1586,0,8,1082475
embedding,1587,0,8,135202
input_layernorm,1587,0,8,375015
q_proj,1587,0,8,136834
k_proj,1587,0,8,20561
v_proj,1587,0,8,18189
rope,1587,0,8,121133
attn,1587,0,8,85308
o_proj,1587,0,8,148046
post_layernorm,1587,0,8,376087
gate_proj,1587,0,8,433598
up_proj,1587,0,8,439346
act_fn,1587,0,8,61262
down_proj,1587,0,8,449105
final_layernorm,1587,0,8,375718
lm_head,1587,0,8,1082593
embedding,1588,0,8,135442
input_layernorm,1588,0,8,376392
q_proj,1588,0,8,137078
k_proj,1588,0,8,20593
v_proj,1588,0,8,18343
rope,1588,0,8,122428
attn,1588,0,8,85745
o_proj,1588,0,8,149166
post_layernorm,1588,0,8,377032
gate_proj,1588,0,8,435047
up_proj,1588,0,8,439211
act_fn,1588,0,8,61222
down_proj,1588,0,8,449265
final_layernorm,1588,0,8,377065
lm_head,1588,0,8,1083176
embedding,1589,0,8,134673
input_layernorm,1589,0,8,375097
q_proj,1589,0,8,136832
k_proj,1589,0,8,20617
v_proj,1589,0,8,18216
rope,1589,0,8,121278
attn,1589,0,8,85869
o_proj,1589,0,8,148190
post_layernorm,1589,0,8,375847
gate_proj,1589,0,8,434050
up_proj,1589,0,8,438843
act_fn,1589,0,8,61443
down_proj,1589,0,8,449557
final_layernorm,1589,0,8,375940
lm_head,1589,0,8,1082848
embedding,1590,0,8,137625
input_layernorm,1590,0,8,377692
q_proj,1590,0,8,137532
k_proj,1590,0,8,20870
v_proj,1590,0,8,18597
rope,1590,0,8,123318
attn,1590,0,8,87024
o_proj,1590,0,8,150346
post_layernorm,1590,0,8,378435
gate_proj,1590,0,8,437223
up_proj,1590,0,8,439337
act_fn,1590,0,8,61557
down_proj,1590,0,8,449954
final_layernorm,1590,0,8,378467
lm_head,1590,0,8,1084105
embedding,1591,0,8,136548
input_layernorm,1591,0,8,378033
q_proj,1591,0,8,137660
k_proj,1591,0,8,21169
v_proj,1591,0,8,18601
rope,1591,0,8,123360
attn,1591,0,8,86975
o_proj,1591,0,8,150522
post_layernorm,1591,0,8,378615
gate_proj,1591,0,8,437246
up_proj,1591,0,8,439309
act_fn,1591,0,8,61288
down_proj,1591,0,8,450524
final_layernorm,1591,0,8,378603
lm_head,1591,0,8,1084297
embedding,1592,0,8,135620
input_layernorm,1592,0,8,375738
q_proj,1592,0,8,136740
k_proj,1592,0,8,20554
v_proj,1592,0,8,18116
rope,1592,0,8,121348
attn,1592,0,8,85665
o_proj,1592,0,8,147866
post_layernorm,1592,0,8,376780
gate_proj,1592,0,8,433934
up_proj,1592,0,8,438250
act_fn,1592,0,8,61510
down_proj,1592,0,8,449807
final_layernorm,1592,0,8,376212
lm_head,1592,0,8,1082376
embedding,1593,0,8,135862
input_layernorm,1593,0,8,377852
q_proj,1593,0,8,137300
k_proj,1593,0,8,20854
v_proj,1593,0,8,18355
rope,1593,0,8,122588
attn,1593,0,8,86561
o_proj,1593,0,8,149766
post_layernorm,1593,0,8,378580
gate_proj,1593,0,8,436232
up_proj,1593,0,8,439539
act_fn,1593,0,8,61380
down_proj,1593,0,8,450064
final_layernorm,1593,0,8,378525
lm_head,1593,0,8,1084558
embedding,1594,0,8,135322
input_layernorm,1594,0,8,377338
q_proj,1594,0,8,136950
k_proj,1594,0,8,20505
v_proj,1594,0,8,18165
rope,1594,0,8,121783
attn,1594,0,8,85833
o_proj,1594,0,8,148546
post_layernorm,1594,0,8,377978
gate_proj,1594,0,8,434369
up_proj,1594,0,8,439309
act_fn,1594,0,8,61647
down_proj,1594,0,8,449796
final_layernorm,1594,0,8,377363
lm_head,1594,0,8,1083801
embedding,1595,0,8,137368
input_layernorm,1595,0,8,379432
q_proj,1595,0,8,137618
k_proj,1595,0,8,21090
v_proj,1595,0,8,18544
rope,1595,0,8,123398
attn,1595,0,8,87338
o_proj,1595,0,8,149890
post_layernorm,1595,0,8,380147
gate_proj,1595,0,8,436663
up_proj,1595,0,8,439903
act_fn,1595,0,8,61540
down_proj,1595,0,8,450262
final_layernorm,1595,0,8,379875
lm_head,1595,0,8,1085518
embedding,1596,0,8,137103
input_layernorm,1596,0,8,378082
q_proj,1596,0,8,137050
k_proj,1596,0,8,20857
v_proj,1596,0,8,18262
rope,1596,0,8,122365
attn,1596,0,8,86114
o_proj,1596,0,8,148552
post_layernorm,1596,0,8,378727
gate_proj,1596,0,8,434856
up_proj,1596,0,8,439807
act_fn,1596,0,8,62058
down_proj,1596,0,8,450121
final_layernorm,1596,0,8,378373
lm_head,1596,0,8,1084494
embedding,1597,0,8,137595
input_layernorm,1597,0,8,380255
q_proj,1597,0,8,137666
k_proj,1597,0,8,20843
v_proj,1597,0,8,18524
rope,1597,0,8,123608
attn,1597,0,8,87044
o_proj,1597,0,8,150454
post_layernorm,1597,0,8,380698
gate_proj,1597,0,8,437725
up_proj,1597,0,8,440033
act_fn,1597,0,8,61470
down_proj,1597,0,8,450673
final_layernorm,1597,0,8,380447
lm_head,1597,0,8,1085971
embedding,1598,0,8,135808
input_layernorm,1598,0,8,378083
q_proj,1598,0,8,136760
k_proj,1598,0,8,20624
v_proj,1598,0,8,18159
rope,1598,0,8,121570
attn,1598,0,8,85680
o_proj,1598,0,8,147948
post_layernorm,1598,0,8,378667
gate_proj,1598,0,8,434623
up_proj,1598,0,8,438360
act_fn,1598,0,8,61532
down_proj,1598,0,8,450537
final_layernorm,1598,0,8,378293
lm_head,1598,0,8,1083090
embedding,1599,0,8,137970
input_layernorm,1599,0,8,380728
q_proj,1599,0,8,137828
k_proj,1599,0,8,21037
v_proj,1599,0,8,18657
rope,1599,0,8,124175
attn,1599,0,8,87097
o_proj,1599,0,8,150986
post_layernorm,1599,0,8,381552
gate_proj,1599,0,8,437788
up_proj,1599,0,8,439844
act_fn,1599,0,8,61675
down_proj,1599,0,8,451249
final_layernorm,1599,0,8,381218
lm_head,1599,0,8,1086087
embedding,1600,0,8,136035
input_layernorm,1600,0,8,377648
q_proj,1600,0,8,164272
k_proj,1600,0,8,18707
v_proj,1600,0,8,16527
rope,1600,0,8,122015
attn,1600,0,8,86377
o_proj,1600,0,8,163504
post_layernorm,1600,0,8,377972
gate_proj,1600,0,8,478495
up_proj,1600,0,8,483277
act_fn,1600,0,8,60435
down_proj,1600,0,8,483325
final_layernorm,1600,0,8,377635
lm_head,1600,0,8,1092307
embedding,1601,0,8,137700
input_layernorm,1601,0,8,379888
q_proj,1601,0,8,141428
k_proj,1601,0,8,18651
v_proj,1601,0,8,16785
rope,1601,0,8,123263
attn,1601,0,8,86736
o_proj,1601,0,8,150276
post_layernorm,1601,0,8,380493
gate_proj,1601,0,8,436720
up_proj,1601,0,8,440193
act_fn,1601,0,8,62043
down_proj,1601,0,8,450729
final_layernorm,1601,0,8,380390
lm_head,1601,0,8,1134912
embedding,1602,0,8,138320
input_layernorm,1602,0,8,379393
q_proj,1602,0,8,140790
k_proj,1602,0,8,18394
v_proj,1602,0,8,16662
rope,1602,0,8,121993
attn,1602,0,8,86140
o_proj,1602,0,8,148832
post_layernorm,1602,0,8,379953
gate_proj,1602,0,8,434763
up_proj,1602,0,8,439556
act_fn,1602,0,8,62060
down_proj,1602,0,8,450320
final_layernorm,1602,0,8,379825
lm_head,1602,0,8,1133393
embedding,1603,0,8,136923
input_layernorm,1603,0,8,379735
q_proj,1603,0,8,140870
k_proj,1603,0,8,18368
v_proj,1603,0,8,16796
rope,1603,0,8,122287
attn,1603,0,8,85955
o_proj,1603,0,8,148630
post_layernorm,1603,0,8,380390
gate_proj,1603,0,8,434898
up_proj,1603,0,8,440414
act_fn,1603,0,8,62008
down_proj,1603,0,8,450504
final_layernorm,1603,0,8,379928
lm_head,1603,0,8,1133998
embedding,1604,0,8,138412
input_layernorm,1604,0,8,381362
q_proj,1604,0,8,141238
k_proj,1604,0,8,18648
v_proj,1604,0,8,16712
rope,1604,0,8,123940
attn,1604,0,8,86817
o_proj,1604,0,8,149950
post_layernorm,1604,0,8,381965
gate_proj,1604,0,8,436471
up_proj,1604,0,8,440108
act_fn,1604,0,8,62148
down_proj,1604,0,8,450532
final_layernorm,1604,0,8,381662
lm_head,1604,0,8,1134509
embedding,1605,0,8,139153
input_layernorm,1605,0,8,381935
q_proj,1605,0,8,141526
k_proj,1605,0,8,18705
v_proj,1605,0,8,16728
rope,1605,0,8,123950
attn,1605,0,8,87150
o_proj,1605,0,8,150268
post_layernorm,1605,0,8,382577
gate_proj,1605,0,8,437355
up_proj,1605,0,8,440646
act_fn,1605,0,8,61895
down_proj,1605,0,8,450818
final_layernorm,1605,0,8,382573
lm_head,1605,0,8,1135814
embedding,1606,0,8,135647
input_layernorm,1606,0,8,379552
q_proj,1606,0,8,140466
k_proj,1606,0,8,18341
v_proj,1606,0,8,16703
rope,1606,0,8,121490
attn,1606,0,8,85309
o_proj,1606,0,8,147648
post_layernorm,1606,0,8,379948
gate_proj,1606,0,8,434133
up_proj,1606,0,8,438756
act_fn,1606,0,8,62302
down_proj,1606,0,8,450539
final_layernorm,1606,0,8,380195
lm_head,1606,0,8,1133538
embedding,1607,0,8,135750
input_layernorm,1607,0,8,379598
q_proj,1607,0,8,140480
k_proj,1607,0,8,18361
v_proj,1607,0,8,16716
rope,1607,0,8,121717
attn,1607,0,8,85338
o_proj,1607,0,8,147824
post_layernorm,1607,0,8,380290
gate_proj,1607,0,8,434137
up_proj,1607,0,8,438613
act_fn,1607,0,8,62072
down_proj,1607,0,8,450686
final_layernorm,1607,0,8,380560
lm_head,1607,0,8,1133049
embedding,1608,0,8,136535
input_layernorm,1608,0,8,380570
q_proj,1608,0,8,140694
k_proj,1608,0,8,18384
v_proj,1608,0,8,16697
rope,1608,0,8,122568
attn,1608,0,8,85897
o_proj,1608,0,8,147946
post_layernorm,1608,0,8,380813
gate_proj,1608,0,8,434332
up_proj,1608,0,8,439796
act_fn,1608,0,8,62083
down_proj,1608,0,8,450712
final_layernorm,1608,0,8,380813
lm_head,1608,0,8,1135588
embedding,1609,0,8,136817
input_layernorm,1609,0,8,380612
q_proj,1609,0,8,140750
k_proj,1609,0,8,18468
v_proj,1609,0,8,16787
rope,1609,0,8,122347
attn,1609,0,8,85654
o_proj,1609,0,8,148764
post_layernorm,1609,0,8,381867
gate_proj,1609,0,8,435727
up_proj,1609,0,8,439272
act_fn,1609,0,8,62245
down_proj,1609,0,8,451258
final_layernorm,1609,0,8,381352
lm_head,1609,0,8,1134272
embedding,1610,0,8,136078
input_layernorm,1610,0,8,380695
q_proj,1610,0,8,140872
k_proj,1610,0,8,18369
v_proj,1610,0,8,16798
rope,1610,0,8,122272
attn,1610,0,8,85556
o_proj,1610,0,8,148500
post_layernorm,1610,0,8,381558
gate_proj,1610,0,8,435119
up_proj,1610,0,8,439042
act_fn,1610,0,8,61333
down_proj,1610,0,8,451462
final_layernorm,1610,0,8,381785
lm_head,1610,0,8,1133395
embedding,1611,0,8,139622
input_layernorm,1611,0,8,383725
q_proj,1611,0,8,141724
k_proj,1611,0,8,18750
v_proj,1611,0,8,16737
rope,1611,0,8,124760
attn,1611,0,8,88646
o_proj,1611,0,8,150646
post_layernorm,1611,0,8,384235
gate_proj,1611,0,8,437903
up_proj,1611,0,8,440635
act_fn,1611,0,8,61213
down_proj,1611,0,8,451542
final_layernorm,1611,0,8,384735
lm_head,1611,0,8,1136229
embedding,1612,0,8,136713
input_layernorm,1612,0,8,380923
q_proj,1612,0,8,140658
k_proj,1612,0,8,18279
v_proj,1612,0,8,16654
rope,1612,0,8,122245
attn,1612,0,8,87302
o_proj,1612,0,8,148126
post_layernorm,1612,0,8,381108
gate_proj,1612,0,8,434527
up_proj,1612,0,8,438887
act_fn,1612,0,8,61610
down_proj,1612,0,8,451265
final_layernorm,1612,0,8,382067
lm_head,1612,0,8,1133999
embedding,1613,0,8,140043
input_layernorm,1613,0,8,384243
q_proj,1613,0,8,141736
k_proj,1613,0,8,18760
v_proj,1613,0,8,16822
rope,1613,0,8,124712
attn,1613,0,8,88795
o_proj,1613,0,8,150806
post_layernorm,1613,0,8,384790
gate_proj,1613,0,8,437938
up_proj,1613,0,8,440830
act_fn,1613,0,8,61517
down_proj,1613,0,8,451902
final_layernorm,1613,0,8,384885
lm_head,1613,0,8,1136755
embedding,1614,0,8,139062
input_layernorm,1614,0,8,383577
q_proj,1614,0,8,141502
k_proj,1614,0,8,18636
v_proj,1614,0,8,16615
rope,1614,0,8,124022
attn,1614,0,8,87761
o_proj,1614,0,8,149946
post_layernorm,1614,0,8,384325
gate_proj,1614,0,8,436631
up_proj,1614,0,8,441278
act_fn,1614,0,8,61713
down_proj,1614,0,8,451707
final_layernorm,1614,0,8,384315
lm_head,1614,0,8,1136970
embedding,1615,0,8,139828
input_layernorm,1615,0,8,383565
q_proj,1615,0,8,141624
k_proj,1615,0,8,18786
v_proj,1615,0,8,16653
rope,1615,0,8,124090
attn,1615,0,8,87738
o_proj,1615,0,8,150220
post_layernorm,1615,0,8,384358
gate_proj,1615,0,8,437092
up_proj,1615,0,8,441148
act_fn,1615,0,8,61453
down_proj,1615,0,8,451475
final_layernorm,1615,0,8,384773
lm_head,1615,0,8,1136562
embedding,1616,0,8,140283
input_layernorm,1616,0,8,384098
q_proj,1616,0,8,141954
k_proj,1616,0,8,19275
v_proj,1616,0,8,16904
rope,1616,0,8,125107
attn,1616,0,8,88014
o_proj,1616,0,8,150016
post_layernorm,1616,0,8,384973
gate_proj,1616,0,8,449512
up_proj,1616,0,8,452303
act_fn,1616,0,8,61608
down_proj,1616,0,8,450918
final_layernorm,1616,0,8,384870
lm_head,1616,0,8,1136644
embedding,1617,0,8,139500
input_layernorm,1617,0,8,384168
q_proj,1617,0,8,141580
k_proj,1617,0,8,18460
v_proj,1617,0,8,16563
rope,1617,0,8,123790
attn,1617,0,8,86417
o_proj,1617,0,8,149730
post_layernorm,1617,0,8,384438
gate_proj,1617,0,8,436735
up_proj,1617,0,8,440914
act_fn,1617,0,8,61453
down_proj,1617,0,8,451423
final_layernorm,1617,0,8,384833
lm_head,1617,0,8,1136210
embedding,1618,0,8,138312
input_layernorm,1618,0,8,383483
q_proj,1618,0,8,141054
k_proj,1618,0,8,18349
v_proj,1618,0,8,16505
rope,1618,0,8,123238
attn,1618,0,8,86016
o_proj,1618,0,8,148708
post_layernorm,1618,0,8,384187
gate_proj,1618,0,8,435535
up_proj,1618,0,8,440776
act_fn,1618,0,8,61802
down_proj,1618,0,8,451778
final_layernorm,1618,0,8,384058
lm_head,1618,0,8,1135716
embedding,1619,0,8,138865
input_layernorm,1619,0,8,383258
q_proj,1619,0,8,140860
k_proj,1619,0,8,18245
v_proj,1619,0,8,16388
rope,1619,0,8,122747
attn,1619,0,8,85930
o_proj,1619,0,8,148108
post_layernorm,1619,0,8,383800
gate_proj,1619,0,8,434870
up_proj,1619,0,8,440538
act_fn,1619,0,8,61788
down_proj,1619,0,8,452185
final_layernorm,1619,0,8,383978
lm_head,1619,0,8,1136281
embedding,1620,0,8,139012
input_layernorm,1620,0,8,384157
q_proj,1620,0,8,141344
k_proj,1620,0,8,18462
v_proj,1620,0,8,16537
rope,1620,0,8,124095
attn,1620,0,8,85969
o_proj,1620,0,8,149184
post_layernorm,1620,0,8,384653
gate_proj,1620,0,8,435762
up_proj,1620,0,8,441027
act_fn,1620,0,8,62012
down_proj,1620,0,8,451587
final_layernorm,1620,0,8,385062
lm_head,1620,0,8,1135403
embedding,1621,0,8,140902
input_layernorm,1621,0,8,385697
q_proj,1621,0,8,141904
k_proj,1621,0,8,18723
v_proj,1621,0,8,16629
rope,1621,0,8,125223
attn,1621,0,8,87001
o_proj,1621,0,8,150614
post_layernorm,1621,0,8,386010
gate_proj,1621,0,8,438258
up_proj,1621,0,8,441601
act_fn,1621,0,8,61870
down_proj,1621,0,8,452417
final_layernorm,1621,0,8,386548
lm_head,1621,0,8,1138190
embedding,1622,0,8,137463
input_layernorm,1622,0,8,383733
q_proj,1622,0,8,141180
k_proj,1622,0,8,18352
v_proj,1622,0,8,16591
rope,1622,0,8,123093
attn,1622,0,8,85366
o_proj,1622,0,8,148438
post_layernorm,1622,0,8,383933
gate_proj,1622,0,8,435574
up_proj,1622,0,8,439524
act_fn,1622,0,8,61923
down_proj,1622,0,8,451956
final_layernorm,1622,0,8,384242
lm_head,1622,0,8,1135685
embedding,1623,0,8,141020
input_layernorm,1623,0,8,386557
q_proj,1623,0,8,142098
k_proj,1623,0,8,18840
v_proj,1623,0,8,16725
rope,1623,0,8,125598
attn,1623,0,8,87152
o_proj,1623,0,8,150974
post_layernorm,1623,0,8,387097
gate_proj,1623,0,8,438470
up_proj,1623,0,8,441240
act_fn,1623,0,8,61987
down_proj,1623,0,8,452289
final_layernorm,1623,0,8,387270
lm_head,1623,0,8,1137663
embedding,1624,0,8,137708
input_layernorm,1624,0,8,383177
q_proj,1624,0,8,140982
k_proj,1624,0,8,18327
v_proj,1624,0,8,16474
rope,1624,0,8,123158
attn,1624,0,8,85288
o_proj,1624,0,8,147988
post_layernorm,1624,0,8,384032
gate_proj,1624,0,8,434965
up_proj,1624,0,8,440000
act_fn,1624,0,8,61935
down_proj,1624,0,8,452185
final_layernorm,1624,0,8,384558
lm_head,1624,0,8,1136725
embedding,1625,0,8,140898
input_layernorm,1625,0,8,386942
q_proj,1625,0,8,142140
k_proj,1625,0,8,20294
v_proj,1625,0,8,18079
rope,1625,0,8,125980
attn,1625,0,8,87249
o_proj,1625,0,8,151216
post_layernorm,1625,0,8,388080
gate_proj,1625,0,8,450411
up_proj,1625,0,8,453043
act_fn,1625,0,8,61698
down_proj,1625,0,8,452627
final_layernorm,1625,0,8,387725
lm_head,1625,0,8,1139199
embedding,1626,0,8,139008
input_layernorm,1626,0,8,386090
q_proj,1626,0,8,141622
k_proj,1626,0,8,19973
v_proj,1626,0,8,17887
rope,1626,0,8,124528
attn,1626,0,8,86139
o_proj,1626,0,8,149674
post_layernorm,1626,0,8,386362
gate_proj,1626,0,8,447623
up_proj,1626,0,8,453319
act_fn,1626,0,8,61893
down_proj,1626,0,8,451956
final_layernorm,1626,0,8,386535
lm_head,1626,0,8,1138236
embedding,1627,0,8,139217
input_layernorm,1627,0,8,386313
q_proj,1627,0,8,141670
k_proj,1627,0,8,20018
v_proj,1627,0,8,17867
rope,1627,0,8,124768
attn,1627,0,8,86366
o_proj,1627,0,8,149944
post_layernorm,1627,0,8,387178
gate_proj,1627,0,8,448301
up_proj,1627,0,8,452796
act_fn,1627,0,8,61692
down_proj,1627,0,8,451835
final_layernorm,1627,0,8,387048
lm_head,1627,0,8,1137590
embedding,1628,0,8,140622
input_layernorm,1628,0,8,387245
q_proj,1628,0,8,141780
k_proj,1628,0,8,20060
v_proj,1628,0,8,17958
rope,1628,0,8,125768
attn,1628,0,8,86786
o_proj,1628,0,8,150470
post_layernorm,1628,0,8,387948
gate_proj,1628,0,8,449053
up_proj,1628,0,8,453243
act_fn,1628,0,8,62007
down_proj,1628,0,8,452136
final_layernorm,1628,0,8,388073
lm_head,1628,0,8,1138499
embedding,1629,0,8,139778
input_layernorm,1629,0,8,386735
q_proj,1629,0,8,141700
k_proj,1629,0,8,20004
v_proj,1629,0,8,17765
rope,1629,0,8,124447
attn,1629,0,8,86064
o_proj,1629,0,8,149498
post_layernorm,1629,0,8,387635
gate_proj,1629,0,8,448004
up_proj,1629,0,8,453024
act_fn,1629,0,8,62262
down_proj,1629,0,8,452040
final_layernorm,1629,0,8,387808
lm_head,1629,0,8,1137584
embedding,1630,0,8,141888
input_layernorm,1630,0,8,388027
q_proj,1630,0,8,142174
k_proj,1630,0,8,20274
v_proj,1630,0,8,18062
rope,1630,0,8,125890
attn,1630,0,8,87196
o_proj,1630,0,8,151152
post_layernorm,1630,0,8,388615
gate_proj,1630,0,8,450140
up_proj,1630,0,8,453225
act_fn,1630,0,8,62245
down_proj,1630,0,8,452953
final_layernorm,1630,0,8,388763
lm_head,1630,0,8,1139768
embedding,1631,0,8,139698
input_layernorm,1631,0,8,385248
q_proj,1631,0,8,141258
k_proj,1631,0,8,19821
v_proj,1631,0,8,17718
rope,1631,0,8,123550
attn,1631,0,8,85919
o_proj,1631,0,8,148570
post_layernorm,1631,0,8,386217
gate_proj,1631,0,8,446658
up_proj,1631,0,8,452903
act_fn,1631,0,8,62553
down_proj,1631,0,8,452452
final_layernorm,1631,0,8,386807
lm_head,1631,0,8,1137452
embedding,1632,0,8,140310
input_layernorm,1632,0,8,386855
q_proj,1632,0,8,149094
k_proj,1632,0,8,19214
v_proj,1632,0,8,16733
rope,1632,0,8,124992
attn,1632,0,8,86362
o_proj,1632,0,8,161208
post_layernorm,1632,0,8,386847
gate_proj,1632,0,8,533709
up_proj,1632,0,8,540170
act_fn,1632,0,8,61573
down_proj,1632,0,8,528560
final_layernorm,1632,0,8,387218
lm_head,1632,0,8,1137560
embedding,1633,0,8,139985
input_layernorm,1633,0,8,386628
q_proj,1633,0,8,141452
k_proj,1633,0,8,19854
v_proj,1633,0,8,17740
rope,1633,0,8,123755
attn,1633,0,8,86029
o_proj,1633,0,8,179294
post_layernorm,1633,0,8,387058
gate_proj,1633,0,8,447300
up_proj,1633,0,8,453527
act_fn,1633,0,8,62233
down_proj,1633,0,8,495499
final_layernorm,1633,0,8,387272
lm_head,1633,0,8,1138330
embedding,1634,0,8,139003
input_layernorm,1634,0,8,384928
q_proj,1634,0,8,141254
k_proj,1634,0,8,19726
v_proj,1634,0,8,17603
rope,1634,0,8,123033
attn,1634,0,8,85272
o_proj,1634,0,8,179692
post_layernorm,1634,0,8,385633
gate_proj,1634,0,8,446634
up_proj,1634,0,8,452588
act_fn,1634,0,8,62520
down_proj,1634,0,8,492095
final_layernorm,1634,0,8,385975
lm_head,1634,0,8,1138337
embedding,1635,0,8,139255
input_layernorm,1635,0,8,386187
q_proj,1635,0,8,141228
k_proj,1635,0,8,19725
v_proj,1635,0,8,17606
rope,1635,0,8,123012
attn,1635,0,8,85795
o_proj,1635,0,8,161382
post_layernorm,1635,0,8,387083
gate_proj,1635,0,8,446528
up_proj,1635,0,8,452010
act_fn,1635,0,8,62175
down_proj,1635,0,8,509981
final_layernorm,1635,0,8,387055
lm_head,1635,0,8,1136296
embedding,1636,0,8,139728
input_layernorm,1636,0,8,386660
q_proj,1636,0,8,141262
k_proj,1636,0,8,19740
v_proj,1636,0,8,17588
rope,1636,0,8,123857
attn,1636,0,8,85723
o_proj,1636,0,8,160632
post_layernorm,1636,0,8,387023
gate_proj,1636,0,8,446320
up_proj,1636,0,8,452760
act_fn,1636,0,8,62182
down_proj,1636,0,8,493662
final_layernorm,1636,0,8,387275
lm_head,1636,0,8,1137618
embedding,1637,0,8,141628
input_layernorm,1637,0,8,389428
q_proj,1637,0,8,142314
k_proj,1637,0,8,20174
v_proj,1637,0,8,18044
rope,1637,0,8,126132
attn,1637,0,8,89623
o_proj,1637,0,8,162390
post_layernorm,1637,0,8,389733
gate_proj,1637,0,8,450755
up_proj,1637,0,8,454006
act_fn,1637,0,8,62395
down_proj,1637,0,8,491547
final_layernorm,1637,0,8,390335
lm_head,1637,0,8,1140764
embedding,1638,0,8,138128
input_layernorm,1638,0,8,386617
q_proj,1638,0,8,141404
k_proj,1638,0,8,19691
v_proj,1638,0,8,17634
rope,1638,0,8,123395
attn,1638,0,8,87290
o_proj,1638,0,8,160958
post_layernorm,1638,0,8,387063
gate_proj,1638,0,8,447022
up_proj,1638,0,8,452131
act_fn,1638,0,8,62288
down_proj,1638,0,8,512378
final_layernorm,1638,0,8,386957
lm_head,1638,0,8,1137299
embedding,1639,0,8,138772
input_layernorm,1639,0,8,386177
q_proj,1639,0,8,141350
k_proj,1639,0,8,19779
v_proj,1639,0,8,17378
rope,1639,0,8,123093
attn,1639,0,8,86749
o_proj,1639,0,8,160966
post_layernorm,1639,0,8,387215
gate_proj,1639,0,8,446795
up_proj,1639,0,8,452465
act_fn,1639,0,8,62145
down_proj,1639,0,8,495083
final_layernorm,1639,0,8,387295
lm_head,1639,0,8,1136788
embedding,1640,0,8,141657
input_layernorm,1640,0,8,389948
q_proj,1640,0,8,142336
k_proj,1640,0,8,20200
v_proj,1640,0,8,17917
rope,1640,0,8,126208
attn,1640,0,8,88941
o_proj,1640,0,8,161260
post_layernorm,1640,0,8,390543
gate_proj,1640,0,8,450294
up_proj,1640,0,8,453772
act_fn,1640,0,8,62167
down_proj,1640,0,8,498697
final_layernorm,1640,0,8,390427
lm_head,1640,0,8,1139984
embedding,1641,0,8,139193
input_layernorm,1641,0,8,386992
q_proj,1641,0,8,141392
k_proj,1641,0,8,19624
v_proj,1641,0,8,17490
rope,1641,0,8,123097
attn,1641,0,8,88080
o_proj,1641,0,8,160774
post_layernorm,1641,0,8,387643
gate_proj,1641,0,8,446962
up_proj,1641,0,8,452266
act_fn,1641,0,8,62390
down_proj,1641,0,8,486798
final_layernorm,1641,0,8,387792
lm_head,1641,0,8,1137218
embedding,1642,0,8,141587
input_layernorm,1642,0,8,390625
q_proj,1642,0,8,142548
k_proj,1642,0,8,20302
v_proj,1642,0,8,17988
rope,1642,0,8,126342
attn,1642,0,8,89676
o_proj,1642,0,8,161482
post_layernorm,1642,0,8,391242
gate_proj,1642,0,8,451016
up_proj,1642,0,8,453542
act_fn,1642,0,8,62472
down_proj,1642,0,8,489418
final_layernorm,1642,0,8,391217
lm_head,1642,0,8,1140018
embedding,1643,0,8,141867
input_layernorm,1643,0,8,390240
q_proj,1643,0,8,142238
k_proj,1643,0,8,20176
v_proj,1643,0,8,17932
rope,1643,0,8,125927
attn,1643,0,8,88540
o_proj,1643,0,8,179158
post_layernorm,1643,0,8,390583
gate_proj,1643,0,8,450669
up_proj,1643,0,8,454133
act_fn,1643,0,8,62697
down_proj,1643,0,8,494074
final_layernorm,1643,0,8,391278
lm_head,1643,0,8,1140400
embedding,1644,0,8,140480
input_layernorm,1644,0,8,389332
q_proj,1644,0,8,141844
k_proj,1644,0,8,20019
v_proj,1644,0,8,17739
rope,1644,0,8,125023
attn,1644,0,8,87803
o_proj,1644,0,8,177214
post_layernorm,1644,0,8,389858
gate_proj,1644,0,8,448344
up_proj,1644,0,8,453624
act_fn,1644,0,8,62460
down_proj,1644,0,8,500266
final_layernorm,1644,0,8,389613
lm_head,1644,0,8,1138995
embedding,1645,0,8,139967
input_layernorm,1645,0,8,388080
q_proj,1645,0,8,141604
k_proj,1645,0,8,19665
v_proj,1645,0,8,17599
rope,1645,0,8,123985
attn,1645,0,8,87548
o_proj,1645,0,8,160580
post_layernorm,1645,0,8,389202
gate_proj,1645,0,8,447824
up_proj,1645,0,8,452556
act_fn,1645,0,8,62707
down_proj,1645,0,8,487413
final_layernorm,1645,0,8,389017
lm_head,1645,0,8,1138852
embedding,1646,0,8,142627
input_layernorm,1646,0,8,391117
q_proj,1646,0,8,142472
k_proj,1646,0,8,20182
v_proj,1646,0,8,18002
rope,1646,0,8,126582
attn,1646,0,8,88817
o_proj,1646,0,8,161674
post_layernorm,1646,0,8,392015
gate_proj,1646,0,8,451221
up_proj,1646,0,8,454103
act_fn,1646,0,8,62552
down_proj,1646,0,8,490219
final_layernorm,1646,0,8,391608
lm_head,1646,0,8,1141312
embedding,1647,0,8,138742
input_layernorm,1647,0,8,387930
q_proj,1647,0,8,141426
k_proj,1647,0,8,19702
v_proj,1647,0,8,17493
rope,1647,0,8,123248
attn,1647,0,8,87042
o_proj,1647,0,8,160280
post_layernorm,1647,0,8,388760
gate_proj,1647,0,8,447035
up_proj,1647,0,8,452435
act_fn,1647,0,8,62753
down_proj,1647,0,8,491159
final_layernorm,1647,0,8,389132
lm_head,1647,0,8,1136906
embedding,1648,0,8,143137
input_layernorm,1648,0,8,391543
q_proj,1648,0,8,142622
k_proj,1648,0,8,21155
v_proj,1648,0,8,18790
rope,1648,0,8,127140
attn,1648,0,8,88041
o_proj,1648,0,8,161212
post_layernorm,1648,0,8,392297
gate_proj,1648,0,8,451672
up_proj,1648,0,8,454307
act_fn,1648,0,8,62588
down_proj,1648,0,8,482120
final_layernorm,1648,0,8,392252
lm_head,1648,0,8,1141301
embedding,1649,0,8,141320
input_layernorm,1649,0,8,389997
q_proj,1649,0,8,141786
k_proj,1649,0,8,19928
v_proj,1649,0,8,17724
rope,1649,0,8,124692
attn,1649,0,8,87086
o_proj,1649,0,8,176430
post_layernorm,1649,0,8,390250
gate_proj,1649,0,8,448524
up_proj,1649,0,8,454597
act_fn,1649,0,8,62762
down_proj,1649,0,8,493632
final_layernorm,1649,0,8,390968
lm_head,1649,0,8,1140307
embedding,1650,0,8,140503
input_layernorm,1650,0,8,389292
q_proj,1650,0,8,141726
k_proj,1650,0,8,19912
v_proj,1650,0,8,17589
rope,1650,0,8,124123
attn,1650,0,8,87078
o_proj,1650,0,8,177800
post_layernorm,1650,0,8,389717
gate_proj,1650,0,8,448062
up_proj,1650,0,8,453070
act_fn,1650,0,8,62822
down_proj,1650,0,8,487584
final_layernorm,1650,0,8,390522
lm_head,1650,0,8,1139063
embedding,1651,0,8,141130
input_layernorm,1651,0,8,390617
q_proj,1651,0,8,141930
k_proj,1651,0,8,19856
v_proj,1651,0,8,17720
rope,1651,0,8,124685
attn,1651,0,8,87456
o_proj,1651,0,8,160548
post_layernorm,1651,0,8,391605
gate_proj,1651,0,8,448728
up_proj,1651,0,8,454253
act_fn,1651,0,8,62957
down_proj,1651,0,8,505577
final_layernorm,1651,0,8,391228
lm_head,1651,0,8,1140119
embedding,1652,0,8,141130
input_layernorm,1652,0,8,389783
q_proj,1652,0,8,141574
k_proj,1652,0,8,19765
v_proj,1652,0,8,17621
rope,1652,0,8,124273
attn,1652,0,8,87660
o_proj,1652,0,8,160076
post_layernorm,1652,0,8,390493
gate_proj,1652,0,8,447469
up_proj,1652,0,8,453317
act_fn,1652,0,8,63002
down_proj,1652,0,8,484608
final_layernorm,1652,0,8,391007
lm_head,1652,0,8,1140069
embedding,1653,0,8,142885
input_layernorm,1653,0,8,392517
q_proj,1653,0,8,142254
k_proj,1653,0,8,20101
v_proj,1653,0,8,17921
rope,1653,0,8,126265
attn,1653,0,8,87680
o_proj,1653,0,8,161076
post_layernorm,1653,0,8,393403
gate_proj,1653,0,8,450056
up_proj,1653,0,8,454653
act_fn,1653,0,8,62947
down_proj,1653,0,8,483238
final_layernorm,1653,0,8,393448
lm_head,1653,0,8,1142358
embedding,1654,0,8,140378
input_layernorm,1654,0,8,389805
q_proj,1654,0,8,141672
k_proj,1654,0,8,19720
v_proj,1654,0,8,17588
rope,1654,0,8,124203
attn,1654,0,8,86796
o_proj,1654,0,8,160064
post_layernorm,1654,0,8,390695
gate_proj,1654,0,8,447805
up_proj,1654,0,8,454285
act_fn,1654,0,8,63088
down_proj,1654,0,8,505503
final_layernorm,1654,0,8,391303
lm_head,1654,0,8,1140896
embedding,1655,0,8,143648
input_layernorm,1655,0,8,393152
q_proj,1655,0,8,142724
k_proj,1655,0,8,20231
v_proj,1655,0,8,18084
rope,1655,0,8,127090
attn,1655,0,8,88712
o_proj,1655,0,8,161786
post_layernorm,1655,0,8,393842
gate_proj,1655,0,8,451735
up_proj,1655,0,8,454770
act_fn,1655,0,8,63018
down_proj,1655,0,8,487422
final_layernorm,1655,0,8,394595
lm_head,1655,0,8,1142780
embedding,1656,0,8,142358
input_layernorm,1656,0,8,391542
q_proj,1656,0,8,142170
k_proj,1656,0,8,19975
v_proj,1656,0,8,17896
rope,1656,0,8,126342
attn,1656,0,8,87248
o_proj,1656,0,8,160280
post_layernorm,1656,0,8,392708
gate_proj,1656,0,8,449668
up_proj,1656,0,8,454733
act_fn,1656,0,8,63095
down_proj,1656,0,8,498201
final_layernorm,1656,0,8,393042
lm_head,1656,0,8,1141524
embedding,1657,0,8,140710
input_layernorm,1657,0,8,390723
q_proj,1657,0,8,141832
k_proj,1657,0,8,18789
v_proj,1657,0,8,16592
rope,1657,0,8,124360
attn,1657,0,8,87269
o_proj,1657,0,8,159354
post_layernorm,1657,0,8,391445
gate_proj,1657,0,8,447878
up_proj,1657,0,8,453739
act_fn,1657,0,8,63353
down_proj,1657,0,8,482473
final_layernorm,1657,0,8,392203
lm_head,1657,0,8,1140307
embedding,1658,0,8,142848
input_layernorm,1658,0,8,393603
q_proj,1658,0,8,142584
k_proj,1658,0,8,19289
v_proj,1658,0,8,16930
rope,1658,0,8,126892
attn,1658,0,8,88121
o_proj,1658,0,8,161300
post_layernorm,1658,0,8,394483
gate_proj,1658,0,8,451016
up_proj,1658,0,8,455084
act_fn,1658,0,8,63008
down_proj,1658,0,8,487530
final_layernorm,1658,0,8,394842
lm_head,1658,0,8,1142751
embedding,1659,0,8,143467
input_layernorm,1659,0,8,394293
q_proj,1659,0,8,142782
k_proj,1659,0,8,19328
v_proj,1659,0,8,17011
rope,1659,0,8,127323
attn,1659,0,8,89086
o_proj,1659,0,8,177498
post_layernorm,1659,0,8,394823
gate_proj,1659,0,8,451945
up_proj,1659,0,8,455022
act_fn,1659,0,8,63100
down_proj,1659,0,8,492033
final_layernorm,1659,0,8,395125
lm_head,1659,0,8,1143017
embedding,1660,0,8,140317
input_layernorm,1660,0,8,390962
q_proj,1660,0,8,141628
k_proj,1660,0,8,18924
v_proj,1660,0,8,16537
rope,1660,0,8,124490
attn,1660,0,8,86517
o_proj,1660,0,8,175648
post_layernorm,1660,0,8,391577
gate_proj,1660,0,8,447902
up_proj,1660,0,8,453156
act_fn,1660,0,8,63422
down_proj,1660,0,8,500420
final_layernorm,1660,0,8,392107
lm_head,1660,0,8,1139750
embedding,1661,0,8,143450
input_layernorm,1661,0,8,393418
q_proj,1661,0,8,142418
k_proj,1661,0,8,19048
v_proj,1661,0,8,16814
rope,1661,0,8,126017
attn,1661,0,8,87315
o_proj,1661,0,8,160572
post_layernorm,1661,0,8,394145
gate_proj,1661,0,8,449858
up_proj,1661,0,8,455277
act_fn,1661,0,8,63478
down_proj,1661,0,8,481553
final_layernorm,1661,0,8,394432
lm_head,1661,0,8,1142120
embedding,1662,0,8,141457
input_layernorm,1662,0,8,392182
q_proj,1662,0,8,142164
k_proj,1662,0,8,19011
v_proj,1662,0,8,16749
rope,1662,0,8,125677
attn,1662,0,8,87205
o_proj,1662,0,8,160486
post_layernorm,1662,0,8,393323
gate_proj,1662,0,8,449336
up_proj,1662,0,8,454057
act_fn,1662,0,8,63412
down_proj,1662,0,8,482831
final_layernorm,1662,0,8,393278
lm_head,1662,0,8,1141051
embedding,1663,0,8,143492
input_layernorm,1663,0,8,393428
q_proj,1663,0,8,142322
k_proj,1663,0,8,19063
v_proj,1663,0,8,16768
rope,1663,0,8,126210
attn,1663,0,8,87284
o_proj,1663,0,8,160574
post_layernorm,1663,0,8,394647
gate_proj,1663,0,8,449460
up_proj,1663,0,8,454892
act_fn,1663,0,8,63325
down_proj,1663,0,8,501982
final_layernorm,1663,0,8,394188
lm_head,1663,0,8,1141703
embedding,1664,0,8,142412
input_layernorm,1664,0,8,391710
q_proj,1664,0,8,164976
k_proj,1664,0,8,19000
v_proj,1664,0,8,16499
rope,1664,0,8,125350
attn,1664,0,8,79772
o_proj,1664,0,8,160336
post_layernorm,1664,0,8,393077
gate_proj,1664,0,8,480734
up_proj,1664,0,8,487940
act_fn,1664,0,8,62638
down_proj,1664,0,8,484904
final_layernorm,1664,0,8,393042
lm_head,1664,0,8,1140692
embedding,1665,0,8,140400
input_layernorm,1665,0,8,392722
q_proj,1665,0,8,145874
k_proj,1665,0,8,18661
v_proj,1665,0,8,16458
rope,1665,0,8,125215
attn,1665,0,8,91866
o_proj,1665,0,8,159706
post_layernorm,1665,0,8,393315
gate_proj,1665,0,8,449373
up_proj,1665,0,8,454461
act_fn,1665,0,8,63992
down_proj,1665,0,8,481774
final_layernorm,1665,0,8,393800
lm_head,1665,0,8,1144936
embedding,1666,0,8,141373
input_layernorm,1666,0,8,393695
q_proj,1666,0,8,145868
k_proj,1666,0,8,18711
v_proj,1666,0,8,16493
rope,1666,0,8,125720
attn,1666,0,8,92343
o_proj,1666,0,8,159542
post_layernorm,1666,0,8,394280
gate_proj,1666,0,8,449131
up_proj,1666,0,8,455334
act_fn,1666,0,8,64250
down_proj,1666,0,8,503939
final_layernorm,1666,0,8,394057
lm_head,1666,0,8,1145491
embedding,1667,0,8,140775
input_layernorm,1667,0,8,392413
q_proj,1667,0,8,145728
k_proj,1667,0,8,18618
v_proj,1667,0,8,16428
rope,1667,0,8,124728
attn,1667,0,8,91785
o_proj,1667,0,8,173182
post_layernorm,1667,0,8,392732
gate_proj,1667,0,8,448918
up_proj,1667,0,8,454372
act_fn,1667,0,8,64438
down_proj,1667,0,8,481238
final_layernorm,1667,0,8,393560
lm_head,1667,0,8,1144048
embedding,1668,0,8,143030
input_layernorm,1668,0,8,395392
q_proj,1668,0,8,146794
k_proj,1668,0,8,19140
v_proj,1668,0,8,16756
rope,1668,0,8,127382
attn,1668,0,8,93200
o_proj,1668,0,8,175488
post_layernorm,1668,0,8,395777
gate_proj,1668,0,8,451536
up_proj,1668,0,8,455576
act_fn,1668,0,8,64400
down_proj,1668,0,8,481609
final_layernorm,1668,0,8,396063
lm_head,1668,0,8,1146579
embedding,1669,0,8,145052
input_layernorm,1669,0,8,395863
q_proj,1669,0,8,146774
k_proj,1669,0,8,19029
v_proj,1669,0,8,16887
rope,1669,0,8,127780
attn,1669,0,8,93640
o_proj,1669,0,8,160800
post_layernorm,1669,0,8,396467
gate_proj,1669,0,8,452365
up_proj,1669,0,8,456380
act_fn,1669,0,8,64512
down_proj,1669,0,8,500769
final_layernorm,1669,0,8,396940
lm_head,1669,0,8,1148162
embedding,1670,0,8,143132
input_layernorm,1670,0,8,396493
q_proj,1670,0,8,146758
k_proj,1670,0,8,19089
v_proj,1670,0,8,16778
rope,1670,0,8,127573
attn,1670,0,8,93473
o_proj,1670,0,8,161196
post_layernorm,1670,0,8,397555
gate_proj,1670,0,8,451977
up_proj,1670,0,8,455934
act_fn,1670,0,8,64612
down_proj,1670,0,8,487775
final_layernorm,1670,0,8,396920
lm_head,1670,0,8,1147015
embedding,1671,0,8,143695
input_layernorm,1671,0,8,396520
q_proj,1671,0,8,146778
k_proj,1671,0,8,19041
v_proj,1671,0,8,16879
rope,1671,0,8,127672
attn,1671,0,8,93624
o_proj,1671,0,8,161210
post_layernorm,1671,0,8,397352
gate_proj,1671,0,8,452166
up_proj,1671,0,8,456233
act_fn,1671,0,8,64592
down_proj,1671,0,8,488466
final_layernorm,1671,0,8,397140
lm_head,1671,0,8,1148182
embedding,1672,0,8,144123
input_layernorm,1672,0,8,396433
q_proj,1672,0,8,146692
k_proj,1672,0,8,19053
v_proj,1672,0,8,16829
rope,1672,0,8,128065
attn,1672,0,8,93672
o_proj,1672,0,8,161164
post_layernorm,1672,0,8,397383
gate_proj,1672,0,8,451958
up_proj,1672,0,8,456393
act_fn,1672,0,8,64608
down_proj,1672,0,8,482839
final_layernorm,1672,0,8,397732
lm_head,1672,0,8,1147429
embedding,1673,0,8,142453
input_layernorm,1673,0,8,396200
q_proj,1673,0,8,146542
k_proj,1673,0,8,18826
v_proj,1673,0,8,16711
rope,1673,0,8,126922
attn,1673,0,8,93053
o_proj,1673,0,8,172140
post_layernorm,1673,0,8,396585
gate_proj,1673,0,8,450892
up_proj,1673,0,8,455990
act_fn,1673,0,8,64542
down_proj,1673,0,8,491004
final_layernorm,1673,0,8,396827
lm_head,1673,0,8,1209108
embedding,1674,0,8,139998
input_layernorm,1674,0,8,393928
q_proj,1674,0,8,145824
k_proj,1674,0,8,18776
v_proj,1674,0,8,16438
rope,1674,0,8,125038
attn,1674,0,8,91935
o_proj,1674,0,8,172176
post_layernorm,1674,0,8,394197
gate_proj,1674,0,8,449107
up_proj,1674,0,8,454439
act_fn,1674,0,8,64600
down_proj,1674,0,8,484343
final_layernorm,1674,0,8,395400
lm_head,1674,0,8,1209037
embedding,1675,0,8,142527
input_layernorm,1675,0,8,397127
q_proj,1675,0,8,146706
k_proj,1675,0,8,19046
v_proj,1675,0,8,16734
rope,1675,0,8,127445
attn,1675,0,8,93192
o_proj,1675,0,8,161418
post_layernorm,1675,0,8,397498
gate_proj,1675,0,8,451694
up_proj,1675,0,8,455839
act_fn,1675,0,8,64735
down_proj,1675,0,8,502526
final_layernorm,1675,0,8,397635
lm_head,1675,0,8,1209086
embedding,1676,0,8,142237
input_layernorm,1676,0,8,396340
q_proj,1676,0,8,146246
k_proj,1676,0,8,18760
v_proj,1676,0,8,16583
rope,1676,0,8,126895
attn,1676,0,8,92422
o_proj,1676,0,8,160394
post_layernorm,1676,0,8,396790
gate_proj,1676,0,8,450075
up_proj,1676,0,8,456038
act_fn,1676,0,8,64800
down_proj,1676,0,8,480961
final_layernorm,1676,0,8,396980
lm_head,1676,0,8,1209328
embedding,1677,0,8,140828
input_layernorm,1677,0,8,394987
q_proj,1677,0,8,145950
k_proj,1677,0,8,18597
v_proj,1677,0,8,16395
rope,1677,0,8,125030
attn,1677,0,8,91625
o_proj,1677,0,8,160812
post_layernorm,1677,0,8,395335
gate_proj,1677,0,8,449449
up_proj,1677,0,8,454597
act_fn,1677,0,8,64887
down_proj,1677,0,8,481423
final_layernorm,1677,0,8,396232
lm_head,1677,0,8,1206181
embedding,1678,0,8,143370
input_layernorm,1678,0,8,397347
q_proj,1678,0,8,146730
k_proj,1678,0,8,19056
v_proj,1678,0,8,16796
rope,1678,0,8,127360
attn,1678,0,8,93360
o_proj,1678,0,8,160976
post_layernorm,1678,0,8,398077
gate_proj,1678,0,8,451711
up_proj,1678,0,8,456697
act_fn,1678,0,8,65140
down_proj,1678,0,8,500435
final_layernorm,1678,0,8,398208
lm_head,1678,0,8,1209750
embedding,1679,0,8,145533
input_layernorm,1679,0,8,398078
q_proj,1679,0,8,146932
k_proj,1679,0,8,19001
v_proj,1679,0,8,16776
rope,1679,0,8,127797
attn,1679,0,8,93541
o_proj,1679,0,8,161076
post_layernorm,1679,0,8,398688
gate_proj,1679,0,8,452198
up_proj,1679,0,8,456733
act_fn,1679,0,8,65142
down_proj,1679,0,8,482632
final_layernorm,1679,0,8,399045
lm_head,1679,0,8,1209514
embedding,1680,0,8,140982
input_layernorm,1680,0,8,394343
q_proj,1680,0,8,149376
k_proj,1680,0,8,20917
v_proj,1680,0,8,18305
rope,1680,0,8,125065
attn,1680,0,8,91807
o_proj,1680,0,8,159710
post_layernorm,1680,0,8,394925
gate_proj,1680,0,8,449079
up_proj,1680,0,8,454250
act_fn,1680,0,8,65187
down_proj,1680,0,8,493567
final_layernorm,1680,0,8,394965
lm_head,1680,0,8,1205693
embedding,1681,0,8,142028
input_layernorm,1681,0,8,396615
q_proj,1681,0,8,146472
k_proj,1681,0,8,20175
v_proj,1681,0,8,17647
rope,1681,0,8,126263
attn,1681,0,8,92354
o_proj,1681,0,8,160644
post_layernorm,1681,0,8,397192
gate_proj,1681,0,8,461922
up_proj,1681,0,8,466728
act_fn,1681,0,8,65193
down_proj,1681,0,8,481968
final_layernorm,1681,0,8,397908
lm_head,1681,0,8,1208625
embedding,1682,0,8,144897
input_layernorm,1682,0,8,399595
q_proj,1682,0,8,147034
k_proj,1682,0,8,20505
v_proj,1682,0,8,17834
rope,1682,0,8,127897
attn,1682,0,8,93868
o_proj,1682,0,8,161468
post_layernorm,1682,0,8,399470
gate_proj,1682,0,8,463673
up_proj,1682,0,8,467959
act_fn,1682,0,8,65322
down_proj,1682,0,8,486246
final_layernorm,1682,0,8,399832
lm_head,1682,0,8,1209465
embedding,1683,0,8,146577
input_layernorm,1683,0,8,399428
q_proj,1683,0,8,147218
k_proj,1683,0,8,20488
v_proj,1683,0,8,17934
rope,1683,0,8,128365
attn,1683,0,8,93996
o_proj,1683,0,8,172840
post_layernorm,1683,0,8,399697
gate_proj,1683,0,8,464442
up_proj,1683,0,8,467896
act_fn,1683,0,8,65053
down_proj,1683,0,8,488900
final_layernorm,1683,0,8,400185
lm_head,1683,0,8,1209917
embedding,1684,0,8,144988
input_layernorm,1684,0,8,399423
q_proj,1684,0,8,146736
k_proj,1684,0,8,20457
v_proj,1684,0,8,17799
rope,1684,0,8,128227
attn,1684,0,8,93602
o_proj,1684,0,8,173010
post_layernorm,1684,0,8,399950
gate_proj,1684,0,8,462989
up_proj,1684,0,8,467818
act_fn,1684,0,8,65243
down_proj,1684,0,8,496730
final_layernorm,1684,0,8,399585
lm_head,1684,0,8,1208974
embedding,1685,0,8,141702
input_layernorm,1685,0,8,396607
q_proj,1685,0,8,146148
k_proj,1685,0,8,20030
v_proj,1685,0,8,17463
rope,1685,0,8,125918
attn,1685,0,8,92228
o_proj,1685,0,8,159920
post_layernorm,1685,0,8,397212
gate_proj,1685,0,8,461043
up_proj,1685,0,8,467699
act_fn,1685,0,8,65280
down_proj,1685,0,8,480642
final_layernorm,1685,0,8,398268
lm_head,1685,0,8,1209993
embedding,1686,0,8,144170
input_layernorm,1686,0,8,399878
q_proj,1686,0,8,147266
k_proj,1686,0,8,20497
v_proj,1686,0,8,17914
rope,1686,0,8,128515
attn,1686,0,8,93744
o_proj,1686,0,8,161700
post_layernorm,1686,0,8,400322
gate_proj,1686,0,8,464603
up_proj,1686,0,8,467742
act_fn,1686,0,8,65658
down_proj,1686,0,8,482527
final_layernorm,1686,0,8,400833
lm_head,1686,0,8,1209824
embedding,1687,0,8,142330
input_layernorm,1687,0,8,398492
q_proj,1687,0,8,146496
k_proj,1687,0,8,20127
v_proj,1687,0,8,17542
rope,1687,0,8,126667
attn,1687,0,8,92756
o_proj,1687,0,8,161508
post_layernorm,1687,0,8,398992
gate_proj,1687,0,8,461584
up_proj,1687,0,8,468256
act_fn,1687,0,8,65348
down_proj,1687,0,8,494945
final_layernorm,1687,0,8,398533
lm_head,1687,0,8,1209359
embedding,1688,0,8,144708
input_layernorm,1688,0,8,399708
q_proj,1688,0,8,147222
k_proj,1688,0,8,20656
v_proj,1688,0,8,17958
rope,1688,0,8,128860
attn,1688,0,8,93900
o_proj,1688,0,8,161304
post_layernorm,1688,0,8,400398
gate_proj,1688,0,8,464468
up_proj,1688,0,8,468305
act_fn,1688,0,8,65480
down_proj,1688,0,8,483457
final_layernorm,1688,0,8,400827
lm_head,1688,0,8,1211486
embedding,1689,0,8,141795
input_layernorm,1689,0,8,397952
q_proj,1689,0,8,146494
k_proj,1689,0,8,20167
v_proj,1689,0,8,17602
rope,1689,0,8,126198
attn,1689,0,8,92402
o_proj,1689,0,8,170196
post_layernorm,1689,0,8,398143
gate_proj,1689,0,8,462087
up_proj,1689,0,8,467207
act_fn,1689,0,8,65335
down_proj,1689,0,8,496938
final_layernorm,1689,0,8,398762
lm_head,1689,0,8,1209007
embedding,1690,0,8,142860
input_layernorm,1690,0,8,398935
q_proj,1690,0,8,146586
k_proj,1690,0,8,20152
v_proj,1690,0,8,17507
rope,1690,0,8,126550
attn,1690,0,8,92703
o_proj,1690,0,8,170376
post_layernorm,1690,0,8,399715
gate_proj,1690,0,8,461847
up_proj,1690,0,8,468145
act_fn,1690,0,8,65727
down_proj,1690,0,8,481678
final_layernorm,1690,0,8,399897
lm_head,1690,0,8,1209136
embedding,1691,0,8,145088
input_layernorm,1691,0,8,400670
q_proj,1691,0,8,147538
k_proj,1691,0,8,20535
v_proj,1691,0,8,17973
rope,1691,0,8,128590
attn,1691,0,8,94034
o_proj,1691,0,8,162658
post_layernorm,1691,0,8,402167
gate_proj,1691,0,8,465237
up_proj,1691,0,8,468124
act_fn,1691,0,8,65280
down_proj,1691,0,8,483899
final_layernorm,1691,0,8,401975
lm_head,1691,0,8,1211381
embedding,1692,0,8,145182
input_layernorm,1692,0,8,399750
q_proj,1692,0,8,146918
k_proj,1692,0,8,20408
v_proj,1692,0,8,17789
rope,1692,0,8,127893
attn,1692,0,8,93359
o_proj,1692,0,8,162024
post_layernorm,1692,0,8,401240
gate_proj,1692,0,8,462984
up_proj,1692,0,8,468349
act_fn,1692,0,8,65508
down_proj,1692,0,8,493376
final_layernorm,1692,0,8,400960
lm_head,1692,0,8,1209893
embedding,1693,0,8,144800
input_layernorm,1693,0,8,401227
q_proj,1693,0,8,147318
k_proj,1693,0,8,20377
v_proj,1693,0,8,17843
rope,1693,0,8,128383
attn,1693,0,8,94162
o_proj,1693,0,8,162062
post_layernorm,1693,0,8,402185
gate_proj,1693,0,8,464770
up_proj,1693,0,8,468929
act_fn,1693,0,8,65658
down_proj,1693,0,8,488871
final_layernorm,1693,0,8,402557
lm_head,1693,0,8,1211149
embedding,1694,0,8,147012
input_layernorm,1694,0,8,401347
q_proj,1694,0,8,147718
k_proj,1694,0,8,20548
v_proj,1694,0,8,18047
rope,1694,0,8,128997
attn,1694,0,8,93916
o_proj,1694,0,8,161942
post_layernorm,1694,0,8,402670
gate_proj,1694,0,8,465307
up_proj,1694,0,8,468579
act_fn,1694,0,8,65545
down_proj,1694,0,8,485266
final_layernorm,1694,0,8,402962
lm_head,1694,0,8,1210859
embedding,1695,0,8,143830
input_layernorm,1695,0,8,399830
q_proj,1695,0,8,146662
k_proj,1695,0,8,20250
v_proj,1695,0,8,17657
rope,1695,0,8,126942
attn,1695,0,8,92602
o_proj,1695,0,8,162132
post_layernorm,1695,0,8,401130
gate_proj,1695,0,8,462469
up_proj,1695,0,8,468399
act_fn,1695,0,8,65577
down_proj,1695,0,8,481958
final_layernorm,1695,0,8,401183
lm_head,1695,0,8,1210115
embedding,1696,0,8,147212
input_layernorm,1696,0,8,401880
q_proj,1696,0,8,151088
k_proj,1696,0,8,20209
v_proj,1696,0,8,17542
rope,1696,0,8,128982
attn,1696,0,8,93796
o_proj,1696,0,8,162232
post_layernorm,1696,0,8,402322
gate_proj,1696,0,8,480573
up_proj,1696,0,8,485169
act_fn,1696,0,8,65693
down_proj,1696,0,8,490759
final_layernorm,1696,0,8,402567
lm_head,1696,0,8,1211977
embedding,1697,0,8,145940
input_layernorm,1697,0,8,402020
q_proj,1697,0,8,147374
k_proj,1697,0,8,20460
v_proj,1697,0,8,17874
rope,1697,0,8,128573
attn,1697,0,8,93831
o_proj,1697,0,8,162624
post_layernorm,1697,0,8,403127
gate_proj,1697,0,8,464486
up_proj,1697,0,8,468598
act_fn,1697,0,8,65842
down_proj,1697,0,8,482307
final_layernorm,1697,0,8,403497
lm_head,1697,0,8,1210986
embedding,1698,0,8,144343
input_layernorm,1698,0,8,400372
q_proj,1698,0,8,146828
k_proj,1698,0,8,20224
v_proj,1698,0,8,17609
rope,1698,0,8,126815
attn,1698,0,8,92572
o_proj,1698,0,8,162674
post_layernorm,1698,0,8,400888
gate_proj,1698,0,8,462193
up_proj,1698,0,8,468184
act_fn,1698,0,8,65942
down_proj,1698,0,8,493010
final_layernorm,1698,0,8,401517
lm_head,1698,0,8,1209626
embedding,1699,0,8,143355
input_layernorm,1699,0,8,399472
q_proj,1699,0,8,146574
k_proj,1699,0,8,20089
v_proj,1699,0,8,17473
rope,1699,0,8,126070
attn,1699,0,8,92387
o_proj,1699,0,8,168606
post_layernorm,1699,0,8,400385
gate_proj,1699,0,8,461920
up_proj,1699,0,8,467580
act_fn,1699,0,8,65775
down_proj,1699,0,8,482907
final_layernorm,1699,0,8,401045
lm_head,1699,0,8,1209536
embedding,1700,0,8,145805
input_layernorm,1700,0,8,402183
q_proj,1700,0,8,147446
k_proj,1700,0,8,20516
v_proj,1700,0,8,17896
rope,1700,0,8,128413
attn,1700,0,8,93644
o_proj,1700,0,8,170596
post_layernorm,1700,0,8,402932
gate_proj,1700,0,8,464522
up_proj,1700,0,8,468964
act_fn,1700,0,8,65793
down_proj,1700,0,8,482610
final_layernorm,1700,0,8,403213
lm_head,1700,0,8,1210529
embedding,1701,0,8,146300
input_layernorm,1701,0,8,403295
q_proj,1701,0,8,147678
k_proj,1701,0,8,20506
v_proj,1701,0,8,17963
rope,1701,0,8,128638
attn,1701,0,8,94015
o_proj,1701,0,8,162520
post_layernorm,1701,0,8,403510
gate_proj,1701,0,8,465075
up_proj,1701,0,8,469144
act_fn,1701,0,8,65902
down_proj,1701,0,8,499480
final_layernorm,1701,0,8,403793
lm_head,1701,0,8,1211733
embedding,1702,0,8,148040
input_layernorm,1702,0,8,403645
q_proj,1702,0,8,147804
k_proj,1702,0,8,20580
v_proj,1702,0,8,17973
rope,1702,0,8,129232
attn,1702,0,8,94292
o_proj,1702,0,8,162898
post_layernorm,1702,0,8,404523
gate_proj,1702,0,8,465796
up_proj,1702,0,8,469328
act_fn,1702,0,8,66082
down_proj,1702,0,8,486319
final_layernorm,1702,0,8,404623
lm_head,1702,0,8,1211450
embedding,1703,0,8,143692
input_layernorm,1703,0,8,401047
q_proj,1703,0,8,146728
k_proj,1703,0,8,20169
v_proj,1703,0,8,17553
rope,1703,0,8,126507
attn,1703,0,8,92619
o_proj,1703,0,8,162502
post_layernorm,1703,0,8,401710
gate_proj,1703,0,8,462063
up_proj,1703,0,8,468563
act_fn,1703,0,8,66023
down_proj,1703,0,8,483331
final_layernorm,1703,0,8,402470
lm_head,1703,0,8,1209537
embedding,1704,0,8,146825
input_layernorm,1704,0,8,403775
q_proj,1704,0,8,147726
k_proj,1704,0,8,20576
v_proj,1704,0,8,18006
rope,1704,0,8,129218
attn,1704,0,8,93959
o_proj,1704,0,8,162718
post_layernorm,1704,0,8,404347
gate_proj,1704,0,8,465337
up_proj,1704,0,8,468921
act_fn,1704,0,8,65813
down_proj,1704,0,8,490115
final_layernorm,1704,0,8,404052
lm_head,1704,0,8,1211074
embedding,1705,0,8,146267
input_layernorm,1705,0,8,403322
q_proj,1705,0,8,147390
k_proj,1705,0,8,20398
v_proj,1705,0,8,17834
rope,1705,0,8,128338
attn,1705,0,8,93763
o_proj,1705,0,8,169250
post_layernorm,1705,0,8,403870
gate_proj,1705,0,8,464503
up_proj,1705,0,8,469038
act_fn,1705,0,8,66050
down_proj,1705,0,8,483810
final_layernorm,1705,0,8,404840
lm_head,1705,0,8,1211476
embedding,1706,0,8,144315
input_layernorm,1706,0,8,401653
q_proj,1706,0,8,146744
k_proj,1706,0,8,20125
v_proj,1706,0,8,17570
rope,1706,0,8,126593
attn,1706,0,8,93064
o_proj,1706,0,8,168362
post_layernorm,1706,0,8,402732
gate_proj,1706,0,8,462475
up_proj,1706,0,8,468893
act_fn,1706,0,8,66108
down_proj,1706,0,8,492126
final_layernorm,1706,0,8,403117
lm_head,1706,0,8,1209454
embedding,1707,0,8,143717
input_layernorm,1707,0,8,401787
q_proj,1707,0,8,146840
k_proj,1707,0,8,20250
v_proj,1707,0,8,17559
rope,1707,0,8,125633
attn,1707,0,8,92518
o_proj,1707,0,8,161812
post_layernorm,1707,0,8,402682
gate_proj,1707,0,8,462921
up_proj,1707,0,8,468295
act_fn,1707,0,8,66138
down_proj,1707,0,8,483942
final_layernorm,1707,0,8,402728
lm_head,1707,0,8,1209118
embedding,1708,0,8,146303
input_layernorm,1708,0,8,403855
q_proj,1708,0,8,147266
k_proj,1708,0,8,20234
v_proj,1708,0,8,17854
rope,1708,0,8,127475
attn,1708,0,8,93321
o_proj,1708,0,8,163310
post_layernorm,1708,0,8,404657
gate_proj,1708,0,8,463931
up_proj,1708,0,8,469320
act_fn,1708,0,8,66098
down_proj,1708,0,8,483006
final_layernorm,1708,0,8,404858
lm_head,1708,0,8,1210681
embedding,1709,0,8,143243
input_layernorm,1709,0,8,401852
q_proj,1709,0,8,146674
k_proj,1709,0,8,20067
v_proj,1709,0,8,17505
rope,1709,0,8,125427
attn,1709,0,8,92472
o_proj,1709,0,8,163988
post_layernorm,1709,0,8,402940
gate_proj,1709,0,8,461751
up_proj,1709,0,8,468921
act_fn,1709,0,8,66332
down_proj,1709,0,8,492537
final_layernorm,1709,0,8,403032
lm_head,1709,0,8,1210819
embedding,1710,0,8,146790
input_layernorm,1710,0,8,405087
q_proj,1710,0,8,147570
k_proj,1710,0,8,20538
v_proj,1710,0,8,17865
rope,1710,0,8,127597
attn,1710,0,8,93481
o_proj,1710,0,8,163316
post_layernorm,1710,0,8,405370
gate_proj,1710,0,8,464113
up_proj,1710,0,8,469868
act_fn,1710,0,8,66292
down_proj,1710,0,8,484932
final_layernorm,1710,0,8,406077
lm_head,1710,0,8,1211846
embedding,1711,0,8,144408
input_layernorm,1711,0,8,402917
q_proj,1711,0,8,147032
k_proj,1711,0,8,20245
v_proj,1711,0,8,17598
rope,1711,0,8,125815
attn,1711,0,8,92462
o_proj,1711,0,8,162758
post_layernorm,1711,0,8,403463
gate_proj,1711,0,8,462653
up_proj,1711,0,8,468826
act_fn,1711,0,8,66340
down_proj,1711,0,8,489773
final_layernorm,1711,0,8,403967
lm_head,1711,0,8,1210479
embedding,1712,0,8,145175
input_layernorm,1712,0,8,401782
q_proj,1712,0,8,149528
k_proj,1712,0,8,19932
v_proj,1712,0,8,16996
rope,1712,0,8,125478
attn,1712,0,8,92053
o_proj,1712,0,8,163630
post_layernorm,1712,0,8,402577
gate_proj,1712,0,8,477310
up_proj,1712,0,8,484348
act_fn,1712,0,8,66123
down_proj,1712,0,8,483600
final_layernorm,1712,0,8,402987
lm_head,1712,0,8,1208772
embedding,1713,0,8,147202
input_layernorm,1713,0,8,405507
q_proj,1713,0,8,147630
k_proj,1713,0,8,20501
v_proj,1713,0,8,17803
rope,1713,0,8,127917
attn,1713,0,8,93529
o_proj,1713,0,8,163446
post_layernorm,1713,0,8,406637
gate_proj,1713,0,8,464876
up_proj,1713,0,8,469870
act_fn,1713,0,8,66365
down_proj,1713,0,8,485790
final_layernorm,1713,0,8,406543
lm_head,1713,0,8,1212749
embedding,1714,0,8,145312
input_layernorm,1714,0,8,403620
q_proj,1714,0,8,146914
k_proj,1714,0,8,20229
v_proj,1714,0,8,17539
rope,1714,0,8,126068
attn,1714,0,8,92894
o_proj,1714,0,8,162220
post_layernorm,1714,0,8,404510
gate_proj,1714,0,8,462588
up_proj,1714,0,8,469007
act_fn,1714,0,8,66397
down_proj,1714,0,8,485054
final_layernorm,1714,0,8,404593
lm_head,1714,0,8,1210183
embedding,1715,0,8,144493
input_layernorm,1715,0,8,403495
q_proj,1715,0,8,147006
k_proj,1715,0,8,20177
v_proj,1715,0,8,17610
rope,1715,0,8,126203
attn,1715,0,8,92638
o_proj,1715,0,8,167088
post_layernorm,1715,0,8,404235
gate_proj,1715,0,8,463064
up_proj,1715,0,8,468769
act_fn,1715,0,8,66655
down_proj,1715,0,8,486735
final_layernorm,1715,0,8,404870
lm_head,1715,0,8,1209993
embedding,1716,0,8,147978
input_layernorm,1716,0,8,405402
q_proj,1716,0,8,147680
k_proj,1716,0,8,20503
v_proj,1716,0,8,17931
rope,1716,0,8,128085
attn,1716,0,8,93635
o_proj,1716,0,8,167760
post_layernorm,1716,0,8,406718
gate_proj,1716,0,8,464639
up_proj,1716,0,8,470093
act_fn,1716,0,8,66170
down_proj,1716,0,8,483017
final_layernorm,1716,0,8,407537
lm_head,1716,0,8,1211387
embedding,1717,0,8,147632
input_layernorm,1717,0,8,406920
q_proj,1717,0,8,147834
k_proj,1717,0,8,20493
v_proj,1717,0,8,17882
rope,1717,0,8,128395
attn,1717,0,8,93728
o_proj,1717,0,8,163530
post_layernorm,1717,0,8,407382
gate_proj,1717,0,8,465413
up_proj,1717,0,8,470225
act_fn,1717,0,8,66592
down_proj,1717,0,8,484623
final_layernorm,1717,0,8,407850
lm_head,1717,0,8,1212689
embedding,1718,0,8,149528
input_layernorm,1718,0,8,406918
q_proj,1718,0,8,148298
k_proj,1718,0,8,20594
v_proj,1718,0,8,18013
rope,1718,0,8,128900
attn,1718,0,8,94135
o_proj,1718,0,8,164688
post_layernorm,1718,0,8,407862
gate_proj,1718,0,8,466537
up_proj,1718,0,8,470019
act_fn,1718,0,8,66725
down_proj,1718,0,8,489275
final_layernorm,1718,0,8,408188
lm_head,1718,0,8,1213093
embedding,1719,0,8,145657
input_layernorm,1719,0,8,404967
q_proj,1719,0,8,147248
k_proj,1719,0,8,20309
v_proj,1719,0,8,17666
rope,1719,0,8,127015
attn,1719,0,8,92610
o_proj,1719,0,8,163620
post_layernorm,1719,0,8,406018
gate_proj,1719,0,8,463077
up_proj,1719,0,8,470074
act_fn,1719,0,8,66780
down_proj,1719,0,8,483121
final_layernorm,1719,0,8,406410
lm_head,1719,0,8,1211007
embedding,1720,0,8,146167
input_layernorm,1720,0,8,403982
q_proj,1720,0,8,147158
k_proj,1720,0,8,20139
v_proj,1720,0,8,17731
rope,1720,0,8,126850
attn,1720,0,8,92831
o_proj,1720,0,8,164176
post_layernorm,1720,0,8,404638
gate_proj,1720,0,8,463151
up_proj,1720,0,8,469127
act_fn,1720,0,8,66833
down_proj,1720,0,8,485136
final_layernorm,1720,0,8,405828
lm_head,1720,0,8,1210375
embedding,1721,0,8,148332
input_layernorm,1721,0,8,408113
q_proj,1721,0,8,148182
k_proj,1721,0,8,20578
v_proj,1721,0,8,18082
rope,1721,0,8,128880
attn,1721,0,8,94166
o_proj,1721,0,8,166460
post_layernorm,1721,0,8,408617
gate_proj,1721,0,8,466251
up_proj,1721,0,8,470390
act_fn,1721,0,8,66740
down_proj,1721,0,8,484467
final_layernorm,1721,0,8,408790
lm_head,1721,0,8,1212736
embedding,1722,0,8,148232
input_layernorm,1722,0,8,406408
q_proj,1722,0,8,147636
k_proj,1722,0,8,20375
v_proj,1722,0,8,17783
rope,1722,0,8,127610
attn,1722,0,8,93108
o_proj,1722,0,8,165570
post_layernorm,1722,0,8,407602
gate_proj,1722,0,8,463716
up_proj,1722,0,8,470069
act_fn,1722,0,8,66703
down_proj,1722,0,8,486362
final_layernorm,1722,0,8,407437
lm_head,1722,0,8,1210658
embedding,1723,0,8,147285
input_layernorm,1723,0,8,408330
q_proj,1723,0,8,148078
k_proj,1723,0,8,20624
v_proj,1723,0,8,18013
rope,1723,0,8,129218
attn,1723,0,8,94449
o_proj,1723,0,8,164118
post_layernorm,1723,0,8,409072
gate_proj,1723,0,8,466358
up_proj,1723,0,8,470082
act_fn,1723,0,8,66737
down_proj,1723,0,8,485881
final_layernorm,1723,0,8,409078
lm_head,1723,0,8,1212402
embedding,1724,0,8,148567
input_layernorm,1724,0,8,407895
q_proj,1724,0,8,148020
k_proj,1724,0,8,20540
v_proj,1724,0,8,17937
rope,1724,0,8,129162
attn,1724,0,8,93936
o_proj,1724,0,8,164564
post_layernorm,1724,0,8,408940
gate_proj,1724,0,8,465484
up_proj,1724,0,8,470394
act_fn,1724,0,8,66788
down_proj,1724,0,8,484943
final_layernorm,1724,0,8,409380
lm_head,1724,0,8,1212665
embedding,1725,0,8,145618
input_layernorm,1725,0,8,406878
q_proj,1725,0,8,147490
k_proj,1725,0,8,20303
v_proj,1725,0,8,17827
rope,1725,0,8,127323
attn,1725,0,8,92871
o_proj,1725,0,8,164326
post_layernorm,1725,0,8,407095
gate_proj,1725,0,8,463966
up_proj,1725,0,8,470370
act_fn,1725,0,8,67093
down_proj,1725,0,8,483814
final_layernorm,1725,0,8,407948
lm_head,1725,0,8,1211401
embedding,1726,0,8,146568
input_layernorm,1726,0,8,406098
q_proj,1726,0,8,147420
k_proj,1726,0,8,20220
v_proj,1726,0,8,17721
rope,1726,0,8,126933
attn,1726,0,8,92899
o_proj,1726,0,8,164206
post_layernorm,1726,0,8,406882
gate_proj,1726,0,8,463909
up_proj,1726,0,8,469140
act_fn,1726,0,8,66828
down_proj,1726,0,8,485446
final_layernorm,1726,0,8,407452
lm_head,1726,0,8,1210686
embedding,1727,0,8,147400
input_layernorm,1727,0,8,408035
q_proj,1727,0,8,147678
k_proj,1727,0,8,20390
v_proj,1727,0,8,17885
rope,1727,0,8,127992
attn,1727,0,8,93461
o_proj,1727,0,8,163906
post_layernorm,1727,0,8,408438
gate_proj,1727,0,8,464618
up_proj,1727,0,8,470544
act_fn,1727,0,8,66977
down_proj,1727,0,8,483069
final_layernorm,1727,0,8,409052
lm_head,1727,0,8,1212327
embedding,1728,0,8,148490
input_layernorm,1728,0,8,406417
q_proj,1728,0,8,165582
k_proj,1728,0,8,20190
v_proj,1728,0,8,17381
rope,1728,0,8,127555
attn,1728,0,8,92924
o_proj,1728,0,8,164672
post_layernorm,1728,0,8,407300
gate_proj,1728,0,8,478970
up_proj,1728,0,8,485871
act_fn,1728,0,8,66977
down_proj,1728,0,8,484098
final_layernorm,1728,0,8,408172
lm_head,1728,0,8,1211913
embedding,1729,0,8,149633
input_layernorm,1729,0,8,409577
q_proj,1729,0,8,151832
k_proj,1729,0,8,21403
v_proj,1729,0,8,18785
rope,1729,0,8,129172
attn,1729,0,8,95485
o_proj,1729,0,8,166080
post_layernorm,1729,0,8,410223
gate_proj,1729,0,8,466375
up_proj,1729,0,8,471176
act_fn,1729,0,8,67070
down_proj,1729,0,8,496208
final_layernorm,1729,0,8,410528
lm_head,1729,0,8,1181918
embedding,1730,0,8,148303
input_layernorm,1730,0,8,409473
q_proj,1730,0,8,151520
k_proj,1730,0,8,21357
v_proj,1730,0,8,18614
rope,1730,0,8,128683
attn,1730,0,8,95582
o_proj,1730,0,8,165074
post_layernorm,1730,0,8,410012
gate_proj,1730,0,8,465528
up_proj,1730,0,8,470951
act_fn,1730,0,8,66973
down_proj,1730,0,8,495437
final_layernorm,1730,0,8,410025
lm_head,1730,0,8,1181041
embedding,1731,0,8,146488
input_layernorm,1731,0,8,407557
q_proj,1731,0,8,150846
k_proj,1731,0,8,20976
v_proj,1731,0,8,18391
rope,1731,0,8,126947
attn,1731,0,8,94857
o_proj,1731,0,8,163254
post_layernorm,1731,0,8,408285
gate_proj,1731,0,8,463487
up_proj,1731,0,8,469714
act_fn,1731,0,8,66882
down_proj,1731,0,8,494895
final_layernorm,1731,0,8,408725
lm_head,1731,0,8,1179836
embedding,1732,0,8,147303
input_layernorm,1732,0,8,407560
q_proj,1732,0,8,150804
k_proj,1732,0,8,21066
v_proj,1732,0,8,18394
rope,1732,0,8,126983
attn,1732,0,8,94068
o_proj,1732,0,8,163002
post_layernorm,1732,0,8,407868
gate_proj,1732,0,8,463324
up_proj,1732,0,8,468752
act_fn,1732,0,8,67130
down_proj,1732,0,8,495131
final_layernorm,1732,0,8,408258
lm_head,1732,0,8,1178674
embedding,1733,0,8,148740
input_layernorm,1733,0,8,409265
q_proj,1733,0,8,151446
k_proj,1733,0,8,21276
v_proj,1733,0,8,18631
rope,1733,0,8,128332
attn,1733,0,8,95120
o_proj,1733,0,8,165038
post_layernorm,1733,0,8,410003
gate_proj,1733,0,8,465186
up_proj,1733,0,8,470971
act_fn,1733,0,8,67190
down_proj,1733,0,8,494949
final_layernorm,1733,0,8,409838
lm_head,1733,0,8,1181551
embedding,1734,0,8,147575
input_layernorm,1734,0,8,408280
q_proj,1734,0,8,151088
k_proj,1734,0,8,21112
v_proj,1734,0,8,18450
rope,1734,0,8,127340
attn,1734,0,8,94982
o_proj,1734,0,8,163674
post_layernorm,1734,0,8,408627
gate_proj,1734,0,8,464436
up_proj,1734,0,8,469532
act_fn,1734,0,8,67222
down_proj,1734,0,8,495586
final_layernorm,1734,0,8,409443
lm_head,1734,0,8,1179961
embedding,1735,0,8,150077
input_layernorm,1735,0,8,410615
q_proj,1735,0,8,152086
k_proj,1735,0,8,21514
v_proj,1735,0,8,18809
rope,1735,0,8,129785
attn,1735,0,8,95927
o_proj,1735,0,8,166542
post_layernorm,1735,0,8,411682
gate_proj,1735,0,8,467305
up_proj,1735,0,8,471304
act_fn,1735,0,8,67232
down_proj,1735,0,8,496667
final_layernorm,1735,0,8,411695
lm_head,1735,0,8,1183707
embedding,1736,0,8,148732
input_layernorm,1736,0,8,409503
q_proj,1736,0,8,151454
k_proj,1736,0,8,21216
v_proj,1736,0,8,18500
rope,1736,0,8,128633
attn,1736,0,8,94384
o_proj,1736,0,8,164300
post_layernorm,1736,0,8,410120
gate_proj,1736,0,8,464642
up_proj,1736,0,8,471038
act_fn,1736,0,8,67550
down_proj,1736,0,8,494669
final_layernorm,1736,0,8,409973
lm_head,1736,0,8,1182246
embedding,1737,0,8,146600
input_layernorm,1737,0,8,407943
q_proj,1737,0,8,151054
k_proj,1737,0,8,20993
v_proj,1737,0,8,18373
rope,1737,0,8,127030
attn,1737,0,8,94016
o_proj,1737,0,8,163590
post_layernorm,1737,0,8,409155
gate_proj,1737,0,8,479193
up_proj,1737,0,8,485245
act_fn,1737,0,8,67348
down_proj,1737,0,8,495868
final_layernorm,1737,0,8,409338
lm_head,1737,0,8,1181620
embedding,1738,0,8,150278
input_layernorm,1738,0,8,410908
q_proj,1738,0,8,151794
k_proj,1738,0,8,21304
v_proj,1738,0,8,18712
rope,1738,0,8,128957
attn,1738,0,8,95509
o_proj,1738,0,8,165360
post_layernorm,1738,0,8,411717
gate_proj,1738,0,8,480512
up_proj,1738,0,8,486995
act_fn,1738,0,8,67680
down_proj,1738,0,8,495387
final_layernorm,1738,0,8,411865
lm_head,1738,0,8,1183016
embedding,1739,0,8,147877
input_layernorm,1739,0,8,408965
q_proj,1739,0,8,151130
k_proj,1739,0,8,21073
v_proj,1739,0,8,18371
rope,1739,0,8,127787
attn,1739,0,8,94567
o_proj,1739,0,8,163738
post_layernorm,1739,0,8,409810
gate_proj,1739,0,8,479033
up_proj,1739,0,8,485440
act_fn,1739,0,8,67543
down_proj,1739,0,8,495228
final_layernorm,1739,0,8,410128
lm_head,1739,0,8,1181382
embedding,1740,0,8,147272
input_layernorm,1740,0,8,408055
q_proj,1740,0,8,150948
k_proj,1740,0,8,20943
v_proj,1740,0,8,18346
rope,1740,0,8,127175
attn,1740,0,8,94277
o_proj,1740,0,8,163102
post_layernorm,1740,0,8,409153
gate_proj,1740,0,8,478775
up_proj,1740,0,8,484889
act_fn,1740,0,8,67723
down_proj,1740,0,8,495779
final_layernorm,1740,0,8,409745
lm_head,1740,0,8,1179736
embedding,1741,0,8,149023
input_layernorm,1741,0,8,411255
q_proj,1741,0,8,151722
k_proj,1741,0,8,21280
v_proj,1741,0,8,18634
rope,1741,0,8,128753
attn,1741,0,8,94745
o_proj,1741,0,8,164992
post_layernorm,1741,0,8,411910
gate_proj,1741,0,8,480562
up_proj,1741,0,8,487051
act_fn,1741,0,8,67638
down_proj,1741,0,8,495462
final_layernorm,1741,0,8,412045
lm_head,1741,0,8,1183924
embedding,1742,0,8,148020
input_layernorm,1742,0,8,409945
q_proj,1742,0,8,151388
k_proj,1742,0,8,21276
v_proj,1742,0,8,18374
rope,1742,0,8,127627
attn,1742,0,8,94719
o_proj,1742,0,8,163754
post_layernorm,1742,0,8,410737
gate_proj,1742,0,8,479672
up_proj,1742,0,8,485485
act_fn,1742,0,8,67503
down_proj,1742,0,8,495865
final_layernorm,1742,0,8,411417
lm_head,1742,0,8,1181223
embedding,1743,0,8,150585
input_layernorm,1743,0,8,412088
q_proj,1743,0,8,152030
k_proj,1743,0,8,21488
v_proj,1743,0,8,18711
rope,1743,0,8,129392
attn,1743,0,8,95359
o_proj,1743,0,8,165956
post_layernorm,1743,0,8,412735
gate_proj,1743,0,8,481576
up_proj,1743,0,8,486796
act_fn,1743,0,8,67422
down_proj,1743,0,8,496281
final_layernorm,1743,0,8,413080
lm_head,1743,0,8,1183107
embedding,1744,0,8,150703
input_layernorm,1744,0,8,410967
q_proj,1744,0,8,151720
k_proj,1744,0,8,21220
v_proj,1744,0,8,18519
rope,1744,0,8,129178
attn,1744,0,8,94355
o_proj,1744,0,8,175188
post_layernorm,1744,0,8,411765
gate_proj,1744,0,8,480200
up_proj,1744,0,8,486902
act_fn,1744,0,8,67675
down_proj,1744,0,8,496089
final_layernorm,1744,0,8,412055
lm_head,1744,0,8,1182482
embedding,1745,0,8,148850
input_layernorm,1745,0,8,410855
q_proj,1745,0,8,151280
k_proj,1745,0,8,21138
v_proj,1745,0,8,18376
rope,1745,0,8,127510
attn,1745,0,8,94237
o_proj,1745,0,8,163880
post_layernorm,1745,0,8,411365
gate_proj,1745,0,8,479434
up_proj,1745,0,8,486174
act_fn,1745,0,8,68062
down_proj,1745,0,8,496102
final_layernorm,1745,0,8,411797
lm_head,1745,0,8,1182987
embedding,1746,0,8,151048
input_layernorm,1746,0,8,413603
q_proj,1746,0,8,152216
k_proj,1746,0,8,21501
v_proj,1746,0,8,18814
rope,1746,0,8,130483
attn,1746,0,8,96070
o_proj,1746,0,8,166412
post_layernorm,1746,0,8,414245
gate_proj,1746,0,8,482350
up_proj,1746,0,8,487524
act_fn,1746,0,8,67575
down_proj,1746,0,8,497148
final_layernorm,1746,0,8,414075
lm_head,1746,0,8,1185272
embedding,1747,0,8,150330
input_layernorm,1747,0,8,413395
q_proj,1747,0,8,152064
k_proj,1747,0,8,21434
v_proj,1747,0,8,18771
rope,1747,0,8,129873
attn,1747,0,8,95682
o_proj,1747,0,8,165976
post_layernorm,1747,0,8,413708
gate_proj,1747,0,8,481875
up_proj,1747,0,8,487723
act_fn,1747,0,8,67727
down_proj,1747,0,8,496866
final_layernorm,1747,0,8,413868
lm_head,1747,0,8,1184569
embedding,1748,0,8,149763
input_layernorm,1748,0,8,411860
q_proj,1748,0,8,151428
k_proj,1748,0,8,21255
v_proj,1748,0,8,18501
rope,1748,0,8,128705
attn,1748,0,8,94786
o_proj,1748,0,8,164278
post_layernorm,1748,0,8,412550
gate_proj,1748,0,8,480207
up_proj,1748,0,8,486297
act_fn,1748,0,8,67877
down_proj,1748,0,8,495909
final_layernorm,1748,0,8,412765
lm_head,1748,0,8,1183707
embedding,1749,0,8,152498
input_layernorm,1749,0,8,414067
q_proj,1749,0,8,152642
k_proj,1749,0,8,21599
v_proj,1749,0,8,18822
rope,1749,0,8,130378
attn,1749,0,8,96431
o_proj,1749,0,8,166916
post_layernorm,1749,0,8,414788
gate_proj,1749,0,8,483050
up_proj,1749,0,8,487671
act_fn,1749,0,8,67690
down_proj,1749,0,8,497818
final_layernorm,1749,0,8,415113
lm_head,1749,0,8,1185302
embedding,1750,0,8,149940
input_layernorm,1750,0,8,412405
q_proj,1750,0,8,151764
k_proj,1750,0,8,21260
v_proj,1750,0,8,18567
rope,1750,0,8,128792
attn,1750,0,8,95314
o_proj,1750,0,8,165038
post_layernorm,1750,0,8,413398
gate_proj,1750,0,8,480801
up_proj,1750,0,8,487418
act_fn,1750,0,8,67793
down_proj,1750,0,8,496268
final_layernorm,1750,0,8,413735
lm_head,1750,0,8,1184796
embedding,1751,0,8,149015
input_layernorm,1751,0,8,411393
q_proj,1751,0,8,151442
k_proj,1751,0,8,21169
v_proj,1751,0,8,18420
rope,1751,0,8,127760
attn,1751,0,8,94338
o_proj,1751,0,8,163870
post_layernorm,1751,0,8,412037
gate_proj,1751,0,8,480040
up_proj,1751,0,8,486154
act_fn,1751,0,8,67813
down_proj,1751,0,8,496797
final_layernorm,1751,0,8,413023
lm_head,1751,0,8,1183519
embedding,1752,0,8,148063
input_layernorm,1752,0,8,410875
q_proj,1752,0,8,151410
k_proj,1752,0,8,21123
v_proj,1752,0,8,18347
rope,1752,0,8,127782
attn,1752,0,8,94492
o_proj,1752,0,8,163168
post_layernorm,1752,0,8,411722
gate_proj,1752,0,8,479693
up_proj,1752,0,8,485745
act_fn,1752,0,8,68017
down_proj,1752,0,8,496167
final_layernorm,1752,0,8,411988
lm_head,1752,0,8,1182615
embedding,1753,0,8,151015
input_layernorm,1753,0,8,413918
q_proj,1753,0,8,152116
k_proj,1753,0,8,21431
v_proj,1753,0,8,18652
rope,1753,0,8,129537
attn,1753,0,8,95064
o_proj,1753,0,8,165870
post_layernorm,1753,0,8,414690
gate_proj,1753,0,8,481565
up_proj,1753,0,8,487546
act_fn,1753,0,8,68198
down_proj,1753,0,8,496979
final_layernorm,1753,0,8,414662
lm_head,1753,0,8,1185347
embedding,1754,0,8,148433
input_layernorm,1754,0,8,411458
q_proj,1754,0,8,151288
k_proj,1754,0,8,21148
v_proj,1754,0,8,18283
rope,1754,0,8,126987
attn,1754,0,8,94321
o_proj,1754,0,8,162892
post_layernorm,1754,0,8,413103
gate_proj,1754,0,8,479386
up_proj,1754,0,8,485819
act_fn,1754,0,8,68245
down_proj,1754,0,8,496509
final_layernorm,1754,0,8,412957
lm_head,1754,0,8,1184282
embedding,1755,0,8,151592
input_layernorm,1755,0,8,415735
q_proj,1755,0,8,152498
k_proj,1755,0,8,21575
v_proj,1755,0,8,18843
rope,1755,0,8,130922
attn,1755,0,8,96314
o_proj,1755,0,8,167264
post_layernorm,1755,0,8,416332
gate_proj,1755,0,8,483082
up_proj,1755,0,8,487953
act_fn,1755,0,8,68310
down_proj,1755,0,8,498188
final_layernorm,1755,0,8,416413
lm_head,1755,0,8,1187401
embedding,1756,0,8,150792
input_layernorm,1756,0,8,414955
q_proj,1756,0,8,152324
k_proj,1756,0,8,21497
v_proj,1756,0,8,18692
rope,1756,0,8,129990
attn,1756,0,8,95263
o_proj,1756,0,8,165676
post_layernorm,1756,0,8,415735
gate_proj,1756,0,8,481747
up_proj,1756,0,8,487766
act_fn,1756,0,8,68338
down_proj,1756,0,8,496847
final_layernorm,1756,0,8,415983
lm_head,1756,0,8,1186646
embedding,1757,0,8,149155
input_layernorm,1757,0,8,413268
q_proj,1757,0,8,151522
k_proj,1757,0,8,21192
v_proj,1757,0,8,18424
rope,1757,0,8,127760
attn,1757,0,8,94290
o_proj,1757,0,8,163554
post_layernorm,1757,0,8,413972
gate_proj,1757,0,8,479938
up_proj,1757,0,8,486467
act_fn,1757,0,8,68423
down_proj,1757,0,8,496524
final_layernorm,1757,0,8,414417
lm_head,1757,0,8,1186250
embedding,1758,0,8,148322
input_layernorm,1758,0,8,412755
q_proj,1758,0,8,151454
k_proj,1758,0,8,21232
v_proj,1758,0,8,18441
rope,1758,0,8,127875
attn,1758,0,8,94433
o_proj,1758,0,8,163474
post_layernorm,1758,0,8,413548
gate_proj,1758,0,8,480155
up_proj,1758,0,8,486077
act_fn,1758,0,8,68630
down_proj,1758,0,8,497315
final_layernorm,1758,0,8,414188
lm_head,1758,0,8,1185232
embedding,1759,0,8,150482
input_layernorm,1759,0,8,415785
q_proj,1759,0,8,151888
k_proj,1759,0,8,21366
v_proj,1759,0,8,18545
rope,1759,0,8,129110
attn,1759,0,8,95172
o_proj,1759,0,8,165174
post_layernorm,1759,0,8,415573
gate_proj,1759,0,8,480734
up_proj,1759,0,8,487320
act_fn,1759,0,8,68465
down_proj,1759,0,8,496611
final_layernorm,1759,0,8,416345
lm_head,1759,0,8,1185630
embedding,1760,0,8,150185
input_layernorm,1760,0,8,413662
q_proj,1760,0,8,151764
k_proj,1760,0,8,20176
v_proj,1760,0,8,17181
rope,1760,0,8,129003
attn,1760,0,8,95281
o_proj,1760,0,8,174690
post_layernorm,1760,0,8,414673
gate_proj,1760,0,8,480666
up_proj,1760,0,8,487372
act_fn,1760,0,8,68730
down_proj,1760,0,8,521454
final_layernorm,1760,0,8,414800
lm_head,1760,0,8,1185679
embedding,1761,0,8,148558
input_layernorm,1761,0,8,413565
q_proj,1761,0,8,151434
k_proj,1761,0,8,25083
v_proj,1761,0,8,24277
rope,1761,0,8,127652
attn,1761,0,8,93627
o_proj,1761,0,8,163812
post_layernorm,1761,0,8,413530
gate_proj,1761,0,8,480395
up_proj,1761,0,8,486204
act_fn,1761,0,8,68968
down_proj,1761,0,8,497261
final_layernorm,1761,0,8,414578
lm_head,1761,0,8,1227498
embedding,1762,0,8,151355
input_layernorm,1762,0,8,415413
q_proj,1762,0,8,152078
k_proj,1762,0,8,25079
v_proj,1762,0,8,24451
rope,1762,0,8,129465
attn,1762,0,8,94677
o_proj,1762,0,8,165084
post_layernorm,1762,0,8,416180
gate_proj,1762,0,8,481147
up_proj,1762,0,8,487734
act_fn,1762,0,8,69025
down_proj,1762,0,8,496754
final_layernorm,1762,0,8,416338
lm_head,1762,0,8,1229298
embedding,1763,0,8,149162
input_layernorm,1763,0,8,413927
q_proj,1763,0,8,151654
k_proj,1763,0,8,24924
v_proj,1763,0,8,23901
rope,1763,0,8,128292
attn,1763,0,8,94781
o_proj,1763,0,8,163546
post_layernorm,1763,0,8,414573
gate_proj,1763,0,8,480370
up_proj,1763,0,8,486729
act_fn,1763,0,8,69052
down_proj,1763,0,8,497354
final_layernorm,1763,0,8,415375
lm_head,1763,0,8,1228529
embedding,1764,0,8,148492
input_layernorm,1764,0,8,414297
q_proj,1764,0,8,151666
k_proj,1764,0,8,24806
v_proj,1764,0,8,24248
rope,1764,0,8,128675
attn,1764,0,8,94280
o_proj,1764,0,8,163960
post_layernorm,1764,0,8,415062
gate_proj,1764,0,8,480580
up_proj,1764,0,8,486031
act_fn,1764,0,8,69200
down_proj,1764,0,8,497764
final_layernorm,1764,0,8,415265
lm_head,1764,0,8,1227689
embedding,1765,0,8,151035
input_layernorm,1765,0,8,416335
q_proj,1765,0,8,151996
k_proj,1765,0,8,24582
v_proj,1765,0,8,23931
rope,1765,0,8,129375
attn,1765,0,8,94794
o_proj,1765,0,8,164540
post_layernorm,1765,0,8,416842
gate_proj,1765,0,8,481078
up_proj,1765,0,8,487422
act_fn,1765,0,8,69163
down_proj,1765,0,8,497018
final_layernorm,1765,0,8,417232
lm_head,1765,0,8,1228734
embedding,1766,0,8,149378
input_layernorm,1766,0,8,414247
q_proj,1766,0,8,151662
k_proj,1766,0,8,24273
v_proj,1766,0,8,23393
rope,1766,0,8,128180
attn,1766,0,8,94751
o_proj,1766,0,8,163472
post_layernorm,1766,0,8,415647
gate_proj,1766,0,8,480497
up_proj,1766,0,8,486150
act_fn,1766,0,8,69417
down_proj,1766,0,8,497597
final_layernorm,1766,0,8,415842
lm_head,1766,0,8,1228365
embedding,1767,0,8,151822
input_layernorm,1767,0,8,417340
q_proj,1767,0,8,152416
k_proj,1767,0,8,24569
v_proj,1767,0,8,23420
rope,1767,0,8,130262
attn,1767,0,8,95822
o_proj,1767,0,8,165920
post_layernorm,1767,0,8,418013
gate_proj,1767,0,8,482302
up_proj,1767,0,8,488451
act_fn,1767,0,8,69113
down_proj,1767,0,8,497709
final_layernorm,1767,0,8,418243
lm_head,1767,0,8,1229861
embedding,1768,0,8,150705
input_layernorm,1768,0,8,416707
q_proj,1768,0,8,152240
k_proj,1768,0,8,23816
v_proj,1768,0,8,23214
rope,1768,0,8,130150
attn,1768,0,8,95294
o_proj,1768,0,8,165442
post_layernorm,1768,0,8,417425
gate_proj,1768,0,8,481717
up_proj,1768,0,8,487825
act_fn,1768,0,8,69265
down_proj,1768,0,8,497304
final_layernorm,1768,0,8,417357
lm_head,1768,0,8,1229887
embedding,1769,0,8,149732
input_layernorm,1769,0,8,415775
q_proj,1769,0,8,151724
k_proj,1769,0,8,23966
v_proj,1769,0,8,23150
rope,1769,0,8,128235
attn,1769,0,8,95142
o_proj,1769,0,8,163754
post_layernorm,1769,0,8,416217
gate_proj,1769,0,8,480716
up_proj,1769,0,8,487101
act_fn,1769,0,8,69658
down_proj,1769,0,8,497837
final_layernorm,1769,0,8,417125
lm_head,1769,0,8,1229548
embedding,1770,0,8,152065
input_layernorm,1770,0,8,418423
q_proj,1770,0,8,152522
k_proj,1770,0,8,24134
v_proj,1770,0,8,22897
rope,1770,0,8,130867
attn,1770,0,8,95577
o_proj,1770,0,8,166376
post_layernorm,1770,0,8,419017
gate_proj,1770,0,8,482904
up_proj,1770,0,8,488449
act_fn,1770,0,8,69512
down_proj,1770,0,8,497980
final_layernorm,1770,0,8,418975
lm_head,1770,0,8,1231208
embedding,1771,0,8,150300
input_layernorm,1771,0,8,417143
q_proj,1771,0,8,151944
k_proj,1771,0,8,24175
v_proj,1771,0,8,23028
rope,1771,0,8,129175
attn,1771,0,8,94696
o_proj,1771,0,8,164802
post_layernorm,1771,0,8,417607
gate_proj,1771,0,8,481206
up_proj,1771,0,8,487571
act_fn,1771,0,8,69750
down_proj,1771,0,8,497215
final_layernorm,1771,0,8,417822
lm_head,1771,0,8,1230030
embedding,1772,0,8,149283
input_layernorm,1772,0,8,415895
q_proj,1772,0,8,151830
k_proj,1772,0,8,23960
v_proj,1772,0,8,22659
rope,1772,0,8,128993
attn,1772,0,8,94461
o_proj,1772,0,8,163928
post_layernorm,1772,0,8,416890
gate_proj,1772,0,8,480690
up_proj,1772,0,8,487039
act_fn,1772,0,8,69790
down_proj,1772,0,8,497673
final_layernorm,1772,0,8,417193
lm_head,1772,0,8,1229129
embedding,1773,0,8,153242
input_layernorm,1773,0,8,419935
q_proj,1773,0,8,152874
k_proj,1773,0,8,23584
v_proj,1773,0,8,22757
rope,1773,0,8,131617
attn,1773,0,8,95969
o_proj,1773,0,8,167198
post_layernorm,1773,0,8,420210
gate_proj,1773,0,8,483977
up_proj,1773,0,8,488878
act_fn,1773,0,8,69617
down_proj,1773,0,8,499245
final_layernorm,1773,0,8,420753
lm_head,1773,0,8,1231860
embedding,1774,0,8,149553
input_layernorm,1774,0,8,417180
q_proj,1774,0,8,151978
k_proj,1774,0,8,23686
v_proj,1774,0,8,22446
rope,1774,0,8,129205
attn,1774,0,8,94193
o_proj,1774,0,8,164218
post_layernorm,1774,0,8,417708
gate_proj,1774,0,8,480942
up_proj,1774,0,8,487532
act_fn,1774,0,8,69837
down_proj,1774,0,8,497844
final_layernorm,1774,0,8,418453
lm_head,1774,0,8,1230300
embedding,1775,0,8,150125
input_layernorm,1775,0,8,417460
q_proj,1775,0,8,152146
k_proj,1775,0,8,23238
v_proj,1775,0,8,22486
rope,1775,0,8,129160
attn,1775,0,8,94526
o_proj,1775,0,8,164304
post_layernorm,1775,0,8,417965
gate_proj,1775,0,8,481253
up_proj,1775,0,8,486939
act_fn,1775,0,8,70080
down_proj,1775,0,8,498370
final_layernorm,1775,0,8,418523
lm_head,1775,0,8,1230260
embedding,1776,0,8,150275
input_layernorm,1776,0,8,416972
q_proj,1776,0,8,152324
k_proj,1776,0,8,20259
v_proj,1776,0,8,16958
rope,1776,0,8,130007
attn,1776,0,8,94883
o_proj,1776,0,8,165142
post_layernorm,1776,0,8,417775
gate_proj,1776,0,8,481754
up_proj,1776,0,8,487309
act_fn,1776,0,8,69833
down_proj,1776,0,8,498585
final_layernorm,1776,0,8,418288
lm_head,1776,0,8,1229767
embedding,1777,0,8,150932
input_layernorm,1777,0,8,418703
q_proj,1777,0,8,151954
k_proj,1777,0,8,22568
v_proj,1777,0,8,22124
rope,1777,0,8,128990
attn,1777,0,8,94341
o_proj,1777,0,8,164290
post_layernorm,1777,0,8,419270
gate_proj,1777,0,8,481433
up_proj,1777,0,8,487589
act_fn,1777,0,8,70005
down_proj,1777,0,8,498060
final_layernorm,1777,0,8,419428
lm_head,1777,0,8,1231179
embedding,1778,0,8,150435
input_layernorm,1778,0,8,418023
q_proj,1778,0,8,152160
k_proj,1778,0,8,22346
v_proj,1778,0,8,21506
rope,1778,0,8,129252
attn,1778,0,8,94088
o_proj,1778,0,8,164304
post_layernorm,1778,0,8,419063
gate_proj,1778,0,8,481334
up_proj,1778,0,8,486984
act_fn,1778,0,8,70232
down_proj,1778,0,8,498504
final_layernorm,1778,0,8,419160
lm_head,1778,0,8,1229795
embedding,1779,0,8,152023
input_layernorm,1779,0,8,420317
q_proj,1779,0,8,152512
k_proj,1779,0,8,21919
v_proj,1779,0,8,21589
rope,1779,0,8,130617
attn,1779,0,8,95401
o_proj,1779,0,8,165894
post_layernorm,1779,0,8,421165
gate_proj,1779,0,8,482436
up_proj,1779,0,8,488449
act_fn,1779,0,8,70285
down_proj,1779,0,8,498379
final_layernorm,1779,0,8,421372
lm_head,1779,0,8,1232507
embedding,1780,0,8,150798
input_layernorm,1780,0,8,419023
q_proj,1780,0,8,152232
k_proj,1780,0,8,22233
v_proj,1780,0,8,21401
rope,1780,0,8,130192
attn,1780,0,8,94327
o_proj,1780,0,8,164730
post_layernorm,1780,0,8,419482
gate_proj,1780,0,8,481945
up_proj,1780,0,8,488085
act_fn,1780,0,8,70113
down_proj,1780,0,8,498093
final_layernorm,1780,0,8,420353
lm_head,1780,0,8,1231698
embedding,1781,0,8,154502
input_layernorm,1781,0,8,421997
q_proj,1781,0,8,152954
k_proj,1781,0,8,21954
v_proj,1781,0,8,21287
rope,1781,0,8,131692
attn,1781,0,8,96553
o_proj,1781,0,8,167126
post_layernorm,1781,0,8,422817
gate_proj,1781,0,8,483812
up_proj,1781,0,8,489092
act_fn,1781,0,8,70398
down_proj,1781,0,8,499560
final_layernorm,1781,0,8,422762
lm_head,1781,0,8,1234063
embedding,1782,0,8,152278
input_layernorm,1782,0,8,421720
q_proj,1782,0,8,152750
k_proj,1782,0,8,21776
v_proj,1782,0,8,21146
rope,1782,0,8,131088
attn,1782,0,8,95445
o_proj,1782,0,8,166538
post_layernorm,1782,0,8,421887
gate_proj,1782,0,8,483310
up_proj,1782,0,8,489082
act_fn,1782,0,8,70355
down_proj,1782,0,8,499081
final_layernorm,1782,0,8,422753
lm_head,1782,0,8,1233461
embedding,1783,0,8,151992
input_layernorm,1783,0,8,420477
q_proj,1783,0,8,152330
k_proj,1783,0,8,21727
v_proj,1783,0,8,21196
rope,1783,0,8,129825
attn,1783,0,8,94837
o_proj,1783,0,8,164910
post_layernorm,1783,0,8,421288
gate_proj,1783,0,8,482042
up_proj,1783,0,8,488488
act_fn,1783,0,8,70595
down_proj,1783,0,8,498418
final_layernorm,1783,0,8,421165
lm_head,1783,0,8,1232688
embedding,1784,0,8,154183
input_layernorm,1784,0,8,422387
q_proj,1784,0,8,153010
k_proj,1784,0,8,21100
v_proj,1784,0,8,20335
rope,1784,0,8,132332
attn,1784,0,8,96648
o_proj,1784,0,8,166942
post_layernorm,1784,0,8,422835
gate_proj,1784,0,8,483958
up_proj,1784,0,8,489552
act_fn,1784,0,8,70310
down_proj,1784,0,8,499620
final_layernorm,1784,0,8,423558
lm_head,1784,0,8,1233304
embedding,1785,0,8,153753
input_layernorm,1785,0,8,422403
q_proj,1785,0,8,153150
k_proj,1785,0,8,21748
v_proj,1785,0,8,21099
rope,1785,0,8,131858
attn,1785,0,8,95941
o_proj,1785,0,8,167278
post_layernorm,1785,0,8,423715
gate_proj,1785,0,8,484497
up_proj,1785,0,8,489277
act_fn,1785,0,8,70752
down_proj,1785,0,8,500381
final_layernorm,1785,0,8,423465
lm_head,1785,0,8,1233835
embedding,1786,0,8,152402
input_layernorm,1786,0,8,421572
q_proj,1786,0,8,152684
k_proj,1786,0,8,21338
v_proj,1786,0,8,20774
rope,1786,0,8,130990
attn,1786,0,8,95749
o_proj,1786,0,8,165888
post_layernorm,1786,0,8,422338
gate_proj,1786,0,8,483034
up_proj,1786,0,8,489212
act_fn,1786,0,8,70693
down_proj,1786,0,8,499126
final_layernorm,1786,0,8,423237
lm_head,1786,0,8,1233296
embedding,1787,0,8,150645
input_layernorm,1787,0,8,419958
q_proj,1787,0,8,152112
k_proj,1787,0,8,22135
v_proj,1787,0,8,20385
rope,1787,0,8,129080
attn,1787,0,8,93714
o_proj,1787,0,8,163906
post_layernorm,1787,0,8,420787
gate_proj,1787,0,8,481507
up_proj,1787,0,8,487402
act_fn,1787,0,8,70817
down_proj,1787,0,8,499018
final_layernorm,1787,0,8,421328
lm_head,1787,0,8,1232393
embedding,1788,0,8,150852
input_layernorm,1788,0,8,420380
q_proj,1788,0,8,152130
k_proj,1788,0,8,21330
v_proj,1788,0,8,20646
rope,1788,0,8,130152
attn,1788,0,8,94356
o_proj,1788,0,8,164524
post_layernorm,1788,0,8,421212
gate_proj,1788,0,8,482283
up_proj,1788,0,8,487316
act_fn,1788,0,8,70678
down_proj,1788,0,8,499246
final_layernorm,1788,0,8,422133
lm_head,1788,0,8,1231331
embedding,1789,0,8,152747
input_layernorm,1789,0,8,423512
q_proj,1789,0,8,152898
k_proj,1789,0,8,21662
v_proj,1789,0,8,20475
rope,1789,0,8,131877
attn,1789,0,8,95592
o_proj,1789,0,8,166490
post_layernorm,1789,0,8,424033
gate_proj,1789,0,8,483669
up_proj,1789,0,8,489058
act_fn,1789,0,8,70888
down_proj,1789,0,8,499475
final_layernorm,1789,0,8,424432
lm_head,1789,0,8,1232672
embedding,1790,0,8,151303
input_layernorm,1790,0,8,421417
q_proj,1790,0,8,152442
k_proj,1790,0,8,21466
v_proj,1790,0,8,20482
rope,1790,0,8,130323
attn,1790,0,8,94938
o_proj,1790,0,8,164746
post_layernorm,1790,0,8,422352
gate_proj,1790,0,8,482411
up_proj,1790,0,8,487346
act_fn,1790,0,8,71058
down_proj,1790,0,8,499401
final_layernorm,1790,0,8,422947
lm_head,1790,0,8,1231937
embedding,1791,0,8,153642
input_layernorm,1791,0,8,424502
q_proj,1791,0,8,153180
k_proj,1791,0,8,21534
v_proj,1791,0,8,20272
rope,1791,0,8,132685
attn,1791,0,8,96694
o_proj,1791,0,8,167692
post_layernorm,1791,0,8,425185
gate_proj,1791,0,8,484987
up_proj,1791,0,8,489545
act_fn,1791,0,8,70745
down_proj,1791,0,8,500524
final_layernorm,1791,0,8,425538
lm_head,1791,0,8,1234230
embedding,1792,0,8,153273
input_layernorm,1792,0,8,423200
q_proj,1792,0,8,167684
k_proj,1792,0,8,20359
v_proj,1792,0,8,17540
rope,1792,0,8,132530
attn,1792,0,8,87866
o_proj,1792,0,8,156524
post_layernorm,1792,0,8,424032
gate_proj,1792,0,8,483929
up_proj,1792,0,8,489355
act_fn,1792,0,8,70942
down_proj,1792,0,8,492529
final_layernorm,1792,0,8,425162
lm_head,1792,0,8,1233442
embedding,1793,0,8,151308
input_layernorm,1793,0,8,423562
q_proj,1793,0,8,156296
k_proj,1793,0,8,20180
v_proj,1793,0,8,17692
rope,1793,0,8,130920
attn,1793,0,8,98174
o_proj,1793,0,8,164902
post_layernorm,1793,0,8,424312
gate_proj,1793,0,8,505845
up_proj,1793,0,8,513831
act_fn,1793,0,8,70152
down_proj,1793,0,8,498921
final_layernorm,1793,0,8,424275
lm_head,1793,0,8,1219097
embedding,1794,0,8,149990
input_layernorm,1794,0,8,422642
q_proj,1794,0,8,156262
k_proj,1794,0,8,20140
v_proj,1794,0,8,17986
rope,1794,0,8,130223
attn,1794,0,8,97813
o_proj,1794,0,8,164200
post_layernorm,1794,0,8,423792
gate_proj,1794,0,8,504848
up_proj,1794,0,8,513331
act_fn,1794,0,8,70010
down_proj,1794,0,8,499713
final_layernorm,1794,0,8,423138
lm_head,1794,0,8,1218407
embedding,1795,0,8,154183
input_layernorm,1795,0,8,425972
q_proj,1795,0,8,156996
k_proj,1795,0,8,20176
v_proj,1795,0,8,17793
rope,1795,0,8,132350
attn,1795,0,8,99515
o_proj,1795,0,8,166352
post_layernorm,1795,0,8,426528
gate_proj,1795,0,8,508170
up_proj,1795,0,8,513905
act_fn,1795,0,8,70120
down_proj,1795,0,8,500173
final_layernorm,1795,0,8,426347
lm_head,1795,0,8,1220733
embedding,1796,0,8,152905
input_layernorm,1796,0,8,425307
q_proj,1796,0,8,156812
k_proj,1796,0,8,20207
v_proj,1796,0,8,17867
rope,1796,0,8,132760
attn,1796,0,8,99150
o_proj,1796,0,8,166060
post_layernorm,1796,0,8,426553
gate_proj,1796,0,8,507555
up_proj,1796,0,8,513907
act_fn,1796,0,8,70305
down_proj,1796,0,8,499833
final_layernorm,1796,0,8,426113
lm_head,1796,0,8,1220230
embedding,1797,0,8,151703
input_layernorm,1797,0,8,422543
q_proj,1797,0,8,156126
k_proj,1797,0,8,19964
v_proj,1797,0,8,17634
rope,1797,0,8,130423
attn,1797,0,8,97936
o_proj,1797,0,8,163740
post_layernorm,1797,0,8,423683
gate_proj,1797,0,8,504276
up_proj,1797,0,8,513931
act_fn,1797,0,8,70262
down_proj,1797,0,8,499618
final_layernorm,1797,0,8,423912
lm_head,1797,0,8,1219644
embedding,1798,0,8,155795
input_layernorm,1798,0,8,427365
q_proj,1798,0,8,157558
k_proj,1798,0,8,20505
v_proj,1798,0,8,17923
rope,1798,0,8,133772
attn,1798,0,8,99751
o_proj,1798,0,8,167862
post_layernorm,1798,0,8,428577
gate_proj,1798,0,8,509910
up_proj,1798,0,8,513780
act_fn,1798,0,8,70370
down_proj,1798,0,8,501557
final_layernorm,1798,0,8,427705
lm_head,1798,0,8,1222352
embedding,1799,0,8,153070
input_layernorm,1799,0,8,425220
q_proj,1799,0,8,156496
k_proj,1799,0,8,20154
v_proj,1799,0,8,17691
rope,1799,0,8,131642
attn,1799,0,8,98183
o_proj,1799,0,8,165412
post_layernorm,1799,0,8,425983
gate_proj,1799,0,8,506556
up_proj,1799,0,8,513832
act_fn,1799,0,8,70013
down_proj,1799,0,8,499467
final_layernorm,1799,0,8,426010
lm_head,1799,0,8,1221270
embedding,1800,0,8,151885
input_layernorm,1800,0,8,424745
q_proj,1800,0,8,156618
k_proj,1800,0,8,20873
v_proj,1800,0,8,17973
rope,1800,0,8,131838
attn,1800,0,8,98107
o_proj,1800,0,8,165302
post_layernorm,1800,0,8,425855
gate_proj,1800,0,8,507210
up_proj,1800,0,8,513983
act_fn,1800,0,8,70005
down_proj,1800,0,8,500166
final_layernorm,1800,0,8,425675
lm_head,1800,0,8,1221439
embedding,1801,0,8,151158
input_layernorm,1801,0,8,423602
q_proj,1801,0,8,156424
k_proj,1801,0,8,21607
v_proj,1801,0,8,18729
rope,1801,0,8,130362
attn,1801,0,8,98307
o_proj,1801,0,8,164572
post_layernorm,1801,0,8,424813
gate_proj,1801,0,8,505629
up_proj,1801,0,8,514128
act_fn,1801,0,8,69888
down_proj,1801,0,8,500329
final_layernorm,1801,0,8,425112
lm_head,1801,0,8,1220394
embedding,1802,0,8,152383
input_layernorm,1802,0,8,425317
q_proj,1802,0,8,156802
k_proj,1802,0,8,21692
v_proj,1802,0,8,18856
rope,1802,0,8,131670
attn,1802,0,8,98454
o_proj,1802,0,8,165384
post_layernorm,1802,0,8,426797
gate_proj,1802,0,8,507113
up_proj,1802,0,8,514079
act_fn,1802,0,8,70595
down_proj,1802,0,8,499752
final_layernorm,1802,0,8,426378
lm_head,1802,0,8,1221896
embedding,1803,0,8,155092
input_layernorm,1803,0,8,427683
q_proj,1803,0,8,157416
k_proj,1803,0,8,21971
v_proj,1803,0,8,18996
rope,1803,0,8,133412
attn,1803,0,8,99876
o_proj,1803,0,8,167386
post_layernorm,1803,0,8,428760
gate_proj,1803,0,8,509810
up_proj,1803,0,8,514347
act_fn,1803,0,8,70307
down_proj,1803,0,8,501475
final_layernorm,1803,0,8,428357
lm_head,1803,0,8,1224642
embedding,1804,0,8,150933
input_layernorm,1804,0,8,424148
q_proj,1804,0,8,156288
k_proj,1804,0,8,21579
v_proj,1804,0,8,18686
rope,1804,0,8,130928
attn,1804,0,8,97702
o_proj,1804,0,8,164130
post_layernorm,1804,0,8,425003
gate_proj,1804,0,8,505143
up_proj,1804,0,8,514287
act_fn,1804,0,8,70257
down_proj,1804,0,8,500253
final_layernorm,1804,0,8,425225
lm_head,1804,0,8,1219364
embedding,1805,0,8,153972
input_layernorm,1805,0,8,427543
q_proj,1805,0,8,157180
k_proj,1805,0,8,21896
v_proj,1805,0,8,18916
rope,1805,0,8,132397
attn,1805,0,8,99501
o_proj,1805,0,8,166376
post_layernorm,1805,0,8,428760
gate_proj,1805,0,8,508931
up_proj,1805,0,8,514713
act_fn,1805,0,8,70462
down_proj,1805,0,8,500524
final_layernorm,1805,0,8,428115
lm_head,1805,0,8,1222197
embedding,1806,0,8,156638
input_layernorm,1806,0,8,428558
q_proj,1806,0,8,157388
k_proj,1806,0,8,22103
v_proj,1806,0,8,19050
rope,1806,0,8,133668
attn,1806,0,8,99858
o_proj,1806,0,8,167304
post_layernorm,1806,0,8,429390
gate_proj,1806,0,8,509646
up_proj,1806,0,8,514421
act_fn,1806,0,8,70045
down_proj,1806,0,8,501668
final_layernorm,1806,0,8,429402
lm_head,1806,0,8,1223066
embedding,1807,0,8,150995
input_layernorm,1807,0,8,425378
q_proj,1807,0,8,156482
k_proj,1807,0,8,21566
v_proj,1807,0,8,18698
rope,1807,0,8,130537
attn,1807,0,8,98198
o_proj,1807,0,8,164280
post_layernorm,1807,0,8,426568
gate_proj,1807,0,8,505102
up_proj,1807,0,8,514518
act_fn,1807,0,8,70433
down_proj,1807,0,8,500416
final_layernorm,1807,0,8,426805
lm_head,1807,0,8,1220497
embedding,1808,0,8,155912
input_layernorm,1808,0,8,428245
q_proj,1808,0,8,164248
k_proj,1808,0,8,22048
v_proj,1808,0,8,19043
rope,1808,0,8,133775
attn,1808,0,8,99528
o_proj,1808,0,8,167732
post_layernorm,1808,0,8,429310
gate_proj,1808,0,8,506861
up_proj,1808,0,8,511626
act_fn,1808,0,8,70207
down_proj,1808,0,8,501806
final_layernorm,1808,0,8,428942
lm_head,1808,0,8,1225345
embedding,1809,0,8,153995
input_layernorm,1809,0,8,427867
q_proj,1809,0,8,156980
k_proj,1809,0,8,21725
v_proj,1809,0,8,18866
rope,1809,0,8,132090
attn,1809,0,8,98207
o_proj,1809,0,8,165644
post_layernorm,1809,0,8,428777
gate_proj,1809,0,8,507230
up_proj,1809,0,8,514802
act_fn,1809,0,8,70640
down_proj,1809,0,8,500366
final_layernorm,1809,0,8,428773
lm_head,1809,0,8,1222476
embedding,1810,0,8,154582
input_layernorm,1810,0,8,426335
q_proj,1810,0,8,156706
k_proj,1810,0,8,21587
v_proj,1810,0,8,18716
rope,1810,0,8,131305
attn,1810,0,8,98602
o_proj,1810,0,8,164814
post_layernorm,1810,0,8,427620
gate_proj,1810,0,8,506541
up_proj,1810,0,8,514952
act_fn,1810,0,8,70862
down_proj,1810,0,8,501172
final_layernorm,1810,0,8,427762
lm_head,1810,0,8,1221423
embedding,1811,0,8,155092
input_layernorm,1811,0,8,429815
q_proj,1811,0,8,157850
k_proj,1811,0,8,22121
v_proj,1811,0,8,19058
rope,1811,0,8,133937
attn,1811,0,8,100075
o_proj,1811,0,8,167918
post_layernorm,1811,0,8,430772
gate_proj,1811,0,8,510727
up_proj,1811,0,8,514531
act_fn,1811,0,8,70640
down_proj,1811,0,8,502437
final_layernorm,1811,0,8,430375
lm_head,1811,0,8,1224452
embedding,1812,0,8,155863
input_layernorm,1812,0,8,428458
q_proj,1812,0,8,156910
k_proj,1812,0,8,21868
v_proj,1812,0,8,18782
rope,1812,0,8,132810
attn,1812,0,8,98628
o_proj,1812,0,8,165816
post_layernorm,1812,0,8,429463
gate_proj,1812,0,8,508267
up_proj,1812,0,8,515281
act_fn,1812,0,8,70760
down_proj,1812,0,8,500580
final_layernorm,1812,0,8,429318
lm_head,1812,0,8,1222720
embedding,1813,0,8,155467
input_layernorm,1813,0,8,429932
q_proj,1813,0,8,157582
k_proj,1813,0,8,22019
v_proj,1813,0,8,18998
rope,1813,0,8,133212
attn,1813,0,8,99783
o_proj,1813,0,8,167128
post_layernorm,1813,0,8,430740
gate_proj,1813,0,8,509815
up_proj,1813,0,8,515582
act_fn,1813,0,8,70937
down_proj,1813,0,8,501713
final_layernorm,1813,0,8,430687
lm_head,1813,0,8,1224075
embedding,1814,0,8,154118
input_layernorm,1814,0,8,426842
q_proj,1814,0,8,156738
k_proj,1814,0,8,21692
v_proj,1814,0,8,18694
rope,1814,0,8,130983
attn,1814,0,8,97981
o_proj,1814,0,8,164686
post_layernorm,1814,0,8,427763
gate_proj,1814,0,8,506086
up_proj,1814,0,8,514629
act_fn,1814,0,8,70747
down_proj,1814,0,8,501243
final_layernorm,1814,0,8,428200
lm_head,1814,0,8,1221422
embedding,1815,0,8,155430
input_layernorm,1815,0,8,430173
q_proj,1815,0,8,157746
k_proj,1815,0,8,22137
v_proj,1815,0,8,19085
rope,1815,0,8,134383
attn,1815,0,8,100382
o_proj,1815,0,8,168012
post_layernorm,1815,0,8,431380
gate_proj,1815,0,8,511065
up_proj,1815,0,8,515509
act_fn,1815,0,8,70763
down_proj,1815,0,8,502437
final_layernorm,1815,0,8,430897
lm_head,1815,0,8,1224468
embedding,1816,0,8,155670
input_layernorm,1816,0,8,429148
q_proj,1816,0,8,157186
k_proj,1816,0,8,21882
v_proj,1816,0,8,18826
rope,1816,0,8,133215
attn,1816,0,8,98938
o_proj,1816,0,8,166348
post_layernorm,1816,0,8,430203
gate_proj,1816,0,8,508558
up_proj,1816,0,8,515457
act_fn,1816,0,8,71130
down_proj,1816,0,8,501111
final_layernorm,1816,0,8,429822
lm_head,1816,0,8,1223326
embedding,1817,0,8,154382
input_layernorm,1817,0,8,428775
q_proj,1817,0,8,157164
k_proj,1817,0,8,21779
v_proj,1817,0,8,18792
rope,1817,0,8,132177
attn,1817,0,8,98705
o_proj,1817,0,8,165646
post_layernorm,1817,0,8,429973
gate_proj,1817,0,8,507717
up_proj,1817,0,8,515483
act_fn,1817,0,8,70850
down_proj,1817,0,8,501833
final_layernorm,1817,0,8,430138
lm_head,1817,0,8,1221971
embedding,1818,0,8,156430
input_layernorm,1818,0,8,430178
q_proj,1818,0,8,157518
k_proj,1818,0,8,21914
v_proj,1818,0,8,18981
rope,1818,0,8,133345
attn,1818,0,8,99357
o_proj,1818,0,8,166624
post_layernorm,1818,0,8,431258
gate_proj,1818,0,8,509258
up_proj,1818,0,8,515686
act_fn,1818,0,8,71172
down_proj,1818,0,8,501690
final_layernorm,1818,0,8,431168
lm_head,1818,0,8,1224189
embedding,1819,0,8,153133
input_layernorm,1819,0,8,428463
q_proj,1819,0,8,156800
k_proj,1819,0,8,21763
v_proj,1819,0,8,18778
rope,1819,0,8,131805
attn,1819,0,8,98280
o_proj,1819,0,8,164900
post_layernorm,1819,0,8,429743
gate_proj,1819,0,8,506636
up_proj,1819,0,8,515675
act_fn,1819,0,8,70993
down_proj,1819,0,8,501115
final_layernorm,1819,0,8,429687
lm_head,1819,0,8,1223389
embedding,1820,0,8,156752
input_layernorm,1820,0,8,431393
q_proj,1820,0,8,157694
k_proj,1820,0,8,22019
v_proj,1820,0,8,19038
rope,1820,0,8,134160
attn,1820,0,8,99531
o_proj,1820,0,8,167444
post_layernorm,1820,0,8,431937
gate_proj,1820,0,8,509732
up_proj,1820,0,8,515550
act_fn,1820,0,8,71033
down_proj,1820,0,8,502170
final_layernorm,1820,0,8,432447
lm_head,1820,0,8,1224574
embedding,1821,0,8,155832
input_layernorm,1821,0,8,431505
q_proj,1821,0,8,157654
k_proj,1821,0,8,21985
v_proj,1821,0,8,18976
rope,1821,0,8,133970
attn,1821,0,8,100197
o_proj,1821,0,8,167446
post_layernorm,1821,0,8,432482
gate_proj,1821,0,8,509789
up_proj,1821,0,8,515816
act_fn,1821,0,8,71223
down_proj,1821,0,8,502207
final_layernorm,1821,0,8,432362
lm_head,1821,0,8,1224845
embedding,1822,0,8,155383
input_layernorm,1822,0,8,429855
q_proj,1822,0,8,157162
k_proj,1822,0,8,21845
v_proj,1822,0,8,18811
rope,1822,0,8,132517
attn,1822,0,8,98800
o_proj,1822,0,8,165614
post_layernorm,1822,0,8,431242
gate_proj,1822,0,8,507695
up_proj,1822,0,8,515502
act_fn,1822,0,8,71200
down_proj,1822,0,8,501313
final_layernorm,1822,0,8,430913
lm_head,1822,0,8,1224035
embedding,1823,0,8,152610
input_layernorm,1823,0,8,428812
q_proj,1823,0,8,156770
k_proj,1823,0,8,21561
v_proj,1823,0,8,18642
rope,1823,0,8,131138
attn,1823,0,8,98071
o_proj,1823,0,8,164320
post_layernorm,1823,0,8,429992
gate_proj,1823,0,8,505984
up_proj,1823,0,8,516024
act_fn,1823,0,8,71052
down_proj,1823,0,8,501208
final_layernorm,1823,0,8,429412
lm_head,1823,0,8,1222353
embedding,1824,0,8,154582
input_layernorm,1824,0,8,428318
q_proj,1824,0,8,163680
k_proj,1824,0,8,20227
v_proj,1824,0,8,17608
rope,1824,0,8,131875
attn,1824,0,8,98220
o_proj,1824,0,8,172546
post_layernorm,1824,0,8,429628
gate_proj,1824,0,8,531685
up_proj,1824,0,8,538505
act_fn,1824,0,8,70695
down_proj,1824,0,8,521294
final_layernorm,1824,0,8,429397
lm_head,1824,0,8,1275575
embedding,1825,0,8,155665
input_layernorm,1825,0,8,431575
q_proj,1825,0,8,157516
k_proj,1825,0,8,21964
v_proj,1825,0,8,18906
rope,1825,0,8,132953
attn,1825,0,8,98926
o_proj,1825,0,8,172512
post_layernorm,1825,0,8,432492
gate_proj,1825,0,8,509286
up_proj,1825,0,8,516091
act_fn,1825,0,8,71178
down_proj,1825,0,8,528664
final_layernorm,1825,0,8,432270
lm_head,1825,0,8,1288623
embedding,1826,0,8,158648
input_layernorm,1826,0,8,433012
q_proj,1826,0,8,157948
k_proj,1826,0,8,22195
v_proj,1826,0,8,18991
rope,1826,0,8,134388
attn,1826,0,8,99883
o_proj,1826,0,8,173334
post_layernorm,1826,0,8,434078
gate_proj,1826,0,8,511099
up_proj,1826,0,8,516340
act_fn,1826,0,8,71315
down_proj,1826,0,8,521638
final_layernorm,1826,0,8,434110
lm_head,1826,0,8,1291434
embedding,1827,0,8,156258
input_layernorm,1827,0,8,432827
q_proj,1827,0,8,158024
k_proj,1827,0,8,22115
v_proj,1827,0,8,19018
rope,1827,0,8,134480
attn,1827,0,8,100034
o_proj,1827,0,8,173244
post_layernorm,1827,0,8,434217
gate_proj,1827,0,8,510462
up_proj,1827,0,8,516380
act_fn,1827,0,8,71475
down_proj,1827,0,8,521177
final_layernorm,1827,0,8,433850
lm_head,1827,0,8,1290309
embedding,1828,0,8,159632
input_layernorm,1828,0,8,433105
q_proj,1828,0,8,158094
k_proj,1828,0,8,22074
v_proj,1828,0,8,19019
rope,1828,0,8,135022
attn,1828,0,8,100272
o_proj,1828,0,8,173584
post_layernorm,1828,0,8,434435
gate_proj,1828,0,8,511277
up_proj,1828,0,8,516418
act_fn,1828,0,8,71593
down_proj,1828,0,8,528552
final_layernorm,1828,0,8,434270
lm_head,1828,0,8,1291777
embedding,1829,0,8,155262
input_layernorm,1829,0,8,431763
q_proj,1829,0,8,157290
k_proj,1829,0,8,21799
v_proj,1829,0,8,18782
rope,1829,0,8,132675
attn,1829,0,8,98144
o_proj,1829,0,8,171700
post_layernorm,1829,0,8,432953
gate_proj,1829,0,8,508430
up_proj,1829,0,8,516834
act_fn,1829,0,8,71412
down_proj,1829,0,8,523194
final_layernorm,1829,0,8,432908
lm_head,1829,0,8,1290508
embedding,1830,0,8,158665
input_layernorm,1830,0,8,433245
q_proj,1830,0,8,158086
k_proj,1830,0,8,22075
v_proj,1830,0,8,19077
rope,1830,0,8,134415
attn,1830,0,8,100265
o_proj,1830,0,8,173074
post_layernorm,1830,0,8,434780
gate_proj,1830,0,8,511151
up_proj,1830,0,8,517279
act_fn,1830,0,8,71657
down_proj,1830,0,8,523647
final_layernorm,1830,0,8,434243
lm_head,1830,0,8,1292557
embedding,1831,0,8,154098
input_layernorm,1831,0,8,430155
q_proj,1831,0,8,156962
k_proj,1831,0,8,21748
v_proj,1831,0,8,18649
rope,1831,0,8,131163
attn,1831,0,8,97977
o_proj,1831,0,8,177986
post_layernorm,1831,0,8,430915
gate_proj,1831,0,8,506411
up_proj,1831,0,8,516475
act_fn,1831,0,8,71295
down_proj,1831,0,8,520050
final_layernorm,1831,0,8,431310
lm_head,1831,0,8,1287760
embedding,1832,0,8,159450
input_layernorm,1832,0,8,433743
q_proj,1832,0,8,158254
k_proj,1832,0,8,22135
v_proj,1832,0,8,19151
rope,1832,0,8,135135
attn,1832,0,8,100302
o_proj,1832,0,8,180354
post_layernorm,1832,0,8,434697
gate_proj,1832,0,8,511921
up_proj,1832,0,8,516572
act_fn,1832,0,8,71527
down_proj,1832,0,8,524580
final_layernorm,1832,0,8,434613
lm_head,1832,0,8,1293825
embedding,1833,0,8,157397
input_layernorm,1833,0,8,433928
q_proj,1833,0,8,157974
k_proj,1833,0,8,22169
v_proj,1833,0,8,18958
rope,1833,0,8,134128
attn,1833,0,8,100035
o_proj,1833,0,8,173142
post_layernorm,1833,0,8,434653
gate_proj,1833,0,8,510854
up_proj,1833,0,8,516795
act_fn,1833,0,8,71482
down_proj,1833,0,8,521170
final_layernorm,1833,0,8,435033
lm_head,1833,0,8,1291847
embedding,1834,0,8,159640
input_layernorm,1834,0,8,435847
q_proj,1834,0,8,158712
k_proj,1834,0,8,22269
v_proj,1834,0,8,19112
rope,1834,0,8,135782
attn,1834,0,8,101254
o_proj,1834,0,8,174608
post_layernorm,1834,0,8,436698
gate_proj,1834,0,8,513012
up_proj,1834,0,8,517227
act_fn,1834,0,8,71872
down_proj,1834,0,8,528688
final_layernorm,1834,0,8,436695
lm_head,1834,0,8,1293467
embedding,1835,0,8,156567
input_layernorm,1835,0,8,434457
q_proj,1835,0,8,158232
k_proj,1835,0,8,22277
v_proj,1835,0,8,19028
rope,1835,0,8,134692
attn,1835,0,8,100415
o_proj,1835,0,8,173608
post_layernorm,1835,0,8,435590
gate_proj,1835,0,8,511879
up_proj,1835,0,8,517268
act_fn,1835,0,8,71580
down_proj,1835,0,8,521976
final_layernorm,1835,0,8,435083
lm_head,1835,0,8,1291989
embedding,1836,0,8,158527
input_layernorm,1836,0,8,434752
q_proj,1836,0,8,158096
k_proj,1836,0,8,22151
v_proj,1836,0,8,19029
rope,1836,0,8,135218
attn,1836,0,8,100720
o_proj,1836,0,8,174020
post_layernorm,1836,0,8,436073
gate_proj,1836,0,8,511492
up_proj,1836,0,8,517370
act_fn,1836,0,8,71815
down_proj,1836,0,8,521725
final_layernorm,1836,0,8,435737
lm_head,1836,0,8,1293989
embedding,1837,0,8,156482
input_layernorm,1837,0,8,434270
q_proj,1837,0,8,157958
k_proj,1837,0,8,22046
v_proj,1837,0,8,18914
rope,1837,0,8,133977
attn,1837,0,8,99790
o_proj,1837,0,8,180878
post_layernorm,1837,0,8,435263
gate_proj,1837,0,8,510829
up_proj,1837,0,8,517452
act_fn,1837,0,8,72163
down_proj,1837,0,8,528810
final_layernorm,1837,0,8,434925
lm_head,1837,0,8,1292312
embedding,1838,0,8,158207
input_layernorm,1838,0,8,435493
q_proj,1838,0,8,158326
k_proj,1838,0,8,22183
v_proj,1838,0,8,19109
rope,1838,0,8,134972
attn,1838,0,8,100385
o_proj,1838,0,8,179320
post_layernorm,1838,0,8,436457
gate_proj,1838,0,8,511355
up_proj,1838,0,8,517809
act_fn,1838,0,8,72035
down_proj,1838,0,8,522032
final_layernorm,1838,0,8,436687
lm_head,1838,0,8,1294293
embedding,1839,0,8,157548
input_layernorm,1839,0,8,435610
q_proj,1839,0,8,158136
k_proj,1839,0,8,22126
v_proj,1839,0,8,19079
rope,1839,0,8,134778
attn,1839,0,8,100420
o_proj,1839,0,8,173958
post_layernorm,1839,0,8,436548
gate_proj,1839,0,8,511184
up_proj,1839,0,8,517424
act_fn,1839,0,8,71962
down_proj,1839,0,8,524583
final_layernorm,1839,0,8,436658
lm_head,1839,0,8,1292014
embedding,1840,0,8,156015
input_layernorm,1840,0,8,431882
q_proj,1840,0,8,163798
k_proj,1840,0,8,21845
v_proj,1840,0,8,18844
rope,1840,0,8,132128
attn,1840,0,8,98483
o_proj,1840,0,8,171682
post_layernorm,1840,0,8,432760
gate_proj,1840,0,8,505806
up_proj,1840,0,8,512796
act_fn,1840,0,8,71668
down_proj,1840,0,8,520167
final_layernorm,1840,0,8,432780
lm_head,1840,0,8,1289973
embedding,1841,0,8,155578
input_layernorm,1841,0,8,434042
q_proj,1841,0,8,157480
k_proj,1841,0,8,22139
v_proj,1841,0,8,20235
rope,1841,0,8,132833
attn,1841,0,8,98761
o_proj,1841,0,8,171984
post_layernorm,1841,0,8,435020
gate_proj,1841,0,8,508735
up_proj,1841,0,8,517796
act_fn,1841,0,8,71967
down_proj,1841,0,8,520767
final_layernorm,1841,0,8,435345
lm_head,1841,0,8,1290584
embedding,1842,0,8,155062
input_layernorm,1842,0,8,432910
q_proj,1842,0,8,157498
k_proj,1842,0,8,22250
v_proj,1842,0,8,20318
rope,1842,0,8,132130
attn,1842,0,8,98802
o_proj,1842,0,8,171884
post_layernorm,1842,0,8,434365
gate_proj,1842,0,8,507815
up_proj,1842,0,8,517279
act_fn,1842,0,8,72388
down_proj,1842,0,8,521313
final_layernorm,1842,0,8,434815
lm_head,1842,0,8,1290354
embedding,1843,0,8,157767
input_layernorm,1843,0,8,436637
q_proj,1843,0,8,158346
k_proj,1843,0,8,22076
v_proj,1843,0,8,20219
rope,1843,0,8,135075
attn,1843,0,8,100070
o_proj,1843,0,8,173828
post_layernorm,1843,0,8,437658
gate_proj,1843,0,8,511972
up_proj,1843,0,8,517491
act_fn,1843,0,8,72088
down_proj,1843,0,8,524099
final_layernorm,1843,0,8,437758
lm_head,1843,0,8,1292415
embedding,1844,0,8,158600
input_layernorm,1844,0,8,435725
q_proj,1844,0,8,158096
k_proj,1844,0,8,22229
v_proj,1844,0,8,20141
rope,1844,0,8,134657
attn,1844,0,8,99595
o_proj,1844,0,8,172998
post_layernorm,1844,0,8,437225
gate_proj,1844,0,8,511461
up_proj,1844,0,8,517697
act_fn,1844,0,8,72468
down_proj,1844,0,8,521519
final_layernorm,1844,0,8,436872
lm_head,1844,0,8,1291659
embedding,1845,0,8,156193
input_layernorm,1845,0,8,434493
q_proj,1845,0,8,157640
k_proj,1845,0,8,22114
v_proj,1845,0,8,20326
rope,1845,0,8,132550
attn,1845,0,8,98561
o_proj,1845,0,8,171460
post_layernorm,1845,0,8,435752
gate_proj,1845,0,8,508538
up_proj,1845,0,8,518312
act_fn,1845,0,8,72407
down_proj,1845,0,8,520459
final_layernorm,1845,0,8,435717
lm_head,1845,0,8,1292600
embedding,1846,0,8,159888
input_layernorm,1846,0,8,436622
q_proj,1846,0,8,158390
k_proj,1846,0,8,22020
v_proj,1846,0,8,20101
rope,1846,0,8,134667
attn,1846,0,8,99794
o_proj,1846,0,8,173582
post_layernorm,1846,0,8,437695
gate_proj,1846,0,8,511596
up_proj,1846,0,8,517905
act_fn,1846,0,8,72502
down_proj,1846,0,8,525633
final_layernorm,1846,0,8,437657
lm_head,1846,0,8,1293597
embedding,1847,0,8,158050
input_layernorm,1847,0,8,436162
q_proj,1847,0,8,158144
k_proj,1847,0,8,22001
v_proj,1847,0,8,20206
rope,1847,0,8,133833
attn,1847,0,8,99704
o_proj,1847,0,8,177760
post_layernorm,1847,0,8,437360
gate_proj,1847,0,8,510974
up_proj,1847,0,8,517992
act_fn,1847,0,8,72820
down_proj,1847,0,8,521452
final_layernorm,1847,0,8,437163
lm_head,1847,0,8,1293011
embedding,1848,0,8,158748
input_layernorm,1848,0,8,435387
q_proj,1848,0,8,158060
k_proj,1848,0,8,21837
v_proj,1848,0,8,19884
rope,1848,0,8,134140
attn,1848,0,8,99120
o_proj,1848,0,8,175910
post_layernorm,1848,0,8,437013
gate_proj,1848,0,8,510465
up_proj,1848,0,8,518095
act_fn,1848,0,8,72788
down_proj,1848,0,8,521309
final_layernorm,1848,0,8,437088
lm_head,1848,0,8,1291939
embedding,1849,0,8,156733
input_layernorm,1849,0,8,436015
q_proj,1849,0,8,157924
k_proj,1849,0,8,20294
v_proj,1849,0,8,17337
rope,1849,0,8,133625
attn,1849,0,8,99547
o_proj,1849,0,8,172876
post_layernorm,1849,0,8,437018
gate_proj,1849,0,8,510582
up_proj,1849,0,8,518559
act_fn,1849,0,8,72497
down_proj,1849,0,8,524030
final_layernorm,1849,0,8,436642
lm_head,1849,0,8,1291992
embedding,1850,0,8,156143
input_layernorm,1850,0,8,434462
q_proj,1850,0,8,157574
k_proj,1850,0,8,20129
v_proj,1850,0,8,17288
rope,1850,0,8,132237
attn,1850,0,8,98625
o_proj,1850,0,8,172684
post_layernorm,1850,0,8,435152
gate_proj,1850,0,8,508545
up_proj,1850,0,8,518414
act_fn,1850,0,8,72707
down_proj,1850,0,8,521749
final_layernorm,1850,0,8,435670
lm_head,1850,0,8,1292203
embedding,1851,0,8,156192
input_layernorm,1851,0,8,435533
q_proj,1851,0,8,157644
k_proj,1851,0,8,20272
v_proj,1851,0,8,17312
rope,1851,0,8,132527
attn,1851,0,8,98573
o_proj,1851,0,8,171780
post_layernorm,1851,0,8,435982
gate_proj,1851,0,8,508504
up_proj,1851,0,8,518210
act_fn,1851,0,8,72623
down_proj,1851,0,8,521400
final_layernorm,1851,0,8,436182
lm_head,1851,0,8,1291852
embedding,1852,0,8,160178
input_layernorm,1852,0,8,437703
q_proj,1852,0,8,158422
k_proj,1852,0,8,20472
v_proj,1852,0,8,17526
rope,1852,0,8,135755
attn,1852,0,8,100458
o_proj,1852,0,8,173908
post_layernorm,1852,0,8,438918
gate_proj,1852,0,8,511897
up_proj,1852,0,8,518559
act_fn,1852,0,8,72768
down_proj,1852,0,8,524433
final_layernorm,1852,0,8,438845
lm_head,1852,0,8,1293998
embedding,1853,0,8,156808
input_layernorm,1853,0,8,436118
q_proj,1853,0,8,157948
k_proj,1853,0,8,20321
v_proj,1853,0,8,17328
rope,1853,0,8,133087
attn,1853,0,8,99151
o_proj,1853,0,8,175460
post_layernorm,1853,0,8,437823
gate_proj,1853,0,8,509178
up_proj,1853,0,8,518655
act_fn,1853,0,8,72807
down_proj,1853,0,8,522204
final_layernorm,1853,0,8,437772
lm_head,1853,0,8,1291874
embedding,1854,0,8,159215
input_layernorm,1854,0,8,439105
q_proj,1854,0,8,158458
k_proj,1854,0,8,20506
v_proj,1854,0,8,17564
rope,1854,0,8,135507
attn,1854,0,8,100621
o_proj,1854,0,8,175372
post_layernorm,1854,0,8,439767
gate_proj,1854,0,8,512235
up_proj,1854,0,8,518986
act_fn,1854,0,8,72852
down_proj,1854,0,8,522646
final_layernorm,1854,0,8,439740
lm_head,1854,0,8,1293553
embedding,1855,0,8,158800
input_layernorm,1855,0,8,438908
q_proj,1855,0,8,158532
k_proj,1855,0,8,20547
v_proj,1855,0,8,17570
rope,1855,0,8,135695
attn,1855,0,8,100295
o_proj,1855,0,8,174256
post_layernorm,1855,0,8,439955
gate_proj,1855,0,8,512521
up_proj,1855,0,8,518839
act_fn,1855,0,8,72932
down_proj,1855,0,8,522515
final_layernorm,1855,0,8,439695
lm_head,1855,0,8,1293623
embedding,1856,0,8,160307
input_layernorm,1856,0,8,438032
q_proj,1856,0,8,171344
k_proj,1856,0,8,20605
v_proj,1856,0,8,17303
rope,1856,0,8,135490
attn,1856,0,8,99564
o_proj,1856,0,8,177714
post_layernorm,1856,0,8,438813
gate_proj,1856,0,8,536499
up_proj,1856,0,8,540999
act_fn,1856,0,8,72427
down_proj,1856,0,8,531178
final_layernorm,1856,0,8,438927
lm_head,1856,0,8,1281621
embedding,1857,0,8,157213
input_layernorm,1857,0,8,436992
q_proj,1857,0,8,164378
k_proj,1857,0,8,20238
v_proj,1857,0,8,17405
rope,1857,0,8,133732
attn,1857,0,8,101107
o_proj,1857,0,8,172448
post_layernorm,1857,0,8,437828
gate_proj,1857,0,8,509659
up_proj,1857,0,8,519545
act_fn,1857,0,8,73247
down_proj,1857,0,8,520921
final_layernorm,1857,0,8,438108
lm_head,1857,0,8,1292688
embedding,1858,0,8,159352
input_layernorm,1858,0,8,438753
q_proj,1858,0,8,165170
k_proj,1858,0,8,20573
v_proj,1858,0,8,17566
rope,1858,0,8,136088
attn,1858,0,8,102470
o_proj,1858,0,8,174202
post_layernorm,1858,0,8,440167
gate_proj,1858,0,8,513268
up_proj,1858,0,8,519346
act_fn,1858,0,8,73160
down_proj,1858,0,8,523419
final_layernorm,1858,0,8,440208
lm_head,1858,0,8,1295263
embedding,1859,0,8,160868
input_layernorm,1859,0,8,438813
q_proj,1859,0,8,165342
k_proj,1859,0,8,20635
v_proj,1859,0,8,17494
rope,1859,0,8,135817
attn,1859,0,8,102315
o_proj,1859,0,8,175536
post_layernorm,1859,0,8,439790
gate_proj,1859,0,8,511990
up_proj,1859,0,8,519036
act_fn,1859,0,8,73060
down_proj,1859,0,8,521972
final_layernorm,1859,0,8,439985
lm_head,1859,0,8,1293249
embedding,1860,0,8,160953
input_layernorm,1860,0,8,439043
q_proj,1860,0,8,165382
k_proj,1860,0,8,20613
v_proj,1860,0,8,17570
rope,1860,0,8,136755
attn,1860,0,8,101848
o_proj,1860,0,8,175280
post_layernorm,1860,0,8,440380
gate_proj,1860,0,8,512631
up_proj,1860,0,8,519025
act_fn,1860,0,8,73317
down_proj,1860,0,8,522780
final_layernorm,1860,0,8,440682
lm_head,1860,0,8,1293549
embedding,1861,0,8,160363
input_layernorm,1861,0,8,439325
q_proj,1861,0,8,165110
k_proj,1861,0,8,20588
v_proj,1861,0,8,17453
rope,1861,0,8,136030
attn,1861,0,8,102784
o_proj,1861,0,8,173626
post_layernorm,1861,0,8,440752
gate_proj,1861,0,8,512102
up_proj,1861,0,8,519376
act_fn,1861,0,8,73077
down_proj,1861,0,8,522537
final_layernorm,1861,0,8,440275
lm_head,1861,0,8,1293053
embedding,1862,0,8,157647
input_layernorm,1862,0,8,437132
q_proj,1862,0,8,164522
k_proj,1862,0,8,20344
v_proj,1862,0,8,17374
rope,1862,0,8,134485
attn,1862,0,8,100948
o_proj,1862,0,8,172430
post_layernorm,1862,0,8,438895
gate_proj,1862,0,8,509628
up_proj,1862,0,8,519710
act_fn,1862,0,8,73210
down_proj,1862,0,8,520968
final_layernorm,1862,0,8,439008
lm_head,1862,0,8,1292609
embedding,1863,0,8,157553
input_layernorm,1863,0,8,437388
q_proj,1863,0,8,164598
k_proj,1863,0,8,20324
v_proj,1863,0,8,17419
rope,1863,0,8,134637
attn,1863,0,8,101138
o_proj,1863,0,8,172864
post_layernorm,1863,0,8,438772
gate_proj,1863,0,8,509810
up_proj,1863,0,8,519513
act_fn,1863,0,8,73440
down_proj,1863,0,8,523033
final_layernorm,1863,0,8,439213
lm_head,1863,0,8,1291954
embedding,1864,0,8,158648
input_layernorm,1864,0,8,438407
q_proj,1864,0,8,165024
k_proj,1864,0,8,20603
v_proj,1864,0,8,17473
rope,1864,0,8,135732
attn,1864,0,8,101310
o_proj,1864,0,8,173084
post_layernorm,1864,0,8,438947
gate_proj,1864,0,8,510969
up_proj,1864,0,8,519837
act_fn,1864,0,8,73613
down_proj,1864,0,8,522043
final_layernorm,1864,0,8,439447
lm_head,1864,0,8,1293214
embedding,1865,0,8,158952
input_layernorm,1865,0,8,439683
q_proj,1865,0,8,165062
k_proj,1865,0,8,20524
v_proj,1865,0,8,17438
rope,1865,0,8,136153
attn,1865,0,8,103256
o_proj,1865,0,8,174238
post_layernorm,1865,0,8,440370
gate_proj,1865,0,8,511634
up_proj,1865,0,8,520078
act_fn,1865,0,8,73195
down_proj,1865,0,8,522539
final_layernorm,1865,0,8,440892
lm_head,1865,0,8,1293669
embedding,1866,0,8,158597
input_layernorm,1866,0,8,439437
q_proj,1866,0,8,164908
k_proj,1866,0,8,20436
v_proj,1866,0,8,17410
rope,1866,0,8,135902
attn,1866,0,8,102972
o_proj,1866,0,8,174248
post_layernorm,1866,0,8,440575
gate_proj,1866,0,8,511518
up_proj,1866,0,8,520438
act_fn,1866,0,8,73443
down_proj,1866,0,8,522411
final_layernorm,1866,0,8,440253
lm_head,1866,0,8,1293974
embedding,1867,0,8,160890
input_layernorm,1867,0,8,440847
q_proj,1867,0,8,165454
k_proj,1867,0,8,20646
v_proj,1867,0,8,17520
rope,1867,0,8,137387
attn,1867,0,8,104037
o_proj,1867,0,8,174164
post_layernorm,1867,0,8,442217
gate_proj,1867,0,8,512817
up_proj,1867,0,8,520002
act_fn,1867,0,8,73703
down_proj,1867,0,8,522897
final_layernorm,1867,0,8,442423
lm_head,1867,0,8,1294268
embedding,1868,0,8,157383
input_layernorm,1868,0,8,438533
q_proj,1868,0,8,164496
k_proj,1868,0,8,20331
v_proj,1868,0,8,17270
rope,1868,0,8,135180
attn,1868,0,8,102416
o_proj,1868,0,8,172654
post_layernorm,1868,0,8,439717
gate_proj,1868,0,8,509490
up_proj,1868,0,8,519629
act_fn,1868,0,8,73463
down_proj,1868,0,8,521852
final_layernorm,1868,0,8,439665
lm_head,1868,0,8,1291847
embedding,1869,0,8,160758
input_layernorm,1869,0,8,441332
q_proj,1869,0,8,165348
k_proj,1869,0,8,20624
v_proj,1869,0,8,17525
rope,1869,0,8,137175
attn,1869,0,8,101581
o_proj,1869,0,8,174064
post_layernorm,1869,0,8,443050
gate_proj,1869,0,8,513537
up_proj,1869,0,8,520511
act_fn,1869,0,8,73428
down_proj,1869,0,8,523265
final_layernorm,1869,0,8,442437
lm_head,1869,0,8,1295560
embedding,1870,0,8,157473
input_layernorm,1870,0,8,438943
q_proj,1870,0,8,164818
k_proj,1870,0,8,20441
v_proj,1870,0,8,17291
rope,1870,0,8,134622
attn,1870,0,8,99794
o_proj,1870,0,8,172600
post_layernorm,1870,0,8,439852
gate_proj,1870,0,8,509825
up_proj,1870,0,8,520368
act_fn,1870,0,8,73847
down_proj,1870,0,8,521885
final_layernorm,1870,0,8,439810
lm_head,1870,0,8,1292772
embedding,1871,0,8,157008
input_layernorm,1871,0,8,438545
q_proj,1871,0,8,164570
k_proj,1871,0,8,20323
v_proj,1871,0,8,17277
rope,1871,0,8,134428
attn,1871,0,8,98013
o_proj,1871,0,8,172916
post_layernorm,1871,0,8,440065
gate_proj,1871,0,8,509459
up_proj,1871,0,8,519207
act_fn,1871,0,8,73827
down_proj,1871,0,8,521631
final_layernorm,1871,0,8,440217
lm_head,1871,0,8,1292455
embedding,1872,0,8,156900
input_layernorm,1872,0,8,438985
q_proj,1872,0,8,164600
k_proj,1872,0,8,20337
v_proj,1872,0,8,17261
rope,1872,0,8,135173
attn,1872,0,8,98593
o_proj,1872,0,8,172772
post_layernorm,1872,0,8,439320
gate_proj,1872,0,8,507433
up_proj,1872,0,8,514577
act_fn,1872,0,8,73608
down_proj,1872,0,8,521311
final_layernorm,1872,0,8,439600
lm_head,1872,0,8,1292179
embedding,1873,0,8,159668
input_layernorm,1873,0,8,440807
q_proj,1873,0,8,165424
k_proj,1873,0,8,20504
v_proj,1873,0,8,17470
rope,1873,0,8,136002
attn,1873,0,8,102076
o_proj,1873,0,8,175996
post_layernorm,1873,0,8,442275
gate_proj,1873,0,8,512076
up_proj,1873,0,8,520238
act_fn,1873,0,8,74282
down_proj,1873,0,8,527250
final_layernorm,1873,0,8,442460
lm_head,1873,0,8,1283755
embedding,1874,0,8,158312
input_layernorm,1874,0,8,439912
q_proj,1874,0,8,164718
k_proj,1874,0,8,20339
v_proj,1874,0,8,17285
rope,1874,0,8,134972
attn,1874,0,8,102211
o_proj,1874,0,8,173922
post_layernorm,1874,0,8,441228
gate_proj,1874,0,8,509479
up_proj,1874,0,8,520487
act_fn,1874,0,8,74262
down_proj,1874,0,8,526229
final_layernorm,1874,0,8,441337
lm_head,1874,0,8,1282503
embedding,1875,0,8,158340
input_layernorm,1875,0,8,439932
q_proj,1875,0,8,164762
k_proj,1875,0,8,20522
v_proj,1875,0,8,17285
rope,1875,0,8,134755
attn,1875,0,8,100786
o_proj,1875,0,8,174064
post_layernorm,1875,0,8,440912
gate_proj,1875,0,8,510618
up_proj,1875,0,8,519684
act_fn,1875,0,8,74228
down_proj,1875,0,8,526910
final_layernorm,1875,0,8,441390
lm_head,1875,0,8,1282756
embedding,1876,0,8,159392
input_layernorm,1876,0,8,440955
q_proj,1876,0,8,165084
k_proj,1876,0,8,20451
v_proj,1876,0,8,17292
rope,1876,0,8,136040
attn,1876,0,8,102385
o_proj,1876,0,8,175442
post_layernorm,1876,0,8,442002
gate_proj,1876,0,8,511086
up_proj,1876,0,8,520422
act_fn,1876,0,8,73732
down_proj,1876,0,8,526955
final_layernorm,1876,0,8,441603
lm_head,1876,0,8,1282372
embedding,1877,0,8,161093
input_layernorm,1877,0,8,442487
q_proj,1877,0,8,165476
k_proj,1877,0,8,20617
v_proj,1877,0,8,17378
rope,1877,0,8,136873
attn,1877,0,8,102156
o_proj,1877,0,8,176114
post_layernorm,1877,0,8,443618
gate_proj,1877,0,8,512696
up_proj,1877,0,8,520693
act_fn,1877,0,8,74223
down_proj,1877,0,8,527861
final_layernorm,1877,0,8,443518
lm_head,1877,0,8,1284559
embedding,1878,0,8,158453
input_layernorm,1878,0,8,440970
q_proj,1878,0,8,164884
k_proj,1878,0,8,20422
v_proj,1878,0,8,17309
rope,1878,0,8,135245
attn,1878,0,8,101083
o_proj,1878,0,8,173630
post_layernorm,1878,0,8,441902
gate_proj,1878,0,8,509851
up_proj,1878,0,8,520041
act_fn,1878,0,8,74145
down_proj,1878,0,8,526242
final_layernorm,1878,0,8,442207
lm_head,1878,0,8,1283932
embedding,1879,0,8,157772
input_layernorm,1879,0,8,439892
q_proj,1879,0,8,164712
k_proj,1879,0,8,20356
v_proj,1879,0,8,17193
rope,1879,0,8,134502
attn,1879,0,8,99738
o_proj,1879,0,8,173634
post_layernorm,1879,0,8,440870
gate_proj,1879,0,8,510176
up_proj,1879,0,8,519803
act_fn,1879,0,8,74398
down_proj,1879,0,8,526925
final_layernorm,1879,0,8,441242
lm_head,1879,0,8,1282112
embedding,1880,0,8,161773
input_layernorm,1880,0,8,442985
q_proj,1880,0,8,165584
k_proj,1880,0,8,20697
v_proj,1880,0,8,17486
rope,1880,0,8,137762
attn,1880,0,8,102016
o_proj,1880,0,8,176636
post_layernorm,1880,0,8,444050
gate_proj,1880,0,8,512915
up_proj,1880,0,8,520745
act_fn,1880,0,8,74502
down_proj,1880,0,8,527945
final_layernorm,1880,0,8,443955
lm_head,1880,0,8,1285053
embedding,1881,0,8,160815
input_layernorm,1881,0,8,442457
q_proj,1881,0,8,165302
k_proj,1881,0,8,20601
v_proj,1881,0,8,17348
rope,1881,0,8,136367
attn,1881,0,8,101278
o_proj,1881,0,8,175216
post_layernorm,1881,0,8,443892
gate_proj,1881,0,8,511775
up_proj,1881,0,8,520953
act_fn,1881,0,8,74333
down_proj,1881,0,8,526780
final_layernorm,1881,0,8,443600
lm_head,1881,0,8,1284028
embedding,1882,0,8,162387
input_layernorm,1882,0,8,444567
q_proj,1882,0,8,165680
k_proj,1882,0,8,20689
v_proj,1882,0,8,17509
rope,1882,0,8,137903
attn,1882,0,8,102338
o_proj,1882,0,8,176588
post_layernorm,1882,0,8,445257
gate_proj,1882,0,8,513797
up_proj,1882,0,8,521508
act_fn,1882,0,8,74473
down_proj,1882,0,8,528431
final_layernorm,1882,0,8,445412
lm_head,1882,0,8,1286611
embedding,1883,0,8,159467
input_layernorm,1883,0,8,441060
q_proj,1883,0,8,165006
k_proj,1883,0,8,20578
v_proj,1883,0,8,17289
rope,1883,0,8,134900
attn,1883,0,8,101377
o_proj,1883,0,8,173946
post_layernorm,1883,0,8,442108
gate_proj,1883,0,8,510341
up_proj,1883,0,8,520507
act_fn,1883,0,8,74877
down_proj,1883,0,8,527429
final_layernorm,1883,0,8,442228
lm_head,1883,0,8,1284152
embedding,1884,0,8,162540
input_layernorm,1884,0,8,445005
q_proj,1884,0,8,165920
k_proj,1884,0,8,20901
v_proj,1884,0,8,17615
rope,1884,0,8,138972
attn,1884,0,8,103094
o_proj,1884,0,8,177904
post_layernorm,1884,0,8,446167
gate_proj,1884,0,8,514826
up_proj,1884,0,8,521374
act_fn,1884,0,8,74407
down_proj,1884,0,8,529852
final_layernorm,1884,0,8,445847
lm_head,1884,0,8,1286937
embedding,1885,0,8,161123
input_layernorm,1885,0,8,443452
q_proj,1885,0,8,165362
k_proj,1885,0,8,20550
v_proj,1885,0,8,17382
rope,1885,0,8,136592
attn,1885,0,8,101813
o_proj,1885,0,8,175640
post_layernorm,1885,0,8,443928
gate_proj,1885,0,8,511734
up_proj,1885,0,8,521333
act_fn,1885,0,8,74550
down_proj,1885,0,8,527390
final_layernorm,1885,0,8,443980
lm_head,1885,0,8,1286068
embedding,1886,0,8,162085
input_layernorm,1886,0,8,444432
q_proj,1886,0,8,165868
k_proj,1886,0,8,20683
v_proj,1886,0,8,17522
rope,1886,0,8,137768
attn,1886,0,8,102227
o_proj,1886,0,8,176956
post_layernorm,1886,0,8,445948
gate_proj,1886,0,8,513572
up_proj,1886,0,8,521257
act_fn,1886,0,8,74615
down_proj,1886,0,8,528797
final_layernorm,1886,0,8,445768
lm_head,1886,0,8,1285723
embedding,1887,0,8,163420
input_layernorm,1887,0,8,446965
q_proj,1887,0,8,166436
k_proj,1887,0,8,20913
v_proj,1887,0,8,17703
rope,1887,0,8,139372
attn,1887,0,8,104048
o_proj,1887,0,8,179162
post_layernorm,1887,0,8,447463
gate_proj,1887,0,8,516115
up_proj,1887,0,8,521731
act_fn,1887,0,8,74758
down_proj,1887,0,8,530523
final_layernorm,1887,0,8,447310
lm_head,1887,0,8,1288105
embedding,1888,0,8,162787
input_layernorm,1888,0,8,445345
q_proj,1888,0,8,165834
k_proj,1888,0,8,20835
v_proj,1888,0,8,17511
rope,1888,0,8,138503
attn,1888,0,8,103802
o_proj,1888,0,8,177434
post_layernorm,1888,0,8,446625
gate_proj,1888,0,8,538854
up_proj,1888,0,8,543086
act_fn,1888,0,8,74183
down_proj,1888,0,8,528768
final_layernorm,1888,0,8,446395
lm_head,1888,0,8,1287138
embedding,1889,0,8,161707
input_layernorm,1889,0,8,444820
q_proj,1889,0,8,165726
k_proj,1889,0,8,20702
v_proj,1889,0,8,17488
rope,1889,0,8,137217
attn,1889,0,8,101864
o_proj,1889,0,8,176472
post_layernorm,1889,0,8,445585
gate_proj,1889,0,8,513582
up_proj,1889,0,8,521865
act_fn,1889,0,8,74827
down_proj,1889,0,8,528357
final_layernorm,1889,0,8,445712
lm_head,1889,0,8,1286962
embedding,1890,0,8,161757
input_layernorm,1890,0,8,445685
q_proj,1890,0,8,165940
k_proj,1890,0,8,20789
v_proj,1890,0,8,17387
rope,1890,0,8,137785
attn,1890,0,8,102518
o_proj,1890,0,8,177068
post_layernorm,1890,0,8,446673
gate_proj,1890,0,8,514224
up_proj,1890,0,8,521562
act_fn,1890,0,8,75265
down_proj,1890,0,8,528905
final_layernorm,1890,0,8,446545
lm_head,1890,0,8,1286797
embedding,1891,0,8,162187
input_layernorm,1891,0,8,445743
q_proj,1891,0,8,165976
k_proj,1891,0,8,20916
v_proj,1891,0,8,17447
rope,1891,0,8,137973
attn,1891,0,8,102359
o_proj,1891,0,8,177446
post_layernorm,1891,0,8,446537
gate_proj,1891,0,8,514336
up_proj,1891,0,8,522169
act_fn,1891,0,8,75003
down_proj,1891,0,8,529135
final_layernorm,1891,0,8,446875
lm_head,1891,0,8,1287566
embedding,1892,0,8,163848
input_layernorm,1892,0,8,447537
q_proj,1892,0,8,166374
k_proj,1892,0,8,20972
v_proj,1892,0,8,17586
rope,1892,0,8,140123
attn,1892,0,8,104242
o_proj,1892,0,8,179044
post_layernorm,1892,0,8,448330
gate_proj,1892,0,8,516488
up_proj,1892,0,8,522437
act_fn,1892,0,8,74998
down_proj,1892,0,8,531171
final_layernorm,1892,0,8,448090
lm_head,1892,0,8,1289159
embedding,1893,0,8,162093
input_layernorm,1893,0,8,444477
q_proj,1893,0,8,165614
k_proj,1893,0,8,20726
v_proj,1893,0,8,17344
rope,1893,0,8,136897
attn,1893,0,8,101473
o_proj,1893,0,8,175444
post_layernorm,1893,0,8,445832
gate_proj,1893,0,8,512438
up_proj,1893,0,8,522063
act_fn,1893,0,8,75107
down_proj,1893,0,8,527627
final_layernorm,1893,0,8,446023
lm_head,1893,0,8,1286696
embedding,1894,0,8,159385
input_layernorm,1894,0,8,442872
q_proj,1894,0,8,165112
k_proj,1894,0,8,20479
v_proj,1894,0,8,17227
rope,1894,0,8,135135
attn,1894,0,8,100673
o_proj,1894,0,8,173272
post_layernorm,1894,0,8,444143
gate_proj,1894,0,8,510467
up_proj,1894,0,8,521870
act_fn,1894,0,8,75305
down_proj,1894,0,8,527722
final_layernorm,1894,0,8,444072
lm_head,1894,0,8,1286203
embedding,1895,0,8,159422
input_layernorm,1895,0,8,442762
q_proj,1895,0,8,165124
k_proj,1895,0,8,20528
v_proj,1895,0,8,17282
rope,1895,0,8,135188
attn,1895,0,8,100268
o_proj,1895,0,8,173668
post_layernorm,1895,0,8,443717
gate_proj,1895,0,8,510772
up_proj,1895,0,8,521101
act_fn,1895,0,8,75068
down_proj,1895,0,8,527882
final_layernorm,1895,0,8,444030
lm_head,1895,0,8,1285548
embedding,1896,0,8,163683
input_layernorm,1896,0,8,446868
q_proj,1896,0,8,166222
k_proj,1896,0,8,20863
v_proj,1896,0,8,17557
rope,1896,0,8,139720
attn,1896,0,8,103029
o_proj,1896,0,8,177962
post_layernorm,1896,0,8,448465
gate_proj,1896,0,8,515034
up_proj,1896,0,8,522147
act_fn,1896,0,8,75227
down_proj,1896,0,8,529763
final_layernorm,1896,0,8,448190
lm_head,1896,0,8,1288461
embedding,1897,0,8,160973
input_layernorm,1897,0,8,444498
q_proj,1897,0,8,165418
k_proj,1897,0,8,20624
v_proj,1897,0,8,17294
rope,1897,0,8,136102
attn,1897,0,8,101095
o_proj,1897,0,8,174484
post_layernorm,1897,0,8,445480
gate_proj,1897,0,8,511407
up_proj,1897,0,8,522238
act_fn,1897,0,8,75377
down_proj,1897,0,8,527826
final_layernorm,1897,0,8,445663
lm_head,1897,0,8,1286574
embedding,1898,0,8,160075
input_layernorm,1898,0,8,444105
q_proj,1898,0,8,165182
k_proj,1898,0,8,20467
v_proj,1898,0,8,17224
rope,1898,0,8,135525
attn,1898,0,8,100840
o_proj,1898,0,8,173828
post_layernorm,1898,0,8,444913
gate_proj,1898,0,8,511305
up_proj,1898,0,8,521348
act_fn,1898,0,8,75487
down_proj,1898,0,8,528144
final_layernorm,1898,0,8,444680
lm_head,1898,0,8,1286127
embedding,1899,0,8,165518
input_layernorm,1899,0,8,449608
q_proj,1899,0,8,167008
k_proj,1899,0,8,20989
v_proj,1899,0,8,17588
rope,1899,0,8,140303
attn,1899,0,8,104380
o_proj,1899,0,8,179736
post_layernorm,1899,0,8,450705
gate_proj,1899,0,8,517151
up_proj,1899,0,8,522143
act_fn,1899,0,8,75503
down_proj,1899,0,8,531570
final_layernorm,1899,0,8,450345
lm_head,1899,0,8,1289463
embedding,1900,0,8,161558
input_layernorm,1900,0,8,446473
q_proj,1900,0,8,165740
k_proj,1900,0,8,20738
v_proj,1900,0,8,17343
rope,1900,0,8,137517
attn,1900,0,8,101883
o_proj,1900,0,8,175384
post_layernorm,1900,0,8,447565
gate_proj,1900,0,8,512584
up_proj,1900,0,8,522782
act_fn,1900,0,8,75517
down_proj,1900,0,8,528067
final_layernorm,1900,0,8,447583
lm_head,1900,0,8,1287531
embedding,1901,0,8,163805
input_layernorm,1901,0,8,448360
q_proj,1901,0,8,166302
k_proj,1901,0,8,20929
v_proj,1901,0,8,17524
rope,1901,0,8,138892
attn,1901,0,8,103411
o_proj,1901,0,8,177910
post_layernorm,1901,0,8,449177
gate_proj,1901,0,8,515556
up_proj,1901,0,8,523257
act_fn,1901,0,8,75502
down_proj,1901,0,8,530630
final_layernorm,1901,0,8,449342
lm_head,1901,0,8,1290243
embedding,1902,0,8,166222
input_layernorm,1902,0,8,451110
q_proj,1902,0,8,167780
k_proj,1902,0,8,21174
v_proj,1902,0,8,17644
rope,1902,0,8,141632
attn,1902,0,8,106006
o_proj,1902,0,8,180992
post_layernorm,1902,0,8,451968
gate_proj,1902,0,8,518826
up_proj,1902,0,8,522630
act_fn,1902,0,8,75247
down_proj,1902,0,8,533535
final_layernorm,1902,0,8,451475
lm_head,1902,0,8,1290809
embedding,1903,0,8,164502
input_layernorm,1903,0,8,449117
q_proj,1903,0,8,166542
k_proj,1903,0,8,20943
v_proj,1903,0,8,17509
rope,1903,0,8,139373
attn,1903,0,8,103298
o_proj,1903,0,8,177862
post_layernorm,1903,0,8,450628
gate_proj,1903,0,8,515522
up_proj,1903,0,8,522825
act_fn,1903,0,8,75297
down_proj,1903,0,8,530493
final_layernorm,1903,0,8,450358
lm_head,1903,0,8,1289617
embedding,1904,0,8,162777
input_layernorm,1904,0,8,447423
q_proj,1904,0,8,166070
k_proj,1904,0,8,20827
v_proj,1904,0,8,17442
rope,1904,0,8,138642
attn,1904,0,8,102161
o_proj,1904,0,8,176478
post_layernorm,1904,0,8,448022
gate_proj,1904,0,8,511231
up_proj,1904,0,8,517777
act_fn,1904,0,8,75105
down_proj,1904,0,8,528946
final_layernorm,1904,0,8,448793
lm_head,1904,0,8,1288807
embedding,1905,0,8,162363
input_layernorm,1905,0,8,447528
q_proj,1905,0,8,165764
k_proj,1905,0,8,20759
v_proj,1905,0,8,17433
rope,1905,0,8,137520
attn,1905,0,8,103013
o_proj,1905,0,8,176476
post_layernorm,1905,0,8,448610
gate_proj,1905,0,8,538042
up_proj,1905,0,8,543933
act_fn,1905,0,8,74658
down_proj,1905,0,8,528489
final_layernorm,1905,0,8,449118
lm_head,1905,0,8,1288433
embedding,1906,0,8,162460
input_layernorm,1906,0,8,447360
q_proj,1906,0,8,166070
k_proj,1906,0,8,20727
v_proj,1906,0,8,17392
rope,1906,0,8,137622
attn,1906,0,8,102058
o_proj,1906,0,8,176004
post_layernorm,1906,0,8,448410
gate_proj,1906,0,8,538167
up_proj,1906,0,8,543495
act_fn,1906,0,8,74693
down_proj,1906,0,8,528446
final_layernorm,1906,0,8,447992
lm_head,1906,0,8,1288769
embedding,1907,0,8,160305
input_layernorm,1907,0,8,446115
q_proj,1907,0,8,165738
k_proj,1907,0,8,20681
v_proj,1907,0,8,17204
rope,1907,0,8,136417
attn,1907,0,8,101948
o_proj,1907,0,8,174832
post_layernorm,1907,0,8,448025
gate_proj,1907,0,8,537034
up_proj,1907,0,8,543042
act_fn,1907,0,8,74748
down_proj,1907,0,8,527846
final_layernorm,1907,0,8,446975
lm_head,1907,0,8,1288557
embedding,1908,0,8,163570
input_layernorm,1908,0,8,448960
q_proj,1908,0,8,166304
k_proj,1908,0,8,20864
v_proj,1908,0,8,17492
rope,1908,0,8,139120
attn,1908,0,8,102998
o_proj,1908,0,8,177222
post_layernorm,1908,0,8,450162
gate_proj,1908,0,8,539318
up_proj,1908,0,8,543916
act_fn,1908,0,8,75145
down_proj,1908,0,8,529622
final_layernorm,1908,0,8,450085
lm_head,1908,0,8,1289815
embedding,1909,0,8,163688
input_layernorm,1909,0,8,448718
q_proj,1909,0,8,166106
k_proj,1909,0,8,20811
v_proj,1909,0,8,17496
rope,1909,0,8,138165
attn,1909,0,8,102329
o_proj,1909,0,8,176722
post_layernorm,1909,0,8,450032
gate_proj,1909,0,8,539010
up_proj,1909,0,8,543825
act_fn,1909,0,8,74925
down_proj,1909,0,8,529535
final_layernorm,1909,0,8,449907
lm_head,1909,0,8,1289399
embedding,1910,0,8,163267
input_layernorm,1910,0,8,449463
q_proj,1910,0,8,166336
k_proj,1910,0,8,20930
v_proj,1910,0,8,17487
rope,1910,0,8,138495
attn,1910,0,8,102440
o_proj,1910,0,8,176926
post_layernorm,1910,0,8,450008
gate_proj,1910,0,8,539522
up_proj,1910,0,8,543799
act_fn,1910,0,8,74952
down_proj,1910,0,8,529529
final_layernorm,1910,0,8,450363
lm_head,1910,0,8,1289362
embedding,1911,0,8,163637
input_layernorm,1911,0,8,449065
q_proj,1911,0,8,166388
k_proj,1911,0,8,20829
v_proj,1911,0,8,17445
rope,1911,0,8,138438
attn,1911,0,8,102794
o_proj,1911,0,8,177378
post_layernorm,1911,0,8,450043
gate_proj,1911,0,8,539149
up_proj,1911,0,8,543734
act_fn,1911,0,8,74827
down_proj,1911,0,8,529882
final_layernorm,1911,0,8,449855
lm_head,1911,0,8,1289141
embedding,1912,0,8,163783
input_layernorm,1912,0,8,448987
q_proj,1912,0,8,166226
k_proj,1912,0,8,20831
v_proj,1912,0,8,17442
rope,1912,0,8,138795
attn,1912,0,8,102005
o_proj,1912,0,8,176466
post_layernorm,1912,0,8,450592
gate_proj,1912,0,8,539236
up_proj,1912,0,8,544163
act_fn,1912,0,8,75028
down_proj,1912,0,8,529403
final_layernorm,1912,0,8,450192
lm_head,1912,0,8,1289630
embedding,1913,0,8,163522
input_layernorm,1913,0,8,449172
q_proj,1913,0,8,166048
k_proj,1913,0,8,20907
v_proj,1913,0,8,17404
rope,1913,0,8,137828
attn,1913,0,8,101297
o_proj,1913,0,8,176218
post_layernorm,1913,0,8,450080
gate_proj,1913,0,8,538778
up_proj,1913,0,8,544213
act_fn,1913,0,8,75037
down_proj,1913,0,8,529392
final_layernorm,1913,0,8,450023
lm_head,1913,0,8,1290217
embedding,1914,0,8,163643
input_layernorm,1914,0,8,449790
q_proj,1914,0,8,166298
k_proj,1914,0,8,20868
v_proj,1914,0,8,17482
rope,1914,0,8,138513
attn,1914,0,8,102043
o_proj,1914,0,8,176862
post_layernorm,1914,0,8,450483
gate_proj,1914,0,8,539509
up_proj,1914,0,8,543848
act_fn,1914,0,8,75237
down_proj,1914,0,8,529880
final_layernorm,1914,0,8,450775
lm_head,1914,0,8,1290443
embedding,1915,0,8,163305
input_layernorm,1915,0,8,448905
q_proj,1915,0,8,166138
k_proj,1915,0,8,20785
v_proj,1915,0,8,17417
rope,1915,0,8,137852
attn,1915,0,8,100950
o_proj,1915,0,8,176226
post_layernorm,1915,0,8,450000
gate_proj,1915,0,8,538986
up_proj,1915,0,8,544273
act_fn,1915,0,8,75317
down_proj,1915,0,8,529672
final_layernorm,1915,0,8,450547
lm_head,1915,0,8,1290027
embedding,1916,0,8,165568
input_layernorm,1916,0,8,451057
q_proj,1916,0,8,166794
k_proj,1916,0,8,20966
v_proj,1916,0,8,17567
rope,1916,0,8,140380
attn,1916,0,8,103137
o_proj,1916,0,8,178744
post_layernorm,1916,0,8,452020
gate_proj,1916,0,8,541623
up_proj,1916,0,8,544269
act_fn,1916,0,8,75307
down_proj,1916,0,8,531704
final_layernorm,1916,0,8,452235
lm_head,1916,0,8,1291287
embedding,1917,0,8,163870
input_layernorm,1917,0,8,450255
q_proj,1917,0,8,166582
k_proj,1917,0,8,20918
v_proj,1917,0,8,17487
rope,1917,0,8,138793
attn,1917,0,8,102223
o_proj,1917,0,8,176774
post_layernorm,1917,0,8,451545
gate_proj,1917,0,8,539563
up_proj,1917,0,8,544271
act_fn,1917,0,8,75112
down_proj,1917,0,8,530134
final_layernorm,1917,0,8,451907
lm_head,1917,0,8,1290952
embedding,1918,0,8,164375
input_layernorm,1918,0,8,451245
q_proj,1918,0,8,166810
k_proj,1918,0,8,20984
v_proj,1918,0,8,17570
rope,1918,0,8,139590
attn,1918,0,8,103885
o_proj,1918,0,8,177954
post_layernorm,1918,0,8,452547
gate_proj,1918,0,8,540648
up_proj,1918,0,8,544631
act_fn,1918,0,8,75592
down_proj,1918,0,8,531048
final_layernorm,1918,0,8,452775
lm_head,1918,0,8,1291546
embedding,1919,0,8,166282
input_layernorm,1919,0,8,452682
q_proj,1919,0,8,167090
k_proj,1919,0,8,21126
v_proj,1919,0,8,17637
rope,1919,0,8,140543
attn,1919,0,8,104210
o_proj,1919,0,8,179388
post_layernorm,1919,0,8,453585
gate_proj,1919,0,8,542501
up_proj,1919,0,8,544327
act_fn,1919,0,8,75355
down_proj,1919,0,8,532430
final_layernorm,1919,0,8,453828
lm_head,1919,0,8,1292773
embedding,1920,0,8,162015
input_layernorm,1920,0,8,448497
q_proj,1920,0,8,171994
k_proj,1920,0,8,20761
v_proj,1920,0,8,17328
rope,1920,0,8,137615
attn,1920,0,8,93698
o_proj,1920,0,8,177526
post_layernorm,1920,0,8,450007
gate_proj,1920,0,8,537775
up_proj,1920,0,8,544124
act_fn,1920,0,8,75437
down_proj,1920,0,8,533735
final_layernorm,1920,0,8,449853
lm_head,1920,0,8,1290353
embedding,1921,0,8,165242
input_layernorm,1921,0,8,452157
q_proj,1921,0,8,167260
k_proj,1921,0,8,22674
v_proj,1921,0,8,19525
rope,1921,0,8,139228
attn,1921,0,8,106519
o_proj,1921,0,8,179466
post_layernorm,1921,0,8,452895
gate_proj,1921,0,8,537416
up_proj,1921,0,8,543105
act_fn,1921,0,8,77078
down_proj,1921,0,8,544431
final_layernorm,1921,0,8,452603
lm_head,1921,0,8,1291300
embedding,1922,0,8,166128
input_layernorm,1922,0,8,453358
q_proj,1922,0,8,168184
k_proj,1922,0,8,22880
v_proj,1922,0,8,19739
rope,1922,0,8,140195
attn,1922,0,8,107384
o_proj,1922,0,8,180476
post_layernorm,1922,0,8,454002
gate_proj,1922,0,8,539149
up_proj,1922,0,8,544048
act_fn,1922,0,8,77293
down_proj,1922,0,8,546015
final_layernorm,1922,0,8,454208
lm_head,1922,0,8,1293368
embedding,1923,0,8,162935
input_layernorm,1923,0,8,449675
q_proj,1923,0,8,166794
k_proj,1923,0,8,22494
v_proj,1923,0,8,19255
rope,1923,0,8,136992
attn,1923,0,8,105083
o_proj,1923,0,8,177690
post_layernorm,1923,0,8,450448
gate_proj,1923,0,8,535154
up_proj,1923,0,8,543365
act_fn,1923,0,8,77620
down_proj,1923,0,8,542761
final_layernorm,1923,0,8,451665
lm_head,1923,0,8,1289719
embedding,1924,0,8,163122
input_layernorm,1924,0,8,450508
q_proj,1924,0,8,167034
k_proj,1924,0,8,22645
v_proj,1924,0,8,19348
rope,1924,0,8,137875
attn,1924,0,8,105339
o_proj,1924,0,8,178678
post_layernorm,1924,0,8,451625
gate_proj,1924,0,8,535749
up_proj,1924,0,8,543489
act_fn,1924,0,8,77568
down_proj,1924,0,8,543259
final_layernorm,1924,0,8,451798
lm_head,1924,0,8,1289777
embedding,1925,0,8,169037
input_layernorm,1925,0,8,453270
q_proj,1925,0,8,167936
k_proj,1925,0,8,22823
v_proj,1925,0,8,19611
rope,1925,0,8,139625
attn,1925,0,8,107343
o_proj,1925,0,8,180204
post_layernorm,1925,0,8,454487
gate_proj,1925,0,8,538369
up_proj,1925,0,8,543686
act_fn,1925,0,8,77295
down_proj,1925,0,8,545460
final_layernorm,1925,0,8,454242
lm_head,1925,0,8,1292486
embedding,1926,0,8,165068
input_layernorm,1926,0,8,452133
q_proj,1926,0,8,167210
k_proj,1926,0,8,22668
v_proj,1926,0,8,19550
rope,1926,0,8,138368
attn,1926,0,8,105732
o_proj,1926,0,8,178602
post_layernorm,1926,0,8,453290
gate_proj,1926,0,8,536569
up_proj,1926,0,8,543846
act_fn,1926,0,8,77505
down_proj,1926,0,8,543524
final_layernorm,1926,0,8,453165
lm_head,1926,0,8,1291077
embedding,1927,0,8,165782
input_layernorm,1927,0,8,451022
q_proj,1927,0,8,166822
k_proj,1927,0,8,22523
v_proj,1927,0,8,19406
rope,1927,0,8,137565
attn,1927,0,8,105058
o_proj,1927,0,8,177910
post_layernorm,1927,0,8,451990
gate_proj,1927,0,8,535793
up_proj,1927,0,8,543424
act_fn,1927,0,8,77450
down_proj,1927,0,8,542921
final_layernorm,1927,0,8,452490
lm_head,1927,0,8,1290093
embedding,1928,0,8,164305
input_layernorm,1928,0,8,451243
q_proj,1928,0,8,167046
k_proj,1928,0,8,22642
v_proj,1928,0,8,19413
rope,1928,0,8,138473
attn,1928,0,8,105692
o_proj,1928,0,8,178460
post_layernorm,1928,0,8,452572
gate_proj,1928,0,8,535970
up_proj,1928,0,8,543446
act_fn,1928,0,8,77478
down_proj,1928,0,8,543493
final_layernorm,1928,0,8,452777
lm_head,1928,0,8,1290120
embedding,1929,0,8,169567
input_layernorm,1929,0,8,454017
q_proj,1929,0,8,167894
k_proj,1929,0,8,22883
v_proj,1929,0,8,19711
rope,1929,0,8,139632
attn,1929,0,8,106472
o_proj,1929,0,8,180378
post_layernorm,1929,0,8,454867
gate_proj,1929,0,8,538778
up_proj,1929,0,8,543823
act_fn,1929,0,8,77485
down_proj,1929,0,8,545976
final_layernorm,1929,0,8,454875
lm_head,1929,0,8,1292341
embedding,1930,0,8,167365
input_layernorm,1930,0,8,454815
q_proj,1930,0,8,168412
k_proj,1930,0,8,22894
v_proj,1930,0,8,19644
rope,1930,0,8,140330
attn,1930,0,8,107263
o_proj,1930,0,8,180654
post_layernorm,1930,0,8,455582
gate_proj,1930,0,8,539363
up_proj,1930,0,8,544004
act_fn,1930,0,8,77727
down_proj,1930,0,8,546076
final_layernorm,1930,0,8,455630
lm_head,1930,0,8,1293606
embedding,1931,0,8,164630
input_layernorm,1931,0,8,450837
q_proj,1931,0,8,166526
k_proj,1931,0,8,22435
v_proj,1931,0,8,19155
rope,1931,0,8,136518
attn,1931,0,8,104746
o_proj,1931,0,8,177092
post_layernorm,1931,0,8,451360
gate_proj,1931,0,8,534001
up_proj,1931,0,8,543458
act_fn,1931,0,8,77915
down_proj,1931,0,8,541808
final_layernorm,1931,0,8,451580
lm_head,1931,0,8,1288784
embedding,1932,0,8,164715
input_layernorm,1932,0,8,452495
q_proj,1932,0,8,167262
k_proj,1932,0,8,22645
v_proj,1932,0,8,19382
rope,1932,0,8,138402
attn,1932,0,8,105652
o_proj,1932,0,8,178560
post_layernorm,1932,0,8,453553
gate_proj,1932,0,8,535971
up_proj,1932,0,8,543786
act_fn,1932,0,8,77792
down_proj,1932,0,8,543443
final_layernorm,1932,0,8,453902
lm_head,1932,0,8,1290684
embedding,1933,0,8,167733
input_layernorm,1933,0,8,455053
q_proj,1933,0,8,168114
k_proj,1933,0,8,22905
v_proj,1933,0,8,19718
rope,1933,0,8,139927
attn,1933,0,8,106886
o_proj,1933,0,8,180348
post_layernorm,1933,0,8,455973
gate_proj,1933,0,8,539153
up_proj,1933,0,8,543803
act_fn,1933,0,8,77708
down_proj,1933,0,8,545471
final_layernorm,1933,0,8,455723
lm_head,1933,0,8,1293404
embedding,1934,0,8,166415
input_layernorm,1934,0,8,453513
q_proj,1934,0,8,167432
k_proj,1934,0,8,22757
v_proj,1934,0,8,19579
rope,1934,0,8,138825
attn,1934,0,8,105778
o_proj,1934,0,8,178638
post_layernorm,1934,0,8,454942
gate_proj,1934,0,8,537140
up_proj,1934,0,8,544767
act_fn,1934,0,8,77808
down_proj,1934,0,8,544013
final_layernorm,1934,0,8,455085
lm_head,1934,0,8,1292505
embedding,1935,0,8,166990
input_layernorm,1935,0,8,453353
q_proj,1935,0,8,167314
k_proj,1935,0,8,22642
v_proj,1935,0,8,19470
rope,1935,0,8,138268
attn,1935,0,8,105968
o_proj,1935,0,8,178646
post_layernorm,1935,0,8,454722
gate_proj,1935,0,8,536584
up_proj,1935,0,8,544843
act_fn,1935,0,8,77810
down_proj,1935,0,8,544592
final_layernorm,1935,0,8,454900
lm_head,1935,0,8,1293507
embedding,1936,0,8,164675
input_layernorm,1936,0,8,452020
q_proj,1936,0,8,172684
k_proj,1936,0,8,24507
v_proj,1936,0,8,24068
rope,1936,0,8,137780
attn,1936,0,8,105036
o_proj,1936,0,8,197532
post_layernorm,1936,0,8,452678
gate_proj,1936,0,8,534740
up_proj,1936,0,8,544550
act_fn,1936,0,8,78168
down_proj,1936,0,8,580214
final_layernorm,1936,0,8,452848
lm_head,1936,0,8,1292747
embedding,1937,0,8,162272
input_layernorm,1937,0,8,452218
q_proj,1937,0,8,166972
k_proj,1937,0,8,24082
v_proj,1937,0,8,23804
rope,1937,0,8,136902
attn,1937,0,8,104720
o_proj,1937,0,8,177604
post_layernorm,1937,0,8,453452
gate_proj,1937,0,8,534879
up_proj,1937,0,8,544052
act_fn,1937,0,8,77840
down_proj,1937,0,8,543222
final_layernorm,1937,0,8,453533
lm_head,1937,0,8,1377691
embedding,1938,0,8,163980
input_layernorm,1938,0,8,454313
q_proj,1938,0,8,167296
k_proj,1938,0,8,23698
v_proj,1938,0,8,23454
rope,1938,0,8,138810
attn,1938,0,8,105571
o_proj,1938,0,8,178836
post_layernorm,1938,0,8,455290
gate_proj,1938,0,8,537175
up_proj,1938,0,8,544655
act_fn,1938,0,8,77837
down_proj,1938,0,8,544024
final_layernorm,1938,0,8,455252
lm_head,1938,0,8,1378857
embedding,1939,0,8,161950
input_layernorm,1939,0,8,452490
q_proj,1939,0,8,166692
k_proj,1939,0,8,24494
v_proj,1939,0,8,24410
rope,1939,0,8,136688
attn,1939,0,8,104608
o_proj,1939,0,8,176882
post_layernorm,1939,0,8,453400
gate_proj,1939,0,8,534021
up_proj,1939,0,8,544960
act_fn,1939,0,8,78128
down_proj,1939,0,8,542304
final_layernorm,1939,0,8,453970
lm_head,1939,0,8,1377132
embedding,1940,0,8,161330
input_layernorm,1940,0,8,451963
q_proj,1940,0,8,166826
k_proj,1940,0,8,24222
v_proj,1940,0,8,23418
rope,1940,0,8,137188
attn,1940,0,8,104262
o_proj,1940,0,8,176708
post_layernorm,1940,0,8,452898
gate_proj,1940,0,8,534107
up_proj,1940,0,8,544754
act_fn,1940,0,8,78053
down_proj,1940,0,8,542217
final_layernorm,1940,0,8,453310
lm_head,1940,0,8,1376802
embedding,1941,0,8,163768
input_layernorm,1941,0,8,453295
q_proj,1941,0,8,167228
k_proj,1941,0,8,23966
v_proj,1941,0,8,23916
rope,1941,0,8,137607
attn,1941,0,8,104897
o_proj,1941,0,8,178242
post_layernorm,1941,0,8,454097
gate_proj,1941,0,8,535695
up_proj,1941,0,8,544340
act_fn,1941,0,8,78208
down_proj,1941,0,8,544249
final_layernorm,1941,0,8,454753
lm_head,1941,0,8,1376286
embedding,1942,0,8,167097
input_layernorm,1942,0,8,456323
q_proj,1942,0,8,167802
k_proj,1942,0,8,23813
v_proj,1942,0,8,23496
rope,1942,0,8,139857
attn,1942,0,8,106436
o_proj,1942,0,8,179996
post_layernorm,1942,0,8,457155
gate_proj,1942,0,8,538493
up_proj,1942,0,8,545116
act_fn,1942,0,8,78068
down_proj,1942,0,8,545482
final_layernorm,1942,0,8,457227
lm_head,1942,0,8,1378871
embedding,1943,0,8,166565
input_layernorm,1943,0,8,455083
q_proj,1943,0,8,167300
k_proj,1943,0,8,24311
v_proj,1943,0,8,23921
rope,1943,0,8,138782
attn,1943,0,8,105293
o_proj,1943,0,8,178340
post_layernorm,1943,0,8,456610
gate_proj,1943,0,8,536712
up_proj,1943,0,8,545162
act_fn,1943,0,8,78112
down_proj,1943,0,8,543851
final_layernorm,1943,0,8,456377
lm_head,1943,0,8,1376864
embedding,1944,0,8,164293
input_layernorm,1944,0,8,454307
q_proj,1944,0,8,167226
k_proj,1944,0,8,23958
v_proj,1944,0,8,23548
rope,1944,0,8,138767
attn,1944,0,8,105337
o_proj,1944,0,8,177920
post_layernorm,1944,0,8,455430
gate_proj,1944,0,8,535648
up_proj,1944,0,8,545105
act_fn,1944,0,8,78307
down_proj,1944,0,8,543710
final_layernorm,1944,0,8,455793
lm_head,1944,0,8,1377477
embedding,1945,0,8,164970
input_layernorm,1945,0,8,454065
q_proj,1945,0,8,166842
k_proj,1945,0,8,24259
v_proj,1945,0,8,23753
rope,1945,0,8,137217
attn,1945,0,8,104933
o_proj,1945,0,8,177058
post_layernorm,1945,0,8,454992
gate_proj,1945,0,8,534092
up_proj,1945,0,8,545016
act_fn,1945,0,8,78142
down_proj,1945,0,8,543558
final_layernorm,1945,0,8,454955
lm_head,1945,0,8,1375867
embedding,1946,0,8,167437
input_layernorm,1946,0,8,457840
q_proj,1946,0,8,168322
k_proj,1946,0,8,23883
v_proj,1946,0,8,23623
rope,1946,0,8,140768
attn,1946,0,8,106794
o_proj,1946,0,8,180566
post_layernorm,1946,0,8,458332
gate_proj,1946,0,8,539374
up_proj,1946,0,8,545101
act_fn,1946,0,8,78392
down_proj,1946,0,8,546488
final_layernorm,1946,0,8,458803
lm_head,1946,0,8,1379153
embedding,1947,0,8,168480
input_layernorm,1947,0,8,457992
q_proj,1947,0,8,168620
k_proj,1947,0,8,24093
v_proj,1947,0,8,23830
rope,1947,0,8,140747
attn,1947,0,8,107297
o_proj,1947,0,8,180824
post_layernorm,1947,0,8,459245
gate_proj,1947,0,8,540111
up_proj,1947,0,8,545675
act_fn,1947,0,8,78148
down_proj,1947,0,8,547198
final_layernorm,1947,0,8,458672
lm_head,1947,0,8,1379527
embedding,1948,0,8,165485
input_layernorm,1948,0,8,457068
q_proj,1948,0,8,167892
k_proj,1948,0,8,24223
v_proj,1948,0,8,23615
rope,1948,0,8,140352
attn,1948,0,8,106182
o_proj,1948,0,8,179732
post_layernorm,1948,0,8,457490
gate_proj,1948,0,8,538581
up_proj,1948,0,8,545229
act_fn,1948,0,8,78383
down_proj,1948,0,8,545573
final_layernorm,1948,0,8,457887
lm_head,1948,0,8,1379150
embedding,1949,0,8,165475
input_layernorm,1949,0,8,455498
q_proj,1949,0,8,167232
k_proj,1949,0,8,24295
v_proj,1949,0,8,23662
rope,1949,0,8,138025
attn,1949,0,8,104900
o_proj,1949,0,8,177762
post_layernorm,1949,0,8,456537
gate_proj,1949,0,8,535756
up_proj,1949,0,8,545422
act_fn,1949,0,8,78667
down_proj,1949,0,8,543173
final_layernorm,1949,0,8,456707
lm_head,1949,0,8,1378002
embedding,1950,0,8,163800
input_layernorm,1950,0,8,455420
q_proj,1950,0,8,167316
k_proj,1950,0,8,24333
v_proj,1950,0,8,23650
rope,1950,0,8,138007
attn,1950,0,8,105144
o_proj,1950,0,8,177932
post_layernorm,1950,0,8,456333
gate_proj,1950,0,8,536233
up_proj,1950,0,8,544733
act_fn,1950,0,8,78535
down_proj,1950,0,8,544223
final_layernorm,1950,0,8,456473
lm_head,1950,0,8,1378653
embedding,1951,0,8,168887
input_layernorm,1951,0,8,459588
q_proj,1951,0,8,168584
k_proj,1951,0,8,24065
v_proj,1951,0,8,23714
rope,1951,0,8,141205
attn,1951,0,8,107401
o_proj,1951,0,8,181536
post_layernorm,1951,0,8,460185
gate_proj,1951,0,8,540191
up_proj,1951,0,8,545590
act_fn,1951,0,8,78785
down_proj,1951,0,8,547445
final_layernorm,1951,0,8,460058
lm_head,1951,0,8,1381017
embedding,1952,0,8,166232
input_layernorm,1952,0,8,456087
q_proj,1952,0,8,173644
k_proj,1952,0,8,23957
v_proj,1952,0,8,23713
rope,1952,0,8,139408
attn,1952,0,8,105974
o_proj,1952,0,8,185228
post_layernorm,1952,0,8,456972
gate_proj,1952,0,8,535466
up_proj,1952,0,8,541474
act_fn,1952,0,8,78718
down_proj,1952,0,8,560655
final_layernorm,1952,0,8,457183
lm_head,1952,0,8,1384612
embedding,1953,0,8,167000
input_layernorm,1953,0,8,458030
q_proj,1953,0,8,167970
k_proj,1953,0,8,23561
v_proj,1953,0,8,23004
rope,1953,0,8,139637
attn,1953,0,8,106050
o_proj,1953,0,8,179468
post_layernorm,1953,0,8,458968
gate_proj,1953,0,8,538285
up_proj,1953,0,8,546275
act_fn,1953,0,8,78762
down_proj,1953,0,8,545588
final_layernorm,1953,0,8,459200
lm_head,1953,0,8,1380317
embedding,1954,0,8,164662
input_layernorm,1954,0,8,456947
q_proj,1954,0,8,167598
k_proj,1954,0,8,23536
v_proj,1954,0,8,22945
rope,1954,0,8,138468
attn,1954,0,8,105189
o_proj,1954,0,8,178154
post_layernorm,1954,0,8,457492
gate_proj,1954,0,8,536499
up_proj,1954,0,8,545942
act_fn,1954,0,8,78703
down_proj,1954,0,8,543918
final_layernorm,1954,0,8,457952
lm_head,1954,0,8,1378890
embedding,1955,0,8,165012
input_layernorm,1955,0,8,456393
q_proj,1955,0,8,167310
k_proj,1955,0,8,23481
v_proj,1955,0,8,22834
rope,1955,0,8,138040
attn,1955,0,8,104431
o_proj,1955,0,8,177984
post_layernorm,1955,0,8,456932
gate_proj,1955,0,8,535912
up_proj,1955,0,8,545677
act_fn,1955,0,8,78803
down_proj,1955,0,8,543641
final_layernorm,1955,0,8,457565
lm_head,1955,0,8,1376422
embedding,1956,0,8,163457
input_layernorm,1956,0,8,456035
q_proj,1956,0,8,167118
k_proj,1956,0,8,23544
v_proj,1956,0,8,22664
rope,1956,0,8,138095
attn,1956,0,8,104583
o_proj,1956,0,8,177468
post_layernorm,1956,0,8,457123
gate_proj,1956,0,8,535006
up_proj,1956,0,8,545393
act_fn,1956,0,8,78777
down_proj,1956,0,8,543575
final_layernorm,1956,0,8,457248
lm_head,1956,0,8,1376346
embedding,1957,0,8,167963
input_layernorm,1957,0,8,459498
q_proj,1957,0,8,168274
k_proj,1957,0,8,23417
v_proj,1957,0,8,22854
rope,1957,0,8,140555
attn,1957,0,8,106737
o_proj,1957,0,8,180136
post_layernorm,1957,0,8,460667
gate_proj,1957,0,8,539335
up_proj,1957,0,8,546459
act_fn,1957,0,8,78797
down_proj,1957,0,8,546747
final_layernorm,1957,0,8,460930
lm_head,1957,0,8,1380794
embedding,1958,0,8,167003
input_layernorm,1958,0,8,458672
q_proj,1958,0,8,167846
k_proj,1958,0,8,23347
v_proj,1958,0,8,22816
rope,1958,0,8,139528
attn,1958,0,8,105529
o_proj,1958,0,8,179316
post_layernorm,1958,0,8,459870
gate_proj,1958,0,8,538128
up_proj,1958,0,8,546730
act_fn,1958,0,8,79088
down_proj,1958,0,8,545149
final_layernorm,1958,0,8,459712
lm_head,1958,0,8,1380261
embedding,1959,0,8,166102
input_layernorm,1959,0,8,457082
q_proj,1959,0,8,167558
k_proj,1959,0,8,23156
v_proj,1959,0,8,22731
rope,1959,0,8,138650
attn,1959,0,8,105098
o_proj,1959,0,8,178314
post_layernorm,1959,0,8,458202
gate_proj,1959,0,8,537054
up_proj,1959,0,8,546455
act_fn,1959,0,8,78860
down_proj,1959,0,8,544457
final_layernorm,1959,0,8,458678
lm_head,1959,0,8,1378389
embedding,1960,0,8,164298
input_layernorm,1960,0,8,456640
q_proj,1960,0,8,167100
k_proj,1960,0,8,23351
v_proj,1960,0,8,22533
rope,1960,0,8,138342
attn,1960,0,8,104759
o_proj,1960,0,8,177180
post_layernorm,1960,0,8,457012
gate_proj,1960,0,8,535513
up_proj,1960,0,8,546618
act_fn,1960,0,8,79117
down_proj,1960,0,8,543924
final_layernorm,1960,0,8,457625
lm_head,1960,0,8,1377822
embedding,1961,0,8,166365
input_layernorm,1961,0,8,458152
q_proj,1961,0,8,167582
k_proj,1961,0,8,23328
v_proj,1961,0,8,22409
rope,1961,0,8,138765
attn,1961,0,8,105218
o_proj,1961,0,8,178346
post_layernorm,1961,0,8,458758
gate_proj,1961,0,8,536718
up_proj,1961,0,8,545798
act_fn,1961,0,8,79052
down_proj,1961,0,8,545094
final_layernorm,1961,0,8,459270
lm_head,1961,0,8,1378681
embedding,1962,0,8,167932
input_layernorm,1962,0,8,460942
q_proj,1962,0,8,168578
k_proj,1962,0,8,23215
v_proj,1962,0,8,22321
rope,1962,0,8,140913
attn,1962,0,8,106903
o_proj,1962,0,8,180572
post_layernorm,1962,0,8,461660
gate_proj,1962,0,8,539814
up_proj,1962,0,8,546821
act_fn,1962,0,8,79437
down_proj,1962,0,8,547060
final_layernorm,1962,0,8,461847
lm_head,1962,0,8,1381007
embedding,1963,0,8,168472
input_layernorm,1963,0,8,459997
q_proj,1963,0,8,167984
k_proj,1963,0,8,23190
v_proj,1963,0,8,22509
rope,1963,0,8,139640
attn,1963,0,8,105571
o_proj,1963,0,8,179406
post_layernorm,1963,0,8,461057
gate_proj,1963,0,8,538339
up_proj,1963,0,8,546953
act_fn,1963,0,8,79352
down_proj,1963,0,8,545627
final_layernorm,1963,0,8,461373
lm_head,1963,0,8,1381057
embedding,1964,0,8,167725
input_layernorm,1964,0,8,460975
q_proj,1964,0,8,168132
k_proj,1964,0,8,22929
v_proj,1964,0,8,22352
rope,1964,0,8,140957
attn,1964,0,8,106025
o_proj,1964,0,8,180050
post_layernorm,1964,0,8,461980
gate_proj,1964,0,8,538999
up_proj,1964,0,8,546964
act_fn,1964,0,8,79243
down_proj,1964,0,8,546425
final_layernorm,1964,0,8,461933
lm_head,1964,0,8,1380799
embedding,1965,0,8,167208
input_layernorm,1965,0,8,459875
q_proj,1965,0,8,167746
k_proj,1965,0,8,23021
v_proj,1965,0,8,22260
rope,1965,0,8,139178
attn,1965,0,8,105311
o_proj,1965,0,8,178438
post_layernorm,1965,0,8,460553
gate_proj,1965,0,8,537054
up_proj,1965,0,8,546756
act_fn,1965,0,8,79288
down_proj,1965,0,8,544811
final_layernorm,1965,0,8,460978
lm_head,1965,0,8,1378471
embedding,1966,0,8,164373
input_layernorm,1966,0,8,458812
q_proj,1966,0,8,167624
k_proj,1966,0,8,22903
v_proj,1966,0,8,22151
rope,1966,0,8,138282
attn,1966,0,8,105033
o_proj,1966,0,8,178268
post_layernorm,1966,0,8,460190
gate_proj,1966,0,8,536876
up_proj,1966,0,8,546234
act_fn,1966,0,8,79198
down_proj,1966,0,8,545560
final_layernorm,1966,0,8,460607
lm_head,1966,0,8,1378822
embedding,1967,0,8,167598
input_layernorm,1967,0,8,459622
q_proj,1967,0,8,167842
k_proj,1967,0,8,23182
v_proj,1967,0,8,22214
rope,1967,0,8,138645
attn,1967,0,8,105522
o_proj,1967,0,8,178858
post_layernorm,1967,0,8,460573
gate_proj,1967,0,8,537522
up_proj,1967,0,8,546773
act_fn,1967,0,8,79412
down_proj,1967,0,8,545205
final_layernorm,1967,0,8,460978
lm_head,1967,0,8,1378774
embedding,1968,0,8,168833
input_layernorm,1968,0,8,461583
q_proj,1968,0,8,173940
k_proj,1968,0,8,22471
v_proj,1968,0,8,21987
rope,1968,0,8,141198
attn,1968,0,8,106048
o_proj,1968,0,8,186222
post_layernorm,1968,0,8,462483
gate_proj,1968,0,8,539062
up_proj,1968,0,8,546994
act_fn,1968,0,8,79560
down_proj,1968,0,8,561611
final_layernorm,1968,0,8,462078
lm_head,1968,0,8,1365120
embedding,1969,0,8,167745
input_layernorm,1969,0,8,461233
q_proj,1969,0,8,168104
k_proj,1969,0,8,22898
v_proj,1969,0,8,22071
rope,1969,0,8,139530
attn,1969,0,8,106007
o_proj,1969,0,8,179532
post_layernorm,1969,0,8,462013
gate_proj,1969,0,8,538514
up_proj,1969,0,8,547675
act_fn,1969,0,8,79650
down_proj,1969,0,8,546388
final_layernorm,1969,0,8,462227
lm_head,1969,0,8,1381038
embedding,1970,0,8,165398
input_layernorm,1970,0,8,459923
q_proj,1970,0,8,167754
k_proj,1970,0,8,22851
v_proj,1970,0,8,21962
rope,1970,0,8,138630
attn,1970,0,8,105099
o_proj,1970,0,8,177956
post_layernorm,1970,0,8,460427
gate_proj,1970,0,8,536517
up_proj,1970,0,8,547248
act_fn,1970,0,8,79507
down_proj,1970,0,8,544839
final_layernorm,1970,0,8,460910
lm_head,1970,0,8,1379312
embedding,1971,0,8,164890
input_layernorm,1971,0,8,459662
q_proj,1971,0,8,167482
k_proj,1971,0,8,22972
v_proj,1971,0,8,21996
rope,1971,0,8,137993
attn,1971,0,8,104500
o_proj,1971,0,8,177666
post_layernorm,1971,0,8,460357
gate_proj,1971,0,8,536432
up_proj,1971,0,8,546202
act_fn,1971,0,8,79713
down_proj,1971,0,8,544704
final_layernorm,1971,0,8,461203
lm_head,1971,0,8,1377858
embedding,1972,0,8,165155
input_layernorm,1972,0,8,460063
q_proj,1972,0,8,167736
k_proj,1972,0,8,22869
v_proj,1972,0,8,21867
rope,1972,0,8,139200
attn,1972,0,8,105186
o_proj,1972,0,8,178032
post_layernorm,1972,0,8,460760
gate_proj,1972,0,8,536426
up_proj,1972,0,8,546747
act_fn,1972,0,8,79715
down_proj,1972,0,8,545322
final_layernorm,1972,0,8,461345
lm_head,1972,0,8,1379247
embedding,1973,0,8,169393
input_layernorm,1973,0,8,463678
q_proj,1973,0,8,168720
k_proj,1973,0,8,22932
v_proj,1973,0,8,21938
rope,1973,0,8,141373
attn,1973,0,8,106584
o_proj,1973,0,8,180830
post_layernorm,1973,0,8,464080
gate_proj,1973,0,8,540555
up_proj,1973,0,8,547809
act_fn,1973,0,8,79940
down_proj,1973,0,8,548264
final_layernorm,1973,0,8,464345
lm_head,1973,0,8,1381797
embedding,1974,0,8,166298
input_layernorm,1974,0,8,461710
q_proj,1974,0,8,167850
k_proj,1974,0,8,22634
v_proj,1974,0,8,21788
rope,1974,0,8,139082
attn,1974,0,8,105441
o_proj,1974,0,8,178534
post_layernorm,1974,0,8,461950
gate_proj,1974,0,8,537725
up_proj,1974,0,8,547948
act_fn,1974,0,8,79897
down_proj,1974,0,8,545285
final_layernorm,1974,0,8,463047
lm_head,1974,0,8,1380674
embedding,1975,0,8,169897
input_layernorm,1975,0,8,464173
q_proj,1975,0,8,168658
k_proj,1975,0,8,22611
v_proj,1975,0,8,21881
rope,1975,0,8,141457
attn,1975,0,8,106605
o_proj,1975,0,8,180402
post_layernorm,1975,0,8,464583
gate_proj,1975,0,8,540183
up_proj,1975,0,8,548169
act_fn,1975,0,8,79810
down_proj,1975,0,8,547588
final_layernorm,1975,0,8,465043
lm_head,1975,0,8,1382725
embedding,1976,0,8,165397
input_layernorm,1976,0,8,461043
q_proj,1976,0,8,167736
k_proj,1976,0,8,22705
v_proj,1976,0,8,21697
rope,1976,0,8,138792
attn,1976,0,8,104646
o_proj,1976,0,8,177728
post_layernorm,1976,0,8,461202
gate_proj,1976,0,8,536504
up_proj,1976,0,8,547629
act_fn,1976,0,8,80107
down_proj,1976,0,8,545188
final_layernorm,1976,0,8,461362
lm_head,1976,0,8,1379594
embedding,1977,0,8,166878
input_layernorm,1977,0,8,461392
q_proj,1977,0,8,167750
k_proj,1977,0,8,22771
v_proj,1977,0,8,21929
rope,1977,0,8,138317
attn,1977,0,8,105123
o_proj,1977,0,8,178314
post_layernorm,1977,0,8,461598
gate_proj,1977,0,8,537260
up_proj,1977,0,8,547259
act_fn,1977,0,8,80020
down_proj,1977,0,8,545656
final_layernorm,1977,0,8,462655
lm_head,1977,0,8,1366066
embedding,1978,0,8,169077
input_layernorm,1978,0,8,464442
q_proj,1978,0,8,168656
k_proj,1978,0,8,22509
v_proj,1978,0,8,21509
rope,1978,0,8,141190
attn,1978,0,8,106527
o_proj,1978,0,8,180408
post_layernorm,1978,0,8,465043
gate_proj,1978,0,8,540180
up_proj,1978,0,8,548201
act_fn,1978,0,8,80090
down_proj,1978,0,8,547796
final_layernorm,1978,0,8,465572
lm_head,1978,0,8,1367251
embedding,1979,0,8,169925
input_layernorm,1979,0,8,464427
q_proj,1979,0,8,168604
k_proj,1979,0,8,22550
v_proj,1979,0,8,21670
rope,1979,0,8,141153
attn,1979,0,8,106691
o_proj,1979,0,8,180694
post_layernorm,1979,0,8,465487
gate_proj,1979,0,8,540980
up_proj,1979,0,8,548297
act_fn,1979,0,8,79895
down_proj,1979,0,8,548000
final_layernorm,1979,0,8,465867
lm_head,1979,0,8,1368473
embedding,1980,0,8,169057
input_layernorm,1980,0,8,464502
q_proj,1980,0,8,168272
k_proj,1980,0,8,22538
v_proj,1980,0,8,21506
rope,1980,0,8,141207
attn,1980,0,8,105804
o_proj,1980,0,8,179462
post_layernorm,1980,0,8,464697
gate_proj,1980,0,8,539231
up_proj,1980,0,8,548264
act_fn,1980,0,8,80078
down_proj,1980,0,8,546513
final_layernorm,1980,0,8,465467
lm_head,1980,0,8,1367527
embedding,1981,0,8,168065
input_layernorm,1981,0,8,463595
q_proj,1981,0,8,168100
k_proj,1981,0,8,22625
v_proj,1981,0,8,21642
rope,1981,0,8,139760
attn,1981,0,8,105529
o_proj,1981,0,8,179374
post_layernorm,1981,0,8,464810
gate_proj,1981,0,8,538523
up_proj,1981,0,8,548223
act_fn,1981,0,8,80285
down_proj,1981,0,8,546609
final_layernorm,1981,0,8,465002
lm_head,1981,0,8,1368091
embedding,1982,0,8,166845
input_layernorm,1982,0,8,462295
q_proj,1982,0,8,167708
k_proj,1982,0,8,22663
v_proj,1982,0,8,21525
rope,1982,0,8,138325
attn,1982,0,8,104862
o_proj,1982,0,8,178042
post_layernorm,1982,0,8,463035
gate_proj,1982,0,8,537019
up_proj,1982,0,8,547549
act_fn,1982,0,8,80360
down_proj,1982,0,8,546143
final_layernorm,1982,0,8,463698
lm_head,1982,0,8,1366539
embedding,1983,0,8,169257
input_layernorm,1983,0,8,465540
q_proj,1983,0,8,168628
k_proj,1983,0,8,22651
v_proj,1983,0,8,21432
rope,1983,0,8,141152
attn,1983,0,8,106427
o_proj,1983,0,8,180222
post_layernorm,1983,0,8,466077
gate_proj,1983,0,8,540252
up_proj,1983,0,8,548331
act_fn,1983,0,8,80430
down_proj,1983,0,8,547530
final_layernorm,1983,0,8,467050
lm_head,1983,0,8,1368187
embedding,1984,0,8,170590
input_layernorm,1984,0,8,465470
q_proj,1984,0,8,174238
k_proj,1984,0,8,22669
v_proj,1984,0,8,21620
rope,1984,0,8,141107
attn,1984,0,8,106625
o_proj,1984,0,8,186836
post_layernorm,1984,0,8,466163
gate_proj,1984,0,8,559982
up_proj,1984,0,8,567795
act_fn,1984,0,8,79292
down_proj,1984,0,8,563000
final_layernorm,1984,0,8,466328
lm_head,1984,0,8,1388857
embedding,1985,0,8,169232
input_layernorm,1985,0,8,466057
q_proj,1985,0,8,174022
k_proj,1985,0,8,28301
v_proj,1985,0,8,28303
rope,1985,0,8,141565
attn,1985,0,8,108542
o_proj,1985,0,8,185938
post_layernorm,1985,0,8,467387
gate_proj,1985,0,8,539751
up_proj,1985,0,8,548464
act_fn,1985,0,8,80362
down_proj,1985,0,8,561936
final_layernorm,1985,0,8,467160
lm_head,1985,0,8,1368698
embedding,1986,0,8,167675
input_layernorm,1986,0,8,463860
q_proj,1986,0,8,173402
k_proj,1986,0,8,28473
v_proj,1986,0,8,27608
rope,1986,0,8,139832
attn,1986,0,8,107249
o_proj,1986,0,8,184180
post_layernorm,1986,0,8,464907
gate_proj,1986,0,8,537455
up_proj,1986,0,8,548327
act_fn,1986,0,8,80563
down_proj,1986,0,8,560701
final_layernorm,1986,0,8,465102
lm_head,1986,0,8,1367661
embedding,1987,0,8,167855
input_layernorm,1987,0,8,464702
q_proj,1987,0,8,173536
k_proj,1987,0,8,28250
v_proj,1987,0,8,28091
rope,1987,0,8,139283
attn,1987,0,8,107582
o_proj,1987,0,8,184372
post_layernorm,1987,0,8,465117
gate_proj,1987,0,8,538070
up_proj,1987,0,8,548216
act_fn,1987,0,8,80577
down_proj,1987,0,8,561097
final_layernorm,1987,0,8,465522
lm_head,1987,0,8,1367580
embedding,1988,0,8,168462
input_layernorm,1988,0,8,465813
q_proj,1988,0,8,173812
k_proj,1988,0,8,28251
v_proj,1988,0,8,27540
rope,1988,0,8,140260
attn,1988,0,8,107626
o_proj,1988,0,8,185402
post_layernorm,1988,0,8,466497
gate_proj,1988,0,8,538930
up_proj,1988,0,8,548201
act_fn,1988,0,8,80770
down_proj,1988,0,8,561656
final_layernorm,1988,0,8,466653
lm_head,1988,0,8,1367811
embedding,1989,0,8,170587
input_layernorm,1989,0,8,467715
q_proj,1989,0,8,174576
k_proj,1989,0,8,28287
v_proj,1989,0,8,27922
rope,1989,0,8,142012
attn,1989,0,8,109347
o_proj,1989,0,8,187516
post_layernorm,1989,0,8,468462
gate_proj,1989,0,8,541623
up_proj,1989,0,8,549059
act_fn,1989,0,8,80708
down_proj,1989,0,8,564033
final_layernorm,1989,0,8,468663
lm_head,1989,0,8,1370586
embedding,1990,0,8,169758
input_layernorm,1990,0,8,467922
q_proj,1990,0,8,174596
k_proj,1990,0,8,28448
v_proj,1990,0,8,27637
rope,1990,0,8,141963
attn,1990,0,8,109191
o_proj,1990,0,8,187692
post_layernorm,1990,0,8,468577
gate_proj,1990,0,8,541736
up_proj,1990,0,8,549226
act_fn,1990,0,8,80570
down_proj,1990,0,8,564115
final_layernorm,1990,0,8,468935
lm_head,1990,0,8,1370896
embedding,1991,0,8,170008
input_layernorm,1991,0,8,465577
q_proj,1991,0,8,173844
k_proj,1991,0,8,27939
v_proj,1991,0,8,27544
rope,1991,0,8,139925
attn,1991,0,8,108440
o_proj,1991,0,8,185172
post_layernorm,1991,0,8,466680
gate_proj,1991,0,8,538759
up_proj,1991,0,8,548581
act_fn,1991,0,8,80742
down_proj,1991,0,8,561723
final_layernorm,1991,0,8,466725
lm_head,1991,0,8,1369257
embedding,1992,0,8,172392
input_layernorm,1992,0,8,468777
q_proj,1992,0,8,174768
k_proj,1992,0,8,28444
v_proj,1992,0,8,27417
rope,1992,0,8,143183
attn,1992,0,8,109728
o_proj,1992,0,8,188042
post_layernorm,1992,0,8,469330
gate_proj,1992,0,8,542583
up_proj,1992,0,8,549157
act_fn,1992,0,8,80852
down_proj,1992,0,8,564649
final_layernorm,1992,0,8,469943
lm_head,1992,0,8,1371164
embedding,1993,0,8,167703
input_layernorm,1993,0,8,465062
q_proj,1993,0,8,173354
k_proj,1993,0,8,27551
v_proj,1993,0,8,27198
rope,1993,0,8,138880
attn,1993,0,8,107310
o_proj,1993,0,8,183552
post_layernorm,1993,0,8,465523
gate_proj,1993,0,8,537056
up_proj,1993,0,8,548949
act_fn,1993,0,8,80998
down_proj,1993,0,8,560530
final_layernorm,1993,0,8,466150
lm_head,1993,0,8,1368344
embedding,1994,0,8,169360
input_layernorm,1994,0,8,465945
q_proj,1994,0,8,173834
k_proj,1994,0,8,27528
v_proj,1994,0,8,27247
rope,1994,0,8,139365
attn,1994,0,8,107661
o_proj,1994,0,8,185158
post_layernorm,1994,0,8,466898
gate_proj,1994,0,8,538915
up_proj,1994,0,8,548546
act_fn,1994,0,8,81030
down_proj,1994,0,8,561234
final_layernorm,1994,0,8,467418
lm_head,1994,0,8,1369084
embedding,1995,0,8,172473
input_layernorm,1995,0,8,468793
q_proj,1995,0,8,174420
k_proj,1995,0,8,27839
v_proj,1995,0,8,27368
rope,1995,0,8,142113
attn,1995,0,8,109259
o_proj,1995,0,8,186846
post_layernorm,1995,0,8,469072
gate_proj,1995,0,8,540999
up_proj,1995,0,8,548986
act_fn,1995,0,8,81217
down_proj,1995,0,8,563030
final_layernorm,1995,0,8,469592
lm_head,1995,0,8,1370566
embedding,1996,0,8,171930
input_layernorm,1996,0,8,468157
q_proj,1996,0,8,174282
k_proj,1996,0,8,27501
v_proj,1996,0,8,26940
rope,1996,0,8,142282
attn,1996,0,8,108866
o_proj,1996,0,8,186496
post_layernorm,1996,0,8,469415
gate_proj,1996,0,8,540633
up_proj,1996,0,8,549521
act_fn,1996,0,8,81067
down_proj,1996,0,8,562855
final_layernorm,1996,0,8,469080
lm_head,1996,0,8,1371249
embedding,1997,0,8,169575
input_layernorm,1997,0,8,467200
q_proj,1997,0,8,173836
k_proj,1997,0,8,27228
v_proj,1997,0,8,26989
rope,1997,0,8,140775
attn,1997,0,8,107891
o_proj,1997,0,8,184912
post_layernorm,1997,0,8,468278
gate_proj,1997,0,8,538844
up_proj,1997,0,8,549556
act_fn,1997,0,8,81087
down_proj,1997,0,8,560970
final_layernorm,1997,0,8,468678
lm_head,1997,0,8,1370072
embedding,1998,0,8,170907
input_layernorm,1998,0,8,468470
q_proj,1998,0,8,174248
k_proj,1998,0,8,27145
v_proj,1998,0,8,26684
rope,1998,0,8,141440
attn,1998,0,8,108610
o_proj,1998,0,8,185996
post_layernorm,1998,0,8,468638
gate_proj,1998,0,8,539909
up_proj,1998,0,8,549660
act_fn,1998,0,8,81000
down_proj,1998,0,8,562982
final_layernorm,1998,0,8,469160
lm_head,1998,0,8,1371141
embedding,1999,0,8,170742
input_layernorm,1999,0,8,467650
q_proj,1999,0,8,174094
k_proj,1999,0,8,27207
v_proj,1999,0,8,26496
rope,1999,0,8,140807
attn,1999,0,8,108603
o_proj,1999,0,8,185944
post_layernorm,1999,0,8,468713
gate_proj,1999,0,8,540026
up_proj,1999,0,8,549605
act_fn,1999,0,8,81378
down_proj,1999,0,8,563039
final_layernorm,1999,0,8,469380
lm_head,1999,0,8,1371467
embedding,2000,0,8,169595
input_layernorm,2000,0,8,467445
q_proj,2000,0,8,174294
k_proj,2000,0,8,26808
v_proj,2000,0,8,26295
rope,2000,0,8,141190
attn,2000,0,8,107886
o_proj,2000,0,8,186032
post_layernorm,2000,0,8,468168
gate_proj,2000,0,8,540245
up_proj,2000,0,8,549469
act_fn,2000,0,8,81370
down_proj,2000,0,8,563004
final_layernorm,2000,0,8,468232
lm_head,2000,0,8,1371155
embedding,2001,0,8,171720
input_layernorm,2001,0,8,469940
q_proj,2001,0,8,174588
k_proj,2001,0,8,27544
v_proj,2001,0,8,26500
rope,2001,0,8,142973
attn,2001,0,8,109727
o_proj,2001,0,8,187066
post_layernorm,2001,0,8,471167
gate_proj,2001,0,8,541697
up_proj,2001,0,8,549924
act_fn,2001,0,8,81278
down_proj,2001,0,8,563760
final_layernorm,2001,0,8,471070
lm_head,2001,0,8,1372336
embedding,2002,0,8,170285
input_layernorm,2002,0,8,469418
q_proj,2002,0,8,174310
k_proj,2002,0,8,26957
v_proj,2002,0,8,26507
rope,2002,0,8,141472
attn,2002,0,8,108369
o_proj,2002,0,8,186308
post_layernorm,2002,0,8,470202
gate_proj,2002,0,8,540689
up_proj,2002,0,8,550557
act_fn,2002,0,8,81410
down_proj,2002,0,8,563427
final_layernorm,2002,0,8,470492
lm_head,2002,0,8,1373176
embedding,2003,0,8,170465
input_layernorm,2003,0,8,469078
q_proj,2003,0,8,174206
k_proj,2003,0,8,27049
v_proj,2003,0,8,26207
rope,2003,0,8,141168
attn,2003,0,8,107939
o_proj,2003,0,8,185520
post_layernorm,2003,0,8,469318
gate_proj,2003,0,8,539992
up_proj,2003,0,8,550065
act_fn,2003,0,8,81460
down_proj,2003,0,8,562087
final_layernorm,2003,0,8,469795
lm_head,2003,0,8,1372193
embedding,2004,0,8,171527
input_layernorm,2004,0,8,470850
q_proj,2004,0,8,174548
k_proj,2004,0,8,26674
v_proj,2004,0,8,26339
rope,2004,0,8,142832
attn,2004,0,8,109184
o_proj,2004,0,8,187226
post_layernorm,2004,0,8,471585
gate_proj,2004,0,8,542068
up_proj,2004,0,8,550511
act_fn,2004,0,8,81720
down_proj,2004,0,8,564315
final_layernorm,2004,0,8,472113
lm_head,2004,0,8,1373703
embedding,2005,0,8,169978
input_layernorm,2005,0,8,469610
q_proj,2005,0,8,174148
k_proj,2005,0,8,27176
v_proj,2005,0,8,26351
rope,2005,0,8,140852
attn,2005,0,8,107938
o_proj,2005,0,8,185094
post_layernorm,2005,0,8,469510
gate_proj,2005,0,8,539433
up_proj,2005,0,8,549274
act_fn,2005,0,8,81597
down_proj,2005,0,8,561713
final_layernorm,2005,0,8,470320
lm_head,2005,0,8,1371061
embedding,2006,0,8,168983
input_layernorm,2006,0,8,467458
q_proj,2006,0,8,173676
k_proj,2006,0,8,26636
v_proj,2006,0,8,26254
rope,2006,0,8,139272
attn,2006,0,8,107055
o_proj,2006,0,8,184316
post_layernorm,2006,0,8,468743
gate_proj,2006,0,8,538549
up_proj,2006,0,8,548663
act_fn,2006,0,8,81607
down_proj,2006,0,8,561375
final_layernorm,2006,0,8,468405
lm_head,2006,0,8,1370281
embedding,2007,0,8,172288
input_layernorm,2007,0,8,471173
q_proj,2007,0,8,174616
k_proj,2007,0,8,26799
v_proj,2007,0,8,25914
rope,2007,0,8,142417
attn,2007,0,8,109236
o_proj,2007,0,8,187478
post_layernorm,2007,0,8,472143
gate_proj,2007,0,8,541953
up_proj,2007,0,8,550136
act_fn,2007,0,8,81975
down_proj,2007,0,8,564443
final_layernorm,2007,0,8,472452
lm_head,2007,0,8,1373037
embedding,2008,0,8,174460
input_layernorm,2008,0,8,471098
q_proj,2008,0,8,174844
k_proj,2008,0,8,26336
v_proj,2008,0,8,25750
rope,2008,0,8,143508
attn,2008,0,8,109385
o_proj,2008,0,8,187872
post_layernorm,2008,0,8,472202
gate_proj,2008,0,8,542925
up_proj,2008,0,8,550530
act_fn,2008,0,8,81643
down_proj,2008,0,8,564746
final_layernorm,2008,0,8,472603
lm_head,2008,0,8,1374010
embedding,2009,0,8,171802
input_layernorm,2009,0,8,470983
q_proj,2009,0,8,174472
k_proj,2009,0,8,26950
v_proj,2009,0,8,25880
rope,2009,0,8,142017
attn,2009,0,8,108710
o_proj,2009,0,8,186602
post_layernorm,2009,0,8,471977
gate_proj,2009,0,8,540609
up_proj,2009,0,8,550444
act_fn,2009,0,8,81715
down_proj,2009,0,8,562922
final_layernorm,2009,0,8,472028
lm_head,2009,0,8,1372565
embedding,2010,0,8,169848
input_layernorm,2010,0,8,468910
q_proj,2010,0,8,173726
k_proj,2010,0,8,26260
v_proj,2010,0,8,26199
rope,2010,0,8,139938
attn,2010,0,8,107377
o_proj,2010,0,8,184242
post_layernorm,2010,0,8,469618
gate_proj,2010,0,8,538631
up_proj,2010,0,8,550218
act_fn,2010,0,8,81845
down_proj,2010,0,8,561370
final_layernorm,2010,0,8,469925
lm_head,2010,0,8,1372913
embedding,2011,0,8,170023
input_layernorm,2011,0,8,470013
q_proj,2011,0,8,173938
k_proj,2011,0,8,26608
v_proj,2011,0,8,25406
rope,2011,0,8,140563
attn,2011,0,8,107958
o_proj,2011,0,8,185176
post_layernorm,2011,0,8,470597
gate_proj,2011,0,8,539472
up_proj,2011,0,8,549985
act_fn,2011,0,8,81865
down_proj,2011,0,8,562443
final_layernorm,2011,0,8,470797
lm_head,2011,0,8,1372176
embedding,2012,0,8,170448
input_layernorm,2012,0,8,469717
q_proj,2012,0,8,174122
k_proj,2012,0,8,26064
v_proj,2012,0,8,25935
rope,2012,0,8,141517
attn,2012,0,8,108172
o_proj,2012,0,8,185328
post_layernorm,2012,0,8,470762
gate_proj,2012,0,8,539897
up_proj,2012,0,8,549330
act_fn,2012,0,8,81740
down_proj,2012,0,8,562863
final_layernorm,2012,0,8,470687
lm_head,2012,0,8,1371964
embedding,2013,0,8,173793
input_layernorm,2013,0,8,473010
q_proj,2013,0,8,174878
k_proj,2013,0,8,26776
v_proj,2013,0,8,25368
rope,2013,0,8,143508
attn,2013,0,8,109793
o_proj,2013,0,8,187898
post_layernorm,2013,0,8,473783
gate_proj,2013,0,8,543270
up_proj,2013,0,8,550908
act_fn,2013,0,8,82067
down_proj,2013,0,8,565195
final_layernorm,2013,0,8,474048
lm_head,2013,0,8,1375556
embedding,2014,0,8,173143
input_layernorm,2014,0,8,472017
q_proj,2014,0,8,174412
k_proj,2014,0,8,25948
v_proj,2014,0,8,25357
rope,2014,0,8,142025
attn,2014,0,8,107890
o_proj,2014,0,8,186184
post_layernorm,2014,0,8,472847
gate_proj,2014,0,8,541222
up_proj,2014,0,8,550732
act_fn,2014,0,8,82162
down_proj,2014,0,8,563346
final_layernorm,2014,0,8,473125
lm_head,2014,0,8,1373917
embedding,2015,0,8,173048
input_layernorm,2015,0,8,472448
q_proj,2015,0,8,174604
k_proj,2015,0,8,26367
v_proj,2015,0,8,25128
rope,2015,0,8,142245
attn,2015,0,8,108811
o_proj,2015,0,8,186558
post_layernorm,2015,0,8,472893
gate_proj,2015,0,8,541127
up_proj,2015,0,8,550398
act_fn,2015,0,8,82158
down_proj,2015,0,8,563556
final_layernorm,2015,0,8,473198
lm_head,2015,0,8,1374390
embedding,2016,0,8,172697
input_layernorm,2016,0,8,472393
q_proj,2016,0,8,174332
k_proj,2016,0,8,25698
v_proj,2016,0,8,25447
rope,2016,0,8,142868
attn,2016,0,8,108344
o_proj,2016,0,8,186428
post_layernorm,2016,0,8,472272
gate_proj,2016,0,8,538971
up_proj,2016,0,8,546132
act_fn,2016,0,8,82005
down_proj,2016,0,8,563032
final_layernorm,2016,0,8,472768
lm_head,2016,0,8,1392315
embedding,2017,0,8,170473
input_layernorm,2017,0,8,471553
q_proj,2017,0,8,174084
k_proj,2017,0,8,22839
v_proj,2017,0,8,19443
rope,2017,0,8,141320
attn,2017,0,8,107815
o_proj,2017,0,8,185362
post_layernorm,2017,0,8,472040
gate_proj,2017,0,8,562081
up_proj,2017,0,8,571172
act_fn,2017,0,8,82405
down_proj,2017,0,8,562317
final_layernorm,2017,0,8,472722
lm_head,2017,0,8,1374883
embedding,2018,0,8,170942
input_layernorm,2018,0,8,470905
q_proj,2018,0,8,174176
k_proj,2018,0,8,22867
v_proj,2018,0,8,19568
rope,2018,0,8,140803
attn,2018,0,8,107950
o_proj,2018,0,8,185130
post_layernorm,2018,0,8,471375
gate_proj,2018,0,8,561815
up_proj,2018,0,8,570633
act_fn,2018,0,8,82328
down_proj,2018,0,8,562014
final_layernorm,2018,0,8,472430
lm_head,2018,0,8,1373999
embedding,2019,0,8,173737
input_layernorm,2019,0,8,474305
q_proj,2019,0,8,174876
k_proj,2019,0,8,23084
v_proj,2019,0,8,19691
rope,2019,0,8,143565
attn,2019,0,8,109617
o_proj,2019,0,8,187560
post_layernorm,2019,0,8,474350
gate_proj,2019,0,8,565075
up_proj,2019,0,8,570862
act_fn,2019,0,8,82367
down_proj,2019,0,8,564460
final_layernorm,2019,0,8,474927
lm_head,2019,0,8,1375817
embedding,2020,0,8,171585
input_layernorm,2020,0,8,471822
q_proj,2020,0,8,174304
k_proj,2020,0,8,22868
v_proj,2020,0,8,19596
rope,2020,0,8,141790
attn,2020,0,8,108000
o_proj,2020,0,8,185940
post_layernorm,2020,0,8,472450
gate_proj,2020,0,8,562867
up_proj,2020,0,8,570672
act_fn,2020,0,8,82457
down_proj,2020,0,8,562703
final_layernorm,2020,0,8,472600
lm_head,2020,0,8,1374401
embedding,2021,0,8,172628
input_layernorm,2021,0,8,472660
q_proj,2021,0,8,174498
k_proj,2021,0,8,22975
v_proj,2021,0,8,19665
rope,2021,0,8,142477
attn,2021,0,8,108179
o_proj,2021,0,8,186188
post_layernorm,2021,0,8,474240
gate_proj,2021,0,8,563249
up_proj,2021,0,8,571370
act_fn,2021,0,8,82585
down_proj,2021,0,8,563305
final_layernorm,2021,0,8,474555
lm_head,2021,0,8,1375961
embedding,2022,0,8,171537
input_layernorm,2022,0,8,472927
q_proj,2022,0,8,174242
k_proj,2022,0,8,22862
v_proj,2022,0,8,19578
rope,2022,0,8,141580
attn,2022,0,8,108281
o_proj,2022,0,8,185446
post_layernorm,2022,0,8,473390
gate_proj,2022,0,8,561760
up_proj,2022,0,8,571560
act_fn,2022,0,8,82650
down_proj,2022,0,8,562893
final_layernorm,2022,0,8,473688
lm_head,2022,0,8,1375073
embedding,2023,0,8,172998
input_layernorm,2023,0,8,474695
q_proj,2023,0,8,175032
k_proj,2023,0,8,23131
v_proj,2023,0,8,19797
rope,2023,0,8,143707
attn,2023,0,8,109152
o_proj,2023,0,8,187416
post_layernorm,2023,0,8,475277
gate_proj,2023,0,8,564666
up_proj,2023,0,8,571244
act_fn,2023,0,8,82505
down_proj,2023,0,8,564833
final_layernorm,2023,0,8,475883
lm_head,2023,0,8,1376094
embedding,2024,0,8,172323
input_layernorm,2024,0,8,472622
q_proj,2024,0,8,174400
k_proj,2024,0,8,22816
v_proj,2024,0,8,19583
rope,2024,0,8,141958
attn,2024,0,8,108362
o_proj,2024,0,8,185738
post_layernorm,2024,0,8,472922
gate_proj,2024,0,8,562456
up_proj,2024,0,8,571097
act_fn,2024,0,8,82677
down_proj,2024,0,8,563307
final_layernorm,2024,0,8,473498
lm_head,2024,0,8,1375177
embedding,2025,0,8,176330
input_layernorm,2025,0,8,475238
q_proj,2025,0,8,175028
k_proj,2025,0,8,24739
v_proj,2025,0,8,23394
rope,2025,0,8,143633
attn,2025,0,8,109211
o_proj,2025,0,8,187358
post_layernorm,2025,0,8,475837
gate_proj,2025,0,8,565184
up_proj,2025,0,8,571242
act_fn,2025,0,8,82810
down_proj,2025,0,8,564666
final_layernorm,2025,0,8,476280
lm_head,2025,0,8,1376492
embedding,2026,0,8,174160
input_layernorm,2026,0,8,474093
q_proj,2026,0,8,174406
k_proj,2026,0,8,23836
v_proj,2026,0,8,23822
rope,2026,0,8,142125
attn,2026,0,8,107801
o_proj,2026,0,8,185790
post_layernorm,2026,0,8,475083
gate_proj,2026,0,8,563199
up_proj,2026,0,8,571642
act_fn,2026,0,8,82915
down_proj,2026,0,8,562577
final_layernorm,2026,0,8,475437
lm_head,2026,0,8,1376085
embedding,2027,0,8,171962
input_layernorm,2027,0,8,473402
q_proj,2027,0,8,174268
k_proj,2027,0,8,24460
v_proj,2027,0,8,23159
rope,2027,0,8,141627
attn,2027,0,8,108087
o_proj,2027,0,8,185326
post_layernorm,2027,0,8,473987
gate_proj,2027,0,8,562519
up_proj,2027,0,8,571328
act_fn,2027,0,8,82840
down_proj,2027,0,8,562205
final_layernorm,2027,0,8,474382
lm_head,2027,0,8,1376107
embedding,2028,0,8,171855
input_layernorm,2028,0,8,473313
q_proj,2028,0,8,174272
k_proj,2028,0,8,23617
v_proj,2028,0,8,23239
rope,2028,0,8,141692
attn,2028,0,8,107606
o_proj,2028,0,8,185318
post_layernorm,2028,0,8,473533
gate_proj,2028,0,8,562049
up_proj,2028,0,8,571881
act_fn,2028,0,8,82955
down_proj,2028,0,8,562189
final_layernorm,2028,0,8,474143
lm_head,2028,0,8,1376032
embedding,2029,0,8,174678
input_layernorm,2029,0,8,475847
q_proj,2029,0,8,175054
k_proj,2029,0,8,24516
v_proj,2029,0,8,22887
rope,2029,0,8,143680
attn,2029,0,8,109294
o_proj,2029,0,8,188034
post_layernorm,2029,0,8,476225
gate_proj,2029,0,8,565650
up_proj,2029,0,8,571682
act_fn,2029,0,8,82980
down_proj,2029,0,8,565448
final_layernorm,2029,0,8,476917
lm_head,2029,0,8,1377996
embedding,2030,0,8,176503
input_layernorm,2030,0,8,477083
q_proj,2030,0,8,175518
k_proj,2030,0,8,23301
v_proj,2030,0,8,23118
rope,2030,0,8,144762
attn,2030,0,8,110212
o_proj,2030,0,8,189078
post_layernorm,2030,0,8,477640
gate_proj,2030,0,8,566936
up_proj,2030,0,8,571747
act_fn,2030,0,8,82848
down_proj,2030,0,8,566835
final_layernorm,2030,0,8,477858
lm_head,2030,0,8,1378679
embedding,2031,0,8,174285
input_layernorm,2031,0,8,476430
q_proj,2031,0,8,175060
k_proj,2031,0,8,24390
v_proj,2031,0,8,22688
rope,2031,0,8,144015
attn,2031,0,8,109747
o_proj,2031,0,8,187852
post_layernorm,2031,0,8,477275
gate_proj,2031,0,8,565483
up_proj,2031,0,8,571738
act_fn,2031,0,8,83303
down_proj,2031,0,8,565298
final_layernorm,2031,0,8,477442
lm_head,2031,0,8,1377576
embedding,2032,0,8,173998
input_layernorm,2032,0,8,476535
q_proj,2032,0,8,175328
k_proj,2032,0,8,21116
v_proj,2032,0,8,21389
rope,2032,0,8,144355
attn,2032,0,8,109628
o_proj,2032,0,8,188440
post_layernorm,2032,0,8,476745
gate_proj,2032,0,8,581070
up_proj,2032,0,8,584861
act_fn,2032,0,8,82288
down_proj,2032,0,8,566018
final_layernorm,2032,0,8,477345
lm_head,2032,0,8,1378226
embedding,2033,0,8,175040
input_layernorm,2033,0,8,476563
q_proj,2033,0,8,175468
k_proj,2033,0,8,21304
v_proj,2033,0,8,21866
rope,2033,0,8,143747
attn,2033,0,8,109718
o_proj,2033,0,8,188126
post_layernorm,2033,0,8,477845
gate_proj,2033,0,8,566302
up_proj,2033,0,8,572134
act_fn,2033,0,8,83073
down_proj,2033,0,8,565792
final_layernorm,2033,0,8,477778
lm_head,2033,0,8,1378604
embedding,2034,0,8,172267
input_layernorm,2034,0,8,473793
q_proj,2034,0,8,174330
k_proj,2034,0,8,21602
v_proj,2034,0,8,21561
rope,2034,0,8,141280
attn,2034,0,8,107373
o_proj,2034,0,8,185188
post_layernorm,2034,0,8,474678
gate_proj,2034,0,8,562387
up_proj,2034,0,8,572169
act_fn,2034,0,8,83027
down_proj,2034,0,8,562454
final_layernorm,2034,0,8,475290
lm_head,2034,0,8,1377839
embedding,2035,0,8,175835
input_layernorm,2035,0,8,477143
q_proj,2035,0,8,175068
k_proj,2035,0,8,20870
v_proj,2035,0,8,21444
rope,2035,0,8,143697
attn,2035,0,8,109130
o_proj,2035,0,8,187540
post_layernorm,2035,0,8,477787
gate_proj,2035,0,8,565355
up_proj,2035,0,8,572849
act_fn,2035,0,8,83305
down_proj,2035,0,8,565496
final_layernorm,2035,0,8,477900
lm_head,2035,0,8,1379159
embedding,2036,0,8,170827
input_layernorm,2036,0,8,474588
q_proj,2036,0,8,174164
k_proj,2036,0,8,20868
v_proj,2036,0,8,21349
rope,2036,0,8,141565
attn,2036,0,8,107662
o_proj,2036,0,8,184812
post_layernorm,2036,0,8,475008
gate_proj,2036,0,8,561962
up_proj,2036,0,8,572652
act_fn,2036,0,8,83485
down_proj,2036,0,8,562276
final_layernorm,2036,0,8,475498
lm_head,2036,0,8,1377485
embedding,2037,0,8,172943
input_layernorm,2037,0,8,475083
q_proj,2037,0,8,174716
k_proj,2037,0,8,21112
v_proj,2037,0,8,21353
rope,2037,0,8,142047
attn,2037,0,8,108238
o_proj,2037,0,8,186142
post_layernorm,2037,0,8,476347
gate_proj,2037,0,8,563496
up_proj,2037,0,8,572104
act_fn,2037,0,8,83457
down_proj,2037,0,8,563667
final_layernorm,2037,0,8,476480
lm_head,2037,0,8,1377057
embedding,2038,0,8,174583
input_layernorm,2038,0,8,477812
q_proj,2038,0,8,175228
k_proj,2038,0,8,20925
v_proj,2038,0,8,20694
rope,2038,0,8,143857
attn,2038,0,8,109226
o_proj,2038,0,8,187990
post_layernorm,2038,0,8,478578
gate_proj,2038,0,8,566187
up_proj,2038,0,8,572468
act_fn,2038,0,8,83435
down_proj,2038,0,8,565611
final_layernorm,2038,0,8,478482
lm_head,2038,0,8,1379604
embedding,2039,0,8,175760
input_layernorm,2039,0,8,477930
q_proj,2039,0,8,175380
k_proj,2039,0,8,20959
v_proj,2039,0,8,20672
rope,2039,0,8,143837
attn,2039,0,8,109403
o_proj,2039,0,8,187828
post_layernorm,2039,0,8,478500
gate_proj,2039,0,8,565712
up_proj,2039,0,8,572548
act_fn,2039,0,8,83387
down_proj,2039,0,8,565420
final_layernorm,2039,0,8,478835
lm_head,2039,0,8,1379958
embedding,2040,0,8,175063
input_layernorm,2040,0,8,477588
q_proj,2040,0,8,175238
k_proj,2040,0,8,21130
v_proj,2040,0,8,20502
rope,2040,0,8,144285
attn,2040,0,8,108638
o_proj,2040,0,8,187630
post_layernorm,2040,0,8,478423
gate_proj,2040,0,8,565862
up_proj,2040,0,8,573025
act_fn,2040,0,8,83560
down_proj,2040,0,8,565632
final_layernorm,2040,0,8,478205
lm_head,2040,0,8,1380272
embedding,2041,0,8,174217
input_layernorm,2041,0,8,477107
q_proj,2041,0,8,174740
k_proj,2041,0,8,20987
v_proj,2041,0,8,20903
rope,2041,0,8,142905
attn,2041,0,8,108347
o_proj,2041,0,8,186256
post_layernorm,2041,0,8,477968
gate_proj,2041,0,8,563940
up_proj,2041,0,8,572459
act_fn,2041,0,8,83510
down_proj,2041,0,8,563435
final_layernorm,2041,0,8,478037
lm_head,2041,0,8,1378769
embedding,2042,0,8,174090
input_layernorm,2042,0,8,475662
q_proj,2042,0,8,174650
k_proj,2042,0,8,21007
v_proj,2042,0,8,20566
rope,2042,0,8,141698
attn,2042,0,8,107782
o_proj,2042,0,8,185816
post_layernorm,2042,0,8,476112
gate_proj,2042,0,8,563452
up_proj,2042,0,8,573439
act_fn,2042,0,8,83693
down_proj,2042,0,8,563370
final_layernorm,2042,0,8,476645
lm_head,2042,0,8,1379759
embedding,2043,0,8,174040
input_layernorm,2043,0,8,476507
q_proj,2043,0,8,174678
k_proj,2043,0,8,20843
v_proj,2043,0,8,20535
rope,2043,0,8,142255
attn,2043,0,8,107927
o_proj,2043,0,8,185672
post_layernorm,2043,0,8,477233
gate_proj,2043,0,8,563041
up_proj,2043,0,8,572780
act_fn,2043,0,8,83945
down_proj,2043,0,8,563368
final_layernorm,2043,0,8,477780
lm_head,2043,0,8,1378110
embedding,2044,0,8,174118
input_layernorm,2044,0,8,475808
q_proj,2044,0,8,174512
k_proj,2044,0,8,21090
v_proj,2044,0,8,20692
rope,2044,0,8,141577
attn,2044,0,8,107693
o_proj,2044,0,8,185306
post_layernorm,2044,0,8,476087
gate_proj,2044,0,8,562738
up_proj,2044,0,8,573161
act_fn,2044,0,8,83788
down_proj,2044,0,8,563115
final_layernorm,2044,0,8,476608
lm_head,2044,0,8,1379048
embedding,2045,0,8,172655
input_layernorm,2045,0,8,476242
q_proj,2045,0,8,174562
k_proj,2045,0,8,20943
v_proj,2045,0,8,20525
rope,2045,0,8,141405
attn,2045,0,8,107626
o_proj,2045,0,8,185364
post_layernorm,2045,0,8,477043
gate_proj,2045,0,8,562813
up_proj,2045,0,8,572643
act_fn,2045,0,8,83618
down_proj,2045,0,8,563578
final_layernorm,2045,0,8,477102
lm_head,2045,0,8,1378268
embedding,2046,0,8,177355
input_layernorm,2046,0,8,479890
q_proj,2046,0,8,175608
k_proj,2046,0,8,21127
v_proj,2046,0,8,20087
rope,2046,0,8,145007
attn,2046,0,8,109753
o_proj,2046,0,8,188510
post_layernorm,2046,0,8,480853
gate_proj,2046,0,8,567469
up_proj,2046,0,8,573276
act_fn,2046,0,8,83918
down_proj,2046,0,8,566787
final_layernorm,2046,0,8,481168
lm_head,2046,0,8,1381430
embedding,2047,0,8,176518
input_layernorm,2047,0,8,478233
q_proj,2047,0,8,175174
k_proj,2047,0,8,20796
v_proj,2047,0,8,20078
rope,2047,0,8,143808
attn,2047,0,8,108379
o_proj,2047,0,8,187056
post_layernorm,2047,0,8,479448
gate_proj,2047,0,8,565463
up_proj,2047,0,8,573545
act_fn,2047,0,8,83978
down_proj,2047,0,8,565106
final_layernorm,2047,0,8,479742
lm_head,2047,0,8,1380686
embedding,2048,0,8,175720
input_layernorm,2048,0,8,477680
q_proj,2048,0,8,175178
k_proj,2048,0,8,20883
v_proj,2048,0,8,19875
rope,2048,0,8,144160
attn,2048,0,8,101376
o_proj,2048,0,8,187352
post_layernorm,2048,0,8,479323
gate_proj,2048,0,8,559176
up_proj,2048,0,8,573306
act_fn,2048,0,8,83045
down_proj,2048,0,8,565034
final_layernorm,2048,0,8,478847
lm_head,2048,0,8,1395516
