sim_time_ns,instance_id,policy,event_type,reason,npu_used_bytes,npu_kv_bytes,kv_capacity_bytes,cpu_used_bytes,cxl_used_bytes,reserve_bytes,forecast_bytes,pressure,kv_pressure,trigger,target,active_decode_requests,resident_decode_requests,request_id,request_input_tokens,request_generated_tokens,raw_bytes,stored_bytes,storage_tier,score,utility,selected_requests,deferred_requests
32946960334,0,oracle_reserve_lru,trigger,forecast_above_trigger,25875193856,9814671360,10172064006,0,0,406847488,26282041344,1.0018852445982112,1.0048618296120462,1.0,0.98,197,197,-1,0,0,0,0,,0.0,0.0,197,0
32946960334,0,oracle_reserve_lru,spill,proactive_target_headroom,25803890688,9743368192,10172064006,71303168,0,404750336,26208641024,0.9990871857794817,0.9976459568101542,1.0,0.98,197,196,14,529,491,71303168,71303168,CPU,32946960334.0,0.0,0,0
32946960334,0,oracle_reserve_lru,spill,proactive_target_headroom,25730490368,9669967872,10172064006,144703488,0,402653184,26133143552,0.9962091824230745,0.9902239162139224,1.0,0.98,197,195,28,545,472,73400320,73400320,CPU,32946960334.0,0.0,0,0
32946960334,0,oracle_reserve_lru,spill,proactive_target_headroom,25648701440,9588178944,10172064006,226492416,0,402653184,26051354624,0.9930913454536333,0.9821833722346713,1.0,0.98,197,194,31,610,469,81788928,81788928,CPU,32946960334.0,0.0,0,0
32946960334,0,oracle_reserve_lru,spill,proactive_target_headroom,25575301120,9514778624,10172064006,299892736,0,400556032,25975857152,0.990213342097226,0.9747613316384396,1.0,0.98,197,193,34,553,451,73400320,73400320,CPU,32946960334.0,0.0,0,0
33519806300,0,oracle_reserve_lru,trigger,forecast_above_trigger,25982148608,9921626112,10172064006,299892736,0,411041792,26393190400,1.006122305095144,1.0157887227120541,1.0,0.98,203,199,-1,0,0,0,0,,0.0,0.0,203,0
33519806300,0,oracle_reserve_lru,spill,proactive_target_headroom,25816473600,9755951104,10172064006,465567744,0,408944640,26225418240,0.9997267420809056,0.9992952991648724,1.0,0.98,203,198,44,1257,429,165675008,165675008,CPU,33519806300.0,0.0,0,0
33519806300,0,oracle_reserve_lru,spill,proactive_target_headroom,25736781824,9676259328,10172064006,545259520,0,406847488,26143629312,0.9966089051114644,0.9912547551856212,1.0,0.98,203,197,45,608,428,79691776,79691776,CPU,33519806300.0,0.0,0,0
33519806300,0,oracle_reserve_lru,spill,proactive_target_headroom,25541746688,9481224192,10172064006,740294656,0,404750336,25946497024,0.9890941185697343,0.9718749825176828,1.0,0.98,203,196,46,1486,428,195035136,195035136,CPU,33519806300.0,0.0,0,0
33519806300,0,oracle_reserve_lru,admission,value_ranked_working_set,25541746688,9481224192,10172064006,740294656,0,404750336,25946497024,0.9890941185697343,0.9718749825176828,1.0,0.98,203,196,-1,0,0,0,0,,0.0,0.0,1,6
33519806300,0,oracle_reserve_lru,reload,value_ranked_admission,25843736576,9783214080,10172064006,660602880,0,0,25843736576,0.9851768362235133,0.9617727605950339,1.0,0.98,6,0,45,608,428,79691776,79691776,CPU,0.0,0.0,0,0
33823342940,0,oracle_reserve_lru,trigger,forecast_above_trigger,25843736576,9783214080,10172064006,660602880,0,415236096,26258972672,1.0010058546837532,1.0025939838743088,1.0,0.98,208,202,-1,0,0,0,0,,0.0,0.0,208,0
33823342940,0,oracle_reserve_lru,spill,proactive_target_headroom,25774530560,9714008064,10172064006,729808896,0,413138944,26187669504,0.998287740402702,0.9955842788667565,1.0,0.98,208,201,47,516,429,69206016,69206016,CPU,33823342940.0,0.0,0,0
33823342940,0,oracle_reserve_lru,spill,proactive_target_headroom,25585786880,9525264384,10172064006,918552576,0,411041792,25996828672,0.9910127874740058,0.9768230095818373,1.0,0.98,208,200,56,1435,394,188743680,188743680,CPU,33823342940.0,0.0,0,0
34775329552,0,oracle_reserve_lru,trigger,forecast_above_trigger,25915039744,9854517248,10172064006,918552576,0,429916160,26344955904,1.0042835807285504,1.0110468634422394,1.0,0.98,216,208,-1,0,0,0,0,,0.0,0.0,216,0
34775329552,0,oracle_reserve_lru,spill,proactive_target_headroom,25761947648,9701425152,10172064006,1071644672,0,427819008,26189766656,0.99836768494038,0.9957904466610963,1.0,0.98,216,207,70,1167,377,153092096,153092096,CPU,34775329552.0,0.0,0,0
34775329552,0,oracle_reserve_lru,spill,proactive_target_headroom,25661284352,9600761856,10172064006,1172307968,0,425721856,26087006208,0.994450402594159,0.9856882247384474,1.0,0.98,216,206,78,767,367,100663296,100663296,CPU,34775329552.0,0.0,0,0
34775329552,0,oracle_reserve_lru,spill,proactive_target_headroom,25604661248,9544138752,10172064006,1228931072,0,423624704,26028285952,0.9922119555391755,0.9799155264969338,1.0,0.98,216,205,79,417,366,56623104,56623104,CPU,34775329552.0,0.0,0,0
35440460365,0,oracle_reserve_lru,trigger,forecast_above_trigger,25822765056,9762242560,10172064006,1228931072,0,425721856,26248486912,1.0006061319953634,1.00156314490261,1.0,0.98,217,206,-1,0,0,0,0,,0.0,0.0,217,0
35440460365,0,oracle_reserve_lru,spill,proactive_target_headroom,25770336256,9709813760,10172064006,1281359872,0,423624704,26193960960,0.9985275740157359,0.9962027822497758,1.0,0.98,217,205,80,395,372,52428800,52428800,CPU,35440460365.0,0.0,0,0
35440460365,0,oracle_reserve_lru,spill,proactive_target_headroom,25717907456,9657384960,10172064006,1333788672,0,421527552,26139435008,0.9964490160361085,0.9908424195969417,1.0,0.98,217,204,86,398,364,52428800,52428800,CPU,35440460365.0,0.0,0,0
35440460365,0,oracle_reserve_lru,spill,proactive_target_headroom,25636118528,9575596032,10172064006,1415577600,0,419430400,26055548928,0.9932512345289892,0.9825957078233508,1.0,0.98,217,203,88,621,355,81788928,81788928,CPU,35440460365.0,0.0,0,0
35440460365,0,oracle_reserve_lru,spill,proactive_target_headroom,25587884032,9527361536,10172064006,1463812096,0,417333248,26005217280,0.9913325656247177,0.9776476807591964,1.0,0.98,217,202,89,366,354,48234496,48234496,CPU,35440460365.0,0.0,0,0
36254633745,0,oracle_reserve_lru,trigger,forecast_above_trigger,26036674560,9976152064,10172064006,1463812096,0,436207616,26472882176,1.009160197526907,1.0236230988969655,1.0,0.98,226,211,-1,0,0,0,0,,0.0,0.0,226,0
36254633745,0,oracle_reserve_lru,spill,proactive_target_headroom,25990537216,9930014720,10172064006,1509949440,0,434110464,26424647680,1.0073214731603137,1.0188812396271507,1.0,0.98,226,210,97,349,342,46137344,46137344,CPU,36254633745.0,0.0,0,0
36254633745,0,oracle_reserve_lru,spill,proactive_target_headroom,25854222336,9793699840,10172064006,1646264320,0,432013312,26286235648,1.002045133673567,1.0052741652007258,1.0,0.98,226,209,99,1033,342,136314880,136314880,CPU,36254633745.0,0.0,0,0
36254633745,0,oracle_reserve_lru,spill,proactive_target_headroom,25803890688,9743368192,10172064006,1696595968,0,429916160,26233806848,1.0000465202316176,1.0001199703422314,1.0,0.98,226,208,103,384,340,50331648,50331648,CPU,36254633745.0,0.0,0,0
36254633745,0,oracle_reserve_lru,spill,proactive_target_headroom,25657090048,9596567552,10172064006,1843396608,0,427819008,26084909056,0.9943704580564809,0.9854820569441076,1.0,0.98,226,207,104,1114,340,146800640,146800640,CPU,36254633745.0,0.0,0,0
36254633745,0,oracle_reserve_lru,spill,proactive_target_headroom,25602564096,9542041600,10172064006,1897922560,0,425721856,26028285952,0.9922119555391755,0.9799155264969338,1.0,0.98,226,206,106,404,340,54525952,54525952,CPU,36254633745.0,0.0,0,0
36821310238,0,oracle_reserve_lru,admission,value_ranked_working_set,25506095104,9445572608,10172064006,1897922560,0,427819008,25933914112,0.9886144513436664,0.9706379757516441,1.0,0.98,228,208,-1,0,0,0,0,,0.0,0.0,1,19
36821310238,0,oracle_reserve_lru,reload,value_ranked_admission,25589981184,9529458688,10172064006,1851785216,0,0,25589981184,0.9755035471644777,0.9368264574799215,1.0,0.98,19,0,97,349,342,46137344,46137344,CPU,0.0,0.0,0,0
38847323872,0,oracle_reserve_lru,trigger,forecast_above_trigger,25948594176,9888071680,10172064006,1851785216,0,438304768,26386898944,1.00588247148211,1.0151702193290348,1.0,0.98,230,211,-1,0,0,0,0,,0.0,0.0,230,0
38847323872,0,oracle_reserve_lru,spill,proactive_target_headroom,25896165376,9835642880,10172064006,1904214016,0,436207616,26332372992,1.0038039135024825,1.0098098566762006,1.0,0.98,230,210,107,385,368,52428800,52428800,CPU,38847323872.0,0.0,0,0
38847323872,0,oracle_reserve_lru,spill,proactive_target_headroom,25845833728,9785311232,10172064006,1954545664,0,434110464,26279944192,1.0018053000605331,1.0046556618177065,1.0,0.98,230,209,110,382,368,50331648,50331648,CPU,38847323872.0,0.0,0,0
38847323872,0,oracle_reserve_lru,spill,proactive_target_headroom,25797599232,9737076736,10172064006,2002780160,0,432013312,26229612544,0.9998866311562615,0.999707634753552,1.0,0.98,230,208,115,366,357,48234496,48234496,CPU,38847323872.0,0.0,0,0
38847323872,0,oracle_reserve_lru,spill,proactive_target_headroom,25749364736,9688842240,10172064006,2051014656,0,429916160,26179280896,0.99796796225199,0.9947596076893974,1.0,0.98,230,207,117,363,352,48234496,48234496,CPU,38847323872.0,0.0,0,0
38847323872,0,oracle_reserve_lru,spill,proactive_target_headroom,25699033088,9638510592,10172064006,2101346304,0,427819008,26126852096,0.9959693488100406,0.9896054128309031,1.0,0.98,230,206,119,380,344,50331648,50331648,CPU,38847323872.0,0.0,0,0
38847323872,0,oracle_reserve_lru,spill,proactive_target_headroom,25652895744,9592373248,10172064006,2147483648,0,425721856,26078617600,0.994130624443447,0.9848635535610883,1.0,0.98,230,205,120,350,339,46137344,46137344,CPU,38847323872.0,0.0,0,0
38847323872,0,oracle_reserve_lru,spill,proactive_target_headroom,25606758400,9546235904,10172064006,2193620992,0,423624704,26030383104,0.9922919000768535,0.9801216942912736,1.0,0.98,230,204,124,352,331,46137344,46137344,CPU,38847323872.0,0.0,0,0
38847323872,0,oracle_reserve_lru,spill,proactive_target_headroom,25560621056,9500098560,10172064006,2239758336,0,421527552,25982148608,0.9904531757102599,0.9753798350214589,1.0,0.98,230,203,126,345,329,46137344,46137344,CPU,38847323872.0,0.0,0,0
39802356028,0,oracle_reserve_lru,trigger,forecast_above_trigger,25917136896,9856614400,10172064006,2239758336,0,423624704,26340761600,1.0041236916531946,1.0106345278535598,1.0,0.98,235,208,-1,0,0,0,0,,0.0,0.0,235,0
39802356028,0,oracle_reserve_lru,spill,proactive_target_headroom,25868902400,9808379904,10172064006,2287992832,0,421527552,26290429952,1.002205022748923,1.0056865007894054,1.0,0.98,235,207,128,355,333,48234496,48234496,CPU,39802356028.0,0.0,0,0
39802356028,0,oracle_reserve_lru,spill,proactive_target_headroom,25808084992,9747562496,10172064006,2348810240,0,419430400,26227515392,0.9998066866185836,0.9995014669592122,1.0,0.98,235,206,129,458,331,60817408,60817408,CPU,39802356028.0,0.0,0,0
39802356028,0,oracle_reserve_lru,spill,proactive_target_headroom,25761947648,9701425152,10172064006,2394947584,0,417333248,26179280896,0.99796796225199,0.9947596076893974,1.0,0.98,235,205,133,340,329,46137344,46137344,CPU,39802356028.0,0.0,0,0
39802356028,0,oracle_reserve_lru,spill,proactive_target_headroom,25573203968,9512681472,10172064006,2583691264,0,415236096,25988440064,0.990693009323294,0.9759983384044781,1.0,0.98,235,204,134,1432,321,188743680,188743680,CPU,39802356028.0,0.0,0,0
40142461545,0,oracle_reserve_lru,admission,value_ranked_working_set,25558523904,9498001408,10172064006,2583691264,0,421527552,25980051456,0.990373231172582,0.9751736672271191,1.0,0.98,235,204,-1,0,0,0,0,,0.0,0.0,1,30
40142461545,0,oracle_reserve_lru,reload,value_ranked_admission,25638215680,9577693184,10172064006,2537553920,0,0,25638215680,0.9773422715310713,0.9415683167497364,1.0,0.98,30,0,133,340,329,46137344,46137344,CPU,0.0,0.0,0,0
40861565053,0,oracle_reserve_lru,trigger,forecast_above_trigger,25902456832,9841934336,10172064006,2537553920,0,417333248,26319790080,1.0033242462764147,1.008572849910162,1.0,0.98,237,207,-1,0,0,0,0,,0.0,0.0,237,0
40861565053,0,oracle_reserve_lru,spill,proactive_target_headroom,25845833728,9785311232,10172064006,2594177024,0,415236096,26261069824,1.0010857992214313,1.0028001516686484,1.0,0.98,237,206,137,421,330,56623104,56623104,CPU,40861565053.0,0.0,0,0
40861565053,0,oracle_reserve_lru,spill,proactive_target_headroom,25795502080,9734979584,10172064006,2644508672,0,413138944,26208641024,0.9990871857794817,0.9976459568101542,1.0,0.98,237,205,139,377,324,50331648,50331648,CPU,40861565053.0,0.0,0,0
40861565053,0,oracle_reserve_lru,spill,proactive_target_headroom,25705324544,9644802048,10172064006,2734686208,0,411041792,26116366336,0.9955696261216507,0.9885745738592042,1.0,0.98,237,204,140,677,315,90177536,90177536,CPU,40861565053.0,0.0,0,0
40861565053,0,oracle_reserve_lru,spill,proactive_target_headroom,25598369792,9537847296,10172064006,2841640960,0,408944640,26007314432,0.9914125101623957,0.9778538485535361,1.0,0.98,237,203,141,815,315,106954752,106954752,CPU,40861565053.0,0.0,0,0
40966236781,0,oracle_reserve_lru,trigger,forecast_above_trigger,25826959360,9766436864,10172064006,2841640960,0,411041792,26238001152,1.0002064093069736,1.000532305930911,1.0,0.98,239,205,-1,0,0,0,0,,0.0,0.0,239,0
40966236781,0,oracle_reserve_lru,spill,proactive_target_headroom,25776627712,9716105216,10172064006,2891972608,0,408944640,26185572352,0.998207795865024,0.9953781110724167,1.0,0.98,239,204,142,371,316,50331648,50331648,CPU,40966236781.0,0.0,0,0
40966236781,0,oracle_reserve_lru,spill,proactive_target_headroom,25732587520,9672065024,10172064006,2936012800,0,406847488,26139435008,0.9964490160361085,0.9908424195969417,1.0,0.98,239,203,144,330,315,44040192,44040192,CPU,40966236781.0,0.0,0,0
40966236781,0,oracle_reserve_lru,spill,proactive_target_headroom,25688547328,9628024832,10172064006,2980052992,0,404750336,26093297664,0.9946902362071929,0.9863067281214668,1.0,0.98,239,202,145,336,315,44040192,44040192,CPU,40966236781.0,0.0,0,0
40966236781,0,oracle_reserve_lru,spill,proactive_target_headroom,25642409984,9581887488,10172064006,3026190336,0,402653184,26045063168,0.9928515118405994,0.9815648688516521,1.0,0.98,239,201,146,342,314,46137344,46137344,CPU,40966236781.0,0.0,0,0
40966236781,0,oracle_reserve_lru,spill,proactive_target_headroom,25598369792,9537847296,10172064006,3070230528,0,400556032,25998925824,0.9910927320116838,0.977029177376177,1.0,0.98,239,200,147,323,313,44040192,44040192,CPU,40966236781.0,0.0,0,0
41178230584,0,oracle_reserve_lru,admission,value_ranked_working_set,25420111872,9359589376,10172064006,3070230528,0,402653184,25822765056,0.9843773908467335,0.9597110826516362,1.0,0.98,237,198,-1,0,0,0,0,,0.0,0.0,4,35
41178230584,0,oracle_reserve_lru,reload,value_ranked_admission,25629827072,9569304576,10172064006,2885681152,0,0,25629827072,0.9770224933803594,0.9407436455723772,1.0,0.98,35,0,142,371,316,50331648,50331648,CPU,0.0,0.0,0,0
41178230584,0,oracle_reserve_lru,reload,value_ranked_admission,25629827072,9569304576,10172064006,2885681152,0,0,25629827072,0.9770224933803594,0.9407436455723772,1.0,0.98,35,0,144,330,315,44040192,44040192,CPU,0.0,0.0,0,0
41178230584,0,oracle_reserve_lru,reload,value_ranked_admission,25629827072,9569304576,10172064006,2885681152,0,0,25629827072,0.9770224933803594,0.9407436455723772,1.0,0.98,35,0,145,336,315,44040192,44040192,CPU,0.0,0.0,0,0
41178230584,0,oracle_reserve_lru,reload,value_ranked_admission,25629827072,9569304576,10172064006,2885681152,0,0,25629827072,0.9770224933803594,0.9407436455723772,1.0,0.98,35,0,146,342,314,46137344,46137344,CPU,0.0,0.0,0,0
41248387021,0,oracle_reserve_lru,admission,value_ranked_working_set,25476734976,9416212480,10172064006,2885681152,0,413138944,25889873920,0.9869356160524289,0.966308452070509,1.0,0.98,237,202,-1,0,0,0,0,,0.0,0.0,2,33
41248387021,0,oracle_reserve_lru,reload,value_ranked_admission,25598369792,9537847296,10172064006,2785017856,0,0,25598369792,0.9758233253151897,0.9376511286572807,1.0,0.98,33,0,147,323,313,44040192,44040192,CPU,0.0,0.0,0,0
41248387021,0,oracle_reserve_lru,reload,value_ranked_admission,25598369792,9537847296,10172064006,2785017856,0,0,25598369792,0.9758233253151897,0.9376511286572807,1.0,0.98,33,0,137,421,330,56623104,56623104,CPU,0.0,0.0,0,0
41318543458,0,oracle_reserve_lru,admission,value_ranked_working_set,25537552384,9477029888,10172064006,2785017856,0,417333248,25954885632,0.9894138967204462,0.9726996536950419,1.0,0.98,236,203,-1,0,0,0,0,,0.0,0.0,1,32
41318543458,0,oracle_reserve_lru,reload,value_ranked_admission,25747267584,9686745088,10172064006,2734686208,0,0,25747267584,0.9814993874903263,0.9522890420554044,1.0,0.98,32,0,139,377,324,50331648,50331648,CPU,0.0,0.0,0,0
41458516612,0,oracle_reserve_lru,trigger,forecast_above_trigger,25929719808,9869197312,10172064006,2734686208,0,425721856,26355441664,1.0046833034169405,1.0120777024139382,1.0,0.98,239,207,-1,0,0,0,0,,0.0,0.0,239,0
41458516612,0,oracle_reserve_lru,spill,proactive_target_headroom,25835347968,9774825472,10172064006,2829058048,0,423624704,26258972672,1.0010058546837532,1.0025939838743088,1.0,0.98,239,206,148,705,320,94371840,94371840,CPU,41458516612.0,0.0,0,0
41458516612,0,oracle_reserve_lru,spill,proactive_target_headroom,25791307776,9730785280,10172064006,2873098240,0,421527552,26212835328,0.9992470748548378,0.9980582923988337,1.0,0.98,239,205,150,329,316,44040192,44040192,CPU,41458516612.0,0.0,0,0
41458516612,0,oracle_reserve_lru,spill,proactive_target_headroom,25740976128,9680453632,10172064006,2923429888,0,419430400,26160406528,0.9972484614128883,0.9929040975403395,1.0,0.98,239,204,152,381,315,50331648,50331648,CPU,41458516612.0,0.0,0,0
41458516612,0,oracle_reserve_lru,spill,proactive_target_headroom,25699033088,9638510592,10172064006,2965372928,0,417333248,26116366336,0.9955696261216507,0.9885745738592042,1.0,0.98,239,203,160,307,296,41943040,41943040,CPU,41458516612.0,0.0,0,0
41458516612,0,oracle_reserve_lru,spill,proactive_target_headroom,25657090048,9596567552,10172064006,3007315968,0,415236096,26072326144,0.9938907908304131,0.9842450501780691,1.0,0.98,239,202,161,313,293,41943040,41943040,CPU,41458516612.0,0.0,0,0
41458516612,0,oracle_reserve_lru,spill,proactive_target_headroom,25615147008,9554624512,10172064006,3049259008,0,413138944,26028285952,0.9922119555391755,0.9799155264969338,1.0,0.98,239,201,165,306,288,41943040,41943040,CPU,41458516612.0,0.0,0,0
41598150046,0,oracle_reserve_lru,trigger,forecast_above_trigger,25820667904,9760145408,10172064006,3049259008,0,417333248,26238001152,1.0002064093069736,1.000532305930911,1.0,0.98,241,203,-1,0,0,0,0,,0.0,0.0,241,0
41598150046,0,oracle_reserve_lru,spill,proactive_target_headroom,25686450176,9625927680,10172064006,3183476736,0,415236096,26101686272,0.9950100143579048,0.9871313992988259,1.0,0.98,241,202,166,1022,289,134217728,134217728,CPU,41598150046.0,0.0,0,0
41598150046,0,oracle_reserve_lru,spill,proactive_target_headroom,25642409984,9581887488,10172064006,3227516928,0,413138944,26055548928,0.9932512345289892,0.9825957078233508,1.0,0.98,241,201,167,327,289,44040192,44040192,CPU,41598150046.0,0.0,0,0
41598150046,0,oracle_reserve_lru,spill,proactive_target_headroom,25600466944,9539944448,10172064006,3269459968,0,411041792,26011508736,0.9915723992377516,0.9782661841422157,1.0,0.98,241,200,168,320,289,41943040,41943040,CPU,41598150046.0,0.0,0,0
42639625350,0,oracle_reserve_lru,trigger,forecast_above_trigger,25826959360,9766436864,10172064006,3269459968,0,413138944,26240098304,1.0002863538446514,1.0007384737252507,1.0,0.98,244,203,-1,0,0,0,0,,0.0,0.0,244,0
42639625350,0,oracle_reserve_lru,spill,proactive_target_headroom,25755656192,9695133696,10172064006,3340763136,0,411041792,26166697984,0.9974882950259222,0.9935226009233588,1.0,0.98,244,202,169,541,297,71303168,71303168,CPU,42639625350.0,0.0,0,0
42639625350,0,oracle_reserve_lru,spill,proactive_target_headroom,25713713152,9653190656,10172064006,3382706176,0,408944640,26122657792,0.9958094597346846,0.9891930772422236,1.0,0.98,244,201,173,317,296,41943040,41943040,CPU,42639625350.0,0.0,0,0
42639625350,0,oracle_reserve_lru,spill,proactive_target_headroom,25592078336,9531555840,10172064006,3504340992,0,406847488,25998925824,0.9910927320116838,0.977029177376177,1.0,0.98,244,200,178,924,286,121634816,121634816,CPU,42639625350.0,0.0,0,0
44072817730,0,oracle_reserve_lru,admission,value_ranked_working_set,25539649536,9479127040,10172064006,3504340992,0,413138944,25952788480,0.9893339521827682,0.9724934859007021,1.0,0.98,245,201,-1,0,0,0,0,,0.0,0.0,1,43
44072817730,0,oracle_reserve_lru,reload,value_ranked_admission,25736781824,9676259328,10172064006,3433037824,0,0,25736781824,0.9810996648019363,0.9512582030837056,1.0,0.98,43,0,169,541,297,71303168,71303168,CPU,0.0,0.0,0,0
44352958866,0,oracle_reserve_lru,trigger,forecast_above_trigger,25898262528,9837740032,10172064006,3433037824,0,417333248,26315595776,1.0031643572010587,1.0081605143214825,1.0,0.98,246,203,-1,0,0,0,0,,0.0,0.0,246,0
44352958866,0,oracle_reserve_lru,spill,proactive_target_headroom,25820667904,9760145408,10172064006,3510632448,0,415236096,26235904000,1.0001264647692956,1.0003261381365711,1.0,0.98,246,202,179,586,297,77594624,77594624,CPU,44352958866.0,0.0,0,0
44352958866,0,oracle_reserve_lru,spill,proactive_target_headroom,25778724864,9718202368,10172064006,3552575488,0,413138944,26191863808,0.998447629478058,0.995996614455436,1.0,0.98,246,201,180,308,296,41943040,41943040,CPU,44352958866.0,0.0,0,0
44352958866,0,oracle_reserve_lru,spill,proactive_target_headroom,25726296064,9665773568,10172064006,3605004288,0,411041792,26137337856,0.9963690714984305,0.990636251802602,1.0,0.98,246,200,181,393,296,52428800,52428800,CPU,44352958866.0,0.0,0,0
44352958866,0,oracle_reserve_lru,spill,proactive_target_headroom,25684353024,9623830528,10172064006,3646947328,0,408944640,26093297664,0.9946902362071929,0.9863067281214668,1.0,0.98,246,199,183,307,290,41943040,41943040,CPU,44352958866.0,0.0,0,0
44352958866,0,oracle_reserve_lru,spill,proactive_target_headroom,25642409984,9581887488,10172064006,3688890368,0,406847488,26049257472,0.9930114009159553,0.9819772044403315,1.0,0.98,246,198,188,307,282,41943040,41943040,CPU,44352958866.0,0.0,0,0
44352958866,0,oracle_reserve_lru,spill,proactive_target_headroom,25430597632,9370075136,10172064006,3900702720,0,404750336,25835347968,0.9848570580728014,0.9609480894176748,1.0,0.98,246,197,190,1615,281,211812352,211812352,CPU,44352958866.0,0.0,0,0
44352958866,0,oracle_reserve_lru,admission,value_ranked_working_set,25430597632,9370075136,10172064006,3900702720,0,404750336,25835347968,0.9848570580728014,0.9609480894176748,1.0,0.98,246,197,-1,0,0,0,0,,0.0,0.0,3,46
44352958866,0,oracle_reserve_lru,reload,value_ranked_admission,25634021376,9573498880,10172064006,3728736256,0,0,25634021376,0.9771823824557153,0.9411559811610568,1.0,0.98,46,0,179,586,297,77594624,77594624,CPU,0.0,0.0,0,0
44352958866,0,oracle_reserve_lru,reload,value_ranked_admission,25634021376,9573498880,10172064006,3728736256,0,0,25634021376,0.9771823824557153,0.9411559811610568,1.0,0.98,46,0,180,308,296,41943040,41943040,CPU,0.0,0.0,0,0
44352958866,0,oracle_reserve_lru,reload,value_ranked_admission,25634021376,9573498880,10172064006,3728736256,0,0,25634021376,0.9771823824557153,0.9411559811610568,1.0,0.98,46,0,181,393,296,52428800,52428800,CPU,0.0,0.0,0,0
44438192678,0,oracle_reserve_lru,admission,value_ranked_working_set,25390751744,9330229248,10172064006,3728736256,0,411041792,25801793536,0.9835779454699537,0.9576494047082386,1.0,0.98,246,200,-1,0,0,0,0,,0.0,0.0,5,41
44438192678,0,oracle_reserve_lru,reload,value_ranked_admission,25644507136,9583984640,10172064006,3516923904,0,0,25644507136,0.9775821051441053,0.9421868201327557,1.0,0.98,41,0,183,307,290,41943040,41943040,CPU,0.0,0.0,0,0
44438192678,0,oracle_reserve_lru,reload,value_ranked_admission,25644507136,9583984640,10172064006,3516923904,0,0,25644507136,0.9775821051441053,0.9421868201327557,1.0,0.98,41,0,188,307,282,41943040,41943040,CPU,0.0,0.0,0,0
44438192678,0,oracle_reserve_lru,reload,value_ranked_admission,25644507136,9583984640,10172064006,3516923904,0,0,25644507136,0.9775821051441053,0.9421868201327557,1.0,0.98,41,0,173,317,296,41943040,41943040,CPU,0.0,0.0,0,0
44438192678,0,oracle_reserve_lru,reload,value_ranked_admission,25644507136,9583984640,10172064006,3516923904,0,0,25644507136,0.9775821051441053,0.9421868201327557,1.0,0.98,41,0,167,327,289,44040192,44040192,CPU,0.0,0.0,0,0
44438192678,0,oracle_reserve_lru,reload,value_ranked_admission,25644507136,9583984640,10172064006,3516923904,0,0,25644507136,0.9775821051441053,0.9421868201327557,1.0,0.98,41,0,168,320,289,41943040,41943040,CPU,0.0,0.0,0,0
44865307189,0,oracle_reserve_lru,trigger,forecast_above_trigger,25965371392,9904848896,10172064006,3516923904,0,438304768,26403676160,1.0065220277835338,1.016819561683753,1.0,0.98,252,211,-1,0,0,0,0,,0.0,0.0,252,0
44865307189,0,oracle_reserve_lru,spill,proactive_target_headroom,25887776768,9827254272,10172064006,3594518528,0,436207616,26323984384,1.0034841353517707,1.0089851854988416,1.0,0.98,252,210,196,582,286,77594624,77594624,CPU,44865307189.0,0.0,0,0
44865307189,0,oracle_reserve_lru,spill,proactive_target_headroom,25847930880,9787408384,10172064006,3634364416,0,434110464,26282041344,1.0018852445982112,1.0048618296120462,1.0,0.98,252,209,198,289,280,39845888,39845888,CPU,44865307189.0,0.0,0,0
44865307189,0,oracle_reserve_lru,spill,proactive_target_headroom,25795502080,9734979584,10172064006,3686793216,0,432013312,26227515392,0.9998066866185836,0.9995014669592122,1.0,0.98,252,208,199,396,277,52428800,52428800,CPU,44865307189.0,0.0,0,0
44865307189,0,oracle_reserve_lru,spill,proactive_target_headroom,25755656192,9695133696,10172064006,3726639104,0,429916160,26185572352,0.998207795865024,0.9953781110724167,1.0,0.98,252,207,200,292,275,39845888,39845888,CPU,44865307189.0,0.0,0,0
44865307189,0,oracle_reserve_lru,spill,proactive_target_headroom,25606758400,9546235904,10172064006,3875536896,0,427819008,26034577408,0.9924517891522094,0.9805340298799532,1.0,0.98,252,206,203,1134,272,148897792,148897792,CPU,44865307189.0,0.0,0,0
44865307189,0,oracle_reserve_lru,spill,proactive_target_headroom,25520775168,9460252672,10172064006,3961520128,0,425721856,25946497024,0.9890941185697343,0.9718749825176828,1.0,0.98,252,205,205,645,271,85983232,85983232,CPU,44865307189.0,0.0,0,0
44865307189,0,oracle_reserve_lru,admission,value_ranked_working_set,25520775168,9460252672,10172064006,3961520128,0,425721856,25946497024,0.9890941185697343,0.9718749825176828,1.0,0.98,252,205,-1,0,0,0,0,,0.0,0.0,1,46
44865307189,0,oracle_reserve_lru,reload,value_ranked_admission,25636118528,9575596032,10172064006,3883925504,0,0,25636118528,0.9772623269933933,0.9413621489553966,1.0,0.98,46,0,196,582,286,77594624,77594624,CPU,0.0,0.0,0,0
46538772499,0,oracle_reserve_lru,trigger,forecast_above_trigger,25887776768,9827254272,10172064006,3883925504,0,417333248,26305110016,1.0027646345126688,1.0071296753497836,1.0,0.98,252,206,-1,0,0,0,0,,0.0,0.0,252,0
46538772499,0,oracle_reserve_lru,spill,proactive_target_headroom,25797599232,9737076736,10172064006,3974103040,0,415236096,26212835328,0.9992470748548378,0.9980582923988337,1.0,0.98,252,205,208,679,293,90177536,90177536,CPU,46538772499.0,0.0,0,0
46538772499,0,oracle_reserve_lru,spill,proactive_target_headroom,25755656192,9695133696,10172064006,4016046080,0,413138944,26168795136,0.9975682395636002,0.9937287687176986,1.0,0.98,252,204,213,316,290,41943040,41943040,CPU,46538772499.0,0.0,0,0
46538772499,0,oracle_reserve_lru,spill,proactive_target_headroom,25701130240,9640607744,10172064006,4070572032,0,411041792,26112172032,0.9954097370462948,0.9881622382705247,1.0,0.98,252,203,214,403,290,54525952,54525952,CPU,46538772499.0,0.0,0,0
46538772499,0,oracle_reserve_lru,spill,proactive_target_headroom,25661284352,9600761856,10172064006,4110417920,0,408944640,26070228992,0.9938108462927351,0.9840388823837293,1.0,0.98,252,202,218,301,286,39845888,39845888,CPU,46538772499.0,0.0,0,0
46538772499,0,oracle_reserve_lru,spill,proactive_target_headroom,25617244160,9556721664,10172064006,4154458112,0,406847488,26024091648,0.9920520664638196,0.9795031909082543,1.0,0.98,252,201,221,330,280,44040192,44040192,CPU,46538772499.0,0.0,0,0
48290792434,0,oracle_reserve_lru,trigger,forecast_above_trigger,25831153664,9770631168,10172064006,4154458112,0,408944640,26240098304,1.0002863538446514,1.0007384737252507,1.0,0.98,251,200,-1,0,0,0,0,,0.0,0.0,251,0
48290792434,0,oracle_reserve_lru,spill,proactive_target_headroom,25789210624,9728688128,10172064006,4196401152,0,406847488,26196058112,0.9986075185534139,0.9964089500441156,1.0,0.98,251,199,223,317,293,41943040,41943040,CPU,48290792434.0,0.0,0,0
48290792434,0,oracle_reserve_lru,spill,proactive_target_headroom,25747267584,9686745088,10172064006,4238344192,0,404750336,26152017920,0.9969286832621763,0.9920794263629804,1.0,0.98,251,198,224,311,293,41943040,41943040,CPU,48290792434.0,0.0,0,0
48290792434,0,oracle_reserve_lru,spill,proactive_target_headroom,25673867264,9613344768,10172064006,4311744512,0,402653184,26076520448,0.994050679905769,0.9846573857667485,1.0,0.98,251,197,227,548,284,73400320,73400320,CPU,48290792434.0,0.0,0,0
48290792434,0,oracle_reserve_lru,spill,proactive_target_headroom,25524969472,9464446976,10172064006,4460642304,0,400556032,25925525504,0.9882946731929545,0.969813304574285,1.0,0.98,251,196,229,1134,279,148897792,148897792,CPU,48290792434.0,0.0,0,0
48290792434,0,oracle_reserve_lru,admission,value_ranked_working_set,25524969472,9464446976,10172064006,4460642304,0,400556032,25925525504,0.9882946731929545,0.969813304574285,1.0,0.98,251,196,-1,0,0,0,0,,0.0,0.0,2,53
48290792434,0,oracle_reserve_lru,reload,value_ranked_admission,25634021376,9573498880,10172064006,4376756224,0,0,25634021376,0.9771823824557153,0.9411559811610568,1.0,0.98,53,0,223,317,293,41943040,41943040,CPU,0.0,0.0,0,0
48290792434,0,oracle_reserve_lru,reload,value_ranked_admission,25634021376,9573498880,10172064006,4376756224,0,0,25634021376,0.9771823824557153,0.9411559811610568,1.0,0.98,53,0,224,311,293,41943040,41943040,CPU,0.0,0.0,0,0
49037773486,0,oracle_reserve_lru,trigger,forecast_above_trigger,25831153664,9770631168,10172064006,4376756224,0,411041792,26242195456,1.0003662983823294,1.0009446415195906,1.0,0.98,254,201,-1,0,0,0,0,,0.0,0.0,254,0
49037773486,0,oracle_reserve_lru,spill,proactive_target_headroom,25789210624,9728688128,10172064006,4418699264,0,408944640,26198155264,0.9986874630910919,0.9966151178384554,1.0,0.98,254,200,230,310,283,41943040,41943040,CPU,49037773486.0,0.0,0,0
49037773486,0,oracle_reserve_lru,spill,proactive_target_headroom,25720004608,9659482112,10172064006,4487905280,0,406847488,26126852096,0.9959693488100406,0.9896054128309031,1.0,0.98,254,199,232,520,281,69206016,69206016,CPU,49037773486.0,0.0,0,0
49037773486,0,oracle_reserve_lru,spill,proactive_target_headroom,25631924224,9571401728,10172064006,4575985664,0,404750336,26036674560,0.9925317336898875,0.9807401976742929,1.0,0.98,254,198,233,659,280,88080384,88080384,CPU,49037773486.0,0.0,0,0
49037773486,0,oracle_reserve_lru,spill,proactive_target_headroom,25592078336,9531555840,10172064006,4615831552,0,402653184,25994731520,0.9909328429363279,0.9766168417874975,1.0,0.98,254,197,236,294,279,39845888,39845888,CPU,49037773486.0,0.0,0,0
49524253156,0,oracle_reserve_lru,admission,value_ranked_working_set,25573203968,9512681472,10172064006,4615831552,0,411041792,25984245760,0.9905331202479379,0.9755860028157987,1.0,0.98,255,198,-1,0,0,0,0,,0.0,0.0,1,56
49524253156,0,oracle_reserve_lru,reload,value_ranked_admission,25636118528,9575596032,10172064006,4573888512,0,0,25636118528,0.9772623269933933,0.9413621489553966,1.0,0.98,56,0,230,310,283,41943040,41943040,CPU,0.0,0.0,0,0
50754235748,0,oracle_reserve_lru,trigger,forecast_above_trigger,25933914112,9873391616,10172064006,4573888512,0,402653184,26336567296,1.0039638025778386,1.0102221922648802,1.0,0.98,255,199,-1,0,0,0,0,,0.0,0.0,255,0
50754235748,0,oracle_reserve_lru,spill,proactive_target_headroom,25891971072,9831448576,10172064006,4615831552,0,400556032,26292527104,1.002284967286601,1.005892668583745,1.0,0.98,255,198,237,309,296,41943040,41943040,CPU,50754235748.0,0.0,0,0
50754235748,0,oracle_reserve_lru,spill,proactive_target_headroom,25751461888,9690939392,10172064006,4756340736,0,398458880,26149920768,0.9968487387244983,0.9918732585686406,1.0,0.98,255,197,238,1067,296,140509184,140509184,CPU,50754235748.0,0.0,0,0
50754235748,0,oracle_reserve_lru,spill,proactive_target_headroom,25709518848,9648996352,10172064006,4798283776,0,396361728,26105880576,0.9951699034332607,0.9875437348875054,1.0,0.98,255,196,240,305,294,41943040,41943040,CPU,50754235748.0,0.0,0,0
50754235748,0,oracle_reserve_lru,spill,proactive_target_headroom,25652895744,9592373248,10172064006,4854906880,0,394264576,26047160320,0.9929314563782773,0.9817710366459917,1.0,0.98,255,195,241,426,288,56623104,56623104,CPU,50754235748.0,0.0,0,0
50754235748,0,oracle_reserve_lru,spill,proactive_target_headroom,25583689728,9523167232,10172064006,4924112896,0,392167424,25975857152,0.990213342097226,0.9747613316384396,1.0,0.98,255,194,247,522,271,69206016,69206016,CPU,50754235748.0,0.0,0,0
50754235748,0,oracle_reserve_lru,admission,value_ranked_working_set,25583689728,9523167232,10172064006,4924112896,0,392167424,25975857152,0.990213342097226,0.9747613316384396,1.0,0.98,255,194,-1,0,0,0,0,,0.0,0.0,1,60
50754235748,0,oracle_reserve_lru,reload,value_ranked_admission,25793404928,9732882432,10172064006,4882169856,0,0,25793404928,0.9832581673192418,0.9568247335308795,1.0,0.98,60,0,237,309,296,41943040,41943040,CPU,0.0,0.0,0,0
51211662830,0,oracle_reserve_lru,trigger,forecast_above_trigger,25860513792,9799991296,10172064006,4882169856,0,396361728,26256875520,1.0009259101460752,1.0023878160799689,1.0,0.98,257,197,-1,0,0,0,0,,0.0,0.0,257,0
51211662830,0,oracle_reserve_lru,spill,proactive_target_headroom,25780822016,9720299520,10172064006,4961861632,0,394264576,26175086592,0.9978080731766341,0.9943472721007178,1.0,0.98,257,196,248,605,269,79691776,79691776,CPU,51211662830.0,0.0,0,0
51211662830,0,oracle_reserve_lru,spill,proactive_target_headroom,25743073280,9682550784,10172064006,4999610368,0,392167424,26135240704,0.9962891269607524,0.9904300840082622,1.0,0.98,257,195,249,276,266,37748736,37748736,CPU,51211662830.0,0.0,0,0
51211662830,0,oracle_reserve_lru,spill,proactive_target_headroom,25699033088,9638510592,10172064006,5043650560,0,390070272,26089103360,0.994530347131837,0.9858943925327872,1.0,0.98,257,194,250,325,266,44040192,44040192,CPU,51211662830.0,0.0,0,0
51211662830,0,oracle_reserve_lru,spill,proactive_target_headroom,25652895744,9592373248,10172064006,5089787904,0,387973120,26040868864,0.9926916227652434,0.9811525332629725,1.0,0.98,257,193,255,345,260,46137344,46137344,CPU,51211662830.0,0.0,0,0
51211662830,0,oracle_reserve_lru,spill,proactive_target_headroom,25608855552,9548333056,10172064006,5133828096,0,385875968,25994731520,0.9909328429363279,0.9766168417874975,1.0,0.98,257,192,257,333,253,44040192,44040192,CPU,51211662830.0,0.0,0,0
51282830405,0,oracle_reserve_lru,admission,value_ranked_working_set,25579495424,9518972928,10172064006,5133828096,0,385875968,25965371392,0.9898136194088362,0.9737304926667407,1.0,0.98,257,192,-1,0,0,0,0,,0.0,0.0,1,64
51282830405,0,oracle_reserve_lru,reload,value_ranked_admission,25638215680,9577693184,10172064006,5096079360,0,0,25638215680,0.9773422715310713,0.9415683167497364,1.0,0.98,64,0,249,276,266,37748736,37748736,CPU,0.0,0.0,0,0
51495090236,0,oracle_reserve_lru,admission,value_ranked_working_set,25562718208,9502195712,10172064006,5096079360,0,385875968,25948594176,0.9891740631074123,0.9720811503120226,1.0,0.98,254,190,-1,0,0,0,0,,0.0,0.0,1,63
51495090236,0,oracle_reserve_lru,reload,value_ranked_admission,25634021376,9573498880,10172064006,5052039168,0,0,25634021376,0.9771823824557153,0.9411559811610568,1.0,0.98,63,0,250,325,266,44040192,44040192,CPU,0.0,0.0,0,0
51565843513,0,oracle_reserve_lru,admission,value_ranked_working_set,25365585920,9305063424,10172064006,5052039168,0,385875968,25751461888,0.9816592765656822,0.952701377644084,1.0,0.98,254,191,-1,0,0,0,0,,0.0,0.0,5,58
51565843513,0,oracle_reserve_lru,reload,value_ranked_admission,25648701440,9588178944,10172064006,4800380928,0,0,25648701440,0.9777419942194612,0.9425991557214352,1.0,0.98,58,0,248,605,269,79691776,79691776,CPU,0.0,0.0,0,0
51565843513,0,oracle_reserve_lru,reload,value_ranked_admission,25648701440,9588178944,10172064006,4800380928,0,0,25648701440,0.9777419942194612,0.9425991557214352,1.0,0.98,58,0,255,345,260,46137344,46137344,CPU,0.0,0.0,0,0
51565843513,0,oracle_reserve_lru,reload,value_ranked_admission,25648701440,9588178944,10172064006,4800380928,0,0,25648701440,0.9777419942194612,0.9425991557214352,1.0,0.98,58,0,257,333,253,44040192,44040192,CPU,0.0,0.0,0,0
51565843513,0,oracle_reserve_lru,reload,value_ranked_admission,25648701440,9588178944,10172064006,4800380928,0,0,25648701440,0.9777419942194612,0.9425991557214352,1.0,0.98,58,0,240,305,294,41943040,41943040,CPU,0.0,0.0,0,0
51565843513,0,oracle_reserve_lru,reload,value_ranked_admission,25648701440,9588178944,10172064006,4800380928,0,0,25648701440,0.9777419942194612,0.9425991557214352,1.0,0.98,58,0,236,294,279,39845888,39845888,CPU,0.0,0.0,0,0
52451445249,0,oracle_reserve_lru,admission,value_ranked_working_set,25535455232,9474932736,10172064006,4800380928,0,400556032,25936011264,0.9886943958813444,0.9708441435459839,1.0,0.98,255,197,-1,0,0,0,0,,0.0,0.0,1,57
52451445249,0,oracle_reserve_lru,reload,value_ranked_admission,25629827072,9569304576,10172064006,4743757824,0,0,25629827072,0.9770224933803594,0.9407436455723772,1.0,0.98,57,0,241,426,288,56623104,56623104,CPU,0.0,0.0,0,0
52611261625,0,oracle_reserve_lru,admission,value_ranked_working_set,25508192256,9447669760,10172064006,4743757824,0,406847488,25915039744,0.9878949505045647,0.9687824656025862,1.0,0.98,254,197,-1,0,0,0,0,,0.0,0.0,2,55
52611261625,0,oracle_reserve_lru,reload,value_ranked_admission,25640312832,9579790336,10172064006,4634705920,0,0,25640312832,0.9774222160687492,0.9417744845440761,1.0,0.98,55,0,247,522,271,69206016,69206016,CPU,0.0,0.0,0,0
52611261625,0,oracle_reserve_lru,reload,value_ranked_admission,25640312832,9579790336,10172064006,4634705920,0,0,25640312832,0.9774222160687492,0.9417744845440761,1.0,0.98,55,0,218,301,286,39845888,39845888,CPU,0.0,0.0,0,0
52753672475,0,oracle_reserve_lru,admission,value_ranked_working_set,25483026432,9422503936,10172064006,4634705920,0,408944640,25891971072,0.9870155605901069,0.9665146198648487,1.0,0.98,252,197,-1,0,0,0,0,,0.0,0.0,2,53
52753672475,0,oracle_reserve_lru,reload,value_ranked_admission,25631924224,9571401728,10172064006,4523556864,0,0,25631924224,0.9771024379180374,0.940949813366717,1.0,0.98,53,0,232,520,281,69206016,69206016,CPU,0.0,0.0,0,0
52753672475,0,oracle_reserve_lru,reload,value_ranked_admission,25631924224,9571401728,10172064006,4523556864,0,0,25631924224,0.9771024379180374,0.940949813366717,1.0,0.98,53,0,213,316,290,41943040,41943040,CPU,0.0,0.0,0,0
53745240912,0,oracle_reserve_lru,admission,value_ranked_working_set,25516580864,9456058368,10172064006,4523556864,0,402653184,25919234048,0.9880548395799206,0.9691948011912658,1.0,0.98,250,197,-1,0,0,0,0,,0.0,0.0,1,52
53745240912,0,oracle_reserve_lru,reload,value_ranked_admission,25659187200,9598664704,10172064006,4435476480,0,0,25659187200,0.9781417169078511,0.943629994693134,1.0,0.98,52,0,233,659,280,88080384,88080384,CPU,0.0,0.0,0,0
55189529567,0,oracle_reserve_lru,admission,value_ranked_working_set,25527066624,9466544128,10172064006,4435476480,0,396361728,25923428352,0.9882147286552765,0.9696071367799453,1.0,0.98,246,194,-1,0,0,0,0,,0.0,0.0,1,51
55189529567,0,oracle_reserve_lru,reload,value_ranked_admission,25638215680,9577693184,10172064006,4362076160,0,0,25638215680,0.9773422715310713,0.9415683167497364,1.0,0.98,51,0,227,548,284,73400320,73400320,CPU,0.0,0.0,0,0
55394413593,0,oracle_reserve_lru,admission,value_ranked_working_set,25577398272,9516875776,10172064006,4362076160,0,396361728,25973760000,0.9901333975595481,0.9745551638440998,1.0,0.98,244,193,-1,0,0,0,0,,0.0,0.0,1,50
55394413593,0,oracle_reserve_lru,reload,value_ranked_admission,25636118528,9575596032,10172064006,4318035968,0,0,25636118528,0.9772623269933933,0.9413621489553966,1.0,0.98,50,0,221,330,280,44040192,44040192,CPU,0.0,0.0,0,0
55462332635,0,oracle_reserve_lru,admission,value_ranked_working_set,25424306176,9363783680,10172064006,4318035968,0,398458880,25822765056,0.9843773908467335,0.9597110826516362,1.0,0.98,243,193,-1,0,0,0,0,,0.0,0.0,2,48
55462332635,0,oracle_reserve_lru,reload,value_ranked_admission,25640312832,9579790336,10172064006,4123000832,0,0,25640312832,0.9774222160687492,0.9417744845440761,1.0,0.98,48,0,238,1067,296,140509184,140509184,CPU,0.0,0.0,0,0
55462332635,0,oracle_reserve_lru,reload,value_ranked_admission,25640312832,9579790336,10172064006,4123000832,0,0,25640312832,0.9774222160687492,0.9417744845440761,1.0,0.98,48,0,214,403,290,54525952,54525952,CPU,0.0,0.0,0,0
56108568406,0,oracle_reserve_lru,trigger,forecast_above_trigger,25883582464,9823059968,10172064006,4123000832,0,400556032,26284138496,1.001965189135889,1.0050679974063859,1.0,0.98,244,196,-1,0,0,0,0,,0.0,0.0,244,0
56108568406,0,oracle_reserve_lru,spill,proactive_target_headroom,25803890688,9743368192,10172064006,4202692608,0,398458880,26202349568,0.9988473521664478,0.9970274534271348,1.0,0.98,244,195,263,603,303,79691776,79691776,CPU,56108568406.0,0.0,0,0
56108568406,0,oracle_reserve_lru,spill,proactive_target_headroom,25753559040,9693036544,10172064006,4253024256,0,396361728,26149920768,0.9968487387244983,0.9918732585686406,1.0,0.98,244,194,264,376,302,50331648,50331648,CPU,56108568406.0,0.0,0,0
56108568406,0,oracle_reserve_lru,spill,proactive_target_headroom,25675964416,9615441920,10172064006,4330618880,0,394264576,26070228992,0.9938108462927351,0.9840388823837293,1.0,0.98,244,193,270,578,292,77594624,77594624,CPU,56108568406.0,0.0,0,0
56108568406,0,oracle_reserve_lru,spill,proactive_target_headroom,25636118528,9575596032,10172064006,4370464768,0,392167424,26028285952,0.9922119555391755,0.9799155264969338,1.0,0.98,244,192,271,303,289,39845888,39845888,CPU,56108568406.0,0.0,0,0
56606827306,0,oracle_reserve_lru,trigger,forecast_above_trigger,25877291008,9816768512,10172064006,4370464768,0,398458880,26275749888,1.0016454109851771,1.004243326229027,1.0,0.98,246,194,-1,0,0,0,0,,0.0,0.0,246,0
56606827306,0,oracle_reserve_lru,spill,proactive_target_headroom,25820667904,9760145408,10172064006,4427087872,0,396361728,26217029632,0.9994069639301937,0.9984706279875133,1.0,0.98,246,193,273,427,284,56623104,56623104,CPU,56606827306.0,0.0,0,0
56606827306,0,oracle_reserve_lru,spill,proactive_target_headroom,25774530560,9714008064,10172064006,4473225216,0,394264576,26168795136,0.9975682395636002,0.9937287687176986,1.0,0.98,246,192,274,343,283,46137344,46137344,CPU,56606827306.0,0.0,0,0
56606827306,0,oracle_reserve_lru,spill,proactive_target_headroom,25732587520,9672065024,10172064006,4515168256,0,392167424,26124754944,0.9958894042723626,0.9893992450365633,1.0,0.98,246,191,279,320,277,41943040,41943040,CPU,56606827306.0,0.0,0,0
56606827306,0,oracle_reserve_lru,spill,proactive_target_headroom,25665478656,9604956160,10172064006,4582277120,0,390070272,26055548928,0.9932512345289892,0.9825957078233508,1.0,0.98,246,190,280,502,275,67108864,67108864,CPU,56606827306.0,0.0,0,0
56606827306,0,oracle_reserve_lru,spill,proactive_target_headroom,25627729920,9567207424,10172064006,4620025856,0,387973120,26015703040,0.9917322883131077,0.9786785197308953,1.0,0.98,246,189,281,285,274,37748736,37748736,CPU,56606827306.0,0.0,0,0
57047852524,0,oracle_reserve_lru,admission,value_ranked_working_set,25548038144,9487515648,10172064006,4620025856,0,383778816,25931816960,0.9885345068059884,0.9704318079573043,1.0,0.98,246,189,-1,0,0,0,0,,0.0,0.0,1,56
57047852524,0,oracle_reserve_lru,reload,value_ranked_admission,25650798592,9590276096,10172064006,4563402752,0,0,25650798592,0.9778219387571392,0.942805323515775,1.0,0.98,56,0,273,427,284,56623104,56623104,CPU,0.0,0.0,0,0
57514116470,0,oracle_reserve_lru,admission,value_ranked_working_set,25566912512,9506390016,10172064006,4563402752,0,394264576,25961177088,0.9896537303334801,0.9733181570780611,1.0,0.98,248,192,-1,0,0,0,0,,0.0,0.0,1,55
57514116470,0,oracle_reserve_lru,reload,value_ranked_admission,25644507136,9583984640,10172064006,4517265408,0,0,25644507136,0.9775821051441053,0.9421868201327557,1.0,0.98,55,0,274,343,283,46137344,46137344,CPU,0.0,0.0,0,0
58112577682,0,oracle_reserve_lru,admission,value_ranked_working_set,25491415040,9430892544,10172064006,4517265408,0,396361728,25887776768,0.9868556715147508,0.9661022842761692,1.0,0.98,247,192,-1,0,0,0,0,,0.0,0.0,2,53
58112577682,0,oracle_reserve_lru,reload,value_ranked_admission,25621438464,9560915968,10172064006,4408213504,0,0,25621438464,0.9767027152296475,0.9399189743950181,1.0,0.98,53,0,279,320,277,41943040,41943040,CPU,0.0,0.0,0,0
58112577682,0,oracle_reserve_lru,reload,value_ranked_admission,25621438464,9560915968,10172064006,4408213504,0,0,25621438464,0.9767027152296475,0.9399189743950181,1.0,0.98,53,0,280,502,275,67108864,67108864,CPU,0.0,0.0,0,0
58780686579,0,oracle_reserve_lru,trigger,forecast_above_trigger,25826959360,9766436864,10172064006,4408213504,0,417333248,26244292608,1.0004462429200074,1.0011508093139303,1.0,0.98,254,201,-1,0,0,0,0,,0.0,0.0,254,0
58780686579,0,oracle_reserve_lru,spill,proactive_target_headroom,25787113472,9726590976,10172064006,4448059392,0,415236096,26202349568,0.9988473521664478,0.9970274534271348,1.0,0.98,254,200,282,303,298,39845888,39845888,CPU,58780686579.0,0.0,0,0
58780686579,0,oracle_reserve_lru,spill,proactive_target_headroom,25745170432,9684647936,10172064006,4490002432,0,413138944,26158309376,0.9971685168752102,0.9926979297459997,1.0,0.98,254,199,285,309,296,41943040,41943040,CPU,58780686579.0,0.0,0,0
58780686579,0,oracle_reserve_lru,spill,proactive_target_headroom,25703227392,9642704896,10172064006,4531945472,0,411041792,26114269184,0.9954896815839727,0.9883684060648644,1.0,0.98,254,198,286,315,295,41943040,41943040,CPU,58780686579.0,0.0,0,0
58780686579,0,oracle_reserve_lru,spill,proactive_target_headroom,25663381504,9602859008,10172064006,4571791360,0,408944640,26072326144,0.9938907908304131,0.9842450501780691,1.0,0.98,254,197,287,301,294,39845888,39845888,CPU,58780686579.0,0.0,0,0
58780686579,0,oracle_reserve_lru,spill,proactive_target_headroom,25594175488,9533652992,10172064006,4640997376,0,406847488,26001022976,0.9911726765493618,0.9772353451705168,1.0,0.98,254,196,292,526,290,69206016,69206016,CPU,58780686579.0,0.0,0,0
59334171175,0,oracle_reserve_lru,trigger,forecast_above_trigger,25856319488,9795796992,10172064006,4640997376,0,402653184,26258972672,1.0010058546837532,1.0025939838743088,1.0,0.98,258,200,-1,0,0,0,0,,0.0,0.0,258,0
59334171175,0,oracle_reserve_lru,spill,proactive_target_headroom,25724198912,9663676416,10172064006,4773117952,0,400556032,26124754944,0.9958894042723626,0.9893992450365633,1.0,0.98,258,199,293,1002,294,132120576,132120576,CPU,59334171175.0,0.0,0,0
59334171175,0,oracle_reserve_lru,spill,proactive_target_headroom,25634021376,9573498880,10172064006,4863295488,0,398458880,26032480256,0.9923718446145314,0.9803278620856134,1.0,0.98,258,198,299,680,292,90177536,90177536,CPU,59334171175.0,0.0,0,0
59334171175,0,oracle_reserve_lru,spill,proactive_target_headroom,25589981184,9529458688,10172064006,4907335680,0,396361728,25986342912,0.990613064785616,0.9757921706101385,1.0,0.98,258,197,301,336,292,44040192,44040192,CPU,59334171175.0,0.0,0,0
59334171175,0,oracle_reserve_lru,admission,value_ranked_working_set,25589981184,9529458688,10172064006,4907335680,0,396361728,25986342912,0.990613064785616,0.9757921706101385,1.0,0.98,258,197,-1,0,0,0,0,,0.0,0.0,1,60
59334171175,0,oracle_reserve_lru,reload,value_ranked_admission,25764044800,9703522304,10172064006,4867489792,0,0,25764044800,0.98213894379175,0.9539383844101227,1.0,0.98,60,0,282,303,298,39845888,39845888,CPU,0.0,0.0,0,0
60247481913,0,oracle_reserve_lru,trigger,forecast_above_trigger,25929719808,9869197312,10172064006,4867489792,0,402653184,26332372992,1.0038039135024825,1.0098098566762006,1.0,0.98,259,199,-1,0,0,0,0,,0.0,0.0,259,0
60247481913,0,oracle_reserve_lru,spill,proactive_target_headroom,25887776768,9827254272,10172064006,4909432832,0,400556032,26288332800,1.002125078211245,1.0054803329950655,1.0,0.98,259,198,302,319,299,41943040,41943040,CPU,60247481913.0,0.0,0,0
60247481913,0,oracle_reserve_lru,spill,proactive_target_headroom,25826959360,9766436864,10172064006,4970250240,0,398458880,26225418240,0.9997267420809056,0.9992952991648724,1.0,0.98,259,197,304,461,299,60817408,60817408,CPU,60247481913.0,0.0,0,0
60247481913,0,oracle_reserve_lru,spill,proactive_target_headroom,25755656192,9695133696,10172064006,5041553408,0,396361728,26152017920,0.9969286832621763,0.9920794263629804,1.0,0.98,259,196,307,538,293,71303168,71303168,CPU,60247481913.0,0.0,0,0
60247481913,0,oracle_reserve_lru,spill,proactive_target_headroom,25709518848,9648996352,10172064006,5087690752,0,394264576,26103783424,0.9950899588955828,0.9873375670931657,1.0,0.98,259,195,310,349,291,46137344,46137344,CPU,60247481913.0,0.0,0,0
60247481913,0,oracle_reserve_lru,spill,proactive_target_headroom,25640312832,9579790336,10172064006,5156896768,0,392167424,26032480256,0.9923718446145314,0.9803278620856134,1.0,0.98,259,194,312,521,291,69206016,69206016,CPU,60247481913.0,0.0,0,0
60247481913,0,oracle_reserve_lru,spill,proactive_target_headroom,25560621056,9500098560,10172064006,5236588544,0,390070272,25950691328,0.9892540076450903,0.9722873181063623,1.0,0.98,259,193,315,600,288,79691776,79691776,CPU,60247481913.0,0.0,0,0
60247481913,0,oracle_reserve_lru,admission,value_ranked_working_set,25560621056,9500098560,10172064006,5236588544,0,390070272,25950691328,0.9892540076450903,0.9722873181063623,1.0,0.98,259,193,-1,0,0,0,0,,0.0,0.0,1,65
60247481913,0,oracle_reserve_lru,reload,value_ranked_admission,25713713152,9653190656,10172064006,5194645504,0,0,25713713152,0.9802202748874785,0.9489903573459681,1.0,0.98,65,0,302,319,299,41943040,41943040,CPU,0.0,0.0,0,0
60666903350,0,oracle_reserve_lru,trigger,forecast_above_trigger,25875193856,9814671360,10172064006,5194645504,0,402653184,26277847040,1.0017253555228551,1.0044494940233666,1.0,0.98,264,199,-1,0,0,0,0,,0.0,0.0,264,0
60666903350,0,oracle_reserve_lru,spill,proactive_target_headroom,25833250816,9772728320,10172064006,5236588544,0,400556032,26233806848,1.0000465202316176,1.0001199703422314,1.0,0.98,264,198,318,310,289,41943040,41943040,CPU,60666903350.0,0.0,0,0
60666903350,0,oracle_reserve_lru,spill,proactive_target_headroom,25753559040,9693036544,10172064006,5316280320,0,398458880,26152017920,0.9969286832621763,0.9920794263629804,1.0,0.98,264,197,321,606,287,79691776,79691776,CPU,60666903350.0,0.0,0,0
60666903350,0,oracle_reserve_lru,spill,proactive_target_headroom,25703227392,9642704896,10172064006,5366611968,0,396361728,26099589120,0.9949300698202268,0.9869252315044861,1.0,0.98,264,196,324,375,281,50331648,50331648,CPU,60666903350.0,0.0,0,0
60666903350,0,oracle_reserve_lru,spill,proactive_target_headroom,25661284352,9600761856,10172064006,5408555008,0,394264576,26055548928,0.9932512345289892,0.9825957078233508,1.0,0.98,264,195,325,316,279,41943040,41943040,CPU,60666903350.0,0.0,0,0
60666903350,0,oracle_reserve_lru,spill,proactive_target_headroom,25619341312,9558818816,10172064006,5450498048,0,392167424,26011508736,0.9915723992377516,0.9782661841422157,1.0,0.98,264,194,326,319,278,41943040,41943040,CPU,60666903350.0,0.0,0,0
60736720067,0,oracle_reserve_lru,admission,value_ranked_working_set,25594175488,9533652992,10172064006,5450498048,0,387973120,25982148608,0.9904531757102599,0.9753798350214589,1.0,0.98,262,192,-1,0,0,0,0,,0.0,0.0,1,69
60736720067,0,oracle_reserve_lru,reload,value_ranked_admission,25659187200,9598664704,10172064006,5408555008,0,0,25659187200,0.9781417169078511,0.943629994693134,1.0,0.98,69,0,318,310,289,41943040,41943040,CPU,0.0,0.0,0,0
60879482566,0,oracle_reserve_lru,admission,value_ranked_working_set,25575301120,9514778624,10172064006,5408555008,0,390070272,25965371392,0.9898136194088362,0.9737304926667407,1.0,0.98,260,191,-1,0,0,0,0,,0.0,0.0,1,68
60879482566,0,oracle_reserve_lru,reload,value_ranked_admission,25650798592,9590276096,10172064006,5358223360,0,0,25650798592,0.9778219387571392,0.942805323515775,1.0,0.98,68,0,324,375,281,50331648,50331648,CPU,0.0,0.0,0,0
61340428671,0,oracle_reserve_lru,trigger,forecast_above_trigger,25860513792,9799991296,10172064006,5358223360,0,406847488,26267361280,1.0013256328344653,1.0034186550516677,1.0,0.98,268,200,-1,0,0,0,0,,0.0,0.0,268,0
61340428671,0,oracle_reserve_lru,spill,proactive_target_headroom,25759850496,9699328000,10172064006,5458886656,0,404750336,26164600832,0.9974083504882442,0.993316433129019,1.0,0.98,268,199,328,753,284,100663296,100663296,CPU,61340428671.0,0.0,0,0
61340428671,0,oracle_reserve_lru,spill,proactive_target_headroom,25646604288,9586081792,10172064006,5572132864,0,402653184,26049257472,0.9930114009159553,0.9819772044403315,1.0,0.98,268,198,332,858,283,113246208,113246208,CPU,61340428671.0,0.0,0,0
61340428671,0,oracle_reserve_lru,spill,proactive_target_headroom,25558523904,9498001408,10172064006,5660213248,0,400556032,25959079936,0.9895737857958022,0.9731119892837213,1.0,0.98,268,197,333,657,283,88080384,88080384,CPU,61340428671.0,0.0,0,0
61340428671,0,oracle_reserve_lru,admission,value_ranked_working_set,25558523904,9498001408,10172064006,5660213248,0,400556032,25959079936,0.9895737857958022,0.9731119892837213,1.0,0.98,268,197,-1,0,0,0,0,,0.0,0.0,1,70
61340428671,0,oracle_reserve_lru,reload,value_ranked_admission,25621438464,9560915968,10172064006,5618270208,0,0,25621438464,0.9767027152296475,0.9399189743950181,1.0,0.98,70,0,325,316,279,41943040,41943040,CPU,0.0,0.0,0,0
61932133770,0,oracle_reserve_lru,trigger,forecast_above_trigger,25942302720,9881780224,10172064006,5618270208,0,415236096,26357538816,1.0047632479546182,1.012283870208278,1.0,0.98,274,204,-1,0,0,0,0,,0.0,0.0,274,0
61932133770,0,oracle_reserve_lru,spill,proactive_target_headroom,25883582464,9823059968,10172064006,5676990464,0,413138944,26296721408,1.002444856361957,1.0063050041724246,1.0,0.98,274,203,336,442,287,58720256,58720256,CPU,61932133770.0,0.0,0,0
61932133770,0,oracle_reserve_lru,spill,proactive_target_headroom,25720004608,9659482112,10172064006,5840568320,0,411041792,26131046400,0.9961292378853965,0.9900177484195827,1.0,0.98,274,202,341,1233,285,163577856,163577856,CPU,61932133770.0,0.0,0,0
61932133770,0,oracle_reserve_lru,spill,proactive_target_headroom,25675964416,9615441920,10172064006,5884608512,0,408944640,26084909056,0.9943704580564809,0.9854820569441076,1.0,0.98,274,201,347,328,283,44040192,44040192,CPU,61932133770.0,0.0,0,0
61932133770,0,oracle_reserve_lru,spill,proactive_target_headroom,25634021376,9573498880,10172064006,5926551552,0,406847488,26040868864,0.9926916227652434,0.9811525332629725,1.0,0.98,274,200,353,312,282,41943040,41943040,CPU,61932133770.0,0.0,0,0
61932133770,0,oracle_reserve_lru,spill,proactive_target_headroom,25566912512,9506390016,10172064006,5993660416,0,404750336,25971662848,0.9900534530218701,0.97434899604976,1.0,0.98,274,199,354,500,282,67108864,67108864,CPU,61932133770.0,0.0,0,0
61932133770,0,oracle_reserve_lru,admission,value_ranked_working_set,25566912512,9506390016,10172064006,5993660416,0,404750336,25971662848,0.9900534530218701,0.97434899604976,1.0,0.98,274,199,-1,0,0,0,0,,0.0,0.0,1,74
61932133770,0,oracle_reserve_lru,reload,value_ranked_admission,25740976128,9680453632,10172064006,5949620224,0,0,25740976128,0.9812595538772924,0.9516705386723852,1.0,0.98,74,0,347,328,283,44040192,44040192,CPU,0.0,0.0,0,0
62214561079,0,oracle_reserve_lru,trigger,forecast_above_trigger,25908748288,9848225792,10172064006,5949620224,0,421527552,26330275840,1.0037239689648045,1.009603688881861,1.0,0.98,280,206,-1,0,0,0,0,,0.0,0.0,280,0
62214561079,0,oracle_reserve_lru,spill,proactive_target_headroom,25831153664,9770631168,10172064006,6027214848,0,419430400,26250584064,1.0006860765330414,1.0017693126969496,1.0,0.98,280,205,356,588,286,77594624,77594624,CPU,62214561079.0,0.0,0,0
62214561079,0,oracle_reserve_lru,spill,proactive_target_headroom,25682255872,9621733376,10172064006,6176112640,0,417333248,26099589120,0.9949300698202268,0.9869252315044861,1.0,0.98,280,204,357,1128,285,148897792,148897792,CPU,62214561079.0,0.0,0,0
62214561079,0,oracle_reserve_lru,spill,proactive_target_headroom,25608855552,9548333056,10172064006,6249512960,0,415236096,26024091648,0.9920520664638196,0.9795031909082543,1.0,0.98,280,203,358,554,284,73400320,73400320,CPU,62214561079.0,0.0,0,0
62284728557,0,oracle_reserve_lru,admission,value_ranked_working_set,25493512192,9432989696,10172064006,6249512960,0,411041792,25904553984,0.9874952278161747,0.9677516266308873,1.0,0.98,279,202,-1,0,0,0,0,,0.0,0.0,2,75
62284728557,0,oracle_reserve_lru,reload,value_ranked_admission,25638215680,9577693184,10172064006,6129975296,0,0,25638215680,0.9773422715310713,0.9415683167497364,1.0,0.98,75,0,356,588,286,77594624,77594624,CPU,0.0,0.0,0,0
62284728557,0,oracle_reserve_lru,reload,value_ranked_admission,25638215680,9577693184,10172064006,6129975296,0,0,25638215680,0.9773422715310713,0.9415683167497364,1.0,0.98,75,0,353,312,282,41943040,41943040,CPU,0.0,0.0,0,0
62354884994,0,oracle_reserve_lru,admission,value_ranked_working_set,25531260928,9470738432,10172064006,6129975296,0,411041792,25942302720,0.9889342294943784,0.9714626469290032,1.0,0.98,278,203,-1,0,0,0,0,,0.0,0.0,1,74
62354884994,0,oracle_reserve_lru,reload,value_ranked_admission,25629827072,9569304576,10172064006,6056574976,0,0,25629827072,0.9770224933803594,0.9407436455723772,1.0,0.98,74,0,358,554,284,73400320,73400320,CPU,0.0,0.0,0,0
63905979263,0,oracle_reserve_lru,trigger,forecast_above_trigger,25829056512,9768534016,10172064006,6056574976,0,425721856,26254778368,1.0008459656083972,1.0021816482856292,1.0,0.98,285,211,-1,0,0,0,0,,0.0,0.0,285,0
63905979263,0,oracle_reserve_lru,spill,proactive_target_headroom,25787113472,9726590976,10172064006,6098518016,0,423624704,26210738176,0.9991671303171598,0.9978521246044939,1.0,0.98,285,210,363,310,293,41943040,41943040,CPU,63905979263.0,0.0,0,0
63905979263,0,oracle_reserve_lru,spill,proactive_target_headroom,25734684672,9674162176,10172064006,6150946816,0,421527552,26156212224,0.9970885723375322,0.9924917619516599,1.0,0.98,285,209,365,390,291,52428800,52428800,CPU,63905979263.0,0.0,0,0
63905979263,0,oracle_reserve_lru,spill,proactive_target_headroom,25690644480,9630121984,10172064006,6194987008,0,419430400,26110074880,0.9953297925086168,0.9879560704761849,1.0,0.98,285,208,366,330,287,44040192,44040192,CPU,63905979263.0,0.0,0,0
63905979263,0,oracle_reserve_lru,spill,proactive_target_headroom,25650798592,9590276096,10172064006,6234832896,0,417333248,26068131840,0.9937309017550572,0.9838327145893895,1.0,0.98,285,207,368,293,283,39845888,39845888,CPU,63905979263.0,0.0,0,0
63905979263,0,oracle_reserve_lru,spill,proactive_target_headroom,25610952704,9550430208,10172064006,6274678784,0,415236096,26026188800,0.9921320110014975,0.9797093587025941,1.0,0.98,285,206,374,290,281,39845888,39845888,CPU,63905979263.0,0.0,0,0
64420434885,0,oracle_reserve_lru,trigger,forecast_above_trigger,25904553984,9844031488,10172064006,6274678784,0,423624704,26328178688,1.0036440244271265,1.0093975210875212,1.0,0.98,286,207,-1,0,0,0,0,,0.0,0.0,286,0
64420434885,0,oracle_reserve_lru,spill,proactive_target_headroom,25856319488,9795796992,10172064006,6322913280,0,421527552,26277847040,1.0017253555228551,1.0044494940233666,1.0,0.98,286,206,375,366,287,48234496,48234496,CPU,64420434885.0,0.0,0,0
64420434885,0,oracle_reserve_lru,spill,proactive_target_headroom,25816473600,9755951104,10172064006,6362759168,0,419430400,26235904000,1.0001264647692956,1.0003261381365711,1.0,0.98,286,205,379,303,284,39845888,39845888,CPU,64420434885.0,0.0,0,0
64420434885,0,oracle_reserve_lru,spill,proactive_target_headroom,25776627712,9716105216,10172064006,6402605056,0,417333248,26193960960,0.9985275740157359,0.9962027822497758,1.0,0.98,286,204,382,299,283,39845888,39845888,CPU,64420434885.0,0.0,0,0
64420434885,0,oracle_reserve_lru,spill,proactive_target_headroom,25690644480,9630121984,10172064006,6488588288,0,415236096,26105880576,0.9951699034332607,0.9875437348875054,1.0,0.98,286,203,383,645,280,85983232,85983232,CPU,64420434885.0,0.0,0,0
64420434885,0,oracle_reserve_lru,spill,proactive_target_headroom,25606758400,9546235904,10172064006,6572474368,0,413138944,26019897344,0.9918921773884636,0.9790908553195747,1.0,0.98,286,202,97,626,619,83886080,83886080,CPU,64420434885.0,0.0,0,0
64702977504,0,oracle_reserve_lru,trigger,forecast_above_trigger,25839542272,9779019776,10172064006,6572474368,0,427819008,26267361280,1.0013256328344653,1.0034186550516677,1.0,0.98,294,210,-1,0,0,0,0,,0.0,0.0,294,0
64702977504,0,oracle_reserve_lru,spill,proactive_target_headroom,25801793536,9741271040,10172064006,6610223104,0,425721856,26227515392,0.9998066866185836,0.9995014669592122,1.0,0.98,294,209,389,282,276,37748736,37748736,CPU,64702977504.0,0.0,0,0
64702977504,0,oracle_reserve_lru,spill,proactive_target_headroom,25761947648,9701425152,10172064006,6650068992,0,423624704,26185572352,0.998207795865024,0.9953781110724167,1.0,0.98,294,208,395,303,265,39845888,39845888,CPU,64702977504.0,0.0,0,0
64702977504,0,oracle_reserve_lru,spill,proactive_target_headroom,25717907456,9657384960,10172064006,6694109184,0,421527552,26139435008,0.9964490160361085,0.9908424195969417,1.0,0.98,294,207,397,336,261,44040192,44040192,CPU,64702977504.0,0.0,0,0
64702977504,0,oracle_reserve_lru,spill,proactive_target_headroom,25667575808,9607053312,10172064006,6744440832,0,419430400,26087006208,0.994450402594159,0.9856882247384474,1.0,0.98,294,206,400,376,259,50331648,50331648,CPU,64702977504.0,0.0,0,0
64702977504,0,oracle_reserve_lru,spill,proactive_target_headroom,25621438464,9560915968,10172064006,6790578176,0,417333248,26038771712,0.9926116782275655,0.9809463654686327,1.0,0.98,294,205,401,343,258,46137344,46137344,CPU,64702977504.0,0.0,0,0
64702977504,0,oracle_reserve_lru,spill,proactive_target_headroom,25585786880,9525264384,10172064006,6826229760,0,415236096,26001022976,0.9911726765493618,0.9772353451705168,1.0,0.98,294,204,403,269,255,35651584,35651584,CPU,64702977504.0,0.0,0,0
65458025052,0,oracle_reserve_lru,trigger,forecast_above_trigger,25891971072,9831448576,10172064006,6826229760,0,421527552,26313498624,1.0030844126633807,1.0079543465271428,1.0,0.98,297,207,-1,0,0,0,0,,0.0,0.0,297,0
65458025052,0,oracle_reserve_lru,spill,proactive_target_headroom,25728393216,9667870720,10172064006,6989807616,0,419430400,26147823616,0.9967687941868204,0.9916670907743008,1.0,0.98,297,206,407,1243,257,163577856,163577856,CPU,65458025052.0,0.0,0,0
65458025052,0,oracle_reserve_lru,spill,proactive_target_headroom,25690644480,9630121984,10172064006,7027556352,0,417333248,26107977728,0.9952498479709387,0.9877499026818451,1.0,0.98,297,205,408,281,256,37748736,37748736,CPU,65458025052.0,0.0,0,0
65458025052,0,oracle_reserve_lru,spill,proactive_target_headroom,25510289408,9449766912,10172064006,7207911424,0,415236096,25925525504,0.9882946731929545,0.969813304574285,1.0,0.98,297,204,410,1374,256,180355072,180355072,CPU,65458025052.0,0.0,0,0
65458025052,0,oracle_reserve_lru,admission,value_ranked_working_set,25510289408,9449766912,10172064006,7207911424,0,415236096,25925525504,0.9882946731929545,0.969813304574285,1.0,0.98,297,204,-1,0,0,0,0,,0.0,0.0,2,91
65458025052,0,oracle_reserve_lru,reload,value_ranked_admission,25740976128,9680453632,10172064006,7132413952,0,0,25740976128,0.9812595538772924,0.9516705386723852,1.0,0.98,91,0,408,281,256,37748736,37748736,CPU,0.0,0.0,0,0
65458025052,0,oracle_reserve_lru,reload,value_ranked_admission,25740976128,9680453632,10172064006,7132413952,0,0,25740976128,0.9812595538772924,0.9516705386723852,1.0,0.98,91,0,389,282,276,37748736,37748736,CPU,0.0,0.0,0,0
65769025993,0,oracle_reserve_lru,trigger,forecast_above_trigger,25959079936,9898557440,10172064006,7132413952,0,429916160,26388996096,1.005962416019788,1.0153763871233745,1.0,0.98,299,208,-1,0,0,0,0,,0.0,0.0,299,0
65769025993,0,oracle_reserve_lru,spill,proactive_target_headroom,25923428352,9862905856,10172064006,7168065536,0,427819008,26351247360,1.0045234143415844,1.0116653668252586,1.0,0.98,299,207,412,268,253,35651584,35651584,CPU,65769025993.0,0.0,0,0
65769025993,0,oracle_reserve_lru,spill,proactive_target_headroom,25887776768,9827254272,10172064006,7203717120,0,425721856,26313498624,1.0030844126633807,1.0079543465271428,1.0,0.98,299,206,414,261,251,35651584,35651584,CPU,65769025993.0,0.0,0,0
65769025993,0,oracle_reserve_lru,spill,proactive_target_headroom,25755656192,9695133696,10172064006,7335837696,0,423624704,26179280896,0.99796796225199,0.9947596076893974,1.0,0.98,299,205,415,1005,250,132120576,132120576,CPU,65769025993.0,0.0,0,0
65769025993,0,oracle_reserve_lru,spill,proactive_target_headroom,25717907456,9657384960,10172064006,7373586432,0,421527552,26139435008,0.9964490160361085,0.9908424195969417,1.0,0.98,299,204,417,280,249,37748736,37748736,CPU,65769025993.0,0.0,0,0
65769025993,0,oracle_reserve_lru,spill,proactive_target_headroom,25499803648,9439281152,10172064006,7591690240,0,419430400,25919234048,0.9880548395799206,0.9691948011912658,1.0,0.98,299,203,418,1664,249,218103808,218103808,CPU,65769025993.0,0.0,0,0
65769025993,0,oracle_reserve_lru,admission,value_ranked_working_set,25499803648,9439281152,10172064006,7591690240,0,419430400,25919234048,0.9880548395799206,0.9691948011912658,1.0,0.98,299,203,-1,0,0,0,0,,0.0,0.0,2,94
65769025993,0,oracle_reserve_lru,reload,value_ranked_admission,25617244160,9556721664,10172064006,7520387072,0,0,25617244160,0.9765428261542916,0.9395066388063387,1.0,0.98,94,0,412,268,253,35651584,35651584,CPU,0.0,0.0,0,0
65769025993,0,oracle_reserve_lru,reload,value_ranked_admission,25617244160,9556721664,10172064006,7520387072,0,0,25617244160,0.9765428261542916,0.9395066388063387,1.0,0.98,94,0,414,261,251,35651584,35651584,CPU,0.0,0.0,0,0
66585726017,0,oracle_reserve_lru,trigger,forecast_above_trigger,25940205568,9879683072,10172064006,7520387072,0,423624704,26363830272,1.0050030815676523,1.0129023735912972,1.0,0.98,302,208,-1,0,0,0,0,,0.0,0.0,302,0
66585726017,0,oracle_reserve_lru,spill,proactive_target_headroom,25902456832,9841934336,10172064006,7558135808,0,421527552,26323984384,1.0034841353517707,1.0089851854988416,1.0,0.98,302,207,420,274,257,37748736,37748736,CPU,66585726017.0,0.0,0,0
66585726017,0,oracle_reserve_lru,spill,proactive_target_headroom,25812279296,9751756800,10172064006,7648313344,0,419430400,26231709696,0.9999665756939395,0.9999138025478916,1.0,0.98,302,206,137,677,586,90177536,90177536,CPU,66585726017.0,0.0,0,0
66585726017,0,oracle_reserve_lru,spill,proactive_target_headroom,25690644480,9630121984,10172064006,7769948160,0,417333248,26107977728,0.9952498479709387,0.9877499026818451,1.0,0.98,302,205,421,923,255,121634816,121634816,CPU,66585726017.0,0.0,0,0
66585726017,0,oracle_reserve_lru,spill,proactive_target_headroom,25606758400,9546235904,10172064006,7853834240,0,415236096,26021994496,0.9919721219261416,0.9792970231139145,1.0,0.98,302,204,139,632,579,83886080,83886080,CPU,66585726017.0,0.0,0,0
67925116082,0,oracle_reserve_lru,admission,value_ranked_working_set,25581592576,9521070080,10172064006,7853834240,0,402653184,25984245760,0.9905331202479379,0.9755860028157987,1.0,0.98,296,198,-1,0,0,0,0,,0.0,0.0,1,97
67925116082,0,oracle_reserve_lru,reload,value_ranked_admission,25640312832,9579790336,10172064006,7816085504,0,0,25640312832,0.9774222160687492,0.9417744845440761,1.0,0.98,97,0,420,274,257,37748736,37748736,CPU,0.0,0.0,0,0
68057407929,0,oracle_reserve_lru,admission,value_ranked_working_set,25562718208,9502195712,10172064006,7816085504,0,402653184,25965371392,0.9898136194088362,0.9737304926667407,1.0,0.98,293,196,-1,0,0,0,0,,0.0,0.0,1,96
68057407929,0,oracle_reserve_lru,reload,value_ranked_admission,25621438464,9560915968,10172064006,7778336768,0,0,25621438464,0.9767027152296475,0.9399189743950181,1.0,0.98,96,0,417,280,249,37748736,37748736,CPU,0.0,0.0,0,0
68188254615,0,oracle_reserve_lru,admission,value_ranked_working_set,25581592576,9521070080,10172064006,7778336768,0,402653184,25984245760,0.9905331202479379,0.9755860028157987,1.0,0.98,291,195,-1,0,0,0,0,,0.0,0.0,1,95
68188254615,0,oracle_reserve_lru,reload,value_ranked_admission,25696935936,9636413440,10172064006,7738490880,0,0,25696935936,0.9795807185860548,0.9473410149912499,1.0,0.98,95,0,395,303,265,39845888,39845888,CPU,0.0,0.0,0,0
68318530261,0,oracle_reserve_lru,admission,value_ranked_working_set,25569009664,9508487168,10172064006,7738490880,0,404750336,25973760000,0.9901333975595481,0.9745551638440998,1.0,0.98,292,197,-1,0,0,0,0,,0.0,0.0,1,94
68318530261,0,oracle_reserve_lru,reload,value_ranked_admission,25634021376,9573498880,10172064006,7694450688,0,0,25634021376,0.9771823824557153,0.9411559811610568,1.0,0.98,94,0,397,336,261,44040192,44040192,CPU,0.0,0.0,0,0
68860871060,0,oracle_reserve_lru,trigger,forecast_above_trigger,25856319488,9795796992,10172064006,7694450688,0,400556032,26256875520,1.0009259101460752,1.0023878160799689,1.0,0.98,293,199,-1,0,0,0,0,,0.0,0.0,293,0
68860871060,0,oracle_reserve_lru,spill,proactive_target_headroom,25801793536,9741271040,10172064006,7748976640,0,398458880,26200252416,0.9987674076287698,0.9968212856327952,1.0,0.98,293,198,426,403,286,54525952,54525952,CPU,68860871060.0,0.0,0,0
68860871060,0,oracle_reserve_lru,spill,proactive_target_headroom,25686450176,9625927680,10172064006,7864320000,0,396361728,26082811904,0.994290513518803,0.9852758891497679,1.0,0.98,293,197,427,879,283,115343360,115343360,CPU,68860871060.0,0.0,0,0
68860871060,0,oracle_reserve_lru,spill,proactive_target_headroom,25646604288,9586081792,10172064006,7904165888,0,394264576,26040868864,0.9926916227652434,0.9811525332629725,1.0,0.98,293,196,428,298,282,39845888,39845888,CPU,68860871060.0,0.0,0,0
68860871060,0,oracle_reserve_lru,spill,proactive_target_headroom,25600466944,9539944448,10172064006,7950303232,0,392167424,25992634368,0.9908528983986499,0.9764106739931577,1.0,0.98,293,195,434,352,278,46137344,46137344,CPU,68860871060.0,0.0,0,0
68925534071,0,oracle_reserve_lru,admission,value_ranked_working_set,25592078336,9531555840,10172064006,7950303232,0,394264576,25986342912,0.990613064785616,0.9757921706101385,1.0,0.98,293,195,-1,0,0,0,0,,0.0,0.0,1,97
68925534071,0,oracle_reserve_lru,reload,value_ranked_admission,25654992896,9594470400,10172064006,7910457344,0,0,25654992896,0.9779818278324951,0.9432176591044545,1.0,0.98,97,0,428,298,282,39845888,39845888,CPU,0.0,0.0,0,0
68982816082,0,oracle_reserve_lru,admission,value_ranked_working_set,25564815360,9504292864,10172064006,7910457344,0,394264576,25959079936,0.9895737857958022,0.9731119892837213,1.0,0.98,292,195,-1,0,0,0,0,,0.0,0.0,1,96
68982816082,0,oracle_reserve_lru,reload,value_ranked_admission,25814376448,9753853952,10172064006,7855931392,0,0,25814376448,0.9840576126960215,0.9588864114742771,1.0,0.98,96,0,426,403,286,54525952,54525952,CPU,0.0,0.0,0,0
69540316642,0,oracle_reserve_lru,trigger,forecast_above_trigger,25831153664,9770631168,10172064006,7855931392,0,413138944,26244292608,1.0004462429200074,1.0011508093139303,1.0,0.98,296,200,-1,0,0,0,0,,0.0,0.0,296,0
69540316642,0,oracle_reserve_lru,spill,proactive_target_headroom,25789210624,9728688128,10172064006,7897874432,0,411041792,26200252416,0.9987674076287698,0.9968212856327952,1.0,0.98,296,199,437,309,289,41943040,41943040,CPU,69540316642.0,0.0,0,0
69540316642,0,oracle_reserve_lru,spill,proactive_target_headroom,25747267584,9686745088,10172064006,7939817472,0,408944640,26156212224,0.9970885723375322,0.9924917619516599,1.0,0.98,296,198,438,312,288,41943040,41943040,CPU,69540316642.0,0.0,0,0
69540316642,0,oracle_reserve_lru,spill,proactive_target_headroom,25707421696,9646899200,10172064006,7979663360,0,406847488,26114269184,0.9954896815839727,0.9883684060648644,1.0,0.98,296,197,440,301,288,39845888,39845888,CPU,69540316642.0,0.0,0,0
69540316642,0,oracle_reserve_lru,spill,proactive_target_headroom,25669672960,9609150464,10172064006,8017412096,0,404750336,26074423296,0.9939707353680911,0.9844512179724089,1.0,0.98,296,196,444,288,283,37748736,37748736,CPU,69540316642.0,0.0,0,0
69540316642,0,oracle_reserve_lru,spill,proactive_target_headroom,25617244160,9556721664,10172064006,8069840896,0,402653184,26019897344,0.9918921773884636,0.9790908553195747,1.0,0.98,296,195,445,395,281,52428800,52428800,CPU,69540316642.0,0.0,0,0
70685217993,0,oracle_reserve_lru,trigger,forecast_above_trigger,25965371392,9904848896,10172064006,8069840896,0,413138944,26378510336,1.0055626933313981,1.0143455481516757,1.0,0.98,300,199,-1,0,0,0,0,,0.0,0.0,300,0
70685217993,0,oracle_reserve_lru,spill,proactive_target_headroom,25824862208,9764339712,10172064006,8210350080,0,411041792,26235904000,1.0001264647692956,1.0003261381365711,1.0,0.98,300,198,447,1060,293,140509184,140509184,CPU,70685217993.0,0.0,0,0
70685217993,0,oracle_reserve_lru,spill,proactive_target_headroom,25640312832,9579790336,10172064006,8394899456,0,408944640,26049257472,0.9930114009159553,0.9819772044403315,1.0,0.98,300,197,448,1395,292,184549376,184549376,CPU,70685217993.0,0.0,0,0
70685217993,0,oracle_reserve_lru,spill,proactive_target_headroom,25524969472,9464446976,10172064006,8510242816,0,406847488,25931816960,0.9885345068059884,0.9704318079573043,1.0,0.98,300,196,179,877,588,115343360,115343360,CPU,70685217993.0,0.0,0,0
70685217993,0,oracle_reserve_lru,admission,value_ranked_working_set,25524969472,9464446976,10172064006,8510242816,0,406847488,25931816960,0.9885345068059884,0.9704318079573043,1.0,0.98,300,196,-1,0,0,0,0,,0.0,0.0,2,102
70685217993,0,oracle_reserve_lru,reload,value_ranked_admission,25684353024,9623830528,10172064006,8426356736,0,0,25684353024,0.9791010513599868,0.9461040082252113,1.0,0.98,102,0,437,309,289,41943040,41943040,CPU,0.0,0.0,0,0
70685217993,0,oracle_reserve_lru,reload,value_ranked_admission,25684353024,9623830528,10172064006,8426356736,0,0,25684353024,0.9791010513599868,0.9461040082252113,1.0,0.98,102,0,438,312,288,41943040,41943040,CPU,0.0,0.0,0,0
71198013506,0,oracle_reserve_lru,trigger,forecast_above_trigger,25841639424,9781116928,10172064006,8426356736,0,415236096,26256875520,1.0009259101460752,1.0023878160799689,1.0,0.98,306,204,-1,0,0,0,0,,0.0,0.0,306,0
71198013506,0,oracle_reserve_lru,spill,proactive_target_headroom,25795502080,9734979584,10172064006,8472494080,0,413138944,26208641024,0.9990871857794817,0.9976459568101542,1.0,0.98,306,203,453,337,291,46137344,46137344,CPU,71198013506.0,0.0,0,0
71198013506,0,oracle_reserve_lru,spill,proactive_target_headroom,25753559040,9693036544,10172064006,8514437120,0,411041792,26164600832,0.9974083504882442,0.993316433129019,1.0,0.98,306,202,454,311,291,41943040,41943040,CPU,71198013506.0,0.0,0,0
71198013506,0,oracle_reserve_lru,spill,proactive_target_headroom,25713713152,9653190656,10172064006,8554283008,0,408944640,26122657792,0.9958094597346846,0.9891930772422236,1.0,0.98,306,201,456,291,290,39845888,39845888,CPU,71198013506.0,0.0,0,0
71198013506,0,oracle_reserve_lru,spill,proactive_target_headroom,25537552384,9477029888,10172064006,8730443776,0,406847488,25944399872,0.9890141740320564,0.971668814723343,1.0,0.98,306,200,457,1337,289,176160768,176160768,CPU,71198013506.0,0.0,0,0
71198013506,0,oracle_reserve_lru,admission,value_ranked_working_set,25537552384,9477029888,10172064006,8730443776,0,406847488,25944399872,0.9890141740320564,0.971668814723343,1.0,0.98,306,200,-1,0,0,0,0,,0.0,0.0,1,105
71198013506,0,oracle_reserve_lru,reload,value_ranked_admission,25610952704,9550430208,10172064006,8684306432,0,0,25610952704,0.9763029925412575,0.9388881354233193,1.0,0.98,105,0,453,337,291,46137344,46137344,CPU,0.0,0.0,0,0
71879678122,0,oracle_reserve_lru,admission,value_ranked_working_set,25483026432,9422503936,10172064006,8684306432,0,404750336,25887776768,0.9868556715147508,0.9661022842761692,1.0,0.98,303,198,-1,0,0,0,0,,0.0,0.0,3,102
71879678122,0,oracle_reserve_lru,reload,value_ranked_admission,25636118528,9575596032,10172064006,8562671616,0,0,25636118528,0.9772623269933933,0.9413621489553966,1.0,0.98,102,0,454,311,291,41943040,41943040,CPU,0.0,0.0,0,0
71879678122,0,oracle_reserve_lru,reload,value_ranked_admission,25636118528,9575596032,10172064006,8562671616,0,0,25636118528,0.9772623269933933,0.9413621489553966,1.0,0.98,102,0,456,291,290,39845888,39845888,CPU,0.0,0.0,0,0
71879678122,0,oracle_reserve_lru,reload,value_ranked_admission,25636118528,9575596032,10172064006,8562671616,0,0,25636118528,0.9772623269933933,0.9413621489553966,1.0,0.98,102,0,440,301,288,39845888,39845888,CPU,0.0,0.0,0,0
71992052116,0,oracle_reserve_lru,admission,value_ranked_working_set,25550135296,9489612800,10172064006,8562671616,0,408944640,25959079936,0.9895737857958022,0.9731119892837213,1.0,0.98,301,199,-1,0,0,0,0,,0.0,0.0,1,101
71992052116,0,oracle_reserve_lru,reload,value_ranked_admission,25608855552,9548333056,10172064006,8524922880,0,0,25608855552,0.9762230480035796,0.9386819676289796,1.0,0.98,101,0,444,288,283,37748736,37748736,CPU,0.0,0.0,0,0
72048006716,0,oracle_reserve_lru,admission,value_ranked_working_set,25569009664,9508487168,10172064006,8524922880,0,411041792,25980051456,0.990373231172582,0.9751736672271191,1.0,0.98,300,199,-1,0,0,0,0,,0.0,0.0,1,100
72048006716,0,oracle_reserve_lru,reload,value_ranked_admission,25661284352,9600761856,10172064006,8478785536,0,0,25661284352,0.9782216614455291,0.9438361624874738,1.0,0.98,100,0,434,352,278,46137344,46137344,CPU,0.0,0.0,0,0
72653702288,0,oracle_reserve_lru,trigger,forecast_above_trigger,25810182144,9749659648,10172064006,8478785536,0,425721856,26235904000,1.0001264647692956,1.0003261381365711,1.0,0.98,304,204,-1,0,0,0,0,,0.0,0.0,304,0
72653702288,0,oracle_reserve_lru,spill,proactive_target_headroom,25764044800,9703522304,10172064006,8524922880,0,423624704,26187669504,0.998287740402702,0.9955842788667565,1.0,0.98,304,203,459,344,312,46137344,46137344,CPU,72653702288.0,0.0,0,0
72653702288,0,oracle_reserve_lru,spill,proactive_target_headroom,25713713152,9653190656,10172064006,8575254528,0,421527552,26135240704,0.9962891269607524,0.9904300840082622,1.0,0.98,304,202,465,371,302,50331648,50331648,CPU,72653702288.0,0.0,0,0
72653702288,0,oracle_reserve_lru,spill,proactive_target_headroom,25560621056,9500098560,10172064006,8728346624,0,419430400,25980051456,0.990373231172582,0.9751736672271191,1.0,0.98,304,201,467,1159,298,153092096,153092096,CPU,72653702288.0,0.0,0,0
72653702288,0,oracle_reserve_lru,admission,value_ranked_working_set,25560621056,9500098560,10172064006,8728346624,0,419430400,25980051456,0.990373231172582,0.9751736672271191,1.0,0.98,304,201,-1,0,0,0,0,,0.0,0.0,1,102
72653702288,0,oracle_reserve_lru,reload,value_ranked_admission,25692741632,9632219136,10172064006,8682209280,0,0,25692741632,0.9794208295106988,0.9469286794025704,1.0,0.98,102,0,459,344,312,46137344,46137344,CPU,0.0,0.0,0,0
73090589195,0,oracle_reserve_lru,trigger,forecast_above_trigger,25950691328,9890168832,10172064006,8682209280,0,432013312,26382704640,1.0057225824067542,1.0147578837403552,1.0,0.98,309,207,-1,0,0,0,0,,0.0,0.0,309,0
73090589195,0,oracle_reserve_lru,spill,proactive_target_headroom,25835347968,9774825472,10172064006,8797552640,0,429916160,26265264128,1.0012456882967873,1.003212487257328,1.0,0.98,309,206,473,872,290,115343360,115343360,CPU,73090589195.0,0.0,0,0
73090589195,0,oracle_reserve_lru,spill,proactive_target_headroom,25606758400,9546235904,10172064006,9026142208,0,427819008,26034577408,0.9924517891522094,0.9805340298799532,1.0,0.98,309,205,477,1743,285,228589568,228589568,CPU,73090589195.0,0.0,0,0
73090589195,0,oracle_reserve_lru,spill,proactive_target_headroom,25566912512,9506390016,10172064006,9065988096,0,425721856,25992634368,0.9908528983986499,0.9764106739931577,1.0,0.98,309,204,479,303,282,39845888,39845888,CPU,73090589195.0,0.0,0,0
73444602595,0,oracle_reserve_lru,trigger,forecast_above_trigger,25808084992,9747562496,10172064006,9065988096,0,436207616,26244292608,1.0004462429200074,1.0011508093139303,1.0,0.98,313,208,-1,0,0,0,0,,0.0,0.0,313,0
73444602595,0,oracle_reserve_lru,spill,proactive_target_headroom,25673867264,9613344768,10172064006,9200205824,0,434110464,26107977728,0.9952498479709387,0.9877499026818451,1.0,0.98,313,207,480,1024,286,134217728,134217728,CPU,73444602595.0,0.0,0,0
73444602595,0,oracle_reserve_lru,spill,proactive_target_headroom,25613049856,9552527360,10172064006,9261023232,0,432013312,26045063168,0.9928515118405994,0.9815648688516521,1.0,0.98,313,206,482,463,285,60817408,60817408,CPU,73444602595.0,0.0,0,0
73444602595,0,oracle_reserve_lru,spill,proactive_target_headroom,25571106816,9510584320,10172064006,9302966272,0,429916160,26001022976,0.9911726765493618,0.9772353451705168,1.0,0.98,313,205,483,306,284,41943040,41943040,CPU,73444602595.0,0.0,0,0
73720996773,0,oracle_reserve_lru,trigger,forecast_above_trigger,25835347968,9774825472,10172064006,9302966272,0,429916160,26265264128,1.0012456882967873,1.003212487257328,1.0,0.98,315,207,-1,0,0,0,0,,0.0,0.0,315,0
73720996773,0,oracle_reserve_lru,spill,proactive_target_headroom,25797599232,9737076736,10172064006,9340715008,0,427819008,26225418240,0.9997267420809056,0.9992952991648724,1.0,0.98,315,206,490,287,281,37748736,37748736,CPU,73720996773.0,0.0,0,0
73720996773,0,oracle_reserve_lru,spill,proactive_target_headroom,25759850496,9699328000,10172064006,9378463744,0,425721856,26185572352,0.998207795865024,0.9953781110724167,1.0,0.98,315,205,491,288,280,37748736,37748736,CPU,73720996773.0,0.0,0,0
73720996773,0,oracle_reserve_lru,spill,proactive_target_headroom,25709518848,9648996352,10172064006,9428795392,0,423624704,26133143552,0.9962091824230745,0.9902239162139224,1.0,0.98,315,204,492,377,279,50331648,50331648,CPU,73720996773.0,0.0,0,0
73720996773,0,oracle_reserve_lru,spill,proactive_target_headroom,25617244160,9556721664,10172064006,9521070080,0,421527552,26038771712,0.9926116782275655,0.9809463654686327,1.0,0.98,315,203,493,691,279,92274688,92274688,CPU,73720996773.0,0.0,0,0
73720996773,0,oracle_reserve_lru,spill,proactive_target_headroom,25579495424,9518972928,10172064006,9558818816,0,419430400,25998925824,0.9910927320116838,0.977029177376177,1.0,0.98,315,202,495,286,277,37748736,37748736,CPU,73720996773.0,0.0,0,0
74041844485,0,oracle_reserve_lru,trigger,forecast_above_trigger,25845833728,9785311232,10172064006,9558818816,0,425721856,26271555584,1.001485521909821,1.0038309906403473,1.0,0.98,319,206,-1,0,0,0,0,,0.0,0.0,319,0
74041844485,0,oracle_reserve_lru,spill,proactive_target_headroom,25803890688,9743368192,10172064006,9600761856,0,423624704,26227515392,0.9998066866185836,0.9995014669592122,1.0,0.98,319,205,497,313,282,41943040,41943040,CPU,74041844485.0,0.0,0,0
74041844485,0,oracle_reserve_lru,spill,proactive_target_headroom,25711616000,9651093504,10172064006,9693036544,0,421527552,26133143552,0.9962091824230745,0.9902239162139224,1.0,0.98,319,204,499,691,273,92274688,92274688,CPU,74041844485.0,0.0,0,0
74041844485,0,oracle_reserve_lru,spill,proactive_target_headroom,25543843840,9483321344,10172064006,9860808704,0,419430400,25963274240,0.9897336748711582,0.9735243248724009,1.0,0.98,319,203,501,1276,272,167772160,167772160,CPU,74041844485.0,0.0,0,0
74041844485,0,oracle_reserve_lru,admission,value_ranked_working_set,25543843840,9483321344,10172064006,9860808704,0,419430400,25963274240,0.9897336748711582,0.9735243248724009,1.0,0.98,319,203,-1,0,0,0,0,,0.0,0.0,1,115
74041844485,0,oracle_reserve_lru,reload,value_ranked_admission,25617244160,9556721664,10172064006,9818865664,0,0,25617244160,0.9765428261542916,0.9395066388063387,1.0,0.98,115,0,497,313,282,41943040,41943040,CPU,0.0,0.0,0,0
74095020706,0,oracle_reserve_lru,admission,value_ranked_working_set,25508192256,9447669760,10172064006,9818865664,0,421527552,25929719808,0.9884545622683105,0.9702256401629645,1.0,0.98,317,202,-1,0,0,0,0,,0.0,0.0,1,114
74095020706,0,oracle_reserve_lru,reload,value_ranked_admission,25610952704,9550430208,10172064006,9726590976,0,0,25610952704,0.9763029925412575,0.9388881354233193,1.0,0.98,114,0,499,691,273,92274688,92274688,CPU,0.0,0.0,0,0
74148196927,0,oracle_reserve_lru,admission,value_ranked_working_set,25548038144,9487515648,10172064006,9726590976,0,423624704,25971662848,0.9900534530218701,0.97434899604976,1.0,0.98,316,202,-1,0,0,0,0,,0.0,0.0,1,113
74148196927,0,oracle_reserve_lru,reload,value_ranked_admission,25613049856,9552527360,10172064006,9688842240,0,0,25613049856,0.9763829370789355,0.9390943032176591,1.0,0.98,113,0,490,287,281,37748736,37748736,CPU,0.0,0.0,0,0
74825030401,0,oracle_reserve_lru,trigger,forecast_above_trigger,25812279296,9751756800,10172064006,9688842240,0,438304768,26250584064,1.0006860765330414,1.0017693126969496,1.0,0.98,322,209,-1,0,0,0,0,,0.0,0.0,322,0
74825030401,0,oracle_reserve_lru,spill,proactive_target_headroom,25768239104,9707716608,10172064006,9732882432,0,436207616,26204446720,0.9989272967041258,0.9972336212214746,1.0,0.98,322,208,502,323,278,44040192,44040192,CPU,74825030401.0,0.0,0,0
74825030401,0,oracle_reserve_lru,spill,proactive_target_headroom,25608855552,9548333056,10172064006,9892265984,0,434110464,26042966016,0.9927715673029214,0.9813587010573123,1.0,0.98,322,207,504,1206,277,159383552,159383552,CPU,74825030401.0,0.0,0,0
74825030401,0,oracle_reserve_lru,spill,proactive_target_headroom,25562718208,9502195712,10172064006,9938403328,0,432013312,25994731520,0.9909328429363279,0.9766168417874975,1.0,0.98,322,206,505,348,277,46137344,46137344,CPU,74825030401.0,0.0,0,0
75535756704,0,oracle_reserve_lru,trigger,forecast_above_trigger,25860513792,9799991296,10172064006,9938403328,0,432013312,26292527104,1.002284967286601,1.005892668583745,1.0,0.98,327,211,-1,0,0,0,0,,0.0,0.0,327,0
75535756704,0,oracle_reserve_lru,spill,proactive_target_headroom,25816473600,9755951104,10172064006,9982443520,0,429916160,26246389760,1.0005261874576854,1.00135697710827,1.0,0.98,327,210,508,332,277,44040192,44040192,CPU,75535756704.0,0.0,0,0
75535756704,0,oracle_reserve_lru,spill,proactive_target_headroom,25738878976,9678356480,10172064006,10060038144,0,427819008,26166697984,0.9974882950259222,0.9935226009233588,1.0,0.98,327,209,240,581,570,77594624,77594624,CPU,75535756704.0,0.0,0,0
75535756704,0,oracle_reserve_lru,spill,proactive_target_headroom,25701130240,9640607744,10172064006,10097786880,0,425721856,26126852096,0.9959693488100406,0.9896054128309031,1.0,0.98,327,208,511,279,274,37748736,37748736,CPU,75535756704.0,0.0,0,0
75535756704,0,oracle_reserve_lru,spill,proactive_target_headroom,25608855552,9548333056,10172064006,10190061568,0,423624704,26032480256,0.9923718446145314,0.9803278620856134,1.0,0.98,327,207,241,696,558,92274688,92274688,CPU,75535756704.0,0.0,0,0
75535756704,0,oracle_reserve_lru,spill,proactive_target_headroom,25503997952,9443475456,10172064006,10294919168,0,421527552,25925525504,0.9882946731929545,0.969813304574285,1.0,0.98,327,206,247,790,539,104857600,104857600,CPU,75535756704.0,0.0,0,0
75535756704,0,oracle_reserve_lru,admission,value_ranked_working_set,25503997952,9443475456,10172064006,10294919168,0,421527552,25925525504,0.9882946731929545,0.969813304574285,1.0,0.98,327,206,-1,0,0,0,0,,0.0,0.0,2,119
75535756704,0,oracle_reserve_lru,reload,value_ranked_admission,25634021376,9573498880,10172064006,10213130240,0,0,25634021376,0.9771823824557153,0.9411559811610568,1.0,0.98,119,0,508,332,277,44040192,44040192,CPU,0.0,0.0,0,0
75535756704,0,oracle_reserve_lru,reload,value_ranked_admission,25634021376,9573498880,10172064006,10213130240,0,0,25634021376,0.9771823824557153,0.9411559811610568,1.0,0.98,119,0,511,279,274,37748736,37748736,CPU,0.0,0.0,0,0
75911640366,0,oracle_reserve_lru,trigger,forecast_above_trigger,25824862208,9764339712,10172064006,10213130240,0,425721856,26250584064,1.0006860765330414,1.0017693126969496,1.0,0.98,331,212,-1,0,0,0,0,,0.0,0.0,331,0
75911640366,0,oracle_reserve_lru,spill,proactive_target_headroom,25720004608,9659482112,10172064006,10317987840,0,423624704,26143629312,0.9966089051114644,0.9912547551856212,1.0,0.98,331,211,232,790,551,104857600,104857600,CPU,75911640366.0,0.0,0,0
75911640366,0,oracle_reserve_lru,spill,proactive_target_headroom,25682255872,9621733376,10172064006,10355736576,0,421527552,26103783424,0.9950899588955828,0.9873375670931657,1.0,0.98,331,210,519,286,268,37748736,37748736,CPU,75911640366.0,0.0,0,0
75911640366,0,oracle_reserve_lru,spill,proactive_target_headroom,25640312832,9579790336,10172064006,10397679616,0,419430400,26059743232,0.9934111236043452,0.9830080434120304,1.0,0.98,331,209,522,312,262,41943040,41943040,CPU,75911640366.0,0.0,0,0
75911640366,0,oracle_reserve_lru,spill,proactive_target_headroom,25604661248,9544138752,10172064006,10433331200,0,417333248,26021994496,0.9919721219261416,0.9792970231139145,1.0,0.98,331,208,523,269,259,35651584,35651584,CPU,75911640366.0,0.0,0,0
76473505427,0,oracle_reserve_lru,admission,value_ranked_working_set,25566912512,9506390016,10172064006,10433331200,0,419430400,25986342912,0.990613064785616,0.9757921706101385,1.0,0.98,328,205,-1,0,0,0,0,,0.0,0.0,1,122
76473505427,0,oracle_reserve_lru,reload,value_ranked_admission,25680158720,9619636224,10172064006,10395582464,0,0,25680158720,0.9789411622846309,0.9456916726365318,1.0,0.98,122,0,519,286,268,37748736,37748736,CPU,0.0,0.0,0,0
77348305622,0,oracle_reserve_lru,trigger,forecast_above_trigger,25885679616,9825157120,10172064006,10395582464,0,434110464,26319790080,1.0033242462764147,1.008572849910162,1.0,0.98,333,211,-1,0,0,0,0,,0.0,0.0,333,0
77348305622,0,oracle_reserve_lru,spill,proactive_target_headroom,25845833728,9785311232,10172064006,10435428352,0,432013312,26277847040,1.0017253555228551,1.0044494940233666,1.0,0.98,333,210,526,296,271,39845888,39845888,CPU,77348305622.0,0.0,0,0
77348305622,0,oracle_reserve_lru,spill,proactive_target_headroom,25797599232,9737076736,10172064006,10483662848,0,429916160,26227515392,0.9998066866185836,0.9995014669592122,1.0,0.98,333,209,529,357,268,48234496,48234496,CPU,77348305622.0,0.0,0,0
77348305622,0,oracle_reserve_lru,spill,proactive_target_headroom,25757753344,9697230848,10172064006,10523508736,0,427819008,26185572352,0.998207795865024,0.9953781110724167,1.0,0.98,333,208,530,302,266,39845888,39845888,CPU,77348305622.0,0.0,0,0
77348305622,0,oracle_reserve_lru,spill,proactive_target_headroom,25650798592,9590276096,10172064006,10630463488,0,425721856,26076520448,0.994050679905769,0.9846573857667485,1.0,0.98,333,207,227,802,538,106954752,106954752,CPU,77348305622.0,0.0,0,0
77348305622,0,oracle_reserve_lru,spill,proactive_target_headroom,25476734976,9416212480,10172064006,10804527104,0,423624704,25900359680,0.9873353387408188,0.9673392910422077,1.0,0.98,333,206,238,1317,546,174063616,174063616,CPU,77348305622.0,0.0,0,0
77348305622,0,oracle_reserve_lru,admission,value_ranked_working_set,25476734976,9416212480,10172064006,10804527104,0,423624704,25900359680,0.9873353387408188,0.9673392910422077,1.0,0.98,333,206,-1,0,0,0,0,,0.0,0.0,2,125
77348305622,0,oracle_reserve_lru,reload,value_ranked_admission,25600466944,9539944448,10172064006,10716446720,0,0,25600466944,0.9759032698528677,0.9378572964516204,1.0,0.98,125,0,526,296,271,39845888,39845888,CPU,0.0,0.0,0,0
77348305622,0,oracle_reserve_lru,reload,value_ranked_admission,25600466944,9539944448,10172064006,10716446720,0,0,25600466944,0.9759032698528677,0.9378572964516204,1.0,0.98,125,0,529,357,268,48234496,48234496,CPU,0.0,0.0,0,0
77490468985,0,oracle_reserve_lru,admission,value_ranked_working_set,25470443520,9409921024,10172064006,10716446720,0,429916160,25900359680,0.9873353387408188,0.9673392910422077,1.0,0.98,332,207,-1,0,0,0,0,,0.0,0.0,3,122
77490468985,0,oracle_reserve_lru,reload,value_ranked_admission,25619341312,9558818816,10172064006,10599006208,0,0,25619341312,0.9766227706919695,0.9397128066006784,1.0,0.98,122,0,530,302,266,39845888,39845888,CPU,0.0,0.0,0,0
77490468985,0,oracle_reserve_lru,reload,value_ranked_admission,25619341312,9558818816,10172064006,10599006208,0,0,25619341312,0.9766227706919695,0.9397128066006784,1.0,0.98,122,0,522,312,262,41943040,41943040,CPU,0.0,0.0,0,0
77490468985,0,oracle_reserve_lru,reload,value_ranked_admission,25619341312,9558818816,10172064006,10599006208,0,0,25619341312,0.9766227706919695,0.9397128066006784,1.0,0.98,122,0,523,269,259,35651584,35651584,CPU,0.0,0.0,0,0
77871420136,0,oracle_reserve_lru,trigger,forecast_above_trigger,25795502080,9734979584,10172064006,10599006208,0,444596224,26240098304,1.0002863538446514,1.0007384737252507,1.0,0.98,336,214,-1,0,0,0,0,,0.0,0.0,336,0
77871420136,0,oracle_reserve_lru,spill,proactive_target_headroom,25707421696,9646899200,10172064006,10687086592,0,442499072,26149920768,0.9968487387244983,0.9918732585686406,1.0,0.98,336,213,214,661,548,88080384,88080384,CPU,77871420136.0,0.0,0,0
77871420136,0,oracle_reserve_lru,spill,proactive_target_headroom,25671770112,9611247616,10172064006,10722738176,0,440401920,26112172032,0.9954097370462948,0.9881622382705247,1.0,0.98,336,212,532,269,255,35651584,35651584,CPU,77871420136.0,0.0,0,0
77871420136,0,oracle_reserve_lru,spill,proactive_target_headroom,25531260928,9470738432,10172064006,10863247360,0,438304768,25969565696,0.9899735084841921,0.9741428282554202,1.0,0.98,336,211,533,1070,254,140509184,140509184,CPU,77871420136.0,0.0,0,0
77871420136,0,oracle_reserve_lru,admission,value_ranked_working_set,25531260928,9470738432,10172064006,10863247360,0,438304768,25969565696,0.9899735084841921,0.9741428282554202,1.0,0.98,336,211,-1,0,0,0,0,,0.0,0.0,1,124
77871420136,0,oracle_reserve_lru,reload,value_ranked_admission,25583689728,9523167232,10172064006,10827595776,0,0,25583689728,0.9752637135514438,0.9362079540969023,1.0,0.98,124,0,532,269,255,35651584,35651584,CPU,0.0,0.0,0,0
78441920088,0,oracle_reserve_lru,trigger,forecast_above_trigger,25799696384,9739173888,10172064006,10827595776,0,434110464,26233806848,1.0000465202316176,1.0001199703422314,1.0,0.98,335,211,-1,0,0,0,0,,0.0,0.0,335,0
78441920088,0,oracle_reserve_lru,spill,proactive_target_headroom,25694838784,9634316288,10172064006,10932453376,0,432013312,26126852096,0.9959693488100406,0.9896054128309031,1.0,0.98,335,210,534,788,263,104857600,104857600,CPU,78441920088.0,0.0,0,0
78441920088,0,oracle_reserve_lru,spill,proactive_target_headroom,25625632768,9565110272,10172064006,11001659392,0,429916160,26055548928,0.9932512345289892,0.9825957078233508,1.0,0.98,335,209,536,517,260,69206016,69206016,CPU,78441920088.0,0.0,0,0
78441920088,0,oracle_reserve_lru,spill,proactive_target_headroom,25520775168,9460252672,10172064006,11106516992,0,427819008,25948594176,0.9891740631074123,0.9720811503120226,1.0,0.98,335,208,537,789,260,104857600,104857600,CPU,78441920088.0,0.0,0,0
78441920088,0,oracle_reserve_lru,admission,value_ranked_working_set,25520775168,9460252672,10172064006,11106516992,0,427819008,25948594176,0.9891740631074123,0.9720811503120226,1.0,0.98,335,208,-1,0,0,0,0,,0.0,0.0,1,126
78441920088,0,oracle_reserve_lru,reload,value_ranked_admission,25621438464,9560915968,10172064006,11037310976,0,0,25621438464,0.9767027152296475,0.9399189743950181,1.0,0.98,126,0,536,517,260,69206016,69206016,CPU,0.0,0.0,0,0
78721888523,0,oracle_reserve_lru,admission,value_ranked_working_set,25552232448,9491709952,10172064006,11037310976,0,429916160,25982148608,0.9904531757102599,0.9753798350214589,1.0,0.98,334,208,-1,0,0,0,0,,0.0,0.0,1,125
78721888523,0,oracle_reserve_lru,reload,value_ranked_admission,25629827072,9569304576,10172064006,10993270784,0,0,25629827072,0.9770224933803594,0.9407436455723772,1.0,0.98,125,0,502,323,278,44040192,44040192,CPU,0.0,0.0,0,0
78883837337,0,oracle_reserve_lru,trigger,forecast_above_trigger,25839542272,9779019776,10172064006,10993270784,0,432013312,26271555584,1.001485521909821,1.0038309906403473,1.0,0.98,337,212,-1,0,0,0,0,,0.0,0.0,337,0
78883837337,0,oracle_reserve_lru,spill,proactive_target_headroom,25753559040,9693036544,10172064006,11079254016,0,429916160,26183475200,0.998127851327346,0.9951719432780769,1.0,0.98,337,211,538,643,267,85983232,85983232,CPU,78883837337.0,0.0,0,0
78883837337,0,oracle_reserve_lru,spill,proactive_target_headroom,25661284352,9600761856,10172064006,11171528704,0,427819008,26089103360,0.994530347131837,0.9858943925327872,1.0,0.98,337,210,273,689,546,92274688,92274688,CPU,78883837337.0,0.0,0,0
78883837337,0,oracle_reserve_lru,spill,proactive_target_headroom,25619341312,9558818816,10172064006,11213471744,0,425721856,26045063168,0.9928515118405994,0.9815648688516521,1.0,0.98,337,209,544,317,261,41943040,41943040,CPU,78883837337.0,0.0,0,0
78883837337,0,oracle_reserve_lru,spill,proactive_target_headroom,25581592576,9521070080,10172064006,11251220480,0,423624704,26005217280,0.9913325656247177,0.9776476807591964,1.0,0.98,337,208,548,275,259,37748736,37748736,CPU,78883837337.0,0.0,0,0
78938171200,0,oracle_reserve_lru,admission,value_ranked_working_set,25564815360,9504292864,10172064006,11251220480,0,423624704,25988440064,0.990693009323294,0.9759983384044781,1.0,0.98,335,206,-1,0,0,0,0,,0.0,0.0,1,128
78938171200,0,oracle_reserve_lru,reload,value_ranked_admission,25629827072,9569304576,10172064006,11213471744,0,0,25629827072,0.9770224933803594,0.9407436455723772,1.0,0.98,128,0,548,275,259,37748736,37748736,CPU,0.0,0.0,0,0
80897797518,0,oracle_reserve_lru,trigger,forecast_above_trigger,25854222336,9793699840,10172064006,11213471744,0,411041792,26265264128,1.0012456882967873,1.003212487257328,1.0,0.98,332,204,-1,0,0,0,0,,0.0,0.0,332,0
80897797518,0,oracle_reserve_lru,spill,proactive_target_headroom,25814376448,9753853952,10172064006,11253317632,0,408944640,26223321088,0.9996467975432276,0.9990891313705326,1.0,0.98,332,203,549,298,283,39845888,39845888,CPU,80897797518.0,0.0,0,0
80897797518,0,oracle_reserve_lru,spill,proactive_target_headroom,25776627712,9716105216,10172064006,11291066368,0,406847488,26183475200,0.998127851327346,0.9951719432780769,1.0,0.98,332,202,553,287,277,37748736,37748736,CPU,80897797518.0,0.0,0,0
80897797518,0,oracle_reserve_lru,spill,proactive_target_headroom,25673867264,9613344768,10172064006,11393826816,0,404750336,26078617600,0.994130624443447,0.9848635535610883,1.0,0.98,332,201,280,777,550,102760448,102760448,CPU,80897797518.0,0.0,0,0
80897797518,0,oracle_reserve_lru,spill,proactive_target_headroom,25636118528,9575596032,10172064006,11431575552,0,402653184,26038771712,0.9926116782275655,0.9809463654686327,1.0,0.98,332,200,555,282,274,37748736,37748736,CPU,80897797518.0,0.0,0,0
80897797518,0,oracle_reserve_lru,spill,proactive_target_headroom,25581592576,9521070080,10172064006,11486101504,0,400556032,25982148608,0.9904531757102599,0.9753798350214589,1.0,0.98,332,199,556,412,273,54525952,54525952,CPU,80897797518.0,0.0,0,0
80897797518,0,oracle_reserve_lru,admission,value_ranked_working_set,25581592576,9521070080,10172064006,11486101504,0,400556032,25982148608,0.9904531757102599,0.9753798350214589,1.0,0.98,332,199,-1,0,0,0,0,,0.0,0.0,1,132
80897797518,0,oracle_reserve_lru,reload,value_ranked_admission,25642409984,9581887488,10172064006,11446255616,0,0,25642409984,0.9775021606064273,0.9419806523384159,1.0,0.98,132,0,549,298,283,39845888,39845888,CPU,0.0,0.0,0,0
81060090537,0,oracle_reserve_lru,admission,value_ranked_working_set,25550135296,9489612800,10172064006,11446255616,0,398458880,25948594176,0.9891740631074123,0.9720811503120226,1.0,0.98,330,198,-1,0,0,0,0,,0.0,0.0,2,130
81060090537,0,oracle_reserve_lru,reload,value_ranked_admission,25659187200,9598664704,10172064006,11370758144,0,0,25659187200,0.9781417169078511,0.943629994693134,1.0,0.98,130,0,553,287,277,37748736,37748736,CPU,0.0,0.0,0,0
81060090537,0,oracle_reserve_lru,reload,value_ranked_admission,25659187200,9598664704,10172064006,11370758144,0,0,25659187200,0.9781417169078511,0.943629994693134,1.0,0.98,130,0,555,282,274,37748736,37748736,CPU,0.0,0.0,0,0
81113088208,0,oracle_reserve_lru,admission,value_ranked_working_set,25485123584,9424601088,10172064006,11370758144,0,402653184,25887776768,0.9868556715147508,0.9661022842761692,1.0,0.98,329,199,-1,0,0,0,0,,0.0,0.0,1,129
81113088208,0,oracle_reserve_lru,reload,value_ranked_admission,25606758400,9546235904,10172064006,11267997696,0,0,25606758400,0.9761431034659016,0.9384757998346398,1.0,0.98,129,0,280,777,550,102760448,102760448,CPU,0.0,0.0,0,0
81166260845,0,oracle_reserve_lru,admission,value_ranked_working_set,25545940992,9485418496,10172064006,11267997696,0,402653184,25948594176,0.9891740631074123,0.9720811503120226,1.0,0.98,327,198,-1,0,0,0,0,,0.0,0.0,1,128
81166260845,0,oracle_reserve_lru,reload,value_ranked_admission,25615147008,9554624512,10172064006,11213471744,0,0,25615147008,0.9764628816166135,0.9393004710119989,1.0,0.98,128,0,556,412,273,54525952,54525952,CPU,0.0,0.0,0,0
81219433482,0,oracle_reserve_lru,admission,value_ranked_working_set,25581592576,9521070080,10172064006,11213471744,0,402653184,25984245760,0.9905331202479379,0.9755860028157987,1.0,0.98,326,198,-1,0,0,0,0,,0.0,0.0,1,127
81219433482,0,oracle_reserve_lru,reload,value_ranked_admission,25654992896,9594470400,10172064006,11171528704,0,0,25654992896,0.9779818278324951,0.9432176591044545,1.0,0.98,127,0,544,317,261,41943040,41943040,CPU,0.0,0.0,0,0
81272451084,0,oracle_reserve_lru,admission,value_ranked_working_set,25585786880,9525264384,10172064006,11171528704,0,402653184,25988440064,0.990693009323294,0.9759983384044781,1.0,0.98,324,197,-1,0,0,0,0,,0.0,0.0,1,126
81272451084,0,oracle_reserve_lru,reload,value_ranked_admission,25755656192,9695133696,10172064006,11133779968,0,0,25755656192,0.9818191656410382,0.9531137132327635,1.0,0.98,126,0,491,288,280,37748736,37748736,CPU,0.0,0.0,0,0
82687214903,0,oracle_reserve_lru,trigger,forecast_above_trigger,25839542272,9779019776,10172064006,11133779968,0,415236096,26254778368,1.0008459656083972,1.0021816482856292,1.0,0.98,326,200,-1,0,0,0,0,,0.0,0.0,326,0
82687214903,0,oracle_reserve_lru,spill,proactive_target_headroom,25743073280,9682550784,10172064006,11230248960,0,413138944,26156212224,0.9970885723375322,0.9924917619516599,1.0,0.98,326,199,559,730,294,96468992,96468992,CPU,82687214903.0,0.0,0,0
82687214903,0,oracle_reserve_lru,spill,proactive_target_headroom,25701130240,9640607744,10172064006,11272192000,0,411041792,26112172032,0.9954097370462948,0.9881622382705247,1.0,0.98,326,198,561,308,293,41943040,41943040,CPU,82687214903.0,0.0,0,0
82687214903,0,oracle_reserve_lru,spill,proactive_target_headroom,25661284352,9600761856,10172064006,11312037888,0,408944640,26070228992,0.9938108462927351,0.9840388823837293,1.0,0.98,326,197,562,303,293,39845888,39845888,CPU,82687214903.0,0.0,0,0
82687214903,0,oracle_reserve_lru,spill,proactive_target_headroom,25476734976,9416212480,10172064006,11496587264,0,406847488,25883582464,0.9866957824393949,0.9656899486874896,1.0,0.98,326,196,568,1402,288,184549376,184549376,CPU,82687214903.0,0.0,0,0
82687214903,0,oracle_reserve_lru,admission,value_ranked_working_set,25476734976,9416212480,10172064006,11496587264,0,406847488,25883582464,0.9866957824393949,0.9656899486874896,1.0,0.98,326,196,-1,0,0,0,0,,0.0,0.0,2,128
82687214903,0,oracle_reserve_lru,reload,value_ranked_admission,25640312832,9579790336,10172064006,11358175232,0,0,25640312832,0.9774222160687492,0.9417744845440761,1.0,0.98,128,0,559,730,294,96468992,96468992,CPU,0.0,0.0,0,0
82687214903,0,oracle_reserve_lru,reload,value_ranked_admission,25640312832,9579790336,10172064006,11358175232,0,0,25640312832,0.9774222160687492,0.9417744845440761,1.0,0.98,128,0,561,308,293,41943040,41943040,CPU,0.0,0.0,0,0
83275246193,0,oracle_reserve_lru,trigger,forecast_above_trigger,25927622656,9867100160,10172064006,11358175232,0,423624704,26351247360,1.0045234143415844,1.0116653668252586,1.0,0.98,333,205,-1,0,0,0,0,,0.0,0.0,333,0
83275246193,0,oracle_reserve_lru,spill,proactive_target_headroom,25791307776,9730785280,10172064006,11494490112,0,421527552,26212835328,0.9992470748548378,0.9980582923988337,1.0,0.98,333,204,569,1032,290,136314880,136314880,CPU,83275246193.0,0.0,0,0
83275246193,0,oracle_reserve_lru,spill,proactive_target_headroom,25749364736,9688842240,10172064006,11536433152,0,419430400,26168795136,0.9975682395636002,0.9937287687176986,1.0,0.98,333,203,572,313,289,41943040,41943040,CPU,83275246193.0,0.0,0,0
83275246193,0,oracle_reserve_lru,spill,proactive_target_headroom,25703227392,9642704896,10172064006,11582570496,0,417333248,26120560640,0.9957295151970066,0.9889869094478838,1.0,0.98,333,202,573,345,289,46137344,46137344,CPU,83275246193.0,0.0,0,0
83275246193,0,oracle_reserve_lru,spill,proactive_target_headroom,25654992896,9594470400,10172064006,11630804992,0,415236096,26070228992,0.9938108462927351,0.9840388823837293,1.0,0.98,333,201,574,368,287,48234496,48234496,CPU,83275246193.0,0.0,0,0
83275246193,0,oracle_reserve_lru,spill,proactive_target_headroom,25537552384,9477029888,10172064006,11748245504,0,413138944,25950691328,0.9892540076450903,0.9722873181063623,1.0,0.98,333,200,576,894,282,117440512,117440512,CPU,83275246193.0,0.0,0,0
83275246193,0,oracle_reserve_lru,admission,value_ranked_working_set,25537552384,9477029888,10172064006,11748245504,0,413138944,25950691328,0.9892540076450903,0.9722873181063623,1.0,0.98,333,200,-1,0,0,0,0,,0.0,0.0,1,132
83275246193,0,oracle_reserve_lru,reload,value_ranked_admission,25686450176,9625927680,10172064006,11706302464,0,0,25686450176,0.9791809958976648,0.9463101760195511,1.0,0.98,132,0,572,313,289,41943040,41943040,CPU,0.0,0.0,0,0
83857733772,0,oracle_reserve_lru,trigger,forecast_above_trigger,25936011264,9875488768,10172064006,11706302464,0,425721856,26361733120,1.0049231370299743,1.0126962057969575,1.0,0.98,339,207,-1,0,0,0,0,,0.0,0.0,339,0
83857733772,0,oracle_reserve_lru,spill,proactive_target_headroom,25896165376,9835642880,10172064006,11746148352,0,423624704,26319790080,1.0033242462764147,1.008572849910162,1.0,0.98,339,206,577,302,287,39845888,39845888,CPU,83857733772.0,0.0,0,0
83857733772,0,oracle_reserve_lru,spill,proactive_target_headroom,25843736576,9783214080,10172064006,11798577152,0,421527552,26265264128,1.0012456882967873,1.003212487257328,1.0,0.98,339,205,580,393,287,52428800,52428800,CPU,83857733772.0,0.0,0,0
83857733772,0,oracle_reserve_lru,spill,proactive_target_headroom,25801793536,9741271040,10172064006,11840520192,0,419430400,26221223936,0.9995668530055497,0.9988829635761928,1.0,0.98,339,204,581,307,284,41943040,41943040,CPU,83857733772.0,0.0,0,0
83857733772,0,oracle_reserve_lru,spill,proactive_target_headroom,25761947648,9701425152,10172064006,11880366080,0,417333248,26179280896,0.99796796225199,0.9947596076893974,1.0,0.98,339,203,582,290,283,39845888,39845888,CPU,83857733772.0,0.0,0,0
83857733772,0,oracle_reserve_lru,spill,proactive_target_headroom,25722101760,9661579264,10172064006,11920211968,0,415236096,26137337856,0.9963690714984305,0.990636251802602,1.0,0.98,339,202,590,299,280,39845888,39845888,CPU,83857733772.0,0.0,0,0
83857733772,0,oracle_reserve_lru,spill,proactive_target_headroom,25684353024,9623830528,10172064006,11957960704,0,413138944,26097491968,0.9948501252825489,0.9867190637101463,1.0,0.98,339,201,591,287,278,37748736,37748736,CPU,83857733772.0,0.0,0,0
83857733772,0,oracle_reserve_lru,spill,proactive_target_headroom,25644507136,9583984640,10172064006,11997806592,0,411041792,26055548928,0.9932512345289892,0.9825957078233508,1.0,0.98,339,200,592,292,278,39845888,39845888,CPU,83857733772.0,0.0,0,0
83857733772,0,oracle_reserve_lru,spill,proactive_target_headroom,25483026432,9422503936,10172064006,12159287296,0,408944640,25891971072,0.9870155605901069,0.9665146198648487,1.0,0.98,339,199,599,1223,273,161480704,161480704,CPU,83857733772.0,0.0,0,0
83857733772,0,oracle_reserve_lru,admission,value_ranked_working_set,25483026432,9422503936,10172064006,12159287296,0,408944640,25891971072,0.9870155605901069,0.9665146198648487,1.0,0.98,339,199,-1,0,0,0,0,,0.0,0.0,3,137
83857733772,0,oracle_reserve_lru,reload,value_ranked_admission,25648701440,9588178944,10172064006,12029263872,0,0,25648701440,0.9777419942194612,0.9425991557214352,1.0,0.98,137,0,577,302,287,39845888,39845888,CPU,0.0,0.0,0,0
83857733772,0,oracle_reserve_lru,reload,value_ranked_admission,25648701440,9588178944,10172064006,12029263872,0,0,25648701440,0.9777419942194612,0.9425991557214352,1.0,0.98,137,0,580,393,287,52428800,52428800,CPU,0.0,0.0,0,0
83857733772,0,oracle_reserve_lru,reload,value_ranked_admission,25648701440,9588178944,10172064006,12029263872,0,0,25648701440,0.9777419942194612,0.9425991557214352,1.0,0.98,137,0,591,287,278,37748736,37748736,CPU,0.0,0.0,0,0
84237811737,0,oracle_reserve_lru,admission,value_ranked_working_set,25556426752,9495904256,10172064006,12029263872,0,404750336,25961177088,0.9896537303334801,0.9733181570780611,1.0,0.98,336,199,-1,0,0,0,0,,0.0,0.0,1,136
84237811737,0,oracle_reserve_lru,reload,value_ranked_admission,25822765056,9762242560,10172064006,11987320832,0,0,25822765056,0.9843773908467335,0.9597110826516362,1.0,0.98,136,0,581,307,284,41943040,41943040,CPU,0.0,0.0,0,0
84351839731,0,oracle_reserve_lru,trigger,forecast_above_trigger,25896165376,9835642880,10172064006,11987320832,0,411041792,26307207168,1.0028445790503469,1.0073358431441235,1.0,0.98,340,204,-1,0,0,0,0,,0.0,0.0,340,0
84351839731,0,oracle_reserve_lru,spill,proactive_target_headroom,25743073280,9682550784,10172064006,12140412928,0,408944640,26152017920,0.9969286832621763,0.9920794263629804,1.0,0.98,340,203,610,1161,276,153092096,153092096,CPU,84351839731.0,0.0,0,0
84351839731,0,oracle_reserve_lru,spill,proactive_target_headroom,25703227392,9642704896,10172064006,12180258816,0,406847488,26110074880,0.9953297925086168,0.9879560704761849,1.0,0.98,340,202,611,298,273,39845888,39845888,CPU,84351839731.0,0.0,0,0
84351839731,0,oracle_reserve_lru,spill,proactive_target_headroom,25619341312,9558818816,10172064006,12264144896,0,404750336,26024091648,0.9920520664638196,0.9795031909082543,1.0,0.98,340,201,612,626,272,83886080,83886080,CPU,84351839731.0,0.0,0,0
84465366849,0,oracle_reserve_lru,admission,value_ranked_working_set,25474637824,9414115328,10172064006,12264144896,0,404750336,25879388160,0.986535893364039,0.9652776130988101,1.0,0.98,336,197,-1,0,0,0,0,,0.0,0.0,2,137
84465366849,0,oracle_reserve_lru,reload,value_ranked_admission,25615147008,9554624512,10172064006,12140412928,0,0,25615147008,0.9764628816166135,0.9393004710119989,1.0,0.98,137,0,611,298,273,39845888,39845888,CPU,0.0,0.0,0,0
84465366849,0,oracle_reserve_lru,reload,value_ranked_admission,25615147008,9554624512,10172064006,12140412928,0,0,25615147008,0.9764628816166135,0.9393004710119989,1.0,0.98,137,0,612,626,272,83886080,83886080,CPU,0.0,0.0,0,0
85151747575,0,oracle_reserve_lru,admission,value_ranked_working_set,25562718208,9502195712,10172064006,12140412928,0,415236096,25977954304,0.990293286634904,0.9749674994327793,1.0,0.98,337,200,-1,0,0,0,0,,0.0,0.0,1,136
85151747575,0,oracle_reserve_lru,reload,value_ranked_admission,25642409984,9581887488,10172064006,12100567040,0,0,25642409984,0.9775021606064273,0.9419806523384159,1.0,0.98,136,0,582,290,283,39845888,39845888,CPU,0.0,0.0,0,0
85660901555,0,oracle_reserve_lru,trigger,forecast_above_trigger,25906651136,9846128640,10172064006,12100567040,0,421527552,26328178688,1.0036440244271265,1.0093975210875212,1.0,0.98,340,204,-1,0,0,0,0,,0.0,0.0,340,0
85660901555,0,oracle_reserve_lru,spill,proactive_target_headroom,25858416640,9797894144,10172064006,12148801536,0,419430400,26277847040,1.0017253555228551,1.0044494940233666,1.0,0.98,340,203,614,363,288,48234496,48234496,CPU,85660901555.0,0.0,0,0
85660901555,0,oracle_reserve_lru,spill,proactive_target_headroom,25818570752,9758048256,10172064006,12188647424,0,417333248,26235904000,1.0001264647692956,1.0003261381365711,1.0,0.98,340,202,618,298,285,39845888,39845888,CPU,85660901555.0,0.0,0,0
85660901555,0,oracle_reserve_lru,spill,proactive_target_headroom,25661284352,9600761856,10172064006,12345933824,0,415236096,26076520448,0.994050679905769,0.9846573857667485,1.0,0.98,340,201,622,1191,283,157286400,157286400,CPU,85660901555.0,0.0,0,0
85660901555,0,oracle_reserve_lru,spill,proactive_target_headroom,25621438464,9560915968,10172064006,12385779712,0,413138944,26034577408,0.9924517891522094,0.9805340298799532,1.0,0.98,340,200,626,298,280,39845888,39845888,CPU,85660901555.0,0.0,0,0
85660901555,0,oracle_reserve_lru,spill,proactive_target_headroom,25575301120,9514778624,10172064006,12431917056,0,411041792,25986342912,0.990613064785616,0.9757921706101385,1.0,0.98,340,199,629,344,279,46137344,46137344,CPU,85660901555.0,0.0,0,0
85660901555,0,oracle_reserve_lru,admission,value_ranked_working_set,25575301120,9514778624,10172064006,12431917056,0,411041792,25986342912,0.990613064785616,0.9757921706101385,1.0,0.98,340,199,-1,0,0,0,0,,0.0,0.0,1,140
85660901555,0,oracle_reserve_lru,reload,value_ranked_admission,25774530560,9714008064,10172064006,12392071168,0,0,25774530560,0.98253866648014,0.9549692233818214,1.0,0.98,140,0,618,298,285,39845888,39845888,CPU,0.0,0.0,0,0
85898142874,0,oracle_reserve_lru,trigger,forecast_above_trigger,25915039744,9854517248,10172064006,12392071168,0,419430400,26334470144,1.0038838580401606,1.0100160244705405,1.0,0.98,343,203,-1,0,0,0,0,,0.0,0.0,343,0
85898142874,0,oracle_reserve_lru,spill,proactive_target_headroom,25831153664,9770631168,10172064006,12475957248,0,417333248,26248486912,1.0006061319953634,1.00156314490261,1.0,0.98,343,202,630,636,282,83886080,83886080,CPU,85898142874.0,0.0,0,0
85898142874,0,oracle_reserve_lru,spill,proactive_target_headroom,25772433408,9711910912,10172064006,12534677504,0,415236096,26187669504,0.998287740402702,0.9955842788667565,1.0,0.98,343,201,631,436,279,58720256,58720256,CPU,85898142874.0,0.0,0,0
85898142874,0,oracle_reserve_lru,spill,proactive_target_headroom,25724198912,9663676416,10172064006,12582912000,0,413138944,26137337856,0.9963690714984305,0.990636251802602,1.0,0.98,343,200,632,355,278,48234496,48234496,CPU,85898142874.0,0.0,0,0
85898142874,0,oracle_reserve_lru,spill,proactive_target_headroom,25625632768,9565110272,10172064006,12681478144,0,411041792,26036674560,0.9925317336898875,0.9807401976742929,1.0,0.98,343,199,633,739,277,98566144,98566144,CPU,85898142874.0,0.0,0,0
85898142874,0,oracle_reserve_lru,spill,proactive_target_headroom,25583689728,9523167232,10172064006,12723421184,0,408944640,25992634368,0.9908528983986499,0.9764106739931577,1.0,0.98,343,198,636,309,275,41943040,41943040,CPU,85898142874.0,0.0,0,0
85954452743,0,oracle_reserve_lru,admission,value_ranked_working_set,25556426752,9495904256,10172064006,12723421184,0,408944640,25965371392,0.9898136194088362,0.9737304926667407,1.0,0.98,342,197,-1,0,0,0,0,,0.0,0.0,1,144
85954452743,0,oracle_reserve_lru,reload,value_ranked_admission,25646604288,9586081792,10172064006,12664700928,0,0,25646604288,0.9776620496817833,0.9423929879270955,1.0,0.98,144,0,631,436,279,58720256,58720256,CPU,0.0,0.0,0,0
86232921252,0,oracle_reserve_lru,trigger,forecast_above_trigger,25946497024,9885974528,10172064006,12664700928,0,411041792,26357538816,1.0047632479546182,1.012283870208278,1.0,0.98,346,202,-1,0,0,0,0,,0.0,0.0,346,0
86232921252,0,oracle_reserve_lru,spill,proactive_target_headroom,25906651136,9846128640,10172064006,12704546816,0,408944640,26315595776,1.0031643572010587,1.0081605143214825,1.0,0.98,346,201,638,292,280,39845888,39845888,CPU,86232921252.0,0.0,0,0
86232921252,0,oracle_reserve_lru,spill,proactive_target_headroom,25866805248,9806282752,10172064006,12744392704,0,406847488,26273652736,1.001565466447499,1.004037158434687,1.0,0.98,346,200,639,292,280,39845888,39845888,CPU,86232921252.0,0.0,0,0
86232921252,0,oracle_reserve_lru,spill,proactive_target_headroom,25829056512,9768534016,10172064006,12782141440,0,404750336,26233806848,1.0000465202316176,1.0001199703422314,1.0,0.98,346,199,641,282,279,37748736,37748736,CPU,86232921252.0,0.0,0,0
86232921252,0,oracle_reserve_lru,spill,proactive_target_headroom,25791307776,9730785280,10172064006,12819890176,0,402653184,26193960960,0.9985275740157359,0.9962027822497758,1.0,0.98,346,198,643,283,278,37748736,37748736,CPU,86232921252.0,0.0,0,0
86232921252,0,oracle_reserve_lru,spill,proactive_target_headroom,25650798592,9590276096,10172064006,12960399360,0,400556032,26051354624,0.9930913454536333,0.9821833722346713,1.0,0.98,346,197,645,1059,275,140509184,140509184,CPU,86232921252.0,0.0,0,0
86232921252,0,oracle_reserve_lru,spill,proactive_target_headroom,25608855552,9548333056,10172064006,13002342400,0,398458880,26007314432,0.9914125101623957,0.9778538485535361,1.0,0.98,346,196,646,308,274,41943040,41943040,CPU,86232921252.0,0.0,0,0
87374319412,0,oracle_reserve_lru,trigger,forecast_above_trigger,25822765056,9762242560,10172064006,13002342400,0,419430400,26242195456,1.0003662983823294,1.0009446415195906,1.0,0.98,352,202,-1,0,0,0,0,,0.0,0.0,352,0
87374319412,0,oracle_reserve_lru,spill,proactive_target_headroom,25782919168,9722396672,10172064006,13042188288,0,417333248,26200252416,0.9987674076287698,0.9968212856327952,1.0,0.98,352,201,647,297,290,39845888,39845888,CPU,87374319412.0,0.0,0,0
87374319412,0,oracle_reserve_lru,spill,proactive_target_headroom,25734684672,9674162176,10172064006,13090422784,0,415236096,26149920768,0.9968487387244983,0.9918732585686406,1.0,0.98,352,200,651,357,288,48234496,48234496,CPU,87374319412.0,0.0,0,0
87374319412,0,oracle_reserve_lru,spill,proactive_target_headroom,25579495424,9518972928,10172064006,13245612032,0,413138944,25992634368,0.9908528983986499,0.9764106739931577,1.0,0.98,352,199,652,1174,288,155189248,155189248,CPU,87374319412.0,0.0,0,0
87858826634,0,oracle_reserve_lru,trigger,forecast_above_trigger,25858416640,9797894144,10172064006,13245612032,0,419430400,26277847040,1.0017253555228551,1.0044494940233666,1.0,0.98,358,205,-1,0,0,0,0,,0.0,0.0,358,0
87858826634,0,oracle_reserve_lru,spill,proactive_target_headroom,25684353024,9623830528,10172064006,13419675648,0,417333248,26101686272,0.9950100143579048,0.9871313992988259,1.0,0.98,358,204,654,1324,290,174063616,174063616,CPU,87858826634.0,0.0,0,0
87858826634,0,oracle_reserve_lru,spill,proactive_target_headroom,25577398272,9516875776,10172064006,13526630400,0,415236096,25992634368,0.9908528983986499,0.9764106739931577,1.0,0.98,358,203,656,809,290,106954752,106954752,CPU,87858826634.0,0.0,0,0
88045409106,0,oracle_reserve_lru,admission,value_ranked_working_set,25575301120,9514778624,10172064006,13526630400,0,415236096,25990537216,0.9907729538609719,0.9762045061988179,1.0,0.98,358,203,-1,0,0,0,0,,0.0,0.0,1,154
88045409106,0,oracle_reserve_lru,reload,value_ranked_admission,25654992896,9594470400,10172064006,13490978816,0,0,25654992896,0.9779818278324951,0.9432176591044545,1.0,0.98,154,0,403,269,255,35651584,35651584,CPU,0.0,0.0,0,0
88709603977,0,oracle_reserve_lru,trigger,forecast_above_trigger,25866805248,9806282752,10172064006,13490978816,0,429916160,26296721408,1.002444856361957,1.0063050041724246,1.0,0.98,363,209,-1,0,0,0,0,,0.0,0.0,363,0
88709603977,0,oracle_reserve_lru,spill,proactive_target_headroom,25799696384,9739173888,10172064006,13558087680,0,427819008,26227515392,0.9998066866185836,0.9995014669592122,1.0,0.98,363,208,659,508,298,67108864,67108864,CPU,88709603977.0,0.0,0,0
88709603977,0,oracle_reserve_lru,spill,proactive_target_headroom,25757753344,9697230848,10172064006,13600030720,0,425721856,26183475200,0.998127851327346,0.9951719432780769,1.0,0.98,363,207,664,319,289,41943040,41943040,CPU,88709603977.0,0.0,0,0
88709603977,0,oracle_reserve_lru,spill,proactive_target_headroom,25717907456,9657384960,10172064006,13639876608,0,423624704,26141532160,0.9965289605737865,0.9910485873912815,1.0,0.98,363,206,665,299,289,39845888,39845888,CPU,88709603977.0,0.0,0,0
88709603977,0,oracle_reserve_lru,spill,proactive_target_headroom,25659187200,9598664704,10172064006,13698596864,0,421527552,26080714752,0.994210568981125,0.9850697213554281,1.0,0.98,363,205,666,436,288,58720256,58720256,CPU,88709603977.0,0.0,0,0
88709603977,0,oracle_reserve_lru,spill,proactive_target_headroom,25619341312,9558818816,10172064006,13738442752,0,419430400,26038771712,0.9926116782275655,0.9809463654686327,1.0,0.98,363,204,668,301,287,39845888,39845888,CPU,88709603977.0,0.0,0,0
88709603977,0,oracle_reserve_lru,spill,proactive_target_headroom,25522872320,9462349824,10172064006,13834911744,0,417333248,25940205568,0.9888542849567004,0.9712564791346634,1.0,0.98,363,203,669,730,287,96468992,96468992,CPU,88709603977.0,0.0,0,0
88709603977,0,oracle_reserve_lru,admission,value_ranked_working_set,25522872320,9462349824,10172064006,13834911744,0,417333248,25940205568,0.9888542849567004,0.9712564791346634,1.0,0.98,363,203,-1,0,0,0,0,,0.0,0.0,1,159
88709603977,0,oracle_reserve_lru,reload,value_ranked_admission,25629827072,9569304576,10172064006,13767802880,0,0,25629827072,0.9770224933803594,0.9407436455723772,1.0,0.98,159,0,659,508,298,67108864,67108864,CPU,0.0,0.0,0,0
88765558577,0,oracle_reserve_lru,admission,value_ranked_working_set,25566912512,9506390016,10172064006,13767802880,0,419430400,25986342912,0.990613064785616,0.9757921706101385,1.0,0.98,361,202,-1,0,0,0,0,,0.0,0.0,1,158
88765558577,0,oracle_reserve_lru,reload,value_ranked_admission,25652895744,9592373248,10172064006,13727956992,0,0,25652895744,0.9779018832948172,0.9430114913101147,1.0,0.98,158,0,665,299,289,39845888,39845888,CPU,0.0,0.0,0,0
89857110019,0,oracle_reserve_lru,trigger,forecast_above_trigger,25826959360,9766436864,10172064006,13727956992,0,432013312,26258972672,1.0010058546837532,1.0025939838743088,1.0,0.98,369,211,-1,0,0,0,0,,0.0,0.0,369,0
89857110019,0,oracle_reserve_lru,spill,proactive_target_headroom,25776627712,9716105216,10172064006,13778288640,0,429916160,26206543872,0.9990072412418038,0.9974397890158144,1.0,0.98,369,210,670,382,298,50331648,50331648,CPU,89857110019.0,0.0,0,0
89857110019,0,oracle_reserve_lru,spill,proactive_target_headroom,25734684672,9674162176,10172064006,13820231680,0,427819008,26162503680,0.9973284059505663,0.9931102653346792,1.0,0.98,369,209,674,309,292,41943040,41943040,CPU,89857110019.0,0.0,0,0
89857110019,0,oracle_reserve_lru,spill,proactive_target_headroom,25688547328,9628024832,10172064006,13866369024,0,425721856,26114269184,0.9954896815839727,0.9883684060648644,1.0,0.98,369,208,675,348,286,46137344,46137344,CPU,89857110019.0,0.0,0,0
89857110019,0,oracle_reserve_lru,spill,proactive_target_headroom,25648701440,9588178944,10172064006,13906214912,0,423624704,26072326144,0.9938907908304131,0.9842450501780691,1.0,0.98,369,207,678,289,280,39845888,39845888,CPU,89857110019.0,0.0,0,0
89857110019,0,oracle_reserve_lru,spill,proactive_target_headroom,25606758400,9546235904,10172064006,13948157952,0,421527552,26028285952,0.9922119555391755,0.9799155264969338,1.0,0.98,369,206,679,308,277,41943040,41943040,CPU,89857110019.0,0.0,0,0
90305415515,0,oracle_reserve_lru,admission,value_ranked_working_set,25575301120,9514778624,10172064006,13948157952,0,413138944,25988440064,0.990693009323294,0.9759983384044781,1.0,0.98,368,205,-1,0,0,0,0,,0.0,0.0,1,162
90305415515,0,oracle_reserve_lru,reload,value_ranked_admission,25659187200,9598664704,10172064006,13910409216,0,0,25659187200,0.9781417169078511,0.943629994693134,1.0,0.98,162,0,641,282,279,37748736,37748736,CPU,0.0,0.0,0,0
90460228518,0,oracle_reserve_lru,admission,value_ranked_working_set,25520775168,9460252672,10172064006,13910409216,0,413138944,25933914112,0.9886144513436664,0.9706379757516441,1.0,0.98,366,204,-1,0,0,0,0,,0.0,0.0,2,160
90460228518,0,oracle_reserve_lru,reload,value_ranked_admission,25642409984,9581887488,10172064006,13820231680,0,0,25642409984,0.9775021606064273,0.9419806523384159,1.0,0.98,160,0,670,382,298,50331648,50331648,CPU,0.0,0.0,0,0
90460228518,0,oracle_reserve_lru,reload,value_ranked_admission,25642409984,9581887488,10172064006,13820231680,0,0,25642409984,0.9775021606064273,0.9419806523384159,1.0,0.98,160,0,678,289,280,39845888,39845888,CPU,0.0,0.0,0,0
91243324350,0,oracle_reserve_lru,trigger,forecast_above_trigger,25927622656,9867100160,10172064006,13820231680,0,432013312,26359635968,1.0048431924922963,1.0124900380026178,1.0,0.98,368,208,-1,0,0,0,0,,0.0,0.0,368,0
91243324350,0,oracle_reserve_lru,spill,proactive_target_headroom,25814376448,9753853952,10172064006,13933477888,0,429916160,26244292608,1.0004462429200074,1.0011508093139303,1.0,0.98,368,207,685,850,285,113246208,113246208,CPU,91243324350.0,0.0,0,0
91243324350,0,oracle_reserve_lru,spill,proactive_target_headroom,25740976128,9680453632,10172064006,14006878208,0,427819008,26168795136,0.9975682395636002,0.9937287687176986,1.0,0.98,368,206,686,553,284,73400320,73400320,CPU,91243324350.0,0.0,0,0
91243324350,0,oracle_reserve_lru,spill,proactive_target_headroom,25701130240,9640607744,10172064006,14046724096,0,425721856,26126852096,0.9959693488100406,0.9896054128309031,1.0,0.98,368,205,687,297,283,39845888,39845888,CPU,91243324350.0,0.0,0,0
91243324350,0,oracle_reserve_lru,spill,proactive_target_headroom,25623535616,9563013120,10172064006,14124318720,0,423624704,26047160320,0.9929314563782773,0.9817710366459917,1.0,0.98,368,204,428,580,564,77594624,77594624,CPU,91243324350.0,0.0,0,0
91243324350,0,oracle_reserve_lru,spill,proactive_target_headroom,25424306176,9363783680,10172064006,14323548160,0,421527552,25845833728,0.9852567807611913,0.9619789283893737,1.0,0.98,368,203,688,1515,281,199229440,199229440,CPU,91243324350.0,0.0,0,0
91243324350,0,oracle_reserve_lru,admission,value_ranked_working_set,25424306176,9363783680,10172064006,14323548160,0,421527552,25845833728,0.9852567807611913,0.9619789283893737,1.0,0.98,368,203,-1,0,0,0,0,,0.0,0.0,2,163
91243324350,0,oracle_reserve_lru,reload,value_ranked_admission,25782919168,9722396672,10172064006,14170456064,0,0,25782919168,0.9828584446308519,0.9557938945591806,1.0,0.98,163,0,685,850,285,113246208,113246208,CPU,0.0,0.0,0,0
91243324350,0,oracle_reserve_lru,reload,value_ranked_admission,25782919168,9722396672,10172064006,14170456064,0,0,25782919168,0.9828584446308519,0.9557938945591806,1.0,0.98,163,0,687,297,283,39845888,39845888,CPU,0.0,0.0,0,0
91572096904,0,oracle_reserve_lru,trigger,forecast_above_trigger,25822765056,9762242560,10172064006,14170456064,0,427819008,26250584064,1.0006860765330414,1.0017693126969496,1.0,0.98,371,208,-1,0,0,0,0,,0.0,0.0,371,0
91572096904,0,oracle_reserve_lru,spill,proactive_target_headroom,25776627712,9716105216,10172064006,14216593408,0,425721856,26202349568,0.9988473521664478,0.9970274534271348,1.0,0.98,371,207,690,347,283,46137344,46137344,CPU,91572096904.0,0.0,0,0
91572096904,0,oracle_reserve_lru,spill,proactive_target_headroom,25606758400,9546235904,10172064006,14386462720,0,423624704,26030383104,0.9922919000768535,0.9801216942912736,1.0,0.98,371,206,691,1291,282,169869312,169869312,CPU,91572096904.0,0.0,0,0
91572096904,0,oracle_reserve_lru,spill,proactive_target_headroom,25566912512,9506390016,10172064006,14426308608,0,421527552,25988440064,0.990693009323294,0.9759983384044781,1.0,0.98,371,205,692,304,281,39845888,39845888,CPU,91572096904.0,0.0,0,0
91572096904,0,oracle_reserve_lru,admission,value_ranked_working_set,25566912512,9506390016,10172064006,14426308608,0,421527552,25988440064,0.990693009323294,0.9759983384044781,1.0,0.98,371,205,-1,0,0,0,0,,0.0,0.0,1,165
91572096904,0,oracle_reserve_lru,reload,value_ranked_admission,25644507136,9583984640,10172064006,14388559872,0,0,25644507136,0.9775821051441053,0.9421868201327557,1.0,0.98,165,0,643,283,278,37748736,37748736,CPU,0.0,0.0,0,0
91923996370,0,oracle_reserve_lru,trigger,forecast_above_trigger,25915039744,9854517248,10172064006,14388559872,0,419430400,26334470144,1.0038838580401606,1.0100160244705405,1.0,0.98,372,207,-1,0,0,0,0,,0.0,0.0,372,0
91923996370,0,oracle_reserve_lru,spill,proactive_target_headroom,25873096704,9812574208,10172064006,14430502912,0,417333248,26290429952,1.002205022748923,1.0056865007894054,1.0,0.98,372,206,699,310,282,41943040,41943040,CPU,91923996370.0,0.0,0,0
91923996370,0,oracle_reserve_lru,spill,proactive_target_headroom,25824862208,9764339712,10172064006,14478737408,0,415236096,26240098304,1.0002863538446514,1.0007384737252507,1.0,0.98,372,205,702,366,279,48234496,48234496,CPU,91923996370.0,0.0,0,0
91923996370,0,oracle_reserve_lru,spill,proactive_target_headroom,25778724864,9718202368,10172064006,14524874752,0,413138944,26191863808,0.998447629478058,0.995996614455436,1.0,0.98,372,204,704,351,279,46137344,46137344,CPU,91923996370.0,0.0,0,0
91923996370,0,oracle_reserve_lru,spill,proactive_target_headroom,25738878976,9678356480,10172064006,14564720640,0,411041792,26149920768,0.9968487387244983,0.9918732585686406,1.0,0.98,372,203,705,294,270,39845888,39845888,CPU,91923996370.0,0.0,0,0
91923996370,0,oracle_reserve_lru,spill,proactive_target_headroom,25699033088,9638510592,10172064006,14604566528,0,408944640,26107977728,0.9952498479709387,0.9877499026818451,1.0,0.98,372,202,711,293,267,39845888,39845888,CPU,91923996370.0,0.0,0,0
91923996370,0,oracle_reserve_lru,spill,proactive_target_headroom,25623535616,9563013120,10172064006,14680064000,0,406847488,26030383104,0.9922919000768535,0.9801216942912736,1.0,0.98,372,201,437,576,556,75497472,75497472,CPU,91923996370.0,0.0,0,0
91923996370,0,oracle_reserve_lru,spill,proactive_target_headroom,25575301120,9514778624,10172064006,14728298496,0,404750336,25980051456,0.990373231172582,0.9751736672271191,1.0,0.98,372,200,715,360,264,48234496,48234496,CPU,91923996370.0,0.0,0,0
91923996370,0,oracle_reserve_lru,admission,value_ranked_working_set,25575301120,9514778624,10172064006,14728298496,0,404750336,25980051456,0.990373231172582,0.9751736672271191,1.0,0.98,372,200,-1,0,0,0,0,,0.0,0.0,1,171
91923996370,0,oracle_reserve_lru,reload,value_ranked_admission,25795502080,9734979584,10172064006,14686355456,0,0,25795502080,0.9833381118569198,0.9570309013252192,1.0,0.98,171,0,699,310,282,41943040,41943040,CPU,0.0,0.0,0,0
92202338129,0,oracle_reserve_lru,trigger,forecast_above_trigger,25887776768,9827254272,10172064006,14686355456,0,406847488,26294624256,1.002364911824279,1.0060988363780847,1.0,0.98,371,200,-1,0,0,0,0,,0.0,0.0,371,0
92202338129,0,oracle_reserve_lru,spill,proactive_target_headroom,25808084992,9747562496,10172064006,14766047232,0,404750336,26212835328,0.9992470748548378,0.9980582923988337,1.0,0.98,371,199,453,606,560,79691776,79691776,CPU,92202338129.0,0.0,0,0
92202338129,0,oracle_reserve_lru,spill,proactive_target_headroom,25764044800,9703522304,10172064006,14810087424,0,402653184,26166697984,0.9974882950259222,0.9935226009233588,1.0,0.98,371,198,716,333,267,44040192,44040192,CPU,92202338129.0,0.0,0,0
92202338129,0,oracle_reserve_lru,spill,proactive_target_headroom,25717907456,9657384960,10172064006,14856224768,0,400556032,26118463488,0.9956495706593287,0.988780741653544,1.0,0.98,371,197,717,338,261,46137344,46137344,CPU,92202338129.0,0.0,0,0
92202338129,0,oracle_reserve_lru,spill,proactive_target_headroom,25644507136,9583984640,10172064006,14929625088,0,398458880,26042966016,0.9927715673029214,0.9813587010573123,1.0,0.98,371,196,456,548,547,73400320,73400320,CPU,92202338129.0,0.0,0,0
92202338129,0,oracle_reserve_lru,spill,proactive_target_headroom,25564815360,9504292864,10172064006,15009316864,0,396361728,25961177088,0.9896537303334801,0.9733181570780611,1.0,0.98,371,195,434,606,532,79691776,79691776,CPU,92202338129.0,0.0,0,0
92202338129,0,oracle_reserve_lru,admission,value_ranked_working_set,25564815360,9504292864,10172064006,15009316864,0,396361728,25961177088,0.9896537303334801,0.9733181570780611,1.0,0.98,371,195,-1,0,0,0,0,,0.0,0.0,1,175
92202338129,0,oracle_reserve_lru,reload,value_ranked_admission,25644507136,9583984640,10172064006,14965276672,0,0,25644507136,0.9775821051441053,0.9421868201327557,1.0,0.98,175,0,716,333,267,44040192,44040192,CPU,0.0,0.0,0,0
92401443245,0,oracle_reserve_lru,admission,value_ranked_working_set,25531260928,9470738432,10172064006,14965276672,0,400556032,25931816960,0.9885345068059884,0.9704318079573043,1.0,0.98,371,196,-1,0,0,0,0,,0.0,0.0,1,174
92401443245,0,oracle_reserve_lru,reload,value_ranked_admission,25638215680,9577693184,10172064006,14885584896,0,0,25638215680,0.9773422715310713,0.9415683167497364,1.0,0.98,174,0,453,606,560,79691776,79691776,CPU,0.0,0.0,0,0
93279504629,0,oracle_reserve_lru,trigger,forecast_above_trigger,25891971072,9831448576,10172064006,14885584896,0,406847488,26298818560,1.0025248008996348,1.0065111719667643,1.0,0.98,370,196,-1,0,0,0,0,,0.0,0.0,370,0
93279504629,0,oracle_reserve_lru,spill,proactive_target_headroom,25810182144,9749659648,10172064006,14967373824,0,404750336,26214932480,0.9993270193925157,0.9982644601931735,1.0,0.98,370,195,722,614,277,81788928,81788928,CPU,93279504629.0,0.0,0,0
93279504629,0,oracle_reserve_lru,spill,proactive_target_headroom,25705324544,9644802048,10172064006,15072231424,0,402653184,26107977728,0.9952498479709387,0.9877499026818451,1.0,0.98,370,194,727,787,270,104857600,104857600,CPU,93279504629.0,0.0,0,0
93279504629,0,oracle_reserve_lru,spill,proactive_target_headroom,25623535616,9563013120,10172064006,15154020352,0,400556032,26024091648,0.9920520664638196,0.9795031909082543,1.0,0.98,370,193,459,614,582,81788928,81788928,CPU,93279504629.0,0.0,0,0
93826652644,0,oracle_reserve_lru,trigger,forecast_above_trigger,25879388160,9818865664,10172064006,15154020352,0,390070272,26269458432,1.001405577372143,1.0036248228460076,1.0,0.98,370,193,-1,0,0,0,0,,0.0,0.0,370,0
93826652644,0,oracle_reserve_lru,spill,proactive_target_headroom,25730490368,9669967872,10172064006,15302918144,0,390070272,26120560640,0.9957295151970066,0.9889869094478838,1.0,0.98,370,192,735,1123,277,148897792,148897792,CPU,93826652644.0,0.0,0,0
93826652644,0,oracle_reserve_lru,spill,proactive_target_headroom,25690644480,9630121984,10172064006,15342764032,0,387973120,26078617600,0.994130624443447,0.9848635535610883,1.0,0.98,370,191,736,291,276,39845888,39845888,CPU,93826652644.0,0.0,0,0
93826652644,0,oracle_reserve_lru,spill,proactive_target_headroom,25506095104,9445572608,10172064006,15527313408,0,385875968,25891971072,0.9870155605901069,0.9665146198648487,1.0,0.98,370,190,738,1399,272,184549376,184549376,CPU,93826652644.0,0.0,0,0
93826652644,0,oracle_reserve_lru,admission,value_ranked_working_set,25506095104,9445572608,10172064006,15527313408,0,385875968,25891971072,0.9870155605901069,0.9665146198648487,1.0,0.98,370,190,-1,0,0,0,0,,0.0,0.0,2,178
93826652644,0,oracle_reserve_lru,reload,value_ranked_admission,25654992896,9594470400,10172064006,15405678592,0,0,25654992896,0.9779818278324951,0.9432176591044545,1.0,0.98,178,0,736,291,276,39845888,39845888,CPU,0.0,0.0,0,0
93826652644,0,oracle_reserve_lru,reload,value_ranked_admission,25654992896,9594470400,10172064006,15405678592,0,0,25654992896,0.9779818278324951,0.9432176591044545,1.0,0.98,178,0,722,614,277,81788928,81788928,CPU,0.0,0.0,0,0
94025485877,0,oracle_reserve_lru,trigger,forecast_above_trigger,25862610944,9802088448,10172064006,15405678592,0,387973120,26250584064,1.0006860765330414,1.0017693126969496,1.0,0.98,371,193,-1,0,0,0,0,,0.0,0.0,371,0
94025485877,0,oracle_reserve_lru,spill,proactive_target_headroom,25814376448,9753853952,10172064006,15453913088,0,385875968,26200252416,0.9987674076287698,0.9968212856327952,1.0,0.98,371,192,739,353,275,48234496,48234496,CPU,94025485877.0,0.0,0,0
94025485877,0,oracle_reserve_lru,spill,proactive_target_headroom,25692741632,9632219136,10172064006,15575547904,0,383778816,26076520448,0.994050679905769,0.9846573857667485,1.0,0.98,371,191,742,921,271,121634816,121634816,CPU,94025485877.0,0.0,0,0
94025485877,0,oracle_reserve_lru,spill,proactive_target_headroom,25634021376,9573498880,10172064006,15634268160,0,381681664,26015703040,0.9917322883131077,0.9786785197308953,1.0,0.98,371,190,744,433,269,58720256,58720256,CPU,94025485877.0,0.0,0,0
94271706241,0,oracle_reserve_lru,admission,value_ranked_working_set,25596272640,9535750144,10172064006,15634268160,0,385875968,25982148608,0.9904531757102599,0.9753798350214589,1.0,0.98,370,189,-1,0,0,0,0,,0.0,0.0,1,180
94271706241,0,oracle_reserve_lru,reload,value_ranked_admission,25665478656,9604956160,10172064006,15594422272,0,0,25665478656,0.978381550520885,0.9442484980761534,1.0,0.98,180,0,705,294,270,39845888,39845888,CPU,0.0,0.0,0,0
94346133461,0,oracle_reserve_lru,admission,value_ranked_working_set,25579495424,9518972928,10172064006,15594422272,0,390070272,25969565696,0.9899735084841921,0.9741428282554202,1.0,0.98,369,189,-1,0,0,0,0,,0.0,0.0,1,179
94346133461,0,oracle_reserve_lru,reload,value_ranked_admission,25659187200,9598664704,10172064006,15546187776,0,0,25659187200,0.9781417169078511,0.943629994693134,1.0,0.98,179,0,739,353,275,48234496,48234496,CPU,0.0,0.0,0,0
94721575123,0,oracle_reserve_lru,admission,value_ranked_working_set,25487220736,9426698240,10172064006,15546187776,0,390070272,25877291008,0.986455948826361,0.9650714453044703,1.0,0.98,368,189,-1,0,0,0,0,,0.0,0.0,1,178
94721575123,0,oracle_reserve_lru,reload,value_ranked_admission,25636118528,9575596032,10172064006,15424552960,0,0,25636118528,0.9772623269933933,0.9413621489553966,1.0,0.98,178,0,742,921,271,121634816,121634816,CPU,0.0,0.0,0,0
94797551230,0,oracle_reserve_lru,admission,value_ranked_working_set,25535455232,9474932736,10172064006,15424552960,0,385875968,25921331200,0.9881347841175986,0.9694009689856055,1.0,0.98,366,188,-1,0,0,0,0,,0.0,0.0,2,176
94797551230,0,oracle_reserve_lru,reload,value_ranked_admission,25646604288,9586081792,10172064006,15325986816,0,0,25646604288,0.9776620496817833,0.9423929879270955,1.0,0.98,176,0,744,433,269,58720256,58720256,CPU,0.0,0.0,0,0
94797551230,0,oracle_reserve_lru,reload,value_ranked_admission,25646604288,9586081792,10172064006,15325986816,0,0,25646604288,0.9776620496817833,0.9423929879270955,1.0,0.98,176,0,711,293,267,39845888,39845888,CPU,0.0,0.0,0,0
95160087481,0,oracle_reserve_lru,trigger,forecast_above_trigger,25866805248,9806282752,10172064006,15325986816,0,390070272,26256875520,1.0009259101460752,1.0023878160799689,1.0,0.98,365,189,-1,0,0,0,0,,0.0,0.0,365,0
95160087481,0,oracle_reserve_lru,spill,proactive_target_headroom,25734684672,9674162176,10172064006,15458107392,0,387973120,26122657792,0.9958094597346846,0.9891930772422236,1.0,0.98,365,188,746,1007,294,132120576,132120576,CPU,95160087481.0,0.0,0,0
95160087481,0,oracle_reserve_lru,spill,proactive_target_headroom,25686450176,9625927680,10172064006,15506341888,0,385875968,26072326144,0.9938907908304131,0.9842450501780691,1.0,0.98,365,187,748,354,293,48234496,48234496,CPU,95160087481.0,0.0,0,0
95160087481,0,oracle_reserve_lru,spill,proactive_target_headroom,25621438464,9560915968,10172064006,15571353600,0,383778816,26005217280,0.9913325656247177,0.9776476807591964,1.0,0.98,365,186,751,490,288,65011712,65011712,CPU,95160087481.0,0.0,0,0
95634922482,0,oracle_reserve_lru,trigger,forecast_above_trigger,25998925824,9938403328,10172064006,15571353600,0,364904448,26363830272,1.0050030815676523,1.0129023735912972,1.0,0.98,362,183,-1,0,0,0,0,,0.0,0.0,362,0
95634922482,0,oracle_reserve_lru,spill,proactive_target_headroom,25956982784,9896460288,10172064006,15613296640,0,362807296,26319790080,1.0033242462764147,1.008572849910162,1.0,0.98,362,182,756,314,302,41943040,41943040,CPU,95634922482.0,0.0,0,0
95634922482,0,oracle_reserve_lru,spill,proactive_target_headroom,25879388160,9818865664,10172064006,15690891264,0,360710144,26240098304,1.0002863538446514,1.0007384737252507,1.0,0.98,362,181,511,580,575,77594624,77594624,CPU,95634922482.0,0.0,0,0
95634922482,0,oracle_reserve_lru,spill,proactive_target_headroom,25776627712,9716105216,10172064006,15793651712,0,358612992,26135240704,0.9962891269607524,0.9904300840082622,1.0,0.98,362,180,758,781,300,102760448,102760448,CPU,95634922482.0,0.0,0,0
95634922482,0,oracle_reserve_lru,spill,proactive_target_headroom,25690644480,9630121984,10172064006,15879634944,0,356515840,26047160320,0.9929314563782773,0.9817710366459917,1.0,0.98,362,179,759,647,298,85983232,85983232,CPU,95634922482.0,0.0,0,0
95634922482,0,oracle_reserve_lru,spill,proactive_target_headroom,25642409984,9581887488,10172064006,15927869440,0,354418688,25996828672,0.9910127874740058,0.9768230095818373,1.0,0.98,362,178,762,365,297,48234496,48234496,CPU,95634922482.0,0.0,0,0
95712214083,0,oracle_reserve_lru,admission,value_ranked_working_set,25541746688,9481224192,10172064006,15927869440,0,350224384,25891971072,0.9870155605901069,0.9665146198648487,1.0,0.98,359,175,-1,0,0,0,0,,0.0,0.0,2,182
95712214083,0,oracle_reserve_lru,reload,value_ranked_admission,25680158720,9619636224,10172064006,15808331776,0,0,25680158720,0.9789411622846309,0.9456916726365318,1.0,0.98,182,0,756,314,302,41943040,41943040,CPU,0.0,0.0,0,0
95712214083,0,oracle_reserve_lru,reload,value_ranked_admission,25680158720,9619636224,10172064006,15808331776,0,0,25680158720,0.9789411622846309,0.9456916726365318,1.0,0.98,182,0,511,580,575,77594624,77594624,CPU,0.0,0.0,0,0
95763741817,0,oracle_reserve_lru,admission,value_ranked_working_set,25634021376,9573498880,10172064006,15808331776,0,352321536,25986342912,0.990613064785616,0.9757921706101385,1.0,0.98,357,175,-1,0,0,0,0,,0.0,0.0,1,181
95763741817,0,oracle_reserve_lru,reload,value_ranked_admission,25692741632,9632219136,10172064006,15768485888,0,0,25692741632,0.9794208295106988,0.9469286794025704,1.0,0.98,181,0,692,304,281,39845888,39845888,CPU,0.0,0.0,0,0
95789505684,0,oracle_reserve_lru,admission,value_ranked_working_set,25554329600,9493807104,10172064006,15768485888,0,354418688,25908748288,0.9876551168915307,0.9681639622195669,1.0,0.98,354,173,-1,0,0,0,0,,0.0,0.0,1,180
95789505684,0,oracle_reserve_lru,reload,value_ranked_admission,25688547328,9628024832,10172064006,15665725440,0,0,25688547328,0.9792609404353428,0.9465163438138908,1.0,0.98,180,0,758,781,300,102760448,102760448,CPU,0.0,0.0,0,0
95815269551,0,oracle_reserve_lru,admission,value_ranked_working_set,25602564096,9542041600,10172064006,15665725440,0,356515840,25959079936,0.9895737857958022,0.9731119892837213,1.0,0.98,353,173,-1,0,0,0,0,,0.0,0.0,1,179
95815269551,0,oracle_reserve_lru,reload,value_ranked_admission,25879388160,9818865664,10172064006,15617490944,0,0,25879388160,0.986535893364039,0.9652776130988101,1.0,0.98,179,0,762,365,297,48234496,48234496,CPU,0.0,0.0,0,0
95868103020,0,oracle_reserve_lru,trigger,forecast_above_trigger,25879388160,9818865664,10172064006,15617490944,0,360710144,26240098304,1.0002863538446514,1.0007384737252507,1.0,0.98,354,175,-1,0,0,0,0,,0.0,0.0,354,0
95868103020,0,oracle_reserve_lru,spill,proactive_target_headroom,25835347968,9774825472,10172064006,15661531136,0,358612992,26193960960,0.9985275740157359,0.9962027822497758,1.0,0.98,354,174,764,331,302,44040192,44040192,CPU,95868103020.0,0.0,0,0
95868103020,0,oracle_reserve_lru,spill,proactive_target_headroom,25793404928,9732882432,10172064006,15703474176,0,356515840,26149920768,0.9968487387244983,0.9918732585686406,1.0,0.98,354,173,765,314,301,41943040,41943040,CPU,95868103020.0,0.0,0,0
95868103020,0,oracle_reserve_lru,spill,proactive_target_headroom,25751461888,9690939392,10172064006,15745417216,0,354418688,26105880576,0.9951699034332607,0.9875437348875054,1.0,0.98,354,172,766,315,298,41943040,41943040,CPU,95868103020.0,0.0,0,0
95868103020,0,oracle_reserve_lru,spill,proactive_target_headroom,25657090048,9596567552,10172064006,15839789056,0,352321536,26009411584,0.9914924547000737,0.9780600163478759,1.0,0.98,354,171,767,706,295,94371840,94371840,CPU,95868103020.0,0.0,0,0
95919708721,0,oracle_reserve_lru,admission,value_ranked_working_set,25485123584,9424601088,10172064006,15839789056,0,352321536,25837445120,0.9849370026104793,0.9611542572120146,1.0,0.98,353,170,-1,0,0,0,0,,0.0,0.0,4,179
95919708721,0,oracle_reserve_lru,reload,value_ranked_admission,25900359680,9839837184,10172064006,15663628288,0,0,25900359680,0.9873353387408188,0.9673392910422077,1.0,0.98,179,0,764,331,302,44040192,44040192,CPU,0.0,0.0,0,0
95919708721,0,oracle_reserve_lru,reload,value_ranked_admission,25900359680,9839837184,10172064006,15663628288,0,0,25900359680,0.9873353387408188,0.9673392910422077,1.0,0.98,179,0,765,314,301,41943040,41943040,CPU,0.0,0.0,0,0
95919708721,0,oracle_reserve_lru,reload,value_ranked_admission,25900359680,9839837184,10172064006,15663628288,0,0,25900359680,0.9873353387408188,0.9673392910422077,1.0,0.98,179,0,766,315,298,41943040,41943040,CPU,0.0,0.0,0,0
95919708721,0,oracle_reserve_lru,reload,value_ranked_admission,25900359680,9839837184,10172064006,15663628288,0,0,25900359680,0.9873353387408188,0.9673392910422077,1.0,0.98,179,0,748,354,293,48234496,48234496,CPU,0.0,0.0,0,0
95945962576,0,oracle_reserve_lru,trigger,forecast_above_trigger,25900359680,9839837184,10172064006,15663628288,0,362807296,26263166976,1.0011657437591093,1.0030063194629883,1.0,0.98,354,175,-1,0,0,0,0,,0.0,0.0,354,0
95945962576,0,oracle_reserve_lru,spill,proactive_target_headroom,25841639424,9781116928,10172064006,15722348544,0,360710144,26202349568,0.9988473521664478,0.9970274534271348,1.0,0.98,354,174,768,433,296,58720256,58720256,CPU,95945962576.0,0.0,0,0
95945962576,0,oracle_reserve_lru,spill,proactive_target_headroom,25801793536,9741271040,10172064006,15762194432,0,358612992,26160406528,0.9972484614128883,0.9929040975403395,1.0,0.98,354,173,769,303,293,39845888,39845888,CPU,95945962576.0,0.0,0,0
95945962576,0,oracle_reserve_lru,spill,proactive_target_headroom,25759850496,9699328000,10172064006,15804137472,0,356515840,26116366336,0.9955696261216507,0.9885745738592042,1.0,0.98,354,172,774,305,292,41943040,41943040,CPU,95945962576.0,0.0,0,0
95945962576,0,oracle_reserve_lru,spill,proactive_target_headroom,25682255872,9621733376,10172064006,15881732096,0,354418688,26036674560,0.9925317336898875,0.9807401976742929,1.0,0.98,354,171,530,591,555,77594624,77594624,CPU,95945962576.0,0.0,0,0
95945962576,0,oracle_reserve_lru,spill,proactive_target_headroom,25602564096,9542041600,10172064006,15961423872,0,352321536,25954885632,0.9894138967204462,0.9726996536950419,1.0,0.98,354,170,522,601,551,79691776,79691776,CPU,95945962576.0,0.0,0,0
95945962576,0,oracle_reserve_lru,admission,value_ranked_working_set,25602564096,9542041600,10172064006,15961423872,0,352321536,25954885632,0.9894138967204462,0.9726996536950419,1.0,0.98,354,170,-1,0,0,0,0,,0.0,0.0,1,183
95945962576,0,oracle_reserve_lru,reload,value_ranked_admission,25678061568,9617539072,10172064006,15902703616,0,0,25678061568,0.9788612177469529,0.945485504842192,1.0,0.98,183,0,768,433,296,58720256,58720256,CPU,0.0,0.0,0,0
95972216431,0,oracle_reserve_lru,admission,value_ranked_working_set,25587884032,9527361536,10172064006,15902703616,0,354418688,25942302720,0.9889342294943784,0.9714626469290032,1.0,0.98,353,170,-1,0,0,0,0,,0.0,0.0,2,181
95972216431,0,oracle_reserve_lru,reload,value_ranked_admission,25690644480,9630121984,10172064006,15820914688,0,0,25690644480,0.9793408849730207,0.9467225116082306,1.0,0.98,181,0,769,303,293,39845888,39845888,CPU,0.0,0.0,0,0
95972216431,0,oracle_reserve_lru,reload,value_ranked_admission,25690644480,9630121984,10172064006,15820914688,0,0,25690644480,0.9793408849730207,0.9467225116082306,1.0,0.98,181,0,774,305,292,41943040,41943040,CPU,0.0,0.0,0,0
96670488687,0,oracle_reserve_lru,trigger,forecast_above_trigger,25902456832,9841934336,10172064006,15820914688,0,341835776,26244292608,1.0004462429200074,1.0011508093139303,1.0,0.98,350,169,-1,0,0,0,0,,0.0,0.0,350,0
96670488687,0,oracle_reserve_lru,spill,proactive_target_headroom,25791307776,9730785280,10172064006,15932063744,0,339738624,26131046400,0.9961292378853965,0.9900177484195827,1.0,0.98,350,168,779,835,314,111149056,111149056,CPU,96670488687.0,0.0,0,0
96670488687,0,oracle_reserve_lru,spill,proactive_target_headroom,25747267584,9686745088,10172064006,15976103936,0,337641472,26084909056,0.9943704580564809,0.9854820569441076,1.0,0.98,350,167,780,332,313,44040192,44040192,CPU,96670488687.0,0.0,0,0
96670488687,0,oracle_reserve_lru,spill,proactive_target_headroom,25615147008,9554624512,10172064006,16108224512,0,335544320,25950691328,0.9892540076450903,0.9722873181063623,1.0,0.98,350,166,783,994,310,132120576,132120576,CPU,96670488687.0,0.0,0,0
96670488687,0,oracle_reserve_lru,admission,value_ranked_working_set,25615147008,9554624512,10172064006,16108224512,0,335544320,25950691328,0.9892540076450903,0.9722873181063623,1.0,0.98,350,166,-1,0,0,0,0,,0.0,0.0,1,183
96670488687,0,oracle_reserve_lru,reload,value_ranked_admission,25669672960,9609150464,10172064006,16064184320,0,0,25669672960,0.978541439596241,0.9446608336648329,1.0,0.98,183,0,780,332,313,44040192,44040192,CPU,0.0,0.0,0,0
96697089572,0,oracle_reserve_lru,admission,value_ranked_working_set,25485123584,9424601088,10172064006,16064184320,0,337641472,25822765056,0.9843773908467335,0.9597110826516362,1.0,0.98,347,164,-1,0,0,0,0,,0.0,0.0,2,181
96697089572,0,oracle_reserve_lru,reload,value_ranked_admission,25692741632,9632219136,10172064006,15875440640,0,0,25692741632,0.9794208295106988,0.9469286794025704,1.0,0.98,181,0,779,835,314,111149056,111149056,CPU,0.0,0.0,0,0
96697089572,0,oracle_reserve_lru,reload,value_ranked_admission,25692741632,9632219136,10172064006,15875440640,0,0,25692741632,0.9794208295106988,0.9469286794025704,1.0,0.98,181,0,530,591,555,77594624,77594624,CPU,0.0,0.0,0,0
96723690457,0,oracle_reserve_lru,admission,value_ranked_working_set,25646604288,9586081792,10172064006,15875440640,0,341835776,25988440064,0.990693009323294,0.9759983384044781,1.0,0.98,346,165,-1,0,0,0,0,,0.0,0.0,1,180
96723690457,0,oracle_reserve_lru,reload,value_ranked_admission,25717907456,9657384960,10172064006,15837691904,0,0,25717907456,0.9803801639628346,0.9494026929346476,1.0,0.98,180,0,495,286,277,37748736,37748736,CPU,0.0,0.0,0,0
97167557286,0,oracle_reserve_lru,admission,value_ranked_working_set,25634021376,9573498880,10172064006,15837691904,0,325058560,25959079936,0.9895737857958022,0.9731119892837213,1.0,0.98,341,161,-1,0,0,0,0,,0.0,0.0,1,179
97167557286,0,oracle_reserve_lru,reload,value_ranked_admission,25730490368,9669967872,10172064006,15772680192,0,0,25730490368,0.9808598311889024,0.9506396997006863,1.0,0.98,179,0,751,490,288,65011712,65011712,CPU,0.0,0.0,0,0
97252507156,0,oracle_reserve_lru,admission,value_ranked_working_set,25640312832,9579790336,10172064006,15772680192,0,327155712,25967468544,0.9898935639465141,0.9739366604610805,1.0,0.98,339,160,-1,0,0,0,0,,0.0,0.0,1,178
97252507156,0,oracle_reserve_lru,reload,value_ranked_admission,25722101760,9661579264,10172064006,15726542848,0,0,25722101760,0.9805400530381905,0.9498150285233272,1.0,0.98,178,0,717,338,261,46137344,46137344,CPU,0.0,0.0,0,0
97304807422,0,oracle_reserve_lru,admission,value_ranked_working_set,25640312832,9579790336,10172064006,15726542848,0,331350016,25971662848,0.9900534530218701,0.97434899604976,1.0,0.98,338,160,-1,0,0,0,0,,0.0,0.0,1,177
97304807422,0,oracle_reserve_lru,reload,value_ranked_admission,25707421696,9646899200,10172064006,15678308352,0,0,25707421696,0.9799804412744446,0.9483718539629488,1.0,0.98,177,0,702,366,279,48234496,48234496,CPU,0.0,0.0,0,0
97357107688,0,oracle_reserve_lru,admission,value_ranked_working_set,25640312832,9579790336,10172064006,15678308352,0,331350016,25971662848,0.9900534530218701,0.97434899604976,1.0,0.98,337,160,-1,0,0,0,0,,0.0,0.0,1,176
97357107688,0,oracle_reserve_lru,reload,value_ranked_admission,25705324544,9644802048,10172064006,15632171008,0,0,25705324544,0.9799004967367666,0.9481656861686091,1.0,0.98,176,0,704,351,279,46137344,46137344,CPU,0.0,0.0,0,0
97618609018,0,oracle_reserve_lru,admission,value_ranked_working_set,25636118528,9575596032,10172064006,15632171008,0,322961408,25959079936,0.9895737857958022,0.9731119892837213,1.0,0.98,334,158,-1,0,0,0,0,,0.0,0.0,1,175
97618609018,0,oracle_reserve_lru,reload,value_ranked_admission,25709518848,9648996352,10172064006,15583936512,0,0,25709518848,0.9800603858121226,0.9485780217572886,1.0,0.98,175,0,715,360,264,48234496,48234496,CPU,0.0,0.0,0,0
97734300582,0,oracle_reserve_lru,admission,value_ranked_working_set,25634021376,9573498880,10172064006,15583936512,0,325058560,25959079936,0.9895737857958022,0.9731119892837213,1.0,0.98,331,156,-1,0,0,0,0,,0.0,0.0,1,174
97734300582,0,oracle_reserve_lru,reload,value_ranked_admission,25699033088,9638510592,10172064006,15537799168,0,0,25699033088,0.9796606631237327,0.9475471827855897,1.0,0.98,174,0,690,347,283,46137344,46137344,CPU,0.0,0.0,0,0
98167822370,0,oracle_reserve_lru,trigger,forecast_above_trigger,25917136896,9856614400,10172064006,15537799168,0,320864256,26238001152,1.0002064093069736,1.000532305930911,1.0,0.98,329,155,-1,0,0,0,0,,0.0,0.0,329,0
98167822370,0,oracle_reserve_lru,spill,proactive_target_headroom,25868902400,9808379904,10172064006,15586033664,0,318767104,26187669504,0.998287740402702,0.9955842788667565,1.0,0.98,329,154,785,362,361,48234496,48234496,CPU,98167822370.0,0.0,0,0
98167822370,0,oracle_reserve_lru,spill,proactive_target_headroom,25686450176,9625927680,10172064006,15768485888,0,316669952,26003120128,0.9912526210870398,0.9774415129648566,1.0,0.98,329,153,793,1391,347,182452224,182452224,CPU,98167822370.0,0.0,0,0
99295199468,0,oracle_reserve_lru,admission,value_ranked_working_set,25613049856,9552527360,10172064006,15768485888,0,276824064,25889873920,0.9869356160524289,0.966308452070509,1.0,0.98,314,138,-1,0,0,0,0,,0.0,0.0,2,174
99295199468,0,oracle_reserve_lru,reload,value_ranked_admission,25761947648,9701425152,10172064006,15640559616,0,0,25761947648,0.9820589992540721,0.9537322166157829,1.0,0.98,174,0,785,362,361,48234496,48234496,CPU,0.0,0.0,0,0
99295199468,0,oracle_reserve_lru,reload,value_ranked_admission,25761947648,9701425152,10172064006,15640559616,0,0,25761947648,0.9820589992540721,0.9537322166157829,1.0,0.98,174,0,522,601,551,79691776,79691776,CPU,0.0,0.0,0,0
99321714707,0,oracle_reserve_lru,admission,value_ranked_working_set,25642409984,9581887488,10172064006,15640559616,0,278921216,25921331200,0.9881347841175986,0.9694009689856055,1.0,0.98,313,139,-1,0,0,0,0,,0.0,0.0,1,173
99321714707,0,oracle_reserve_lru,reload,value_ranked_admission,25755656192,9695133696,10172064006,15546187776,0,0,25755656192,0.9818191656410382,0.9531137132327635,1.0,0.98,173,0,767,706,295,94371840,94371840,CPU,0.0,0.0,0,0
99427775663,0,oracle_reserve_lru,admission,value_ranked_working_set,25629827072,9569304576,10172064006,15546187776,0,278921216,25908748288,0.9876551168915307,0.9681639622195669,1.0,0.98,311,138,-1,0,0,0,0,,0.0,0.0,1,172
99427775663,0,oracle_reserve_lru,reload,value_ranked_admission,25743073280,9682550784,10172064006,15460204544,0,0,25743073280,0.9813394984149703,0.951876706466725,1.0,0.98,172,0,759,647,298,85983232,85983232,CPU,0.0,0.0,0,0
99454290902,0,oracle_reserve_lru,admission,value_ranked_working_set,25694838784,9634316288,10172064006,15460204544,0,278921216,25973760000,0.9901333975595481,0.9745551638440998,1.0,0.98,310,138,-1,0,0,0,0,,0.0,0.0,1,171
99454290902,0,oracle_reserve_lru,reload,value_ranked_admission,25759850496,9699328000,10172064006,15418261504,0,0,25759850496,0.9819790547163941,0.9535260488214431,1.0,0.98,171,0,674,309,292,41943040,41943040,CPU,0.0,0.0,0,0
99481119424,0,oracle_reserve_lru,admission,value_ranked_working_set,25562718208,9502195712,10172064006,15418261504,0,278921216,25841639424,0.9850968916858354,0.9615665928006942,1.0,0.98,308,137,-1,0,0,0,0,,0.0,0.0,1,170
99481119424,0,oracle_reserve_lru,reload,value_ranked_admission,25759850496,9699328000,10172064006,15235809280,0,0,25759850496,0.9819790547163941,0.9535260488214431,1.0,0.98,170,0,793,1391,347,182452224,182452224,CPU,0.0,0.0,0,0
99678381011,0,oracle_reserve_lru,admission,value_ranked_working_set,25694838784,9634316288,10172064006,15235809280,0,281018368,25975857152,0.990213342097226,0.9747613316384396,1.0,0.98,305,135,-1,0,0,0,0,,0.0,0.0,1,169
99678381011,0,oracle_reserve_lru,reload,value_ranked_admission,25755656192,9695133696,10172064006,15189671936,0,0,25755656192,0.9818191656410382,0.9531137132327635,1.0,0.98,169,0,675,348,286,46137344,46137344,CPU,0.0,0.0,0,0
99878203058,0,oracle_reserve_lru,admission,value_ranked_working_set,25692741632,9632219136,10172064006,15189671936,0,272629760,25965371392,0.9898136194088362,0.9737304926667407,1.0,0.98,302,133,-1,0,0,0,0,,0.0,0.0,1,168
99878203058,0,oracle_reserve_lru,reload,value_ranked_admission,25751461888,9690939392,10172064006,15147728896,0,0,25751461888,0.9816592765656822,0.952701377644084,1.0,0.98,168,0,679,308,277,41943040,41943040,CPU,0.0,0.0,0,0
99983968863,0,oracle_reserve_lru,admission,value_ranked_working_set,25686450176,9625927680,10172064006,15147728896,0,268435456,25954885632,0.9894138967204462,0.9726996536950419,1.0,0.98,301,133,-1,0,0,0,0,,0.0,0.0,1,167
99983968863,0,oracle_reserve_lru,reload,value_ranked_admission,25757753344,9697230848,10172064006,15105785856,0,0,25757753344,0.9818991101787161,0.9533198810271033,1.0,0.98,167,0,664,319,289,41943040,41943040,CPU,0.0,0.0,0,0
100089793311,0,oracle_reserve_lru,admission,value_ranked_working_set,25713713152,9653190656,10172064006,15105785856,0,270532608,25984245760,0.9905331202479379,0.9755860028157987,1.0,0.98,299,132,-1,0,0,0,0,,0.0,0.0,1,166
100089793311,0,oracle_reserve_lru,reload,value_ranked_admission,25768239104,9707716608,10172064006,15065939968,0,0,25768239104,0.9822988328671061,0.9543507199988022,1.0,0.98,166,0,668,301,287,39845888,39845888,CPU,0.0,0.0,0,0
100116249423,0,oracle_reserve_lru,admission,value_ranked_working_set,25684353024,9623830528,10172064006,15065939968,0,272629760,25956982784,0.9894938412581242,0.9729058214893817,1.0,0.98,298,132,-1,0,0,0,0,,0.0,0.0,1,165
100116249423,0,oracle_reserve_lru,reload,value_ranked_admission,25755656192,9695133696,10172064006,15007219712,0,0,25755656192,0.9818191656410382,0.9531137132327635,1.0,0.98,165,0,666,436,288,58720256,58720256,CPU,0.0,0.0,0,0
100248308903,0,oracle_reserve_lru,admission,value_ranked_working_set,25669672960,9609150464,10172064006,15007219712,0,268435456,25938108416,0.9887743404190223,0.9710503113403237,1.0,0.98,295,130,-1,0,0,0,0,,0.0,0.0,1,164
100248308903,0,oracle_reserve_lru,reload,value_ranked_admission,25761947648,9701425152,10172064006,14925430784,0,0,25761947648,0.9820589992540721,0.9537322166157829,1.0,0.98,164,0,459,614,582,81788928,81788928,CPU,0.0,0.0,0,0
100327626677,0,oracle_reserve_lru,admission,value_ranked_working_set,25587884032,9527361536,10172064006,14925430784,0,268435456,25856319488,0.9856565034495812,0.9630097673610726,1.0,0.98,293,129,-1,0,0,0,0,,0.0,0.0,1,163
100327626677,0,oracle_reserve_lru,reload,value_ranked_admission,25743073280,9682550784,10172064006,14793310208,0,0,25743073280,0.9813394984149703,0.951876706466725,1.0,0.98,163,0,783,994,310,132120576,132120576,CPU,0.0,0.0,0,0
100623213997,0,oracle_reserve_lru,admission,value_ranked_working_set,25694838784,9634316288,10172064006,14793310208,0,251658240,25946497024,0.9890941185697343,0.9718749825176828,1.0,0.98,289,126,-1,0,0,0,0,,0.0,0.0,1,162
100623213997,0,oracle_reserve_lru,reload,value_ranked_admission,25787113472,9726590976,10172064006,14719909888,0,0,25787113472,0.9830183337062078,0.9562062301478601,1.0,0.98,162,0,456,548,547,73400320,73400320,CPU,0.0,0.0,0,0
100649937505,0,oracle_reserve_lru,admission,value_ranked_working_set,25732587520,9672065024,10172064006,14719909888,0,251658240,25984245760,0.9905331202479379,0.9755860028157987,1.0,0.98,288,126,-1,0,0,0,0,,0.0,0.0,1,161
100649937505,0,oracle_reserve_lru,reload,value_ranked_admission,25787113472,9726590976,10172064006,14680064000,0,0,25787113472,0.9830183337062078,0.9562062301478601,1.0,0.98,161,0,647,297,290,39845888,39845888,CPU,0.0,0.0,0,0
100703384521,0,oracle_reserve_lru,admission,value_ranked_working_set,25625632768,9565110272,10172064006,14680064000,0,251658240,25877291008,0.986455948826361,0.9650714453044703,1.0,0.98,286,125,-1,0,0,0,0,,0.0,0.0,1,160
100703384521,0,oracle_reserve_lru,reload,value_ranked_admission,25770336256,9709813760,10172064006,14547943424,0,0,25770336256,0.9823787774047841,0.954556887793142,1.0,0.98,160,0,746,1007,294,132120576,132120576,CPU,0.0,0.0,0,0
100810179818,0,oracle_reserve_lru,admission,value_ranked_working_set,25736781824,9676259328,10172064006,14547943424,0,249561088,25986342912,0.990613064785616,0.9757921706101385,1.0,0.98,285,125,-1,0,0,0,0,,0.0,0.0,1,159
100810179818,0,oracle_reserve_lru,reload,value_ranked_admission,25791307776,9730785280,10172064006,14508097536,0,0,25791307776,0.9831782227815639,0.9566185657365397,1.0,0.98,159,0,638,292,280,39845888,39845888,CPU,0.0,0.0,0,0
100836699624,0,oracle_reserve_lru,admission,value_ranked_working_set,25598369792,9537847296,10172064006,14508097536,0,249561088,25847930880,0.9853367252988693,0.9621850961837135,1.0,0.98,283,124,-1,0,0,0,0,,0.0,0.0,1,158
100836699624,0,oracle_reserve_lru,reload,value_ranked_admission,25778724864,9718202368,10172064006,14359199744,0,0,25778724864,0.9826985555554959,0.955381558970501,1.0,0.98,158,0,735,1123,277,148897792,148897792,CPU,0.0,0.0,0,0
100889739236,0,oracle_reserve_lru,admission,value_ranked_working_set,25562718208,9502195712,10172064006,14359199744,0,247463936,25810182144,0.9838977236206656,0.9584740758855976,1.0,0.98,282,124,-1,0,0,0,0,,0.0,0.0,1,157
100889739236,0,oracle_reserve_lru,reload,value_ranked_admission,25761947648,9701425152,10172064006,14174650368,0,0,25761947648,0.9820589992540721,0.9537322166157829,1.0,0.98,157,0,738,1399,272,184549376,184549376,CPU,0.0,0.0,0,0
100943969376,0,oracle_reserve_lru,admission,value_ranked_working_set,25579495424,9518972928,10172064006,14174650368,0,243269632,25822765056,0.9843773908467335,0.9597110826516362,1.0,0.98,280,123,-1,0,0,0,0,,0.0,0.0,2,155
100943969376,0,oracle_reserve_lru,reload,value_ranked_admission,25780822016,9720299520,10172064006,13990100992,0,0,25780822016,0.9827785000931739,0.9555877267648408,1.0,0.98,155,0,727,787,270,104857600,104857600,CPU,0.0,0.0,0,0
100943969376,0,oracle_reserve_lru,reload,value_ranked_admission,25780822016,9720299520,10172064006,13990100992,0,0,25780822016,0.9827785000931739,0.9555877267648408,1.0,0.98,155,0,434,606,532,79691776,79691776,CPU,0.0,0.0,0,0
100971084446,0,oracle_reserve_lru,admission,value_ranked_working_set,25740976128,9680453632,10172064006,13990100992,0,247463936,25988440064,0.990693009323294,0.9759983384044781,1.0,0.98,279,124,-1,0,0,0,0,,0.0,0.0,1,154
100971084446,0,oracle_reserve_lru,reload,value_ranked_admission,25787113472,9726590976,10172064006,13952352256,0,0,25787113472,0.9830183337062078,0.9562062301478601,1.0,0.98,154,0,281,285,274,37748736,37748736,CPU,0.0,0.0,0,0
100998199516,0,oracle_reserve_lru,admission,value_ranked_working_set,25703227392,9642704896,10172064006,13952352256,0,249561088,25952788480,0.9893339521827682,0.9724934859007021,1.0,0.98,278,124,-1,0,0,0,0,,0.0,0.0,1,153
100998199516,0,oracle_reserve_lru,reload,value_ranked_admission,25791307776,9730785280,10172064006,13878951936,0,0,25791307776,0.9831782227815639,0.9566185657365397,1.0,0.98,153,0,686,553,284,73400320,73400320,CPU,0.0,0.0,0,0
101088217725,0,oracle_reserve_lru,admission,value_ranked_working_set,25686450176,9625927680,10172064006,13878951936,0,245366784,25931816960,0.9885345068059884,0.9704318079573043,1.0,0.98,276,123,-1,0,0,0,0,,0.0,0.0,1,152
101088217725,0,oracle_reserve_lru,reload,value_ranked_admission,25776627712,9716105216,10172064006,13803454464,0,0,25776627712,0.982618611017818,0.9551753911761612,1.0,0.98,152,0,437,576,556,75497472,75497472,CPU,0.0,0.0,0,0
101170383045,0,oracle_reserve_lru,admission,value_ranked_working_set,25556426752,9495904256,10172064006,13803454464,0,243269632,25799696384,0.9834980009322758,0.9574432369138988,1.0,0.98,272,120,-1,0,0,0,0,,0.0,0.0,2,150
101170383045,0,oracle_reserve_lru,reload,value_ranked_admission,25789210624,9728688128,10172064006,13585350656,0,0,25789210624,0.9830982782438858,0.9564123979421999,1.0,0.98,150,0,691,1291,282,169869312,169869312,CPU,0.0,0.0,0,0
101170383045,0,oracle_reserve_lru,reload,value_ranked_admission,25789210624,9728688128,10172064006,13585350656,0,0,25789210624,0.9830982782438858,0.9564123979421999,1.0,0.98,150,0,651,357,288,48234496,48234496,CPU,0.0,0.0,0,0
101197771485,0,oracle_reserve_lru,admission,value_ranked_working_set,25554329600,9493807104,10172064006,13585350656,0,247463936,25801793536,0.9835779454699537,0.9576494047082386,1.0,0.98,270,120,-1,0,0,0,0,,0.0,0.0,3,147
101197771485,0,oracle_reserve_lru,reload,value_ranked_admission,25791307776,9730785280,10172064006,13371441152,0,0,25791307776,0.9831782227815639,0.9566185657365397,1.0,0.98,147,0,428,580,564,77594624,77594624,CPU,0.0,0.0,0,0
101197771485,0,oracle_reserve_lru,reload,value_ranked_admission,25791307776,9730785280,10172064006,13371441152,0,0,25791307776,0.9831782227815639,0.9566185657365397,1.0,0.98,147,0,669,730,287,96468992,96468992,CPU,0.0,0.0,0,0
101197771485,0,oracle_reserve_lru,reload,value_ranked_admission,25791307776,9730785280,10172064006,13371441152,0,0,25791307776,0.9831782227815639,0.9566185657365397,1.0,0.98,147,0,639,292,280,39845888,39845888,CPU,0.0,0.0,0,0
101313656305,0,oracle_reserve_lru,admission,value_ranked_working_set,25596272640,9535750144,10172064006,13371441152,0,249561088,25845833728,0.9852567807611913,0.9619789283893737,1.0,0.98,268,121,-1,0,0,0,0,,0.0,0.0,1,146
101313656305,0,oracle_reserve_lru,reload,value_ranked_admission,25782919168,9722396672,10172064006,13197377536,0,0,25782919168,0.9828584446308519,0.9557938945591806,1.0,0.98,146,0,654,1324,290,174063616,174063616,CPU,0.0,0.0,0,0
101460639054,0,oracle_reserve_lru,admission,value_ranked_working_set,25703227392,9642704896,10172064006,13197377536,0,247463936,25950691328,0.9892540076450903,0.9722873181063623,1.0,0.98,266,120,-1,0,0,0,0,,0.0,0.0,1,145
101460639054,0,oracle_reserve_lru,reload,value_ranked_admission,25759850496,9699328000,10172064006,13155434496,0,0,25759850496,0.9819790547163941,0.9535260488214431,1.0,0.98,145,0,646,308,274,41943040,41943040,CPU,0.0,0.0,0,0
101499088191,0,oracle_reserve_lru,admission,value_ranked_working_set,25667575808,9607053312,10172064006,13155434496,0,249561088,25917136896,0.9879748950422426,0.968988633396926,1.0,0.98,265,120,-1,0,0,0,0,,0.0,0.0,1,144
101499088191,0,oracle_reserve_lru,reload,value_ranked_admission,25795502080,9734979584,10172064006,13048479744,0,0,25795502080,0.9833381118569198,0.9570309013252192,1.0,0.98,144,0,656,809,290,106954752,106954752,CPU,0.0,0.0,0,0
101618516635,0,oracle_reserve_lru,admission,value_ranked_working_set,25734684672,9674162176,10172064006,13048479744,0,247463936,25982148608,0.9904531757102599,0.9753798350214589,1.0,0.98,264,120,-1,0,0,0,0,,0.0,0.0,1,143
101618516635,0,oracle_reserve_lru,reload,value_ranked_admission,25793404928,9732882432,10172064006,13006536704,0,0,25793404928,0.9832581673192418,0.9568247335308795,1.0,0.98,143,0,636,309,275,41943040,41943040,CPU,0.0,0.0,0,0
101669263860,0,oracle_reserve_lru,admission,value_ranked_working_set,25728393216,9667870720,10172064006,13006536704,0,249561088,25977954304,0.990293286634904,0.9749674994327793,1.0,0.98,263,120,-1,0,0,0,0,,0.0,0.0,1,142
101669263860,0,oracle_reserve_lru,reload,value_ranked_admission,25791307776,9730785280,10172064006,12958302208,0,0,25791307776,0.9831782227815639,0.9566185657365397,1.0,0.98,142,0,632,355,278,48234496,48234496,CPU,0.0,0.0,0,0
102075250724,0,oracle_reserve_lru,admission,value_ranked_working_set,25738878976,9678356480,10172064006,12958302208,0,230686720,25969565696,0.9899735084841921,0.9741428282554202,1.0,0.98,260,118,-1,0,0,0,0,,0.0,0.0,1,141
102075250724,0,oracle_reserve_lru,reload,value_ranked_admission,25805987840,9745465344,10172064006,12910067712,0,0,25805987840,0.9837378345453097,0.958061740296918,1.0,0.98,141,0,614,363,288,48234496,48234496,CPU,0.0,0.0,0,0
102101543226,0,oracle_reserve_lru,admission,value_ranked_working_set,25522872320,9462349824,10172064006,12910067712,0,230686720,25753559040,0.9817392211033602,0.9529075454384238,1.0,0.98,258,117,-1,0,0,0,0,,0.0,0.0,2,139
102101543226,0,oracle_reserve_lru,reload,value_ranked_admission,25766141952,9705619456,10172064006,12670992384,0,0,25766141952,0.982218888329428,0.9541445522044624,1.0,0.98,139,0,688,1515,281,199229440,199229440,CPU,0.0,0.0,0,0
102101543226,0,oracle_reserve_lru,reload,value_ranked_admission,25766141952,9705619456,10172064006,12670992384,0,0,25766141952,0.982218888329428,0.9541445522044624,1.0,0.98,139,0,626,298,280,39845888,39845888,CPU,0.0,0.0,0,0
102127835728,0,oracle_reserve_lru,admission,value_ranked_working_set,25625632768,9565110272,10172064006,12670992384,0,234881024,25860513792,0.9858163925249371,0.9634221029497522,1.0,0.98,256,117,-1,0,0,0,0,,0.0,0.0,1,138
102127835728,0,oracle_reserve_lru,reload,value_ranked_admission,25797599232,9737076736,10172064006,12515803136,0,0,25797599232,0.9834180563945978,0.957237069119559,1.0,0.98,138,0,652,1174,288,155189248,155189248,CPU,0.0,0.0,0,0
102154128230,0,oracle_reserve_lru,admission,value_ranked_working_set,25636118528,9575596032,10172064006,12515803136,0,236978176,25873096704,0.986296059751005,0.9646591097157907,1.0,0.98,255,117,-1,0,0,0,0,,0.0,0.0,1,137
102154128230,0,oracle_reserve_lru,reload,value_ranked_admission,25791307776,9730785280,10172064006,12375293952,0,0,25791307776,0.9831782227815639,0.9566185657365397,1.0,0.98,137,0,645,1059,275,140509184,140509184,CPU,0.0,0.0,0,0
102395995774,0,oracle_reserve_lru,admission,value_ranked_working_set,25659187200,9598664704,10172064006,12375293952,0,224395264,25883582464,0.9866957824393949,0.9656899486874896,1.0,0.98,251,114,-1,0,0,0,0,,0.0,0.0,2,135
102395995774,0,oracle_reserve_lru,reload,value_ranked_admission,25795502080,9734979584,10172064006,12245270528,0,0,25795502080,0.9833381118569198,0.9570309013252192,1.0,0.98,135,0,630,636,282,83886080,83886080,CPU,0.0,0.0,0,0
102395995774,0,oracle_reserve_lru,reload,value_ranked_admission,25795502080,9734979584,10172064006,12245270528,0,0,25795502080,0.9833381118569198,0.9570309013252192,1.0,0.98,135,0,629,344,279,46137344,46137344,CPU,0.0,0.0,0,0
102448874290,0,oracle_reserve_lru,admission,value_ranked_working_set,25654992896,9594470400,10172064006,12245270528,0,224395264,25879388160,0.986535893364039,0.9652776130988101,1.0,0.98,250,115,-1,0,0,0,0,,0.0,0.0,2,133
102448874290,0,oracle_reserve_lru,reload,value_ranked_admission,25810182144,9749659648,10172064006,12106858496,0,0,25810182144,0.9838977236206656,0.9584740758855976,1.0,0.98,133,0,633,739,277,98566144,98566144,CPU,0.0,0.0,0,0
102448874290,0,oracle_reserve_lru,reload,value_ranked_admission,25810182144,9749659648,10172064006,12106858496,0,0,25810182144,0.9838977236206656,0.9584740758855976,1.0,0.98,133,0,590,299,280,39845888,39845888,CPU,0.0,0.0,0,0
102475319641,0,oracle_reserve_lru,admission,value_ranked_working_set,25434791936,9374269440,10172064006,12106858496,0,226492416,25661284352,0.9782216614455291,0.9438361624874738,1.0,0.98,246,113,-1,0,0,0,0,,0.0,0.0,3,130
102475319641,0,oracle_reserve_lru,reload,value_ranked_admission,25797599232,9737076736,10172064006,11756634112,0,0,25797599232,0.9834180563945978,0.957237069119559,1.0,0.98,130,0,622,1191,283,157286400,157286400,CPU,0.0,0.0,0,0
102475319641,0,oracle_reserve_lru,reload,value_ranked_admission,25797599232,9737076736,10172064006,11756634112,0,0,25797599232,0.9834180563945978,0.957237069119559,1.0,0.98,130,0,610,1161,276,153092096,153092096,CPU,0.0,0.0,0,0
102475319641,0,oracle_reserve_lru,reload,value_ranked_admission,25797599232,9737076736,10172064006,11756634112,0,0,25797599232,0.9834180563945978,0.957237069119559,1.0,0.98,130,0,592,292,278,39845888,39845888,CPU,0.0,0.0,0,0
102501764992,0,oracle_reserve_lru,admission,value_ranked_working_set,25726296064,9665773568,10172064006,11756634112,0,228589568,25954885632,0.9894138967204462,0.9726996536950419,1.0,0.98,245,115,-1,0,0,0,0,,0.0,0.0,1,129
102501764992,0,oracle_reserve_lru,reload,value_ranked_admission,25793404928,9732882432,10172064006,11710496768,0,0,25793404928,0.9832581673192418,0.9568247335308795,1.0,0.98,129,0,573,345,289,46137344,46137344,CPU,0.0,0.0,0,0
102581101045,0,oracle_reserve_lru,admission,value_ranked_working_set,25665478656,9604956160,10172064006,11710496768,0,226492416,25891971072,0.9870155605901069,0.9665146198648487,1.0,0.98,243,114,-1,0,0,0,0,,0.0,0.0,3,126
102581101045,0,oracle_reserve_lru,reload,value_ranked_admission,25812279296,9751756800,10172064006,11580473344,0,0,25812279296,0.9839776681583436,0.9586802436799374,1.0,0.98,126,0,574,368,287,48234496,48234496,CPU,0.0,0.0,0,0
102581101045,0,oracle_reserve_lru,reload,value_ranked_admission,25812279296,9751756800,10172064006,11580473344,0,0,25812279296,0.9839776681583436,0.9586802436799374,1.0,0.98,126,0,562,303,293,39845888,39845888,CPU,0.0,0.0,0,0
102581101045,0,oracle_reserve_lru,reload,value_ranked_admission,25812279296,9751756800,10172064006,11580473344,0,0,25812279296,0.9839776681583436,0.9586802436799374,1.0,0.98,126,0,483,306,284,41943040,41943040,CPU,0.0,0.0,0,0
102634061635,0,oracle_reserve_lru,admission,value_ranked_working_set,25600466944,9539944448,10172064006,11580473344,0,230686720,25831153664,0.9846971689974454,0.9605357538289954,1.0,0.98,241,115,-1,0,0,0,0,,0.0,0.0,1,125
102634061635,0,oracle_reserve_lru,reload,value_ranked_admission,25780822016,9720299520,10172064006,11418992640,0,0,25780822016,0.9827785000931739,0.9555877267648408,1.0,0.98,125,0,599,1223,273,161480704,161480704,CPU,0.0,0.0,0,0
102688700022,0,oracle_reserve_lru,admission,value_ranked_working_set,25709518848,9648996352,10172064006,11418992640,0,230686720,25940205568,0.9888542849567004,0.9712564791346634,1.0,0.98,240,115,-1,0,0,0,0,,0.0,0.0,1,124
102688700022,0,oracle_reserve_lru,reload,value_ranked_admission,25820667904,9760145408,10172064006,11333009408,0,0,25820667904,0.9842974463090556,0.9595049148572965,1.0,0.98,124,0,538,643,267,85983232,85983232,CPU,0.0,0.0,0,0
102715966732,0,oracle_reserve_lru,admission,value_ranked_working_set,25688547328,9628024832,10172064006,11333009408,0,230686720,25919234048,0.9880548395799206,0.9691948011912658,1.0,0.98,238,114,-1,0,0,0,0,,0.0,0.0,1,123
102715966732,0,oracle_reserve_lru,reload,value_ranked_admission,25795502080,9734979584,10172064006,11240734720,0,0,25795502080,0.9833381118569198,0.9570309013252192,1.0,0.98,123,0,273,689,546,92274688,92274688,CPU,0.0,0.0,0,0
102807185320,0,oracle_reserve_lru,admission,value_ranked_working_set,25730490368,9669967872,10172064006,11240734720,0,228589568,25959079936,0.9895737857958022,0.9731119892837213,1.0,0.98,237,114,-1,0,0,0,0,,0.0,0.0,1,122
102807185320,0,oracle_reserve_lru,reload,value_ranked_admission,25791307776,9730785280,10172064006,11194597376,0,0,25791307776,0.9831782227815639,0.9566185657365397,1.0,0.98,122,0,505,348,277,46137344,46137344,CPU,0.0,0.0,0,0
102869961795,0,oracle_reserve_lru,admission,value_ranked_working_set,25707421696,9646899200,10172064006,11194597376,0,224395264,25931816960,0.9885345068059884,0.9704318079573043,1.0,0.98,235,113,-1,0,0,0,0,,0.0,0.0,1,121
102869961795,0,oracle_reserve_lru,reload,value_ranked_admission,25801793536,9741271040,10172064006,11106516992,0,0,25801793536,0.9835779454699537,0.9576494047082386,1.0,0.98,121,0,214,661,548,88080384,88080384,CPU,0.0,0.0,0,0
102896481601,0,oracle_reserve_lru,admission,value_ranked_working_set,25514483712,9453961216,10172064006,11106516992,0,226492416,25740976128,0.9812595538772924,0.9516705386723852,1.0,0.98,232,111,-1,0,0,0,0,,0.0,0.0,2,119
102896481601,0,oracle_reserve_lru,reload,value_ranked_admission,25780822016,9720299520,10172064006,10852761600,0,0,25780822016,0.9827785000931739,0.9555877267648408,1.0,0.98,119,0,569,1032,290,136314880,136314880,CPU,0.0,0.0,0,0
102896481601,0,oracle_reserve_lru,reload,value_ranked_admission,25780822016,9720299520,10172064006,10852761600,0,0,25780822016,0.9827785000931739,0.9555877267648408,1.0,0.98,119,0,576,894,282,117440512,117440512,CPU,0.0,0.0,0,0
103055600437,0,oracle_reserve_lru,admission,value_ranked_working_set,25753559040,9693036544,10172064006,10852761600,0,218103808,25971662848,0.9900534530218701,0.97434899604976,1.0,0.98,230,111,-1,0,0,0,0,,0.0,0.0,1,118
103055600437,0,oracle_reserve_lru,reload,value_ranked_admission,25820667904,9760145408,10172064006,10802429952,0,0,25820667904,0.9842974463090556,0.9595049148572965,1.0,0.98,118,0,492,377,279,50331648,50331648,CPU,0.0,0.0,0,0
103082120243,0,oracle_reserve_lru,admission,value_ranked_working_set,25766141952,9705619456,10172064006,10802429952,0,218103808,25984245760,0.9905331202479379,0.9755860028157987,1.0,0.98,229,111,-1,0,0,0,0,,0.0,0.0,1,117
103082120243,0,oracle_reserve_lru,reload,value_ranked_admission,25831153664,9770631168,10172064006,10762584064,0,0,25831153664,0.9846971689974454,0.9605357538289954,1.0,0.98,117,0,479,303,282,39845888,39845888,CPU,0.0,0.0,0,0
103108640049,0,oracle_reserve_lru,admission,value_ranked_working_set,25684353024,9623830528,10172064006,10762584064,0,218103808,25902456832,0.9874152832784967,0.9675454588365475,1.0,0.98,227,110,-1,0,0,0,0,,0.0,0.0,1,116
103108640049,0,oracle_reserve_lru,reload,value_ranked_admission,25812279296,9751756800,10172064006,10657726464,0,0,25812279296,0.9839776681583436,0.9586802436799374,1.0,0.98,116,0,534,788,263,104857600,104857600,CPU,0.0,0.0,0,0
103135278757,0,oracle_reserve_lru,admission,value_ranked_working_set,25755656192,9695133696,10172064006,10657726464,0,216006656,25971662848,0.9900534530218701,0.97434899604976,1.0,0.98,226,110,-1,0,0,0,0,,0.0,0.0,1,115
103135278757,0,oracle_reserve_lru,reload,value_ranked_admission,25816473600,9755951104,10172064006,10607394816,0,0,25816473600,0.9841375572336996,0.9590925792686169,1.0,0.98,115,0,465,371,302,50331648,50331648,CPU,0.0,0.0,0,0
103188556173,0,oracle_reserve_lru,admission,value_ranked_working_set,25745170432,9684647936,10172064006,10607394816,0,218103808,25963274240,0.9897336748711582,0.9735243248724009,1.0,0.98,225,110,-1,0,0,0,0,,0.0,0.0,1,114
103188556173,0,oracle_reserve_lru,reload,value_ranked_admission,25818570752,9758048256,10172064006,10546577408,0,0,25818570752,0.9842175017713776,0.9592987470629567,1.0,0.98,114,0,482,463,285,60817408,60817408,CPU,0.0,0.0,0,0
103215194881,0,oracle_reserve_lru,admission,value_ranked_working_set,25764044800,9703522304,10172064006,10546577408,0,220200960,25984245760,0.9905331202479379,0.9755860028157987,1.0,0.98,224,110,-1,0,0,0,0,,0.0,0.0,1,113
103215194881,0,oracle_reserve_lru,reload,value_ranked_admission,25810182144,9749659648,10172064006,10506731520,0,0,25810182144,0.9838977236206656,0.9584740758855976,1.0,0.98,113,0,379,303,284,39845888,39845888,CPU,0.0,0.0,0,0
103241833589,0,oracle_reserve_lru,admission,value_ranked_working_set,25715810304,9655287808,10172064006,10506731520,0,222298112,25938108416,0.9887743404190223,0.9710503113403237,1.0,0.98,222,109,-1,0,0,0,0,,0.0,0.0,1,112
103241833589,0,oracle_reserve_lru,reload,value_ranked_admission,25808084992,9747562496,10172064006,10429136896,0,0,25808084992,0.9838177790829876,0.9582679080912578,1.0,0.98,112,0,240,581,570,77594624,77594624,CPU,0.0,0.0,0,0
103512158384,0,oracle_reserve_lru,admission,value_ranked_working_set,25738878976,9678356480,10172064006,10429136896,0,218103808,25956982784,0.9894938412581242,0.9729058214893817,1.0,0.98,219,107,-1,0,0,0,0,,0.0,0.0,1,111
103512158384,0,oracle_reserve_lru,reload,value_ranked_admission,25814376448,9753853952,10172064006,10376708096,0,0,25814376448,0.9840576126960215,0.9588864114742771,1.0,0.98,111,0,445,395,281,52428800,52428800,CPU,0.0,0.0,0,0
103538797092,0,oracle_reserve_lru,admission,value_ranked_working_set,25640312832,9579790336,10172064006,10376708096,0,213909504,25854222336,0.9855765589119032,0.9628035995667328,1.0,0.98,217,106,-1,0,0,0,0,,0.0,0.0,2,109
103538797092,0,oracle_reserve_lru,reload,value_ranked_admission,25816473600,9755951104,10172064006,10221518848,0,0,25816473600,0.9841375572336996,0.9590925792686169,1.0,0.98,109,0,537,789,260,104857600,104857600,CPU,0.0,0.0,0,0
103538797092,0,oracle_reserve_lru,reload,value_ranked_admission,25816473600,9755951104,10172064006,10221518848,0,0,25816473600,0.9841375572336996,0.9590925792686169,1.0,0.98,109,0,400,376,259,50331648,50331648,CPU,0.0,0.0,0,0
103567082200,0,oracle_reserve_lru,admission,value_ranked_working_set,25740976128,9680453632,10172064006,10221518848,0,216006656,25956982784,0.9894938412581242,0.9729058214893817,1.0,0.98,216,107,-1,0,0,0,0,,0.0,0.0,1,108
103567082200,0,oracle_reserve_lru,reload,value_ranked_admission,25797599232,9737076736,10172064006,10175381504,0,0,25797599232,0.9834180563945978,0.957237069119559,1.0,0.98,108,0,401,343,258,46137344,46137344,CPU,0.0,0.0,0,0
103677924732,0,oracle_reserve_lru,admission,value_ranked_working_set,25640312832,9579790336,10172064006,10175381504,0,213909504,25854222336,0.9855765589119032,0.9628035995667328,1.0,0.98,214,106,-1,0,0,0,0,,0.0,0.0,1,107
103677924732,0,oracle_reserve_lru,reload,value_ranked_admission,25795502080,9734979584,10172064006,10034872320,0,0,25795502080,0.9833381118569198,0.9570309013252192,1.0,0.98,107,0,533,1070,254,140509184,140509184,CPU,0.0,0.0,0,0
103704363990,0,oracle_reserve_lru,admission,value_ranked_working_set,25686450176,9625927680,10172064006,10034872320,0,213909504,25900359680,0.9873353387408188,0.9673392910422077,1.0,0.98,213,106,-1,0,0,0,0,,0.0,0.0,1,106
103704363990,0,oracle_reserve_lru,reload,value_ranked_admission,25808084992,9747562496,10172064006,9927917568,0,0,25808084992,0.9838177790829876,0.9582679080912578,1.0,0.98,106,0,227,802,538,106954752,106954752,CPU,0.0,0.0,0,0
103730803248,0,oracle_reserve_lru,admission,value_ranked_working_set,25761947648,9701425152,10172064006,9927917568,0,213909504,25975857152,0.990213342097226,0.9747613316384396,1.0,0.98,212,106,-1,0,0,0,0,,0.0,0.0,1,105
103730803248,0,oracle_reserve_lru,reload,value_ranked_admission,25818570752,9758048256,10172064006,9879683072,0,0,25818570752,0.9842175017713776,0.9592987470629567,1.0,0.98,105,0,375,366,287,48234496,48234496,CPU,0.0,0.0,0,0
103862999538,0,oracle_reserve_lru,admission,value_ranked_working_set,25545940992,9485418496,10172064006,9879683072,0,203423744,25749364736,0.9815793320280042,0.9524952098497442,1.0,0.98,209,104,-1,0,0,0,0,,0.0,0.0,2,103
103862999538,0,oracle_reserve_lru,reload,value_ranked_admission,25824862208,9764339712,10172064006,9604956160,0,0,25824862208,0.9844573353844115,0.959917250445976,1.0,0.98,103,0,568,1402,288,184549376,184549376,CPU,0.0,0.0,0,0
103862999538,0,oracle_reserve_lru,reload,value_ranked_admission,25824862208,9764339712,10172064006,9604956160,0,0,25824862208,0.9844573353844115,0.959917250445976,1.0,0.98,103,0,137,677,586,90177536,90177536,CPU,0.0,0.0,0,0
103889438796,0,oracle_reserve_lru,admission,value_ranked_working_set,25717907456,9657384960,10172064006,9604956160,0,207618048,25925525504,0.9882946731929545,0.969813304574285,1.0,0.98,208,105,-1,0,0,0,0,,0.0,0.0,1,102
103889438796,0,oracle_reserve_lru,reload,value_ranked_admission,25818570752,9758048256,10172064006,9512681472,0,0,25818570752,0.9842175017713776,0.9592987470629567,1.0,0.98,102,0,241,696,558,92274688,92274688,CPU,0.0,0.0,0,0
103997041678,0,oracle_reserve_lru,admission,value_ranked_working_set,25673867264,9613344768,10172064006,9512681472,0,203423744,25877291008,0.986455948826361,0.9650714453044703,1.0,0.98,206,104,-1,0,0,0,0,,0.0,0.0,2,100
103997041678,0,oracle_reserve_lru,reload,value_ranked_admission,25826959360,9766436864,10172064006,9367977984,0,0,25826959360,0.9845372799220895,0.9601234182403158,1.0,0.98,100,0,232,790,551,104857600,104857600,CPU,0.0,0.0,0,0
103997041678,0,oracle_reserve_lru,reload,value_ranked_admission,25826959360,9766436864,10172064006,9367977984,0,0,25826959360,0.9845372799220895,0.9601234182403158,1.0,0.98,100,0,382,299,283,39845888,39845888,CPU,0.0,0.0,0,0
104064386651,0,oracle_reserve_lru,admission,value_ranked_working_set,25673867264,9613344768,10172064006,9367977984,0,207618048,25881485312,0.9866158379017169,0.9654837808931498,1.0,0.98,205,105,-1,0,0,0,0,,0.0,0.0,1,99
104064386651,0,oracle_reserve_lru,reload,value_ranked_admission,25789210624,9728688128,10172064006,9263120384,0,0,25789210624,0.9830982782438858,0.9564123979421999,1.0,0.98,99,0,247,790,539,104857600,104857600,CPU,0.0,0.0,0,0
104090906457,0,oracle_reserve_lru,admission,value_ranked_working_set,25711616000,9651093504,10172064006,9263120384,0,207618048,25919234048,0.9880548395799206,0.9691948011912658,1.0,0.98,204,105,-1,0,0,0,0,,0.0,0.0,1,98
104090906457,0,oracle_reserve_lru,reload,value_ranked_admission,25814376448,9753853952,10172064006,9170845696,0,0,25814376448,0.9840576126960215,0.9588864114742771,1.0,0.98,98,0,493,691,279,92274688,92274688,CPU,0.0,0.0,0,0
104117629965,0,oracle_reserve_lru,admission,value_ranked_working_set,25671770112,9611247616,10172064006,9170845696,0,209715200,25881485312,0.9866158379017169,0.9654837808931498,1.0,0.98,203,105,-1,0,0,0,0,,0.0,0.0,1,97
104117629965,0,oracle_reserve_lru,reload,value_ranked_admission,25822765056,9762242560,10172064006,9036627968,0,0,25822765056,0.9843773908467335,0.9597110826516362,1.0,0.98,97,0,480,1024,286,134217728,134217728,CPU,0.0,0.0,0,0
104144353473,0,oracle_reserve_lru,admission,value_ranked_working_set,25688547328,9628024832,10172064006,9036627968,0,211812352,25900359680,0.9873353387408188,0.9673392910422077,1.0,0.98,201,104,-1,0,0,0,0,,0.0,0.0,1,96
104144353473,0,oracle_reserve_lru,reload,value_ranked_admission,25818570752,9758048256,10172064006,8921284608,0,0,25818570752,0.9842175017713776,0.9592987470629567,1.0,0.98,96,0,473,872,290,115343360,115343360,CPU,0.0,0.0,0,0
104197800489,0,oracle_reserve_lru,admission,value_ranked_working_set,25738878976,9678356480,10172064006,8921284608,0,209715200,25948594176,0.9891740631074123,0.9720811503120226,1.0,0.98,200,104,-1,0,0,0,0,,0.0,0.0,1,95
104197800489,0,oracle_reserve_lru,reload,value_ranked_admission,25791307776,9730785280,10172064006,8879341568,0,0,25791307776,0.9831782227815639,0.9566185657365397,1.0,0.98,95,0,363,310,293,41943040,41943040,CPU,0.0,0.0,0,0
104224523997,0,oracle_reserve_lru,admission,value_ranked_working_set,25703227392,9642704896,10172064006,8879341568,0,209715200,25912942592,0.9878150059668867,0.9685762978082464,1.0,0.98,199,104,-1,0,0,0,0,,0.0,0.0,1,94
104224523997,0,oracle_reserve_lru,reload,value_ranked_admission,25803890688,9743368192,10172064006,8795455488,0,0,25803890688,0.9836578900076317,0.9578555725025782,1.0,0.98,94,0,139,632,579,83886080,83886080,CPU,0.0,0.0,0,0
104304410271,0,oracle_reserve_lru,admission,value_ranked_working_set,25740976128,9680453632,10172064006,8795455488,0,209715200,25950691328,0.9892540076450903,0.9722873181063623,1.0,0.98,198,104,-1,0,0,0,0,,0.0,0.0,1,93
104304410271,0,oracle_reserve_lru,reload,value_ranked_admission,25797599232,9737076736,10172064006,8743026688,0,0,25797599232,0.9834180563945978,0.957237069119559,1.0,0.98,93,0,365,390,291,52428800,52428800,CPU,0.0,0.0,0,0
104357687687,0,oracle_reserve_lru,admission,value_ranked_working_set,25745170432,9684647936,10172064006,8743026688,0,211812352,25956982784,0.9894938412581242,0.9729058214893817,1.0,0.98,197,104,-1,0,0,0,0,,0.0,0.0,1,92
104357687687,0,oracle_reserve_lru,reload,value_ranked_admission,25805987840,9745465344,10172064006,8698986496,0,0,25805987840,0.9837378345453097,0.958061740296918,1.0,0.98,92,0,366,330,287,44040192,44040192,CPU,0.0,0.0,0,0
104468133023,0,oracle_reserve_lru,admission,value_ranked_working_set,25686450176,9625927680,10172064006,8698986496,0,207618048,25894068224,0.9870955051277849,0.9667207876591885,1.0,0.98,195,103,-1,0,0,0,0,,0.0,0.0,1,91
104468133023,0,oracle_reserve_lru,reload,value_ranked_admission,25833250816,9772728320,10172064006,8583643136,0,0,25833250816,0.9847771135351234,0.960741921623335,1.0,0.98,91,0,179,877,588,115343360,115343360,CPU,0.0,0.0,0,0
104521212676,0,oracle_reserve_lru,admission,value_ranked_working_set,25776627712,9716105216,10172064006,8583643136,0,205520896,25982148608,0.9904531757102599,0.9753798350214589,1.0,0.98,194,103,-1,0,0,0,0,,0.0,0.0,1,90
104521212676,0,oracle_reserve_lru,reload,value_ranked_admission,25824862208,9764339712,10172064006,8543797248,0,0,25824862208,0.9844573353844115,0.959917250445976,1.0,0.98,90,0,368,293,283,39845888,39845888,CPU,0.0,0.0,0,0
104591697720,0,oracle_reserve_lru,admission,value_ranked_working_set,25745170432,9684647936,10172064006,8543797248,0,205520896,25950691328,0.9892540076450903,0.9722873181063623,1.0,0.98,193,103,-1,0,0,0,0,,0.0,0.0,1,89
104591697720,0,oracle_reserve_lru,reload,value_ranked_admission,25803890688,9743368192,10172064006,8503951360,0,0,25803890688,0.9836578900076317,0.9578555725025782,1.0,0.98,89,0,374,290,281,39845888,39845888,CPU,0.0,0.0,0,0
104699698273,0,oracle_reserve_lru,admission,value_ranked_working_set,25690644480,9630121984,10172064006,8503951360,0,207618048,25898262528,0.9872553942031408,0.967133123247868,1.0,0.98,191,102,-1,0,0,0,0,,0.0,0.0,1,88
104699698273,0,oracle_reserve_lru,reload,value_ranked_admission,25814376448,9753853952,10172064006,8388608000,0,0,25814376448,0.9840576126960215,0.9588864114742771,1.0,0.98,88,0,427,879,283,115343360,115343360,CPU,0.0,0.0,0,0
104779444384,0,oracle_reserve_lru,admission,value_ranked_working_set,25640312832,9579790336,10172064006,8388608000,0,209715200,25850028032,0.9854166698365473,0.9623912639780533,1.0,0.98,189,101,-1,0,0,0,0,,0.0,0.0,1,87
104779444384,0,oracle_reserve_lru,reload,value_ranked_admission,25829056512,9768534016,10172064006,8214544384,0,0,25829056512,0.9846172244597674,0.9603295860346556,1.0,0.98,87,0,238,1317,546,174063616,174063616,CPU,0.0,0.0,0,0
104886375343,0,oracle_reserve_lru,admission,value_ranked_working_set,25764044800,9703522304,10172064006,8214544384,0,209715200,25973760000,0.9901333975595481,0.9745551638440998,1.0,0.98,188,101,-1,0,0,0,0,,0.0,0.0,1,86
104886375343,0,oracle_reserve_lru,reload,value_ranked_admission,25816473600,9755951104,10172064006,8172601344,0,0,25816473600,0.9841375572336996,0.9590925792686169,1.0,0.98,86,0,326,319,278,41943040,41943040,CPU,0.0,0.0,0,0
105123237998,0,oracle_reserve_lru,admission,value_ranked_working_set,25678061568,9617539072,10172064006,8172601344,0,195035136,25873096704,0.986296059751005,0.9646591097157907,1.0,0.98,186,100,-1,0,0,0,0,,0.0,0.0,1,85
105123237998,0,oracle_reserve_lru,reload,value_ranked_admission,25847930880,9787408384,10172064006,8019509248,0,0,25847930880,0.9853367252988693,0.9621850961837135,1.0,0.98,85,0,467,1159,298,153092096,153092096,CPU,0.0,0.0,0,0
105188804593,0,oracle_reserve_lru,admission,value_ranked_working_set,25703227392,9642704896,10172064006,8019509248,0,197132288,25900359680,0.9873353387408188,0.9673392910422077,1.0,0.98,184,99,-1,0,0,0,0,,0.0,0.0,1,84
105188804593,0,oracle_reserve_lru,reload,value_ranked_admission,25833250816,9772728320,10172064006,7897874432,0,0,25833250816,0.9847771135351234,0.960741921623335,1.0,0.98,84,0,421,923,255,121634816,121634816,CPU,0.0,0.0,0,0
105215167019,0,oracle_reserve_lru,admission,value_ranked_working_set,25701130240,9640607744,10172064006,7897874432,0,199229440,25900359680,0.9873353387408188,0.9673392910422077,1.0,0.98,183,99,-1,0,0,0,0,,0.0,0.0,1,83
105215167019,0,oracle_reserve_lru,reload,value_ranked_admission,25805987840,9745465344,10172064006,7811891200,0,0,25805987840,0.9837378345453097,0.958061740296918,1.0,0.98,83,0,383,645,280,85983232,85983232,CPU,0.0,0.0,0,0
105267891871,0,oracle_reserve_lru,admission,value_ranked_working_set,25583689728,9523167232,10172064006,7811891200,0,197132288,25780822016,0.9827785000931739,0.9555877267648408,1.0,0.98,181,98,-1,0,0,0,0,,0.0,0.0,2,81
105267891871,0,oracle_reserve_lru,reload,value_ranked_admission,25841639424,9781116928,10172064006,7568621568,0,0,25841639424,0.9850968916858354,0.9615665928006942,1.0,0.98,81,0,504,1206,277,159383552,159383552,CPU,0.0,0.0,0,0
105267891871,0,oracle_reserve_lru,reload,value_ranked_admission,25841639424,9781116928,10172064006,7568621568,0,0,25841639424,0.9850968916858354,0.9615665928006942,1.0,0.98,81,0,97,626,619,83886080,83886080,CPU,0.0,0.0,0,0
105320616723,0,oracle_reserve_lru,admission,value_ranked_working_set,25757753344,9697230848,10172064006,7568621568,0,201326592,25959079936,0.9895737857958022,0.9731119892837213,1.0,0.98,180,99,-1,0,0,0,0,,0.0,0.0,1,80
105320616723,0,oracle_reserve_lru,reload,value_ranked_admission,25826959360,9766436864,10172064006,7509901312,0,0,25826959360,0.9845372799220895,0.9601234182403158,1.0,0.98,80,0,336,442,287,58720256,58720256,CPU,0.0,0.0,0,0
105428914570,0,oracle_reserve_lru,admission,value_ranked_working_set,25753559040,9693036544,10172064006,7509901312,0,203423744,25956982784,0.9894938412581242,0.9729058214893817,1.0,0.98,178,98,-1,0,0,0,0,,0.0,0.0,1,79
105428914570,0,oracle_reserve_lru,reload,value_ranked_admission,25833250816,9772728320,10172064006,7442792448,0,0,25833250816,0.9847771135351234,0.960741921623335,1.0,0.98,79,0,354,500,282,67108864,67108864,CPU,0.0,0.0,0,0
105468118739,0,oracle_reserve_lru,admission,value_ranked_working_set,25778724864,9718202368,10172064006,7442792448,0,203423744,25982148608,0.9904531757102599,0.9753798350214589,1.0,0.98,177,98,-1,0,0,0,0,,0.0,0.0,1,78
105468118739,0,oracle_reserve_lru,reload,value_ranked_admission,25845833728,9785311232,10172064006,7398752256,0,0,25845833728,0.9852567807611913,0.9619789283893737,1.0,0.98,78,0,301,336,292,44040192,44040192,CPU,0.0,0.0,0,0
105573101632,0,oracle_reserve_lru,admission,value_ranked_working_set,25589981184,9529458688,10172064006,7398752256,0,201326592,25791307776,0.9831782227815639,0.9566185657365397,1.0,0.98,174,96,-1,0,0,0,0,,0.0,0.0,2,76
105573101632,0,oracle_reserve_lru,reload,value_ranked_admission,25833250816,9772728320,10172064006,7170162688,0,0,25833250816,0.9847771135351234,0.960741921623335,1.0,0.98,76,0,501,1276,272,167772160,167772160,CPU,0.0,0.0,0,0
105573101632,0,oracle_reserve_lru,reload,value_ranked_admission,25833250816,9772728320,10172064006,7170162688,0,0,25833250816,0.9847771135351234,0.960741921623335,1.0,0.98,76,0,304,461,299,60817408,60817408,CPU,0.0,0.0,0,0
105653624425,0,oracle_reserve_lru,admission,value_ranked_working_set,25757753344,9697230848,10172064006,7170162688,0,201326592,25959079936,0.9895737857958022,0.9731119892837213,1.0,0.98,173,97,-1,0,0,0,0,,0.0,0.0,1,75
105653624425,0,oracle_reserve_lru,reload,value_ranked_admission,25814376448,9753853952,10172064006,7124025344,0,0,25814376448,0.9840576126960215,0.9588864114742771,1.0,0.98,75,0,310,349,291,46137344,46137344,CPU,0.0,0.0,0,0
105807649517,0,oracle_reserve_lru,admission,value_ranked_working_set,25759850496,9699328000,10172064006,7124025344,0,199229440,25959079936,0.9895737857958022,0.9731119892837213,1.0,0.98,172,97,-1,0,0,0,0,,0.0,0.0,1,74
105807649517,0,oracle_reserve_lru,reload,value_ranked_admission,25805987840,9745465344,10172064006,7082082304,0,0,25805987840,0.9837378345453097,0.958061740296918,1.0,0.98,74,0,285,309,296,41943040,41943040,CPU,0.0,0.0,0,0
105884202564,0,oracle_reserve_lru,admission,value_ranked_working_set,25749364736,9688842240,10172064006,7082082304,0,199229440,25948594176,0.9891740631074123,0.9720811503120226,1.0,0.98,171,97,-1,0,0,0,0,,0.0,0.0,1,73
105884202564,0,oracle_reserve_lru,reload,value_ranked_admission,25839542272,9779019776,10172064006,7010779136,0,0,25839542272,0.9850169471481574,0.9613604250063544,1.0,0.98,73,0,307,538,293,71303168,71303168,CPU,0.0,0.0,0,0
105995393633,0,oracle_reserve_lru,admission,value_ranked_working_set,25726296064,9665773568,10172064006,7010779136,0,192937984,25919234048,0.9880548395799206,0.9691948011912658,1.0,0.98,170,97,-1,0,0,0,0,,0.0,0.0,1,72
105995393633,0,oracle_reserve_lru,reload,value_ranked_admission,25837445120,9776922624,10172064006,6910115840,0,0,25837445120,0.9849370026104793,0.9611542572120146,1.0,0.98,72,0,328,753,284,100663296,100663296,CPU,0.0,0.0,0,0
106050392384,0,oracle_reserve_lru,admission,value_ranked_working_set,25522872320,9462349824,10172064006,6910115840,0,195035136,25717907456,0.9803801639628346,0.9494026929346476,1.0,0.98,168,96,-1,0,0,0,0,,0.0,0.0,2,70
106050392384,0,oracle_reserve_lru,reload,value_ranked_admission,25829056512,9768534016,10172064006,6612320256,0,0,25829056512,0.9846172244597674,0.9603295860346556,1.0,0.98,70,0,477,1743,285,228589568,228589568,CPU,0.0,0.0,0,0
106050392384,0,oracle_reserve_lru,reload,value_ranked_admission,25829056512,9768534016,10172064006,6612320256,0,0,25829056512,0.9846172244597674,0.9603295860346556,1.0,0.98,70,0,312,521,291,69206016,69206016,CPU,0.0,0.0,0,0
106102560829,0,oracle_reserve_lru,admission,value_ranked_working_set,25776627712,9716105216,10172064006,6612320256,0,199229440,25975857152,0.990213342097226,0.9747613316384396,1.0,0.98,167,97,-1,0,0,0,0,,0.0,0.0,1,69
106102560829,0,oracle_reserve_lru,reload,value_ranked_admission,25831153664,9770631168,10172064006,6570377216,0,0,25831153664,0.9846971689974454,0.9605357538289954,1.0,0.98,69,0,286,315,295,41943040,41943040,CPU,0.0,0.0,0,0
106284524590,0,oracle_reserve_lru,admission,value_ranked_working_set,25732587520,9672065024,10172064006,6570377216,0,192937984,25925525504,0.9882946731929545,0.969813304574285,1.0,0.98,164,95,-1,0,0,0,0,,0.0,0.0,1,68
106284524590,0,oracle_reserve_lru,reload,value_ranked_admission,25824862208,9764339712,10172064006,6482296832,0,0,25824862208,0.9844573353844115,0.959917250445976,1.0,0.98,68,0,333,657,283,88080384,88080384,CPU,0.0,0.0,0,0
106310574133,0,oracle_reserve_lru,admission,value_ranked_working_set,25667575808,9607053312,10172064006,6482296832,0,195035136,25862610944,0.9858963370626151,0.9636282707440919,1.0,0.98,163,95,-1,0,0,0,0,,0.0,0.0,1,67
106310574133,0,oracle_reserve_lru,reload,value_ranked_admission,25818570752,9758048256,10172064006,6341787648,0,0,25818570752,0.9842175017713776,0.9592987470629567,1.0,0.98,67,0,447,1060,293,140509184,140509184,CPU,0.0,0.0,0,0
106362673219,0,oracle_reserve_lru,admission,value_ranked_working_set,25787113472,9726590976,10172064006,6341787648,0,192937984,25980051456,0.990373231172582,0.9751736672271191,1.0,0.98,162,95,-1,0,0,0,0,,0.0,0.0,1,66
106362673219,0,oracle_reserve_lru,reload,value_ranked_admission,25835347968,9774825472,10172064006,6301941760,0,0,25835347968,0.9848570580728014,0.9609480894176748,1.0,0.98,66,0,287,301,294,39845888,39845888,CPU,0.0,0.0,0,0
106400247986,0,oracle_reserve_lru,admission,value_ranked_working_set,25766141952,9705619456,10172064006,6301941760,0,195035136,25961177088,0.9896537303334801,0.9733181570780611,1.0,0.98,161,95,-1,0,0,0,0,,0.0,0.0,1,65
106400247986,0,oracle_reserve_lru,reload,value_ranked_admission,25829056512,9768534016,10172064006,6251610112,0,0,25829056512,0.9846172244597674,0.9603295860346556,1.0,0.98,65,0,264,376,302,50331648,50331648,CPU,0.0,0.0,0,0
106479992588,0,oracle_reserve_lru,admission,value_ranked_working_set,25753559040,9693036544,10172064006,6251610112,0,195035136,25948594176,0.9891740631074123,0.9720811503120226,1.0,0.98,160,95,-1,0,0,0,0,,0.0,0.0,1,64
106479992588,0,oracle_reserve_lru,reload,value_ranked_admission,25831153664,9770631168,10172064006,6182404096,0,0,25831153664,0.9846971689974454,0.9605357538289954,1.0,0.98,64,0,292,526,290,69206016,69206016,CPU,0.0,0.0,0,0
106533155656,0,oracle_reserve_lru,admission,value_ranked_working_set,25757753344,9697230848,10172064006,6182404096,0,197132288,25954885632,0.9894138967204462,0.9726996536950419,1.0,0.98,159,95,-1,0,0,0,0,,0.0,0.0,1,63
106533155656,0,oracle_reserve_lru,reload,value_ranked_admission,25812279296,9751756800,10172064006,6142558208,0,0,25812279296,0.9839776681583436,0.9586802436799374,1.0,0.98,63,0,271,303,289,39845888,39845888,CPU,0.0,0.0,0,0
106745807928,0,oracle_reserve_lru,admission,value_ranked_working_set,25782919168,9722396672,10172064006,6142558208,0,195035136,25977954304,0.990293286634904,0.9749674994327793,1.0,0.98,157,94,-1,0,0,0,0,,0.0,0.0,1,62
106745807928,0,oracle_reserve_lru,reload,value_ranked_admission,25833250816,9772728320,10172064006,6102712320,0,0,25833250816,0.9847771135351234,0.960741921623335,1.0,0.98,62,0,198,289,280,39845888,39845888,CPU,0.0,0.0,0,0
106798970996,0,oracle_reserve_lru,admission,value_ranked_working_set,25787113472,9726590976,10172064006,6102712320,0,197132288,25984245760,0.9905331202479379,0.9755860028157987,1.0,0.98,156,94,-1,0,0,0,0,,0.0,0.0,1,61
106798970996,0,oracle_reserve_lru,reload,value_ranked_admission,25835347968,9774825472,10172064006,6062866432,0,0,25835347968,0.9848570580728014,0.9609480894176748,1.0,0.98,61,0,200,292,275,39845888,39845888,CPU,0.0,0.0,0,0
106953145416,0,oracle_reserve_lru,admission,value_ranked_working_set,25678061568,9617539072,10172064006,6062866432,0,195035136,25873096704,0.986296059751005,0.9646591097157907,1.0,0.98,155,94,-1,0,0,0,0,,0.0,0.0,1,60
106953145416,0,oracle_reserve_lru,reload,value_ranked_admission,25826959360,9766436864,10172064006,5930745856,0,0,25826959360,0.9845372799220895,0.9601234182403158,1.0,0.98,60,0,415,1005,250,132120576,132120576,CPU,0.0,0.0,0,0
106979223004,0,oracle_reserve_lru,admission,value_ranked_working_set,25782919168,9722396672,10172064006,5930745856,0,197132288,25980051456,0.990373231172582,0.9751736672271191,1.0,0.98,154,94,-1,0,0,0,0,,0.0,0.0,1,59
106979223004,0,oracle_reserve_lru,reload,value_ranked_admission,25841639424,9781116928,10172064006,5886705664,0,0,25841639424,0.9850968916858354,0.9615665928006942,1.0,0.98,59,0,150,329,316,44040192,44040192,CPU,0.0,0.0,0,0
107404808015,0,oracle_reserve_lru,admission,value_ranked_working_set,25751461888,9690939392,10172064006,5886705664,0,180355072,25931816960,0.9885345068059884,0.9704318079573043,1.0,0.98,150,91,-1,0,0,0,0,,0.0,0.0,1,58
107404808015,0,oracle_reserve_lru,reload,value_ranked_admission,25843736576,9783214080,10172064006,5807013888,0,0,25843736576,0.9851768362235133,0.9617727605950339,1.0,0.98,58,0,321,606,287,79691776,79691776,CPU,0.0,0.0,0,0
107431174701,0,oracle_reserve_lru,admission,value_ranked_working_set,25736781824,9676259328,10172064006,5807013888,0,182452224,25919234048,0.9880548395799206,0.9691948011912658,1.0,0.98,149,91,-1,0,0,0,0,,0.0,0.0,1,57
107431174701,0,oracle_reserve_lru,reload,value_ranked_admission,25829056512,9768534016,10172064006,5727322112,0,0,25829056512,0.9846172244597674,0.9603295860346556,1.0,0.98,57,0,315,600,288,79691776,79691776,CPU,0.0,0.0,0,0
107584821351,0,oracle_reserve_lru,admission,value_ranked_working_set,25757753344,9697230848,10172064006,5727322112,0,184549376,25942302720,0.9889342294943784,0.9714626469290032,1.0,0.98,147,90,-1,0,0,0,0,,0.0,0.0,1,56
107584821351,0,oracle_reserve_lru,reload,value_ranked_admission,25854222336,9793699840,10172064006,5647630336,0,0,25854222336,0.9855765589119032,0.9628035995667328,1.0,0.98,56,0,263,603,303,79691776,79691776,CPU,0.0,0.0,0,0
107643859328,0,oracle_reserve_lru,admission,value_ranked_working_set,25766141952,9705619456,10172064006,5647630336,0,182452224,25948594176,0.9891740631074123,0.9720811503120226,1.0,0.98,146,90,-1,0,0,0,0,,0.0,0.0,1,55
107643859328,0,oracle_reserve_lru,reload,value_ranked_admission,25854222336,9793699840,10172064006,5570035712,0,0,25854222336,0.9855765589119032,0.9628035995667328,1.0,0.98,55,0,270,578,292,77594624,77594624,CPU,0.0,0.0,0,0
107696905171,0,oracle_reserve_lru,admission,value_ranked_working_set,25774530560,9714008064,10172064006,5570035712,0,184549376,25959079936,0.9895737857958022,0.9731119892837213,1.0,0.98,145,90,-1,0,0,0,0,,0.0,0.0,1,54
107696905171,0,oracle_reserve_lru,reload,value_ranked_admission,25835347968,9774825472,10172064006,5517606912,0,0,25835347968,0.9848570580728014,0.9609480894176748,1.0,0.98,54,0,199,396,277,52428800,52428800,CPU,0.0,0.0,0,0
107753312893,0,oracle_reserve_lru,admission,value_ranked_working_set,25734684672,9674162176,10172064006,5517606912,0,184549376,25919234048,0.9880548395799206,0.9691948011912658,1.0,0.98,144,90,-1,0,0,0,0,,0.0,0.0,1,53
107753312893,0,oracle_reserve_lru,reload,value_ranked_admission,25833250816,9772728320,10172064006,5427429376,0,0,25833250816,0.9847771135351234,0.960741921623335,1.0,0.98,53,0,299,680,292,90177536,90177536,CPU,0.0,0.0,0,0
107844997349,0,oracle_reserve_lru,admission,value_ranked_working_set,25772433408,9711910912,10172064006,5427429376,0,184549376,25956982784,0.9894938412581242,0.9729058214893817,1.0,0.98,143,90,-1,0,0,0,0,,0.0,0.0,1,52
107844997349,0,oracle_reserve_lru,reload,value_ranked_admission,25839542272,9779019776,10172064006,5377097728,0,0,25839542272,0.9850169471481574,0.9613604250063544,1.0,0.98,52,0,152,381,315,50331648,50331648,CPU,0.0,0.0,0,0
107907154012,0,oracle_reserve_lru,admission,value_ranked_working_set,25728393216,9667870720,10172064006,5377097728,0,182452224,25910845440,0.9877350614292086,0.9683701300139066,1.0,0.98,142,90,-1,0,0,0,0,,0.0,0.0,1,51
107907154012,0,oracle_reserve_lru,reload,value_ranked_admission,25854222336,9793699840,10172064006,5263851520,0,0,25854222336,0.9855765589119032,0.9628035995667328,1.0,0.98,51,0,332,858,283,113246208,113246208,CPU,0.0,0.0,0,0
108014342240,0,oracle_reserve_lru,admission,value_ranked_working_set,25696935936,9636413440,10172064006,5263851520,0,180355072,25877291008,0.986455948826361,0.9650714453044703,1.0,0.98,140,89,-1,0,0,0,0,,0.0,0.0,1,50
108014342240,0,oracle_reserve_lru,reload,value_ranked_admission,25858416640,9797894144,10172064006,5114953728,0,0,25858416640,0.9857364479872591,0.9632159351554124,1.0,0.98,50,0,357,1128,285,148897792,148897792,CPU,0.0,0.0,0,0
108067050516,0,oracle_reserve_lru,admission,value_ranked_working_set,25654992896,9594470400,10172064006,5114953728,0,171966464,25826959360,0.9845372799220895,0.9601234182403158,1.0,0.98,138,88,-1,0,0,0,0,,0.0,0.0,1,49
108067050516,0,oracle_reserve_lru,reload,value_ranked_admission,25839542272,9779019776,10172064006,4938792960,0,0,25839542272,0.9850169471481574,0.9613604250063544,1.0,0.98,49,0,457,1337,289,176160768,176160768,CPU,0.0,0.0,0,0
108093404654,0,oracle_reserve_lru,admission,value_ranked_working_set,25583689728,9523167232,10172064006,4938792960,0,174063616,25757753344,0.9818991101787161,0.9533198810271033,1.0,0.98,137,88,-1,0,0,0,0,,0.0,0.0,2,47
108093404654,0,oracle_reserve_lru,reload,value_ranked_admission,25820667904,9760145408,10172064006,4712300544,0,0,25820667904,0.9842974463090556,0.9595049148572965,1.0,0.98,47,0,448,1395,292,184549376,184549376,CPU,0.0,0.0,0,0
108093404654,0,oracle_reserve_lru,reload,value_ranked_admission,25820667904,9760145408,10172064006,4712300544,0,0,25820667904,0.9842974463090556,0.9595049148572965,1.0,0.98,47,0,160,307,296,41943040,41943040,CPU,0.0,0.0,0,0
108119758792,0,oracle_reserve_lru,admission,value_ranked_working_set,25761947648,9701425152,10172064006,4712300544,0,178257920,25940205568,0.9888542849567004,0.9712564791346634,1.0,0.98,136,89,-1,0,0,0,0,,0.0,0.0,1,46
108119758792,0,oracle_reserve_lru,reload,value_ranked_admission,25862610944,9802088448,10172064006,4626317312,0,0,25862610944,0.9858963370626151,0.9636282707440919,1.0,0.98,46,0,205,645,271,85983232,85983232,CPU,0.0,0.0,0,0
108146112930,0,oracle_reserve_lru,admission,value_ranked_working_set,25795502080,9734979584,10172064006,4626317312,0,176160768,25971662848,0.9900534530218701,0.97434899604976,1.0,0.98,135,89,-1,0,0,0,0,,0.0,0.0,1,45
108146112930,0,oracle_reserve_lru,reload,value_ranked_admission,25843736576,9783214080,10172064006,4584374272,0,0,25843736576,0.9851768362235133,0.9617727605950339,1.0,0.98,45,0,161,313,293,41943040,41943040,CPU,0.0,0.0,0,0
108172467068,0,oracle_reserve_lru,admission,value_ranked_working_set,25787113472,9726590976,10172064006,4584374272,0,178257920,25965371392,0.9898136194088362,0.9737304926667407,1.0,0.98,134,89,-1,0,0,0,0,,0.0,0.0,1,44
108172467068,0,oracle_reserve_lru,reload,value_ranked_admission,25841639424,9781116928,10172064006,4542431232,0,0,25841639424,0.9850968916858354,0.9615665928006942,1.0,0.98,44,0,165,306,288,41943040,41943040,CPU,0.0,0.0,0,0
108242628545,0,oracle_reserve_lru,admission,value_ranked_working_set,25669672960,9609150464,10172064006,4542431232,0,174063616,25843736576,0.9851768362235133,0.9617727605950339,1.0,0.98,133,89,-1,0,0,0,0,,0.0,0.0,1,43
108242628545,0,oracle_reserve_lru,reload,value_ranked_admission,25850028032,9789505536,10172064006,4378853376,0,0,25850028032,0.9854166698365473,0.9623912639780533,1.0,0.98,43,0,407,1243,257,163577856,163577856,CPU,0.0,0.0,0,0
108278719253,0,oracle_reserve_lru,admission,value_ranked_working_set,25768239104,9707716608,10172064006,4378853376,0,176160768,25944399872,0.9890141740320564,0.971668814723343,1.0,0.98,132,89,-1,0,0,0,0,,0.0,0.0,1,42
108278719253,0,oracle_reserve_lru,reload,value_ranked_admission,25826959360,9766436864,10172064006,4330618880,0,0,25826959360,0.9845372799220895,0.9601234182403158,1.0,0.98,42,0,128,355,333,48234496,48234496,CPU,0.0,0.0,0,0
108305358840,0,oracle_reserve_lru,admission,value_ranked_working_set,25550135296,9489612800,10172064006,4330618880,0,178257920,25728393216,0.9807798866512244,0.9504335319063465,1.0,0.98,129,87,-1,0,0,0,0,,0.0,0.0,2,40
108305358840,0,oracle_reserve_lru,reload,value_ranked_admission,25843736576,9783214080,10172064006,4051697664,0,0,25843736576,0.9851768362235133,0.9617727605950339,1.0,0.98,40,0,418,1664,249,218103808,218103808,CPU,0.0,0.0,0,0
108305358840,0,oracle_reserve_lru,reload,value_ranked_admission,25843736576,9783214080,10172064006,4051697664,0,0,25843736576,0.9851768362235133,0.9617727605950339,1.0,0.98,40,0,129,458,331,60817408,60817408,CPU,0.0,0.0,0,0
108490320881,0,oracle_reserve_lru,admission,value_ranked_working_set,25602564096,9542041600,10172064006,4051697664,0,174063616,25776627712,0.982618611017818,0.9551753911761612,1.0,0.98,127,87,-1,0,0,0,0,,0.0,0.0,2,38
108490320881,0,oracle_reserve_lru,reload,value_ranked_admission,25845833728,9785311232,10172064006,3818913792,0,0,25845833728,0.9852567807611913,0.9619789283893737,1.0,0.98,38,0,410,1374,256,180355072,180355072,CPU,0.0,0.0,0,0
108490320881,0,oracle_reserve_lru,reload,value_ranked_admission,25845833728,9785311232,10172064006,3818913792,0,0,25845833728,0.9852567807611913,0.9619789283893737,1.0,0.98,38,0,107,385,368,52428800,52428800,CPU,0.0,0.0,0,0
108595364161,0,oracle_reserve_lru,admission,value_ranked_working_set,25768239104,9707716608,10172064006,3818913792,0,176160768,25944399872,0.9890141740320564,0.971668814723343,1.0,0.98,126,88,-1,0,0,0,0,,0.0,0.0,1,37
108595364161,0,oracle_reserve_lru,reload,value_ranked_admission,25824862208,9764339712,10172064006,3768582144,0,0,25824862208,0.9844573353844115,0.959917250445976,1.0,0.98,37,0,110,382,368,50331648,50331648,CPU,0.0,0.0,0,0
108657842872,0,oracle_reserve_lru,admission,value_ranked_working_set,25766141952,9705619456,10172064006,3768582144,0,178257920,25944399872,0.9890141740320564,0.971668814723343,1.0,0.98,125,88,-1,0,0,0,0,,0.0,0.0,1,36
108657842872,0,oracle_reserve_lru,reload,value_ranked_admission,25822765056,9762242560,10172064006,3720347648,0,0,25822765056,0.9843773908467335,0.9597110826516362,1.0,0.98,36,0,115,366,357,48234496,48234496,CPU,0.0,0.0,0,0
108685151912,0,oracle_reserve_lru,admission,value_ranked_working_set,25675964416,9615441920,10172064006,3720347648,0,176160768,25852125184,0.9854966143742252,0.962597431772393,1.0,0.98,123,87,-1,0,0,0,0,,0.0,0.0,1,35
108685151912,0,oracle_reserve_lru,reload,value_ranked_admission,25856319488,9795796992,10172064006,3556769792,0,0,25856319488,0.9856565034495812,0.9630097673610726,1.0,0.98,35,0,341,1233,285,163577856,163577856,CPU,0.0,0.0,0,0
108712460952,0,oracle_reserve_lru,admission,value_ranked_working_set,25743073280,9682550784,10172064006,3556769792,0,178257920,25921331200,0.9881347841175986,0.9694009689856055,1.0,0.98,122,87,-1,0,0,0,0,,0.0,0.0,1,34
108712460952,0,oracle_reserve_lru,reload,value_ranked_admission,25845833728,9785311232,10172064006,3466592256,0,0,25845833728,0.9852567807611913,0.9619789283893737,1.0,0.98,34,0,208,679,293,90177536,90177536,CPU,0.0,0.0,0,0
108765373176,0,oracle_reserve_lru,admission,value_ranked_working_set,25791307776,9730785280,10172064006,3466592256,0,176160768,25967468544,0.9898935639465141,0.9739366604610805,1.0,0.98,121,87,-1,0,0,0,0,,0.0,0.0,1,33
108765373176,0,oracle_reserve_lru,reload,value_ranked_admission,25852125184,9791602688,10172064006,3418357760,0,0,25852125184,0.9854966143742252,0.962597431772393,1.0,0.98,33,0,117,363,352,48234496,48234496,CPU,0.0,0.0,0,0
108791829288,0,oracle_reserve_lru,admission,value_ranked_working_set,25665478656,9604956160,10172064006,3418357760,0,178257920,25843736576,0.9851768362235133,0.9617727605950339,1.0,0.98,120,87,-1,0,0,0,0,,0.0,0.0,2,31
108791829288,0,oracle_reserve_lru,reload,value_ranked_admission,25856319488,9795796992,10172064006,3240099840,0,0,25856319488,0.9856565034495812,0.9630097673610726,1.0,0.98,31,0,293,1002,294,132120576,132120576,CPU,0.0,0.0,0,0
108791829288,0,oracle_reserve_lru,reload,value_ranked_admission,25856319488,9795796992,10172064006,3240099840,0,0,25856319488,0.9856565034495812,0.9630097673610726,1.0,0.98,31,0,120,350,339,46137344,46137344,CPU,0.0,0.0,0,0
108880674481,0,oracle_reserve_lru,admission,value_ranked_working_set,25791307776,9730785280,10172064006,3240099840,0,180355072,25971662848,0.9900534530218701,0.97434899604976,1.0,0.98,119,88,-1,0,0,0,0,,0.0,0.0,1,30
108880674481,0,oracle_reserve_lru,reload,value_ranked_admission,25854222336,9793699840,10172064006,3189768192,0,0,25854222336,0.9855765589119032,0.9628035995667328,1.0,0.98,30,0,119,380,344,50331648,50331648,CPU,0.0,0.0,0,0
108935129953,0,oracle_reserve_lru,admission,value_ranked_working_set,25785016320,9724493824,10172064006,3189768192,0,180355072,25965371392,0.9898136194088362,0.9737304926667407,1.0,0.98,118,88,-1,0,0,0,0,,0.0,0.0,1,29
108935129953,0,oracle_reserve_lru,reload,value_ranked_admission,25843736576,9783214080,10172064006,3143630848,0,0,25843736576,0.9851768362235133,0.9617727605950339,1.0,0.98,29,0,124,352,331,46137344,46137344,CPU,0.0,0.0,0,0
108961987653,0,oracle_reserve_lru,admission,value_ranked_working_set,25778724864,9718202368,10172064006,3143630848,0,180355072,25959079936,0.9895737857958022,0.9731119892837213,1.0,0.98,117,88,-1,0,0,0,0,,0.0,0.0,1,28
108961987653,0,oracle_reserve_lru,reload,value_ranked_admission,25837445120,9776922624,10172064006,3097493504,0,0,25837445120,0.9849370026104793,0.9611542572120146,1.0,0.98,28,0,126,345,329,46137344,46137344,CPU,0.0,0.0,0,0
109269838368,0,oracle_reserve_lru,admission,value_ranked_working_set,25642409984,9581887488,10172064006,3097493504,0,174063616,25816473600,0.9841375572336996,0.9590925792686169,1.0,0.98,114,86,-1,0,0,0,0,,0.0,0.0,2,26
109269838368,0,oracle_reserve_lru,reload,value_ranked_admission,25854222336,9793699840,10172064006,2898264064,0,0,25854222336,0.9855765589119032,0.9628035995667328,1.0,0.98,26,0,229,1134,279,148897792,148897792,CPU,0.0,0.0,0,0
109269838368,0,oracle_reserve_lru,reload,value_ranked_admission,25854222336,9793699840,10172064006,2898264064,0,0,25854222336,0.9855765589119032,0.9628035995667328,1.0,0.98,26,0,103,384,340,50331648,50331648,CPU,0.0,0.0,0,0
109398488807,0,oracle_reserve_lru,admission,value_ranked_working_set,25768239104,9707716608,10172064006,2898264064,0,178257920,25946497024,0.9890941185697343,0.9718749825176828,1.0,0.98,113,87,-1,0,0,0,0,,0.0,0.0,1,25
109398488807,0,oracle_reserve_lru,reload,value_ranked_admission,25835347968,9774825472,10172064006,2843738112,0,0,25835347968,0.9848570580728014,0.9609480894176748,1.0,0.98,25,0,106,404,340,54525952,54525952,CPU,0.0,0.0,0,0
109475780408,0,oracle_reserve_lru,admission,value_ranked_working_set,25722101760,9661579264,10172064006,2843738112,0,174063616,25896165376,0.9871754496654628,0.9669269554535282,1.0,0.98,112,87,-1,0,0,0,0,,0.0,0.0,1,24
109475780408,0,oracle_reserve_lru,reload,value_ranked_admission,25850028032,9789505536,10172064006,2722103296,0,0,25850028032,0.9854166698365473,0.9623912639780533,1.0,0.98,24,0,178,924,286,121634816,121634816,CPU,0.0,0.0,0,0
109501544275,0,oracle_reserve_lru,admission,value_ranked_working_set,25785016320,9724493824,10172064006,2722103296,0,174063616,25959079936,0.9895737857958022,0.9731119892837213,1.0,0.98,111,87,-1,0,0,0,0,,0.0,0.0,1,23
109501544275,0,oracle_reserve_lru,reload,value_ranked_admission,25847930880,9787408384,10172064006,2669674496,0,0,25847930880,0.9853367252988693,0.9621850961837135,1.0,0.98,23,0,80,395,372,52428800,52428800,CPU,0.0,0.0,0,0
109572951705,0,oracle_reserve_lru,admission,value_ranked_working_set,25667575808,9607053312,10172064006,2669674496,0,176160768,25843736576,0.9851768362235133,0.9617727605950339,1.0,0.98,110,87,-1,0,0,0,0,,0.0,0.0,1,22
109572951705,0,oracle_reserve_lru,reload,value_ranked_admission,25829056512,9768534016,10172064006,2520776704,0,0,25829056512,0.9846172244597674,0.9603295860346556,1.0,0.98,22,0,203,1134,272,148897792,148897792,CPU,0.0,0.0,0,0
109733011485,0,oracle_reserve_lru,admission,value_ranked_working_set,25520775168,9460252672,10172064006,2520776704,0,178257920,25699033088,0.9796606631237327,0.9475471827855897,1.0,0.98,107,85,-1,0,0,0,0,,0.0,0.0,2,20
109733011485,0,oracle_reserve_lru,reload,value_ranked_admission,25839542272,9779019776,10172064006,2214592512,0,0,25839542272,0.9850169471481574,0.9613604250063544,1.0,0.98,20,0,190,1615,281,211812352,211812352,CPU,0.0,0.0,0,0
109733011485,0,oracle_reserve_lru,reload,value_ranked_admission,25839542272,9779019776,10172064006,2214592512,0,0,25839542272,0.9850169471481574,0.9613604250063544,1.0,0.98,20,0,148,705,320,94371840,94371840,CPU,0.0,0.0,0,0
110023020573,0,oracle_reserve_lru,admission,value_ranked_working_set,25770336256,9709813760,10172064006,2214592512,0,176160768,25946497024,0.9890941185697343,0.9718749825176828,1.0,0.98,106,86,-1,0,0,0,0,,0.0,0.0,1,19
110023020573,0,oracle_reserve_lru,reload,value_ranked_admission,25835347968,9774825472,10172064006,2162163712,0,0,25835347968,0.9848570580728014,0.9609480894176748,1.0,0.98,19,0,86,398,364,52428800,52428800,CPU,0.0,0.0,0,0
110161434553,0,oracle_reserve_lru,admission,value_ranked_working_set,25667575808,9607053312,10172064006,2162163712,0,171966464,25839542272,0.9850169471481574,0.9613604250063544,1.0,0.98,104,85,-1,0,0,0,0,,0.0,0.0,2,17
110161434553,0,oracle_reserve_lru,reload,value_ranked_admission,25862610944,9802088448,10172064006,1979711488,0,0,25862610944,0.9858963370626151,0.9636282707440919,1.0,0.98,17,0,166,1022,289,134217728,134217728,CPU,0.0,0.0,0,0
110161434553,0,oracle_reserve_lru,reload,value_ranked_admission,25862610944,9802088448,10172064006,1979711488,0,0,25862610944,0.9858963370626151,0.9636282707440919,1.0,0.98,17,0,89,366,354,48234496,48234496,CPU,0.0,0.0,0,0
110197372421,0,oracle_reserve_lru,admission,value_ranked_working_set,25753559040,9693036544,10172064006,1979711488,0,171966464,25925525504,0.9882946731929545,0.969813304574285,1.0,0.98,103,86,-1,0,0,0,0,,0.0,0.0,1,16
110197372421,0,oracle_reserve_lru,reload,value_ranked_admission,25858416640,9797894144,10172064006,1889533952,0,0,25858416640,0.9857364479872591,0.9632159351554124,1.0,0.98,16,0,140,677,315,90177536,90177536,CPU,0.0,0.0,0,0
110260525705,0,oracle_reserve_lru,admission,value_ranked_working_set,25743073280,9682550784,10172064006,1889533952,0,171966464,25915039744,0.9878949505045647,0.9687824656025862,1.0,0.98,102,86,-1,0,0,0,0,,0.0,0.0,1,15
110260525705,0,oracle_reserve_lru,reload,value_ranked_admission,25866805248,9806282752,10172064006,1782579200,0,0,25866805248,0.9860562261379711,0.9640406063327714,1.0,0.98,15,0,141,815,315,106954752,106954752,CPU,0.0,0.0,0,0
110444282788,0,oracle_reserve_lru,admission,value_ranked_working_set,25753559040,9693036544,10172064006,1782579200,0,167772160,25921331200,0.9881347841175986,0.9694009689856055,1.0,0.98,99,84,-1,0,0,0,0,,0.0,0.0,1,14
110444282788,0,oracle_reserve_lru,reload,value_ranked_admission,25837445120,9776922624,10172064006,1700790272,0,0,25837445120,0.9849370026104793,0.9611542572120146,1.0,0.98,14,0,88,621,355,81788928,81788928,CPU,0.0,0.0,0,0
110479753114,0,oracle_reserve_lru,admission,value_ranked_working_set,25778724864,9718202368,10172064006,1700790272,0,169869312,25948594176,0.9891740631074123,0.9720811503120226,1.0,0.98,98,84,-1,0,0,0,0,,0.0,0.0,1,13
110479753114,0,oracle_reserve_lru,reload,value_ranked_admission,25845833728,9785311232,10172064006,1644167168,0,0,25845833728,0.9852567807611913,0.9619789283893737,1.0,0.98,13,0,79,417,366,56623104,56623104,CPU,0.0,0.0,0,0
110671935756,0,oracle_reserve_lru,admission,value_ranked_working_set,25724198912,9663676416,10172064006,1644167168,0,167772160,25891971072,0.9870155605901069,0.9665146198648487,1.0,0.98,96,83,-1,0,0,0,0,,0.0,0.0,1,12
110671935756,0,oracle_reserve_lru,reload,value_ranked_admission,25839542272,9779019776,10172064006,1543503872,0,0,25839542272,0.9850169471481574,0.9613604250063544,1.0,0.98,12,0,78,767,367,100663296,100663296,CPU,0.0,0.0,0,0
110751995998,0,oracle_reserve_lru,admission,value_ranked_working_set,25483026432,9422503936,10172064006,1543503872,0,161480704,25644507136,0.9775821051441053,0.9421868201327557,1.0,0.98,93,81,-1,0,0,0,0,,0.0,0.0,2,10
110751995998,0,oracle_reserve_lru,reload,value_ranked_admission,25820667904,9760145408,10172064006,1218445312,0,0,25820667904,0.9842974463090556,0.9595049148572965,1.0,0.98,10,0,134,1432,321,188743680,188743680,CPU,0.0,0.0,0,0
110751995998,0,oracle_reserve_lru,reload,value_ranked_admission,25820667904,9760145408,10172064006,1218445312,0,0,25820667904,0.9842974463090556,0.9595049148572965,1.0,0.98,10,0,99,1033,342,136314880,136314880,CPU,0.0,0.0,0,0
110804927208,0,oracle_reserve_lru,admission,value_ranked_working_set,25726296064,9665773568,10172064006,1218445312,0,165675008,25891971072,0.9870155605901069,0.9665146198648487,1.0,0.98,92,82,-1,0,0,0,0,,0.0,0.0,1,9
110804927208,0,oracle_reserve_lru,reload,value_ranked_admission,25805987840,9745465344,10172064006,1149239296,0,0,25805987840,0.9837378345453097,0.958061740296918,1.0,0.98,9,0,47,516,429,69206016,69206016,CPU,0.0,0.0,0,0
110911368698,0,oracle_reserve_lru,admission,value_ranked_working_set,25732587520,9672065024,10172064006,1149239296,0,167772160,25900359680,0.9873353387408188,0.9673392910422077,1.0,0.98,91,82,-1,0,0,0,0,,0.0,0.0,1,8
110911368698,0,oracle_reserve_lru,reload,value_ranked_admission,25812279296,9751756800,10172064006,1077936128,0,0,25812279296,0.9839776681583436,0.9586802436799374,1.0,0.98,8,0,14,529,491,71303168,71303168,CPU,0.0,0.0,0,0
111074370385,0,oracle_reserve_lru,admission,value_ranked_working_set,25680158720,9619636224,10172064006,1077936128,0,165675008,25845833728,0.9852567807611913,0.9619789283893737,1.0,0.98,90,82,-1,0,0,0,0,,0.0,0.0,1,7
111074370385,0,oracle_reserve_lru,reload,value_ranked_admission,25833250816,9772728320,10172064006,931135488,0,0,25833250816,0.9847771135351234,0.960741921623335,1.0,0.98,7,0,104,1114,340,146800640,146800640,CPU,0.0,0.0,0,0
111160283221,0,oracle_reserve_lru,admission,value_ranked_working_set,25740976128,9680453632,10172064006,931135488,0,165675008,25906651136,0.9875751723538527,0.9679577944252271,1.0,0.98,89,82,-1,0,0,0,0,,0.0,0.0,1,6
111160283221,0,oracle_reserve_lru,reload,value_ranked_admission,25831153664,9770631168,10172064006,857735168,0,0,25831153664,0.9846971689974454,0.9605357538289954,1.0,0.98,6,0,28,545,472,73400320,73400320,CPU,0.0,0.0,0,0
111215276452,0,oracle_reserve_lru,admission,value_ranked_working_set,25638215680,9577693184,10172064006,857735168,0,165675008,25803890688,0.9836578900076317,0.9578555725025782,1.0,0.98,88,82,-1,0,0,0,0,,0.0,0.0,1,5
111215276452,0,oracle_reserve_lru,reload,value_ranked_admission,25803890688,9743368192,10172064006,704643072,0,0,25803890688,0.9836578900076317,0.9578555725025782,1.0,0.98,5,0,70,1167,377,153092096,153092096,CPU,0.0,0.0,0,0
111242506522,0,oracle_reserve_lru,admission,value_ranked_working_set,25724198912,9663676416,10172064006,704643072,0,163577856,25887776768,0.9868556715147508,0.9661022842761692,1.0,0.98,87,82,-1,0,0,0,0,,0.0,0.0,1,4
111242506522,0,oracle_reserve_lru,reload,value_ranked_admission,25818570752,9758048256,10172064006,622854144,0,0,25818570752,0.9842175017713776,0.9592987470629567,1.0,0.98,4,0,31,610,469,81788928,81788928,CPU,0.0,0.0,0,0
111324196732,0,oracle_reserve_lru,admission,value_ranked_working_set,25761947648,9701425152,10172064006,622854144,0,161480704,25923428352,0.9882147286552765,0.9696071367799453,1.0,0.98,86,82,-1,0,0,0,0,,0.0,0.0,1,3
111324196732,0,oracle_reserve_lru,reload,value_ranked_admission,25841639424,9781116928,10172064006,549453824,0,0,25841639424,0.9850968916858354,0.9615665928006942,1.0,0.98,3,0,34,553,451,73400320,73400320,CPU,0.0,0.0,0,0
111435901223,0,oracle_reserve_lru,admission,value_ranked_working_set,25548038144,9487515648,10172064006,549453824,0,159383552,25707421696,0.9799804412744446,0.9483718539629488,1.0,0.98,83,80,-1,0,0,0,0,,0.0,0.0,1,2
111435901223,0,oracle_reserve_lru,reload,value_ranked_admission,25753559040,9693036544,10172064006,360710144,0,0,25753559040,0.9817392211033602,0.9529075454384238,1.0,0.98,2,0,56,1435,394,188743680,188743680,CPU,0.0,0.0,0,0
111462357335,0,oracle_reserve_lru,admission,value_ranked_working_set,25671770112,9611247616,10172064006,360710144,0,159383552,25831153664,0.9846971689974454,0.9605357538289954,1.0,0.98,82,80,-1,0,0,0,0,,0.0,0.0,1,1
111462357335,0,oracle_reserve_lru,reload,value_ranked_admission,25847930880,9787408384,10172064006,195035136,0,0,25847930880,0.9853367252988693,0.9621850961837135,1.0,0.98,1,0,44,1257,429,165675008,165675008,CPU,0.0,0.0,0,0
111594128025,0,oracle_reserve_lru,admission,value_ranked_working_set,25663381504,9602859008,10172064006,195035136,0,159383552,25822765056,0.9843773908467335,0.9597110826516362,1.0,0.98,81,80,-1,0,0,0,0,,0.0,0.0,1,0
111594128025,0,oracle_reserve_lru,reload,value_ranked_admission,25875193856,9814671360,10172064006,0,0,0,25875193856,0.986376004288683,0.9648652775101305,1.0,0.98,0,0,46,1486,428,195035136,195035136,CPU,0.0,0.0,0,0
