layer,tokens,time_us
act_fn,1,4.012
act_fn,2,3.994
act_fn,3,4.118
act_fn,4,4.083
act_fn,5,4.214
act_fn,6,4.092
act_fn,7,4.123
act_fn,8,4.17
act_fn,9,4.165
act_fn,10,4.136
act_fn,11,4.193
act_fn,12,4.183
act_fn,13,4.194
act_fn,14,4.228
act_fn,15,4.213
act_fn,16,4.276
act_fn,17,4.258
act_fn,18,4.301
act_fn,19,4.376
act_fn,20,4.402
act_fn,21,4.372
act_fn,22,4.431
act_fn,23,4.403
act_fn,24,4.403
act_fn,25,4.414
act_fn,26,4.402
act_fn,27,4.418
act_fn,28,4.446
act_fn,29,4.433
act_fn,30,4.407
act_fn,31,4.409
act_fn,32,4.497
act_fn,33,4.458
act_fn,34,4.453
act_fn,35,4.434
act_fn,36,4.449
act_fn,37,4.48
act_fn,38,4.525
act_fn,39,4.513
act_fn,40,4.492
act_fn,41,4.486
act_fn,42,4.502
act_fn,43,4.564
act_fn,44,4.55
act_fn,45,4.527
act_fn,46,4.551
act_fn,47,4.529
act_fn,48,4.548
act_fn,49,4.536
act_fn,50,4.54
act_fn,51,4.554
act_fn,52,4.587
act_fn,53,4.625
act_fn,54,4.625
act_fn,55,4.665
act_fn,56,4.67
act_fn,57,4.628
act_fn,58,4.682
act_fn,59,4.643
act_fn,60,4.691
act_fn,61,4.676
act_fn,62,4.758
act_fn,63,4.771
act_fn,64,4.695
act_fn,65,4.769
act_fn,66,4.735
act_fn,67,4.779
act_fn,68,4.79
act_fn,69,4.791
act_fn,70,4.822
act_fn,71,4.834
act_fn,72,4.838
act_fn,73,4.844
act_fn,74,4.827
act_fn,75,4.829
act_fn,76,4.873
act_fn,77,5.065
act_fn,78,4.935
act_fn,79,4.955
act_fn,80,5.0
act_fn,81,5.013
act_fn,82,5.041
act_fn,83,4.986
act_fn,84,5.004
act_fn,85,5.067
act_fn,86,5.08
act_fn,87,5.002
act_fn,88,5.021
act_fn,89,5.042
act_fn,90,5.06
act_fn,91,5.093
act_fn,92,5.105
act_fn,93,5.127
act_fn,94,5.088
act_fn,95,5.196
act_fn,96,5.266
act_fn,97,5.265
act_fn,98,5.24
act_fn,99,5.245
act_fn,100,5.29
act_fn,101,5.307
act_fn,102,5.341
act_fn,103,5.397
act_fn,104,5.327
act_fn,105,5.386
act_fn,106,5.381
act_fn,107,5.336
act_fn,108,5.415
act_fn,109,5.398
act_fn,110,5.419
act_fn,111,5.388
act_fn,112,5.399
act_fn,113,5.436
act_fn,114,5.499
act_fn,115,5.586
act_fn,116,5.542
act_fn,117,6.076
act_fn,118,5.634
act_fn,119,5.689
act_fn,120,5.632
act_fn,121,5.698
act_fn,122,5.658
act_fn,123,5.684
act_fn,124,5.653
act_fn,125,5.671
act_fn,126,5.658
act_fn,127,5.726
act_fn,128,5.749
act_fn,129,5.736
act_fn,130,5.748
act_fn,131,5.769
act_fn,132,5.813
act_fn,133,5.831
act_fn,134,5.858
act_fn,135,5.912
act_fn,136,5.928
act_fn,137,5.917
act_fn,138,5.916
act_fn,139,5.974
act_fn,140,5.962
act_fn,141,5.991
act_fn,142,6.011
act_fn,143,6.077
act_fn,144,6.022
act_fn,145,6.025
act_fn,146,6.117
act_fn,147,6.105
act_fn,148,6.143
act_fn,149,6.161
act_fn,150,6.156
act_fn,151,6.14
act_fn,152,6.182
act_fn,153,6.154
act_fn,154,6.184
act_fn,155,6.243
act_fn,156,6.196
act_fn,157,6.258
act_fn,158,6.33
act_fn,159,6.289
act_fn,160,6.313
act_fn,161,6.346
act_fn,162,6.298
act_fn,163,6.314
act_fn,164,6.309
act_fn,165,6.36
act_fn,166,6.349
act_fn,167,6.388
act_fn,168,6.363
act_fn,169,6.44
act_fn,170,6.401
act_fn,171,6.718
act_fn,172,6.402
act_fn,173,6.408
act_fn,174,6.498
act_fn,175,6.552
act_fn,176,6.506
act_fn,177,6.631
act_fn,178,6.595
act_fn,179,6.643
act_fn,180,6.652
act_fn,181,6.683
act_fn,182,6.642
act_fn,183,6.652
act_fn,184,6.756
act_fn,185,6.738
act_fn,186,6.678
act_fn,187,6.764
act_fn,188,6.728
act_fn,189,6.699
act_fn,190,7.177
act_fn,191,6.772
act_fn,192,6.771
act_fn,193,6.789
act_fn,194,6.749
act_fn,195,6.798
act_fn,196,6.775
act_fn,197,6.833
act_fn,198,6.814
act_fn,199,6.83
act_fn,200,6.863
act_fn,201,6.799
act_fn,202,6.938
act_fn,203,6.984
act_fn,204,6.957
act_fn,205,6.878
act_fn,206,6.926
act_fn,207,7.014
act_fn,208,6.964
act_fn,209,7.523
act_fn,210,7.154
act_fn,211,7.213
act_fn,212,7.21
act_fn,213,7.242
act_fn,214,7.229
act_fn,215,7.257
act_fn,216,7.112
act_fn,217,7.066
act_fn,218,7.067
act_fn,219,7.113
act_fn,220,7.091
act_fn,221,7.141
act_fn,222,7.116
act_fn,223,7.225
act_fn,224,7.365
act_fn,225,7.442
act_fn,226,7.395
act_fn,227,7.468
act_fn,228,7.718
act_fn,229,7.408
act_fn,230,7.499
act_fn,231,7.53
act_fn,232,7.547
act_fn,233,7.542
act_fn,234,7.619
act_fn,235,7.671
act_fn,236,7.576
act_fn,237,7.673
act_fn,238,7.64
act_fn,239,7.636
act_fn,240,7.608
act_fn,241,7.651
act_fn,242,7.694
act_fn,243,7.679
act_fn,244,7.704
act_fn,245,7.679
act_fn,246,7.735
act_fn,247,8.022
act_fn,248,7.729
act_fn,249,7.727
act_fn,250,7.773
act_fn,251,7.91
act_fn,252,7.801
act_fn,253,7.875
act_fn,254,7.858
act_fn,255,7.868
act_fn,256,7.912
act_fn,257,7.924
act_fn,258,7.883
act_fn,259,7.948
act_fn,260,7.935
act_fn,261,7.977
act_fn,262,7.944
act_fn,263,8.004
act_fn,264,7.984
act_fn,265,7.834
act_fn,266,8.069
act_fn,267,7.92
act_fn,268,7.853
act_fn,269,7.941
act_fn,270,7.926
act_fn,271,7.9
act_fn,272,7.949
act_fn,273,7.978
act_fn,274,8.036
act_fn,275,8.012
act_fn,276,8.092
act_fn,277,8.059
act_fn,278,8.072
act_fn,279,8.026
act_fn,280,7.978
act_fn,281,8.028
act_fn,282,8.11
act_fn,283,8.164
act_fn,284,8.04
act_fn,285,8.144
act_fn,286,8.13
act_fn,287,8.151
act_fn,288,8.266
act_fn,289,8.187
act_fn,290,8.171
act_fn,291,8.245
act_fn,292,8.279
act_fn,293,8.256
act_fn,294,8.298
act_fn,295,8.353
act_fn,296,8.308
act_fn,297,8.349
act_fn,298,8.346
act_fn,299,8.408
act_fn,300,8.327
act_fn,301,8.351
act_fn,302,9.077
act_fn,303,9.05
act_fn,304,8.984
act_fn,305,9.211
act_fn,306,9.301
act_fn,307,9.24
act_fn,308,9.243
act_fn,309,9.228
act_fn,310,9.26
act_fn,311,9.34
act_fn,312,9.426
act_fn,313,9.156
act_fn,314,9.058
act_fn,315,9.062
act_fn,316,9.198
act_fn,317,9.022
act_fn,318,9.111
act_fn,319,9.284
act_fn,320,9.245
act_fn,321,9.384
act_fn,322,9.282
act_fn,323,9.293
act_fn,324,9.322
act_fn,325,9.412
act_fn,326,9.291
act_fn,327,9.416
act_fn,328,9.202
act_fn,329,9.407
act_fn,330,9.367
act_fn,331,9.381
act_fn,332,9.38
act_fn,333,9.401
act_fn,334,9.476
act_fn,335,9.487
act_fn,336,9.534
act_fn,337,9.497
act_fn,338,9.523
act_fn,339,9.605
act_fn,340,9.527
act_fn,341,9.586
act_fn,342,9.526
act_fn,343,9.625
act_fn,344,9.561
act_fn,345,9.504
act_fn,346,9.598
act_fn,347,9.615
act_fn,348,9.661
act_fn,349,9.701
act_fn,350,9.619
act_fn,351,9.675
act_fn,352,9.592
act_fn,353,9.614
act_fn,354,9.577
act_fn,355,9.734
act_fn,356,9.661
act_fn,357,9.674
act_fn,358,9.717
act_fn,359,9.677
act_fn,360,9.7
act_fn,361,9.749
act_fn,362,9.758
act_fn,363,9.817
act_fn,364,9.735
act_fn,365,9.678
act_fn,366,9.781
act_fn,367,9.763
act_fn,368,9.795
act_fn,369,9.838
act_fn,370,9.828
act_fn,371,9.886
act_fn,372,9.776
act_fn,373,9.897
act_fn,374,9.894
act_fn,375,9.867
act_fn,376,9.861
act_fn,377,9.9
act_fn,378,9.962
act_fn,379,9.983
act_fn,380,9.934
act_fn,381,9.956
act_fn,382,9.99
act_fn,383,10.022
act_fn,384,10.052
act_fn,385,9.778
act_fn,386,9.815
act_fn,387,9.937
act_fn,388,9.817
act_fn,389,9.947
act_fn,390,9.947
act_fn,391,9.967
act_fn,392,9.903
act_fn,393,9.92
act_fn,394,9.986
act_fn,395,10.008
act_fn,396,9.957
act_fn,397,9.989
act_fn,398,10.005
act_fn,399,10.113
act_fn,400,10.07
act_fn,401,10.026
act_fn,402,10.136
act_fn,403,10.189
act_fn,404,10.13
act_fn,405,10.157
act_fn,406,10.173
act_fn,407,10.178
act_fn,408,10.164
act_fn,409,10.174
act_fn,410,10.294
act_fn,411,10.214
act_fn,412,10.161
act_fn,413,10.341
act_fn,414,10.314
act_fn,415,10.333
act_fn,416,10.236
act_fn,417,10.376
act_fn,418,10.418
act_fn,419,10.475
act_fn,420,10.572
act_fn,421,10.532
act_fn,422,10.44
act_fn,423,10.589
act_fn,424,10.535
act_fn,425,10.667
act_fn,426,10.435
act_fn,427,10.585
act_fn,428,10.593
act_fn,429,10.649
act_fn,430,10.57
act_fn,431,10.595
act_fn,432,10.64
act_fn,433,10.492
act_fn,434,10.533
act_fn,435,10.609
act_fn,436,10.487
act_fn,437,10.572
act_fn,438,10.619
act_fn,439,10.576
act_fn,440,10.568
act_fn,441,10.702
act_fn,442,10.686
act_fn,443,10.621
act_fn,444,10.609
act_fn,445,10.707
act_fn,446,10.73
act_fn,447,10.717
act_fn,448,10.67
act_fn,449,10.766
act_fn,450,10.795
act_fn,451,10.759
act_fn,452,10.693
act_fn,453,10.757
act_fn,454,10.768
act_fn,455,10.79
act_fn,456,10.808
act_fn,457,10.849
act_fn,458,10.885
act_fn,459,10.936
act_fn,460,10.854
act_fn,461,10.869
act_fn,462,10.976
act_fn,463,10.866
act_fn,464,11.009
act_fn,465,11.061
act_fn,466,11.079
act_fn,467,11.096
act_fn,468,11.13
act_fn,469,11.187
act_fn,470,11.147
act_fn,471,11.167
act_fn,472,11.189
act_fn,473,11.158
act_fn,474,11.227
act_fn,475,11.26
act_fn,476,11.271
act_fn,477,11.336
act_fn,478,11.318
act_fn,479,11.371
act_fn,480,11.293
act_fn,481,11.212
act_fn,482,11.068
act_fn,483,11.258
act_fn,484,11.151
act_fn,485,11.217
act_fn,486,11.275
act_fn,487,11.203
act_fn,488,11.256
act_fn,489,11.212
act_fn,490,11.338
act_fn,491,11.296
act_fn,492,11.341
act_fn,493,11.442
act_fn,494,11.352
act_fn,495,11.324
act_fn,496,11.4
act_fn,497,12.197
act_fn,498,12.163
act_fn,499,12.196
act_fn,500,12.243
act_fn,501,12.154
act_fn,502,12.187
act_fn,503,12.296
act_fn,504,11.444
act_fn,505,12.262
act_fn,506,12.326
act_fn,507,12.29
act_fn,508,12.392
act_fn,509,12.317
act_fn,510,12.371
act_fn,511,12.442
act_fn,512,11.546
act_fn,513,11.687
act_fn,514,11.861
act_fn,515,11.706
act_fn,516,11.667
act_fn,517,11.781
act_fn,518,11.831
act_fn,519,11.772
act_fn,520,11.812
act_fn,521,11.881
act_fn,522,11.816
act_fn,523,11.891
act_fn,524,11.837
act_fn,525,11.87
act_fn,526,11.922
act_fn,527,11.926
act_fn,528,11.968
act_fn,529,11.814
act_fn,530,11.78
act_fn,531,11.875
act_fn,532,11.802
act_fn,533,11.745
act_fn,534,11.832
act_fn,535,11.934
act_fn,536,11.862
act_fn,537,11.898
act_fn,538,11.947
act_fn,539,11.938
act_fn,540,11.925
act_fn,541,11.905
act_fn,542,11.952
act_fn,543,11.951
act_fn,544,12.034
act_fn,545,12.128
act_fn,546,12.111
act_fn,547,12.174
act_fn,548,12.087
act_fn,549,12.048
act_fn,550,12.094
act_fn,551,12.119
act_fn,552,12.174
act_fn,553,12.15
act_fn,554,12.227
act_fn,555,12.277
act_fn,556,12.153
act_fn,557,12.188
act_fn,558,12.236
act_fn,559,12.198
act_fn,560,12.201
act_fn,561,12.235
act_fn,562,12.295
act_fn,563,12.37
act_fn,564,12.317
act_fn,565,12.351
act_fn,566,12.332
act_fn,567,12.389
act_fn,568,12.381
act_fn,569,12.377
act_fn,570,12.431
act_fn,571,12.474
act_fn,572,12.447
act_fn,573,12.58
act_fn,574,12.624
act_fn,575,12.507
act_fn,576,12.663
act_fn,577,12.541
act_fn,578,12.543
act_fn,579,12.626
act_fn,580,12.562
act_fn,581,12.596
act_fn,582,12.646
act_fn,583,12.651
act_fn,584,12.641
act_fn,585,12.659
act_fn,586,12.699
act_fn,587,12.684
act_fn,588,12.655
act_fn,589,12.746
act_fn,590,12.714
act_fn,591,12.73
act_fn,592,12.845
act_fn,593,12.82
act_fn,594,12.757
act_fn,595,12.851
act_fn,596,12.803
act_fn,597,12.88
act_fn,598,12.845
act_fn,599,12.851
act_fn,600,12.95
act_fn,601,12.941
act_fn,602,12.921
act_fn,603,12.878
act_fn,604,12.893
act_fn,605,12.947
act_fn,606,13.017
act_fn,607,13.042
act_fn,608,12.969
act_fn,609,13.14
act_fn,610,13.01
act_fn,611,13.088
act_fn,612,13.123
act_fn,613,13.107
act_fn,614,13.147
act_fn,615,13.221
act_fn,616,13.177
act_fn,617,13.14
act_fn,618,13.195
act_fn,619,13.24
act_fn,620,13.342
act_fn,621,13.302
act_fn,622,13.213
act_fn,623,13.309
act_fn,624,13.286
act_fn,625,13.442
act_fn,626,13.304
act_fn,627,13.354
act_fn,628,13.366
act_fn,629,13.418
act_fn,630,13.409
act_fn,631,13.422
act_fn,632,13.42
act_fn,633,13.525
act_fn,634,13.465
act_fn,635,13.508
act_fn,636,13.437
act_fn,637,13.505
act_fn,638,13.511
act_fn,639,13.579
act_fn,640,13.535
act_fn,641,13.683
act_fn,642,13.607
act_fn,643,13.55
act_fn,644,13.712
act_fn,645,13.73
act_fn,646,13.608
act_fn,647,13.718
act_fn,648,13.706
act_fn,649,14.141
act_fn,650,14.106
act_fn,651,14.109
act_fn,652,14.118
act_fn,653,14.21
act_fn,654,14.199
act_fn,655,14.154
act_fn,656,13.842
act_fn,657,14.233
act_fn,658,14.268
act_fn,659,14.27
act_fn,660,14.236
act_fn,661,14.282
act_fn,662,14.237
act_fn,663,14.324
act_fn,664,14.356
act_fn,665,14.327
act_fn,666,14.367
act_fn,667,14.426
act_fn,668,14.375
act_fn,669,14.366
act_fn,670,14.458
act_fn,671,14.465
act_fn,672,14.747
act_fn,673,14.067
act_fn,674,14.195
act_fn,675,14.124
act_fn,676,14.198
act_fn,677,14.283
act_fn,678,14.328
act_fn,679,14.324
act_fn,680,14.338
act_fn,681,14.271
act_fn,682,14.335
act_fn,683,14.296
act_fn,684,14.231
act_fn,685,14.172
act_fn,686,14.279
act_fn,687,14.201
act_fn,688,14.276
act_fn,689,14.257
act_fn,690,14.328
act_fn,691,14.364
act_fn,692,14.423
act_fn,693,14.413
act_fn,694,14.387
act_fn,695,14.398
act_fn,696,14.434
act_fn,697,14.511
act_fn,698,14.572
act_fn,699,14.513
act_fn,700,14.534
act_fn,701,14.565
act_fn,702,14.526
act_fn,703,14.525
act_fn,704,15.314
act_fn,705,14.651
act_fn,706,14.537
act_fn,707,14.706
act_fn,708,14.746
act_fn,709,14.715
act_fn,710,14.705
act_fn,711,14.692
act_fn,712,14.769
act_fn,713,14.788
act_fn,714,14.784
act_fn,715,14.874
act_fn,716,14.971
act_fn,717,14.858
act_fn,718,14.951
act_fn,719,14.715
act_fn,720,14.807
act_fn,721,15.597
act_fn,722,15.624
act_fn,723,15.635
act_fn,724,15.629
act_fn,725,15.658
act_fn,726,15.691
act_fn,727,15.706
act_fn,728,15.815
act_fn,729,15.751
act_fn,730,15.704
act_fn,731,15.828
act_fn,732,15.908
act_fn,733,15.842
act_fn,734,15.8
act_fn,735,15.954
act_fn,736,15.907
act_fn,737,15.976
act_fn,738,15.943
act_fn,739,15.907
act_fn,740,15.929
act_fn,741,16.046
act_fn,742,16.032
act_fn,743,16.058
act_fn,744,16.048
act_fn,745,16.082
act_fn,746,16.145
act_fn,747,16.147
act_fn,748,16.143
act_fn,749,16.183
act_fn,750,16.205
act_fn,751,16.272
act_fn,752,16.225
act_fn,753,16.261
act_fn,754,16.184
act_fn,755,16.251
act_fn,756,16.27
act_fn,757,16.342
act_fn,758,16.277
act_fn,759,16.432
act_fn,760,16.344
act_fn,761,16.383
act_fn,762,16.412
act_fn,763,16.423
act_fn,764,16.46
act_fn,765,16.429
act_fn,766,16.524
act_fn,767,16.528
act_fn,768,16.488
act_fn,769,16.433
act_fn,770,16.485
act_fn,771,16.489
act_fn,772,16.506
act_fn,773,16.663
act_fn,774,16.531
act_fn,775,16.541
act_fn,776,16.579
act_fn,777,16.611
act_fn,778,16.684
act_fn,779,16.637
act_fn,780,16.667
act_fn,781,16.7
act_fn,782,16.691
act_fn,783,16.699
act_fn,784,16.262
act_fn,785,16.734
act_fn,786,16.77
act_fn,787,16.803
act_fn,788,16.849
act_fn,789,16.861
act_fn,790,16.91
act_fn,791,16.874
act_fn,792,16.891
act_fn,793,16.484
act_fn,794,16.488
act_fn,795,16.426
act_fn,796,16.499
act_fn,797,16.532
act_fn,798,16.514
act_fn,799,16.658
act_fn,800,16.95
act_fn,801,16.677
act_fn,802,16.492
act_fn,803,16.625
act_fn,804,16.653
act_fn,805,16.739
act_fn,806,16.693
act_fn,807,16.692
act_fn,808,16.695
act_fn,809,16.803
act_fn,810,16.817
act_fn,811,16.858
act_fn,812,16.725
act_fn,813,16.777
act_fn,814,16.824
act_fn,815,16.794
act_fn,816,16.868
act_fn,817,16.915
act_fn,818,16.979
act_fn,819,16.951
act_fn,820,16.794
act_fn,821,16.871
act_fn,822,16.925
act_fn,823,16.913
act_fn,824,16.97
act_fn,825,16.949
act_fn,826,16.949
act_fn,827,16.922
act_fn,828,16.98
act_fn,829,16.98
act_fn,830,17.083
act_fn,831,16.942
act_fn,832,17.6
act_fn,833,17.629
act_fn,834,17.693
act_fn,835,17.673
act_fn,836,17.652
act_fn,837,17.752
act_fn,838,17.703
act_fn,839,17.749
act_fn,840,17.798
act_fn,841,17.883
act_fn,842,17.79
act_fn,843,17.838
act_fn,844,17.877
act_fn,845,17.863
act_fn,846,17.883
act_fn,847,17.929
act_fn,848,17.896
act_fn,849,17.942
act_fn,850,18.023
act_fn,851,18.025
act_fn,852,17.997
act_fn,853,18.055
act_fn,854,18.073
act_fn,855,18.112
act_fn,856,18.167
act_fn,857,18.158
act_fn,858,18.171
act_fn,859,18.184
act_fn,860,18.23
act_fn,861,18.211
act_fn,862,18.25
act_fn,863,18.247
act_fn,864,18.26
act_fn,865,18.251
act_fn,866,18.219
act_fn,867,18.233
act_fn,868,18.345
act_fn,869,18.248
act_fn,870,18.387
act_fn,871,18.364
act_fn,872,18.392
act_fn,873,18.431
act_fn,874,18.369
act_fn,875,18.529
act_fn,876,18.441
act_fn,877,18.404
act_fn,878,18.566
act_fn,879,18.51
act_fn,880,18.651
act_fn,881,18.594
act_fn,882,18.696
act_fn,883,18.53
act_fn,884,18.729
act_fn,885,18.692
act_fn,886,18.707
act_fn,887,18.79
act_fn,888,18.737
act_fn,889,18.708
act_fn,890,18.759
act_fn,891,18.812
act_fn,892,18.832
act_fn,893,18.837
act_fn,894,18.855
act_fn,895,18.923
act_fn,896,18.891
act_fn,897,18.98
act_fn,898,18.85
act_fn,899,18.796
act_fn,900,18.912
act_fn,901,18.964
act_fn,902,19.05
act_fn,903,19.002
act_fn,904,18.959
act_fn,905,19.006
act_fn,906,19.055
act_fn,907,19.084
act_fn,908,19.038
act_fn,909,19.112
act_fn,910,19.169
act_fn,911,19.172
act_fn,912,19.0
act_fn,913,19.209
act_fn,914,19.212
act_fn,915,19.179
act_fn,916,19.297
act_fn,917,19.363
act_fn,918,19.359
act_fn,919,19.367
act_fn,920,19.321
act_fn,921,19.411
act_fn,922,19.394
act_fn,923,19.43
act_fn,924,19.426
act_fn,925,19.365
act_fn,926,19.464
act_fn,927,19.479
act_fn,928,19.065
act_fn,929,19.545
act_fn,930,19.597
act_fn,931,19.55
act_fn,932,19.634
act_fn,933,19.62
act_fn,934,19.668
act_fn,935,19.696
act_fn,936,19.709
act_fn,937,19.212
act_fn,938,19.177
act_fn,939,19.315
act_fn,940,19.264
act_fn,941,19.285
act_fn,942,19.348
act_fn,943,19.445
act_fn,944,19.667
act_fn,945,19.327
act_fn,946,19.347
act_fn,947,19.367
act_fn,948,19.413
act_fn,949,19.452
act_fn,950,19.526
act_fn,951,19.473
act_fn,952,19.461
act_fn,953,19.466
act_fn,954,19.471
act_fn,955,19.479
act_fn,956,19.618
act_fn,957,19.507
act_fn,958,19.647
act_fn,959,19.634
act_fn,960,19.548
act_fn,961,20.087
act_fn,962,20.159
act_fn,963,20.14
act_fn,964,20.102
act_fn,965,20.161
act_fn,966,20.182
act_fn,967,20.188
act_fn,968,20.321
act_fn,969,20.328
act_fn,970,20.233
act_fn,971,20.382
act_fn,972,20.349
act_fn,973,20.365
act_fn,974,20.38
act_fn,975,20.314
act_fn,976,20.513
act_fn,977,20.327
act_fn,978,20.511
act_fn,979,20.559
act_fn,980,20.661
act_fn,981,20.635
act_fn,982,20.595
act_fn,983,20.675
act_fn,984,20.701
act_fn,985,20.691
act_fn,986,20.812
act_fn,987,20.745
act_fn,988,20.901
act_fn,989,20.829
act_fn,990,20.859
act_fn,991,20.839
act_fn,992,20.284
act_fn,993,20.869
act_fn,994,20.875
act_fn,995,20.854
act_fn,996,20.915
act_fn,997,20.99
act_fn,998,21.145
act_fn,999,20.989
act_fn,1000,21.111
act_fn,1001,21.091
act_fn,1002,21.22
act_fn,1003,21.221
act_fn,1004,21.279
act_fn,1005,21.218
act_fn,1006,21.219
act_fn,1007,21.232
act_fn,1008,21.23
act_fn,1009,21.037
act_fn,1010,21.144
act_fn,1011,21.188
act_fn,1012,21.146
act_fn,1013,21.264
act_fn,1014,21.147
act_fn,1015,21.225
act_fn,1016,21.16
act_fn,1017,21.228
act_fn,1018,21.208
act_fn,1019,21.26
act_fn,1020,21.349
act_fn,1021,21.389
act_fn,1022,21.359
act_fn,1023,21.46
act_fn,1024,21.283
act_fn,1025,21.607
act_fn,1026,21.653
act_fn,1027,21.685
act_fn,1028,21.724
act_fn,1029,21.706
act_fn,1030,21.822
act_fn,1031,21.862
act_fn,1032,21.915
act_fn,1033,21.804
act_fn,1034,21.877
act_fn,1035,21.858
act_fn,1036,22.095
act_fn,1037,21.97
act_fn,1038,22.076
act_fn,1039,22.059
act_fn,1040,22.432
act_fn,1041,22.124
act_fn,1042,22.031
act_fn,1043,22.187
act_fn,1044,22.058
act_fn,1045,22.189
act_fn,1046,22.205
act_fn,1047,22.179
act_fn,1048,22.267
act_fn,1049,22.219
act_fn,1050,22.41
act_fn,1051,22.396
act_fn,1052,22.504
act_fn,1053,22.519
act_fn,1054,22.381
act_fn,1055,22.471
act_fn,1056,22.979
act_fn,1057,22.551
act_fn,1058,22.518
act_fn,1059,22.596
act_fn,1060,22.665
act_fn,1061,22.699
act_fn,1062,22.675
act_fn,1063,22.799
act_fn,1064,22.821
act_fn,1065,22.856
act_fn,1066,22.843
act_fn,1067,22.853
act_fn,1068,22.882
act_fn,1069,22.823
act_fn,1070,22.938
act_fn,1071,22.885
act_fn,1072,22.685
act_fn,1073,23.024
act_fn,1074,23.068
act_fn,1075,23.027
act_fn,1076,23.067
act_fn,1077,23.092
act_fn,1078,23.169
act_fn,1079,23.207
act_fn,1080,23.244
act_fn,1081,22.967
act_fn,1082,23.022
act_fn,1083,23.118
act_fn,1084,23.214
act_fn,1085,23.002
act_fn,1086,23.175
act_fn,1087,23.139
act_fn,1088,23.235
act_fn,1089,23.166
act_fn,1090,23.176
act_fn,1091,23.191
act_fn,1092,23.238
act_fn,1093,23.222
act_fn,1094,23.361
act_fn,1095,23.378
act_fn,1096,23.326
act_fn,1097,23.408
act_fn,1098,23.399
act_fn,1099,23.501
act_fn,1100,23.423
act_fn,1101,23.481
act_fn,1102,23.572
act_fn,1103,23.696
act_fn,1104,23.675
act_fn,1105,23.639
act_fn,1106,23.647
act_fn,1107,23.659
act_fn,1108,23.761
act_fn,1109,23.724
act_fn,1110,23.833
act_fn,1111,23.836
act_fn,1112,23.791
act_fn,1113,23.801
act_fn,1114,23.842
act_fn,1115,23.771
act_fn,1116,23.995
act_fn,1117,23.825
act_fn,1118,23.954
act_fn,1119,23.914
act_fn,1120,24.075
act_fn,1121,24.206
act_fn,1122,24.294
act_fn,1123,24.294
act_fn,1124,24.315
act_fn,1125,24.318
act_fn,1126,24.503
act_fn,1127,24.324
act_fn,1128,24.486
act_fn,1129,24.48
act_fn,1130,24.648
act_fn,1131,24.5
act_fn,1132,24.619
act_fn,1133,24.663
act_fn,1134,24.654
act_fn,1135,24.636
act_fn,1136,24.732
act_fn,1137,24.665
act_fn,1138,24.78
act_fn,1139,24.884
act_fn,1140,24.801
act_fn,1141,24.957
act_fn,1142,24.869
act_fn,1143,24.926
act_fn,1144,25.078
act_fn,1145,25.01
act_fn,1146,25.073
act_fn,1147,25.048
act_fn,1148,25.142
act_fn,1149,25.068
act_fn,1150,25.119
act_fn,1151,25.21
act_fn,1152,25.216
act_fn,1153,24.872
act_fn,1154,24.935
act_fn,1155,25.086
act_fn,1156,25.046
act_fn,1157,25.122
act_fn,1158,25.05
act_fn,1159,25.059
act_fn,1160,25.093
act_fn,1161,25.07
act_fn,1162,25.137
act_fn,1163,25.121
act_fn,1164,25.154
act_fn,1165,25.204
act_fn,1166,25.306
act_fn,1167,25.424
act_fn,1168,25.254
act_fn,1169,25.397
act_fn,1170,25.403
act_fn,1171,25.4
act_fn,1172,25.465
act_fn,1173,25.502
act_fn,1174,25.517
act_fn,1175,25.518
act_fn,1176,25.529
act_fn,1177,25.853
act_fn,1178,25.901
act_fn,1179,25.941
act_fn,1180,25.955
act_fn,1181,26.074
act_fn,1182,26.09
act_fn,1183,26.135
act_fn,1184,25.426
act_fn,1185,26.179
act_fn,1186,26.167
act_fn,1187,26.335
act_fn,1188,26.217
act_fn,1189,26.18
act_fn,1190,26.287
act_fn,1191,26.466
act_fn,1192,26.448
act_fn,1193,26.506
act_fn,1194,26.429
act_fn,1195,26.439
act_fn,1196,26.525
act_fn,1197,26.587
act_fn,1198,26.508
act_fn,1199,26.59
act_fn,1200,26.153
act_fn,1201,26.683
act_fn,1202,26.659
act_fn,1203,26.736
act_fn,1204,26.818
act_fn,1205,26.812
act_fn,1206,26.73
act_fn,1207,26.767
act_fn,1208,26.826
act_fn,1209,26.853
act_fn,1210,26.941
act_fn,1211,26.943
act_fn,1212,27.012
act_fn,1213,26.949
act_fn,1214,27.123
act_fn,1215,27.0
act_fn,1216,26.456
act_fn,1217,27.157
act_fn,1218,27.239
act_fn,1219,27.323
act_fn,1220,27.258
act_fn,1221,27.324
act_fn,1222,27.319
act_fn,1223,27.381
act_fn,1224,27.358
act_fn,1225,26.957
act_fn,1226,26.937
act_fn,1227,27.096
act_fn,1228,27.154
act_fn,1229,27.119
act_fn,1230,27.072
act_fn,1231,27.02
act_fn,1232,27.217
act_fn,1233,27.335
act_fn,1234,27.461
act_fn,1235,27.484
act_fn,1236,27.604
act_fn,1237,27.528
act_fn,1238,27.628
act_fn,1239,27.607
act_fn,1240,27.642
act_fn,1241,27.59
act_fn,1242,27.768
act_fn,1243,27.756
act_fn,1244,27.821
act_fn,1245,27.845
act_fn,1246,27.903
act_fn,1247,27.858
act_fn,1248,28.041
act_fn,1249,27.861
act_fn,1250,27.834
act_fn,1251,28.013
act_fn,1252,28.053
act_fn,1253,27.965
act_fn,1254,28.106
act_fn,1255,28.085
act_fn,1256,28.005
act_fn,1257,28.056
act_fn,1258,28.366
act_fn,1259,28.283
act_fn,1260,28.248
act_fn,1261,28.288
act_fn,1262,28.408
act_fn,1263,28.303
act_fn,1264,28.404
act_fn,1265,28.608
act_fn,1266,28.446
act_fn,1267,28.422
act_fn,1268,28.448
act_fn,1269,28.586
act_fn,1270,28.576
act_fn,1271,28.565
act_fn,1272,28.653
act_fn,1273,28.685
act_fn,1274,28.616
act_fn,1275,28.661
act_fn,1276,28.878
act_fn,1277,28.792
act_fn,1278,28.957
act_fn,1279,28.953
act_fn,1280,28.556
act_fn,1281,28.744
act_fn,1282,28.647
act_fn,1283,28.749
act_fn,1284,28.758
act_fn,1285,28.775
act_fn,1286,28.865
act_fn,1287,28.836
act_fn,1288,28.883
act_fn,1289,28.983
act_fn,1290,28.879
act_fn,1291,29.069
act_fn,1292,29.068
act_fn,1293,28.996
act_fn,1294,29.19
act_fn,1295,29.26
act_fn,1296,29.093
act_fn,1297,28.991
act_fn,1298,29.023
act_fn,1299,29.088
act_fn,1300,29.107
act_fn,1301,29.009
act_fn,1302,29.075
act_fn,1303,29.126
act_fn,1304,29.336
act_fn,1305,29.321
act_fn,1306,29.306
act_fn,1307,29.139
act_fn,1308,29.337
act_fn,1309,29.295
act_fn,1310,29.365
act_fn,1311,29.377
act_fn,1312,29.308
act_fn,1313,29.46
act_fn,1314,29.515
act_fn,1315,29.673
act_fn,1316,29.588
act_fn,1317,29.626
act_fn,1318,29.646
act_fn,1319,29.556
act_fn,1320,29.63
act_fn,1321,29.722
act_fn,1322,29.706
act_fn,1323,29.774
act_fn,1324,29.799
act_fn,1325,29.832
act_fn,1326,29.869
act_fn,1327,29.791
act_fn,1328,29.824
act_fn,1329,30.008
act_fn,1330,30.064
act_fn,1331,30.142
act_fn,1332,30.142
act_fn,1333,29.993
act_fn,1334,30.229
act_fn,1335,30.176
act_fn,1336,30.318
act_fn,1337,30.136
act_fn,1338,30.276
act_fn,1339,30.281
act_fn,1340,30.253
act_fn,1341,30.379
act_fn,1342,30.452
act_fn,1343,30.407
act_fn,1344,30.286
act_fn,1345,30.535
act_fn,1346,30.515
act_fn,1347,30.571
act_fn,1348,30.565
act_fn,1349,30.674
act_fn,1350,30.69
act_fn,1351,30.669
act_fn,1352,30.692
act_fn,1353,30.708
act_fn,1354,30.723
act_fn,1355,30.773
act_fn,1356,30.725
act_fn,1357,30.782
act_fn,1358,30.968
act_fn,1359,30.895
act_fn,1360,30.749
act_fn,1361,30.925
act_fn,1362,31.06
act_fn,1363,31.047
act_fn,1364,31.012
act_fn,1365,31.044
act_fn,1366,31.076
act_fn,1367,31.258
act_fn,1368,31.112
act_fn,1369,30.839
act_fn,1370,30.847
act_fn,1371,30.837
act_fn,1372,30.947
act_fn,1373,31.078
act_fn,1374,30.949
act_fn,1375,30.957
act_fn,1376,31.165
act_fn,1377,31.036
act_fn,1378,31.134
act_fn,1379,31.207
act_fn,1380,31.2
act_fn,1381,31.202
act_fn,1382,31.291
act_fn,1383,31.465
act_fn,1384,31.418
act_fn,1385,31.45
act_fn,1386,31.251
act_fn,1387,31.384
act_fn,1388,31.363
act_fn,1389,31.562
act_fn,1390,31.387
act_fn,1391,31.385
act_fn,1392,31.711
act_fn,1393,31.514
act_fn,1394,31.628
act_fn,1395,31.547
act_fn,1396,31.659
act_fn,1397,31.711
act_fn,1398,31.599
act_fn,1399,31.646
act_fn,1400,31.972
act_fn,1401,31.964
act_fn,1402,32.009
act_fn,1403,31.942
act_fn,1404,32.067
act_fn,1405,32.042
act_fn,1406,32.11
act_fn,1407,31.994
act_fn,1408,32.724
act_fn,1409,32.409
act_fn,1410,32.399
act_fn,1411,32.559
act_fn,1412,32.409
act_fn,1413,32.457
act_fn,1414,32.535
act_fn,1415,32.57
act_fn,1416,32.711
act_fn,1417,32.534
act_fn,1418,32.696
act_fn,1419,32.754
act_fn,1420,32.628
act_fn,1421,32.763
act_fn,1422,32.659
act_fn,1423,32.863
act_fn,1424,32.811
act_fn,1425,32.863
act_fn,1426,33.004
act_fn,1427,32.858
act_fn,1428,32.96
act_fn,1429,33.0
act_fn,1430,33.079
act_fn,1431,33.0
act_fn,1432,32.998
act_fn,1433,33.139
act_fn,1434,33.07
act_fn,1435,33.058
act_fn,1436,33.141
act_fn,1437,33.23
act_fn,1438,33.277
act_fn,1439,33.332
act_fn,1440,33.234
act_fn,1441,32.825
act_fn,1442,32.911
act_fn,1443,33.009
act_fn,1444,33.127
act_fn,1445,32.994
act_fn,1446,33.105
act_fn,1447,33.098
act_fn,1448,33.051
act_fn,1449,33.204
act_fn,1450,33.037
act_fn,1451,33.08
act_fn,1452,33.203
act_fn,1453,33.132
act_fn,1454,33.15
act_fn,1455,33.361
act_fn,1456,33.291
act_fn,1457,33.163
act_fn,1458,33.254
act_fn,1459,33.257
act_fn,1460,33.288
act_fn,1461,33.346
act_fn,1462,33.279
act_fn,1463,33.233
act_fn,1464,33.296
act_fn,1465,33.314
act_fn,1466,33.321
act_fn,1467,33.327
act_fn,1468,33.35
act_fn,1469,33.386
act_fn,1470,33.366
act_fn,1471,33.428
act_fn,1472,33.285
act_fn,1473,33.493
act_fn,1474,33.568
act_fn,1475,33.479
act_fn,1476,33.391
act_fn,1477,33.56
act_fn,1478,33.552
act_fn,1479,33.626
act_fn,1480,33.583
act_fn,1481,33.585
act_fn,1482,33.604
act_fn,1483,33.738
act_fn,1484,33.654
act_fn,1485,33.631
act_fn,1486,33.792
act_fn,1487,33.828
act_fn,1488,33.749
act_fn,1489,33.811
act_fn,1490,33.906
act_fn,1491,33.851
act_fn,1492,33.913
act_fn,1493,33.797
act_fn,1494,33.974
act_fn,1495,34.057
act_fn,1496,33.935
act_fn,1497,33.992
act_fn,1498,34.026
act_fn,1499,34.047
act_fn,1500,34.102
act_fn,1501,34.157
act_fn,1502,34.147
act_fn,1503,34.142
act_fn,1504,34.262
act_fn,1505,34.247
act_fn,1506,34.147
act_fn,1507,34.244
act_fn,1508,34.385
act_fn,1509,34.249
act_fn,1510,34.324
act_fn,1511,34.285
act_fn,1512,34.5
act_fn,1513,34.366
act_fn,1514,34.438
act_fn,1515,34.424
act_fn,1516,34.554
act_fn,1517,34.602
act_fn,1518,34.492
act_fn,1519,34.581
act_fn,1520,34.667
act_fn,1521,34.58
act_fn,1522,34.698
act_fn,1523,34.7
act_fn,1524,34.645
act_fn,1525,34.73
act_fn,1526,34.773
act_fn,1527,34.752
act_fn,1528,34.78
act_fn,1529,34.756
act_fn,1530,34.924
act_fn,1531,34.885
act_fn,1532,35.041
act_fn,1533,34.94
act_fn,1534,35.041
act_fn,1535,35.048
act_fn,1536,34.742
act_fn,1537,35.514
act_fn,1538,35.706
act_fn,1539,35.643
act_fn,1540,35.687
act_fn,1541,35.692
act_fn,1542,35.654
act_fn,1543,35.694
act_fn,1544,35.709
act_fn,1545,35.777
act_fn,1546,35.886
act_fn,1547,35.755
act_fn,1548,36.001
act_fn,1549,35.838
act_fn,1550,35.905
act_fn,1551,35.956
act_fn,1552,35.917
act_fn,1553,35.897
act_fn,1554,36.07
act_fn,1555,36.012
act_fn,1556,36.055
act_fn,1557,36.046
act_fn,1558,36.047
act_fn,1559,35.984
act_fn,1560,36.069
act_fn,1561,36.211
act_fn,1562,36.149
act_fn,1563,36.268
act_fn,1564,36.236
act_fn,1565,36.382
act_fn,1566,36.221
act_fn,1567,36.467
act_fn,1568,36.412
act_fn,1569,36.284
act_fn,1570,36.327
act_fn,1571,36.455
act_fn,1572,36.349
act_fn,1573,36.485
act_fn,1574,36.513
act_fn,1575,36.566
act_fn,1576,36.557
act_fn,1577,36.54
act_fn,1578,36.489
act_fn,1579,36.591
act_fn,1580,36.516
act_fn,1581,36.717
act_fn,1582,36.704
act_fn,1583,36.576
act_fn,1584,36.418
act_fn,1585,36.661
act_fn,1586,36.869
act_fn,1587,36.757
act_fn,1588,36.733
act_fn,1589,36.866
act_fn,1590,36.934
act_fn,1591,36.773
act_fn,1592,36.906
act_fn,1593,36.828
act_fn,1594,36.988
act_fn,1595,36.924
act_fn,1596,37.235
act_fn,1597,36.882
act_fn,1598,36.919
act_fn,1599,37.005
act_fn,1600,36.261
act_fn,1601,37.226
act_fn,1602,37.236
act_fn,1603,37.205
act_fn,1604,37.289
act_fn,1605,37.137
act_fn,1606,37.381
act_fn,1607,37.243
act_fn,1608,37.25
act_fn,1609,37.347
act_fn,1610,36.8
act_fn,1611,36.728
act_fn,1612,36.966
act_fn,1613,36.91
act_fn,1614,37.028
act_fn,1615,36.872
act_fn,1616,36.965
act_fn,1617,36.872
act_fn,1618,37.081
act_fn,1619,37.073
act_fn,1620,37.207
act_fn,1621,37.122
act_fn,1622,37.154
act_fn,1623,37.192
act_fn,1624,37.161
act_fn,1625,37.019
act_fn,1626,37.136
act_fn,1627,37.015
act_fn,1628,37.204
act_fn,1629,37.357
act_fn,1630,37.347
act_fn,1631,37.532
act_fn,1632,36.944
act_fn,1633,37.34
act_fn,1634,37.512
act_fn,1635,37.305
act_fn,1636,37.309
act_fn,1637,37.437
act_fn,1638,37.373
act_fn,1639,37.287
act_fn,1640,37.3
act_fn,1641,37.434
act_fn,1642,37.483
act_fn,1643,37.618
act_fn,1644,37.476
act_fn,1645,37.624
act_fn,1646,37.531
act_fn,1647,37.652
act_fn,1648,37.553
act_fn,1649,37.657
act_fn,1650,37.693
act_fn,1651,37.774
act_fn,1652,37.801
act_fn,1653,37.768
act_fn,1654,37.853
act_fn,1655,37.811
act_fn,1656,37.857
act_fn,1657,38.012
act_fn,1658,37.805
act_fn,1659,37.86
act_fn,1660,38.053
act_fn,1661,38.087
act_fn,1662,38.047
act_fn,1663,37.995
act_fn,1664,37.583
act_fn,1665,38.395
act_fn,1666,38.55
act_fn,1667,38.663
act_fn,1668,38.64
act_fn,1669,38.707
act_fn,1670,38.767
act_fn,1671,38.755
act_fn,1672,38.765
act_fn,1673,38.725
act_fn,1674,38.76
act_fn,1675,38.841
act_fn,1676,38.88
act_fn,1677,38.932
act_fn,1678,39.084
act_fn,1679,39.085
act_fn,1680,39.112
act_fn,1681,39.116
act_fn,1682,39.193
act_fn,1683,39.032
act_fn,1684,39.146
act_fn,1685,39.168
act_fn,1686,39.395
act_fn,1687,39.209
act_fn,1688,39.288
act_fn,1689,39.201
act_fn,1690,39.436
act_fn,1691,39.168
act_fn,1692,39.305
act_fn,1693,39.395
act_fn,1694,39.327
act_fn,1695,39.346
act_fn,1696,39.416
act_fn,1697,39.505
act_fn,1698,39.565
act_fn,1699,39.465
act_fn,1700,39.476
act_fn,1701,39.541
act_fn,1702,39.649
act_fn,1703,39.614
act_fn,1704,39.488
act_fn,1705,39.63
act_fn,1706,39.665
act_fn,1707,39.683
act_fn,1708,39.659
act_fn,1709,39.799
act_fn,1710,39.775
act_fn,1711,39.804
act_fn,1712,39.674
act_fn,1713,39.819
act_fn,1714,39.838
act_fn,1715,39.993
act_fn,1716,39.702
act_fn,1717,39.955
act_fn,1718,40.035
act_fn,1719,40.068
act_fn,1720,40.1
act_fn,1721,40.044
act_fn,1722,40.022
act_fn,1723,40.042
act_fn,1724,40.073
act_fn,1725,40.256
act_fn,1726,40.097
act_fn,1727,40.186
act_fn,1728,40.186
act_fn,1729,40.242
act_fn,1730,40.184
act_fn,1731,40.129
act_fn,1732,40.278
act_fn,1733,40.314
act_fn,1734,40.333
act_fn,1735,40.339
act_fn,1736,40.53
act_fn,1737,40.409
act_fn,1738,40.608
act_fn,1739,40.526
act_fn,1740,40.634
act_fn,1741,40.583
act_fn,1742,40.502
act_fn,1743,40.453
act_fn,1744,40.605
act_fn,1745,40.837
act_fn,1746,40.545
act_fn,1747,40.636
act_fn,1748,40.726
act_fn,1749,40.614
act_fn,1750,40.676
act_fn,1751,40.688
act_fn,1752,40.81
act_fn,1753,40.919
act_fn,1754,40.947
act_fn,1755,40.986
act_fn,1756,41.003
act_fn,1757,41.054
act_fn,1758,41.178
act_fn,1759,41.079
act_fn,1760,41.238
act_fn,1761,41.381
act_fn,1762,41.415
act_fn,1763,41.431
act_fn,1764,41.52
act_fn,1765,41.498
act_fn,1766,41.65
act_fn,1767,41.468
act_fn,1768,41.559
act_fn,1769,41.795
act_fn,1770,41.707
act_fn,1771,41.85
act_fn,1772,41.874
act_fn,1773,41.77
act_fn,1774,41.902
act_fn,1775,42.048
act_fn,1776,41.9
act_fn,1777,42.003
act_fn,1778,42.139
act_fn,1779,42.171
act_fn,1780,42.068
act_fn,1781,42.239
act_fn,1782,42.213
act_fn,1783,42.357
act_fn,1784,42.186
act_fn,1785,42.451
act_fn,1786,42.416
act_fn,1787,42.49
act_fn,1788,42.407
act_fn,1789,42.533
act_fn,1790,42.635
act_fn,1791,42.447
act_fn,1792,42.565
act_fn,1793,42.091
act_fn,1794,42.006
act_fn,1795,42.072
act_fn,1796,42.183
act_fn,1797,42.157
act_fn,1798,42.222
act_fn,1799,42.008
act_fn,1800,42.003
act_fn,1801,41.933
act_fn,1802,42.357
act_fn,1803,42.184
act_fn,1804,42.154
act_fn,1805,42.277
act_fn,1806,42.027
act_fn,1807,42.26
act_fn,1808,42.124
act_fn,1809,42.384
act_fn,1810,42.517
act_fn,1811,42.384
act_fn,1812,42.456
act_fn,1813,42.562
act_fn,1814,42.448
act_fn,1815,42.458
act_fn,1816,42.678
act_fn,1817,42.51
act_fn,1818,42.703
act_fn,1819,42.596
act_fn,1820,42.62
act_fn,1821,42.734
act_fn,1822,42.72
act_fn,1823,42.631
act_fn,1824,42.417
act_fn,1825,42.707
act_fn,1826,42.789
act_fn,1827,42.885
act_fn,1828,42.956
act_fn,1829,42.847
act_fn,1830,42.994
act_fn,1831,42.777
act_fn,1832,42.916
act_fn,1833,42.889
act_fn,1834,43.123
act_fn,1835,42.948
act_fn,1836,43.089
act_fn,1837,43.298
act_fn,1838,43.221
act_fn,1839,43.177
act_fn,1840,43.001
act_fn,1841,43.18
act_fn,1842,43.433
act_fn,1843,43.253
act_fn,1844,43.481
act_fn,1845,43.444
act_fn,1846,43.501
act_fn,1847,43.692
act_fn,1848,43.673
act_fn,1849,43.498
act_fn,1850,43.624
act_fn,1851,43.574
act_fn,1852,43.661
act_fn,1853,43.684
act_fn,1854,43.711
act_fn,1855,43.759
act_fn,1856,43.456
act_fn,1857,43.948
act_fn,1858,43.896
act_fn,1859,43.836
act_fn,1860,43.99
act_fn,1861,43.846
act_fn,1862,43.926
act_fn,1863,44.064
act_fn,1864,44.168
act_fn,1865,43.917
act_fn,1866,44.066
act_fn,1867,44.222
act_fn,1868,44.078
act_fn,1869,44.057
act_fn,1870,44.308
act_fn,1871,44.296
act_fn,1872,44.165
act_fn,1873,44.569
act_fn,1874,44.557
act_fn,1875,44.537
act_fn,1876,44.239
act_fn,1877,44.534
act_fn,1878,44.487
act_fn,1879,44.639
act_fn,1880,44.701
act_fn,1881,44.6
act_fn,1882,44.684
act_fn,1883,44.926
act_fn,1884,44.644
act_fn,1885,44.73
act_fn,1886,44.769
act_fn,1887,44.855
act_fn,1888,44.51
act_fn,1889,44.896
act_fn,1890,45.159
act_fn,1891,45.002
act_fn,1892,44.999
act_fn,1893,45.064
act_fn,1894,45.183
act_fn,1895,45.041
act_fn,1896,45.136
act_fn,1897,45.226
act_fn,1898,45.292
act_fn,1899,45.302
act_fn,1900,45.31
act_fn,1901,45.301
act_fn,1902,45.148
act_fn,1903,45.178
act_fn,1904,45.063
act_fn,1905,44.795
act_fn,1906,44.816
act_fn,1907,44.849
act_fn,1908,45.087
act_fn,1909,44.955
act_fn,1910,44.971
act_fn,1911,44.896
act_fn,1912,45.017
act_fn,1913,45.022
act_fn,1914,45.142
act_fn,1915,45.19
act_fn,1916,45.184
act_fn,1917,45.067
act_fn,1918,45.355
act_fn,1919,45.213
act_fn,1920,45.262
act_fn,1921,46.247
act_fn,1922,46.376
act_fn,1923,46.572
act_fn,1924,46.541
act_fn,1925,46.377
act_fn,1926,46.503
act_fn,1927,46.47
act_fn,1928,46.487
act_fn,1929,46.491
act_fn,1930,46.636
act_fn,1931,46.749
act_fn,1932,46.675
act_fn,1933,46.625
act_fn,1934,46.685
act_fn,1935,46.686
act_fn,1936,46.901
act_fn,1937,46.704
act_fn,1938,46.702
act_fn,1939,46.877
act_fn,1940,46.832
act_fn,1941,46.925
act_fn,1942,46.841
act_fn,1943,46.867
act_fn,1944,46.984
act_fn,1945,46.885
act_fn,1946,47.035
act_fn,1947,46.889
act_fn,1948,47.03
act_fn,1949,47.2
act_fn,1950,47.121
act_fn,1951,47.271
act_fn,1952,47.231
act_fn,1953,47.257
act_fn,1954,47.222
act_fn,1955,47.282
act_fn,1956,47.266
act_fn,1957,47.278
act_fn,1958,47.453
act_fn,1959,47.316
act_fn,1960,47.47
act_fn,1961,47.431
act_fn,1962,47.662
act_fn,1963,47.611
act_fn,1964,47.546
act_fn,1965,47.573
act_fn,1966,47.519
act_fn,1967,47.647
act_fn,1968,47.736
act_fn,1969,47.79
act_fn,1970,47.704
act_fn,1971,47.828
act_fn,1972,47.829
act_fn,1973,47.964
act_fn,1974,47.938
act_fn,1975,47.886
act_fn,1976,48.064
act_fn,1977,48.012
act_fn,1978,48.054
act_fn,1979,47.937
act_fn,1980,48.047
act_fn,1981,48.171
act_fn,1982,48.216
act_fn,1983,48.258
act_fn,1984,47.575
act_fn,1985,48.217
act_fn,1986,48.338
act_fn,1987,48.346
act_fn,1988,48.462
act_fn,1989,48.425
act_fn,1990,48.342
act_fn,1991,48.445
act_fn,1992,48.511
act_fn,1993,48.599
act_fn,1994,48.618
act_fn,1995,48.73
act_fn,1996,48.64
act_fn,1997,48.652
act_fn,1998,48.6
act_fn,1999,48.827
act_fn,2000,48.822
act_fn,2001,48.767
act_fn,2002,48.846
act_fn,2003,48.876
act_fn,2004,49.032
act_fn,2005,48.958
act_fn,2006,48.964
act_fn,2007,49.185
act_fn,2008,48.986
act_fn,2009,49.029
act_fn,2010,49.107
act_fn,2011,49.119
act_fn,2012,49.044
act_fn,2013,49.24
act_fn,2014,49.297
act_fn,2015,49.295
act_fn,2016,49.203
act_fn,2017,49.443
act_fn,2018,49.397
act_fn,2019,49.42
act_fn,2020,49.474
act_fn,2021,49.551
act_fn,2022,49.59
act_fn,2023,49.503
act_fn,2024,49.606
act_fn,2025,49.686
act_fn,2026,49.749
act_fn,2027,49.704
act_fn,2028,49.773
act_fn,2029,49.788
act_fn,2030,49.709
act_fn,2031,49.982
act_fn,2032,49.373
act_fn,2033,49.844
act_fn,2034,49.816
act_fn,2035,49.983
act_fn,2036,50.091
act_fn,2037,50.074
act_fn,2038,50.061
act_fn,2039,50.032
act_fn,2040,50.136
act_fn,2041,50.106
act_fn,2042,50.216
act_fn,2043,50.367
act_fn,2044,50.273
act_fn,2045,50.171
act_fn,2046,50.351
act_fn,2047,50.387
act_fn,2048,49.827
down_proj,1,40.014
down_proj,2,40.23
down_proj,3,40.452
down_proj,4,40.591
down_proj,5,40.674
down_proj,6,40.86
down_proj,7,40.869
down_proj,8,40.946
down_proj,9,40.475
down_proj,10,40.441
down_proj,11,40.579
down_proj,12,40.736
down_proj,13,40.661
down_proj,14,40.816
down_proj,15,40.701
down_proj,16,41.116
down_proj,17,41.124
down_proj,18,41.192
down_proj,19,41.229
down_proj,20,41.259
down_proj,21,41.341
down_proj,22,41.279
down_proj,23,41.403
down_proj,24,41.351
down_proj,25,41.448
down_proj,26,41.655
down_proj,27,41.423
down_proj,28,41.511
down_proj,29,41.507
down_proj,30,41.737
down_proj,31,41.632
down_proj,32,41.694
down_proj,33,41.893
down_proj,34,41.817
down_proj,35,41.727
down_proj,36,41.866
down_proj,37,41.973
down_proj,38,42.019
down_proj,39,42.001
down_proj,40,41.981
down_proj,41,41.976
down_proj,42,42.027
down_proj,43,42.069
down_proj,44,42.037
down_proj,45,42.127
down_proj,46,41.908
down_proj,47,42.051
down_proj,48,42.167
down_proj,49,42.264
down_proj,50,42.151
down_proj,51,42.233
down_proj,52,42.142
down_proj,53,42.09
down_proj,54,42.411
down_proj,55,42.212
down_proj,56,42.189
down_proj,57,42.19
down_proj,58,42.113
down_proj,59,42.255
down_proj,60,42.374
down_proj,61,42.356
down_proj,62,42.143
down_proj,63,42.156
down_proj,64,42.246
down_proj,65,42.484
down_proj,66,42.534
down_proj,67,42.537
down_proj,68,42.466
down_proj,69,42.532
down_proj,70,42.42
down_proj,71,42.728
down_proj,72,42.536
down_proj,73,42.515
down_proj,74,42.531
down_proj,75,42.547
down_proj,76,42.589
down_proj,77,42.681
down_proj,78,42.669
down_proj,79,42.686
down_proj,80,42.721
down_proj,81,42.794
down_proj,82,42.71
down_proj,83,43.069
down_proj,84,42.798
down_proj,85,43.003
down_proj,86,42.785
down_proj,87,42.903
down_proj,88,43.075
down_proj,89,43.136
down_proj,90,43.046
down_proj,91,43.216
down_proj,92,43.189
down_proj,93,43.377
down_proj,94,43.222
down_proj,95,43.29
down_proj,96,43.24
down_proj,97,43.347
down_proj,98,43.755
down_proj,99,43.45
down_proj,100,43.466
down_proj,101,43.62
down_proj,102,43.633
down_proj,103,43.6
down_proj,104,43.696
down_proj,105,43.468
down_proj,106,43.539
down_proj,107,43.672
down_proj,108,43.495
down_proj,109,43.728
down_proj,110,43.673
down_proj,111,43.698
down_proj,112,43.828
down_proj,113,43.879
down_proj,114,44.074
down_proj,115,44.007
down_proj,116,43.962
down_proj,117,44.067
down_proj,118,44.037
down_proj,119,44.0
down_proj,120,44.335
down_proj,121,44.391
down_proj,122,44.426
down_proj,123,44.505
down_proj,124,44.592
down_proj,125,44.432
down_proj,126,44.636
down_proj,127,44.625
down_proj,128,44.53
down_proj,129,45.124
down_proj,130,44.831
down_proj,131,44.869
down_proj,132,44.803
down_proj,133,44.798
down_proj,134,44.774
down_proj,135,44.845
down_proj,136,44.794
down_proj,137,44.836
down_proj,138,44.841
down_proj,139,45.044
down_proj,140,44.961
down_proj,141,44.937
down_proj,142,44.943
down_proj,143,44.935
down_proj,144,45.11
down_proj,145,45.487
down_proj,146,45.469
down_proj,147,45.396
down_proj,148,45.327
down_proj,149,45.337
down_proj,150,45.348
down_proj,151,45.316
down_proj,152,45.414
down_proj,153,45.363
down_proj,154,45.508
down_proj,155,45.348
down_proj,156,45.494
down_proj,157,45.434
down_proj,158,45.297
down_proj,159,45.358
down_proj,160,45.442
down_proj,161,45.617
down_proj,162,45.741
down_proj,163,45.817
down_proj,164,45.798
down_proj,165,45.694
down_proj,166,45.867
down_proj,167,45.765
down_proj,168,45.882
down_proj,169,45.829
down_proj,170,45.808
down_proj,171,45.896
down_proj,172,46.209
down_proj,173,46.07
down_proj,174,45.968
down_proj,175,45.83
down_proj,176,46.65
down_proj,177,46.198
down_proj,178,46.15
down_proj,179,46.233
down_proj,180,46.248
down_proj,181,46.378
down_proj,182,46.288
down_proj,183,46.205
down_proj,184,46.251
down_proj,185,46.456
down_proj,186,46.335
down_proj,187,46.439
down_proj,188,46.318
down_proj,189,46.376
down_proj,190,46.38
down_proj,191,46.297
down_proj,192,48.193
down_proj,193,46.827
down_proj,194,46.901
down_proj,195,46.868
down_proj,196,46.911
down_proj,197,46.967
down_proj,198,47.004
down_proj,199,46.79
down_proj,200,46.846
down_proj,201,47.106
down_proj,202,46.915
down_proj,203,46.793
down_proj,204,46.981
down_proj,205,47.056
down_proj,206,47.019
down_proj,207,47.024
down_proj,208,47.273
down_proj,209,47.111
down_proj,210,47.154
down_proj,211,47.424
down_proj,212,47.397
down_proj,213,47.384
down_proj,214,47.376
down_proj,215,47.389
down_proj,216,47.395
down_proj,217,47.343
down_proj,218,47.554
down_proj,219,47.318
down_proj,220,47.423
down_proj,221,47.538
down_proj,222,47.4
down_proj,223,47.53
down_proj,224,52.025
down_proj,225,48.717
down_proj,226,48.793
down_proj,227,48.794
down_proj,228,48.779
down_proj,229,48.679
down_proj,230,48.717
down_proj,231,48.81
down_proj,232,48.854
down_proj,233,48.879
down_proj,234,48.783
down_proj,235,48.703
down_proj,236,48.688
down_proj,237,48.798
down_proj,238,48.994
down_proj,239,48.817
down_proj,240,49.478
down_proj,241,49.105
down_proj,242,49.027
down_proj,243,49.165
down_proj,244,49.062
down_proj,245,49.094
down_proj,246,48.876
down_proj,247,48.983
down_proj,248,49.261
down_proj,249,49.153
down_proj,250,49.034
down_proj,251,49.166
down_proj,252,49.206
down_proj,253,49.243
down_proj,254,49.171
down_proj,255,49.33
down_proj,256,49.162
down_proj,257,49.707
down_proj,258,49.851
down_proj,259,49.841
down_proj,260,49.782
down_proj,261,49.691
down_proj,262,49.791
down_proj,263,49.732
down_proj,264,49.716
down_proj,265,49.702
down_proj,266,49.846
down_proj,267,49.916
down_proj,268,49.861
down_proj,269,49.895
down_proj,270,50.071
down_proj,271,49.899
down_proj,272,50.416
down_proj,273,50.385
down_proj,274,50.476
down_proj,275,50.417
down_proj,276,50.504
down_proj,277,50.511
down_proj,278,50.597
down_proj,279,50.506
down_proj,280,50.421
down_proj,281,50.47
down_proj,282,50.432
down_proj,283,50.646
down_proj,284,50.513
down_proj,285,50.634
down_proj,286,50.662
down_proj,287,50.693
down_proj,288,54.153
down_proj,289,51.333
down_proj,290,51.403
down_proj,291,51.378
down_proj,292,51.326
down_proj,293,51.384
down_proj,294,51.48
down_proj,295,51.336
down_proj,296,51.462
down_proj,297,51.535
down_proj,298,51.422
down_proj,299,51.83
down_proj,300,51.5
down_proj,301,51.503
down_proj,302,51.601
down_proj,303,51.613
down_proj,304,54.371
down_proj,305,55.49
down_proj,306,55.402
down_proj,307,55.429
down_proj,308,55.481
down_proj,309,55.641
down_proj,310,55.518
down_proj,311,55.707
down_proj,312,55.708
down_proj,313,54.549
down_proj,314,54.61
down_proj,315,54.517
down_proj,316,54.635
down_proj,317,54.685
down_proj,318,54.76
down_proj,319,54.815
down_proj,320,54.84
down_proj,321,55.97
down_proj,322,56.24
down_proj,323,56.178
down_proj,324,56.198
down_proj,325,55.951
down_proj,326,56.154
down_proj,327,56.145
down_proj,328,56.132
down_proj,329,56.54
down_proj,330,56.262
down_proj,331,56.303
down_proj,332,56.332
down_proj,333,56.558
down_proj,334,56.673
down_proj,335,56.532
down_proj,336,57.62
down_proj,337,57.839
down_proj,338,57.993
down_proj,339,57.794
down_proj,340,57.994
down_proj,341,57.812
down_proj,342,57.96
down_proj,343,58.07
down_proj,344,57.989
down_proj,345,58.058
down_proj,346,58.046
down_proj,347,58.265
down_proj,348,58.215
down_proj,349,58.035
down_proj,350,58.327
down_proj,351,58.337
down_proj,352,61.656
down_proj,353,59.424
down_proj,354,59.315
down_proj,355,59.444
down_proj,356,59.395
down_proj,357,59.561
down_proj,358,59.681
down_proj,359,59.659
down_proj,360,59.558
down_proj,361,59.701
down_proj,362,59.583
down_proj,363,59.871
down_proj,364,59.635
down_proj,365,59.809
down_proj,366,59.579
down_proj,367,59.855
down_proj,368,61.966
down_proj,369,62.264
down_proj,370,61.958
down_proj,371,62.191
down_proj,372,62.163
down_proj,373,62.164
down_proj,374,62.374
down_proj,375,62.265
down_proj,376,62.086
down_proj,377,62.375
down_proj,378,62.349
down_proj,379,62.562
down_proj,380,62.842
down_proj,381,62.664
down_proj,382,62.613
down_proj,383,62.737
down_proj,384,63.164
down_proj,385,63.04
down_proj,386,62.908
down_proj,387,63.144
down_proj,388,63.103
down_proj,389,63.189
down_proj,390,63.172
down_proj,391,63.4
down_proj,392,63.205
down_proj,393,63.293
down_proj,394,63.382
down_proj,395,63.424
down_proj,396,63.262
down_proj,397,63.4
down_proj,398,63.391
down_proj,399,63.46
down_proj,400,64.828
down_proj,401,65.009
down_proj,402,65.062
down_proj,403,65.126
down_proj,404,65.009
down_proj,405,65.065
down_proj,406,65.097
down_proj,407,65.214
down_proj,408,65.255
down_proj,409,65.269
down_proj,410,65.42
down_proj,411,65.379
down_proj,412,65.31
down_proj,413,65.473
down_proj,414,65.557
down_proj,415,65.592
down_proj,416,70.336
down_proj,417,68.786
down_proj,418,68.68
down_proj,419,68.893
down_proj,420,68.975
down_proj,421,68.947
down_proj,422,68.898
down_proj,423,68.927
down_proj,424,68.908
down_proj,425,69.102
down_proj,426,68.954
down_proj,427,69.135
down_proj,428,69.074
down_proj,429,69.135
down_proj,430,69.159
down_proj,431,69.103
down_proj,432,69.21
down_proj,433,70.883
down_proj,434,70.862
down_proj,435,70.955
down_proj,436,70.922
down_proj,437,71.186
down_proj,438,71.283
down_proj,439,71.261
down_proj,440,71.12
down_proj,441,71.287
down_proj,442,71.419
down_proj,443,71.314
down_proj,444,71.297
down_proj,445,71.284
down_proj,446,71.456
down_proj,447,71.487
down_proj,448,76.957
down_proj,449,72.841
down_proj,450,72.788
down_proj,451,72.86
down_proj,452,72.913
down_proj,453,73.039
down_proj,454,73.007
down_proj,455,72.984
down_proj,456,73.036
down_proj,457,73.15
down_proj,458,73.161
down_proj,459,73.23
down_proj,460,73.273
down_proj,461,73.154
down_proj,462,73.264
down_proj,463,73.253
down_proj,464,76.278
down_proj,465,76.246
down_proj,466,76.363
down_proj,467,76.414
down_proj,468,76.368
down_proj,469,76.437
down_proj,470,76.482
down_proj,471,76.504
down_proj,472,76.666
down_proj,473,76.64
down_proj,474,76.637
down_proj,475,76.606
down_proj,476,76.824
down_proj,477,76.749
down_proj,478,76.76
down_proj,479,76.931
down_proj,480,76.877
down_proj,481,76.646
down_proj,482,76.618
down_proj,483,76.707
down_proj,484,76.649
down_proj,485,76.747
down_proj,486,76.768
down_proj,487,76.8
down_proj,488,76.826
down_proj,489,76.931
down_proj,490,76.977
down_proj,491,76.916
down_proj,492,76.888
down_proj,493,77.012
down_proj,494,76.943
down_proj,495,77.108
down_proj,496,78.506
down_proj,497,78.956
down_proj,498,78.92
down_proj,499,78.969
down_proj,500,79.036
down_proj,501,78.975
down_proj,502,79.183
down_proj,503,79.206
down_proj,504,78.845
down_proj,505,79.305
down_proj,506,79.356
down_proj,507,79.445
down_proj,508,79.35
down_proj,509,79.436
down_proj,510,79.435
down_proj,511,79.57
down_proj,512,79.055
down_proj,513,82.098
down_proj,514,82.047
down_proj,515,82.179
down_proj,516,82.265
down_proj,517,82.242
down_proj,518,82.318
down_proj,519,82.28
down_proj,520,82.435
down_proj,521,82.386
down_proj,522,82.437
down_proj,523,82.454
down_proj,524,82.625
down_proj,525,82.603
down_proj,526,82.563
down_proj,527,82.697
down_proj,528,82.633
down_proj,529,83.564
down_proj,530,83.72
down_proj,531,83.601
down_proj,532,83.782
down_proj,533,83.814
down_proj,534,83.717
down_proj,535,83.964
down_proj,536,83.891
down_proj,537,83.912
down_proj,538,83.913
down_proj,539,84.047
down_proj,540,83.917
down_proj,541,84.258
down_proj,542,84.089
down_proj,543,84.047
down_proj,544,87.297
down_proj,545,87.327
down_proj,546,87.44
down_proj,547,87.36
down_proj,548,87.431
down_proj,549,87.421
down_proj,550,87.503
down_proj,551,87.64
down_proj,552,87.677
down_proj,553,87.599
down_proj,554,87.656
down_proj,555,87.735
down_proj,556,87.81
down_proj,557,87.697
down_proj,558,87.783
down_proj,559,87.798
down_proj,560,87.723
down_proj,561,87.855
down_proj,562,87.952
down_proj,563,88.058
down_proj,564,87.997
down_proj,565,87.99
down_proj,566,88.126
down_proj,567,88.241
down_proj,568,88.105
down_proj,569,88.177
down_proj,570,88.111
down_proj,571,88.266
down_proj,572,88.255
down_proj,573,88.228
down_proj,574,88.306
down_proj,575,88.274
down_proj,576,88.408
down_proj,577,91.377
down_proj,578,91.414
down_proj,579,91.587
down_proj,580,91.307
down_proj,581,91.368
down_proj,582,91.45
down_proj,583,91.594
down_proj,584,91.519
down_proj,585,91.616
down_proj,586,91.586
down_proj,587,91.755
down_proj,588,91.633
down_proj,589,91.697
down_proj,590,91.908
down_proj,591,91.878
down_proj,592,92.552
down_proj,593,91.858
down_proj,594,92.025
down_proj,595,92.236
down_proj,596,91.889
down_proj,597,92.043
down_proj,598,92.248
down_proj,599,92.23
down_proj,600,92.121
down_proj,601,92.162
down_proj,602,92.216
down_proj,603,92.346
down_proj,604,92.225
down_proj,605,92.497
down_proj,606,92.314
down_proj,607,92.488
down_proj,608,95.993
down_proj,609,94.871
down_proj,610,94.944
down_proj,611,95.071
down_proj,612,94.92
down_proj,613,94.972
down_proj,614,95.117
down_proj,615,95.112
down_proj,616,95.139
down_proj,617,95.317
down_proj,618,95.32
down_proj,619,95.279
down_proj,620,95.257
down_proj,621,95.397
down_proj,622,95.506
down_proj,623,95.373
down_proj,624,95.499
down_proj,625,96.62
down_proj,626,96.439
down_proj,627,96.428
down_proj,628,96.599
down_proj,629,96.893
down_proj,630,96.684
down_proj,631,96.761
down_proj,632,96.961
down_proj,633,97.01
down_proj,634,96.939
down_proj,635,96.835
down_proj,636,96.847
down_proj,637,97.025
down_proj,638,96.997
down_proj,639,96.942
down_proj,640,98.414
down_proj,641,100.923
down_proj,642,100.65
down_proj,643,100.909
down_proj,644,101.209
down_proj,645,100.683
down_proj,646,101.034
down_proj,647,101.009
down_proj,648,100.964
down_proj,649,99.828
down_proj,650,99.83
down_proj,651,100.068
down_proj,652,100.316
down_proj,653,100.396
down_proj,654,100.163
down_proj,655,100.051
down_proj,656,103.482
down_proj,657,100.19
down_proj,658,100.174
down_proj,659,100.363
down_proj,660,100.391
down_proj,661,100.385
down_proj,662,100.367
down_proj,663,100.489
down_proj,664,100.516
down_proj,665,100.686
down_proj,666,100.623
down_proj,667,100.586
down_proj,668,100.525
down_proj,669,100.541
down_proj,670,100.559
down_proj,671,100.87
down_proj,672,126.111
down_proj,673,104.958
down_proj,674,104.806
down_proj,675,105.263
down_proj,676,105.118
down_proj,677,105.246
down_proj,678,105.296
down_proj,679,105.142
down_proj,680,105.002
down_proj,681,105.011
down_proj,682,105.123
down_proj,683,105.168
down_proj,684,105.194
down_proj,685,105.344
down_proj,686,105.318
down_proj,687,105.343
down_proj,688,105.607
down_proj,689,106.145
down_proj,690,105.675
down_proj,691,105.374
down_proj,692,105.612
down_proj,693,105.737
down_proj,694,105.603
down_proj,695,105.828
down_proj,696,105.721
down_proj,697,105.576
down_proj,698,105.92
down_proj,699,105.723
down_proj,700,105.84
down_proj,701,105.957
down_proj,702,105.916
down_proj,703,105.874
down_proj,704,116.322
down_proj,705,110.059
down_proj,706,109.979
down_proj,707,110.347
down_proj,708,109.862
down_proj,709,110.203
down_proj,710,110.187
down_proj,711,110.209
down_proj,712,110.409
down_proj,713,110.592
down_proj,714,110.266
down_proj,715,110.557
down_proj,716,110.48
down_proj,717,110.625
down_proj,718,110.544
down_proj,719,110.76
down_proj,720,116.212
down_proj,721,111.244
down_proj,722,111.248
down_proj,723,111.342
down_proj,724,111.342
down_proj,725,111.348
down_proj,726,111.597
down_proj,727,111.351
down_proj,728,111.41
down_proj,729,111.664
down_proj,730,111.583
down_proj,731,111.536
down_proj,732,111.539
down_proj,733,111.645
down_proj,734,111.605
down_proj,735,111.639
down_proj,736,117.474
down_proj,737,117.479
down_proj,738,117.627
down_proj,739,117.567
down_proj,740,117.599
down_proj,741,117.642
down_proj,742,117.632
down_proj,743,117.706
down_proj,744,117.692
down_proj,745,117.701
down_proj,746,117.689
down_proj,747,117.85
down_proj,748,118.04
down_proj,749,117.82
down_proj,750,117.911
down_proj,751,118.059
down_proj,752,117.841
down_proj,753,118.118
down_proj,754,118.003
down_proj,755,118.026
down_proj,756,118.158
down_proj,757,118.073
down_proj,758,118.311
down_proj,759,118.226
down_proj,760,118.188
down_proj,761,118.334
down_proj,762,118.347
down_proj,763,118.349
down_proj,764,118.374
down_proj,765,118.405
down_proj,766,118.48
down_proj,767,118.489
down_proj,768,118.482
down_proj,769,120.204
down_proj,770,120.172
down_proj,771,120.3
down_proj,772,120.334
down_proj,773,120.22
down_proj,774,120.38
down_proj,775,120.485
down_proj,776,120.446
down_proj,777,120.392
down_proj,778,120.572
down_proj,779,120.587
down_proj,780,120.626
down_proj,781,120.591
down_proj,782,120.657
down_proj,783,120.709
down_proj,784,122.177
down_proj,785,120.686
down_proj,786,120.811
down_proj,787,120.886
down_proj,788,120.778
down_proj,789,120.914
down_proj,790,121.026
down_proj,791,121.015
down_proj,792,121.083
down_proj,793,119.441
down_proj,794,119.532
down_proj,795,119.399
down_proj,796,119.475
down_proj,797,119.479
down_proj,798,119.571
down_proj,799,119.992
down_proj,800,140.807
down_proj,801,123.606
down_proj,802,123.024
down_proj,803,123.084
down_proj,804,123.666
down_proj,805,123.184
down_proj,806,123.148
down_proj,807,123.416
down_proj,808,123.329
down_proj,809,123.284
down_proj,810,123.303
down_proj,811,123.685
down_proj,812,123.424
down_proj,813,123.463
down_proj,814,123.823
down_proj,815,123.58
down_proj,816,123.706
down_proj,817,123.746
down_proj,818,124.117
down_proj,819,124.12
down_proj,820,123.664
down_proj,821,123.709
down_proj,822,124.158
down_proj,823,124.016
down_proj,824,123.99
down_proj,825,123.938
down_proj,826,123.858
down_proj,827,124.269
down_proj,828,124.031
down_proj,829,124.23
down_proj,830,124.349
down_proj,831,124.081
down_proj,832,153.249
down_proj,833,132.193
down_proj,834,132.183
down_proj,835,132.24
down_proj,836,132.302
down_proj,837,132.415
down_proj,838,132.391
down_proj,839,132.597
down_proj,840,132.405
down_proj,841,132.573
down_proj,842,132.633
down_proj,843,132.538
down_proj,844,132.523
down_proj,845,132.578
down_proj,846,132.862
down_proj,847,132.695
down_proj,848,132.873
down_proj,849,132.911
down_proj,850,133.032
down_proj,851,133.011
down_proj,852,132.892
down_proj,853,133.143
down_proj,854,133.148
down_proj,855,133.195
down_proj,856,133.272
down_proj,857,133.275
down_proj,858,133.388
down_proj,859,133.218
down_proj,860,133.233
down_proj,861,133.357
down_proj,862,133.592
down_proj,863,133.619
down_proj,864,134.279
down_proj,865,133.387
down_proj,866,132.948
down_proj,867,133.138
down_proj,868,133.483
down_proj,869,133.101
down_proj,870,133.218
down_proj,871,133.125
down_proj,872,133.73
down_proj,873,133.606
down_proj,874,133.402
down_proj,875,133.943
down_proj,876,133.461
down_proj,877,133.712
down_proj,878,134.031
down_proj,879,133.947
down_proj,880,133.721
down_proj,881,134.127
down_proj,882,134.481
down_proj,883,133.963
down_proj,884,134.457
down_proj,885,134.397
down_proj,886,134.181
down_proj,887,134.294
down_proj,888,134.393
down_proj,889,134.314
down_proj,890,134.579
down_proj,891,134.463
down_proj,892,134.546
down_proj,893,134.613
down_proj,894,134.691
down_proj,895,134.667
down_proj,896,152.757
down_proj,897,138.506
down_proj,898,138.612
down_proj,899,138.604
down_proj,900,138.707
down_proj,901,138.618
down_proj,902,138.598
down_proj,903,138.723
down_proj,904,138.865
down_proj,905,139.01
down_proj,906,138.878
down_proj,907,139.093
down_proj,908,139.04
down_proj,909,138.993
down_proj,910,139.099
down_proj,911,139.146
down_proj,912,144.462
down_proj,913,139.389
down_proj,914,139.342
down_proj,915,139.288
down_proj,916,139.357
down_proj,917,139.488
down_proj,918,139.569
down_proj,919,139.653
down_proj,920,139.54
down_proj,921,139.642
down_proj,922,139.683
down_proj,923,139.701
down_proj,924,139.607
down_proj,925,139.873
down_proj,926,139.758
down_proj,927,139.796
down_proj,928,144.419
down_proj,929,146.419
down_proj,930,146.259
down_proj,931,146.275
down_proj,932,146.414
down_proj,933,146.701
down_proj,934,146.649
down_proj,935,146.69
down_proj,936,146.533
down_proj,937,145.062
down_proj,938,144.472
down_proj,939,144.385
down_proj,940,144.952
down_proj,941,145.245
down_proj,942,145.217
down_proj,943,144.58
down_proj,944,145.998
down_proj,945,144.897
down_proj,946,144.704
down_proj,947,145.145
down_proj,948,144.858
down_proj,949,145.004
down_proj,950,145.868
down_proj,951,145.175
down_proj,952,145.802
down_proj,953,145.649
down_proj,954,145.114
down_proj,955,145.935
down_proj,956,145.866
down_proj,957,145.22
down_proj,958,145.671
down_proj,959,145.904
down_proj,960,143.677
down_proj,961,147.53
down_proj,962,147.568
down_proj,963,147.765
down_proj,964,147.836
down_proj,965,147.865
down_proj,966,147.997
down_proj,967,147.806
down_proj,968,147.909
down_proj,969,147.8
down_proj,970,147.973
down_proj,971,148.187
down_proj,972,147.861
down_proj,973,148.365
down_proj,974,148.087
down_proj,975,148.238
down_proj,976,152.567
down_proj,977,148.282
down_proj,978,148.254
down_proj,979,148.291
down_proj,980,148.271
down_proj,981,148.718
down_proj,982,148.523
down_proj,983,148.591
down_proj,984,148.547
down_proj,985,148.669
down_proj,986,148.75
down_proj,987,148.728
down_proj,988,148.815
down_proj,989,148.684
down_proj,990,148.731
down_proj,991,148.703
down_proj,992,151.518
down_proj,993,153.02
down_proj,994,152.853
down_proj,995,153.046
down_proj,996,153.096
down_proj,997,153.22
down_proj,998,153.156
down_proj,999,153.108
down_proj,1000,153.171
down_proj,1001,153.307
down_proj,1002,153.225
down_proj,1003,153.429
down_proj,1004,153.335
down_proj,1005,153.31
down_proj,1006,153.327
down_proj,1007,153.413
down_proj,1008,153.395
down_proj,1009,152.812
down_proj,1010,152.774
down_proj,1011,152.786
down_proj,1012,152.942
down_proj,1013,152.941
down_proj,1014,152.909
down_proj,1015,153.031
down_proj,1016,152.92
down_proj,1017,153.054
down_proj,1018,153.149
down_proj,1019,153.054
down_proj,1020,153.075
down_proj,1021,153.293
down_proj,1022,153.171
down_proj,1023,153.308
down_proj,1024,152.26
down_proj,1025,158.984
down_proj,1026,159.04
down_proj,1027,159.036
down_proj,1028,159.097
down_proj,1029,159.161
down_proj,1030,159.2
down_proj,1031,159.207
down_proj,1032,159.3
down_proj,1033,159.423
down_proj,1034,159.454
down_proj,1035,159.517
down_proj,1036,159.373
down_proj,1037,159.619
down_proj,1038,159.535
down_proj,1039,159.677
down_proj,1040,160.876
down_proj,1041,159.59
down_proj,1042,159.741
down_proj,1043,159.768
down_proj,1044,159.95
down_proj,1045,159.958
down_proj,1046,159.987
down_proj,1047,159.922
down_proj,1048,160.098
down_proj,1049,159.944
down_proj,1050,160.223
down_proj,1051,160.142
down_proj,1052,160.235
down_proj,1053,160.399
down_proj,1054,160.501
down_proj,1055,160.284
down_proj,1056,172.672
down_proj,1057,163.976
down_proj,1058,164.137
down_proj,1059,164.157
down_proj,1060,164.012
down_proj,1061,164.099
down_proj,1062,164.343
down_proj,1063,164.367
down_proj,1064,164.245
down_proj,1065,164.429
down_proj,1066,164.541
down_proj,1067,164.549
down_proj,1068,164.545
down_proj,1069,164.878
down_proj,1070,164.787
down_proj,1071,164.902
down_proj,1072,162.686
down_proj,1073,164.693
down_proj,1074,164.893
down_proj,1075,164.744
down_proj,1076,164.899
down_proj,1077,165.146
down_proj,1078,165.154
down_proj,1079,165.124
down_proj,1080,165.008
down_proj,1081,165.337
down_proj,1082,165.048
down_proj,1083,165.326
down_proj,1084,165.072
down_proj,1085,164.927
down_proj,1086,165.173
down_proj,1087,165.399
down_proj,1088,172.279
down_proj,1089,172.303
down_proj,1090,172.246
down_proj,1091,172.373
down_proj,1092,172.278
down_proj,1093,172.411
down_proj,1094,172.567
down_proj,1095,172.273
down_proj,1096,172.274
down_proj,1097,172.425
down_proj,1098,172.651
down_proj,1099,172.704
down_proj,1100,172.496
down_proj,1101,172.529
down_proj,1102,172.591
down_proj,1103,172.703
down_proj,1104,172.552
down_proj,1105,172.718
down_proj,1106,172.695
down_proj,1107,172.925
down_proj,1108,172.923
down_proj,1109,172.896
down_proj,1110,173.112
down_proj,1111,172.882
down_proj,1112,172.951
down_proj,1113,172.893
down_proj,1114,173.136
down_proj,1115,172.949
down_proj,1116,172.912
down_proj,1117,172.862
down_proj,1118,173.083
down_proj,1119,172.959
down_proj,1120,173.252
down_proj,1121,172.739
down_proj,1122,172.782
down_proj,1123,173.114
down_proj,1124,173.092
down_proj,1125,172.892
down_proj,1126,173.1
down_proj,1127,173.023
down_proj,1128,173.096
down_proj,1129,173.107
down_proj,1130,173.075
down_proj,1131,173.297
down_proj,1132,173.265
down_proj,1133,173.226
down_proj,1134,173.294
down_proj,1135,173.393
down_proj,1136,173.204
down_proj,1137,173.361
down_proj,1138,173.222
down_proj,1139,173.412
down_proj,1140,173.525
down_proj,1141,173.6
down_proj,1142,173.544
down_proj,1143,173.558
down_proj,1144,173.679
down_proj,1145,173.762
down_proj,1146,173.733
down_proj,1147,173.903
down_proj,1148,173.957
down_proj,1149,173.795
down_proj,1150,173.896
down_proj,1151,173.89
down_proj,1152,174.007
down_proj,1153,181.461
down_proj,1154,181.551
down_proj,1155,181.618
down_proj,1156,181.696
down_proj,1157,181.585
down_proj,1158,181.763
down_proj,1159,181.741
down_proj,1160,181.837
down_proj,1161,181.541
down_proj,1162,181.679
down_proj,1163,181.832
down_proj,1164,181.537
down_proj,1165,181.939
down_proj,1166,181.98
down_proj,1167,181.958
down_proj,1168,180.092
down_proj,1169,182.094
down_proj,1170,182.021
down_proj,1171,182.346
down_proj,1172,182.043
down_proj,1173,182.104
down_proj,1174,182.315
down_proj,1175,182.309
down_proj,1176,182.257
down_proj,1177,181.372
down_proj,1178,181.531
down_proj,1179,181.466
down_proj,1180,181.854
down_proj,1181,181.638
down_proj,1182,181.545
down_proj,1183,181.704
down_proj,1184,187.606
down_proj,1185,181.941
down_proj,1186,181.892
down_proj,1187,181.993
down_proj,1188,182.027
down_proj,1189,181.988
down_proj,1190,182.018
down_proj,1191,182.126
down_proj,1192,181.79
down_proj,1193,182.133
down_proj,1194,182.204
down_proj,1195,182.194
down_proj,1196,182.354
down_proj,1197,182.384
down_proj,1198,182.316
down_proj,1199,182.289
down_proj,1200,181.408
down_proj,1201,182.475
down_proj,1202,182.52
down_proj,1203,182.335
down_proj,1204,182.548
down_proj,1205,182.589
down_proj,1206,182.669
down_proj,1207,182.713
down_proj,1208,182.806
down_proj,1209,182.798
down_proj,1210,182.858
down_proj,1211,182.827
down_proj,1212,182.971
down_proj,1213,182.83
down_proj,1214,182.895
down_proj,1215,183.032
down_proj,1216,190.974
down_proj,1217,186.62
down_proj,1218,186.614
down_proj,1219,186.674
down_proj,1220,186.685
down_proj,1221,186.767
down_proj,1222,186.891
down_proj,1223,186.859
down_proj,1224,186.911
down_proj,1225,187.242
down_proj,1226,187.288
down_proj,1227,187.16
down_proj,1228,187.24
down_proj,1229,187.302
down_proj,1230,187.453
down_proj,1231,187.334
down_proj,1232,187.329
down_proj,1233,186.697
down_proj,1234,186.649
down_proj,1235,186.824
down_proj,1236,186.758
down_proj,1237,186.806
down_proj,1238,186.855
down_proj,1239,186.893
down_proj,1240,186.958
down_proj,1241,187.025
down_proj,1242,187.029
down_proj,1243,187.184
down_proj,1244,187.058
down_proj,1245,187.167
down_proj,1246,187.094
down_proj,1247,187.244
down_proj,1248,190.426
down_proj,1249,190.442
down_proj,1250,190.445
down_proj,1251,190.443
down_proj,1252,190.478
down_proj,1253,190.635
down_proj,1254,190.597
down_proj,1255,190.666
down_proj,1256,190.713
down_proj,1257,190.719
down_proj,1258,190.671
down_proj,1259,190.743
down_proj,1260,190.739
down_proj,1261,190.828
down_proj,1262,190.978
down_proj,1263,190.963
down_proj,1264,191.072
down_proj,1265,191.046
down_proj,1266,191.097
down_proj,1267,191.148
down_proj,1268,191.276
down_proj,1269,191.112
down_proj,1270,191.273
down_proj,1271,191.232
down_proj,1272,191.246
down_proj,1273,191.404
down_proj,1274,191.436
down_proj,1275,191.374
down_proj,1276,191.487
down_proj,1277,191.54
down_proj,1278,191.592
down_proj,1279,191.461
down_proj,1280,193.042
down_proj,1281,211.421
down_proj,1282,208.705
down_proj,1283,212.724
down_proj,1284,209.757
down_proj,1285,208.595
down_proj,1286,211.099
down_proj,1287,209.204
down_proj,1288,212.04
down_proj,1289,209.558
down_proj,1290,209.408
down_proj,1291,210.766
down_proj,1292,210.621
down_proj,1293,209.71
down_proj,1294,210.218
down_proj,1295,210.974
down_proj,1296,209.614
down_proj,1297,199.424
down_proj,1298,199.368
down_proj,1299,199.232
down_proj,1300,199.574
down_proj,1301,199.234
down_proj,1302,199.931
down_proj,1303,199.618
down_proj,1304,199.489
down_proj,1305,200.165
down_proj,1306,199.682
down_proj,1307,200.123
down_proj,1308,199.67
down_proj,1309,199.663
down_proj,1310,199.871
down_proj,1311,199.71
down_proj,1312,201.089
down_proj,1313,200.644
down_proj,1314,199.871
down_proj,1315,200.351
down_proj,1316,199.905
down_proj,1317,200.592
down_proj,1318,200.084
down_proj,1319,200.112
down_proj,1320,200.681
down_proj,1321,200.96
down_proj,1322,200.292
down_proj,1323,200.54
down_proj,1324,200.419
down_proj,1325,200.689
down_proj,1326,200.641
down_proj,1327,200.379
down_proj,1328,201.629
down_proj,1329,200.665
down_proj,1330,200.643
down_proj,1331,201.106
down_proj,1332,200.997
down_proj,1333,201.277
down_proj,1334,201.052
down_proj,1335,200.799
down_proj,1336,201.175
down_proj,1337,201.09
down_proj,1338,200.949
down_proj,1339,201.251
down_proj,1340,201.233
down_proj,1341,201.01
down_proj,1342,201.446
down_proj,1343,201.266
down_proj,1344,232.289
down_proj,1345,206.919
down_proj,1346,206.475
down_proj,1347,206.997
down_proj,1348,206.767
down_proj,1349,206.701
down_proj,1350,206.825
down_proj,1351,206.82
down_proj,1352,206.817
down_proj,1353,207.119
down_proj,1354,206.874
down_proj,1355,207.34
down_proj,1356,207.187
down_proj,1357,207.361
down_proj,1358,207.056
down_proj,1359,207.073
down_proj,1360,231.38
down_proj,1361,207.407
down_proj,1362,207.338
down_proj,1363,207.194
down_proj,1364,207.384
down_proj,1365,207.487
down_proj,1366,207.37
down_proj,1367,207.658
down_proj,1368,207.368
down_proj,1369,208.297
down_proj,1370,208.217
down_proj,1371,208.383
down_proj,1372,208.205
down_proj,1373,208.323
down_proj,1374,208.529
down_proj,1375,208.494
down_proj,1376,226.167
down_proj,1377,208.542
down_proj,1378,208.501
down_proj,1379,208.574
down_proj,1380,208.551
down_proj,1381,208.683
down_proj,1382,208.566
down_proj,1383,208.655
down_proj,1384,207.648
down_proj,1385,208.666
down_proj,1386,208.757
down_proj,1387,208.755
down_proj,1388,208.708
down_proj,1389,208.734
down_proj,1390,208.932
down_proj,1391,208.914
down_proj,1392,224.321
down_proj,1393,226.595
down_proj,1394,224.019
down_proj,1395,228.821
down_proj,1396,223.886
down_proj,1397,224.106
down_proj,1398,228.205
down_proj,1399,224.282
down_proj,1400,225.658
down_proj,1401,223.59
down_proj,1402,224.655
down_proj,1403,225.247
down_proj,1404,225.798
down_proj,1405,224.397
down_proj,1406,222.845
down_proj,1407,226.143
down_proj,1408,236.994
down_proj,1409,221.632
down_proj,1410,225.038
down_proj,1411,221.077
down_proj,1412,222.124
down_proj,1413,225.095
down_proj,1414,222.432
down_proj,1415,221.891
down_proj,1416,220.981
down_proj,1417,223.414
down_proj,1418,222.552
down_proj,1419,223.819
down_proj,1420,221.835
down_proj,1421,222.253
down_proj,1422,223.04
down_proj,1423,222.286
down_proj,1424,223.215
down_proj,1425,222.492
down_proj,1426,222.677
down_proj,1427,224.16
down_proj,1428,221.906
down_proj,1429,222.409
down_proj,1430,223.114
down_proj,1431,222.827
down_proj,1432,222.381
down_proj,1433,222.961
down_proj,1434,223.453
down_proj,1435,222.98
down_proj,1436,224.005
down_proj,1437,221.873
down_proj,1438,221.444
down_proj,1439,223.346
down_proj,1440,223.406
down_proj,1441,220.603
down_proj,1442,220.687
down_proj,1443,220.596
down_proj,1444,220.48
down_proj,1445,220.638
down_proj,1446,220.926
down_proj,1447,220.731
down_proj,1448,220.815
down_proj,1449,220.716
down_proj,1450,220.786
down_proj,1451,220.965
down_proj,1452,220.874
down_proj,1453,221.008
down_proj,1454,220.935
down_proj,1455,220.997
down_proj,1456,227.06
down_proj,1457,220.903
down_proj,1458,220.963
down_proj,1459,220.766
down_proj,1460,220.791
down_proj,1461,220.88
down_proj,1462,221.2
down_proj,1463,221.072
down_proj,1464,221.075
down_proj,1465,221.155
down_proj,1466,221.281
down_proj,1467,221.233
down_proj,1468,221.224
down_proj,1469,221.546
down_proj,1470,221.483
down_proj,1471,221.613
down_proj,1472,227.256
down_proj,1473,221.601
down_proj,1474,221.578
down_proj,1475,221.71
down_proj,1476,221.668
down_proj,1477,221.658
down_proj,1478,221.779
down_proj,1479,221.765
down_proj,1480,221.898
down_proj,1481,222.012
down_proj,1482,221.924
down_proj,1483,221.864
down_proj,1484,221.728
down_proj,1485,221.962
down_proj,1486,221.962
down_proj,1487,222.1
down_proj,1488,227.931
down_proj,1489,228.031
down_proj,1490,227.785
down_proj,1491,227.922
down_proj,1492,228.147
down_proj,1493,227.85
down_proj,1494,227.951
down_proj,1495,227.959
down_proj,1496,228.011
down_proj,1497,228.14
down_proj,1498,228.322
down_proj,1499,228.437
down_proj,1500,228.311
down_proj,1501,228.125
down_proj,1502,228.434
down_proj,1503,228.096
down_proj,1504,228.304
down_proj,1505,228.34
down_proj,1506,228.537
down_proj,1507,228.585
down_proj,1508,228.46
down_proj,1509,228.392
down_proj,1510,228.334
down_proj,1511,228.362
down_proj,1512,228.412
down_proj,1513,228.45
down_proj,1514,228.305
down_proj,1515,228.382
down_proj,1516,228.344
down_proj,1517,228.224
down_proj,1518,228.583
down_proj,1519,228.738
down_proj,1520,228.531
down_proj,1521,228.867
down_proj,1522,228.517
down_proj,1523,228.688
down_proj,1524,228.596
down_proj,1525,228.63
down_proj,1526,228.894
down_proj,1527,229.045
down_proj,1528,229.009
down_proj,1529,228.938
down_proj,1530,228.78
down_proj,1531,228.847
down_proj,1532,228.884
down_proj,1533,229.094
down_proj,1534,229.093
down_proj,1535,229.066
down_proj,1536,229.506
down_proj,1537,246.726
down_proj,1538,242.333
down_proj,1539,251.547
down_proj,1540,241.61
down_proj,1541,241.569
down_proj,1542,252.295
down_proj,1543,242.69
down_proj,1544,249.603
down_proj,1545,241.24
down_proj,1546,244.061
down_proj,1547,247.318
down_proj,1548,248.987
down_proj,1549,242.145
down_proj,1550,242.236
down_proj,1551,249.961
down_proj,1552,240.885
down_proj,1553,250.628
down_proj,1554,242.335
down_proj,1555,243.198
down_proj,1556,242.601
down_proj,1557,250.108
down_proj,1558,244.285
down_proj,1559,245.756
down_proj,1560,241.367
down_proj,1561,245.817
down_proj,1562,243.835
down_proj,1563,247.396
down_proj,1564,242.749
down_proj,1565,242.461
down_proj,1566,247.862
down_proj,1567,242.821
down_proj,1568,271.079
down_proj,1569,242.699
down_proj,1570,244.746
down_proj,1571,245.548
down_proj,1572,245.814
down_proj,1573,242.859
down_proj,1574,244.14
down_proj,1575,244.966
down_proj,1576,243.586
down_proj,1577,243.973
down_proj,1578,243.927
down_proj,1579,247.878
down_proj,1580,243.316
down_proj,1581,243.559
down_proj,1582,245.522
down_proj,1583,244.535
down_proj,1584,244.373
down_proj,1585,242.211
down_proj,1586,241.775
down_proj,1587,241.826
down_proj,1588,241.912
down_proj,1589,242.069
down_proj,1590,242.283
down_proj,1591,242.59
down_proj,1592,242.204
down_proj,1593,242.342
down_proj,1594,242.198
down_proj,1595,242.449
down_proj,1596,242.373
down_proj,1597,242.67
down_proj,1598,242.597
down_proj,1599,242.98
down_proj,1600,260.252
down_proj,1601,242.7
down_proj,1602,242.48
down_proj,1603,242.579
down_proj,1604,242.594
down_proj,1605,242.748
down_proj,1606,242.598
down_proj,1607,242.677
down_proj,1608,242.691
down_proj,1609,242.985
down_proj,1610,243.095
down_proj,1611,243.138
down_proj,1612,242.989
down_proj,1613,243.332
down_proj,1614,243.227
down_proj,1615,243.102
down_proj,1616,242.802
down_proj,1617,243.074
down_proj,1618,243.265
down_proj,1619,243.484
down_proj,1620,243.162
down_proj,1621,243.609
down_proj,1622,243.361
down_proj,1623,243.54
down_proj,1624,243.484
down_proj,1625,243.722
down_proj,1626,243.361
down_proj,1627,243.296
down_proj,1628,243.458
down_proj,1629,243.406
down_proj,1630,243.898
down_proj,1631,243.628
down_proj,1632,284.609
down_proj,1633,266.807
down_proj,1634,264.974
down_proj,1635,274.605
down_proj,1636,265.818
down_proj,1637,264.679
down_proj,1638,275.896
down_proj,1639,266.583
down_proj,1640,268.529
down_proj,1641,262.122
down_proj,1642,263.533
down_proj,1643,266.04
down_proj,1644,269.374
down_proj,1645,262.453
down_proj,1646,263.964
down_proj,1647,264.47
down_proj,1648,259.603
down_proj,1649,265.802
down_proj,1650,262.545
down_proj,1651,272.234
down_proj,1652,260.943
down_proj,1653,260.205
down_proj,1654,272.194
down_proj,1655,262.458
down_proj,1656,268.262
down_proj,1657,259.793
down_proj,1658,262.516
down_proj,1659,264.941
down_proj,1660,269.457
down_proj,1661,259.298
down_proj,1662,259.986
down_proj,1663,270.298
down_proj,1664,261.102
down_proj,1665,259.417
down_proj,1666,271.352
down_proj,1667,259.128
down_proj,1668,259.328
down_proj,1669,269.645
down_proj,1670,262.648
down_proj,1671,263.02
down_proj,1672,259.99
down_proj,1673,264.387
down_proj,1674,260.8
down_proj,1675,270.591
down_proj,1676,258.979
down_proj,1677,259.228
down_proj,1678,269.465
down_proj,1679,259.879
down_proj,1680,265.767
down_proj,1681,259.521
down_proj,1682,261.825
down_proj,1683,263.254
down_proj,1684,267.47
down_proj,1685,258.807
down_proj,1686,259.822
down_proj,1687,266.509
down_proj,1688,260.323
down_proj,1689,267.582
down_proj,1690,259.365
down_proj,1691,260.561
down_proj,1692,265.664
down_proj,1693,263.238
down_proj,1694,261.297
down_proj,1695,259.516
down_proj,1696,264.255
down_proj,1697,259.704
down_proj,1698,265.467
down_proj,1699,260.027
down_proj,1700,259.867
down_proj,1701,268.951
down_proj,1702,261.864
down_proj,1703,260.255
down_proj,1704,263.908
down_proj,1705,260.513
down_proj,1706,264.991
down_proj,1707,260.584
down_proj,1708,260.08
down_proj,1709,265.212
down_proj,1710,261.117
down_proj,1711,263.724
down_proj,1712,260.4
down_proj,1713,261.579
down_proj,1714,261.183
down_proj,1715,262.088
down_proj,1716,260.086
down_proj,1717,260.951
down_proj,1718,263.456
down_proj,1719,260.142
down_proj,1720,261.227
down_proj,1721,260.867
down_proj,1722,261.887
down_proj,1723,261.628
down_proj,1724,261.123
down_proj,1725,260.515
down_proj,1726,261.394
down_proj,1727,260.114
down_proj,1728,260.668
down_proj,1729,267.189
down_proj,1730,266.774
down_proj,1731,266.482
down_proj,1732,266.609
down_proj,1733,266.511
down_proj,1734,266.854
down_proj,1735,267.436
down_proj,1736,266.36
down_proj,1737,267.006
down_proj,1738,266.747
down_proj,1739,266.661
down_proj,1740,266.958
down_proj,1741,266.787
down_proj,1742,267.004
down_proj,1743,267.228
down_proj,1744,267.125
down_proj,1745,267.132
down_proj,1746,267.695
down_proj,1747,267.543
down_proj,1748,267.028
down_proj,1749,268.056
down_proj,1750,267.221
down_proj,1751,267.506
down_proj,1752,267.167
down_proj,1753,267.604
down_proj,1754,267.351
down_proj,1755,268.255
down_proj,1756,267.533
down_proj,1757,267.359
down_proj,1758,267.785
down_proj,1759,267.406
down_proj,1760,280.783
down_proj,1761,267.756
down_proj,1762,267.483
down_proj,1763,267.806
down_proj,1764,268.027
down_proj,1765,267.625
down_proj,1766,267.937
down_proj,1767,267.997
down_proj,1768,267.779
down_proj,1769,268.066
down_proj,1770,268.143
down_proj,1771,267.731
down_proj,1772,267.978
down_proj,1773,268.824
down_proj,1774,268.07
down_proj,1775,268.353
down_proj,1776,268.469
down_proj,1777,268.186
down_proj,1778,268.425
down_proj,1779,268.358
down_proj,1780,268.204
down_proj,1781,268.994
down_proj,1782,268.736
down_proj,1783,268.379
down_proj,1784,269.026
down_proj,1785,269.436
down_proj,1786,268.76
down_proj,1787,268.702
down_proj,1788,268.825
down_proj,1789,268.948
down_proj,1790,268.908
down_proj,1791,269.513
down_proj,1792,265.208
down_proj,1793,268.65
down_proj,1794,269.076
down_proj,1795,269.324
down_proj,1796,269.141
down_proj,1797,269.025
down_proj,1798,270.069
down_proj,1799,268.944
down_proj,1800,269.32
down_proj,1801,269.408
down_proj,1802,269.097
down_proj,1803,270.025
down_proj,1804,269.367
down_proj,1805,269.513
down_proj,1806,270.129
down_proj,1807,269.455
down_proj,1808,270.203
down_proj,1809,269.428
down_proj,1810,269.862
down_proj,1811,270.543
down_proj,1812,269.543
down_proj,1813,270.153
down_proj,1814,269.9
down_proj,1815,270.543
down_proj,1816,269.829
down_proj,1817,270.218
down_proj,1818,270.141
down_proj,1819,269.831
down_proj,1820,270.399
down_proj,1821,270.419
down_proj,1822,269.938
down_proj,1823,269.881
down_proj,1824,280.697
down_proj,1825,284.665
down_proj,1826,280.882
down_proj,1827,280.634
down_proj,1828,284.605
down_proj,1829,281.72
down_proj,1830,281.964
down_proj,1831,280.027
down_proj,1832,282.466
down_proj,1833,280.63
down_proj,1834,284.678
down_proj,1835,281.064
down_proj,1836,280.929
down_proj,1837,284.744
down_proj,1838,281.094
down_proj,1839,282.468
down_proj,1840,280.09
down_proj,1841,280.413
down_proj,1842,280.707
down_proj,1843,282.207
down_proj,1844,280.818
down_proj,1845,280.247
down_proj,1846,283.033
down_proj,1847,280.782
down_proj,1848,280.705
down_proj,1849,282.17
down_proj,1850,280.942
down_proj,1851,280.754
down_proj,1852,282.387
down_proj,1853,281.187
down_proj,1854,281.425
down_proj,1855,281.354
down_proj,1856,286.019
down_proj,1857,280.496
down_proj,1858,281.841
down_proj,1859,281.062
down_proj,1860,281.497
down_proj,1861,281.366
down_proj,1862,280.521
down_proj,1863,281.633
down_proj,1864,281.1
down_proj,1865,281.367
down_proj,1866,281.298
down_proj,1867,281.56
down_proj,1868,280.997
down_proj,1869,281.758
down_proj,1870,281.015
down_proj,1871,280.878
down_proj,1872,280.706
down_proj,1873,283.904
down_proj,1874,283.354
down_proj,1875,283.721
down_proj,1876,283.745
down_proj,1877,284.233
down_proj,1878,283.361
down_proj,1879,283.729
down_proj,1880,284.278
down_proj,1881,283.651
down_proj,1882,284.54
down_proj,1883,284.0
down_proj,1884,285.305
down_proj,1885,283.979
down_proj,1886,284.737
down_proj,1887,285.666
down_proj,1888,284.721
down_proj,1889,284.5
down_proj,1890,284.795
down_proj,1891,284.919
down_proj,1892,286.015
down_proj,1893,284.107
down_proj,1894,284.158
down_proj,1895,284.244
down_proj,1896,285.257
down_proj,1897,284.214
down_proj,1898,284.385
down_proj,1899,286.23
down_proj,1900,284.344
down_proj,1901,285.724
down_proj,1902,287.288
down_proj,1903,285.65
down_proj,1904,284.817
down_proj,1905,284.571
down_proj,1906,284.548
down_proj,1907,284.225
down_proj,1908,285.181
down_proj,1909,285.134
down_proj,1910,285.131
down_proj,1911,285.321
down_proj,1912,285.063
down_proj,1913,285.057
down_proj,1914,285.32
down_proj,1915,285.208
down_proj,1916,286.302
down_proj,1917,285.457
down_proj,1918,285.949
down_proj,1919,286.693
down_proj,1920,287.396
down_proj,1921,293.155
down_proj,1922,294.008
down_proj,1923,292.256
down_proj,1924,292.524
down_proj,1925,293.709
down_proj,1926,292.667
down_proj,1927,292.342
down_proj,1928,292.65
down_proj,1929,293.987
down_proj,1930,294.041
down_proj,1931,291.743
down_proj,1932,292.623
down_proj,1933,293.715
down_proj,1934,292.93
down_proj,1935,293.242
down_proj,1936,312.423
down_proj,1937,292.504
down_proj,1938,292.936
down_proj,1939,292.01
down_proj,1940,291.963
down_proj,1941,293.057
down_proj,1942,293.721
down_proj,1943,292.843
down_proj,1944,292.767
down_proj,1945,292.685
down_proj,1946,294.263
down_proj,1947,294.645
down_proj,1948,293.77
down_proj,1949,292.478
down_proj,1950,293.043
down_proj,1951,294.778
down_proj,1952,301.891
down_proj,1953,293.778
down_proj,1954,292.879
down_proj,1955,292.73
down_proj,1956,292.694
down_proj,1957,294.402
down_proj,1958,293.542
down_proj,1959,293.169
down_proj,1960,292.882
down_proj,1961,293.512
down_proj,1962,294.571
down_proj,1963,293.799
down_proj,1964,294.229
down_proj,1965,293.36
down_proj,1966,293.763
down_proj,1967,293.572
down_proj,1968,302.406
down_proj,1969,294.209
down_proj,1970,293.375
down_proj,1971,293.302
down_proj,1972,293.635
down_proj,1973,295.219
down_proj,1974,293.615
down_proj,1975,294.855
down_proj,1976,293.563
down_proj,1977,293.815
down_proj,1978,294.967
down_proj,1979,295.077
down_proj,1980,294.276
down_proj,1981,294.328
down_proj,1982,294.077
down_proj,1983,294.824
down_proj,1984,303.154
down_proj,1985,302.581
down_proj,1986,301.916
down_proj,1987,302.129
down_proj,1988,302.43
down_proj,1989,303.71
down_proj,1990,303.754
down_proj,1991,302.466
down_proj,1992,304.042
down_proj,1993,301.824
down_proj,1994,302.203
down_proj,1995,303.17
down_proj,1996,303.076
down_proj,1997,302.061
down_proj,1998,303.144
down_proj,1999,303.175
down_proj,2000,303.156
down_proj,2001,303.563
down_proj,2002,303.384
down_proj,2003,302.662
down_proj,2004,303.862
down_proj,2005,302.461
down_proj,2006,302.279
down_proj,2007,303.931
down_proj,2008,304.094
down_proj,2009,303.112
down_proj,2010,302.276
down_proj,2011,302.854
down_proj,2012,303.08
down_proj,2013,304.336
down_proj,2014,303.34
down_proj,2015,303.453
down_proj,2016,303.171
down_proj,2017,302.786
down_proj,2018,302.623
down_proj,2019,303.94
down_proj,2020,302.994
down_proj,2021,303.318
down_proj,2022,303.096
down_proj,2023,304.141
down_proj,2024,303.319
down_proj,2025,304.051
down_proj,2026,302.926
down_proj,2027,302.726
down_proj,2028,302.717
down_proj,2029,304.472
down_proj,2030,305.219
down_proj,2031,304.391
down_proj,2032,304.779
down_proj,2033,304.657
down_proj,2034,302.86
down_proj,2035,304.498
down_proj,2036,302.764
down_proj,2037,303.513
down_proj,2038,304.56
down_proj,2039,304.457
down_proj,2040,304.571
down_proj,2041,303.388
down_proj,2042,303.353
down_proj,2043,303.352
down_proj,2044,303.216
down_proj,2045,303.465
down_proj,2046,305.193
down_proj,2047,304.288
down_proj,2048,304.249
embedding,1,2.895
embedding,2,3.459
embedding,3,4.077
embedding,4,4.647
embedding,5,5.435
embedding,6,5.964
embedding,7,6.558
embedding,8,7.213
embedding,9,7.962
embedding,10,8.581
embedding,11,9.26
embedding,12,9.792
embedding,13,10.315
embedding,14,11.118
embedding,15,11.593
embedding,16,12.169
embedding,17,4.14
embedding,18,4.241
embedding,19,4.19
embedding,20,4.218
embedding,21,4.261
embedding,22,4.326
embedding,23,4.234
embedding,24,4.308
embedding,25,4.354
embedding,26,4.523
embedding,27,4.46
embedding,28,4.476
embedding,29,4.5
embedding,30,4.535
embedding,31,4.54
embedding,32,4.58
embedding,33,4.693
embedding,34,4.925
embedding,35,5.07
embedding,36,5.034
embedding,37,5.061
embedding,38,5.049
embedding,39,5.096
embedding,40,5.118
embedding,41,5.224
embedding,42,5.228
embedding,43,5.316
embedding,44,5.306
embedding,45,5.31
embedding,46,5.473
embedding,47,5.404
embedding,48,5.41
embedding,49,5.597
embedding,50,5.695
embedding,51,5.691
embedding,52,5.688
embedding,53,5.764
embedding,54,5.818
embedding,55,5.774
embedding,56,5.88
embedding,57,6.0
embedding,58,5.998
embedding,59,6.024
embedding,60,6.081
embedding,61,6.22
embedding,62,6.143
embedding,63,6.17
embedding,64,6.219
embedding,65,6.312
embedding,66,6.373
embedding,67,6.489
embedding,68,6.427
embedding,69,6.535
embedding,70,6.597
embedding,71,6.717
embedding,72,6.667
embedding,73,6.786
embedding,74,6.781
embedding,75,6.862
embedding,76,6.788
embedding,77,6.968
embedding,78,6.989
embedding,79,7.152
embedding,80,7.114
embedding,81,7.287
embedding,82,7.252
embedding,83,7.273
embedding,84,7.353
embedding,85,7.371
embedding,86,7.363
embedding,87,7.371
embedding,88,7.401
embedding,89,7.447
embedding,90,7.529
embedding,91,7.589
embedding,92,7.675
embedding,93,7.634
embedding,94,7.757
embedding,95,7.864
embedding,96,7.91
embedding,97,7.946
embedding,98,8.068
embedding,99,8.076
embedding,100,8.168
embedding,101,8.173
embedding,102,8.142
embedding,103,8.163
embedding,104,8.265
embedding,105,8.278
embedding,106,8.306
embedding,107,8.262
embedding,108,8.406
embedding,109,8.516
embedding,110,8.776
embedding,111,8.722
embedding,112,8.734
embedding,113,8.901
embedding,114,8.844
embedding,115,8.924
embedding,116,8.9
embedding,117,8.848
embedding,118,8.933
embedding,119,8.957
embedding,120,8.981
embedding,121,8.952
embedding,122,9.064
embedding,123,9.082
embedding,124,9.096
embedding,125,9.232
embedding,126,9.276
embedding,127,9.418
embedding,128,9.441
embedding,129,9.531
embedding,130,9.667
embedding,131,9.674
embedding,132,9.726
embedding,133,9.661
embedding,134,9.743
embedding,135,9.623
embedding,136,9.756
embedding,137,9.803
embedding,138,9.8
embedding,139,9.792
embedding,140,9.838
embedding,141,9.98
embedding,142,10.061
embedding,143,10.345
embedding,144,10.233
embedding,145,10.293
embedding,146,10.548
embedding,147,10.489
embedding,148,10.478
embedding,149,10.516
embedding,150,10.493
embedding,151,10.436
embedding,152,10.548
embedding,153,10.527
embedding,154,10.618
embedding,155,10.551
embedding,156,10.648
embedding,157,10.808
embedding,158,10.968
embedding,159,10.954
embedding,160,11.089
embedding,161,11.238
embedding,162,11.18
embedding,163,11.271
embedding,164,11.379
embedding,165,11.421
embedding,166,11.523
embedding,167,11.423
embedding,168,11.413
embedding,169,11.449
embedding,170,11.463
embedding,171,11.487
embedding,172,11.459
embedding,173,11.511
embedding,174,11.657
embedding,175,11.629
embedding,176,11.942
embedding,177,11.935
embedding,178,12.162
embedding,179,12.061
embedding,180,12.101
embedding,181,12.094
embedding,182,12.24
embedding,183,12.247
embedding,184,12.334
embedding,185,12.349
embedding,186,12.218
embedding,187,12.233
embedding,188,12.296
embedding,189,12.393
embedding,190,12.502
embedding,191,12.445
embedding,192,12.529
embedding,193,12.618
embedding,194,12.73
embedding,195,12.929
embedding,196,12.94
embedding,197,12.938
embedding,198,13.146
embedding,199,13.072
embedding,200,13.015
embedding,201,13.085
embedding,202,13.173
embedding,203,13.086
embedding,204,13.04
embedding,205,13.128
embedding,206,13.106
embedding,207,13.382
embedding,208,13.251
embedding,209,13.459
embedding,210,13.629
embedding,211,13.468
embedding,212,13.683
embedding,213,13.584
embedding,214,13.683
embedding,215,13.863
embedding,216,13.703
embedding,217,13.645
embedding,218,13.647
embedding,219,13.79
embedding,220,13.765
embedding,221,13.706
embedding,222,13.683
embedding,223,13.842
embedding,224,13.921
embedding,225,13.882
embedding,226,14.347
embedding,227,14.308
embedding,228,14.469
embedding,229,14.338
embedding,230,14.509
embedding,231,14.485
embedding,232,14.575
embedding,233,14.603
embedding,234,14.527
embedding,235,14.488
embedding,236,14.551
embedding,237,14.541
embedding,238,14.883
embedding,239,14.7
embedding,240,14.653
embedding,241,14.803
embedding,242,14.858
embedding,243,15.109
embedding,244,15.147
embedding,245,15.074
embedding,246,15.226
embedding,247,15.304
embedding,248,15.319
embedding,249,15.388
embedding,250,15.305
embedding,251,15.346
embedding,252,15.419
embedding,253,15.435
embedding,254,15.332
embedding,255,15.465
embedding,256,15.554
embedding,257,15.661
embedding,258,15.406
embedding,259,15.822
embedding,260,15.975
embedding,261,15.819
embedding,262,15.909
embedding,263,16.139
embedding,264,16.23
embedding,265,16.128
embedding,266,16.082
embedding,267,16.087
embedding,268,16.088
embedding,269,16.306
embedding,270,16.2
embedding,271,16.205
embedding,272,16.161
embedding,273,16.19
embedding,274,16.65
embedding,275,16.596
embedding,276,16.647
embedding,277,16.566
embedding,278,16.861
embedding,279,16.89
embedding,280,16.931
embedding,281,16.863
embedding,282,16.865
embedding,283,16.924
embedding,284,16.802
embedding,285,16.886
embedding,286,16.941
embedding,287,17.06
embedding,288,17.013
embedding,289,16.99
embedding,290,17.107
embedding,291,17.056
embedding,292,17.382
embedding,293,17.387
embedding,294,17.413
embedding,295,17.708
embedding,296,17.591
embedding,297,17.89
embedding,298,17.851
embedding,299,18.016
embedding,300,17.711
embedding,301,17.865
embedding,302,17.715
embedding,303,17.914
embedding,304,17.907
embedding,305,17.885
embedding,306,17.797
embedding,307,17.846
embedding,308,18.211
embedding,309,18.265
embedding,310,18.287
embedding,311,18.682
embedding,312,18.675
embedding,313,18.451
embedding,314,18.554
embedding,315,18.476
embedding,316,18.519
embedding,317,18.61
embedding,318,18.52
embedding,319,18.814
embedding,320,18.523
embedding,321,18.561
embedding,322,18.711
embedding,323,18.763
embedding,324,18.799
embedding,325,19.07
embedding,326,19.069
embedding,327,19.47
embedding,328,19.167
embedding,329,19.453
embedding,330,19.267
embedding,331,19.275
embedding,332,19.313
embedding,333,19.415
embedding,334,19.466
embedding,335,19.528
embedding,336,19.339
embedding,337,19.535
embedding,338,19.471
embedding,339,19.475
embedding,340,19.394
embedding,341,19.891
embedding,342,19.905
embedding,343,20.189
embedding,344,19.855
embedding,345,20.091
embedding,346,20.219
embedding,347,20.266
embedding,348,20.28
embedding,349,20.019
embedding,350,20.204
embedding,351,20.232
embedding,352,20.187
embedding,353,20.276
embedding,354,20.151
embedding,355,20.212
embedding,356,20.141
embedding,357,20.307
embedding,358,20.637
embedding,359,20.703
embedding,360,20.961
embedding,361,20.976
embedding,362,20.933
embedding,363,21.036
embedding,364,21.022
embedding,365,21.27
embedding,366,20.943
embedding,367,21.081
embedding,368,21.318
embedding,369,21.201
embedding,370,21.026
embedding,371,21.077
embedding,372,21.073
embedding,373,21.167
embedding,374,21.569
embedding,375,21.511
embedding,376,21.515
embedding,377,21.738
embedding,378,21.769
embedding,379,21.8
embedding,380,21.721
embedding,381,21.725
embedding,382,22.064
embedding,383,21.839
embedding,384,21.932
embedding,385,22.12
embedding,386,21.657
embedding,387,22.052
embedding,388,22.03
embedding,389,22.113
embedding,390,21.911
embedding,391,22.312
embedding,392,22.141
embedding,393,22.468
embedding,394,22.791
embedding,395,22.481
embedding,396,22.507
embedding,397,22.583
embedding,398,22.551
embedding,399,22.761
embedding,400,22.573
embedding,401,22.663
embedding,402,22.89
embedding,403,22.646
embedding,404,22.648
embedding,405,22.8
embedding,406,22.801
embedding,407,23.173
embedding,408,23.074
embedding,409,23.108
embedding,410,23.262
embedding,411,23.322
embedding,412,23.309
embedding,413,23.492
embedding,414,23.423
embedding,415,23.303
embedding,416,23.286
embedding,417,23.59
embedding,418,23.291
embedding,419,23.746
embedding,420,23.697
embedding,421,23.653
embedding,422,23.352
embedding,423,23.616
embedding,424,23.818
embedding,425,24.174
embedding,426,23.859
embedding,427,24.091
embedding,428,24.327
embedding,429,24.194
embedding,430,24.213
embedding,431,24.3
embedding,432,24.074
embedding,433,24.456
embedding,434,24.173
embedding,435,24.299
embedding,436,24.399
embedding,437,24.255
embedding,438,24.446
embedding,439,24.151
embedding,440,24.604
embedding,441,24.798
embedding,442,24.989
embedding,443,24.733
embedding,444,24.916
embedding,445,25.099
embedding,446,25.251
embedding,447,25.062
embedding,448,24.87
embedding,449,25.05
embedding,450,25.141
embedding,451,25.066
embedding,452,25.096
embedding,453,24.994
embedding,454,25.22
embedding,455,25.216
embedding,456,25.224
embedding,457,25.576
embedding,458,25.536
embedding,459,25.534
embedding,460,25.813
embedding,461,25.653
embedding,462,25.996
embedding,463,25.903
embedding,464,25.717
embedding,465,25.817
embedding,466,25.908
embedding,467,25.784
embedding,468,25.94
embedding,469,25.996
embedding,470,26.055
embedding,471,25.89
embedding,472,25.889
embedding,473,26.024
embedding,474,26.767
embedding,475,26.341
embedding,476,26.647
embedding,477,27.001
embedding,478,26.499
embedding,479,26.943
embedding,480,26.87
embedding,481,26.599
embedding,482,26.843
embedding,483,26.493
embedding,484,26.744
embedding,485,26.804
embedding,486,26.678
embedding,487,26.697
embedding,488,26.777
embedding,489,26.618
embedding,490,27.13
embedding,491,27.024
embedding,492,27.226
embedding,493,27.275
embedding,494,27.399
embedding,495,27.37
embedding,496,27.47
embedding,497,27.421
embedding,498,27.323
embedding,499,27.397
embedding,500,27.452
embedding,501,27.454
embedding,502,27.356
embedding,503,27.399
embedding,504,27.528
embedding,505,27.497
embedding,506,28.005
embedding,507,27.703
embedding,508,27.775
embedding,509,28.123
embedding,510,28.044
embedding,511,28.384
embedding,512,28.116
embedding,513,28.194
embedding,514,28.188
embedding,515,28.187
embedding,516,28.182
embedding,517,28.129
embedding,518,28.365
embedding,519,28.343
embedding,520,28.141
embedding,521,28.376
embedding,522,28.325
embedding,523,28.483
embedding,524,28.887
embedding,525,28.775
embedding,526,28.893
embedding,527,29.158
embedding,528,28.907
embedding,529,28.839
embedding,530,28.912
embedding,531,29.063
embedding,532,29.187
embedding,533,29.42
embedding,534,28.979
embedding,535,29.435
embedding,536,29.101
embedding,537,28.97
embedding,538,29.166
embedding,539,29.34
embedding,540,29.624
embedding,541,29.528
embedding,542,29.571
embedding,543,29.735
embedding,544,29.92
embedding,545,29.865
embedding,546,30.204
embedding,547,29.826
embedding,548,29.873
embedding,549,29.913
embedding,550,29.675
embedding,551,30.302
embedding,552,30.044
embedding,553,29.884
embedding,554,29.899
embedding,555,30.214
embedding,556,30.502
embedding,557,30.034
embedding,558,30.524
embedding,559,30.424
embedding,560,30.49
embedding,561,30.904
embedding,562,30.524
embedding,563,31.036
embedding,564,30.461
embedding,565,30.642
embedding,566,31.063
embedding,567,31.002
embedding,568,30.574
embedding,569,30.37
embedding,570,30.585
embedding,571,30.801
embedding,572,31.209
embedding,573,31.133
embedding,574,31.055
embedding,575,31.226
embedding,576,31.274
embedding,577,31.219
embedding,578,31.247
embedding,579,31.59
embedding,580,31.239
embedding,581,31.498
embedding,582,31.203
embedding,583,31.424
embedding,584,31.505
embedding,585,31.199
embedding,586,31.391
embedding,587,31.621
embedding,588,31.417
embedding,589,32.17
embedding,590,31.863
embedding,591,32.283
embedding,592,31.802
embedding,593,31.987
embedding,594,32.013
embedding,595,32.557
embedding,596,32.178
embedding,597,32.079
embedding,598,32.296
embedding,599,32.451
embedding,600,32.146
embedding,601,32.369
embedding,602,32.28
embedding,603,32.456
embedding,604,32.16
embedding,605,32.707
embedding,606,32.825
embedding,607,32.899
embedding,608,33.335
embedding,609,32.871
embedding,610,32.811
embedding,611,33.489
embedding,612,32.807
embedding,613,32.928
embedding,614,33.216
embedding,615,32.955
embedding,616,33.16
embedding,617,33.426
embedding,618,33.381
embedding,619,33.238
embedding,620,32.966
embedding,621,33.389
embedding,622,33.498
embedding,623,33.72
embedding,624,33.773
embedding,625,34.045
embedding,626,34.02
embedding,627,33.754
embedding,628,33.896
embedding,629,34.58
embedding,630,33.813
embedding,631,33.854
embedding,632,34.735
embedding,633,34.342
embedding,634,34.193
embedding,635,33.71
embedding,636,33.754
embedding,637,33.853
embedding,638,34.919
embedding,639,34.324
embedding,640,34.892
embedding,641,34.405
embedding,642,34.154
embedding,643,34.612
embedding,644,34.566
embedding,645,34.533
embedding,646,34.617
embedding,647,34.702
embedding,648,34.472
embedding,649,34.484
embedding,650,34.644
embedding,651,34.623
embedding,652,35.21
embedding,653,35.123
embedding,654,34.789
embedding,655,35.075
embedding,656,35.515
embedding,657,34.993
embedding,658,35.138
embedding,659,35.398
embedding,660,35.442
embedding,661,35.676
embedding,662,35.427
embedding,663,35.328
embedding,664,35.469
embedding,665,35.824
embedding,666,35.55
embedding,667,35.507
embedding,668,35.209
embedding,669,35.351
embedding,670,35.386
embedding,671,35.746
embedding,672,36.04
embedding,673,36.213
embedding,674,35.912
embedding,675,36.115
embedding,676,36.362
embedding,677,36.43
embedding,678,36.457
embedding,679,36.279
embedding,680,36.22
embedding,681,35.99
embedding,682,35.977
embedding,683,36.146
embedding,684,36.381
embedding,685,36.042
embedding,686,36.366
embedding,687,36.172
embedding,688,36.827
embedding,689,37.098
embedding,690,36.685
embedding,691,36.783
embedding,692,36.837
embedding,693,36.903
embedding,694,37.08
embedding,695,37.064
embedding,696,37.043
embedding,697,37.429
embedding,698,37.324
embedding,699,36.979
embedding,700,37.273
embedding,701,37.286
embedding,702,37.27
embedding,703,37.37
embedding,704,37.097
embedding,705,37.319
embedding,706,37.66
embedding,707,37.695
embedding,708,37.766
embedding,709,37.724
embedding,710,37.703
embedding,711,37.918
embedding,712,37.939
embedding,713,37.759
embedding,714,38.11
embedding,715,37.927
embedding,716,37.827
embedding,717,37.955
embedding,718,38.179
embedding,719,37.953
embedding,720,37.976
embedding,721,38.44
embedding,722,38.256
embedding,723,38.941
embedding,724,38.968
embedding,725,38.355
embedding,726,39.271
embedding,727,38.604
embedding,728,38.422
embedding,729,38.446
embedding,730,39.079
embedding,731,38.575
embedding,732,38.851
embedding,733,38.628
embedding,734,38.687
embedding,735,38.801
embedding,736,38.801
embedding,737,39.139
embedding,738,39.454
embedding,739,39.123
embedding,740,39.399
embedding,741,39.198
embedding,742,39.214
embedding,743,39.695
embedding,744,39.691
embedding,745,39.576
embedding,746,39.462
embedding,747,39.54
embedding,748,40.505
embedding,749,39.453
embedding,750,39.594
embedding,751,40.087
embedding,752,39.529
embedding,753,39.915
embedding,754,39.851
embedding,755,40.454
embedding,756,40.316
embedding,757,39.981
embedding,758,40.402
embedding,759,40.351
embedding,760,40.349
embedding,761,40.686
embedding,762,40.109
embedding,763,39.998
embedding,764,40.275
embedding,765,40.148
embedding,766,40.787
embedding,767,40.321
embedding,768,40.653
embedding,769,40.273
embedding,770,40.764
embedding,771,41.002
embedding,772,41.027
embedding,773,41.117
embedding,774,41.326
embedding,775,41.499
embedding,776,41.194
embedding,777,41.397
embedding,778,41.3
embedding,779,41.773
embedding,780,41.125
embedding,781,41.176
embedding,782,41.442
embedding,783,41.524
embedding,784,41.544
embedding,785,41.225
embedding,786,41.529
embedding,787,41.576
embedding,788,41.616
embedding,789,41.932
embedding,790,41.882
embedding,791,41.925
embedding,792,42.05
embedding,793,42.005
embedding,794,42.748
embedding,795,41.74
embedding,796,41.996
embedding,797,41.949
embedding,798,41.965
embedding,799,42.387
embedding,800,42.463
embedding,801,42.524
embedding,802,42.135
embedding,803,42.207
embedding,804,42.935
embedding,805,42.314
embedding,806,42.308
embedding,807,42.325
embedding,808,42.661
embedding,809,42.532
embedding,810,43.201
embedding,811,43.092
embedding,812,42.614
embedding,813,42.627
embedding,814,43.088
embedding,815,42.845
embedding,816,43.03
embedding,817,42.691
embedding,818,43.145
embedding,819,43.238
embedding,820,42.984
embedding,821,42.936
embedding,822,43.673
embedding,823,43.697
embedding,824,43.375
embedding,825,43.206
embedding,826,43.279
embedding,827,44.068
embedding,828,43.503
embedding,829,43.98
embedding,830,43.93
embedding,831,43.516
embedding,832,43.362
embedding,833,43.302
embedding,834,43.196
embedding,835,43.765
embedding,836,43.78
embedding,837,43.656
embedding,838,45.028
embedding,839,45.035
embedding,840,44.323
embedding,841,44.442
embedding,842,44.786
embedding,843,44.535
embedding,844,44.143
embedding,845,44.443
embedding,846,44.986
embedding,847,44.257
embedding,848,44.056
embedding,849,44.389
embedding,850,44.874
embedding,851,44.508
embedding,852,44.326
embedding,853,44.716
embedding,854,45.388
embedding,855,45.105
embedding,856,45.295
embedding,857,45.001
embedding,858,45.502
embedding,859,45.726
embedding,860,45.269
embedding,861,45.087
embedding,862,45.366
embedding,863,45.589
embedding,864,45.227
embedding,865,45.785
embedding,866,45.294
embedding,867,45.23
embedding,868,46.044
embedding,869,45.541
embedding,870,45.803
embedding,871,45.997
embedding,872,46.22
embedding,873,46.625
embedding,874,45.691
embedding,875,46.763
embedding,876,46.01
embedding,877,46.089
embedding,878,46.683
embedding,879,46.062
embedding,880,45.808
embedding,881,46.45
embedding,882,46.857
embedding,883,46.188
embedding,884,46.536
embedding,885,46.923
embedding,886,46.355
embedding,887,46.978
embedding,888,46.842
embedding,889,46.921
embedding,890,46.822
embedding,891,47.03
embedding,892,46.577
embedding,893,47.187
embedding,894,46.747
embedding,895,47.032
embedding,896,46.84
embedding,897,47.587
embedding,898,47.7
embedding,899,47.279
embedding,900,47.318
embedding,901,46.957
embedding,902,47.921
embedding,903,47.646
embedding,904,47.317
embedding,905,47.536
embedding,906,47.416
embedding,907,47.447
embedding,908,47.444
embedding,909,48.108
embedding,910,47.923
embedding,911,48.556
embedding,912,47.587
embedding,913,47.689
embedding,914,47.584
embedding,915,48.233
embedding,916,47.893
embedding,917,48.342
embedding,918,47.69
embedding,919,48.295
embedding,920,48.304
embedding,921,49.081
embedding,922,48.622
embedding,923,49.28
embedding,924,49.128
embedding,925,49.103
embedding,926,48.787
embedding,927,49.32
embedding,928,48.608
embedding,929,49.1
embedding,930,48.148
embedding,931,48.869
embedding,932,48.637
embedding,933,49.319
embedding,934,49.052
embedding,935,49.411
embedding,936,49.256
embedding,937,49.194
embedding,938,49.26
embedding,939,49.0
embedding,940,49.644
embedding,941,49.896
embedding,942,49.727
embedding,943,49.171
embedding,944,50.598
embedding,945,49.654
embedding,946,49.871
embedding,947,49.426
embedding,948,49.322
embedding,949,49.467
embedding,950,50.178
embedding,951,49.369
embedding,952,50.644
embedding,953,50.657
embedding,954,49.816
embedding,955,50.779
embedding,956,50.806
embedding,957,50.022
embedding,958,50.558
embedding,959,50.783
embedding,960,50.07
embedding,961,50.179
embedding,962,49.974
embedding,963,49.937
embedding,964,50.748
embedding,965,50.076
embedding,966,50.774
embedding,967,50.026
embedding,968,50.685
embedding,969,50.402
embedding,970,50.626
embedding,971,50.983
embedding,972,50.268
embedding,973,50.682
embedding,974,51.277
embedding,975,50.984
embedding,976,51.348
embedding,977,50.557
embedding,978,51.085
embedding,979,50.773
embedding,980,50.945
embedding,981,51.183
embedding,982,50.754
embedding,983,51.387
embedding,984,50.704
embedding,985,51.354
embedding,986,51.567
embedding,987,51.402
embedding,988,51.886
embedding,989,51.634
embedding,990,52.015
embedding,991,51.209
embedding,992,51.931
embedding,993,52.217
embedding,994,51.405
embedding,995,51.966
embedding,996,51.417
embedding,997,51.626
embedding,998,52.348
embedding,999,52.776
embedding,1000,51.767
embedding,1001,52.808
embedding,1002,53.54
embedding,1003,51.905
embedding,1004,53.561
embedding,1005,52.289
embedding,1006,52.693
embedding,1007,53.476
embedding,1008,53.292
embedding,1009,52.406
embedding,1010,52.198
embedding,1011,52.85
embedding,1012,52.555
embedding,1013,52.783
embedding,1014,52.742
embedding,1015,53.12
embedding,1016,52.365
embedding,1017,52.586
embedding,1018,53.1
embedding,1019,53.415
embedding,1020,53.27
embedding,1021,53.981
embedding,1022,53.408
embedding,1023,54.054
embedding,1024,53.504
embedding,1025,54.054
embedding,1026,53.122
embedding,1027,53.852
embedding,1028,53.214
embedding,1029,53.279
embedding,1030,53.792
embedding,1031,53.285
embedding,1032,53.789
embedding,1033,54.22
embedding,1034,53.397
embedding,1035,54.104
embedding,1036,53.377
embedding,1037,54.408
embedding,1038,54.033
embedding,1039,53.971
embedding,1040,53.643
embedding,1041,54.355
embedding,1042,53.646
embedding,1043,54.023
embedding,1044,54.22
embedding,1045,54.654
embedding,1046,54.049
embedding,1047,54.814
embedding,1048,53.764
embedding,1049,54.179
embedding,1050,55.022
embedding,1051,54.393
embedding,1052,54.558
embedding,1053,55.271
embedding,1054,54.797
embedding,1055,54.587
embedding,1056,55.218
embedding,1057,54.884
embedding,1058,55.925
embedding,1059,55.521
embedding,1060,55.439
embedding,1061,55.291
embedding,1062,55.342
embedding,1063,55.073
embedding,1064,55.447
embedding,1065,55.59
embedding,1066,54.996
embedding,1067,55.818
embedding,1068,55.069
embedding,1069,57.162
embedding,1070,55.32
embedding,1071,56.1
embedding,1072,56.176
embedding,1073,55.444
embedding,1074,56.071
embedding,1075,55.916
embedding,1076,55.4
embedding,1077,56.143
embedding,1078,55.598
embedding,1079,56.486
embedding,1080,56.396
embedding,1081,56.672
embedding,1082,55.429
embedding,1083,56.143
embedding,1084,55.889
embedding,1085,55.956
embedding,1086,56.24
embedding,1087,57.259
embedding,1088,57.079
embedding,1089,56.519
embedding,1090,56.41
embedding,1091,56.581
embedding,1092,57.382
embedding,1093,56.436
embedding,1094,57.635
embedding,1095,56.875
embedding,1096,56.35
embedding,1097,57.465
embedding,1098,56.527
embedding,1099,57.233
embedding,1100,57.012
embedding,1101,57.716
embedding,1102,56.964
embedding,1103,58.411
embedding,1104,57.913
embedding,1105,57.281
embedding,1106,57.635
embedding,1107,57.89
embedding,1108,57.649
embedding,1109,57.343
embedding,1110,57.974
embedding,1111,57.388
embedding,1112,57.568
embedding,1113,57.743
embedding,1114,58.696
embedding,1115,57.662
embedding,1116,57.926
embedding,1117,58.247
embedding,1118,58.373
embedding,1119,58.928
embedding,1120,58.177
embedding,1121,57.792
embedding,1122,59.117
embedding,1123,57.957
embedding,1124,59.008
embedding,1125,57.821
embedding,1126,59.017
embedding,1127,57.852
embedding,1128,59.608
embedding,1129,57.788
embedding,1130,58.213
embedding,1131,57.758
embedding,1132,58.448
embedding,1133,58.016
embedding,1134,58.941
embedding,1135,58.397
embedding,1136,59.581
embedding,1137,59.46
embedding,1138,58.974
embedding,1139,58.51
embedding,1140,59.425
embedding,1141,59.618
embedding,1142,58.924
embedding,1143,59.062
embedding,1144,59.813
embedding,1145,59.914
embedding,1146,59.018
embedding,1147,59.711
embedding,1148,58.973
embedding,1149,58.84
embedding,1150,59.415
embedding,1151,60.555
embedding,1152,60.169
embedding,1153,59.046
embedding,1154,60.005
embedding,1155,59.139
embedding,1156,59.643
embedding,1157,59.435
embedding,1158,59.885
embedding,1159,59.407
embedding,1160,59.393
embedding,1161,60.26
embedding,1162,59.72
embedding,1163,59.881
embedding,1164,59.977
embedding,1165,60.74
embedding,1166,61.729
embedding,1167,59.962
embedding,1168,61.746
embedding,1169,60.628
embedding,1170,61.708
embedding,1171,60.742
embedding,1172,60.762
embedding,1173,61.675
embedding,1174,60.984
embedding,1175,61.346
embedding,1176,61.19
embedding,1177,61.194
embedding,1178,60.968
embedding,1179,61.757
embedding,1180,62.193
embedding,1181,61.516
embedding,1182,61.803
embedding,1183,61.229
embedding,1184,61.801
embedding,1185,61.24
embedding,1186,62.332
embedding,1187,61.579
embedding,1188,62.683
embedding,1189,61.536
embedding,1190,61.41
embedding,1191,61.743
embedding,1192,61.412
embedding,1193,61.609
embedding,1194,62.805
embedding,1195,62.146
embedding,1196,61.358
embedding,1197,61.601
embedding,1198,61.929
embedding,1199,62.654
embedding,1200,62.557
embedding,1201,62.883
embedding,1202,62.213
embedding,1203,62.632
embedding,1204,62.349
embedding,1205,62.719
embedding,1206,62.448
embedding,1207,63.247
embedding,1208,63.388
embedding,1209,62.841
embedding,1210,62.21
embedding,1211,63.418
embedding,1212,63.398
embedding,1213,62.487
embedding,1214,62.428
embedding,1215,62.583
embedding,1216,62.967
embedding,1217,63.907
embedding,1218,64.35
embedding,1219,63.833
embedding,1220,62.97
embedding,1221,63.198
embedding,1222,63.423
embedding,1223,62.976
embedding,1224,62.956
embedding,1225,64.467
embedding,1226,63.962
embedding,1227,64.257
embedding,1228,63.117
embedding,1229,64.187
embedding,1230,63.145
embedding,1231,63.783
embedding,1232,63.905
embedding,1233,64.553
embedding,1234,63.991
embedding,1235,64.163
embedding,1236,63.596
embedding,1237,64.852
embedding,1238,63.801
embedding,1239,63.777
embedding,1240,64.08
embedding,1241,63.7
embedding,1242,64.032
embedding,1243,65.059
embedding,1244,64.323
embedding,1245,64.691
embedding,1246,63.885
embedding,1247,63.461
embedding,1248,63.924
embedding,1249,65.051
embedding,1250,64.295
embedding,1251,65.484
embedding,1252,64.549
embedding,1253,64.739
embedding,1254,65.151
embedding,1255,64.618
embedding,1256,65.581
embedding,1257,64.552
embedding,1258,65.453
embedding,1259,65.41
embedding,1260,64.395
embedding,1261,64.799
embedding,1262,65.561
embedding,1263,64.95
embedding,1264,65.63
embedding,1265,65.941
embedding,1266,64.72
embedding,1267,65.108
embedding,1268,64.952
embedding,1269,66.409
embedding,1270,65.916
embedding,1271,66.12
embedding,1272,66.135
embedding,1273,66.087
embedding,1274,66.238
embedding,1275,65.578
embedding,1276,66.426
embedding,1277,65.86
embedding,1278,66.453
embedding,1279,65.898
embedding,1280,66.656
embedding,1281,66.304
embedding,1282,67.09
embedding,1283,67.148
embedding,1284,67.633
embedding,1285,66.32
embedding,1286,66.441
embedding,1287,66.526
embedding,1288,66.251
embedding,1289,67.054
embedding,1290,67.372
embedding,1291,67.809
embedding,1292,66.256
embedding,1293,67.66
embedding,1294,66.94
embedding,1295,66.613
embedding,1296,66.748
embedding,1297,66.461
embedding,1298,68.203
embedding,1299,67.267
embedding,1300,66.274
embedding,1301,67.333
embedding,1302,68.431
embedding,1303,67.919
embedding,1304,67.652
embedding,1305,68.682
embedding,1306,67.999
embedding,1307,68.589
embedding,1308,67.458
embedding,1309,67.168
embedding,1310,68.3
embedding,1311,67.579
embedding,1312,67.526
embedding,1313,68.589
embedding,1314,67.389
embedding,1315,69.028
embedding,1316,67.843
embedding,1317,68.972
embedding,1318,68.343
embedding,1319,67.911
embedding,1320,69.231
embedding,1321,69.567
embedding,1322,68.424
embedding,1323,69.014
embedding,1324,68.52
embedding,1325,68.155
embedding,1326,67.999
embedding,1327,68.711
embedding,1328,68.086
embedding,1329,69.165
embedding,1330,67.984
embedding,1331,69.633
embedding,1332,69.909
embedding,1333,69.805
embedding,1334,68.98
embedding,1335,68.871
embedding,1336,69.995
embedding,1337,69.782
embedding,1338,69.086
embedding,1339,69.823
embedding,1340,70.17
embedding,1341,69.23
embedding,1342,69.68
embedding,1343,69.789
embedding,1344,70.047
embedding,1345,69.928
embedding,1346,69.306
embedding,1347,70.03
embedding,1348,70.261
embedding,1349,70.416
embedding,1350,68.942
embedding,1351,69.62
embedding,1352,69.141
embedding,1353,69.929
embedding,1354,70.05
embedding,1355,70.672
embedding,1356,69.595
embedding,1357,70.785
embedding,1358,69.411
embedding,1359,70.051
embedding,1360,69.482
embedding,1361,71.12
embedding,1362,69.203
embedding,1363,70.273
embedding,1364,70.511
embedding,1365,69.92
embedding,1366,70.477
embedding,1367,71.436
embedding,1368,70.771
embedding,1369,70.843
embedding,1370,70.945
embedding,1371,71.338
embedding,1372,71.255
embedding,1373,71.005
embedding,1374,70.492
embedding,1375,72.351
embedding,1376,71.242
embedding,1377,71.255
embedding,1378,70.885
embedding,1379,71.771
embedding,1380,70.817
embedding,1381,71.904
embedding,1382,71.289
embedding,1383,72.005
embedding,1384,72.008
embedding,1385,71.643
embedding,1386,72.961
embedding,1387,72.263
embedding,1388,71.975
embedding,1389,72.629
embedding,1390,71.433
embedding,1391,71.754
embedding,1392,73.005
embedding,1393,72.125
embedding,1394,71.734
embedding,1395,73.025
embedding,1396,73.027
embedding,1397,72.465
embedding,1398,72.17
embedding,1399,71.668
embedding,1400,72.752
embedding,1401,73.151
embedding,1402,72.492
embedding,1403,73.291
embedding,1404,72.093
embedding,1405,72.139
embedding,1406,72.192
embedding,1407,73.689
embedding,1408,73.316
embedding,1409,72.361
embedding,1410,73.641
embedding,1411,73.15
embedding,1412,72.807
embedding,1413,72.534
embedding,1414,74.199
embedding,1415,73.875
embedding,1416,72.344
embedding,1417,75.084
embedding,1418,73.38
embedding,1419,73.128
embedding,1420,74.173
embedding,1421,74.333
embedding,1422,74.813
embedding,1423,74.002
embedding,1424,74.463
embedding,1425,72.832
embedding,1426,74.378
embedding,1427,73.966
embedding,1428,74.325
embedding,1429,73.305
embedding,1430,74.285
embedding,1431,73.581
embedding,1432,74.146
embedding,1433,73.479
embedding,1434,74.537
embedding,1435,74.134
embedding,1436,75.052
embedding,1437,74.073
embedding,1438,73.833
embedding,1439,75.526
embedding,1440,74.026
embedding,1441,75.216
embedding,1442,75.425
embedding,1443,74.148
embedding,1444,74.128
embedding,1445,74.026
embedding,1446,75.18
embedding,1447,76.108
embedding,1448,74.947
embedding,1449,75.114
embedding,1450,74.296
embedding,1451,74.859
embedding,1452,74.527
embedding,1453,75.532
embedding,1454,75.527
embedding,1455,75.69
embedding,1456,75.046
embedding,1457,73.977
embedding,1458,74.452
embedding,1459,74.925
embedding,1460,75.396
embedding,1461,74.461
embedding,1462,75.663
embedding,1463,75.579
embedding,1464,74.759
embedding,1465,75.33
embedding,1466,75.131
embedding,1467,75.183
embedding,1468,75.101
embedding,1469,76.096
embedding,1470,76.183
embedding,1471,75.551
embedding,1472,76.192
embedding,1473,75.802
embedding,1474,74.846
embedding,1475,75.862
embedding,1476,75.153
embedding,1477,75.601
embedding,1478,74.972
embedding,1479,74.605
embedding,1480,74.985
embedding,1481,74.854
embedding,1482,76.262
embedding,1483,76.159
embedding,1484,76.08
embedding,1485,76.168
embedding,1486,75.398
embedding,1487,75.691
embedding,1488,77.226
embedding,1489,76.874
embedding,1490,76.058
embedding,1491,76.941
embedding,1492,76.101
embedding,1493,75.352
embedding,1494,76.726
embedding,1495,76.359
embedding,1496,77.026
embedding,1497,76.957
embedding,1498,77.695
embedding,1499,78.049
embedding,1500,77.762
embedding,1501,76.717
embedding,1502,76.384
embedding,1503,76.335
embedding,1504,76.298
embedding,1505,77.001
embedding,1506,76.308
embedding,1507,77.935
embedding,1508,78.091
embedding,1509,77.151
embedding,1510,76.808
embedding,1511,77.729
embedding,1512,76.537
embedding,1513,76.209
embedding,1514,77.975
embedding,1515,78.159
embedding,1516,78.432
embedding,1517,77.776
embedding,1518,78.871
embedding,1519,78.667
embedding,1520,77.321
embedding,1521,78.686
embedding,1522,77.89
embedding,1523,78.11
embedding,1524,77.815
embedding,1525,77.545
embedding,1526,76.73
embedding,1527,78.733
embedding,1528,79.113
embedding,1529,77.768
embedding,1530,78.004
embedding,1531,77.604
embedding,1532,77.95
embedding,1533,77.442
embedding,1534,79.416
embedding,1535,78.791
embedding,1536,79.807
embedding,1537,78.231
embedding,1538,78.17
embedding,1539,78.042
embedding,1540,78.013
embedding,1541,80.238
embedding,1542,78.618
embedding,1543,78.407
embedding,1544,78.139
embedding,1545,80.539
embedding,1546,78.765
embedding,1547,80.166
embedding,1548,79.707
embedding,1549,80.187
embedding,1550,78.345
embedding,1551,78.459
embedding,1552,78.735
embedding,1553,78.717
embedding,1554,80.204
embedding,1555,80.168
embedding,1556,79.634
embedding,1557,80.573
embedding,1558,79.754
embedding,1559,79.925
embedding,1560,80.155
embedding,1561,79.277
embedding,1562,80.892
embedding,1563,81.567
embedding,1564,79.309
embedding,1565,80.948
embedding,1566,80.698
embedding,1567,80.908
embedding,1568,80.424
embedding,1569,80.973
embedding,1570,79.984
embedding,1571,80.332
embedding,1572,80.67
embedding,1573,81.041
embedding,1574,80.32
embedding,1575,81.457
embedding,1576,81.601
embedding,1577,81.162
embedding,1578,80.625
embedding,1579,80.976
embedding,1580,81.467
embedding,1581,80.651
embedding,1582,80.674
embedding,1583,80.349
embedding,1584,80.152
embedding,1585,82.142
embedding,1586,82.139
embedding,1587,81.121
embedding,1588,81.265
embedding,1589,80.804
embedding,1590,82.575
embedding,1591,81.929
embedding,1592,81.372
embedding,1593,81.517
embedding,1594,81.193
embedding,1595,82.421
embedding,1596,82.262
embedding,1597,82.557
embedding,1598,81.485
embedding,1599,82.782
embedding,1600,81.621
embedding,1601,82.62
embedding,1602,82.992
embedding,1603,82.154
embedding,1604,83.047
embedding,1605,83.492
embedding,1606,81.388
embedding,1607,81.45
embedding,1608,81.921
embedding,1609,82.09
embedding,1610,81.647
embedding,1611,83.773
embedding,1612,82.028
embedding,1613,84.026
embedding,1614,83.437
embedding,1615,83.897
embedding,1616,84.17
embedding,1617,83.7
embedding,1618,82.987
embedding,1619,83.319
embedding,1620,83.407
embedding,1621,84.541
embedding,1622,82.478
embedding,1623,84.612
embedding,1624,82.625
embedding,1625,84.539
embedding,1626,83.405
embedding,1627,83.53
embedding,1628,84.373
embedding,1629,83.867
embedding,1630,85.133
embedding,1631,83.819
embedding,1632,84.186
embedding,1633,83.991
embedding,1634,83.402
embedding,1635,83.553
embedding,1636,83.837
embedding,1637,84.977
embedding,1638,82.877
embedding,1639,83.263
embedding,1640,84.994
embedding,1641,83.516
embedding,1642,84.952
embedding,1643,85.12
embedding,1644,84.288
embedding,1645,83.98
embedding,1646,85.576
embedding,1647,83.245
embedding,1648,85.882
embedding,1649,84.792
embedding,1650,84.302
embedding,1651,84.678
embedding,1652,84.678
embedding,1653,85.731
embedding,1654,84.227
embedding,1655,86.189
embedding,1656,85.415
embedding,1657,84.426
embedding,1658,85.709
embedding,1659,86.08
embedding,1660,84.19
embedding,1661,86.07
embedding,1662,84.874
embedding,1663,86.095
embedding,1664,85.447
embedding,1665,84.24
embedding,1666,84.824
embedding,1667,84.465
embedding,1668,85.818
embedding,1669,87.031
embedding,1670,85.879
embedding,1671,86.217
embedding,1672,86.474
embedding,1673,85.472
embedding,1674,83.999
embedding,1675,85.516
embedding,1676,85.342
embedding,1677,84.497
embedding,1678,86.022
embedding,1679,87.32
embedding,1680,84.589
embedding,1681,85.217
embedding,1682,86.938
embedding,1683,87.946
embedding,1684,86.993
embedding,1685,85.021
embedding,1686,86.502
embedding,1687,85.398
embedding,1688,86.825
embedding,1689,85.077
embedding,1690,85.716
embedding,1691,87.053
embedding,1692,87.109
embedding,1693,86.88
embedding,1694,88.207
embedding,1695,86.298
embedding,1696,88.327
embedding,1697,87.564
embedding,1698,86.606
embedding,1699,86.013
embedding,1700,87.483
embedding,1701,87.78
embedding,1702,88.824
embedding,1703,86.215
embedding,1704,88.095
embedding,1705,87.76
embedding,1706,86.589
embedding,1707,86.23
embedding,1708,87.782
embedding,1709,85.946
embedding,1710,88.074
embedding,1711,86.645
embedding,1712,87.105
embedding,1713,88.321
embedding,1714,87.187
embedding,1715,86.696
embedding,1716,88.787
embedding,1717,88.579
embedding,1718,89.717
embedding,1719,87.394
embedding,1720,87.7
embedding,1721,88.999
embedding,1722,88.939
embedding,1723,88.371
embedding,1724,89.14
embedding,1725,87.371
embedding,1726,87.941
embedding,1727,88.44
embedding,1728,89.094
embedding,1729,89.78
embedding,1730,88.982
embedding,1731,87.893
embedding,1732,88.382
embedding,1733,89.244
embedding,1734,88.545
embedding,1735,90.046
embedding,1736,89.239
embedding,1737,87.96
embedding,1738,90.167
embedding,1739,88.726
embedding,1740,88.363
embedding,1741,89.414
embedding,1742,88.812
embedding,1743,90.351
embedding,1744,90.422
embedding,1745,89.31
embedding,1746,90.629
embedding,1747,90.198
embedding,1748,89.858
embedding,1749,91.499
embedding,1750,89.964
embedding,1751,89.409
embedding,1752,88.838
embedding,1753,90.609
embedding,1754,89.06
embedding,1755,90.955
embedding,1756,90.475
embedding,1757,89.493
embedding,1758,88.993
embedding,1759,90.289
embedding,1760,90.111
embedding,1761,89.135
embedding,1762,90.813
embedding,1763,89.497
embedding,1764,89.095
embedding,1765,90.621
embedding,1766,89.627
embedding,1767,91.093
embedding,1768,90.423
embedding,1769,89.839
embedding,1770,91.239
embedding,1771,90.18
embedding,1772,89.57
embedding,1773,91.945
embedding,1774,89.732
embedding,1775,90.075
embedding,1776,90.165
embedding,1777,90.559
embedding,1778,90.261
embedding,1779,91.214
embedding,1780,90.479
embedding,1781,92.701
embedding,1782,91.367
embedding,1783,91.195
embedding,1784,92.51
embedding,1785,92.252
embedding,1786,91.441
embedding,1787,90.387
embedding,1788,90.511
embedding,1789,91.648
embedding,1790,90.782
embedding,1791,92.185
embedding,1792,91.964
embedding,1793,90.785
embedding,1794,89.994
embedding,1795,92.51
embedding,1796,91.743
embedding,1797,91.022
embedding,1798,93.477
embedding,1799,91.842
embedding,1800,91.131
embedding,1801,90.695
embedding,1802,91.43
embedding,1803,93.055
embedding,1804,90.56
embedding,1805,92.383
embedding,1806,93.983
embedding,1807,90.597
embedding,1808,93.547
embedding,1809,92.397
embedding,1810,92.749
embedding,1811,93.055
embedding,1812,93.518
embedding,1813,93.28
embedding,1814,92.471
embedding,1815,93.258
embedding,1816,93.402
embedding,1817,92.629
embedding,1818,93.858
embedding,1819,91.88
embedding,1820,94.051
embedding,1821,93.499
embedding,1822,93.23
embedding,1823,91.566
embedding,1824,92.749
embedding,1825,93.399
embedding,1826,95.189
embedding,1827,93.755
embedding,1828,95.779
embedding,1829,93.157
embedding,1830,95.199
embedding,1831,92.459
embedding,1832,95.67
embedding,1833,94.438
embedding,1834,95.784
embedding,1835,93.94
embedding,1836,95.116
embedding,1837,93.889
embedding,1838,94.924
embedding,1839,94.529
embedding,1840,93.609
embedding,1841,93.347
embedding,1842,93.037
embedding,1843,94.66
embedding,1844,95.16
embedding,1845,93.716
embedding,1846,95.933
embedding,1847,94.83
embedding,1848,95.249
embedding,1849,94.04
embedding,1850,93.686
embedding,1851,93.715
embedding,1852,96.107
embedding,1853,94.085
embedding,1854,95.529
embedding,1855,95.28
embedding,1856,96.184
embedding,1857,94.328
embedding,1858,95.611
embedding,1859,96.521
embedding,1860,96.572
embedding,1861,96.218
embedding,1862,94.588
embedding,1863,94.532
embedding,1864,95.189
embedding,1865,95.371
embedding,1866,95.158
embedding,1867,96.534
embedding,1868,94.43
embedding,1869,96.455
embedding,1870,94.484
embedding,1871,94.205
embedding,1872,94.14
embedding,1873,95.801
embedding,1874,94.987
embedding,1875,95.004
embedding,1876,95.635
embedding,1877,96.656
embedding,1878,95.072
embedding,1879,94.663
embedding,1880,97.064
embedding,1881,96.489
embedding,1882,97.432
embedding,1883,95.68
embedding,1884,97.524
embedding,1885,96.674
embedding,1886,97.251
embedding,1887,98.052
embedding,1888,97.672
embedding,1889,97.024
embedding,1890,97.054
embedding,1891,97.312
embedding,1892,98.309
embedding,1893,97.256
embedding,1894,95.631
embedding,1895,95.653
embedding,1896,98.21
embedding,1897,96.584
embedding,1898,96.045
embedding,1899,99.311
embedding,1900,96.935
embedding,1901,98.283
embedding,1902,99.733
embedding,1903,98.701
embedding,1904,97.666
embedding,1905,97.418
embedding,1906,97.476
embedding,1907,96.183
embedding,1908,98.142
embedding,1909,98.213
embedding,1910,97.96
embedding,1911,98.182
embedding,1912,98.27
embedding,1913,98.113
embedding,1914,98.186
embedding,1915,97.983
embedding,1916,99.341
embedding,1917,98.322
embedding,1918,98.625
embedding,1919,99.769
embedding,1920,97.209
embedding,1921,99.145
embedding,1922,99.677
embedding,1923,97.761
embedding,1924,97.873
embedding,1925,101.422
embedding,1926,99.041
embedding,1927,99.469
embedding,1928,98.583
embedding,1929,101.74
embedding,1930,100.419
embedding,1931,98.778
embedding,1932,98.829
embedding,1933,100.64
embedding,1934,99.849
embedding,1935,100.194
embedding,1936,98.805
embedding,1937,97.363
embedding,1938,98.388
embedding,1939,97.17
embedding,1940,96.798
embedding,1941,98.261
embedding,1942,100.258
embedding,1943,99.939
embedding,1944,98.576
embedding,1945,98.982
embedding,1946,100.462
embedding,1947,101.088
embedding,1948,99.291
embedding,1949,99.285
embedding,1950,98.28
embedding,1951,101.332
embedding,1952,99.739
embedding,1953,100.2
embedding,1954,98.797
embedding,1955,99.007
embedding,1956,98.074
embedding,1957,100.778
embedding,1958,100.202
embedding,1959,99.661
embedding,1960,98.579
embedding,1961,99.819
embedding,1962,100.759
embedding,1963,101.083
embedding,1964,100.635
embedding,1965,100.325
embedding,1966,98.624
embedding,1967,100.559
embedding,1968,101.3
embedding,1969,100.647
embedding,1970,99.239
embedding,1971,98.934
embedding,1972,99.093
embedding,1973,101.636
embedding,1974,99.779
embedding,1975,101.938
embedding,1976,99.238
embedding,1977,100.127
embedding,1978,101.446
embedding,1979,101.955
embedding,1980,101.434
embedding,1981,100.839
embedding,1982,100.107
embedding,1983,101.554
embedding,1984,102.354
embedding,1985,101.539
embedding,1986,100.605
embedding,1987,100.713
embedding,1988,101.077
embedding,1989,102.352
embedding,1990,101.855
embedding,1991,102.005
embedding,1992,103.435
embedding,1993,100.622
embedding,1994,101.616
embedding,1995,103.484
embedding,1996,103.158
embedding,1997,101.745
embedding,1998,102.544
embedding,1999,102.445
embedding,2000,101.757
embedding,2001,103.032
embedding,2002,102.171
embedding,2003,102.279
embedding,2004,102.916
embedding,2005,101.987
embedding,2006,101.39
embedding,2007,103.373
embedding,2008,104.676
embedding,2009,103.081
embedding,2010,101.909
embedding,2011,102.014
embedding,2012,102.269
embedding,2013,104.276
embedding,2014,103.886
embedding,2015,103.829
embedding,2016,103.618
embedding,2017,102.284
embedding,2018,102.565
embedding,2019,104.242
embedding,2020,102.951
embedding,2021,103.577
embedding,2022,102.922
embedding,2023,103.799
embedding,2024,103.394
embedding,2025,105.798
embedding,2026,104.496
embedding,2027,103.177
embedding,2028,103.113
embedding,2029,104.807
embedding,2030,105.902
embedding,2031,104.571
embedding,2032,104.399
embedding,2033,105.024
embedding,2034,103.36
embedding,2035,105.501
embedding,2036,102.496
embedding,2037,103.766
embedding,2038,104.75
embedding,2039,105.456
embedding,2040,105.038
embedding,2041,104.53
embedding,2042,104.454
embedding,2043,104.424
embedding,2044,104.471
embedding,2045,103.593
embedding,2046,106.413
embedding,2047,105.911
embedding,2048,105.432
final_layernorm,1,19.083
final_layernorm,2,21.386
final_layernorm,3,21.064
final_layernorm,4,21.597
final_layernorm,5,21.525
final_layernorm,6,21.389
final_layernorm,7,21.426
final_layernorm,8,21.261
final_layernorm,9,21.547
final_layernorm,10,21.632
final_layernorm,11,21.687
final_layernorm,12,21.675
final_layernorm,13,21.764
final_layernorm,14,21.685
final_layernorm,15,21.849
final_layernorm,16,21.442
final_layernorm,17,22.228
final_layernorm,18,21.883
final_layernorm,19,22.133
final_layernorm,20,21.969
final_layernorm,21,22.126
final_layernorm,22,22.271
final_layernorm,23,22.229
final_layernorm,24,22.107
final_layernorm,25,22.182
final_layernorm,26,22.295
final_layernorm,27,22.407
final_layernorm,28,22.484
final_layernorm,29,22.434
final_layernorm,30,22.415
final_layernorm,31,22.688
final_layernorm,32,22.192
final_layernorm,33,22.619
final_layernorm,34,22.644
final_layernorm,35,22.709
final_layernorm,36,22.81
final_layernorm,37,22.551
final_layernorm,38,22.903
final_layernorm,39,22.862
final_layernorm,40,22.731
final_layernorm,41,22.773
final_layernorm,42,22.862
final_layernorm,43,23.085
final_layernorm,44,23.126
final_layernorm,45,22.918
final_layernorm,46,22.926
final_layernorm,47,23.071
final_layernorm,48,22.731
final_layernorm,49,23.292
final_layernorm,50,23.352
final_layernorm,51,23.494
final_layernorm,52,23.472
final_layernorm,53,23.482
final_layernorm,54,23.637
final_layernorm,55,23.686
final_layernorm,56,23.294
final_layernorm,57,23.595
final_layernorm,58,23.656
final_layernorm,59,23.646
final_layernorm,60,23.823
final_layernorm,61,23.83
final_layernorm,62,24.114
final_layernorm,63,24.222
final_layernorm,64,23.741
final_layernorm,65,24.128
final_layernorm,66,24.219
final_layernorm,67,24.356
final_layernorm,68,24.287
final_layernorm,69,24.483
final_layernorm,70,24.315
final_layernorm,71,24.424
final_layernorm,72,24.143
final_layernorm,73,24.568
final_layernorm,74,24.598
final_layernorm,75,24.779
final_layernorm,76,24.607
final_layernorm,77,24.701
final_layernorm,78,25.074
final_layernorm,79,25.106
final_layernorm,80,24.676
final_layernorm,81,25.181
final_layernorm,82,25.287
final_layernorm,83,25.254
final_layernorm,84,25.473
final_layernorm,85,25.419
final_layernorm,86,25.49
final_layernorm,87,25.503
final_layernorm,88,25.028
final_layernorm,89,25.401
final_layernorm,90,25.482
final_layernorm,91,25.525
final_layernorm,92,25.555
final_layernorm,93,25.933
final_layernorm,94,25.646
final_layernorm,95,26.004
final_layernorm,96,25.451
final_layernorm,97,25.928
final_layernorm,98,25.886
final_layernorm,99,26.014
final_layernorm,100,26.323
final_layernorm,101,26.334
final_layernorm,102,26.394
final_layernorm,103,26.387
final_layernorm,104,26.123
final_layernorm,105,26.351
final_layernorm,106,26.579
final_layernorm,107,26.499
final_layernorm,108,26.721
final_layernorm,109,26.864
final_layernorm,110,26.799
final_layernorm,111,26.863
final_layernorm,112,26.519
final_layernorm,113,26.795
final_layernorm,114,27.004
final_layernorm,115,26.929
final_layernorm,116,26.994
final_layernorm,117,27.229
final_layernorm,118,27.017
final_layernorm,119,27.273
final_layernorm,120,26.953
final_layernorm,121,27.299
final_layernorm,122,27.396
final_layernorm,123,27.357
final_layernorm,124,27.388
final_layernorm,125,27.731
final_layernorm,126,27.461
final_layernorm,127,27.751
final_layernorm,128,27.435
final_layernorm,129,27.997
final_layernorm,130,27.99
final_layernorm,131,28.121
final_layernorm,132,28.175
final_layernorm,133,28.117
final_layernorm,134,28.699
final_layernorm,135,28.679
final_layernorm,136,28.39
final_layernorm,137,28.848
final_layernorm,138,28.901
final_layernorm,139,28.772
final_layernorm,140,29.001
final_layernorm,141,28.955
final_layernorm,142,28.965
final_layernorm,143,29.217
final_layernorm,144,28.898
final_layernorm,145,29.283
final_layernorm,146,29.437
final_layernorm,147,29.549
final_layernorm,148,29.39
final_layernorm,149,29.476
final_layernorm,150,29.845
final_layernorm,151,29.802
final_layernorm,152,29.34
final_layernorm,153,29.908
final_layernorm,154,29.783
final_layernorm,155,29.938
final_layernorm,156,29.832
final_layernorm,157,30.1
final_layernorm,158,30.2
final_layernorm,159,30.289
final_layernorm,160,29.911
final_layernorm,161,30.539
final_layernorm,162,30.306
final_layernorm,163,30.254
final_layernorm,164,30.501
final_layernorm,165,30.521
final_layernorm,166,30.654
final_layernorm,167,30.933
final_layernorm,168,30.49
final_layernorm,169,30.694
final_layernorm,170,31.138
final_layernorm,171,30.76
final_layernorm,172,31.124
final_layernorm,173,31.061
final_layernorm,174,31.241
final_layernorm,175,31.241
final_layernorm,176,30.979
final_layernorm,177,31.521
final_layernorm,178,31.534
final_layernorm,179,31.544
final_layernorm,180,31.514
final_layernorm,181,31.485
final_layernorm,182,31.724
final_layernorm,183,32.382
final_layernorm,184,31.739
final_layernorm,185,32.312
final_layernorm,186,32.07
final_layernorm,187,32.13
final_layernorm,188,32.288
final_layernorm,189,32.32
final_layernorm,190,32.396
final_layernorm,191,32.583
final_layernorm,192,32.209
final_layernorm,193,32.794
final_layernorm,194,32.656
final_layernorm,195,32.721
final_layernorm,196,32.735
final_layernorm,197,32.941
final_layernorm,198,32.987
final_layernorm,199,35.868
final_layernorm,200,36.167
final_layernorm,201,36.534
final_layernorm,202,36.584
final_layernorm,203,36.573
final_layernorm,204,36.657
final_layernorm,205,36.811
final_layernorm,206,36.903
final_layernorm,207,36.895
final_layernorm,208,36.622
final_layernorm,209,37.238
final_layernorm,210,37.368
final_layernorm,211,37.229
final_layernorm,212,37.147
final_layernorm,213,37.377
final_layernorm,214,37.527
final_layernorm,215,37.439
final_layernorm,216,37.436
final_layernorm,217,37.404
final_layernorm,218,37.733
final_layernorm,219,37.945
final_layernorm,220,38.011
final_layernorm,221,38.179
final_layernorm,222,38.126
final_layernorm,223,37.964
final_layernorm,224,37.761
final_layernorm,225,38.197
final_layernorm,226,38.377
final_layernorm,227,38.376
final_layernorm,228,38.273
final_layernorm,229,38.373
final_layernorm,230,38.251
final_layernorm,231,38.503
final_layernorm,232,38.36
final_layernorm,233,38.586
final_layernorm,234,38.583
final_layernorm,235,38.708
final_layernorm,236,38.898
final_layernorm,237,39.004
final_layernorm,238,39.038
final_layernorm,239,39.082
final_layernorm,240,38.802
final_layernorm,241,39.246
final_layernorm,242,39.187
final_layernorm,243,39.32
final_layernorm,244,39.572
final_layernorm,245,39.417
final_layernorm,246,39.519
final_layernorm,247,39.825
final_layernorm,248,39.447
final_layernorm,249,39.985
final_layernorm,250,39.826
final_layernorm,251,39.924
final_layernorm,252,40.174
final_layernorm,253,40.146
final_layernorm,254,40.169
final_layernorm,255,40.251
final_layernorm,256,40.162
final_layernorm,257,40.22
final_layernorm,258,40.031
final_layernorm,259,40.397
final_layernorm,260,40.217
final_layernorm,261,40.235
final_layernorm,262,40.369
final_layernorm,263,40.928
final_layernorm,264,40.472
final_layernorm,265,40.779
final_layernorm,266,41.36
final_layernorm,267,41.509
final_layernorm,268,41.58
final_layernorm,269,41.328
final_layernorm,270,41.612
final_layernorm,271,41.94
final_layernorm,272,41.232
final_layernorm,273,41.841
final_layernorm,274,42.187
final_layernorm,275,42.016
final_layernorm,276,42.406
final_layernorm,277,42.549
final_layernorm,278,42.756
final_layernorm,279,42.175
final_layernorm,280,42.174
final_layernorm,281,42.344
final_layernorm,282,42.553
final_layernorm,283,42.655
final_layernorm,284,42.651
final_layernorm,285,42.748
final_layernorm,286,43.017
final_layernorm,287,43.12
final_layernorm,288,42.776
final_layernorm,289,42.722
final_layernorm,290,43.292
final_layernorm,291,43.442
final_layernorm,292,43.26
final_layernorm,293,42.799
final_layernorm,294,43.198
final_layernorm,295,43.654
final_layernorm,296,43.177
final_layernorm,297,43.768
final_layernorm,298,43.579
final_layernorm,299,44.206
final_layernorm,300,43.932
final_layernorm,301,44.068
final_layernorm,302,44.045
final_layernorm,303,44.192
final_layernorm,304,43.734
final_layernorm,305,44.15
final_layernorm,306,44.092
final_layernorm,307,43.767
final_layernorm,308,43.949
final_layernorm,309,44.111
final_layernorm,310,44.263
final_layernorm,311,44.559
final_layernorm,312,44.434
final_layernorm,313,44.471
final_layernorm,314,44.397
final_layernorm,315,44.636
final_layernorm,316,44.942
final_layernorm,317,45.001
final_layernorm,318,45.1
final_layernorm,319,45.122
final_layernorm,320,44.671
final_layernorm,321,44.794
final_layernorm,322,45.141
final_layernorm,323,44.898
final_layernorm,324,45.066
final_layernorm,325,45.506
final_layernorm,326,45.443
final_layernorm,327,45.987
final_layernorm,328,45.327
final_layernorm,329,45.632
final_layernorm,330,45.967
final_layernorm,331,45.394
final_layernorm,332,45.791
final_layernorm,333,46.095
final_layernorm,334,46.177
final_layernorm,335,45.891
final_layernorm,336,45.614
final_layernorm,337,46.248
final_layernorm,338,46.18
final_layernorm,339,46.201
final_layernorm,340,46.458
final_layernorm,341,46.378
final_layernorm,342,46.923
final_layernorm,343,46.896
final_layernorm,344,46.543
final_layernorm,345,46.875
final_layernorm,346,46.967
final_layernorm,347,46.969
final_layernorm,348,47.164
final_layernorm,349,47.23
final_layernorm,350,47.19
final_layernorm,351,47.425
final_layernorm,352,47.04
final_layernorm,353,47.498
final_layernorm,354,47.517
final_layernorm,355,47.252
final_layernorm,356,47.352
final_layernorm,357,48.003
final_layernorm,358,47.823
final_layernorm,359,47.999
final_layernorm,360,47.836
final_layernorm,361,48.174
final_layernorm,362,48.005
final_layernorm,363,48.078
final_layernorm,364,48.274
final_layernorm,365,48.57
final_layernorm,366,48.322
final_layernorm,367,48.573
final_layernorm,368,48.393
final_layernorm,369,48.493
final_layernorm,370,48.968
final_layernorm,371,48.586
final_layernorm,372,48.926
final_layernorm,373,49.079
final_layernorm,374,49.135
final_layernorm,375,49.083
final_layernorm,376,48.95
final_layernorm,377,49.084
final_layernorm,378,49.643
final_layernorm,379,49.154
final_layernorm,380,49.126
final_layernorm,381,49.545
final_layernorm,382,49.629
final_layernorm,383,49.843
final_layernorm,384,49.387
final_layernorm,385,49.933
final_layernorm,386,50.002
final_layernorm,387,50.331
final_layernorm,388,50.155
final_layernorm,389,50.223
final_layernorm,390,50.401
final_layernorm,391,50.537
final_layernorm,392,50.174
final_layernorm,393,50.584
final_layernorm,394,51.102
final_layernorm,395,50.736
final_layernorm,396,51.316
final_layernorm,397,52.13
final_layernorm,398,52.311
final_layernorm,399,52.638
final_layernorm,400,52.181
final_layernorm,401,52.66
final_layernorm,402,52.738
final_layernorm,403,52.716
final_layernorm,404,52.777
final_layernorm,405,52.782
final_layernorm,406,52.96
final_layernorm,407,53.16
final_layernorm,408,52.992
final_layernorm,409,53.17
final_layernorm,410,53.047
final_layernorm,411,53.234
final_layernorm,412,53.247
final_layernorm,413,53.75
final_layernorm,414,53.708
final_layernorm,415,53.773
final_layernorm,416,53.309
final_layernorm,417,53.802
final_layernorm,418,53.574
final_layernorm,419,53.916
final_layernorm,420,54.166
final_layernorm,421,54.021
final_layernorm,422,53.873
final_layernorm,423,54.11
final_layernorm,424,53.792
final_layernorm,425,54.442
final_layernorm,426,54.116
final_layernorm,427,54.375
final_layernorm,428,54.519
final_layernorm,429,54.326
final_layernorm,430,54.447
final_layernorm,431,54.3
final_layernorm,432,54.269
final_layernorm,433,54.994
final_layernorm,434,54.921
final_layernorm,435,54.922
final_layernorm,436,55.203
final_layernorm,437,55.198
final_layernorm,438,55.468
final_layernorm,439,55.361
final_layernorm,440,55.099
final_layernorm,441,55.659
final_layernorm,442,55.893
final_layernorm,443,55.662
final_layernorm,444,55.711
final_layernorm,445,55.633
final_layernorm,446,56.102
final_layernorm,447,55.896
final_layernorm,448,55.327
final_layernorm,449,55.701
final_layernorm,450,56.073
final_layernorm,451,56.114
final_layernorm,452,56.302
final_layernorm,453,56.241
final_layernorm,454,56.699
final_layernorm,455,56.397
final_layernorm,456,56.339
final_layernorm,457,56.968
final_layernorm,458,56.916
final_layernorm,459,56.865
final_layernorm,460,56.811
final_layernorm,461,56.989
final_layernorm,462,57.283
final_layernorm,463,57.216
final_layernorm,464,56.686
final_layernorm,465,57.058
final_layernorm,466,57.248
final_layernorm,467,57.289
final_layernorm,468,57.201
final_layernorm,469,57.676
final_layernorm,470,57.383
final_layernorm,471,57.477
final_layernorm,472,57.208
final_layernorm,473,57.537
final_layernorm,474,57.753
final_layernorm,475,57.968
final_layernorm,476,58.189
final_layernorm,477,58.341
final_layernorm,478,57.941
final_layernorm,479,58.779
final_layernorm,480,58.036
final_layernorm,481,58.491
final_layernorm,482,58.498
final_layernorm,483,58.485
final_layernorm,484,58.778
final_layernorm,485,58.739
final_layernorm,486,58.629
final_layernorm,487,58.734
final_layernorm,488,58.691
final_layernorm,489,59.05
final_layernorm,490,59.198
final_layernorm,491,59.073
final_layernorm,492,59.315
final_layernorm,493,59.239
final_layernorm,494,59.194
final_layernorm,495,59.353
final_layernorm,496,59.005
final_layernorm,497,59.764
final_layernorm,498,59.614
final_layernorm,499,59.594
final_layernorm,500,59.507
final_layernorm,501,59.337
final_layernorm,502,59.64
final_layernorm,503,59.721
final_layernorm,504,59.449
final_layernorm,505,60.066
final_layernorm,506,60.005
final_layernorm,507,60.325
final_layernorm,508,60.275
final_layernorm,509,60.315
final_layernorm,510,60.118
final_layernorm,511,60.758
final_layernorm,512,59.989
final_layernorm,513,61.414
final_layernorm,514,61.408
final_layernorm,515,61.622
final_layernorm,516,61.548
final_layernorm,517,61.907
final_layernorm,518,61.977
final_layernorm,519,61.932
final_layernorm,520,62.02
final_layernorm,521,61.976
final_layernorm,522,62.033
final_layernorm,523,62.5
final_layernorm,524,62.87
final_layernorm,525,62.984
final_layernorm,526,62.752
final_layernorm,527,62.773
final_layernorm,528,62.646
final_layernorm,529,63.858
final_layernorm,530,64.425
final_layernorm,531,64.475
final_layernorm,532,64.833
final_layernorm,533,64.767
final_layernorm,534,64.892
final_layernorm,535,65.302
final_layernorm,536,65.113
final_layernorm,537,65.222
final_layernorm,538,65.485
final_layernorm,539,65.622
final_layernorm,540,65.876
final_layernorm,541,66.214
final_layernorm,542,66.103
final_layernorm,543,65.782
final_layernorm,544,65.654
final_layernorm,545,66.217
final_layernorm,546,66.842
final_layernorm,547,66.267
final_layernorm,548,66.802
final_layernorm,549,66.351
final_layernorm,550,66.639
final_layernorm,551,67.294
final_layernorm,552,66.677
final_layernorm,553,66.917
final_layernorm,554,66.854
final_layernorm,555,67.789
final_layernorm,556,67.856
final_layernorm,557,67.272
final_layernorm,558,67.664
final_layernorm,559,67.771
final_layernorm,560,67.37
final_layernorm,561,67.649
final_layernorm,562,68.074
final_layernorm,563,68.596
final_layernorm,564,68.228
final_layernorm,565,68.298
final_layernorm,566,68.979
final_layernorm,567,68.728
final_layernorm,568,67.991
final_layernorm,569,68.597
final_layernorm,570,68.736
final_layernorm,571,68.757
final_layernorm,572,69.052
final_layernorm,573,68.893
final_layernorm,574,69.009
final_layernorm,575,69.349
final_layernorm,576,69.046
final_layernorm,577,69.421
final_layernorm,578,69.451
final_layernorm,579,70.236
final_layernorm,580,69.783
final_layernorm,581,70.133
final_layernorm,582,70.103
final_layernorm,583,70.355
final_layernorm,584,70.388
final_layernorm,585,70.568
final_layernorm,586,70.844
final_layernorm,587,71.147
final_layernorm,588,70.866
final_layernorm,589,71.008
final_layernorm,590,71.576
final_layernorm,591,71.481
final_layernorm,592,71.158
final_layernorm,593,72.024
final_layernorm,594,72.171
final_layernorm,595,72.995
final_layernorm,596,72.859
final_layernorm,597,72.408
final_layernorm,598,73.626
final_layernorm,599,73.607
final_layernorm,600,72.807
final_layernorm,601,73.544
final_layernorm,602,74.034
final_layernorm,603,74.187
final_layernorm,604,74.27
final_layernorm,605,74.736
final_layernorm,606,74.51
final_layernorm,607,74.88
final_layernorm,608,75.087
final_layernorm,609,74.934
final_layernorm,610,74.873
final_layernorm,611,75.549
final_layernorm,612,74.965
final_layernorm,613,75.243
final_layernorm,614,75.418
final_layernorm,615,75.679
final_layernorm,616,75.807
final_layernorm,617,76.582
final_layernorm,618,76.236
final_layernorm,619,76.233
final_layernorm,620,76.617
final_layernorm,621,76.603
final_layernorm,622,76.542
final_layernorm,623,76.829
final_layernorm,624,77.059
final_layernorm,625,77.989
final_layernorm,626,77.487
final_layernorm,627,78.092
final_layernorm,628,78.007
final_layernorm,629,78.791
final_layernorm,630,78.582
final_layernorm,631,78.071
final_layernorm,632,78.905
final_layernorm,633,79.361
final_layernorm,634,78.628
final_layernorm,635,79.191
final_layernorm,636,78.84
final_layernorm,637,78.996
final_layernorm,638,79.734
final_layernorm,639,79.416
final_layernorm,640,78.836
final_layernorm,641,79.045
final_layernorm,642,79.467
final_layernorm,643,79.895
final_layernorm,644,79.875
final_layernorm,645,79.73
final_layernorm,646,80.008
final_layernorm,647,80.537
final_layernorm,648,80.342
final_layernorm,649,80.519
final_layernorm,650,80.694
final_layernorm,651,80.929
final_layernorm,652,81.431
final_layernorm,653,81.687
final_layernorm,654,81.443
final_layernorm,655,81.371
final_layernorm,656,81.719
final_layernorm,657,81.629
final_layernorm,658,81.779
final_layernorm,659,82.291
final_layernorm,660,82.475
final_layernorm,661,82.433
final_layernorm,662,82.551
final_layernorm,663,82.486
final_layernorm,664,82.718
final_layernorm,665,83.656
final_layernorm,666,82.962
final_layernorm,667,83.444
final_layernorm,668,83.071
final_layernorm,669,83.196
final_layernorm,670,83.359
final_layernorm,671,83.324
final_layernorm,672,83.532
final_layernorm,673,83.978
final_layernorm,674,83.833
final_layernorm,675,84.111
final_layernorm,676,84.683
final_layernorm,677,84.542
final_layernorm,678,84.739
final_layernorm,679,84.845
final_layernorm,680,84.213
final_layernorm,681,84.898
final_layernorm,682,85.228
final_layernorm,683,85.258
final_layernorm,684,85.436
final_layernorm,685,85.382
final_layernorm,686,85.891
final_layernorm,687,85.719
final_layernorm,688,86.049
final_layernorm,689,86.929
final_layernorm,690,86.571
final_layernorm,691,86.456
final_layernorm,692,86.588
final_layernorm,693,86.416
final_layernorm,694,86.751
final_layernorm,695,86.903
final_layernorm,696,86.912
final_layernorm,697,87.155
final_layernorm,698,87.548
final_layernorm,699,87.612
final_layernorm,700,87.434
final_layernorm,701,87.801
final_layernorm,702,87.749
final_layernorm,703,88.489
final_layernorm,704,87.515
final_layernorm,705,87.739
final_layernorm,706,87.947
final_layernorm,707,88.503
final_layernorm,708,88.235
final_layernorm,709,88.551
final_layernorm,710,88.634
final_layernorm,711,88.71
final_layernorm,712,88.957
final_layernorm,713,89.1
final_layernorm,714,89.11
final_layernorm,715,89.324
final_layernorm,716,89.667
final_layernorm,717,90.063
final_layernorm,718,89.895
final_layernorm,719,90.007
final_layernorm,720,89.495
final_layernorm,721,89.993
final_layernorm,722,90.549
final_layernorm,723,91.081
final_layernorm,724,91.227
final_layernorm,725,90.527
final_layernorm,726,91.617
final_layernorm,727,91.208
final_layernorm,728,91.098
final_layernorm,729,91.229
final_layernorm,730,92.117
final_layernorm,731,91.845
final_layernorm,732,91.46
final_layernorm,733,91.644
final_layernorm,734,91.857
final_layernorm,735,92.001
final_layernorm,736,91.795
final_layernorm,737,91.885
final_layernorm,738,92.783
final_layernorm,739,92.332
final_layernorm,740,92.735
final_layernorm,741,92.65
final_layernorm,742,92.796
final_layernorm,743,93.28
final_layernorm,744,92.93
final_layernorm,745,93.345
final_layernorm,746,93.184
final_layernorm,747,93.527
final_layernorm,748,94.158
final_layernorm,749,93.647
final_layernorm,750,93.507
final_layernorm,751,94.674
final_layernorm,752,94.008
final_layernorm,753,95.202
final_layernorm,754,94.691
final_layernorm,755,94.667
final_layernorm,756,94.879
final_layernorm,757,94.683
final_layernorm,758,95.049
final_layernorm,759,95.489
final_layernorm,760,94.858
final_layernorm,761,95.852
final_layernorm,762,95.598
final_layernorm,763,95.465
final_layernorm,764,95.802
final_layernorm,765,96.055
final_layernorm,766,96.493
final_layernorm,767,96.105
final_layernorm,768,96.274
final_layernorm,769,96.152
final_layernorm,770,96.426
final_layernorm,771,96.547
final_layernorm,772,96.941
final_layernorm,773,96.953
final_layernorm,774,96.969
final_layernorm,775,97.055
final_layernorm,776,96.504
final_layernorm,777,97.624
final_layernorm,778,97.703
final_layernorm,779,98.213
final_layernorm,780,97.876
final_layernorm,781,98.138
final_layernorm,782,98.065
final_layernorm,783,98.602
final_layernorm,784,97.737
final_layernorm,785,98.584
final_layernorm,786,98.639
final_layernorm,787,98.942
final_layernorm,788,99.37
final_layernorm,789,99.816
final_layernorm,790,99.554
final_layernorm,791,99.93
final_layernorm,792,99.908
final_layernorm,793,99.983
final_layernorm,794,100.577
final_layernorm,795,99.985
final_layernorm,796,100.455
final_layernorm,797,100.407
final_layernorm,798,100.731
final_layernorm,799,101.83
final_layernorm,800,100.595
final_layernorm,801,102.235
final_layernorm,802,101.057
final_layernorm,803,101.474
final_layernorm,804,102.389
final_layernorm,805,101.941
final_layernorm,806,101.971
final_layernorm,807,102.275
final_layernorm,808,102.187
final_layernorm,809,102.502
final_layernorm,810,102.459
final_layernorm,811,103.107
final_layernorm,812,103.037
final_layernorm,813,102.705
final_layernorm,814,103.737
final_layernorm,815,103.64
final_layernorm,816,103.389
final_layernorm,817,103.734
final_layernorm,818,104.282
final_layernorm,819,104.564
final_layernorm,820,103.655
final_layernorm,821,103.894
final_layernorm,822,104.931
final_layernorm,823,104.337
final_layernorm,824,104.755
final_layernorm,825,104.567
final_layernorm,826,104.399
final_layernorm,827,105.451
final_layernorm,828,104.877
final_layernorm,829,105.674
final_layernorm,830,105.994
final_layernorm,831,105.272
final_layernorm,832,104.356
final_layernorm,833,105.612
final_layernorm,834,105.867
final_layernorm,835,106.248
final_layernorm,836,106.538
final_layernorm,837,106.43
final_layernorm,838,107.414
final_layernorm,839,107.674
final_layernorm,840,106.703
final_layernorm,841,107.334
final_layernorm,842,107.804
final_layernorm,843,107.419
final_layernorm,844,107.914
final_layernorm,845,107.892
final_layernorm,846,108.598
final_layernorm,847,108.103
final_layernorm,848,107.729
final_layernorm,849,108.523
final_layernorm,850,109.287
final_layernorm,851,108.763
final_layernorm,852,108.942
final_layernorm,853,109.152
final_layernorm,854,109.504
final_layernorm,855,109.164
final_layernorm,856,109.362
final_layernorm,857,109.385
final_layernorm,858,110.044
final_layernorm,859,110.155
final_layernorm,860,109.971
final_layernorm,861,109.922
final_layernorm,862,109.98
final_layernorm,863,110.076
final_layernorm,864,109.949
final_layernorm,865,110.985
final_layernorm,866,110.009
final_layernorm,867,110.625
final_layernorm,868,111.085
final_layernorm,869,110.556
final_layernorm,870,110.77
final_layernorm,871,110.966
final_layernorm,872,111.355
final_layernorm,873,112.059
final_layernorm,874,111.159
final_layernorm,875,112.138
final_layernorm,876,111.654
final_layernorm,877,111.924
final_layernorm,878,113.06
final_layernorm,879,112.827
final_layernorm,880,112.342
final_layernorm,881,113.546
final_layernorm,882,114.04
final_layernorm,883,113.348
final_layernorm,884,113.677
final_layernorm,885,114.556
final_layernorm,886,113.71
final_layernorm,887,114.257
final_layernorm,888,113.772
final_layernorm,889,114.559
final_layernorm,890,114.453
final_layernorm,891,114.78
final_layernorm,892,114.861
final_layernorm,893,115.621
final_layernorm,894,115.175
final_layernorm,895,115.386
final_layernorm,896,114.799
final_layernorm,897,115.984
final_layernorm,898,116.078
final_layernorm,899,115.665
final_layernorm,900,115.935
final_layernorm,901,115.824
final_layernorm,902,116.767
final_layernorm,903,116.128
final_layernorm,904,116.04
final_layernorm,905,116.403
final_layernorm,906,116.534
final_layernorm,907,116.514
final_layernorm,908,116.995
final_layernorm,909,117.152
final_layernorm,910,117.645
final_layernorm,911,118.21
final_layernorm,912,117.076
final_layernorm,913,117.873
final_layernorm,914,118.038
final_layernorm,915,118.62
final_layernorm,916,118.385
final_layernorm,917,119.278
final_layernorm,918,119.002
final_layernorm,919,119.074
final_layernorm,920,118.794
final_layernorm,921,119.826
final_layernorm,922,119.566
final_layernorm,923,120.141
final_layernorm,924,120.263
final_layernorm,925,120.536
final_layernorm,926,119.802
final_layernorm,927,120.811
final_layernorm,928,120.356
final_layernorm,929,121.151
final_layernorm,930,120.711
final_layernorm,931,120.978
final_layernorm,932,121.036
final_layernorm,933,122.281
final_layernorm,934,121.712
final_layernorm,935,122.157
final_layernorm,936,121.344
final_layernorm,937,122.401
final_layernorm,938,121.978
final_layernorm,939,121.923
final_layernorm,940,122.896
final_layernorm,941,123.144
final_layernorm,942,123.647
final_layernorm,943,122.625
final_layernorm,944,123.38
final_layernorm,945,123.307
final_layernorm,946,123.549
final_layernorm,947,124.402
final_layernorm,948,123.841
final_layernorm,949,124.284
final_layernorm,950,125.351
final_layernorm,951,123.702
final_layernorm,952,124.892
final_layernorm,953,124.877
final_layernorm,954,124.588
final_layernorm,955,125.347
final_layernorm,956,125.723
final_layernorm,957,124.801
final_layernorm,958,125.596
final_layernorm,959,125.998
final_layernorm,960,124.99
final_layernorm,961,126.728
final_layernorm,962,126.526
final_layernorm,963,127.211
final_layernorm,964,127.661
final_layernorm,965,127.338
final_layernorm,966,128.284
final_layernorm,967,127.652
final_layernorm,968,127.996
final_layernorm,969,127.678
final_layernorm,970,128.209
final_layernorm,971,128.837
final_layernorm,972,128.356
final_layernorm,973,128.548
final_layernorm,974,129.484
final_layernorm,975,129.001
final_layernorm,976,129.336
final_layernorm,977,129.101
final_layernorm,978,129.588
final_layernorm,979,129.522
final_layernorm,980,129.666
final_layernorm,981,130.71
final_layernorm,982,129.707
final_layernorm,983,130.855
final_layernorm,984,130.083
final_layernorm,985,130.589
final_layernorm,986,131.193
final_layernorm,987,130.633
final_layernorm,988,131.579
final_layernorm,989,131.185
final_layernorm,990,132.033
final_layernorm,991,131.223
final_layernorm,992,131.686
final_layernorm,993,132.373
final_layernorm,994,131.823
final_layernorm,995,132.318
final_layernorm,996,131.946
final_layernorm,997,132.356
final_layernorm,998,133.003
final_layernorm,999,133.54
final_layernorm,1000,132.574
final_layernorm,1001,133.75
final_layernorm,1002,133.935
final_layernorm,1003,133.155
final_layernorm,1004,134.269
final_layernorm,1005,133.613
final_layernorm,1006,133.89
final_layernorm,1007,134.764
final_layernorm,1008,134.593
final_layernorm,1009,134.144
final_layernorm,1010,134.393
final_layernorm,1011,134.826
final_layernorm,1012,135.187
final_layernorm,1013,135.655
final_layernorm,1014,135.107
final_layernorm,1015,136.353
final_layernorm,1016,135.413
final_layernorm,1017,135.843
final_layernorm,1018,136.598
final_layernorm,1019,136.012
final_layernorm,1020,137.075
final_layernorm,1021,137.509
final_layernorm,1022,136.953
final_layernorm,1023,137.758
final_layernorm,1024,137.121
final_layernorm,1025,138.258
final_layernorm,1026,137.568
final_layernorm,1027,137.904
final_layernorm,1028,138.11
final_layernorm,1029,138.339
final_layernorm,1030,139.031
final_layernorm,1031,138.821
final_layernorm,1032,138.551
final_layernorm,1033,139.572
final_layernorm,1034,138.986
final_layernorm,1035,139.672
final_layernorm,1036,139.647
final_layernorm,1037,140.827
final_layernorm,1038,140.411
final_layernorm,1039,140.148
final_layernorm,1040,140.079
final_layernorm,1041,141.413
final_layernorm,1042,140.61
final_layernorm,1043,140.958
final_layernorm,1044,141.839
final_layernorm,1045,142.159
final_layernorm,1046,141.403
final_layernorm,1047,142.74
final_layernorm,1048,141.968
final_layernorm,1049,142.055
final_layernorm,1050,143.187
final_layernorm,1051,142.506
final_layernorm,1052,143.05
final_layernorm,1053,143.671
final_layernorm,1054,143.045
final_layernorm,1055,143.509
final_layernorm,1056,142.746
final_layernorm,1057,143.624
final_layernorm,1058,144.783
final_layernorm,1059,143.956
final_layernorm,1060,144.742
final_layernorm,1061,144.607
final_layernorm,1062,144.585
final_layernorm,1063,144.694
final_layernorm,1064,144.958
final_layernorm,1065,146.097
final_layernorm,1066,145.011
final_layernorm,1067,145.63
final_layernorm,1068,145.782
final_layernorm,1069,146.874
final_layernorm,1070,145.868
final_layernorm,1071,146.728
final_layernorm,1072,146.687
final_layernorm,1073,146.861
final_layernorm,1074,147.436
final_layernorm,1075,147.074
final_layernorm,1076,147.265
final_layernorm,1077,147.801
final_layernorm,1078,147.364
final_layernorm,1079,148.282
final_layernorm,1080,148.391
final_layernorm,1081,149.097
final_layernorm,1082,148.474
final_layernorm,1083,149.288
final_layernorm,1084,148.906
final_layernorm,1085,148.712
final_layernorm,1086,149.625
final_layernorm,1087,150.402
final_layernorm,1088,149.572
final_layernorm,1089,149.922
final_layernorm,1090,150.383
final_layernorm,1091,150.343
final_layernorm,1092,151.153
final_layernorm,1093,150.702
final_layernorm,1094,151.837
final_layernorm,1095,151.637
final_layernorm,1096,151.32
final_layernorm,1097,152.476
final_layernorm,1098,151.623
final_layernorm,1099,153.097
final_layernorm,1100,152.235
final_layernorm,1101,152.081
final_layernorm,1102,152.967
final_layernorm,1103,153.691
final_layernorm,1104,153.167
final_layernorm,1105,153.317
final_layernorm,1106,153.127
final_layernorm,1107,153.404
final_layernorm,1108,154.127
final_layernorm,1109,154.048
final_layernorm,1110,154.637
final_layernorm,1111,154.438
final_layernorm,1112,154.162
final_layernorm,1113,155.369
final_layernorm,1114,155.723
final_layernorm,1115,154.863
final_layernorm,1116,155.373
final_layernorm,1117,155.336
final_layernorm,1118,155.76
final_layernorm,1119,155.361
final_layernorm,1120,154.994
final_layernorm,1121,155.823
final_layernorm,1122,156.839
final_layernorm,1123,156.342
final_layernorm,1124,157.216
final_layernorm,1125,156.615
final_layernorm,1126,157.057
final_layernorm,1127,156.571
final_layernorm,1128,157.392
final_layernorm,1129,156.628
final_layernorm,1130,157.275
final_layernorm,1131,157.189
final_layernorm,1132,157.859
final_layernorm,1133,157.424
final_layernorm,1134,158.179
final_layernorm,1135,157.673
final_layernorm,1136,157.629
final_layernorm,1137,159.261
final_layernorm,1138,158.876
final_layernorm,1139,158.491
final_layernorm,1140,159.396
final_layernorm,1141,160.021
final_layernorm,1142,159.813
final_layernorm,1143,159.747
final_layernorm,1144,160.174
final_layernorm,1145,161.053
final_layernorm,1146,160.021
final_layernorm,1147,161.147
final_layernorm,1148,161.166
final_layernorm,1149,160.746
final_layernorm,1150,160.934
final_layernorm,1151,162.182
final_layernorm,1152,160.972
final_layernorm,1153,160.94
final_layernorm,1154,161.351
final_layernorm,1155,161.163
final_layernorm,1156,161.728
final_layernorm,1157,161.752
final_layernorm,1158,162.514
final_layernorm,1159,162.235
final_layernorm,1160,162.11
final_layernorm,1161,162.684
final_layernorm,1162,162.584
final_layernorm,1163,162.928
final_layernorm,1164,163.055
final_layernorm,1165,164.001
final_layernorm,1166,163.499
final_layernorm,1167,163.372
final_layernorm,1168,164.301
final_layernorm,1169,164.189
final_layernorm,1170,164.925
final_layernorm,1171,164.22
final_layernorm,1172,164.456
final_layernorm,1173,165.356
final_layernorm,1174,164.744
final_layernorm,1175,166.135
final_layernorm,1176,165.233
final_layernorm,1177,166.235
final_layernorm,1178,165.527
final_layernorm,1179,166.545
final_layernorm,1180,166.971
final_layernorm,1181,166.58
final_layernorm,1182,166.936
final_layernorm,1183,166.019
final_layernorm,1184,166.758
final_layernorm,1185,166.172
final_layernorm,1186,167.286
final_layernorm,1187,166.965
final_layernorm,1188,167.63
final_layernorm,1189,167.386
final_layernorm,1190,167.156
final_layernorm,1191,167.645
final_layernorm,1192,167.381
final_layernorm,1193,167.891
final_layernorm,1194,169.229
final_layernorm,1195,168.687
final_layernorm,1196,168.296
final_layernorm,1197,168.746
final_layernorm,1198,168.778
final_layernorm,1199,169.751
final_layernorm,1200,169.983
final_layernorm,1201,170.258
final_layernorm,1202,169.725
final_layernorm,1203,170.265
final_layernorm,1204,169.971
final_layernorm,1205,170.812
final_layernorm,1206,170.346
final_layernorm,1207,171.397
final_layernorm,1208,171.326
final_layernorm,1209,171.559
final_layernorm,1210,170.889
final_layernorm,1211,172.363
final_layernorm,1212,172.411
final_layernorm,1213,171.651
final_layernorm,1214,171.97
final_layernorm,1215,172.042
final_layernorm,1216,172.246
final_layernorm,1217,173.165
final_layernorm,1218,172.96
final_layernorm,1219,173.436
final_layernorm,1220,172.238
final_layernorm,1221,172.752
final_layernorm,1222,173.362
final_layernorm,1223,172.779
final_layernorm,1224,172.829
final_layernorm,1225,174.538
final_layernorm,1226,174.361
final_layernorm,1227,174.591
final_layernorm,1228,173.71
final_layernorm,1229,175.107
final_layernorm,1230,174.191
final_layernorm,1231,175.119
final_layernorm,1232,174.883
final_layernorm,1233,175.676
final_layernorm,1234,175.29
final_layernorm,1235,175.839
final_layernorm,1236,175.095
final_layernorm,1237,176.397
final_layernorm,1238,175.65
final_layernorm,1239,175.557
final_layernorm,1240,175.927
final_layernorm,1241,175.824
final_layernorm,1242,176.539
final_layernorm,1243,177.044
final_layernorm,1244,176.59
final_layernorm,1245,177.387
final_layernorm,1246,176.467
final_layernorm,1247,176.536
final_layernorm,1248,176.274
final_layernorm,1249,177.803
final_layernorm,1250,177.259
final_layernorm,1251,178.098
final_layernorm,1252,177.458
final_layernorm,1253,177.449
final_layernorm,1254,178.214
final_layernorm,1255,177.824
final_layernorm,1256,178.23
final_layernorm,1257,178.205
final_layernorm,1258,179.003
final_layernorm,1259,178.98
final_layernorm,1260,178.486
final_layernorm,1261,178.658
final_layernorm,1262,179.828
final_layernorm,1263,179.198
final_layernorm,1264,179.717
final_layernorm,1265,180.133
final_layernorm,1266,179.463
final_layernorm,1267,179.799
final_layernorm,1268,179.915
final_layernorm,1269,180.724
final_layernorm,1270,180.498
final_layernorm,1271,181.167
final_layernorm,1272,180.808
final_layernorm,1273,180.592
final_layernorm,1274,181.734
final_layernorm,1275,180.738
final_layernorm,1276,181.768
final_layernorm,1277,181.154
final_layernorm,1278,182.189
final_layernorm,1279,181.848
final_layernorm,1280,182.07
final_layernorm,1281,182.344
final_layernorm,1282,182.307
final_layernorm,1283,183.269
final_layernorm,1284,183.689
final_layernorm,1285,182.147
final_layernorm,1286,182.487
final_layernorm,1287,182.746
final_layernorm,1288,182.274
final_layernorm,1289,183.541
final_layernorm,1290,184.158
final_layernorm,1291,184.54
final_layernorm,1292,183.121
final_layernorm,1293,184.332
final_layernorm,1294,183.648
final_layernorm,1295,183.494
final_layernorm,1296,183.792
final_layernorm,1297,183.795
final_layernorm,1298,184.831
final_layernorm,1299,184.582
final_layernorm,1300,184.214
final_layernorm,1301,184.804
final_layernorm,1302,185.37
final_layernorm,1303,185.383
final_layernorm,1304,185.116
final_layernorm,1305,186.084
final_layernorm,1306,185.784
final_layernorm,1307,186.199
final_layernorm,1308,185.983
final_layernorm,1309,185.729
final_layernorm,1310,186.284
final_layernorm,1311,186.086
final_layernorm,1312,185.688
final_layernorm,1313,187.18
final_layernorm,1314,186.181
final_layernorm,1315,187.465
final_layernorm,1316,186.811
final_layernorm,1317,187.755
final_layernorm,1318,187.375
final_layernorm,1319,187.399
final_layernorm,1320,187.992
final_layernorm,1321,188.506
final_layernorm,1322,187.606
final_layernorm,1323,188.011
final_layernorm,1324,188.311
final_layernorm,1325,187.79
final_layernorm,1326,187.898
final_layernorm,1327,188.794
final_layernorm,1328,187.655
final_layernorm,1329,189.053
final_layernorm,1330,188.66
final_layernorm,1331,189.964
final_layernorm,1332,189.487
final_layernorm,1333,189.914
final_layernorm,1334,189.444
final_layernorm,1335,189.7
final_layernorm,1336,190.018
final_layernorm,1337,189.906
final_layernorm,1338,190.243
final_layernorm,1339,190.963
final_layernorm,1340,191.273
final_layernorm,1341,190.287
final_layernorm,1342,191.379
final_layernorm,1343,191.039
final_layernorm,1344,191.042
final_layernorm,1345,191.939
final_layernorm,1346,191.323
final_layernorm,1347,191.969
final_layernorm,1348,191.83
final_layernorm,1349,191.837
final_layernorm,1350,191.468
final_layernorm,1351,191.666
final_layernorm,1352,191.508
final_layernorm,1353,192.602
final_layernorm,1354,192.671
final_layernorm,1355,193.502
final_layernorm,1356,192.315
final_layernorm,1357,193.587
final_layernorm,1358,192.69
final_layernorm,1359,193.502
final_layernorm,1360,193.123
final_layernorm,1361,194.559
final_layernorm,1362,193.379
final_layernorm,1363,193.847
final_layernorm,1364,193.778
final_layernorm,1365,194.15
final_layernorm,1366,194.068
final_layernorm,1367,195.454
final_layernorm,1368,194.596
final_layernorm,1369,194.899
final_layernorm,1370,195.105
final_layernorm,1371,195.874
final_layernorm,1372,195.95
final_layernorm,1373,195.626
final_layernorm,1374,195.52
final_layernorm,1375,196.654
final_layernorm,1376,196.683
final_layernorm,1377,196.351
final_layernorm,1378,195.978
final_layernorm,1379,197.536
final_layernorm,1380,196.706
final_layernorm,1381,196.777
final_layernorm,1382,196.783
final_layernorm,1383,198.087
final_layernorm,1384,197.527
final_layernorm,1385,197.95
final_layernorm,1386,198.489
final_layernorm,1387,198.065
final_layernorm,1388,198.626
final_layernorm,1389,198.753
final_layernorm,1390,198.279
final_layernorm,1391,199.181
final_layernorm,1392,199.517
final_layernorm,1393,199.268
final_layernorm,1394,199.386
final_layernorm,1395,200.228
final_layernorm,1396,200.222
final_layernorm,1397,199.981
final_layernorm,1398,199.479
final_layernorm,1399,199.738
final_layernorm,1400,199.419
final_layernorm,1401,200.873
final_layernorm,1402,200.9
final_layernorm,1403,201.592
final_layernorm,1404,200.632
final_layernorm,1405,200.686
final_layernorm,1406,200.962
final_layernorm,1407,202.013
final_layernorm,1408,201.199
final_layernorm,1409,201.835
final_layernorm,1410,202.605
final_layernorm,1411,202.82
final_layernorm,1412,202.328
final_layernorm,1413,201.955
final_layernorm,1414,203.46
final_layernorm,1415,202.65
final_layernorm,1416,201.944
final_layernorm,1417,203.997
final_layernorm,1418,203.08
final_layernorm,1419,202.351
final_layernorm,1420,204.305
final_layernorm,1421,203.442
final_layernorm,1422,204.49
final_layernorm,1423,204.578
final_layernorm,1424,204.182
final_layernorm,1425,203.582
final_layernorm,1426,204.977
final_layernorm,1427,205.108
final_layernorm,1428,205.204
final_layernorm,1429,204.072
final_layernorm,1430,204.761
final_layernorm,1431,204.627
final_layernorm,1432,204.754
final_layernorm,1433,204.723
final_layernorm,1434,204.885
final_layernorm,1435,204.541
final_layernorm,1436,206.524
final_layernorm,1437,205.537
final_layernorm,1438,205.266
final_layernorm,1439,206.511
final_layernorm,1440,205.633
final_layernorm,1441,206.761
final_layernorm,1442,206.663
final_layernorm,1443,205.868
final_layernorm,1444,206.19
final_layernorm,1445,206.485
final_layernorm,1446,207.57
final_layernorm,1447,207.85
final_layernorm,1448,207.018
final_layernorm,1449,207.355
final_layernorm,1450,206.746
final_layernorm,1451,207.015
final_layernorm,1452,206.924
final_layernorm,1453,208.437
final_layernorm,1454,207.809
final_layernorm,1455,208.123
final_layernorm,1456,207.486
final_layernorm,1457,207.647
final_layernorm,1458,207.796
final_layernorm,1459,208.784
final_layernorm,1460,209.026
final_layernorm,1461,207.942
final_layernorm,1462,209.446
final_layernorm,1463,209.529
final_layernorm,1464,208.01
final_layernorm,1465,209.861
final_layernorm,1466,208.686
final_layernorm,1467,208.926
final_layernorm,1468,209.107
final_layernorm,1469,210.404
final_layernorm,1470,210.03
final_layernorm,1471,209.889
final_layernorm,1472,209.854
final_layernorm,1473,209.547
final_layernorm,1474,209.28
final_layernorm,1475,210.899
final_layernorm,1476,209.687
final_layernorm,1477,210.752
final_layernorm,1478,210.277
final_layernorm,1479,210.397
final_layernorm,1480,210.309
final_layernorm,1481,210.321
final_layernorm,1482,211.419
final_layernorm,1483,211.41
final_layernorm,1484,211.916
final_layernorm,1485,211.554
final_layernorm,1486,211.156
final_layernorm,1487,211.643
final_layernorm,1488,212.366
final_layernorm,1489,212.671
final_layernorm,1490,212.348
final_layernorm,1491,213.322
final_layernorm,1492,212.249
final_layernorm,1493,212.124
final_layernorm,1494,213.304
final_layernorm,1495,213.019
final_layernorm,1496,212.881
final_layernorm,1497,214.315
final_layernorm,1498,214.221
final_layernorm,1499,214.558
final_layernorm,1500,214.031
final_layernorm,1501,213.653
final_layernorm,1502,213.189
final_layernorm,1503,213.603
final_layernorm,1504,213.473
final_layernorm,1505,214.564
final_layernorm,1506,213.784
final_layernorm,1507,215.036
final_layernorm,1508,215.228
final_layernorm,1509,215.348
final_layernorm,1510,214.824
final_layernorm,1511,215.829
final_layernorm,1512,214.678
final_layernorm,1513,214.662
final_layernorm,1514,215.804
final_layernorm,1515,215.987
final_layernorm,1516,216.24
final_layernorm,1517,215.815
final_layernorm,1518,216.641
final_layernorm,1519,216.754
final_layernorm,1520,215.025
final_layernorm,1521,217.383
final_layernorm,1522,216.765
final_layernorm,1523,216.714
final_layernorm,1524,217.138
final_layernorm,1525,216.635
final_layernorm,1526,216.062
final_layernorm,1527,218.065
final_layernorm,1528,217.83
final_layernorm,1529,216.703
final_layernorm,1530,216.954
final_layernorm,1531,217.061
final_layernorm,1532,217.019
final_layernorm,1533,216.963
final_layernorm,1534,218.893
final_layernorm,1535,218.486
final_layernorm,1536,218.767
final_layernorm,1537,218.241
final_layernorm,1538,218.111
final_layernorm,1539,217.84
final_layernorm,1540,218.194
final_layernorm,1541,219.39
final_layernorm,1542,218.696
final_layernorm,1543,218.654
final_layernorm,1544,218.484
final_layernorm,1545,220.236
final_layernorm,1546,219.087
final_layernorm,1547,220.062
final_layernorm,1548,220.405
final_layernorm,1549,219.862
final_layernorm,1550,219.316
final_layernorm,1551,219.175
final_layernorm,1552,219.391
final_layernorm,1553,219.595
final_layernorm,1554,221.258
final_layernorm,1555,221.06
final_layernorm,1556,220.94
final_layernorm,1557,221.312
final_layernorm,1558,220.744
final_layernorm,1559,221.278
final_layernorm,1560,221.359
final_layernorm,1561,221.373
final_layernorm,1562,222.284
final_layernorm,1563,222.49
final_layernorm,1564,221.243
final_layernorm,1565,222.839
final_layernorm,1566,222.665
final_layernorm,1567,222.964
final_layernorm,1568,221.796
final_layernorm,1569,223.032
final_layernorm,1570,222.717
final_layernorm,1571,222.399
final_layernorm,1572,222.943
final_layernorm,1573,224.115
final_layernorm,1574,223.354
final_layernorm,1575,224.551
final_layernorm,1576,224.727
final_layernorm,1577,224.676
final_layernorm,1578,223.989
final_layernorm,1579,224.321
final_layernorm,1580,224.581
final_layernorm,1581,224.402
final_layernorm,1582,223.614
final_layernorm,1583,224.255
final_layernorm,1584,223.642
final_layernorm,1585,226.39
final_layernorm,1586,225.608
final_layernorm,1587,225.431
final_layernorm,1588,226.239
final_layernorm,1589,225.564
final_layernorm,1590,227.08
final_layernorm,1591,227.162
final_layernorm,1592,225.727
final_layernorm,1593,227.115
final_layernorm,1594,226.418
final_layernorm,1595,227.925
final_layernorm,1596,227.024
final_layernorm,1597,228.268
final_layernorm,1598,226.976
final_layernorm,1599,228.731
final_layernorm,1600,226.581
final_layernorm,1601,228.234
final_layernorm,1602,227.895
final_layernorm,1603,227.957
final_layernorm,1604,228.997
final_layernorm,1605,229.544
final_layernorm,1606,228.117
final_layernorm,1607,228.336
final_layernorm,1608,228.488
final_layernorm,1609,228.811
final_layernorm,1610,229.071
final_layernorm,1611,230.841
final_layernorm,1612,229.24
final_layernorm,1613,230.931
final_layernorm,1614,230.589
final_layernorm,1615,230.864
final_layernorm,1616,230.922
final_layernorm,1617,230.9
final_layernorm,1618,230.435
final_layernorm,1619,230.387
final_layernorm,1620,231.037
final_layernorm,1621,231.929
final_layernorm,1622,230.545
final_layernorm,1623,232.362
final_layernorm,1624,230.735
final_layernorm,1625,232.635
final_layernorm,1626,231.921
final_layernorm,1627,232.229
final_layernorm,1628,232.844
final_layernorm,1629,232.685
final_layernorm,1630,233.258
final_layernorm,1631,232.084
final_layernorm,1632,232.331
final_layernorm,1633,232.363
final_layernorm,1634,231.585
final_layernorm,1635,232.233
final_layernorm,1636,232.365
final_layernorm,1637,234.201
final_layernorm,1638,232.174
final_layernorm,1639,232.377
final_layernorm,1640,234.256
final_layernorm,1641,232.675
final_layernorm,1642,234.73
final_layernorm,1643,234.767
final_layernorm,1644,233.768
final_layernorm,1645,233.41
final_layernorm,1646,234.965
final_layernorm,1647,233.479
final_layernorm,1648,235.351
final_layernorm,1649,234.581
final_layernorm,1650,234.313
final_layernorm,1651,234.737
final_layernorm,1652,234.604
final_layernorm,1653,236.069
final_layernorm,1654,234.782
final_layernorm,1655,236.757
final_layernorm,1656,235.825
final_layernorm,1657,235.322
final_layernorm,1658,236.905
final_layernorm,1659,237.075
final_layernorm,1660,235.264
final_layernorm,1661,236.659
final_layernorm,1662,235.967
final_layernorm,1663,236.513
final_layernorm,1664,235.825
final_layernorm,1665,236.28
final_layernorm,1666,236.434
final_layernorm,1667,236.136
final_layernorm,1668,237.638
final_layernorm,1669,238.164
final_layernorm,1670,238.152
final_layernorm,1671,238.284
final_layernorm,1672,238.639
final_layernorm,1673,238.096
final_layernorm,1674,237.24
final_layernorm,1675,238.581
final_layernorm,1676,238.188
final_layernorm,1677,237.739
final_layernorm,1678,238.925
final_layernorm,1679,239.427
final_layernorm,1680,236.979
final_layernorm,1681,238.745
final_layernorm,1682,239.899
final_layernorm,1683,240.111
final_layernorm,1684,239.751
final_layernorm,1685,238.961
final_layernorm,1686,240.5
final_layernorm,1687,239.12
final_layernorm,1688,240.496
final_layernorm,1689,239.257
final_layernorm,1690,239.938
final_layernorm,1691,241.185
final_layernorm,1692,240.576
final_layernorm,1693,241.534
final_layernorm,1694,241.777
final_layernorm,1695,240.71
final_layernorm,1696,241.54
final_layernorm,1697,242.098
final_layernorm,1698,240.91
final_layernorm,1699,240.627
final_layernorm,1700,241.928
final_layernorm,1701,242.276
final_layernorm,1702,242.774
final_layernorm,1703,241.482
final_layernorm,1704,242.431
final_layernorm,1705,242.904
final_layernorm,1706,241.87
final_layernorm,1707,241.637
final_layernorm,1708,242.915
final_layernorm,1709,241.819
final_layernorm,1710,243.646
final_layernorm,1711,242.38
final_layernorm,1712,241.792
final_layernorm,1713,243.926
final_layernorm,1714,242.756
final_layernorm,1715,242.922
final_layernorm,1716,244.522
final_layernorm,1717,244.71
final_layernorm,1718,244.913
final_layernorm,1719,243.846
final_layernorm,1720,243.497
final_layernorm,1721,245.274
final_layernorm,1722,244.462
final_layernorm,1723,245.447
final_layernorm,1724,245.628
final_layernorm,1725,244.769
final_layernorm,1726,244.471
final_layernorm,1727,245.431
final_layernorm,1728,244.903
final_layernorm,1729,246.317
final_layernorm,1730,246.015
final_layernorm,1731,245.235
final_layernorm,1732,244.955
final_layernorm,1733,245.903
final_layernorm,1734,245.666
final_layernorm,1735,247.017
final_layernorm,1736,245.984
final_layernorm,1737,245.603
final_layernorm,1738,247.119
final_layernorm,1739,246.077
final_layernorm,1740,245.847
final_layernorm,1741,247.227
final_layernorm,1742,246.85
final_layernorm,1743,247.848
final_layernorm,1744,247.233
final_layernorm,1745,247.078
final_layernorm,1746,248.445
final_layernorm,1747,248.321
final_layernorm,1748,247.659
final_layernorm,1749,249.068
final_layernorm,1750,248.241
final_layernorm,1751,247.814
final_layernorm,1752,247.193
final_layernorm,1753,248.797
final_layernorm,1754,247.774
final_layernorm,1755,249.848
final_layernorm,1756,249.59
final_layernorm,1757,248.65
final_layernorm,1758,248.513
final_layernorm,1759,249.807
final_layernorm,1760,248.88
final_layernorm,1761,248.747
final_layernorm,1762,249.803
final_layernorm,1763,249.225
final_layernorm,1764,249.159
final_layernorm,1765,250.339
final_layernorm,1766,249.505
final_layernorm,1767,250.946
final_layernorm,1768,250.414
final_layernorm,1769,250.275
final_layernorm,1770,251.385
final_layernorm,1771,250.693
final_layernorm,1772,250.316
final_layernorm,1773,252.452
final_layernorm,1774,251.072
final_layernorm,1775,251.114
final_layernorm,1776,250.973
final_layernorm,1777,251.657
final_layernorm,1778,251.496
final_layernorm,1779,252.823
final_layernorm,1780,252.212
final_layernorm,1781,253.657
final_layernorm,1782,253.652
final_layernorm,1783,252.699
final_layernorm,1784,254.135
final_layernorm,1785,254.079
final_layernorm,1786,253.942
final_layernorm,1787,252.797
final_layernorm,1788,253.28
final_layernorm,1789,254.659
final_layernorm,1790,253.768
final_layernorm,1791,255.323
final_layernorm,1792,255.097
final_layernorm,1793,254.565
final_layernorm,1794,253.883
final_layernorm,1795,255.808
final_layernorm,1796,255.668
final_layernorm,1797,254.347
final_layernorm,1798,256.623
final_layernorm,1799,255.606
final_layernorm,1800,255.405
final_layernorm,1801,255.067
final_layernorm,1802,255.827
final_layernorm,1803,257.014
final_layernorm,1804,255.135
final_layernorm,1805,256.869
final_layernorm,1806,257.641
final_layernorm,1807,256.083
final_layernorm,1808,257.365
final_layernorm,1809,257.264
final_layernorm,1810,256.657
final_layernorm,1811,258.225
final_layernorm,1812,257.591
final_layernorm,1813,258.412
final_layernorm,1814,256.92
final_layernorm,1815,258.538
final_layernorm,1816,257.893
final_layernorm,1817,258.083
final_layernorm,1818,258.701
final_layernorm,1819,257.812
final_layernorm,1820,259.468
final_layernorm,1821,259.417
final_layernorm,1822,258.548
final_layernorm,1823,257.647
final_layernorm,1824,257.638
final_layernorm,1825,259.362
final_layernorm,1826,260.466
final_layernorm,1827,260.31
final_layernorm,1828,260.562
final_layernorm,1829,259.745
final_layernorm,1830,260.546
final_layernorm,1831,258.786
final_layernorm,1832,260.768
final_layernorm,1833,261.02
final_layernorm,1834,262.017
final_layernorm,1835,261.05
final_layernorm,1836,261.442
final_layernorm,1837,260.955
final_layernorm,1838,262.012
final_layernorm,1839,261.995
final_layernorm,1840,259.668
final_layernorm,1841,261.207
final_layernorm,1842,260.889
final_layernorm,1843,262.655
final_layernorm,1844,262.123
final_layernorm,1845,261.43
final_layernorm,1846,262.594
final_layernorm,1847,262.298
final_layernorm,1848,262.253
final_layernorm,1849,261.985
final_layernorm,1850,261.402
final_layernorm,1851,261.709
final_layernorm,1852,263.307
final_layernorm,1853,262.663
final_layernorm,1854,263.844
final_layernorm,1855,263.817
final_layernorm,1856,263.356
final_layernorm,1857,262.865
final_layernorm,1858,264.125
final_layernorm,1859,263.991
final_layernorm,1860,264.409
final_layernorm,1861,264.165
final_layernorm,1862,263.405
final_layernorm,1863,263.528
final_layernorm,1864,263.668
final_layernorm,1865,264.535
final_layernorm,1866,264.152
final_layernorm,1867,265.454
final_layernorm,1868,263.799
final_layernorm,1869,265.462
final_layernorm,1870,263.886
final_layernorm,1871,264.13
final_layernorm,1872,263.76
final_layernorm,1873,265.476
final_layernorm,1874,264.802
final_layernorm,1875,264.834
final_layernorm,1876,264.962
final_layernorm,1877,266.111
final_layernorm,1878,265.324
final_layernorm,1879,264.745
final_layernorm,1880,266.373
final_layernorm,1881,266.16
final_layernorm,1882,267.247
final_layernorm,1883,265.337
final_layernorm,1884,267.508
final_layernorm,1885,266.388
final_layernorm,1886,267.461
final_layernorm,1887,268.386
final_layernorm,1888,267.837
final_layernorm,1889,267.427
final_layernorm,1890,267.927
final_layernorm,1891,268.125
final_layernorm,1892,268.854
final_layernorm,1893,267.614
final_layernorm,1894,266.443
final_layernorm,1895,266.418
final_layernorm,1896,268.914
final_layernorm,1897,267.398
final_layernorm,1898,266.808
final_layernorm,1899,270.207
final_layernorm,1900,268.55
final_layernorm,1901,269.605
final_layernorm,1902,270.885
final_layernorm,1903,270.215
final_layernorm,1904,269.276
final_layernorm,1905,269.471
final_layernorm,1906,268.795
final_layernorm,1907,268.185
final_layernorm,1908,270.051
final_layernorm,1909,269.944
final_layernorm,1910,270.218
final_layernorm,1911,269.913
final_layernorm,1912,270.115
final_layernorm,1913,270.014
final_layernorm,1914,270.465
final_layernorm,1915,270.328
final_layernorm,1916,271.341
final_layernorm,1917,271.144
final_layernorm,1918,271.665
final_layernorm,1919,272.297
final_layernorm,1920,269.912
final_layernorm,1921,271.562
final_layernorm,1922,272.525
final_layernorm,1923,270.999
final_layernorm,1924,271.079
final_layernorm,1925,272.545
final_layernorm,1926,271.899
final_layernorm,1927,271.494
final_layernorm,1928,271.666
final_layernorm,1929,272.925
final_layernorm,1930,273.378
final_layernorm,1931,270.948
final_layernorm,1932,272.341
final_layernorm,1933,273.434
final_layernorm,1934,273.051
final_layernorm,1935,272.94
final_layernorm,1936,271.709
final_layernorm,1937,272.12
final_layernorm,1938,273.151
final_layernorm,1939,272.382
final_layernorm,1940,271.986
final_layernorm,1941,272.852
final_layernorm,1942,274.336
final_layernorm,1943,273.826
final_layernorm,1944,273.476
final_layernorm,1945,272.973
final_layernorm,1946,275.282
final_layernorm,1947,275.203
final_layernorm,1948,274.732
final_layernorm,1949,274.024
final_layernorm,1950,273.884
final_layernorm,1951,276.035
final_layernorm,1952,274.31
final_layernorm,1953,275.52
final_layernorm,1954,274.771
final_layernorm,1955,274.539
final_layernorm,1956,274.349
final_layernorm,1957,276.558
final_layernorm,1958,275.827
final_layernorm,1959,275.207
final_layernorm,1960,274.575
final_layernorm,1961,275.562
final_layernorm,1962,277.108
final_layernorm,1963,276.824
final_layernorm,1964,277.16
final_layernorm,1965,276.587
final_layernorm,1966,276.364
final_layernorm,1967,276.587
final_layernorm,1968,277.247
final_layernorm,1969,277.336
final_layernorm,1970,276.546
final_layernorm,1971,276.722
final_layernorm,1972,276.807
final_layernorm,1973,278.607
final_layernorm,1974,277.828
final_layernorm,1975,279.026
final_layernorm,1976,276.817
final_layernorm,1977,277.593
final_layernorm,1978,279.343
final_layernorm,1979,279.52
final_layernorm,1980,279.28
final_layernorm,1981,279.001
final_layernorm,1982,278.219
final_layernorm,1983,280.23
final_layernorm,1984,279.797
final_layernorm,1985,280.296
final_layernorm,1986,279.061
final_layernorm,1987,279.313
final_layernorm,1988,279.992
final_layernorm,1989,281.198
final_layernorm,1990,281.361
final_layernorm,1991,280.035
final_layernorm,1992,281.966
final_layernorm,1993,279.69
final_layernorm,1994,280.451
final_layernorm,1995,281.755
final_layernorm,1996,281.448
final_layernorm,1997,281.207
final_layernorm,1998,281.496
final_layernorm,1999,281.628
final_layernorm,2000,280.939
final_layernorm,2001,282.642
final_layernorm,2002,282.295
final_layernorm,2003,281.877
final_layernorm,2004,283.268
final_layernorm,2005,282.192
final_layernorm,2006,281.043
final_layernorm,2007,283.471
final_layernorm,2008,283.562
final_layernorm,2009,283.217
final_layernorm,2010,281.955
final_layernorm,2011,282.478
final_layernorm,2012,282.412
final_layernorm,2013,284.429
final_layernorm,2014,283.875
final_layernorm,2015,283.919
final_layernorm,2016,283.661
final_layernorm,2017,283.633
final_layernorm,2018,283.458
final_layernorm,2019,284.956
final_layernorm,2020,283.56
final_layernorm,2021,284.733
final_layernorm,2022,284.213
final_layernorm,2023,285.53
final_layernorm,2024,284.099
final_layernorm,2025,285.768
final_layernorm,2026,285.262
final_layernorm,2027,284.629
final_layernorm,2028,284.486
final_layernorm,2029,286.15
final_layernorm,2030,286.715
final_layernorm,2031,286.465
final_layernorm,2032,286.407
final_layernorm,2033,286.667
final_layernorm,2034,285.174
final_layernorm,2035,286.74
final_layernorm,2036,285.299
final_layernorm,2037,285.888
final_layernorm,2038,287.089
final_layernorm,2039,287.301
final_layernorm,2040,286.923
final_layernorm,2041,286.822
final_layernorm,2042,285.987
final_layernorm,2043,286.668
final_layernorm,2044,285.965
final_layernorm,2045,286.261
final_layernorm,2046,288.701
final_layernorm,2047,287.845
final_layernorm,2048,287.308
gate_up_proj,1,86.625
gate_up_proj,2,87.457
gate_up_proj,3,88.336
gate_up_proj,4,87.894
gate_up_proj,5,88.242
gate_up_proj,6,89.208
gate_up_proj,7,89.312
gate_up_proj,8,89.636
gate_up_proj,9,81.576
gate_up_proj,10,81.901
gate_up_proj,11,82.017
gate_up_proj,12,82.13
gate_up_proj,13,81.994
gate_up_proj,14,82.242
gate_up_proj,15,82.036
gate_up_proj,16,82.464
gate_up_proj,17,82.064
gate_up_proj,18,82.683
gate_up_proj,19,82.637
gate_up_proj,20,82.707
gate_up_proj,21,82.656
gate_up_proj,22,82.805
gate_up_proj,23,82.98
gate_up_proj,24,83.338
gate_up_proj,25,83.153
gate_up_proj,26,83.226
gate_up_proj,27,83.142
gate_up_proj,28,83.126
gate_up_proj,29,83.464
gate_up_proj,30,83.519
gate_up_proj,31,83.579
gate_up_proj,32,83.74
gate_up_proj,33,84.262
gate_up_proj,34,84.305
gate_up_proj,35,84.263
gate_up_proj,36,84.337
gate_up_proj,37,84.261
gate_up_proj,38,84.461
gate_up_proj,39,84.635
gate_up_proj,40,84.47
gate_up_proj,41,84.432
gate_up_proj,42,84.666
gate_up_proj,43,84.825
gate_up_proj,44,84.811
gate_up_proj,45,84.813
gate_up_proj,46,84.738
gate_up_proj,47,85.09
gate_up_proj,48,85.051
gate_up_proj,49,85.089
gate_up_proj,50,84.983
gate_up_proj,51,85.216
gate_up_proj,52,85.195
gate_up_proj,53,85.141
gate_up_proj,54,85.44
gate_up_proj,55,85.01
gate_up_proj,56,85.44
gate_up_proj,57,86.339
gate_up_proj,58,86.712
gate_up_proj,59,86.579
gate_up_proj,60,87.297
gate_up_proj,61,87.61
gate_up_proj,62,86.997
gate_up_proj,63,86.915
gate_up_proj,64,86.844
gate_up_proj,65,85.713
gate_up_proj,66,85.699
gate_up_proj,67,85.605
gate_up_proj,68,85.856
gate_up_proj,69,85.982
gate_up_proj,70,85.942
gate_up_proj,71,86.006
gate_up_proj,72,86.221
gate_up_proj,73,85.912
gate_up_proj,74,85.955
gate_up_proj,75,86.032
gate_up_proj,76,86.094
gate_up_proj,77,86.037
gate_up_proj,78,86.126
gate_up_proj,79,86.116
gate_up_proj,80,86.416
gate_up_proj,81,86.353
gate_up_proj,82,86.359
gate_up_proj,83,86.635
gate_up_proj,84,86.53
gate_up_proj,85,86.643
gate_up_proj,86,87.347
gate_up_proj,87,87.335
gate_up_proj,88,87.267
gate_up_proj,89,87.54
gate_up_proj,90,87.669
gate_up_proj,91,87.644
gate_up_proj,92,87.659
gate_up_proj,93,87.798
gate_up_proj,94,87.912
gate_up_proj,95,87.768
gate_up_proj,96,88.104
gate_up_proj,97,87.534
gate_up_proj,98,87.964
gate_up_proj,99,87.856
gate_up_proj,100,87.766
gate_up_proj,101,88.001
gate_up_proj,102,88.041
gate_up_proj,103,88.164
gate_up_proj,104,88.353
gate_up_proj,105,87.651
gate_up_proj,106,87.873
gate_up_proj,107,87.951
gate_up_proj,108,87.933
gate_up_proj,109,87.992
gate_up_proj,110,87.519
gate_up_proj,111,87.678
gate_up_proj,112,87.597
gate_up_proj,113,87.964
gate_up_proj,114,87.87
gate_up_proj,115,87.885
gate_up_proj,116,87.863
gate_up_proj,117,87.753
gate_up_proj,118,87.873
gate_up_proj,119,87.868
gate_up_proj,120,88.277
gate_up_proj,121,88.541
gate_up_proj,122,88.887
gate_up_proj,123,88.75
gate_up_proj,124,88.715
gate_up_proj,125,88.763
gate_up_proj,126,88.853
gate_up_proj,127,88.924
gate_up_proj,128,89.198
gate_up_proj,129,90.077
gate_up_proj,130,90.098
gate_up_proj,131,90.122
gate_up_proj,132,90.276
gate_up_proj,133,90.106
gate_up_proj,134,90.366
gate_up_proj,135,90.452
gate_up_proj,136,90.507
gate_up_proj,137,90.652
gate_up_proj,138,90.597
gate_up_proj,139,90.72
gate_up_proj,140,90.814
gate_up_proj,141,90.735
gate_up_proj,142,90.656
gate_up_proj,143,90.781
gate_up_proj,144,91.093
gate_up_proj,145,91.12
gate_up_proj,146,91.35
gate_up_proj,147,91.43
gate_up_proj,148,91.196
gate_up_proj,149,91.31
gate_up_proj,150,91.229
gate_up_proj,151,91.329
gate_up_proj,152,91.436
gate_up_proj,153,91.523
gate_up_proj,154,92.352
gate_up_proj,155,92.346
gate_up_proj,156,92.257
gate_up_proj,157,92.468
gate_up_proj,158,92.436
gate_up_proj,159,92.584
gate_up_proj,160,92.712
gate_up_proj,161,94.431
gate_up_proj,162,94.17
gate_up_proj,163,94.394
gate_up_proj,164,94.491
gate_up_proj,165,94.398
gate_up_proj,166,94.51
gate_up_proj,167,94.667
gate_up_proj,168,94.628
gate_up_proj,169,94.461
gate_up_proj,170,94.574
gate_up_proj,171,94.605
gate_up_proj,172,94.781
gate_up_proj,173,94.638
gate_up_proj,174,94.612
gate_up_proj,175,94.686
gate_up_proj,176,94.422
gate_up_proj,177,100.397
gate_up_proj,178,99.752
gate_up_proj,179,100.784
gate_up_proj,180,100.663
gate_up_proj,181,101.513
gate_up_proj,182,98.51
gate_up_proj,183,96.67
gate_up_proj,184,97.323
gate_up_proj,185,97.441
gate_up_proj,186,97.551
gate_up_proj,187,99.428
gate_up_proj,188,98.008
gate_up_proj,189,97.7
gate_up_proj,190,98.212
gate_up_proj,191,97.094
gate_up_proj,192,97.139
gate_up_proj,193,95.735
gate_up_proj,194,95.766
gate_up_proj,195,95.693
gate_up_proj,196,95.79
gate_up_proj,197,95.832
gate_up_proj,198,95.824
gate_up_proj,199,95.898
gate_up_proj,200,95.924
gate_up_proj,201,96.051
gate_up_proj,202,96.227
gate_up_proj,203,95.932
gate_up_proj,204,96.112
gate_up_proj,205,96.157
gate_up_proj,206,96.071
gate_up_proj,207,96.328
gate_up_proj,208,99.421
gate_up_proj,209,118.398
gate_up_proj,210,121.58
gate_up_proj,211,126.471
gate_up_proj,212,122.276
gate_up_proj,213,121.463
gate_up_proj,214,126.391
gate_up_proj,215,121.292
gate_up_proj,216,98.073
gate_up_proj,217,98.042
gate_up_proj,218,98.052
gate_up_proj,219,97.998
gate_up_proj,220,97.99
gate_up_proj,221,98.29
gate_up_proj,222,98.033
gate_up_proj,223,97.97
gate_up_proj,224,111.541
gate_up_proj,225,113.124
gate_up_proj,226,109.985
gate_up_proj,227,111.883
gate_up_proj,228,110.331
gate_up_proj,229,109.336
gate_up_proj,230,110.817
gate_up_proj,231,110.194
gate_up_proj,232,105.887
gate_up_proj,233,107.347
gate_up_proj,234,105.106
gate_up_proj,235,106.215
gate_up_proj,236,106.069
gate_up_proj,237,106.028
gate_up_proj,238,105.077
gate_up_proj,239,104.534
gate_up_proj,240,99.232
gate_up_proj,241,99.991
gate_up_proj,242,100.026
gate_up_proj,243,99.398
gate_up_proj,244,99.196
gate_up_proj,245,99.477
gate_up_proj,246,99.462
gate_up_proj,247,98.798
gate_up_proj,248,98.753
gate_up_proj,249,98.918
gate_up_proj,250,98.726
gate_up_proj,251,99.084
gate_up_proj,252,98.886
gate_up_proj,253,98.93
gate_up_proj,254,98.773
gate_up_proj,255,98.888
gate_up_proj,256,99.119
gate_up_proj,257,125.231
gate_up_proj,258,127.489
gate_up_proj,259,126.892
gate_up_proj,260,126.361
gate_up_proj,261,121.791
gate_up_proj,262,117.053
gate_up_proj,263,112.185
gate_up_proj,264,115.069
gate_up_proj,265,106.831
gate_up_proj,266,107.15
gate_up_proj,267,107.361
gate_up_proj,268,107.36
gate_up_proj,269,107.059
gate_up_proj,270,107.47
gate_up_proj,271,107.474
gate_up_proj,272,110.258
gate_up_proj,273,110.146
gate_up_proj,274,110.608
gate_up_proj,275,110.188
gate_up_proj,276,110.647
gate_up_proj,277,110.499
gate_up_proj,278,111.239
gate_up_proj,279,110.319
gate_up_proj,280,110.529
gate_up_proj,281,110.422
gate_up_proj,282,110.832
gate_up_proj,283,110.742
gate_up_proj,284,110.413
gate_up_proj,285,110.639
gate_up_proj,286,110.363
gate_up_proj,287,111.078
gate_up_proj,288,123.773
gate_up_proj,289,113.858
gate_up_proj,290,114.169
gate_up_proj,291,114.309
gate_up_proj,292,113.973
gate_up_proj,293,113.858
gate_up_proj,294,113.967
gate_up_proj,295,114.909
gate_up_proj,296,113.881
gate_up_proj,297,114.929
gate_up_proj,298,114.192
gate_up_proj,299,115.066
gate_up_proj,300,114.364
gate_up_proj,301,114.607
gate_up_proj,302,113.859
gate_up_proj,303,115.172
gate_up_proj,304,120.882
gate_up_proj,305,128.115
gate_up_proj,306,125.975
gate_up_proj,307,127.232
gate_up_proj,308,127.329
gate_up_proj,309,128.237
gate_up_proj,310,127.047
gate_up_proj,311,127.886
gate_up_proj,312,126.521
gate_up_proj,313,121.401
gate_up_proj,314,121.139
gate_up_proj,315,121.313
gate_up_proj,316,120.951
gate_up_proj,317,121.179
gate_up_proj,318,121.09
gate_up_proj,319,122.368
gate_up_proj,320,121.413
gate_up_proj,321,129.927
gate_up_proj,322,130.496
gate_up_proj,323,129.409
gate_up_proj,324,129.475
gate_up_proj,325,130.519
gate_up_proj,326,128.738
gate_up_proj,327,130.546
gate_up_proj,328,124.784
gate_up_proj,329,129.449
gate_up_proj,330,128.837
gate_up_proj,331,129.633
gate_up_proj,332,130.26
gate_up_proj,333,129.696
gate_up_proj,334,131.165
gate_up_proj,335,129.145
gate_up_proj,336,129.414
gate_up_proj,337,129.381
gate_up_proj,338,129.922
gate_up_proj,339,129.891
gate_up_proj,340,129.869
gate_up_proj,341,129.056
gate_up_proj,342,129.321
gate_up_proj,343,130.586
gate_up_proj,344,129.028
gate_up_proj,345,129.647
gate_up_proj,346,129.213
gate_up_proj,347,130.082
gate_up_proj,348,129.529
gate_up_proj,349,129.137
gate_up_proj,350,129.512
gate_up_proj,351,129.452
gate_up_proj,352,129.575
gate_up_proj,353,129.603
gate_up_proj,354,129.241
gate_up_proj,355,129.975
gate_up_proj,356,129.332
gate_up_proj,357,130.058
gate_up_proj,358,129.91
gate_up_proj,359,129.957
gate_up_proj,360,130.48
gate_up_proj,361,130.106
gate_up_proj,362,129.665
gate_up_proj,363,130.369
gate_up_proj,364,129.862
gate_up_proj,365,130.687
gate_up_proj,366,129.845
gate_up_proj,367,130.627
gate_up_proj,368,130.525
gate_up_proj,369,130.538
gate_up_proj,370,130.071
gate_up_proj,371,130.184
gate_up_proj,372,130.512
gate_up_proj,373,130.232
gate_up_proj,374,130.582
gate_up_proj,375,130.219
gate_up_proj,376,130.127
gate_up_proj,377,130.459
gate_up_proj,378,130.972
gate_up_proj,379,130.367
gate_up_proj,380,130.681
gate_up_proj,381,130.493
gate_up_proj,382,130.956
gate_up_proj,383,130.961
gate_up_proj,384,131.26
gate_up_proj,385,141.772
gate_up_proj,386,140.271
gate_up_proj,387,142.325
gate_up_proj,388,141.666
gate_up_proj,389,141.793
gate_up_proj,390,140.937
gate_up_proj,391,141.317
gate_up_proj,392,140.871
gate_up_proj,393,141.053
gate_up_proj,394,142.186
gate_up_proj,395,140.877
gate_up_proj,396,141.428
gate_up_proj,397,141.61
gate_up_proj,398,141.102
gate_up_proj,399,142.03
gate_up_proj,400,145.104
gate_up_proj,401,145.69
gate_up_proj,402,145.631
gate_up_proj,403,145.393
gate_up_proj,404,145.126
gate_up_proj,405,145.462
gate_up_proj,406,145.464
gate_up_proj,407,145.847
gate_up_proj,408,146.03
gate_up_proj,409,145.411
gate_up_proj,410,145.67
gate_up_proj,411,145.685
gate_up_proj,412,145.706
gate_up_proj,413,146.172
gate_up_proj,414,146.846
gate_up_proj,415,146.272
gate_up_proj,416,155.567
gate_up_proj,417,154.691
gate_up_proj,418,153.794
gate_up_proj,419,155.165
gate_up_proj,420,155.599
gate_up_proj,421,155.43
gate_up_proj,422,154.225
gate_up_proj,423,155.031
gate_up_proj,424,154.54
gate_up_proj,425,155.6
gate_up_proj,426,154.126
gate_up_proj,427,155.001
gate_up_proj,428,155.174
gate_up_proj,429,154.976
gate_up_proj,430,154.685
gate_up_proj,431,154.556
gate_up_proj,432,155.02
gate_up_proj,433,156.403
gate_up_proj,434,156.543
gate_up_proj,435,156.4
gate_up_proj,436,156.68
gate_up_proj,437,157.033
gate_up_proj,438,157.698
gate_up_proj,439,156.78
gate_up_proj,440,157.064
gate_up_proj,441,156.739
gate_up_proj,442,158.293
gate_up_proj,443,156.586
gate_up_proj,444,157.084
gate_up_proj,445,156.977
gate_up_proj,446,157.878
gate_up_proj,447,156.828
gate_up_proj,448,173.385
gate_up_proj,449,160.644
gate_up_proj,450,161.397
gate_up_proj,451,161.013
gate_up_proj,452,161.219
gate_up_proj,453,160.931
gate_up_proj,454,161.773
gate_up_proj,455,161.102
gate_up_proj,456,161.413
gate_up_proj,457,162.137
gate_up_proj,458,161.364
gate_up_proj,459,161.497
gate_up_proj,460,161.249
gate_up_proj,461,161.218
gate_up_proj,462,161.978
gate_up_proj,463,161.236
gate_up_proj,464,169.75
gate_up_proj,465,169.393
gate_up_proj,466,170.336
gate_up_proj,467,169.893
gate_up_proj,468,169.453
gate_up_proj,469,169.811
gate_up_proj,470,170.454
gate_up_proj,471,169.642
gate_up_proj,472,170.01
gate_up_proj,473,169.681
gate_up_proj,474,170.392
gate_up_proj,475,170.154
gate_up_proj,476,170.819
gate_up_proj,477,170.622
gate_up_proj,478,170.209
gate_up_proj,479,172.113
gate_up_proj,480,171.45
gate_up_proj,481,170.707
gate_up_proj,482,169.904
gate_up_proj,483,170.391
gate_up_proj,484,170.466
gate_up_proj,485,170.501
gate_up_proj,486,169.842
gate_up_proj,487,170.171
gate_up_proj,488,170.878
gate_up_proj,489,170.418
gate_up_proj,490,170.957
gate_up_proj,491,170.781
gate_up_proj,492,170.65
gate_up_proj,493,170.62
gate_up_proj,494,170.158
gate_up_proj,495,170.699
gate_up_proj,496,175.265
gate_up_proj,497,172.924
gate_up_proj,498,171.999
gate_up_proj,499,172.286
gate_up_proj,500,170.504
gate_up_proj,501,171.27
gate_up_proj,502,170.949
gate_up_proj,503,169.149
gate_up_proj,504,175.35
gate_up_proj,505,169.019
gate_up_proj,506,168.118
gate_up_proj,507,168.576
gate_up_proj,508,168.933
gate_up_proj,509,168.679
gate_up_proj,510,168.172
gate_up_proj,511,169.907
gate_up_proj,512,175.545
gate_up_proj,513,183.106
gate_up_proj,514,182.936
gate_up_proj,515,183.48
gate_up_proj,516,183.315
gate_up_proj,517,183.065
gate_up_proj,518,184.235
gate_up_proj,519,183.16
gate_up_proj,520,183.518
gate_up_proj,521,183.443
gate_up_proj,522,183.48
gate_up_proj,523,183.596
gate_up_proj,524,184.242
gate_up_proj,525,184.31
gate_up_proj,526,183.612
gate_up_proj,527,183.995
gate_up_proj,528,183.777
gate_up_proj,529,183.968
gate_up_proj,530,184.257
gate_up_proj,531,184.299
gate_up_proj,532,184.965
gate_up_proj,533,184.955
gate_up_proj,534,184.392
gate_up_proj,535,185.33
gate_up_proj,536,184.995
gate_up_proj,537,184.336
gate_up_proj,538,184.5
gate_up_proj,539,184.78
gate_up_proj,540,184.937
gate_up_proj,541,185.446
gate_up_proj,542,184.335
gate_up_proj,543,184.013
gate_up_proj,544,195.704
gate_up_proj,545,196.348
gate_up_proj,546,198.029
gate_up_proj,547,196.1
gate_up_proj,548,196.813
gate_up_proj,549,195.54
gate_up_proj,550,195.683
gate_up_proj,551,198.109
gate_up_proj,552,197.199
gate_up_proj,553,195.683
gate_up_proj,554,196.138
gate_up_proj,555,198.523
gate_up_proj,556,198.304
gate_up_proj,557,195.989
gate_up_proj,558,197.271
gate_up_proj,559,196.398
gate_up_proj,560,196.743
gate_up_proj,561,196.093
gate_up_proj,562,196.525
gate_up_proj,563,198.433
gate_up_proj,564,196.629
gate_up_proj,565,196.459
gate_up_proj,566,198.777
gate_up_proj,567,198.294
gate_up_proj,568,196.89
gate_up_proj,569,196.363
gate_up_proj,570,196.226
gate_up_proj,571,197.366
gate_up_proj,572,197.545
gate_up_proj,573,196.549
gate_up_proj,574,196.361
gate_up_proj,575,197.279
gate_up_proj,576,197.234
gate_up_proj,577,201.255
gate_up_proj,578,201.516
gate_up_proj,579,203.246
gate_up_proj,580,200.907
gate_up_proj,581,201.303
gate_up_proj,582,201.876
gate_up_proj,583,202.284
gate_up_proj,584,202.208
gate_up_proj,585,201.523
gate_up_proj,586,201.608
gate_up_proj,587,202.494
gate_up_proj,588,201.811
gate_up_proj,589,201.523
gate_up_proj,590,202.801
gate_up_proj,591,202.99
gate_up_proj,592,209.665
gate_up_proj,593,201.932
gate_up_proj,594,202.221
gate_up_proj,595,204.816
gate_up_proj,596,202.05
gate_up_proj,597,202.215
gate_up_proj,598,203.803
gate_up_proj,599,203.657
gate_up_proj,600,202.053
gate_up_proj,601,202.469
gate_up_proj,602,203.007
gate_up_proj,603,202.971
gate_up_proj,604,202.832
gate_up_proj,605,203.867
gate_up_proj,606,201.945
gate_up_proj,607,204.05
gate_up_proj,608,213.549
gate_up_proj,609,210.279
gate_up_proj,610,210.189
gate_up_proj,611,212.873
gate_up_proj,612,209.251
gate_up_proj,613,210.584
gate_up_proj,614,211.287
gate_up_proj,615,210.652
gate_up_proj,616,210.671
gate_up_proj,617,212.713
gate_up_proj,618,211.083
gate_up_proj,619,210.862
gate_up_proj,620,210.776
gate_up_proj,621,211.888
gate_up_proj,622,210.235
gate_up_proj,623,210.498
gate_up_proj,624,212.147
gate_up_proj,625,244.119
gate_up_proj,626,242.227
gate_up_proj,627,242.186
gate_up_proj,628,242.832
gate_up_proj,629,244.701
gate_up_proj,630,243.04
gate_up_proj,631,242.518
gate_up_proj,632,244.073
gate_up_proj,633,244.695
gate_up_proj,634,242.922
gate_up_proj,635,242.924
gate_up_proj,636,242.173
gate_up_proj,637,242.797
gate_up_proj,638,243.13
gate_up_proj,639,242.926
gate_up_proj,640,216.559
gate_up_proj,641,321.342
gate_up_proj,642,319.293
gate_up_proj,643,317.776
gate_up_proj,644,322.479
gate_up_proj,645,320.414
gate_up_proj,646,320.358
gate_up_proj,647,321.288
gate_up_proj,648,319.352
gate_up_proj,649,227.212
gate_up_proj,650,227.361
gate_up_proj,651,227.367
gate_up_proj,652,229.39
gate_up_proj,653,230.134
gate_up_proj,654,228.331
gate_up_proj,655,227.873
gate_up_proj,656,323.826
gate_up_proj,657,227.918
gate_up_proj,658,227.707
gate_up_proj,659,228.191
gate_up_proj,660,229.177
gate_up_proj,661,228.783
gate_up_proj,662,228.203
gate_up_proj,663,228.219
gate_up_proj,664,228.459
gate_up_proj,665,230.11
gate_up_proj,666,228.181
gate_up_proj,667,229.282
gate_up_proj,668,227.558
gate_up_proj,669,227.859
gate_up_proj,670,228.258
gate_up_proj,671,228.262
gate_up_proj,672,259.942
gate_up_proj,673,322.699
gate_up_proj,674,324.837
gate_up_proj,675,324.561
gate_up_proj,676,324.04
gate_up_proj,677,322.959
gate_up_proj,678,322.28
gate_up_proj,679,323.234
gate_up_proj,680,324.541
gate_up_proj,681,320.133
gate_up_proj,682,321.598
gate_up_proj,683,322.453
gate_up_proj,684,323.387
gate_up_proj,685,325.619
gate_up_proj,686,324.633
gate_up_proj,687,322.137
gate_up_proj,688,322.464
gate_up_proj,689,322.8
gate_up_proj,690,323.484
gate_up_proj,691,320.161
gate_up_proj,692,322.921
gate_up_proj,693,322.6
gate_up_proj,694,321.514
gate_up_proj,695,322.17
gate_up_proj,696,322.363
gate_up_proj,697,322.699
gate_up_proj,698,324.308
gate_up_proj,699,322.61
gate_up_proj,700,321.831
gate_up_proj,701,323.973
gate_up_proj,702,320.863
gate_up_proj,703,320.918
gate_up_proj,704,242.983
gate_up_proj,705,324.26
gate_up_proj,706,323.494
gate_up_proj,707,321.678
gate_up_proj,708,322.664
gate_up_proj,709,322.558
gate_up_proj,710,321.72
gate_up_proj,711,320.07
gate_up_proj,712,321.755
gate_up_proj,713,322.627
gate_up_proj,714,321.262
gate_up_proj,715,324.639
gate_up_proj,716,321.627
gate_up_proj,717,323.432
gate_up_proj,718,323.342
gate_up_proj,719,321.172
gate_up_proj,720,322.744
gate_up_proj,721,238.937
gate_up_proj,722,239.101
gate_up_proj,723,240.6
gate_up_proj,724,240.276
gate_up_proj,725,238.843
gate_up_proj,726,241.193
gate_up_proj,727,238.831
gate_up_proj,728,239.057
gate_up_proj,729,239.425
gate_up_proj,730,240.592
gate_up_proj,731,239.396
gate_up_proj,732,239.789
gate_up_proj,733,238.817
gate_up_proj,734,239.426
gate_up_proj,735,239.063
gate_up_proj,736,239.171
gate_up_proj,737,239.091
gate_up_proj,738,241.244
gate_up_proj,739,240.119
gate_up_proj,740,240.466
gate_up_proj,741,238.658
gate_up_proj,742,239.021
gate_up_proj,743,240.58
gate_up_proj,744,240.508
gate_up_proj,745,239.865
gate_up_proj,746,239.581
gate_up_proj,747,239.938
gate_up_proj,748,241.881
gate_up_proj,749,239.157
gate_up_proj,750,239.67
gate_up_proj,751,241.879
gate_up_proj,752,240.007
gate_up_proj,753,241.78
gate_up_proj,754,239.309
gate_up_proj,755,239.768
gate_up_proj,756,240.116
gate_up_proj,757,240.056
gate_up_proj,758,239.947
gate_up_proj,759,240.674
gate_up_proj,760,239.6
gate_up_proj,761,242.133
gate_up_proj,762,240.497
gate_up_proj,763,239.768
gate_up_proj,764,240.037
gate_up_proj,765,240.045
gate_up_proj,766,242.051
gate_up_proj,767,240.253
gate_up_proj,768,241.221
gate_up_proj,769,264.371
gate_up_proj,770,265.191
gate_up_proj,771,264.886
gate_up_proj,772,264.999
gate_up_proj,773,265.541
gate_up_proj,774,264.921
gate_up_proj,775,265.027
gate_up_proj,776,265.028
gate_up_proj,777,265.308
gate_up_proj,778,265.259
gate_up_proj,779,266.115
gate_up_proj,780,265.442
gate_up_proj,781,265.466
gate_up_proj,782,265.351
gate_up_proj,783,264.903
gate_up_proj,784,274.084
gate_up_proj,785,265.038
gate_up_proj,786,265.23
gate_up_proj,787,265.41
gate_up_proj,788,265.546
gate_up_proj,789,265.473
gate_up_proj,790,265.38
gate_up_proj,791,265.891
gate_up_proj,792,265.292
gate_up_proj,793,266.643
gate_up_proj,794,267.656
gate_up_proj,795,266.48
gate_up_proj,796,266.375
gate_up_proj,797,266.732
gate_up_proj,798,266.878
gate_up_proj,799,269.735
gate_up_proj,800,280.052
gate_up_proj,801,278.177
gate_up_proj,802,274.525
gate_up_proj,803,274.534
gate_up_proj,804,278.302
gate_up_proj,805,275.429
gate_up_proj,806,274.922
gate_up_proj,807,275.546
gate_up_proj,808,275.31
gate_up_proj,809,275.394
gate_up_proj,810,275.448
gate_up_proj,811,277.812
gate_up_proj,812,275.66
gate_up_proj,813,275.375
gate_up_proj,814,278.252
gate_up_proj,815,276.71
gate_up_proj,816,276.579
gate_up_proj,817,275.804
gate_up_proj,818,278.601
gate_up_proj,819,278.889
gate_up_proj,820,275.208
gate_up_proj,821,275.303
gate_up_proj,822,278.452
gate_up_proj,823,277.895
gate_up_proj,824,276.948
gate_up_proj,825,275.972
gate_up_proj,826,275.678
gate_up_proj,827,278.632
gate_up_proj,828,276.067
gate_up_proj,829,278.418
gate_up_proj,830,278.442
gate_up_proj,831,276.429
gate_up_proj,832,280.499
gate_up_proj,833,280.854
gate_up_proj,834,280.376
gate_up_proj,835,280.592
gate_up_proj,836,280.332
gate_up_proj,837,280.542
gate_up_proj,838,282.276
gate_up_proj,839,282.453
gate_up_proj,840,280.663
gate_up_proj,841,280.7
gate_up_proj,842,282.622
gate_up_proj,843,281.02
gate_up_proj,844,280.72
gate_up_proj,845,281.049
gate_up_proj,846,282.552
gate_up_proj,847,281.547
gate_up_proj,848,281.039
gate_up_proj,849,281.388
gate_up_proj,850,282.694
gate_up_proj,851,281.211
gate_up_proj,852,281.486
gate_up_proj,853,281.267
gate_up_proj,854,282.825
gate_up_proj,855,281.824
gate_up_proj,856,281.692
gate_up_proj,857,281.527
gate_up_proj,858,282.639
gate_up_proj,859,282.474
gate_up_proj,860,282.467
gate_up_proj,861,281.606
gate_up_proj,862,281.65
gate_up_proj,863,281.794
gate_up_proj,864,282.823
gate_up_proj,865,285.144
gate_up_proj,866,284.217
gate_up_proj,867,286.723
gate_up_proj,868,281.025
gate_up_proj,869,281.062
gate_up_proj,870,281.235
gate_up_proj,871,280.202
gate_up_proj,872,279.369
gate_up_proj,873,281.493
gate_up_proj,874,278.695
gate_up_proj,875,279.66
gate_up_proj,876,277.549
gate_up_proj,877,280.079
gate_up_proj,878,277.841
gate_up_proj,879,278.225
gate_up_proj,880,275.186
gate_up_proj,881,277.308
gate_up_proj,882,275.419
gate_up_proj,883,278.549
gate_up_proj,884,273.825
gate_up_proj,885,278.292
gate_up_proj,886,274.674
gate_up_proj,887,277.081
gate_up_proj,888,273.317
gate_up_proj,889,275.344
gate_up_proj,890,272.963
gate_up_proj,891,275.404
gate_up_proj,892,273.374
gate_up_proj,893,275.137
gate_up_proj,894,272.19
gate_up_proj,895,275.527
gate_up_proj,896,272.637
gate_up_proj,897,298.938
gate_up_proj,898,298.619
gate_up_proj,899,297.534
gate_up_proj,900,297.527
gate_up_proj,901,297.138
gate_up_proj,902,299.029
gate_up_proj,903,297.752
gate_up_proj,904,297.833
gate_up_proj,905,297.76
gate_up_proj,906,297.496
gate_up_proj,907,297.268
gate_up_proj,908,297.406
gate_up_proj,909,297.679
gate_up_proj,910,298.181
gate_up_proj,911,299.492
gate_up_proj,912,312.01
gate_up_proj,913,297.858
gate_up_proj,914,297.737
gate_up_proj,915,298.546
gate_up_proj,916,297.934
gate_up_proj,917,299.128
gate_up_proj,918,298.381
gate_up_proj,919,298.452
gate_up_proj,920,298.512
gate_up_proj,921,300.0
gate_up_proj,922,298.701
gate_up_proj,923,299.731
gate_up_proj,924,299.926
gate_up_proj,925,300.332
gate_up_proj,926,298.182
gate_up_proj,927,300.37
gate_up_proj,928,317.706
gate_up_proj,929,300.12
gate_up_proj,930,298.315
gate_up_proj,931,298.629
gate_up_proj,932,298.533
gate_up_proj,933,300.641
gate_up_proj,934,299.305
gate_up_proj,935,300.46
gate_up_proj,936,298.168
gate_up_proj,937,315.916
gate_up_proj,938,313.023
gate_up_proj,939,312.312
gate_up_proj,940,314.454
gate_up_proj,941,315.789
gate_up_proj,942,315.721
gate_up_proj,943,312.472
gate_up_proj,944,315.435
gate_up_proj,945,313.388
gate_up_proj,946,312.845
gate_up_proj,947,314.602
gate_up_proj,948,312.886
gate_up_proj,949,313.714
gate_up_proj,950,317.286
gate_up_proj,951,313.69
gate_up_proj,952,316.995
gate_up_proj,953,315.994
gate_up_proj,954,313.547
gate_up_proj,955,317.149
gate_up_proj,956,316.75
gate_up_proj,957,314.044
gate_up_proj,958,315.187
gate_up_proj,959,316.527
gate_up_proj,960,322.214
gate_up_proj,961,314.231
gate_up_proj,962,314.106
gate_up_proj,963,314.912
gate_up_proj,964,316.353
gate_up_proj,965,314.658
gate_up_proj,966,316.569
gate_up_proj,967,314.735
gate_up_proj,968,315.085
gate_up_proj,969,314.022
gate_up_proj,970,314.919
gate_up_proj,971,316.952
gate_up_proj,972,313.893
gate_up_proj,973,315.741
gate_up_proj,974,316.154
gate_up_proj,975,315.461
gate_up_proj,976,316.619
gate_up_proj,977,314.653
gate_up_proj,978,315.849
gate_up_proj,979,315.006
gate_up_proj,980,315.15
gate_up_proj,981,317.648
gate_up_proj,982,314.761
gate_up_proj,983,317.284
gate_up_proj,984,314.871
gate_up_proj,985,316.008
gate_up_proj,986,317.038
gate_up_proj,987,315.312
gate_up_proj,988,317.295
gate_up_proj,989,315.666
gate_up_proj,990,317.007
gate_up_proj,991,315.073
gate_up_proj,992,336.324
gate_up_proj,993,317.048
gate_up_proj,994,315.241
gate_up_proj,995,316.691
gate_up_proj,996,315.515
gate_up_proj,997,315.987
gate_up_proj,998,317.671
gate_up_proj,999,317.729
gate_up_proj,1000,315.378
gate_up_proj,1001,317.603
gate_up_proj,1002,318.108
gate_up_proj,1003,315.98
gate_up_proj,1004,318.584
gate_up_proj,1005,315.775
gate_up_proj,1006,316.401
gate_up_proj,1007,318.172
gate_up_proj,1008,317.563
gate_up_proj,1009,328.454
gate_up_proj,1010,328.779
gate_up_proj,1011,328.711
gate_up_proj,1012,329.235
gate_up_proj,1013,330.816
gate_up_proj,1014,328.168
gate_up_proj,1015,331.43
gate_up_proj,1016,328.108
gate_up_proj,1017,329.196
gate_up_proj,1018,330.931
gate_up_proj,1019,328.933
gate_up_proj,1020,330.26
gate_up_proj,1021,331.013
gate_up_proj,1022,329.165
gate_up_proj,1023,331.506
gate_up_proj,1024,337.069
gate_up_proj,1025,330.998
gate_up_proj,1026,328.785
gate_up_proj,1027,329.563
gate_up_proj,1028,328.994
gate_up_proj,1029,329.007
gate_up_proj,1030,331.293
gate_up_proj,1031,329.483
gate_up_proj,1032,329.785
gate_up_proj,1033,331.431
gate_up_proj,1034,329.807
gate_up_proj,1035,330.194
gate_up_proj,1036,329.01
gate_up_proj,1037,331.808
gate_up_proj,1038,330.041
gate_up_proj,1039,329.795
gate_up_proj,1040,379.703
gate_up_proj,1041,330.669
gate_up_proj,1042,329.735
gate_up_proj,1043,329.521
gate_up_proj,1044,331.096
gate_up_proj,1045,332.198
gate_up_proj,1046,329.293
gate_up_proj,1047,331.826
gate_up_proj,1048,329.842
gate_up_proj,1049,329.855
gate_up_proj,1050,332.704
gate_up_proj,1051,330.012
gate_up_proj,1052,331.076
gate_up_proj,1053,332.178
gate_up_proj,1054,330.6
gate_up_proj,1055,330.759
gate_up_proj,1056,379.532
gate_up_proj,1057,330.784
gate_up_proj,1058,332.633
gate_up_proj,1059,330.492
gate_up_proj,1060,331.513
gate_up_proj,1061,329.891
gate_up_proj,1062,330.939
gate_up_proj,1063,330.341
gate_up_proj,1064,331.827
gate_up_proj,1065,332.668
gate_up_proj,1066,330.468
gate_up_proj,1067,330.881
gate_up_proj,1068,330.569
gate_up_proj,1069,332.756
gate_up_proj,1070,331.144
gate_up_proj,1071,333.348
gate_up_proj,1072,331.052
gate_up_proj,1073,330.35
gate_up_proj,1074,332.033
gate_up_proj,1075,331.013
gate_up_proj,1076,331.075
gate_up_proj,1077,332.094
gate_up_proj,1078,330.858
gate_up_proj,1079,332.283
gate_up_proj,1080,333.29
gate_up_proj,1081,330.664
gate_up_proj,1082,327.741
gate_up_proj,1083,330.66
gate_up_proj,1084,328.027
gate_up_proj,1085,328.635
gate_up_proj,1086,329.236
gate_up_proj,1087,330.334
gate_up_proj,1088,329.741
gate_up_proj,1089,328.338
gate_up_proj,1090,328.77
gate_up_proj,1091,328.114
gate_up_proj,1092,330.099
gate_up_proj,1093,328.348
gate_up_proj,1094,330.403
gate_up_proj,1095,329.855
gate_up_proj,1096,328.377
gate_up_proj,1097,331.718
gate_up_proj,1098,328.789
gate_up_proj,1099,331.124
gate_up_proj,1100,328.898
gate_up_proj,1101,328.282
gate_up_proj,1102,329.651
gate_up_proj,1103,331.017
gate_up_proj,1104,329.811
gate_up_proj,1105,329.154
gate_up_proj,1106,329.068
gate_up_proj,1107,329.549
gate_up_proj,1108,330.53
gate_up_proj,1109,328.803
gate_up_proj,1110,330.919
gate_up_proj,1111,330.393
gate_up_proj,1112,329.12
gate_up_proj,1113,330.496
gate_up_proj,1114,331.531
gate_up_proj,1115,329.88
gate_up_proj,1116,330.971
gate_up_proj,1117,329.593
gate_up_proj,1118,330.553
gate_up_proj,1119,329.315
gate_up_proj,1120,329.975
gate_up_proj,1121,348.792
gate_up_proj,1122,350.936
gate_up_proj,1123,349.082
gate_up_proj,1124,350.918
gate_up_proj,1125,348.68
gate_up_proj,1126,350.309
gate_up_proj,1127,348.625
gate_up_proj,1128,350.144
gate_up_proj,1129,348.592
gate_up_proj,1130,349.408
gate_up_proj,1131,348.51
gate_up_proj,1132,350.1
gate_up_proj,1133,348.78
gate_up_proj,1134,349.77
gate_up_proj,1135,348.813
gate_up_proj,1136,349.423
gate_up_proj,1137,351.364
gate_up_proj,1138,350.391
gate_up_proj,1139,348.859
gate_up_proj,1140,350.552
gate_up_proj,1141,350.989
gate_up_proj,1142,349.272
gate_up_proj,1143,349.504
gate_up_proj,1144,350.629
gate_up_proj,1145,351.484
gate_up_proj,1146,349.182
gate_up_proj,1147,351.516
gate_up_proj,1148,350.253
gate_up_proj,1149,349.75
gate_up_proj,1150,349.601
gate_up_proj,1151,351.876
gate_up_proj,1152,349.785
gate_up_proj,1153,342.786
gate_up_proj,1154,343.684
gate_up_proj,1155,342.701
gate_up_proj,1156,343.777
gate_up_proj,1157,343.191
gate_up_proj,1158,344.31
gate_up_proj,1159,342.987
gate_up_proj,1160,343.292
gate_up_proj,1161,343.984
gate_up_proj,1162,343.71
gate_up_proj,1163,343.832
gate_up_proj,1164,343.978
gate_up_proj,1165,345.738
gate_up_proj,1166,345.004
gate_up_proj,1167,343.846
gate_up_proj,1168,358.931
gate_up_proj,1169,344.109
gate_up_proj,1170,346.292
gate_up_proj,1171,344.393
gate_up_proj,1172,343.782
gate_up_proj,1173,346.452
gate_up_proj,1174,344.367
gate_up_proj,1175,346.116
gate_up_proj,1176,345.085
gate_up_proj,1177,368.549
gate_up_proj,1178,367.206
gate_up_proj,1179,368.714
gate_up_proj,1180,369.508
gate_up_proj,1181,368.798
gate_up_proj,1182,369.443
gate_up_proj,1183,367.402
gate_up_proj,1184,438.799
gate_up_proj,1185,366.894
gate_up_proj,1186,369.104
gate_up_proj,1187,367.653
gate_up_proj,1188,369.215
gate_up_proj,1189,367.018
gate_up_proj,1190,366.991
gate_up_proj,1191,367.604
gate_up_proj,1192,367.683
gate_up_proj,1193,368.417
gate_up_proj,1194,369.385
gate_up_proj,1195,368.415
gate_up_proj,1196,367.484
gate_up_proj,1197,367.46
gate_up_proj,1198,367.595
gate_up_proj,1199,369.174
gate_up_proj,1200,358.919
gate_up_proj,1201,369.148
gate_up_proj,1202,367.515
gate_up_proj,1203,368.992
gate_up_proj,1204,368.297
gate_up_proj,1205,369.309
gate_up_proj,1206,368.097
gate_up_proj,1207,369.79
gate_up_proj,1208,370.278
gate_up_proj,1209,369.45
gate_up_proj,1210,368.106
gate_up_proj,1211,370.698
gate_up_proj,1212,370.405
gate_up_proj,1213,368.472
gate_up_proj,1214,369.103
gate_up_proj,1215,368.407
gate_up_proj,1216,400.253
gate_up_proj,1217,370.818
gate_up_proj,1218,369.993
gate_up_proj,1219,370.537
gate_up_proj,1220,368.733
gate_up_proj,1221,369.308
gate_up_proj,1222,369.779
gate_up_proj,1223,369.085
gate_up_proj,1224,368.813
gate_up_proj,1225,360.854
gate_up_proj,1226,360.568
gate_up_proj,1227,360.674
gate_up_proj,1228,358.772
gate_up_proj,1229,361.242
gate_up_proj,1230,358.506
gate_up_proj,1231,361.227
gate_up_proj,1232,360.145
gate_up_proj,1233,387.473
gate_up_proj,1234,386.391
gate_up_proj,1235,387.603
gate_up_proj,1236,385.965
gate_up_proj,1237,388.236
gate_up_proj,1238,386.249
gate_up_proj,1239,386.024
gate_up_proj,1240,386.911
gate_up_proj,1241,385.942
gate_up_proj,1242,386.851
gate_up_proj,1243,388.252
gate_up_proj,1244,387.057
gate_up_proj,1245,387.826
gate_up_proj,1246,386.635
gate_up_proj,1247,385.9
gate_up_proj,1248,408.475
gate_up_proj,1249,388.247
gate_up_proj,1250,387.409
gate_up_proj,1251,388.282
gate_up_proj,1252,386.719
gate_up_proj,1253,386.905
gate_up_proj,1254,388.103
gate_up_proj,1255,386.631
gate_up_proj,1256,388.649
gate_up_proj,1257,386.821
gate_up_proj,1258,389.074
gate_up_proj,1259,387.402
gate_up_proj,1260,386.643
gate_up_proj,1261,387.353
gate_up_proj,1262,388.939
gate_up_proj,1263,388.113
gate_up_proj,1264,388.772
gate_up_proj,1265,389.196
gate_up_proj,1266,387.341
gate_up_proj,1267,388.099
gate_up_proj,1268,387.164
gate_up_proj,1269,389.089
gate_up_proj,1270,388.551
gate_up_proj,1271,389.562
gate_up_proj,1272,388.384
gate_up_proj,1273,388.095
gate_up_proj,1274,389.791
gate_up_proj,1275,387.969
gate_up_proj,1276,389.935
gate_up_proj,1277,388.293
gate_up_proj,1278,390.07
gate_up_proj,1279,388.777
gate_up_proj,1280,404.808
gate_up_proj,1281,389.304
gate_up_proj,1282,388.174
gate_up_proj,1283,389.916
gate_up_proj,1284,390.547
gate_up_proj,1285,388.124
gate_up_proj,1286,388.671
gate_up_proj,1287,388.517
gate_up_proj,1288,388.413
gate_up_proj,1289,389.242
gate_up_proj,1290,390.329
gate_up_proj,1291,390.728
gate_up_proj,1292,388.36
gate_up_proj,1293,390.529
gate_up_proj,1294,388.576
gate_up_proj,1295,388.845
gate_up_proj,1296,389.181
gate_up_proj,1297,404.798
gate_up_proj,1298,406.28
gate_up_proj,1299,406.088
gate_up_proj,1300,404.811
gate_up_proj,1301,405.693
gate_up_proj,1302,407.285
gate_up_proj,1303,406.371
gate_up_proj,1304,405.806
gate_up_proj,1305,407.712
gate_up_proj,1306,406.727
gate_up_proj,1307,407.545
gate_up_proj,1308,406.525
gate_up_proj,1309,405.506
gate_up_proj,1310,407.104
gate_up_proj,1311,406.371
gate_up_proj,1312,401.918
gate_up_proj,1313,408.233
gate_up_proj,1314,405.907
gate_up_proj,1315,408.091
gate_up_proj,1316,406.266
gate_up_proj,1317,408.31
gate_up_proj,1318,407.051
gate_up_proj,1319,406.818
gate_up_proj,1320,408.32
gate_up_proj,1321,409.064
gate_up_proj,1322,406.782
gate_up_proj,1323,407.705
gate_up_proj,1324,407.704
gate_up_proj,1325,406.296
gate_up_proj,1326,406.594
gate_up_proj,1327,407.514
gate_up_proj,1328,402.336
gate_up_proj,1329,408.24
gate_up_proj,1330,406.576
gate_up_proj,1331,409.003
gate_up_proj,1332,408.293
gate_up_proj,1333,409.152
gate_up_proj,1334,407.6
gate_up_proj,1335,408.006
gate_up_proj,1336,409.136
gate_up_proj,1337,408.484
gate_up_proj,1338,408.083
gate_up_proj,1339,409.262
gate_up_proj,1340,409.344
gate_up_proj,1341,407.223
gate_up_proj,1342,409.593
gate_up_proj,1343,408.623
gate_up_proj,1344,405.66
gate_up_proj,1345,409.866
gate_up_proj,1346,408.355
gate_up_proj,1347,409.774
gate_up_proj,1348,409.149
gate_up_proj,1349,408.718
gate_up_proj,1350,407.622
gate_up_proj,1351,407.721
gate_up_proj,1352,407.917
gate_up_proj,1353,409.228
gate_up_proj,1354,409.489
gate_up_proj,1355,410.503
gate_up_proj,1356,408.363
gate_up_proj,1357,410.53
gate_up_proj,1358,408.247
gate_up_proj,1359,408.895
gate_up_proj,1360,425.891
gate_up_proj,1361,410.619
gate_up_proj,1362,408.361
gate_up_proj,1363,408.795
gate_up_proj,1364,408.859
gate_up_proj,1365,408.709
gate_up_proj,1366,408.494
gate_up_proj,1367,410.746
gate_up_proj,1368,409.845
gate_up_proj,1369,408.444
gate_up_proj,1370,408.505
gate_up_proj,1371,409.773
gate_up_proj,1372,409.964
gate_up_proj,1373,409.464
gate_up_proj,1374,407.759
gate_up_proj,1375,410.229
gate_up_proj,1376,427.739
gate_up_proj,1377,409.344
gate_up_proj,1378,408.258
gate_up_proj,1379,410.863
gate_up_proj,1380,409.596
gate_up_proj,1381,408.78
gate_up_proj,1382,408.491
gate_up_proj,1383,410.994
gate_up_proj,1384,427.271
gate_up_proj,1385,409.961
gate_up_proj,1386,411.002
gate_up_proj,1387,410.112
gate_up_proj,1388,410.594
gate_up_proj,1389,410.795
gate_up_proj,1390,409.121
gate_up_proj,1391,410.476
gate_up_proj,1392,428.562
gate_up_proj,1393,410.502
gate_up_proj,1394,409.85
gate_up_proj,1395,411.587
gate_up_proj,1396,411.863
gate_up_proj,1397,410.606
gate_up_proj,1398,409.783
gate_up_proj,1399,409.665
gate_up_proj,1400,426.897
gate_up_proj,1401,428.505
gate_up_proj,1402,427.987
gate_up_proj,1403,429.204
gate_up_proj,1404,427.601
gate_up_proj,1405,427.537
gate_up_proj,1406,427.08
gate_up_proj,1407,429.905
gate_up_proj,1408,446.004
gate_up_proj,1409,428.296
gate_up_proj,1410,430.205
gate_up_proj,1411,429.853
gate_up_proj,1412,428.585
gate_up_proj,1413,428.384
gate_up_proj,1414,430.571
gate_up_proj,1415,428.694
gate_up_proj,1416,428.116
gate_up_proj,1417,430.857
gate_up_proj,1418,429.167
gate_up_proj,1419,427.851
gate_up_proj,1420,430.4
gate_up_proj,1421,429.238
gate_up_proj,1422,430.86
gate_up_proj,1423,430.848
gate_up_proj,1424,431.247
gate_up_proj,1425,428.688
gate_up_proj,1426,430.755
gate_up_proj,1427,430.326
gate_up_proj,1428,430.853
gate_up_proj,1429,428.793
gate_up_proj,1430,430.201
gate_up_proj,1431,429.381
gate_up_proj,1432,429.922
gate_up_proj,1433,429.319
gate_up_proj,1434,429.651
gate_up_proj,1435,429.063
gate_up_proj,1436,431.552
gate_up_proj,1437,429.33
gate_up_proj,1438,429.082
gate_up_proj,1439,431.142
gate_up_proj,1440,429.988
gate_up_proj,1441,425.927
gate_up_proj,1442,426.229
gate_up_proj,1443,424.089
gate_up_proj,1444,424.823
gate_up_proj,1445,424.769
gate_up_proj,1446,426.391
gate_up_proj,1447,426.419
gate_up_proj,1448,425.393
gate_up_proj,1449,425.447
gate_up_proj,1450,424.481
gate_up_proj,1451,424.274
gate_up_proj,1452,424.61
gate_up_proj,1453,426.53
gate_up_proj,1454,425.765
gate_up_proj,1455,425.433
gate_up_proj,1456,425.005
gate_up_proj,1457,436.359
gate_up_proj,1458,437.135
gate_up_proj,1459,438.365
gate_up_proj,1460,438.639
gate_up_proj,1461,436.591
gate_up_proj,1462,439.235
gate_up_proj,1463,438.68
gate_up_proj,1464,436.461
gate_up_proj,1465,438.562
gate_up_proj,1466,437.262
gate_up_proj,1467,437.884
gate_up_proj,1468,437.531
gate_up_proj,1469,439.205
gate_up_proj,1470,439.186
gate_up_proj,1471,438.359
gate_up_proj,1472,465.324
gate_up_proj,1473,437.918
gate_up_proj,1474,437.209
gate_up_proj,1475,439.793
gate_up_proj,1476,437.808
gate_up_proj,1477,439.096
gate_up_proj,1478,438.156
gate_up_proj,1479,437.642
gate_up_proj,1480,437.831
gate_up_proj,1481,438.115
gate_up_proj,1482,439.491
gate_up_proj,1483,438.981
gate_up_proj,1484,439.245
gate_up_proj,1485,438.715
gate_up_proj,1486,438.1
gate_up_proj,1487,438.679
gate_up_proj,1488,453.0
gate_up_proj,1489,440.272
gate_up_proj,1490,438.862
gate_up_proj,1491,440.928
gate_up_proj,1492,438.648
gate_up_proj,1493,438.742
gate_up_proj,1494,440.229
gate_up_proj,1495,439.592
gate_up_proj,1496,439.341
gate_up_proj,1497,441.513
gate_up_proj,1498,441.394
gate_up_proj,1499,441.828
gate_up_proj,1500,440.52
gate_up_proj,1501,440.177
gate_up_proj,1502,438.79
gate_up_proj,1503,439.57
gate_up_proj,1504,452.081
gate_up_proj,1505,440.66
gate_up_proj,1506,439.058
gate_up_proj,1507,442.222
gate_up_proj,1508,441.877
gate_up_proj,1509,441.376
gate_up_proj,1510,440.053
gate_up_proj,1511,441.882
gate_up_proj,1512,440.28
gate_up_proj,1513,452.05
gate_up_proj,1514,454.058
gate_up_proj,1515,453.371
gate_up_proj,1516,454.051
gate_up_proj,1517,453.397
gate_up_proj,1518,455.233
gate_up_proj,1519,455.454
gate_up_proj,1520,452.53
gate_up_proj,1521,455.295
gate_up_proj,1522,453.723
gate_up_proj,1523,454.418
gate_up_proj,1524,454.63
gate_up_proj,1525,453.625
gate_up_proj,1526,452.679
gate_up_proj,1527,455.761
gate_up_proj,1528,455.617
gate_up_proj,1529,453.749
gate_up_proj,1530,453.781
gate_up_proj,1531,453.603
gate_up_proj,1532,453.529
gate_up_proj,1533,452.913
gate_up_proj,1534,455.947
gate_up_proj,1535,455.295
gate_up_proj,1536,467.27
gate_up_proj,1537,454.033
gate_up_proj,1538,453.769
gate_up_proj,1539,453.25
gate_up_proj,1540,453.409
gate_up_proj,1541,455.234
gate_up_proj,1542,454.786
gate_up_proj,1543,454.586
gate_up_proj,1544,454.499
gate_up_proj,1545,456.509
gate_up_proj,1546,454.298
gate_up_proj,1547,455.744
gate_up_proj,1548,455.675
gate_up_proj,1549,454.957
gate_up_proj,1550,454.008
gate_up_proj,1551,453.832
gate_up_proj,1552,454.061
gate_up_proj,1553,454.301
gate_up_proj,1554,456.448
gate_up_proj,1555,456.16
gate_up_proj,1556,455.575
gate_up_proj,1557,455.838
gate_up_proj,1558,455.534
gate_up_proj,1559,455.959
gate_up_proj,1560,456.268
gate_up_proj,1561,455.481
gate_up_proj,1562,457.487
gate_up_proj,1563,457.458
gate_up_proj,1564,454.543
gate_up_proj,1565,457.514
gate_up_proj,1566,456.886
gate_up_proj,1567,456.676
gate_up_proj,1568,456.335
gate_up_proj,1569,469.265
gate_up_proj,1570,468.753
gate_up_proj,1571,468.641
gate_up_proj,1572,469.311
gate_up_proj,1573,470.589
gate_up_proj,1574,469.312
gate_up_proj,1575,471.447
gate_up_proj,1576,470.796
gate_up_proj,1577,470.219
gate_up_proj,1578,469.779
gate_up_proj,1579,469.848
gate_up_proj,1580,470.173
gate_up_proj,1581,469.856
gate_up_proj,1582,468.724
gate_up_proj,1583,468.834
gate_up_proj,1584,486.827
gate_up_proj,1585,471.587
gate_up_proj,1586,470.757
gate_up_proj,1587,470.047
gate_up_proj,1588,470.754
gate_up_proj,1589,470.019
gate_up_proj,1590,471.994
gate_up_proj,1591,471.991
gate_up_proj,1592,469.638
gate_up_proj,1593,471.569
gate_up_proj,1594,470.442
gate_up_proj,1595,471.997
gate_up_proj,1596,470.972
gate_up_proj,1597,472.639
gate_up_proj,1598,470.068
gate_up_proj,1599,472.571
gate_up_proj,1600,517.877
gate_up_proj,1601,472.184
gate_up_proj,1602,470.787
gate_up_proj,1603,471.322
gate_up_proj,1604,472.004
gate_up_proj,1605,472.77
gate_up_proj,1606,470.017
gate_up_proj,1607,469.942
gate_up_proj,1608,470.684
gate_up_proj,1609,471.153
gate_up_proj,1610,470.702
gate_up_proj,1611,473.059
gate_up_proj,1612,470.3
gate_up_proj,1613,473.183
gate_up_proj,1614,472.72
gate_up_proj,1615,472.898
gate_up_proj,1616,485.593
gate_up_proj,1617,472.58
gate_up_proj,1618,471.86
gate_up_proj,1619,471.374
gate_up_proj,1620,472.117
gate_up_proj,1621,473.77
gate_up_proj,1622,471.207
gate_up_proj,1623,473.69
gate_up_proj,1624,471.135
gate_up_proj,1625,486.475
gate_up_proj,1626,485.123
gate_up_proj,1627,485.206
gate_up_proj,1628,485.852
gate_up_proj,1629,485.169
gate_up_proj,1630,486.427
gate_up_proj,1631,484.379
gate_up_proj,1632,578.243
gate_up_proj,1633,485.061
gate_up_proj,1634,484.196
gate_up_proj,1635,483.828
gate_up_proj,1636,484.12
gate_up_proj,1637,487.179
gate_up_proj,1638,484.159
gate_up_proj,1639,484.217
gate_up_proj,1640,486.805
gate_up_proj,1641,484.2
gate_up_proj,1642,487.07
gate_up_proj,1643,487.201
gate_up_proj,1644,485.675
gate_up_proj,1645,484.82
gate_up_proj,1646,487.482
gate_up_proj,1647,484.33
gate_up_proj,1648,487.835
gate_up_proj,1649,486.296
gate_up_proj,1650,485.225
gate_up_proj,1651,486.221
gate_up_proj,1652,485.039
gate_up_proj,1653,487.151
gate_up_proj,1654,485.741
gate_up_proj,1655,488.118
gate_up_proj,1656,486.985
gate_up_proj,1657,485.486
gate_up_proj,1658,487.9
gate_up_proj,1659,488.367
gate_up_proj,1660,485.185
gate_up_proj,1661,487.38
gate_up_proj,1662,486.442
gate_up_proj,1663,486.959
gate_up_proj,1664,521.594
gate_up_proj,1665,486.68
gate_up_proj,1666,487.02
gate_up_proj,1667,486.387
gate_up_proj,1668,488.445
gate_up_proj,1669,489.324
gate_up_proj,1670,488.875
gate_up_proj,1671,489.138
gate_up_proj,1672,489.112
gate_up_proj,1673,488.321
gate_up_proj,1674,486.525
gate_up_proj,1675,488.672
gate_up_proj,1676,487.907
gate_up_proj,1677,486.794
gate_up_proj,1678,489.143
gate_up_proj,1679,489.424
gate_up_proj,1680,486.408
gate_up_proj,1681,500.042
gate_up_proj,1682,501.648
gate_up_proj,1683,502.028
gate_up_proj,1684,501.204
gate_up_proj,1685,500.092
gate_up_proj,1686,502.032
gate_up_proj,1687,500.683
gate_up_proj,1688,502.262
gate_up_proj,1689,500.389
gate_up_proj,1690,500.765
gate_up_proj,1691,502.579
gate_up_proj,1692,501.487
gate_up_proj,1693,502.761
gate_up_proj,1694,502.862
gate_up_proj,1695,501.237
gate_up_proj,1696,520.015
gate_up_proj,1697,502.43
gate_up_proj,1698,500.972
gate_up_proj,1699,500.5
gate_up_proj,1700,502.646
gate_up_proj,1701,503.041
gate_up_proj,1702,503.528
gate_up_proj,1703,501.106
gate_up_proj,1704,503.062
gate_up_proj,1705,502.676
gate_up_proj,1706,501.506
gate_up_proj,1707,501.424
gate_up_proj,1708,502.52
gate_up_proj,1709,501.131
gate_up_proj,1710,502.913
gate_up_proj,1711,501.566
gate_up_proj,1712,517.816
gate_up_proj,1713,503.325
gate_up_proj,1714,501.628
gate_up_proj,1715,501.756
gate_up_proj,1716,503.317
gate_up_proj,1717,503.805
gate_up_proj,1718,504.299
gate_up_proj,1719,502.466
gate_up_proj,1720,501.996
gate_up_proj,1721,504.345
gate_up_proj,1722,502.807
gate_up_proj,1723,504.237
gate_up_proj,1724,503.934
gate_up_proj,1725,503.104
gate_up_proj,1726,502.411
gate_up_proj,1727,503.549
gate_up_proj,1728,519.53
gate_up_proj,1729,504.835
gate_up_proj,1730,504.258
gate_up_proj,1731,502.493
gate_up_proj,1732,501.887
gate_up_proj,1733,504.085
gate_up_proj,1734,502.906
gate_up_proj,1735,505.405
gate_up_proj,1736,503.828
gate_up_proj,1737,519.313
gate_up_proj,1738,520.965
gate_up_proj,1739,519.332
gate_up_proj,1740,518.896
gate_up_proj,1741,521.022
gate_up_proj,1742,519.7
gate_up_proj,1743,521.431
gate_up_proj,1744,520.747
gate_up_proj,1745,519.943
gate_up_proj,1746,522.24
gate_up_proj,1747,522.091
gate_up_proj,1748,520.425
gate_up_proj,1749,522.696
gate_up_proj,1750,521.349
gate_up_proj,1751,520.258
gate_up_proj,1752,519.851
gate_up_proj,1753,521.829
gate_up_proj,1754,519.726
gate_up_proj,1755,522.865
gate_up_proj,1756,522.045
gate_up_proj,1757,520.372
gate_up_proj,1758,520.279
gate_up_proj,1759,521.26
gate_up_proj,1760,521.251
gate_up_proj,1761,520.476
gate_up_proj,1762,521.705
gate_up_proj,1763,520.746
gate_up_proj,1764,520.483
gate_up_proj,1765,521.5
gate_up_proj,1766,520.502
gate_up_proj,1767,522.713
gate_up_proj,1768,522.061
gate_up_proj,1769,521.132
gate_up_proj,1770,523.036
gate_up_proj,1771,521.649
gate_up_proj,1772,521.085
gate_up_proj,1773,523.845
gate_up_proj,1774,521.486
gate_up_proj,1775,521.334
gate_up_proj,1776,521.803
gate_up_proj,1777,521.781
gate_up_proj,1778,521.402
gate_up_proj,1779,522.784
gate_up_proj,1780,522.324
gate_up_proj,1781,523.871
gate_up_proj,1782,523.596
gate_up_proj,1783,522.593
gate_up_proj,1784,524.198
gate_up_proj,1785,524.34
gate_up_proj,1786,523.517
gate_up_proj,1787,521.72
gate_up_proj,1788,522.092
gate_up_proj,1789,523.776
gate_up_proj,1790,522.177
gate_up_proj,1791,524.748
gate_up_proj,1792,524.076
gate_up_proj,1793,549.056
gate_up_proj,1794,548.25
gate_up_proj,1795,550.348
gate_up_proj,1796,550.018
gate_up_proj,1797,548.265
gate_up_proj,1798,551.218
gate_up_proj,1799,549.44
gate_up_proj,1800,549.873
gate_up_proj,1801,549.1
gate_up_proj,1802,549.873
gate_up_proj,1803,551.469
gate_up_proj,1804,548.924
gate_up_proj,1805,551.193
gate_up_proj,1806,551.421
gate_up_proj,1807,549.026
gate_up_proj,1808,548.416
gate_up_proj,1809,550.325
gate_up_proj,1810,550.035
gate_up_proj,1811,552.062
gate_up_proj,1812,551.141
gate_up_proj,1813,552.137
gate_up_proj,1814,549.616
gate_up_proj,1815,552.771
gate_up_proj,1816,551.393
gate_up_proj,1817,550.954
gate_up_proj,1818,551.893
gate_up_proj,1819,550.475
gate_up_proj,1820,552.075
gate_up_proj,1821,552.249
gate_up_proj,1822,550.952
gate_up_proj,1823,550.312
gate_up_proj,1824,576.256
gate_up_proj,1825,552.126
gate_up_proj,1826,553.236
gate_up_proj,1827,552.915
gate_up_proj,1828,553.374
gate_up_proj,1829,552.065
gate_up_proj,1830,553.77
gate_up_proj,1831,550.785
gate_up_proj,1832,553.804
gate_up_proj,1833,553.349
gate_up_proj,1834,554.744
gate_up_proj,1835,554.156
gate_up_proj,1836,554.003
gate_up_proj,1837,553.69
gate_up_proj,1838,554.165
gate_up_proj,1839,553.866
gate_up_proj,1840,548.478
gate_up_proj,1841,552.747
gate_up_proj,1842,551.974
gate_up_proj,1843,554.326
gate_up_proj,1844,554.162
gate_up_proj,1845,552.919
gate_up_proj,1846,554.347
gate_up_proj,1847,554.059
gate_up_proj,1848,553.84
gate_up_proj,1849,554.153
gate_up_proj,1850,552.978
gate_up_proj,1851,552.846
gate_up_proj,1852,554.861
gate_up_proj,1853,553.449
gate_up_proj,1854,555.273
gate_up_proj,1855,555.348
gate_up_proj,1856,580.191
gate_up_proj,1857,554.187
gate_up_proj,1858,556.023
gate_up_proj,1859,555.168
gate_up_proj,1860,555.507
gate_up_proj,1861,555.411
gate_up_proj,1862,554.259
gate_up_proj,1863,554.251
gate_up_proj,1864,555.049
gate_up_proj,1865,555.537
gate_up_proj,1866,555.669
gate_up_proj,1867,556.133
gate_up_proj,1868,554.141
gate_up_proj,1869,556.795
gate_up_proj,1870,554.719
gate_up_proj,1871,553.897
gate_up_proj,1872,550.313
gate_up_proj,1873,555.861
gate_up_proj,1874,554.597
gate_up_proj,1875,554.778
gate_up_proj,1876,555.427
gate_up_proj,1877,556.44
gate_up_proj,1878,554.557
gate_up_proj,1879,554.604
gate_up_proj,1880,556.586
gate_up_proj,1881,556.084
gate_up_proj,1882,557.472
gate_up_proj,1883,555.072
gate_up_proj,1884,557.954
gate_up_proj,1885,556.267
gate_up_proj,1886,557.216
gate_up_proj,1887,558.84
gate_up_proj,1888,582.583
gate_up_proj,1889,557.548
gate_up_proj,1890,557.731
gate_up_proj,1891,558.118
gate_up_proj,1892,559.421
gate_up_proj,1893,557.039
gate_up_proj,1894,555.874
gate_up_proj,1895,555.624
gate_up_proj,1896,558.482
gate_up_proj,1897,556.578
gate_up_proj,1898,556.044
gate_up_proj,1899,559.62
gate_up_proj,1900,557.505
gate_up_proj,1901,559.361
gate_up_proj,1902,560.784
gate_up_proj,1903,559.11
gate_up_proj,1904,554.081
gate_up_proj,1905,582.602
gate_up_proj,1906,582.433
gate_up_proj,1907,581.579
gate_up_proj,1908,583.28
gate_up_proj,1909,583.065
gate_up_proj,1910,583.327
gate_up_proj,1911,583.091
gate_up_proj,1912,583.369
gate_up_proj,1913,583.149
gate_up_proj,1914,583.346
gate_up_proj,1915,583.293
gate_up_proj,1916,584.711
gate_up_proj,1917,583.603
gate_up_proj,1918,584.381
gate_up_proj,1919,585.215
gate_up_proj,1920,582.561
gate_up_proj,1921,581.819
gate_up_proj,1922,583.26
gate_up_proj,1923,580.741
gate_up_proj,1924,581.128
gate_up_proj,1925,582.645
gate_up_proj,1926,581.762
gate_up_proj,1927,581.117
gate_up_proj,1928,581.224
gate_up_proj,1929,582.939
gate_up_proj,1930,583.351
gate_up_proj,1931,580.17
gate_up_proj,1932,581.408
gate_up_proj,1933,583.13
gate_up_proj,1934,582.565
gate_up_proj,1935,582.307
gate_up_proj,1936,581.156
gate_up_proj,1937,580.963
gate_up_proj,1938,582.524
gate_up_proj,1939,580.99
gate_up_proj,1940,580.925
gate_up_proj,1941,581.557
gate_up_proj,1942,583.482
gate_up_proj,1943,582.548
gate_up_proj,1944,581.944
gate_up_proj,1945,581.058
gate_up_proj,1946,583.948
gate_up_proj,1947,584.654
gate_up_proj,1948,583.59
gate_up_proj,1949,582.173
gate_up_proj,1950,582.059
gate_up_proj,1951,584.651
gate_up_proj,1952,579.891
gate_up_proj,1953,583.994
gate_up_proj,1954,582.853
gate_up_proj,1955,582.394
gate_up_proj,1956,581.753
gate_up_proj,1957,584.658
gate_up_proj,1958,584.154
gate_up_proj,1959,583.428
gate_up_proj,1960,582.686
gate_up_proj,1961,582.893
gate_up_proj,1962,585.111
gate_up_proj,1963,584.388
gate_up_proj,1964,584.749
gate_up_proj,1965,583.59
gate_up_proj,1966,583.213
gate_up_proj,1967,583.851
gate_up_proj,1968,584.799
gate_up_proj,1969,584.871
gate_up_proj,1970,583.566
gate_up_proj,1971,582.957
gate_up_proj,1972,583.247
gate_up_proj,1973,586.042
gate_up_proj,1974,584.593
gate_up_proj,1975,586.036
gate_up_proj,1976,583.764
gate_up_proj,1977,583.972
gate_up_proj,1978,586.051
gate_up_proj,1979,586.534
gate_up_proj,1980,585.574
gate_up_proj,1981,585.171
gate_up_proj,1982,583.998
gate_up_proj,1983,586.16
gate_up_proj,1984,607.265
gate_up_proj,1985,585.962
gate_up_proj,1986,584.652
gate_up_proj,1987,584.923
gate_up_proj,1988,585.378
gate_up_proj,1989,587.29
gate_up_proj,1990,587.441
gate_up_proj,1991,585.491
gate_up_proj,1992,587.86
gate_up_proj,1993,584.772
gate_up_proj,1994,585.556
gate_up_proj,1995,586.915
gate_up_proj,1996,587.006
gate_up_proj,1997,586.062
gate_up_proj,1998,586.691
gate_up_proj,1999,586.724
gate_up_proj,2000,586.769
gate_up_proj,2001,587.796
gate_up_proj,2002,587.594
gate_up_proj,2003,586.954
gate_up_proj,2004,588.312
gate_up_proj,2005,586.227
gate_up_proj,2006,585.422
gate_up_proj,2007,588.048
gate_up_proj,2008,588.783
gate_up_proj,2009,587.49
gate_up_proj,2010,586.303
gate_up_proj,2011,586.631
gate_up_proj,2012,586.507
gate_up_proj,2013,589.173
gate_up_proj,2014,587.975
gate_up_proj,2015,587.744
gate_up_proj,2016,584.286
gate_up_proj,2017,610.213
gate_up_proj,2018,609.78
gate_up_proj,2019,611.658
gate_up_proj,2020,610.367
gate_up_proj,2021,610.949
gate_up_proj,2022,610.249
gate_up_proj,2023,611.644
gate_up_proj,2024,610.375
gate_up_proj,2025,611.922
gate_up_proj,2026,611.068
gate_up_proj,2027,610.533
gate_up_proj,2028,610.578
gate_up_proj,2029,612.41
gate_up_proj,2030,613.137
gate_up_proj,2031,612.35
gate_up_proj,2032,627.809
gate_up_proj,2033,613.004
gate_up_proj,2034,610.915
gate_up_proj,2035,612.879
gate_up_proj,2036,610.946
gate_up_proj,2037,611.477
gate_up_proj,2038,613.122
gate_up_proj,2039,612.909
gate_up_proj,2040,613.247
gate_up_proj,2041,611.907
gate_up_proj,2042,612.172
gate_up_proj,2043,611.596
gate_up_proj,2044,611.638
gate_up_proj,2045,611.399
gate_up_proj,2046,614.247
gate_up_proj,2047,613.312
gate_up_proj,2048,609.798
layernorm,1,17.9585
layernorm,2,20.574
layernorm,3,20.5165
layernorm,4,20.838
layernorm,5,20.9875
layernorm,6,20.6785
layernorm,7,21.0185
layernorm,8,21.016
layernorm,9,21.0565
layernorm,10,21.085
layernorm,11,21.1815
layernorm,12,21.29
layernorm,13,21.4065
layernorm,14,21.314
layernorm,15,21.428
layernorm,16,21.388
layernorm,17,21.6795
layernorm,18,21.795
layernorm,19,21.6385
layernorm,20,21.577
layernorm,21,21.776
layernorm,22,21.689
layernorm,23,21.8175
layernorm,24,21.681
layernorm,25,21.8205
layernorm,26,21.9215
layernorm,27,21.8185
layernorm,28,21.9335
layernorm,29,22.0635
layernorm,30,21.891
layernorm,31,22.064
layernorm,32,21.899
layernorm,33,22.018
layernorm,34,22.1395
layernorm,35,21.981
layernorm,36,22.2735
layernorm,37,22.207
layernorm,38,22.106
layernorm,39,22.321
layernorm,40,22.365
layernorm,41,22.358
layernorm,42,22.5105
layernorm,43,22.7015
layernorm,44,22.705
layernorm,45,22.554
layernorm,46,22.615
layernorm,47,22.793
layernorm,48,22.5205
layernorm,49,22.6945
layernorm,50,22.7445
layernorm,51,22.8455
layernorm,52,22.8965
layernorm,53,22.925
layernorm,54,23.025
layernorm,55,23.2525
layernorm,56,23.1085
layernorm,57,23.179
layernorm,58,23.169
layernorm,59,23.312
layernorm,60,23.435
layernorm,61,23.4395
layernorm,62,23.896
layernorm,63,23.799
layernorm,64,23.538
layernorm,65,23.865
layernorm,66,23.923
layernorm,67,23.963
layernorm,68,24.0085
layernorm,69,24.0375
layernorm,70,23.96
layernorm,71,24.0955
layernorm,72,23.9265
layernorm,73,24.166
layernorm,74,24.248
layernorm,75,24.323
layernorm,76,24.3105
layernorm,77,24.3565
layernorm,78,24.6
layernorm,79,24.664
layernorm,80,24.386
layernorm,81,24.6855
layernorm,82,24.8515
layernorm,83,24.8765
layernorm,84,24.9675
layernorm,85,24.9365
layernorm,86,24.9945
layernorm,87,25.0695
layernorm,88,24.7395
layernorm,89,25.066
layernorm,90,25.1045
layernorm,91,25.181
layernorm,92,25.21
layernorm,93,25.4625
layernorm,94,25.3345
layernorm,95,25.6265
layernorm,96,25.28
layernorm,97,25.559
layernorm,98,25.64
layernorm,99,25.676
layernorm,100,25.8875
layernorm,101,25.8885
layernorm,102,26.013
layernorm,103,26.03
layernorm,104,25.867
layernorm,105,26.0065
layernorm,106,26.1115
layernorm,107,26.0935
layernorm,108,26.271
layernorm,109,26.3425
layernorm,110,26.3385
layernorm,111,26.451
layernorm,112,26.249
layernorm,113,26.44
layernorm,114,26.5615
layernorm,115,26.6175
layernorm,116,26.6755
layernorm,117,26.828
layernorm,118,26.7955
layernorm,119,26.841
layernorm,120,26.5745
layernorm,121,26.827
layernorm,122,27.017
layernorm,123,27.035
layernorm,124,27.0745
layernorm,125,27.2
layernorm,126,27.2165
layernorm,127,27.36
layernorm,128,27.133
layernorm,129,27.3815
layernorm,130,27.5025
layernorm,131,27.6045
layernorm,132,27.657
layernorm,133,27.8165
layernorm,134,28.102
layernorm,135,28.1795
layernorm,136,28.117
layernorm,137,28.336
layernorm,138,28.413
layernorm,139,28.4095
layernorm,140,28.5125
layernorm,141,28.558
layernorm,142,28.5285
layernorm,143,28.6955
layernorm,144,28.6585
layernorm,145,28.875
layernorm,146,28.9965
layernorm,147,29.043
layernorm,148,29.002
layernorm,149,29.0075
layernorm,150,29.389
layernorm,151,29.1885
layernorm,152,29.059
layernorm,153,29.335
layernorm,154,29.3305
layernorm,155,29.4455
layernorm,156,29.4425
layernorm,157,29.6835
layernorm,158,29.8035
layernorm,159,29.7465
layernorm,160,29.651
layernorm,161,29.913
layernorm,162,29.879
layernorm,163,29.9025
layernorm,164,30.1295
layernorm,165,30.183
layernorm,166,30.216
layernorm,167,30.372
layernorm,168,30.21
layernorm,169,30.439
layernorm,170,30.465
layernorm,171,30.473
layernorm,172,30.624
layernorm,173,30.5315
layernorm,174,30.762
layernorm,175,30.811
layernorm,176,30.783
layernorm,177,30.949
layernorm,178,31.0455
layernorm,179,31.059
layernorm,180,31.1015
layernorm,181,31.0295
layernorm,182,31.324
layernorm,183,31.627
layernorm,184,31.415
layernorm,185,31.6425
layernorm,186,31.6975
layernorm,187,31.575
layernorm,188,31.872
layernorm,189,31.8635
layernorm,190,31.925
layernorm,191,31.9755
layernorm,192,31.8595
layernorm,193,31.999
layernorm,194,31.903
layernorm,195,32.0915
layernorm,196,32.09
layernorm,197,32.346
layernorm,198,32.2555
layernorm,199,34.7955
layernorm,200,35.096
layernorm,201,35.2625
layernorm,202,35.487
layernorm,203,35.551
layernorm,204,35.575
layernorm,205,35.6865
layernorm,206,35.727
layernorm,207,35.7405
layernorm,208,35.5085
layernorm,209,36.0745
layernorm,210,36.2035
layernorm,211,36.239
layernorm,212,36.228
layernorm,213,36.2825
layernorm,214,36.513
layernorm,215,36.384
layernorm,216,36.365
layernorm,217,36.5665
layernorm,218,36.7345
layernorm,219,36.7625
layernorm,220,36.826
layernorm,221,37.0045
layernorm,222,36.8115
layernorm,223,36.932
layernorm,224,36.784
layernorm,225,37.1155
layernorm,226,37.314
layernorm,227,37.259
layernorm,228,37.2065
layernorm,229,37.103
layernorm,230,37.28
layernorm,231,37.3895
layernorm,232,37.342
layernorm,233,37.5745
layernorm,234,37.4395
layernorm,235,37.685
layernorm,236,37.778
layernorm,237,37.9615
layernorm,238,38.0245
layernorm,239,37.868
layernorm,240,37.6725
layernorm,241,38.04
layernorm,242,37.9645
layernorm,243,38.0845
layernorm,244,38.2575
layernorm,245,38.095
layernorm,246,38.227
layernorm,247,38.326
layernorm,248,38.154
layernorm,249,38.5325
layernorm,250,38.4595
layernorm,251,38.4745
layernorm,252,38.574
layernorm,253,38.6905
layernorm,254,38.646
layernorm,255,38.848
layernorm,256,38.8885
layernorm,257,39.315
layernorm,258,39.268
layernorm,259,39.6325
layernorm,260,39.4375
layernorm,261,39.3835
layernorm,262,39.4625
layernorm,263,39.775
layernorm,264,39.6765
layernorm,265,39.8665
layernorm,266,40.128
layernorm,267,40.473
layernorm,268,40.483
layernorm,269,40.4225
layernorm,270,40.5495
layernorm,271,40.907
layernorm,272,40.4795
layernorm,273,40.8115
layernorm,274,40.9855
layernorm,275,41.0845
layernorm,276,41.1485
layernorm,277,41.318
layernorm,278,41.6525
layernorm,279,41.354
layernorm,280,41.067
layernorm,281,41.491
layernorm,282,41.7795
layernorm,283,41.721
layernorm,284,41.5645
layernorm,285,41.6785
layernorm,286,41.9765
layernorm,287,42.061
layernorm,288,41.8195
layernorm,289,41.9915
layernorm,290,42.169
layernorm,291,42.39
layernorm,292,42.401
layernorm,293,42.187
layernorm,294,42.1945
layernorm,295,42.4025
layernorm,296,42.23
layernorm,297,42.6335
layernorm,298,42.328
layernorm,299,42.858
layernorm,300,42.689
layernorm,301,42.8105
layernorm,302,42.8875
layernorm,303,43.1705
layernorm,304,42.773
layernorm,305,43.126
layernorm,306,43.1815
layernorm,307,43.3085
layernorm,308,43.201
layernorm,309,43.5095
layernorm,310,43.3425
layernorm,311,43.7075
layernorm,312,43.562
layernorm,313,43.6055
layernorm,314,43.669
layernorm,315,43.6215
layernorm,316,43.7905
layernorm,317,43.994
layernorm,318,43.894
layernorm,319,44.0875
layernorm,320,43.97
layernorm,321,44.009
layernorm,322,44.242
layernorm,323,44.169
layernorm,324,44.3085
layernorm,325,44.3735
layernorm,326,44.357
layernorm,327,44.566
layernorm,328,44.3095
layernorm,329,44.818
layernorm,330,44.7455
layernorm,331,44.593
layernorm,332,44.7985
layernorm,333,45.0765
layernorm,334,45.1465
layernorm,335,45.0565
layernorm,336,44.908
layernorm,337,45.294
layernorm,338,45.441
layernorm,339,45.3625
layernorm,340,45.556
layernorm,341,45.485
layernorm,342,45.664
layernorm,343,45.8205
layernorm,344,45.5615
layernorm,345,45.795
layernorm,346,45.889
layernorm,347,46.1
layernorm,348,46.1195
layernorm,349,46.0165
layernorm,350,46.2135
layernorm,351,46.424
layernorm,352,46.0225
layernorm,353,46.4165
layernorm,354,46.419
layernorm,355,46.482
layernorm,356,46.624
layernorm,357,46.879
layernorm,358,46.829
layernorm,359,47.0085
layernorm,360,46.8535
layernorm,361,47.1415
layernorm,362,47.055
layernorm,363,47.2605
layernorm,364,47.373
layernorm,365,47.5625
layernorm,366,47.4025
layernorm,367,47.6495
layernorm,368,47.428
layernorm,369,47.8335
layernorm,370,47.8645
layernorm,371,47.7745
layernorm,372,48.0955
layernorm,373,48.0375
layernorm,374,48.338
layernorm,375,48.288
layernorm,376,48.04
layernorm,377,48.3895
layernorm,378,48.6325
layernorm,379,48.528
layernorm,380,48.705
layernorm,381,48.8725
layernorm,382,49.0565
layernorm,383,49.167
layernorm,384,48.963
layernorm,385,49.2325
layernorm,386,49.2095
layernorm,387,49.5425
layernorm,388,49.5215
layernorm,389,49.567
layernorm,390,49.635
layernorm,391,49.667
layernorm,392,49.4645
layernorm,393,49.855
layernorm,394,50.241
layernorm,395,50.1025
layernorm,396,50.5745
layernorm,397,51.17
layernorm,398,51.409
layernorm,399,51.6135
layernorm,400,51.273
layernorm,401,51.7765
layernorm,402,51.812
layernorm,403,51.921
layernorm,404,51.8715
layernorm,405,51.965
layernorm,406,52.1315
layernorm,407,52.2075
layernorm,408,52.013
layernorm,409,52.342
layernorm,410,52.4535
layernorm,411,52.566
layernorm,412,52.59
layernorm,413,52.9345
layernorm,414,53.0055
layernorm,415,52.8325
layernorm,416,52.4635
layernorm,417,53.046
layernorm,418,53.0055
layernorm,419,53.3175
layernorm,420,53.543
layernorm,421,53.3455
layernorm,422,53.175
layernorm,423,53.51
layernorm,424,53.3305
layernorm,425,53.77
layernorm,426,53.425
layernorm,427,53.6195
layernorm,428,53.7545
layernorm,429,53.6595
layernorm,430,53.7865
layernorm,431,53.707
layernorm,432,53.587
layernorm,433,54.121
layernorm,434,54.348
layernorm,435,54.3215
layernorm,436,54.4105
layernorm,437,54.5445
layernorm,438,54.867
layernorm,439,54.6515
layernorm,440,54.5815
layernorm,441,54.857
layernorm,442,55.3215
layernorm,443,54.9675
layernorm,444,55.2305
layernorm,445,55.2175
layernorm,446,55.585
layernorm,447,55.425
layernorm,448,55.0045
layernorm,449,55.5515
layernorm,450,55.7085
layernorm,451,55.7005
layernorm,452,55.7235
layernorm,453,55.889
layernorm,454,56.116
layernorm,455,56.0025
layernorm,456,55.8165
layernorm,457,56.4275
layernorm,458,56.341
layernorm,459,56.3585
layernorm,460,56.32
layernorm,461,56.3605
layernorm,462,56.7955
layernorm,463,56.5935
layernorm,464,56.3055
layernorm,465,56.6615
layernorm,466,57.033
layernorm,467,56.904
layernorm,468,56.9085
layernorm,469,57.1135
layernorm,470,57.2435
layernorm,471,57.2375
layernorm,472,56.96
layernorm,473,57.349
layernorm,474,57.613
layernorm,475,57.564
layernorm,476,57.8085
layernorm,477,57.85
layernorm,478,57.697
layernorm,479,58.191
layernorm,480,57.855
layernorm,481,58.213
layernorm,482,58.002
layernorm,483,58.072
layernorm,484,58.3415
layernorm,485,58.253
layernorm,486,58.1825
layernorm,487,58.2655
layernorm,488,58.3025
layernorm,489,58.5595
layernorm,490,58.719
layernorm,491,58.557
layernorm,492,58.7115
layernorm,493,58.7575
layernorm,494,58.648
layernorm,495,58.921
layernorm,496,58.656
layernorm,497,59.25
layernorm,498,59.0855
layernorm,499,59.215
layernorm,500,59.207
layernorm,501,59.139
layernorm,502,59.4295
layernorm,503,59.559
layernorm,504,58.973
layernorm,505,59.552
layernorm,506,59.6595
layernorm,507,59.787
layernorm,508,60.008
layernorm,509,60.009
layernorm,510,59.8635
layernorm,511,60.6325
layernorm,512,59.8305
layernorm,513,60.635
layernorm,514,60.672
layernorm,515,60.7015
layernorm,516,60.6895
layernorm,517,61.0015
layernorm,518,61.2065
layernorm,519,61.013
layernorm,520,60.8825
layernorm,521,61.3195
layernorm,522,61.378
layernorm,523,61.556
layernorm,524,61.8195
layernorm,525,61.9025
layernorm,526,61.76
layernorm,527,61.9015
layernorm,528,61.7165
layernorm,529,62.8925
layernorm,530,63.2215
layernorm,531,63.483
layernorm,532,63.663
layernorm,533,63.759
layernorm,534,63.8715
layernorm,535,64.1815
layernorm,536,63.948
layernorm,537,64.154
layernorm,538,64.251
layernorm,539,64.6625
layernorm,540,64.7785
layernorm,541,64.959
layernorm,542,64.9535
layernorm,543,64.8855
layernorm,544,64.665
layernorm,545,65.185
layernorm,546,65.8225
layernorm,547,65.4965
layernorm,548,65.715
layernorm,549,65.5035
layernorm,550,65.593
layernorm,551,66.4505
layernorm,552,65.7845
layernorm,553,65.825
layernorm,554,66.0425
layernorm,555,66.9845
layernorm,556,67.0955
layernorm,557,66.5385
layernorm,558,67.053
layernorm,559,66.8365
layernorm,560,66.8185
layernorm,561,67.108
layernorm,562,67.303
layernorm,563,67.9005
layernorm,564,67.544
layernorm,565,67.6705
layernorm,566,68.3545
layernorm,567,68.169
layernorm,568,67.57
layernorm,569,67.9475
layernorm,570,68.057
layernorm,571,68.279
layernorm,572,68.5605
layernorm,573,68.382
layernorm,574,68.3365
layernorm,575,68.811
layernorm,576,68.531
layernorm,577,68.711
layernorm,578,68.9295
layernorm,579,69.4805
layernorm,580,68.9905
layernorm,581,69.3115
layernorm,582,69.3195
layernorm,583,69.5965
layernorm,584,69.597
layernorm,585,69.6685
layernorm,586,69.9025
layernorm,587,70.5275
layernorm,588,70.2985
layernorm,589,70.415
layernorm,590,70.9315
layernorm,591,71.119
layernorm,592,70.7465
layernorm,593,71.3135
layernorm,594,71.479
layernorm,595,72.317
layernorm,596,71.924
layernorm,597,72.1325
layernorm,598,72.6335
layernorm,599,72.9865
layernorm,600,72.173
layernorm,601,72.884
layernorm,602,73.148
layernorm,603,73.063
layernorm,604,73.325
layernorm,605,73.649
layernorm,606,73.313
layernorm,607,74.135
layernorm,608,74.256
layernorm,609,73.9445
layernorm,610,73.878
layernorm,611,74.797
layernorm,612,74.071
layernorm,613,74.584
layernorm,614,74.8275
layernorm,615,75.0695
layernorm,616,74.959
layernorm,617,75.914
layernorm,618,75.6865
layernorm,619,75.7475
layernorm,620,75.5475
layernorm,621,76.311
layernorm,622,75.8675
layernorm,623,76.2165
layernorm,624,76.4965
layernorm,625,77.1595
layernorm,626,76.614
layernorm,627,77.029
layernorm,628,77.1555
layernorm,629,77.8605
layernorm,630,77.544
layernorm,631,77.2865
layernorm,632,77.5095
layernorm,633,78.4795
layernorm,634,77.584
layernorm,635,78.034
layernorm,636,77.7695
layernorm,637,77.872
layernorm,638,78.425
layernorm,639,78.3555
layernorm,640,77.93
layernorm,641,78.3635
layernorm,642,78.6525
layernorm,643,78.8925
layernorm,644,79.121
layernorm,645,79.033
layernorm,646,79.27
layernorm,647,79.464
layernorm,648,79.321
layernorm,649,79.3075
layernorm,650,79.4195
layernorm,651,79.738
layernorm,652,80.3745
layernorm,653,80.5455
layernorm,654,80.3665
layernorm,655,80.2525
layernorm,656,80.1
layernorm,657,80.5735
layernorm,658,80.593
layernorm,659,81.0905
layernorm,660,81.313
layernorm,661,81.3735
layernorm,662,81.2685
layernorm,663,81.4045
layernorm,664,81.536
layernorm,665,82.26
layernorm,666,81.706
layernorm,667,82.3105
layernorm,668,81.849
layernorm,669,82.0035
layernorm,670,82.2125
layernorm,671,82.3225
layernorm,672,82.8025
layernorm,673,82.838
layernorm,674,82.6585
layernorm,675,82.997
layernorm,676,83.1965
layernorm,677,83.282
layernorm,678,83.571
layernorm,679,83.543
layernorm,680,83.245
layernorm,681,83.8535
layernorm,682,84.0835
layernorm,683,83.895
layernorm,684,84.185
layernorm,685,84.348
layernorm,686,84.4285
layernorm,687,84.486
layernorm,688,84.6315
layernorm,689,85.7685
layernorm,690,85.161
layernorm,691,85.207
layernorm,692,85.535
layernorm,693,85.512
layernorm,694,85.5085
layernorm,695,85.801
layernorm,696,85.7035
layernorm,697,85.8045
layernorm,698,86.4095
layernorm,699,86.161
layernorm,700,86.3825
layernorm,701,86.522
layernorm,702,86.5865
layernorm,703,86.9305
layernorm,704,86.488
layernorm,705,86.7395
layernorm,706,86.7745
layernorm,707,87.3595
layernorm,708,87.085
layernorm,709,87.553
layernorm,710,87.3425
layernorm,711,87.805
layernorm,712,87.6805
layernorm,713,88.2065
layernorm,714,87.941
layernorm,715,88.264
layernorm,716,88.426
layernorm,717,88.932
layernorm,718,88.6755
layernorm,719,89.0645
layernorm,720,88.403
layernorm,721,88.9535
layernorm,722,89.3055
layernorm,723,90.0025
layernorm,724,90.1345
layernorm,725,89.522
layernorm,726,90.6495
layernorm,727,89.9855
layernorm,728,89.926
layernorm,729,90.169
layernorm,730,90.855
layernorm,731,90.253
layernorm,732,90.7145
layernorm,733,90.694
layernorm,734,90.903
layernorm,735,91.115
layernorm,736,90.679
layernorm,737,90.9945
layernorm,738,91.886
layernorm,739,91.668
layernorm,740,91.94
layernorm,741,91.819
layernorm,742,91.719
layernorm,743,92.291
layernorm,744,92.1375
layernorm,745,92.422
layernorm,746,92.252
layernorm,747,92.8575
layernorm,748,93.589
layernorm,749,92.716
layernorm,750,92.799
layernorm,751,93.883
layernorm,752,93.1665
layernorm,753,94.306
layernorm,754,93.654
layernorm,755,93.8225
layernorm,756,93.905
layernorm,757,93.938
layernorm,758,94.17
layernorm,759,94.6745
layernorm,760,94.036
layernorm,761,95.317
layernorm,762,94.9115
layernorm,763,94.6685
layernorm,764,95.07
layernorm,765,94.999
layernorm,766,95.9445
layernorm,767,95.3175
layernorm,768,95.654
layernorm,769,95.0225
layernorm,770,95.5715
layernorm,771,95.5825
layernorm,772,96.1625
layernorm,773,96.113
layernorm,774,96.011
layernorm,775,95.976
layernorm,776,96.0155
layernorm,777,96.4055
layernorm,778,97.1445
layernorm,779,97.5715
layernorm,780,97.3145
layernorm,781,97.277
layernorm,782,97.3305
layernorm,783,97.672
layernorm,784,97.239
layernorm,785,97.576
layernorm,786,97.9595
layernorm,787,98.006
layernorm,788,98.1835
layernorm,789,98.4015
layernorm,790,98.4775
layernorm,791,98.836
layernorm,792,98.156
layernorm,793,98.8585
layernorm,794,99.6525
layernorm,795,98.942
layernorm,796,99.202
layernorm,797,99.264
layernorm,798,99.5145
layernorm,799,100.3985
layernorm,800,99.633
layernorm,801,100.7555
layernorm,802,99.7755
layernorm,803,100.083
layernorm,804,101.024
layernorm,805,100.494
layernorm,806,100.447
layernorm,807,100.788
layernorm,808,100.436
layernorm,809,100.963
layernorm,810,100.8715
layernorm,811,101.7335
layernorm,812,101.2185
layernorm,813,101.1425
layernorm,814,102.21
layernorm,815,101.7995
layernorm,816,101.8955
layernorm,817,101.8615
layernorm,818,102.7375
layernorm,819,103.07
layernorm,820,102.13
layernorm,821,102.211
layernorm,822,103.324
layernorm,823,103.2075
layernorm,824,102.9645
layernorm,825,103.0165
layernorm,826,102.7215
layernorm,827,103.996
layernorm,828,103.2725
layernorm,829,103.9865
layernorm,830,104.287
layernorm,831,103.8845
layernorm,832,103.3115
layernorm,833,104.5165
layernorm,834,104.4345
layernorm,835,105.0355
layernorm,836,105.0525
layernorm,837,105.1245
layernorm,838,106.113
layernorm,839,106.467
layernorm,840,105.2885
layernorm,841,106.113
layernorm,842,106.7255
layernorm,843,106.105
layernorm,844,106.1955
layernorm,845,106.583
layernorm,846,107.417
layernorm,847,106.85
layernorm,848,106.371
layernorm,849,107.2425
layernorm,850,108.2195
layernorm,851,107.4775
layernorm,852,107.578
layernorm,853,107.8695
layernorm,854,108.627
layernorm,855,108.1515
layernorm,856,108.1645
layernorm,857,108.34
layernorm,858,108.9195
layernorm,859,109.0885
layernorm,860,109.1325
layernorm,861,108.757
layernorm,862,109.0525
layernorm,863,109.382
layernorm,864,109.5585
layernorm,865,110.4605
layernorm,866,109.7745
layernorm,867,110.5145
layernorm,868,111.3305
layernorm,869,110.3935
layernorm,870,110.6975
layernorm,871,110.861
layernorm,872,111.561
layernorm,873,111.9655
layernorm,874,111.119
layernorm,875,112.211
layernorm,876,111.48
layernorm,877,111.8315
layernorm,878,112.6765
layernorm,879,112.07
layernorm,880,111.67
layernorm,881,113.4015
layernorm,882,113.6265
layernorm,883,112.924
layernorm,884,113.477
layernorm,885,114.206
layernorm,886,113.102
layernorm,887,114.083
layernorm,888,112.9835
layernorm,889,113.8065
layernorm,890,114.0285
layernorm,891,113.9715
layernorm,892,114.06
layernorm,893,114.6935
layernorm,894,114.1355
layernorm,895,114.817
layernorm,896,114.436
layernorm,897,115.6575
layernorm,898,115.524
layernorm,899,115.0575
layernorm,900,115.423
layernorm,901,115.1035
layernorm,902,116.291
layernorm,903,115.753
layernorm,904,115.723
layernorm,905,115.734
layernorm,906,116.2755
layernorm,907,116.11
layernorm,908,116.3985
layernorm,909,116.753
layernorm,910,117.283
layernorm,911,118.012
layernorm,912,116.7485
layernorm,913,117.6875
layernorm,914,117.502
layernorm,915,118.368
layernorm,916,118.055
layernorm,917,118.9715
layernorm,918,118.2985
layernorm,919,118.4495
layernorm,920,118.6435
layernorm,921,119.6365
layernorm,922,119.283
layernorm,923,119.762
layernorm,924,120.022
layernorm,925,120.276
layernorm,926,119.3425
layernorm,927,120.684
layernorm,928,119.8845
layernorm,929,120.9375
layernorm,930,120.076
layernorm,931,120.6625
layernorm,932,120.464
layernorm,933,121.782
layernorm,934,121.164
layernorm,935,121.877
layernorm,936,120.7135
layernorm,937,122.156
layernorm,938,121.617
layernorm,939,121.606
layernorm,940,122.392
layernorm,941,122.752
layernorm,942,122.9995
layernorm,943,121.9935
layernorm,944,123.01
layernorm,945,122.514
layernorm,946,122.308
layernorm,947,123.5245
layernorm,948,122.7875
layernorm,949,123.14
layernorm,950,124.557
layernorm,951,123.535
layernorm,952,124.2885
layernorm,953,124.526
layernorm,954,124.0655
layernorm,955,125.0805
layernorm,956,125.2125
layernorm,957,124.4365
layernorm,958,124.9115
layernorm,959,125.6035
layernorm,960,124.431
layernorm,961,124.945
layernorm,962,125.0435
layernorm,963,125.7265
layernorm,964,126.5005
layernorm,965,125.803
layernorm,966,126.8305
layernorm,967,126.1665
layernorm,968,126.4575
layernorm,969,126.269
layernorm,970,126.5855
layernorm,971,127.4355
layernorm,972,126.846
layernorm,973,127.233
layernorm,974,127.9605
layernorm,975,127.4175
layernorm,976,127.8305
layernorm,977,127.4385
layernorm,978,128.1185
layernorm,979,127.9055
layernorm,980,128.1315
layernorm,981,129.2935
layernorm,982,128.29
layernorm,983,129.924
layernorm,984,128.9765
layernorm,985,129.2105
layernorm,986,130.0675
layernorm,987,129.317
layernorm,988,130.6015
layernorm,989,130.206
layernorm,990,131.093
layernorm,991,130.1125
layernorm,992,130.8235
layernorm,993,131.4695
layernorm,994,130.68
layernorm,995,131.187
layernorm,996,130.8
layernorm,997,131.3695
layernorm,998,132.163
layernorm,999,132.3235
layernorm,1000,131.202
layernorm,1001,133.034
layernorm,1002,133.111
layernorm,1003,132.1395
layernorm,1004,133.5365
layernorm,1005,132.371
layernorm,1006,133.284
layernorm,1007,134.1685
layernorm,1008,133.6725
layernorm,1009,133.2125
layernorm,1010,133.7525
layernorm,1011,133.9675
layernorm,1012,134.2475
layernorm,1013,135.1085
layernorm,1014,134.196
layernorm,1015,135.4515
layernorm,1016,134.508
layernorm,1017,135.326
layernorm,1018,135.888
layernorm,1019,134.8385
layernorm,1020,135.8885
layernorm,1021,136.537
layernorm,1022,135.992
layernorm,1023,136.786
layernorm,1024,136.3005
layernorm,1025,137.554
layernorm,1026,136.6275
layernorm,1027,137.3025
layernorm,1028,137.127
layernorm,1029,137.603
layernorm,1030,138.647
layernorm,1031,137.9495
layernorm,1032,137.6835
layernorm,1033,139.3195
layernorm,1034,138.5695
layernorm,1035,139.108
layernorm,1036,138.4755
layernorm,1037,140.1205
layernorm,1038,139.2255
layernorm,1039,139.4525
layernorm,1040,139.004
layernorm,1041,140.6675
layernorm,1042,139.547
layernorm,1043,140.177
layernorm,1044,140.9835
layernorm,1045,141.509
layernorm,1046,140.363
layernorm,1047,142.2725
layernorm,1048,140.653
layernorm,1049,141.141
layernorm,1050,142.4595
layernorm,1051,141.7615
layernorm,1052,142.0815
layernorm,1053,142.8325
layernorm,1054,141.874
layernorm,1055,142.964
layernorm,1056,141.6945
layernorm,1057,142.5355
layernorm,1058,143.9405
layernorm,1059,143.2075
layernorm,1060,143.829
layernorm,1061,143.3245
layernorm,1062,143.558
layernorm,1063,143.9385
layernorm,1064,144.4085
layernorm,1065,145.1875
layernorm,1066,144.263
layernorm,1067,144.6275
layernorm,1068,144.6405
layernorm,1069,146.063
layernorm,1070,144.9575
layernorm,1071,146.3615
layernorm,1072,146.245
layernorm,1073,145.749
layernorm,1074,146.714
layernorm,1075,145.9775
layernorm,1076,145.9475
layernorm,1077,147.244
layernorm,1078,146.495
layernorm,1079,147.7195
layernorm,1080,147.5635
layernorm,1081,148.76
layernorm,1082,147.262
layernorm,1083,149.136
layernorm,1084,147.837
layernorm,1085,147.9445
layernorm,1086,148.5325
layernorm,1087,149.6
layernorm,1088,148.596
layernorm,1089,148.8205
layernorm,1090,149.01
layernorm,1091,149.563
layernorm,1092,150.283
layernorm,1093,149.476
layernorm,1094,150.789
layernorm,1095,150.6075
layernorm,1096,150.1625
layernorm,1097,151.664
layernorm,1098,150.5385
layernorm,1099,152.016
layernorm,1100,151.016
layernorm,1101,151.2445
layernorm,1102,151.8715
layernorm,1103,153.0235
layernorm,1104,152.3165
layernorm,1105,152.1395
layernorm,1106,152.225
layernorm,1107,153.1345
layernorm,1108,153.461
layernorm,1109,152.8765
layernorm,1110,154.2215
layernorm,1111,154.019
layernorm,1112,153.2805
layernorm,1113,154.261
layernorm,1114,155.1155
layernorm,1115,154.67
layernorm,1116,155.1025
layernorm,1117,154.386
layernorm,1118,154.956
layernorm,1119,154.753
layernorm,1120,155.0655
layernorm,1121,155.3295
layernorm,1122,156.9125
layernorm,1123,155.799
layernorm,1124,157.035
layernorm,1125,155.881
layernorm,1126,156.89
layernorm,1127,156.339
layernorm,1128,157.2425
layernorm,1129,156.395
layernorm,1130,157.364
layernorm,1131,156.9585
layernorm,1132,158.076
layernorm,1133,157.1895
layernorm,1134,157.9815
layernorm,1135,157.6975
layernorm,1136,157.845
layernorm,1137,159.014
layernorm,1138,158.532
layernorm,1139,158.206
layernorm,1140,159.5955
layernorm,1141,159.976
layernorm,1142,159.1785
layernorm,1143,159.4005
layernorm,1144,159.972
layernorm,1145,160.993
layernorm,1146,159.848
layernorm,1147,161.268
layernorm,1148,160.8455
layernorm,1149,160.2575
layernorm,1150,160.7295
layernorm,1151,162.024
layernorm,1152,160.8395
layernorm,1153,160.43
layernorm,1154,161.0095
layernorm,1155,160.78
layernorm,1156,161.3175
layernorm,1157,161.2885
layernorm,1158,161.8365
layernorm,1159,161.6755
layernorm,1160,161.3785
layernorm,1161,162.043
layernorm,1162,161.781
layernorm,1163,162.0625
layernorm,1164,162.525
layernorm,1165,163.657
layernorm,1166,163.262
layernorm,1167,162.8515
layernorm,1168,163.9205
layernorm,1169,163.4535
layernorm,1170,164.478
layernorm,1171,163.5075
layernorm,1172,163.6985
layernorm,1173,165.113
layernorm,1174,164.126
layernorm,1175,165.2885
layernorm,1176,164.8925
layernorm,1177,165.5825
layernorm,1178,165.0695
layernorm,1179,166.1595
layernorm,1180,166.31
layernorm,1181,166.314
layernorm,1182,166.2855
layernorm,1183,165.5275
layernorm,1184,166.2445
layernorm,1185,165.787
layernorm,1186,167.0175
layernorm,1187,166.36
layernorm,1188,167.0685
layernorm,1189,166.522
layernorm,1190,166.572
layernorm,1191,167.1655
layernorm,1192,166.851
layernorm,1193,167.453
layernorm,1194,168.4715
layernorm,1195,168.1385
layernorm,1196,167.6495
layernorm,1197,168.1775
layernorm,1198,167.947
layernorm,1199,169.186
layernorm,1200,169.3125
layernorm,1201,169.941
layernorm,1202,168.888
layernorm,1203,169.9385
layernorm,1204,169.807
layernorm,1205,170.394
layernorm,1206,169.7935
layernorm,1207,170.8125
layernorm,1208,170.9065
layernorm,1209,171.319
layernorm,1210,170.259
layernorm,1211,172.28
layernorm,1212,172.3385
layernorm,1213,171.14
layernorm,1214,171.571
layernorm,1215,171.3465
layernorm,1216,171.9515
layernorm,1217,172.8425
layernorm,1218,172.6355
layernorm,1219,173.1255
layernorm,1220,172.0515
layernorm,1221,172.542
layernorm,1222,173.1135
layernorm,1223,172.388
layernorm,1224,172.6315
layernorm,1225,174.3955
layernorm,1226,174.228
layernorm,1227,174.479
layernorm,1228,173.348
layernorm,1229,174.681
layernorm,1230,173.602
layernorm,1231,174.9025
layernorm,1232,174.521
layernorm,1233,175.5975
layernorm,1234,174.896
layernorm,1235,175.7025
layernorm,1236,174.9245
layernorm,1237,175.771
layernorm,1238,175.3975
layernorm,1239,175.1855
layernorm,1240,175.6755
layernorm,1241,175.4795
layernorm,1242,176.278
layernorm,1243,176.6755
layernorm,1244,176.4285
layernorm,1245,177.2915
layernorm,1246,176.376
layernorm,1247,176.1615
layernorm,1248,176.2235
layernorm,1249,177.825
layernorm,1250,177.4025
layernorm,1251,177.9725
layernorm,1252,177.515
layernorm,1253,177.349
layernorm,1254,177.982
layernorm,1255,177.608
layernorm,1256,178.4915
layernorm,1257,177.6825
layernorm,1258,178.8855
layernorm,1259,178.731
layernorm,1260,178.2665
layernorm,1261,178.7245
layernorm,1262,179.5925
layernorm,1263,178.8555
layernorm,1264,179.4645
layernorm,1265,179.7255
layernorm,1266,179.0715
layernorm,1267,179.588
layernorm,1268,179.437
layernorm,1269,180.7025
layernorm,1270,180.464
layernorm,1271,181.045
layernorm,1272,180.368
layernorm,1273,180.21
layernorm,1274,181.6415
layernorm,1275,180.741
layernorm,1276,181.713
layernorm,1277,181.1015
layernorm,1278,182.0025
layernorm,1279,181.539
layernorm,1280,182.044
layernorm,1281,181.959
layernorm,1282,182.0065
layernorm,1283,182.9725
layernorm,1284,183.0515
layernorm,1285,181.8115
layernorm,1286,182.225
layernorm,1287,182.572
layernorm,1288,181.988
layernorm,1289,183.182
layernorm,1290,183.798
layernorm,1291,184.193
layernorm,1292,182.738
layernorm,1293,184.157
layernorm,1294,183.329
layernorm,1295,183.023
layernorm,1296,183.569
layernorm,1297,183.2785
layernorm,1298,184.611
layernorm,1299,184.1175
layernorm,1300,183.8095
layernorm,1301,184.556
layernorm,1302,185.4045
layernorm,1303,184.82
layernorm,1304,184.629
layernorm,1305,185.7685
layernorm,1306,185.667
layernorm,1307,186.044
layernorm,1308,185.594
layernorm,1309,185.1655
layernorm,1310,186.281
layernorm,1311,185.7055
layernorm,1312,185.0165
layernorm,1313,186.957
layernorm,1314,185.6695
layernorm,1315,187.3055
layernorm,1316,186.5285
layernorm,1317,187.367
layernorm,1318,187.085
layernorm,1319,186.893
layernorm,1320,187.7455
layernorm,1321,188.078
layernorm,1322,187.1365
layernorm,1323,187.891
layernorm,1324,187.9065
layernorm,1325,187.0975
layernorm,1326,187.7
layernorm,1327,188.2715
layernorm,1328,186.973
layernorm,1329,188.6595
layernorm,1330,188.281
layernorm,1331,189.425
layernorm,1332,189.231
layernorm,1333,189.737
layernorm,1334,188.6285
layernorm,1335,189.2345
layernorm,1336,189.7765
layernorm,1337,189.9035
layernorm,1338,189.841
layernorm,1339,190.7105
layernorm,1340,190.5405
layernorm,1341,189.701
layernorm,1342,191.043
layernorm,1343,190.795
layernorm,1344,190.774
layernorm,1345,191.5765
layernorm,1346,190.9965
layernorm,1347,192.0545
layernorm,1348,191.613
layernorm,1349,191.439
layernorm,1350,190.9995
layernorm,1351,191.22
layernorm,1352,191.1515
layernorm,1353,192.0075
layernorm,1354,192.19
layernorm,1355,192.7745
layernorm,1356,191.943
layernorm,1357,193.311
layernorm,1358,192.3585
layernorm,1359,192.8785
layernorm,1360,192.8315
layernorm,1361,194.2635
layernorm,1362,193.109
layernorm,1363,193.5435
layernorm,1364,193.5485
layernorm,1365,193.745
layernorm,1366,193.7405
layernorm,1367,195.0175
layernorm,1368,194.1015
layernorm,1369,194.3925
layernorm,1370,194.714
layernorm,1371,195.624
layernorm,1372,195.7705
layernorm,1373,195.2315
layernorm,1374,194.8245
layernorm,1375,196.325
layernorm,1376,196.3015
layernorm,1377,195.9115
layernorm,1378,195.373
layernorm,1379,197.02
layernorm,1380,196.192
layernorm,1381,196.239
layernorm,1382,196.2255
layernorm,1383,197.81
layernorm,1384,197.2065
layernorm,1385,197.5635
layernorm,1386,198.2115
layernorm,1387,197.769
layernorm,1388,198.295
layernorm,1389,198.3845
layernorm,1390,197.8695
layernorm,1391,198.8815
layernorm,1392,199.112
layernorm,1393,199.062
layernorm,1394,199.0525
layernorm,1395,199.934
layernorm,1396,200.3335
layernorm,1397,199.562
layernorm,1398,199.578
layernorm,1399,199.436
layernorm,1400,199.284
layernorm,1401,200.703
layernorm,1402,200.6265
layernorm,1403,201.3955
layernorm,1404,200.4495
layernorm,1405,200.46
layernorm,1406,200.4825
layernorm,1407,201.795
layernorm,1408,201.097
layernorm,1409,201.0375
layernorm,1410,202.252
layernorm,1411,202.042
layernorm,1412,201.4475
layernorm,1413,201.221
layernorm,1414,202.93
layernorm,1415,201.8115
layernorm,1416,201.3605
layernorm,1417,203.3415
layernorm,1418,202.481
layernorm,1419,201.7315
layernorm,1420,203.288
layernorm,1421,202.8345
layernorm,1422,203.808
layernorm,1423,204.085
layernorm,1424,203.796
layernorm,1425,202.9035
layernorm,1426,204.314
layernorm,1427,204.3745
layernorm,1428,204.5585
layernorm,1429,203.081
layernorm,1430,204.032
layernorm,1431,203.9725
layernorm,1432,203.9085
layernorm,1433,203.978
layernorm,1434,204.336
layernorm,1435,203.9225
layernorm,1436,205.7475
layernorm,1437,204.952
layernorm,1438,204.418
layernorm,1439,206.0405
layernorm,1440,204.846
layernorm,1441,206.054
layernorm,1442,206.097
layernorm,1443,205.285
layernorm,1444,205.7515
layernorm,1445,205.793
layernorm,1446,207.099
layernorm,1447,207.045
layernorm,1448,206.178
layernorm,1449,206.5635
layernorm,1450,206.026
layernorm,1451,206.124
layernorm,1452,206.252
layernorm,1453,207.8645
layernorm,1454,207.656
layernorm,1455,207.5635
layernorm,1456,207.0075
layernorm,1457,207.0405
layernorm,1458,207.2895
layernorm,1459,208.375
layernorm,1460,208.523
layernorm,1461,207.5035
layernorm,1462,208.9315
layernorm,1463,209.269
layernorm,1464,207.33
layernorm,1465,209.529
layernorm,1466,208.613
layernorm,1467,208.51
layernorm,1468,208.742
layernorm,1469,209.9685
layernorm,1470,209.6545
layernorm,1471,209.509
layernorm,1472,209.202
layernorm,1473,209.3575
layernorm,1474,209.026
layernorm,1475,210.734
layernorm,1476,209.3805
layernorm,1477,210.6525
layernorm,1478,209.784
layernorm,1479,210.065
layernorm,1480,209.839
layernorm,1481,210.2255
layernorm,1482,211.0915
layernorm,1483,211.18
layernorm,1484,211.4915
layernorm,1485,210.9975
layernorm,1486,210.88
layernorm,1487,211.321
layernorm,1488,212.2455
layernorm,1489,212.3975
layernorm,1490,212.0555
layernorm,1491,212.9755
layernorm,1492,211.9695
layernorm,1493,211.859
layernorm,1494,212.877
layernorm,1495,212.6225
layernorm,1496,212.643
layernorm,1497,213.911
layernorm,1498,213.907
layernorm,1499,214.167
layernorm,1500,213.394
layernorm,1501,213.3525
layernorm,1502,213.027
layernorm,1503,213.0405
layernorm,1504,212.912
layernorm,1505,214.2965
layernorm,1506,213.2595
layernorm,1507,214.9935
layernorm,1508,215.1395
layernorm,1509,214.8975
layernorm,1510,214.6855
layernorm,1511,215.4925
layernorm,1512,214.234
layernorm,1513,213.876
layernorm,1514,215.719
layernorm,1515,215.74
layernorm,1516,215.788
layernorm,1517,215.4415
layernorm,1518,216.3415
layernorm,1519,216.5055
layernorm,1520,214.615
layernorm,1521,216.929
layernorm,1522,216.2895
layernorm,1523,216.523
layernorm,1524,216.803
layernorm,1525,216.1745
layernorm,1526,215.5735
layernorm,1527,217.652
layernorm,1528,217.579
layernorm,1529,216.5745
layernorm,1530,216.863
layernorm,1531,216.795
layernorm,1532,216.852
layernorm,1533,216.4805
layernorm,1534,218.624
layernorm,1535,218.347
layernorm,1536,218.6235
layernorm,1537,217.947
layernorm,1538,217.6555
layernorm,1539,217.6805
layernorm,1540,217.8075
layernorm,1541,219.0895
layernorm,1542,218.6925
layernorm,1543,218.435
layernorm,1544,218.4465
layernorm,1545,219.9295
layernorm,1546,218.8675
layernorm,1547,220.1575
layernorm,1548,220.325
layernorm,1549,219.6765
layernorm,1550,219.0805
layernorm,1551,218.9925
layernorm,1552,218.7595
layernorm,1553,219.7335
layernorm,1554,221.14
layernorm,1555,220.8295
layernorm,1556,220.6985
layernorm,1557,221.3235
layernorm,1558,220.8075
layernorm,1559,221.029
layernorm,1560,221.217
layernorm,1561,221.1735
layernorm,1562,222.3055
layernorm,1563,222.4195
layernorm,1564,220.8735
layernorm,1565,222.9225
layernorm,1566,222.6245
layernorm,1567,222.6345
layernorm,1568,222.053
layernorm,1569,222.8995
layernorm,1570,222.5135
layernorm,1571,222.433
layernorm,1572,222.7845
layernorm,1573,223.9285
layernorm,1574,223.2515
layernorm,1575,224.449
layernorm,1576,224.2765
layernorm,1577,224.573
layernorm,1578,223.7375
layernorm,1579,224.1375
layernorm,1580,224.48
layernorm,1581,223.955
layernorm,1582,223.463
layernorm,1583,223.7475
layernorm,1584,223.5025
layernorm,1585,226.338
layernorm,1586,225.4645
layernorm,1587,225.3305
layernorm,1588,226.027
layernorm,1589,225.283
layernorm,1590,226.838
layernorm,1591,226.9945
layernorm,1592,225.7555
layernorm,1593,226.9295
layernorm,1594,226.595
layernorm,1595,227.8735
layernorm,1596,227.0425
layernorm,1597,228.286
layernorm,1598,227.025
layernorm,1599,228.684
layernorm,1600,226.686
layernorm,1601,228.1145
layernorm,1602,227.804
layernorm,1603,228.0375
layernorm,1604,228.998
layernorm,1605,229.3535
layernorm,1606,227.85
layernorm,1607,227.9665
layernorm,1608,228.415
layernorm,1609,228.7435
layernorm,1610,228.676
layernorm,1611,230.388
layernorm,1612,228.6095
layernorm,1613,230.71
layernorm,1614,230.3705
layernorm,1615,230.377
layernorm,1616,230.7215
layernorm,1617,230.582
layernorm,1618,230.301
layernorm,1619,230.1175
layernorm,1620,230.643
layernorm,1621,231.512
layernorm,1622,230.3
layernorm,1623,232.096
layernorm,1624,230.1625
layernorm,1625,232.5065
layernorm,1626,231.7355
layernorm,1627,232.0475
layernorm,1628,232.558
layernorm,1629,232.311
layernorm,1630,232.9925
layernorm,1631,231.4395
layernorm,1632,232.1105
layernorm,1633,232.106
layernorm,1634,231.1685
layernorm,1635,231.981
layernorm,1636,232.105
layernorm,1637,233.7485
layernorm,1638,232.104
layernorm,1639,232.0175
layernorm,1640,234.1475
layernorm,1641,232.3905
layernorm,1642,234.56
layernorm,1643,234.247
layernorm,1644,233.757
layernorm,1645,233.1845
layernorm,1646,234.9395
layernorm,1647,233.007
layernorm,1648,235.152
layernorm,1649,234.074
layernorm,1650,233.7025
layernorm,1651,234.6665
layernorm,1652,234.083
layernorm,1653,235.776
layernorm,1654,234.15
layernorm,1655,236.098
layernorm,1656,235.275
layernorm,1657,234.6505
layernorm,1658,236.426
layernorm,1659,236.735
layernorm,1660,234.7615
layernorm,1661,236.269
layernorm,1662,235.6515
layernorm,1663,236.4225
layernorm,1664,235.436
layernorm,1665,235.811
layernorm,1666,236.3925
layernorm,1667,235.5435
layernorm,1668,237.3505
layernorm,1669,237.699
layernorm,1670,238.2145
layernorm,1671,238.1615
layernorm,1672,238.145
layernorm,1673,237.8355
layernorm,1674,236.4375
layernorm,1675,238.3875
layernorm,1676,237.939
layernorm,1677,237.0965
layernorm,1678,238.627
layernorm,1679,239.03
layernorm,1680,236.7805
layernorm,1681,238.142
layernorm,1682,239.7195
layernorm,1683,239.7375
layernorm,1684,239.812
layernorm,1685,238.1455
layernorm,1686,240.06
layernorm,1687,239.245
layernorm,1688,240.032
layernorm,1689,238.8285
layernorm,1690,239.595
layernorm,1691,240.851
layernorm,1692,240.297
layernorm,1693,241.0235
layernorm,1694,241.205
layernorm,1695,240.288
layernorm,1696,241.2605
layernorm,1697,241.544
layernorm,1698,240.378
layernorm,1699,239.957
layernorm,1700,241.5345
layernorm,1701,242.0415
layernorm,1702,242.4505
layernorm,1703,240.827
layernorm,1704,242.4365
layernorm,1705,242.1575
layernorm,1706,241.3155
layernorm,1707,241.3405
layernorm,1708,242.5535
layernorm,1709,241.4375
layernorm,1710,243.137
layernorm,1711,241.914
layernorm,1712,241.3075
layernorm,1713,243.643
layernorm,1714,242.439
layernorm,1715,242.319
layernorm,1716,243.636
layernorm,1717,244.2905
layernorm,1718,244.434
layernorm,1719,243.2955
layernorm,1720,242.586
layernorm,1721,245.019
layernorm,1722,244.203
layernorm,1723,245.2205
layernorm,1724,245.0505
layernorm,1725,244.192
layernorm,1726,243.894
layernorm,1727,244.942
layernorm,1728,244.115
layernorm,1729,245.94
layernorm,1730,245.8455
layernorm,1731,244.7525
layernorm,1732,244.6285
layernorm,1733,245.7805
layernorm,1734,245.072
layernorm,1735,246.689
layernorm,1736,245.887
layernorm,1737,245.1295
layernorm,1738,246.7875
layernorm,1739,245.6325
layernorm,1740,245.1625
layernorm,1741,246.9495
layernorm,1742,246.2045
layernorm,1743,247.447
layernorm,1744,246.8195
layernorm,1745,246.666
layernorm,1746,248.3545
layernorm,1747,248.131
layernorm,1748,247.323
layernorm,1749,248.6565
layernorm,1750,247.741
layernorm,1751,247.029
layernorm,1752,246.779
layernorm,1753,248.5825
layernorm,1754,247.3685
layernorm,1755,249.62
layernorm,1756,249.207
layernorm,1757,248.172
layernorm,1758,247.891
layernorm,1759,249.4075
layernorm,1760,248.5005
layernorm,1761,248.1285
layernorm,1762,249.478
layernorm,1763,248.55
layernorm,1764,248.8075
layernorm,1765,249.953
layernorm,1766,248.968
layernorm,1767,250.606
layernorm,1768,250.2395
layernorm,1769,249.5975
layernorm,1770,251.232
layernorm,1771,250.425
layernorm,1772,249.8355
layernorm,1773,252.0435
layernorm,1774,250.4665
layernorm,1775,250.6275
layernorm,1776,250.424
layernorm,1777,251.392
layernorm,1778,251.126
layernorm,1779,252.4445
layernorm,1780,251.5515
layernorm,1781,253.444
layernorm,1782,253.082
layernorm,1783,252.5295
layernorm,1784,253.5665
layernorm,1785,253.8355
layernorm,1786,253.173
layernorm,1787,252.2235
layernorm,1788,252.4775
layernorm,1789,254.2635
layernorm,1790,253.1305
layernorm,1791,254.906
layernorm,1792,254.1695
layernorm,1793,254.362
layernorm,1794,253.93
layernorm,1795,255.75
layernorm,1796,255.558
layernorm,1797,253.868
layernorm,1798,256.7825
layernorm,1799,255.361
layernorm,1800,255.18
layernorm,1801,254.5245
layernorm,1802,255.634
layernorm,1803,256.933
layernorm,1804,254.7455
layernorm,1805,256.891
layernorm,1806,257.3845
layernorm,1807,255.584
layernorm,1808,257.2665
layernorm,1809,256.993
layernorm,1810,256.1865
layernorm,1811,258.176
layernorm,1812,257.3765
layernorm,1813,258.2015
layernorm,1814,256.3815
layernorm,1815,258.466
layernorm,1816,257.8055
layernorm,1817,257.6245
layernorm,1818,258.431
layernorm,1819,257.462
layernorm,1820,258.999
layernorm,1821,259.196
layernorm,1822,258.329
layernorm,1823,257.641
layernorm,1824,257.384
layernorm,1825,259.22
layernorm,1826,260.127
layernorm,1827,260.113
layernorm,1828,260.262
layernorm,1829,259.415
layernorm,1830,260.4075
layernorm,1831,258.321
layernorm,1832,260.532
layernorm,1833,260.5745
layernorm,1834,261.7635
layernorm,1835,261.014
layernorm,1836,261.2475
layernorm,1837,260.86
layernorm,1838,261.585
layernorm,1839,261.6475
layernorm,1840,259.3925
layernorm,1841,260.7185
layernorm,1842,260.1825
layernorm,1843,262.2885
layernorm,1844,261.885
layernorm,1845,261.0735
layernorm,1846,262.295
layernorm,1847,262.0565
layernorm,1848,261.72
layernorm,1849,261.91
layernorm,1850,260.884
layernorm,1851,261.4545
layernorm,1852,262.9865
layernorm,1853,262.1825
layernorm,1854,263.6615
layernorm,1855,263.659
layernorm,1856,263.0535
layernorm,1857,262.446
layernorm,1858,263.676
layernorm,1859,263.581
layernorm,1860,263.827
layernorm,1861,264.023
layernorm,1862,262.808
layernorm,1863,262.848
layernorm,1864,263.206
layernorm,1865,264.016
layernorm,1866,264.0035
layernorm,1867,264.919
layernorm,1868,263.475
layernorm,1869,265.3145
layernorm,1870,263.6385
layernorm,1871,263.583
layernorm,1872,263.4915
layernorm,1873,264.9245
layernorm,1874,264.342
layernorm,1875,264.253
layernorm,1876,264.887
layernorm,1877,265.8315
layernorm,1878,264.8615
layernorm,1879,264.2285
layernorm,1880,266.1105
layernorm,1881,265.9045
layernorm,1882,266.947
layernorm,1883,264.9505
layernorm,1884,267.3515
layernorm,1885,266.214
layernorm,1886,267.114
layernorm,1887,268.3285
layernorm,1888,267.591
layernorm,1889,267.1215
layernorm,1890,267.7075
layernorm,1891,267.684
layernorm,1892,268.76
layernorm,1893,267.0925
layernorm,1894,266.1045
layernorm,1895,265.9435
layernorm,1896,268.6
layernorm,1897,266.9935
layernorm,1898,266.7055
layernorm,1899,270.094
layernorm,1900,268.2115
layernorm,1901,269.261
layernorm,1902,270.9235
layernorm,1903,269.9235
layernorm,1904,268.6335
layernorm,1905,268.8415
layernorm,1906,268.731
layernorm,1907,268.242
layernorm,1908,269.7365
layernorm,1909,269.625
layernorm,1910,269.8415
layernorm,1911,269.7325
layernorm,1912,269.8735
layernorm,1913,269.7755
layernorm,1914,270.082
layernorm,1915,269.6715
layernorm,1916,270.923
layernorm,1917,270.54
layernorm,1918,271.1375
layernorm,1919,271.88
layernorm,1920,269.551
layernorm,1921,271.5155
layernorm,1922,272.208
layernorm,1923,270.037
layernorm,1924,270.64
layernorm,1925,272.327
layernorm,1926,271.627
layernorm,1927,270.9035
layernorm,1928,271.1445
layernorm,1929,272.665
layernorm,1930,273.119
layernorm,1931,270.659
layernorm,1932,271.8145
layernorm,1933,273.308
layernorm,1934,272.5365
layernorm,1935,272.4225
layernorm,1936,271.4095
layernorm,1937,271.701
layernorm,1938,272.881
layernorm,1939,271.767
layernorm,1940,271.4585
layernorm,1941,272.2175
layernorm,1942,274.0435
layernorm,1943,273.508
layernorm,1944,272.921
layernorm,1945,272.717
layernorm,1946,274.8515
layernorm,1947,275.171
layernorm,1948,274.3675
layernorm,1949,273.6105
layernorm,1950,273.526
layernorm,1951,275.932
layernorm,1952,273.9175
layernorm,1953,275.0995
layernorm,1954,274.3315
layernorm,1955,273.9975
layernorm,1956,273.9475
layernorm,1957,276.0495
layernorm,1958,275.5625
layernorm,1959,274.585
layernorm,1960,274.0955
layernorm,1961,275.073
layernorm,1962,276.7805
layernorm,1963,276.316
layernorm,1964,276.8865
layernorm,1965,276.1285
layernorm,1966,275.7005
layernorm,1967,276.0585
layernorm,1968,277.22
layernorm,1969,276.974
layernorm,1970,276.105
layernorm,1971,276.0055
layernorm,1972,276.247
layernorm,1973,278.3275
layernorm,1974,277.098
layernorm,1975,278.627
layernorm,1976,276.6735
layernorm,1977,276.897
layernorm,1978,278.8455
layernorm,1979,278.974
layernorm,1980,278.7595
layernorm,1981,278.5215
layernorm,1982,277.599
layernorm,1983,279.485
layernorm,1984,279.49
layernorm,1985,280.033
layernorm,1986,278.63
layernorm,1987,278.9455
layernorm,1988,279.693
layernorm,1989,280.853
layernorm,1990,280.9495
layernorm,1991,279.677
layernorm,1992,281.432
layernorm,1993,279.1755
layernorm,1994,279.853
layernorm,1995,281.3595
layernorm,1996,281.2715
layernorm,1997,280.6435
layernorm,1998,281.1325
layernorm,1999,280.909
layernorm,2000,280.684
layernorm,2001,282.332
layernorm,2002,281.886
layernorm,2003,281.519
layernorm,2004,282.7305
layernorm,2005,281.736
layernorm,2006,280.8605
layernorm,2007,282.995
layernorm,2008,282.99
layernorm,2009,282.888
layernorm,2010,281.5585
layernorm,2011,282.183
layernorm,2012,282.1435
layernorm,2013,284.038
layernorm,2014,283.459
layernorm,2015,283.6025
layernorm,2016,283.3995
layernorm,2017,283.078
layernorm,2018,282.684
layernorm,2019,284.5965
layernorm,2020,283.2815
layernorm,2021,284.07
layernorm,2022,283.895
layernorm,2023,284.9915
layernorm,2024,283.663
layernorm,2025,285.3225
layernorm,2026,284.753
layernorm,2027,284.2165
layernorm,2028,284.054
layernorm,2029,285.6215
layernorm,2030,286.417
layernorm,2031,286.1115
layernorm,2032,285.984
layernorm,2033,286.3225
layernorm,2034,284.5415
layernorm,2035,286.479
layernorm,2036,284.879
layernorm,2037,285.429
layernorm,2038,286.917
layernorm,2039,286.929
layernorm,2040,286.8035
layernorm,2041,286.5225
layernorm,2042,285.532
layernorm,2043,286.122
layernorm,2044,285.5685
layernorm,2045,285.9855
layernorm,2046,288.223
layernorm,2047,287.3045
layernorm,2048,287.101
o_proj,1,13.323
o_proj,2,13.555
o_proj,3,13.705
o_proj,4,13.869
o_proj,5,13.941
o_proj,6,13.953
o_proj,7,13.903
o_proj,8,13.916
o_proj,9,13.99
o_proj,10,13.868
o_proj,11,13.918
o_proj,12,13.936
o_proj,13,13.972
o_proj,14,13.954
o_proj,15,13.963
o_proj,16,14.009
o_proj,17,14.037
o_proj,18,14.072
o_proj,19,14.115
o_proj,20,14.264
o_proj,21,14.151
o_proj,22,14.202
o_proj,23,14.2
o_proj,24,14.28
o_proj,25,14.164
o_proj,26,14.243
o_proj,27,14.395
o_proj,28,14.308
o_proj,29,14.478
o_proj,30,14.43
o_proj,31,14.411
o_proj,32,14.511
o_proj,33,14.53
o_proj,34,14.392
o_proj,35,14.36
o_proj,36,14.445
o_proj,37,14.451
o_proj,38,14.519
o_proj,39,14.529
o_proj,40,14.55
o_proj,41,14.549
o_proj,42,14.665
o_proj,43,14.7
o_proj,44,14.694
o_proj,45,14.672
o_proj,46,14.716
o_proj,47,14.671
o_proj,48,14.7
o_proj,49,14.709
o_proj,50,14.686
o_proj,51,14.735
o_proj,52,14.637
o_proj,53,14.827
o_proj,54,14.72
o_proj,55,14.781
o_proj,56,14.685
o_proj,57,14.869
o_proj,58,14.75
o_proj,59,14.798
o_proj,60,14.815
o_proj,61,14.907
o_proj,62,14.9
o_proj,63,15.001
o_proj,64,14.973
o_proj,65,15.068
o_proj,66,14.944
o_proj,67,15.059
o_proj,68,15.062
o_proj,69,15.056
o_proj,70,15.143
o_proj,71,15.187
o_proj,72,15.142
o_proj,73,14.841
o_proj,74,14.893
o_proj,75,14.84
o_proj,76,14.936
o_proj,77,14.918
o_proj,78,14.966
o_proj,79,15.036
o_proj,80,15.5
o_proj,81,15.485
o_proj,82,15.459
o_proj,83,15.507
o_proj,84,15.56
o_proj,85,15.47
o_proj,86,15.393
o_proj,87,15.452
o_proj,88,15.367
o_proj,89,15.294
o_proj,90,15.276
o_proj,91,15.353
o_proj,92,15.249
o_proj,93,15.402
o_proj,94,15.249
o_proj,95,15.398
o_proj,96,15.6
o_proj,97,15.458
o_proj,98,15.382
o_proj,99,15.471
o_proj,100,15.404
o_proj,101,15.605
o_proj,102,15.493
o_proj,103,15.483
o_proj,104,15.49
o_proj,105,15.534
o_proj,106,15.361
o_proj,107,15.518
o_proj,108,15.401
o_proj,109,15.47
o_proj,110,15.65
o_proj,111,15.611
o_proj,112,15.964
o_proj,113,15.651
o_proj,114,15.737
o_proj,115,15.662
o_proj,116,15.631
o_proj,117,15.673
o_proj,118,15.669
o_proj,119,15.667
o_proj,120,15.241
o_proj,121,15.717
o_proj,122,15.741
o_proj,123,15.796
o_proj,124,15.752
o_proj,125,15.911
o_proj,126,15.786
o_proj,127,15.933
o_proj,128,15.96
o_proj,129,16.691
o_proj,130,16.686
o_proj,131,16.719
o_proj,132,16.616
o_proj,133,16.758
o_proj,134,16.749
o_proj,135,16.768
o_proj,136,16.716
o_proj,137,16.908
o_proj,138,16.875
o_proj,139,16.815
o_proj,140,16.851
o_proj,141,16.904
o_proj,142,16.984
o_proj,143,16.949
o_proj,144,16.332
o_proj,145,17.101
o_proj,146,17.069
o_proj,147,16.951
o_proj,148,16.956
o_proj,149,16.97
o_proj,150,17.053
o_proj,151,17.052
o_proj,152,17.153
o_proj,153,17.087
o_proj,154,17.159
o_proj,155,17.019
o_proj,156,17.091
o_proj,157,17.17
o_proj,158,17.201
o_proj,159,17.069
o_proj,160,16.505
o_proj,161,16.75
o_proj,162,16.62
o_proj,163,16.726
o_proj,164,16.867
o_proj,165,16.788
o_proj,166,16.771
o_proj,167,16.835
o_proj,168,16.617
o_proj,169,17.239
o_proj,170,17.364
o_proj,171,17.387
o_proj,172,17.353
o_proj,173,17.303
o_proj,174,17.429
o_proj,175,17.476
o_proj,176,16.789
o_proj,177,16.881
o_proj,178,16.857
o_proj,179,17.034
o_proj,180,16.948
o_proj,181,16.955
o_proj,182,16.828
o_proj,183,16.937
o_proj,184,17.017
o_proj,185,17.071
o_proj,186,17.004
o_proj,187,17.039
o_proj,188,17.077
o_proj,189,16.994
o_proj,190,17.06
o_proj,191,17.101
o_proj,192,16.982
o_proj,193,17.87
o_proj,194,17.852
o_proj,195,17.788
o_proj,196,17.834
o_proj,197,17.853
o_proj,198,17.879
o_proj,199,17.907
o_proj,200,17.232
o_proj,201,18.041
o_proj,202,17.924
o_proj,203,17.96
o_proj,204,17.914
o_proj,205,17.854
o_proj,206,17.98
o_proj,207,17.985
o_proj,208,17.993
o_proj,209,17.392
o_proj,210,17.499
o_proj,211,17.369
o_proj,212,17.496
o_proj,213,17.556
o_proj,214,17.432
o_proj,215,17.49
o_proj,216,17.376
o_proj,217,17.444
o_proj,218,17.477
o_proj,219,17.446
o_proj,220,17.519
o_proj,221,17.555
o_proj,222,17.529
o_proj,223,17.54
o_proj,224,17.631
o_proj,225,17.696
o_proj,226,17.811
o_proj,227,17.812
o_proj,228,17.741
o_proj,229,17.861
o_proj,230,17.782
o_proj,231,17.896
o_proj,232,17.724
o_proj,233,17.827
o_proj,234,17.713
o_proj,235,17.896
o_proj,236,17.731
o_proj,237,17.946
o_proj,238,17.829
o_proj,239,17.863
o_proj,240,17.672
o_proj,241,18.014
o_proj,242,17.818
o_proj,243,18.002
o_proj,244,17.845
o_proj,245,17.929
o_proj,246,17.945
o_proj,247,17.988
o_proj,248,17.958
o_proj,249,18.045
o_proj,250,17.972
o_proj,251,18.117
o_proj,252,17.901
o_proj,253,18.101
o_proj,254,17.939
o_proj,255,17.988
o_proj,256,18.079
o_proj,257,18.163
o_proj,258,18.239
o_proj,259,18.15
o_proj,260,18.252
o_proj,261,18.356
o_proj,262,18.239
o_proj,263,18.254
o_proj,264,18.268
o_proj,265,18.3
o_proj,266,18.247
o_proj,267,18.408
o_proj,268,18.343
o_proj,269,18.327
o_proj,270,18.344
o_proj,271,18.472
o_proj,272,18.178
o_proj,273,18.555
o_proj,274,18.557
o_proj,275,18.709
o_proj,276,18.509
o_proj,277,18.541
o_proj,278,18.692
o_proj,279,18.58
o_proj,280,18.622
o_proj,281,18.559
o_proj,282,18.528
o_proj,283,18.526
o_proj,284,18.688
o_proj,285,18.48
o_proj,286,18.624
o_proj,287,18.646
o_proj,288,18.213
o_proj,289,18.687
o_proj,290,18.616
o_proj,291,18.648
o_proj,292,18.45
o_proj,293,18.493
o_proj,294,18.432
o_proj,295,18.829
o_proj,296,18.589
o_proj,297,18.763
o_proj,298,18.565
o_proj,299,18.683
o_proj,300,18.535
o_proj,301,18.717
o_proj,302,18.692
o_proj,303,18.67
o_proj,304,18.654
o_proj,305,20.78
o_proj,306,20.855
o_proj,307,20.944
o_proj,308,20.727
o_proj,309,20.886
o_proj,310,20.909
o_proj,311,20.982
o_proj,312,20.795
o_proj,313,20.035
o_proj,314,19.916
o_proj,315,20.001
o_proj,316,19.993
o_proj,317,19.979
o_proj,318,20.012
o_proj,319,20.164
o_proj,320,19.975
o_proj,321,19.495
o_proj,322,19.5
o_proj,323,19.56
o_proj,324,19.565
o_proj,325,19.565
o_proj,326,19.404
o_proj,327,19.617
o_proj,328,19.589
o_proj,329,19.762
o_proj,330,19.498
o_proj,331,19.517
o_proj,332,19.599
o_proj,333,19.644
o_proj,334,19.634
o_proj,335,19.663
o_proj,336,20.789
o_proj,337,20.058
o_proj,338,20.088
o_proj,339,20.077
o_proj,340,19.949
o_proj,341,20.037
o_proj,342,20.261
o_proj,343,20.306
o_proj,344,20.183
o_proj,345,20.365
o_proj,346,20.285
o_proj,347,20.402
o_proj,348,20.373
o_proj,349,20.35
o_proj,350,20.477
o_proj,351,20.424
o_proj,352,20.927
o_proj,353,20.333
o_proj,354,20.346
o_proj,355,20.401
o_proj,356,20.38
o_proj,357,20.539
o_proj,358,20.509
o_proj,359,20.372
o_proj,360,20.547
o_proj,361,20.533
o_proj,362,20.448
o_proj,363,20.531
o_proj,364,20.549
o_proj,365,20.651
o_proj,366,20.403
o_proj,367,20.574
o_proj,368,21.024
o_proj,369,21.041
o_proj,370,21.035
o_proj,371,21.081
o_proj,372,21.054
o_proj,373,21.107
o_proj,374,21.082
o_proj,375,21.121
o_proj,376,21.066
o_proj,377,21.086
o_proj,378,21.187
o_proj,379,21.102
o_proj,380,21.131
o_proj,381,21.119
o_proj,382,21.208
o_proj,383,21.229
o_proj,384,21.164
o_proj,385,21.255
o_proj,386,21.11
o_proj,387,21.385
o_proj,388,21.311
o_proj,389,21.266
o_proj,390,21.253
o_proj,391,21.276
o_proj,392,21.303
o_proj,393,21.321
o_proj,394,21.361
o_proj,395,21.269
o_proj,396,21.251
o_proj,397,21.302
o_proj,398,21.267
o_proj,399,21.399
o_proj,400,21.561
o_proj,401,21.673
o_proj,402,21.769
o_proj,403,21.772
o_proj,404,21.701
o_proj,405,21.798
o_proj,406,21.781
o_proj,407,21.797
o_proj,408,21.887
o_proj,409,21.781
o_proj,410,21.743
o_proj,411,21.718
o_proj,412,21.741
o_proj,413,21.901
o_proj,414,21.892
o_proj,415,21.836
o_proj,416,23.626
o_proj,417,22.845
o_proj,418,22.828
o_proj,419,22.959
o_proj,420,22.973
o_proj,421,23.032
o_proj,422,22.947
o_proj,423,23.102
o_proj,424,22.903
o_proj,425,23.017
o_proj,426,22.821
o_proj,427,23.022
o_proj,428,23.071
o_proj,429,23.025
o_proj,430,23.071
o_proj,431,23.017
o_proj,432,23.041
o_proj,433,24.282
o_proj,434,24.197
o_proj,435,24.238
o_proj,436,24.329
o_proj,437,24.323
o_proj,438,24.314
o_proj,439,24.007
o_proj,440,24.053
o_proj,441,24.158
o_proj,442,24.24
o_proj,443,24.157
o_proj,444,24.222
o_proj,445,24.32
o_proj,446,24.237
o_proj,447,24.226
o_proj,448,25.368
o_proj,449,24.304
o_proj,450,24.376
o_proj,451,24.38
o_proj,452,24.316
o_proj,453,24.384
o_proj,454,24.305
o_proj,455,24.422
o_proj,456,24.244
o_proj,457,24.636
o_proj,458,24.429
o_proj,459,24.624
o_proj,460,24.473
o_proj,461,24.595
o_proj,462,24.472
o_proj,463,24.588
o_proj,464,25.453
o_proj,465,25.663
o_proj,466,25.542
o_proj,467,25.822
o_proj,468,25.54
o_proj,469,25.78
o_proj,470,25.698
o_proj,471,25.708
o_proj,472,25.573
o_proj,473,25.746
o_proj,474,25.665
o_proj,475,25.807
o_proj,476,25.786
o_proj,477,25.827
o_proj,478,25.777
o_proj,479,26.186
o_proj,480,25.788
o_proj,481,25.566
o_proj,482,25.386
o_proj,483,25.476
o_proj,484,25.432
o_proj,485,25.486
o_proj,486,25.379
o_proj,487,25.58
o_proj,488,25.474
o_proj,489,25.558
o_proj,490,25.421
o_proj,491,25.653
o_proj,492,25.463
o_proj,493,25.577
o_proj,494,25.465
o_proj,495,25.643
o_proj,496,26.058
o_proj,497,26.004
o_proj,498,25.927
o_proj,499,26.06
o_proj,500,25.917
o_proj,501,25.9
o_proj,502,25.958
o_proj,503,26.04
o_proj,504,25.899
o_proj,505,26.117
o_proj,506,26.113
o_proj,507,26.169
o_proj,508,26.062
o_proj,509,26.173
o_proj,510,26.151
o_proj,511,26.375
o_proj,512,26.167
o_proj,513,27.692
o_proj,514,27.593
o_proj,515,27.549
o_proj,516,27.611
o_proj,517,27.521
o_proj,518,27.609
o_proj,519,27.672
o_proj,520,27.589
o_proj,521,27.658
o_proj,522,27.704
o_proj,523,27.726
o_proj,524,27.745
o_proj,525,27.722
o_proj,526,27.721
o_proj,527,27.749
o_proj,528,27.615
o_proj,529,28.05
o_proj,530,28.257
o_proj,531,28.228
o_proj,532,28.265
o_proj,533,28.27
o_proj,534,28.233
o_proj,535,28.293
o_proj,536,28.241
o_proj,537,28.212
o_proj,538,28.273
o_proj,539,28.185
o_proj,540,28.239
o_proj,541,28.276
o_proj,542,28.164
o_proj,543,28.12
o_proj,544,28.749
o_proj,545,28.759
o_proj,546,28.915
o_proj,547,28.813
o_proj,548,28.811
o_proj,549,28.737
o_proj,550,28.686
o_proj,551,28.956
o_proj,552,28.873
o_proj,553,28.721
o_proj,554,28.754
o_proj,555,28.98
o_proj,556,29.028
o_proj,557,28.893
o_proj,558,28.964
o_proj,559,28.856
o_proj,560,28.857
o_proj,561,28.789
o_proj,562,28.84
o_proj,563,29.122
o_proj,564,28.862
o_proj,565,28.899
o_proj,566,29.081
o_proj,567,29.118
o_proj,568,28.94
o_proj,569,28.835
o_proj,570,28.918
o_proj,571,28.925
o_proj,572,28.918
o_proj,573,28.86
o_proj,574,28.932
o_proj,575,28.974
o_proj,576,28.946
o_proj,577,29.721
o_proj,578,29.795
o_proj,579,29.915
o_proj,580,29.775
o_proj,581,29.774
o_proj,582,29.831
o_proj,583,29.801
o_proj,584,29.801
o_proj,585,29.88
o_proj,586,29.815
o_proj,587,29.846
o_proj,588,29.892
o_proj,589,29.777
o_proj,590,29.974
o_proj,591,29.988
o_proj,592,30.487
o_proj,593,29.862
o_proj,594,29.878
o_proj,595,30.11
o_proj,596,29.977
o_proj,597,29.893
o_proj,598,29.966
o_proj,599,30.075
o_proj,600,29.999
o_proj,601,30.081
o_proj,602,30.032
o_proj,603,30.015
o_proj,604,29.996
o_proj,605,30.159
o_proj,606,29.963
o_proj,607,30.222
o_proj,608,31.218
o_proj,609,30.609
o_proj,610,30.615
o_proj,611,30.922
o_proj,612,30.503
o_proj,613,30.728
o_proj,614,30.757
o_proj,615,30.67
o_proj,616,30.697
o_proj,617,30.899
o_proj,618,30.732
o_proj,619,30.692
o_proj,620,30.674
o_proj,621,30.829
o_proj,622,30.68
o_proj,623,30.721
o_proj,624,30.873
o_proj,625,31.315
o_proj,626,31.081
o_proj,627,31.067
o_proj,628,31.196
o_proj,629,31.377
o_proj,630,31.232
o_proj,631,31.183
o_proj,632,31.386
o_proj,633,31.458
o_proj,634,31.222
o_proj,635,31.218
o_proj,636,31.158
o_proj,637,31.26
o_proj,638,31.288
o_proj,639,31.219
o_proj,640,31.955
o_proj,641,32.008
o_proj,642,32.067
o_proj,643,32.202
o_proj,644,32.284
o_proj,645,32.058
o_proj,646,32.205
o_proj,647,32.215
o_proj,648,32.294
o_proj,649,32.087
o_proj,650,32.143
o_proj,651,32.163
o_proj,652,32.406
o_proj,653,32.397
o_proj,654,32.259
o_proj,655,32.286
o_proj,656,32.916
o_proj,657,32.319
o_proj,658,32.169
o_proj,659,32.332
o_proj,660,32.337
o_proj,661,32.395
o_proj,662,32.297
o_proj,663,32.371
o_proj,664,32.302
o_proj,665,32.426
o_proj,666,32.364
o_proj,667,32.41
o_proj,668,32.328
o_proj,669,32.341
o_proj,670,32.273
o_proj,671,32.314
o_proj,672,43.709
o_proj,673,33.241
o_proj,674,33.178
o_proj,675,33.313
o_proj,676,33.277
o_proj,677,33.369
o_proj,678,33.39
o_proj,679,33.291
o_proj,680,33.312
o_proj,681,33.228
o_proj,682,33.3
o_proj,683,33.27
o_proj,684,33.262
o_proj,685,33.317
o_proj,686,33.308
o_proj,687,33.293
o_proj,688,33.421
o_proj,689,33.653
o_proj,690,33.362
o_proj,691,33.367
o_proj,692,33.486
o_proj,693,33.41
o_proj,694,33.416
o_proj,695,33.459
o_proj,696,33.455
o_proj,697,33.417
o_proj,698,33.593
o_proj,699,33.463
o_proj,700,33.514
o_proj,701,33.555
o_proj,702,33.52
o_proj,703,33.594
o_proj,704,36.554
o_proj,705,34.789
o_proj,706,34.817
o_proj,707,34.872
o_proj,708,34.778
o_proj,709,34.918
o_proj,710,34.802
o_proj,711,34.823
o_proj,712,34.947
o_proj,713,34.871
o_proj,714,34.82
o_proj,715,34.949
o_proj,716,34.903
o_proj,717,34.957
o_proj,718,35.004
o_proj,719,35.03
o_proj,720,36.798
o_proj,721,34.902
o_proj,722,34.97
o_proj,723,35.182
o_proj,724,35.19
o_proj,725,34.898
o_proj,726,35.289
o_proj,727,34.953
o_proj,728,34.968
o_proj,729,35.042
o_proj,730,35.222
o_proj,731,35.021
o_proj,732,35.1
o_proj,733,35.031
o_proj,734,35.031
o_proj,735,34.987
o_proj,736,37.002
o_proj,737,36.946
o_proj,738,37.248
o_proj,739,37.064
o_proj,740,37.099
o_proj,741,36.973
o_proj,742,37.017
o_proj,743,37.173
o_proj,744,37.13
o_proj,745,37.146
o_proj,746,37.075
o_proj,747,37.141
o_proj,748,37.437
o_proj,749,37.041
o_proj,750,37.099
o_proj,751,37.406
o_proj,752,37.224
o_proj,753,37.478
o_proj,754,37.101
o_proj,755,37.191
o_proj,756,37.262
o_proj,757,37.184
o_proj,758,37.173
o_proj,759,37.307
o_proj,760,37.201
o_proj,761,37.563
o_proj,762,37.285
o_proj,763,37.186
o_proj,764,37.297
o_proj,765,37.224
o_proj,766,37.528
o_proj,767,37.262
o_proj,768,37.387
o_proj,769,36.911
o_proj,770,37.103
o_proj,771,37.069
o_proj,772,37.072
o_proj,773,37.238
o_proj,774,37.094
o_proj,775,37.064
o_proj,776,37.076
o_proj,777,37.097
o_proj,778,37.215
o_proj,779,37.327
o_proj,780,37.145
o_proj,781,37.143
o_proj,782,37.211
o_proj,783,37.103
o_proj,784,38.024
o_proj,785,37.051
o_proj,786,37.219
o_proj,787,37.147
o_proj,788,37.188
o_proj,789,37.201
o_proj,790,37.264
o_proj,791,37.343
o_proj,792,37.218
o_proj,793,37.166
o_proj,794,37.335
o_proj,795,37.14
o_proj,796,37.132
o_proj,797,37.172
o_proj,798,37.197
o_proj,799,37.513
o_proj,800,42.916
o_proj,801,38.662
o_proj,802,38.227
o_proj,803,38.189
o_proj,804,38.628
o_proj,805,38.286
o_proj,806,38.262
o_proj,807,38.308
o_proj,808,38.306
o_proj,809,38.3
o_proj,810,38.312
o_proj,811,38.604
o_proj,812,38.36
o_proj,813,38.379
o_proj,814,38.635
o_proj,815,38.502
o_proj,816,38.472
o_proj,817,38.452
o_proj,818,38.742
o_proj,819,38.789
o_proj,820,38.427
o_proj,821,38.476
o_proj,822,38.76
o_proj,823,38.658
o_proj,824,38.568
o_proj,825,38.543
o_proj,826,38.548
o_proj,827,38.783
o_proj,828,38.461
o_proj,829,38.748
o_proj,830,38.826
o_proj,831,38.592
o_proj,832,47.001
o_proj,833,40.263
o_proj,834,40.135
o_proj,835,40.223
o_proj,836,40.151
o_proj,837,40.199
o_proj,838,40.569
o_proj,839,40.523
o_proj,840,40.222
o_proj,841,40.275
o_proj,842,40.543
o_proj,843,40.312
o_proj,844,40.215
o_proj,845,40.314
o_proj,846,40.511
o_proj,847,40.333
o_proj,848,40.306
o_proj,849,40.352
o_proj,850,40.597
o_proj,851,40.355
o_proj,852,40.397
o_proj,853,40.386
o_proj,854,40.62
o_proj,855,40.454
o_proj,856,40.445
o_proj,857,40.422
o_proj,858,40.617
o_proj,859,40.597
o_proj,860,40.475
o_proj,861,40.488
o_proj,862,40.446
o_proj,863,40.449
o_proj,864,41.066
o_proj,865,41.255
o_proj,866,40.908
o_proj,867,41.013
o_proj,868,41.181
o_proj,869,40.937
o_proj,870,40.915
o_proj,871,40.874
o_proj,872,41.237
o_proj,873,41.249
o_proj,874,40.905
o_proj,875,41.337
o_proj,876,40.938
o_proj,877,41.045
o_proj,878,41.251
o_proj,879,41.047
o_proj,880,40.988
o_proj,881,41.338
o_proj,882,41.427
o_proj,883,41.135
o_proj,884,41.204
o_proj,885,41.485
o_proj,886,41.118
o_proj,887,41.303
o_proj,888,41.08
o_proj,889,41.167
o_proj,890,41.182
o_proj,891,41.144
o_proj,892,41.112
o_proj,893,41.203
o_proj,894,41.16
o_proj,895,41.223
o_proj,896,46.573
o_proj,897,42.634
o_proj,898,42.612
o_proj,899,42.386
o_proj,900,42.411
o_proj,901,42.325
o_proj,902,42.683
o_proj,903,42.47
o_proj,904,42.444
o_proj,905,42.431
o_proj,906,42.331
o_proj,907,42.409
o_proj,908,42.403
o_proj,909,42.413
o_proj,910,42.609
o_proj,911,42.831
o_proj,912,43.927
o_proj,913,42.541
o_proj,914,42.563
o_proj,915,42.687
o_proj,916,42.566
o_proj,917,42.792
o_proj,918,42.585
o_proj,919,42.649
o_proj,920,42.632
o_proj,921,42.929
o_proj,922,42.719
o_proj,923,42.923
o_proj,924,42.92
o_proj,925,43.03
o_proj,926,42.608
o_proj,927,43.049
o_proj,928,44.395
o_proj,929,44.607
o_proj,930,44.228
o_proj,931,44.352
o_proj,932,44.327
o_proj,933,44.684
o_proj,934,44.504
o_proj,935,44.627
o_proj,936,44.271
o_proj,937,44.692
o_proj,938,44.318
o_proj,939,44.356
o_proj,940,44.538
o_proj,941,44.747
o_proj,942,44.702
o_proj,943,44.414
o_proj,944,44.747
o_proj,945,44.491
o_proj,946,44.484
o_proj,947,44.615
o_proj,948,44.498
o_proj,949,44.556
o_proj,950,44.931
o_proj,951,44.59
o_proj,952,44.932
o_proj,953,44.818
o_proj,954,44.624
o_proj,955,44.972
o_proj,956,44.927
o_proj,957,44.647
o_proj,958,44.744
o_proj,959,44.915
o_proj,960,43.973
o_proj,961,45.043
o_proj,962,45.028
o_proj,963,45.215
o_proj,964,45.362
o_proj,965,45.126
o_proj,966,45.496
o_proj,967,45.138
o_proj,968,45.14
o_proj,969,45.083
o_proj,970,45.21
o_proj,971,45.561
o_proj,972,44.99
o_proj,973,45.279
o_proj,974,45.373
o_proj,975,45.304
o_proj,976,46.907
o_proj,977,45.168
o_proj,978,45.322
o_proj,979,45.27
o_proj,980,45.232
o_proj,981,45.635
o_proj,982,45.224
o_proj,983,45.644
o_proj,984,45.172
o_proj,985,45.437
o_proj,986,45.638
o_proj,987,45.275
o_proj,988,45.575
o_proj,989,45.372
o_proj,990,45.637
o_proj,991,45.263
o_proj,992,47.182
o_proj,993,47.125
o_proj,994,46.748
o_proj,995,47.036
o_proj,996,46.742
o_proj,997,46.933
o_proj,998,47.221
o_proj,999,47.223
o_proj,1000,46.764
o_proj,1001,47.183
o_proj,1002,47.234
o_proj,1003,46.966
o_proj,1004,47.305
o_proj,1005,46.839
o_proj,1006,46.967
o_proj,1007,47.357
o_proj,1008,47.232
o_proj,1009,46.947
o_proj,1010,47.068
o_proj,1011,47.022
o_proj,1012,47.064
o_proj,1013,47.351
o_proj,1014,46.953
o_proj,1015,47.504
o_proj,1016,47.021
o_proj,1017,47.141
o_proj,1018,47.439
o_proj,1019,47.095
o_proj,1020,47.228
o_proj,1021,47.42
o_proj,1022,47.126
o_proj,1023,47.559
o_proj,1024,47.434
o_proj,1025,48.558
o_proj,1026,48.101
o_proj,1027,48.368
o_proj,1028,48.183
o_proj,1029,48.269
o_proj,1030,48.677
o_proj,1031,48.333
o_proj,1032,48.276
o_proj,1033,48.643
o_proj,1034,48.352
o_proj,1035,48.462
o_proj,1036,48.217
o_proj,1037,48.707
o_proj,1038,48.395
o_proj,1039,48.419
o_proj,1040,48.293
o_proj,1041,48.591
o_proj,1042,48.431
o_proj,1043,48.387
o_proj,1044,48.602
o_proj,1045,48.761
o_proj,1046,48.35
o_proj,1047,48.846
o_proj,1048,48.407
o_proj,1049,48.5
o_proj,1050,48.936
o_proj,1051,48.517
o_proj,1052,48.639
o_proj,1053,48.836
o_proj,1054,48.534
o_proj,1055,48.558
o_proj,1056,51.595
o_proj,1057,49.519
o_proj,1058,49.942
o_proj,1059,49.505
o_proj,1060,49.691
o_proj,1061,49.492
o_proj,1062,49.54
o_proj,1063,49.47
o_proj,1064,49.707
o_proj,1065,49.903
o_proj,1066,49.576
o_proj,1067,49.458
o_proj,1068,49.676
o_proj,1069,49.902
o_proj,1070,49.72
o_proj,1071,49.953
o_proj,1072,49.841
o_proj,1073,49.577
o_proj,1074,49.882
o_proj,1075,49.621
o_proj,1076,49.741
o_proj,1077,49.811
o_proj,1078,49.715
o_proj,1079,49.948
o_proj,1080,50.187
o_proj,1081,50.245
o_proj,1082,49.739
o_proj,1083,50.137
o_proj,1084,49.771
o_proj,1085,49.598
o_proj,1086,49.891
o_proj,1087,50.122
o_proj,1088,52.284
o_proj,1089,52.103
o_proj,1090,52.172
o_proj,1091,52.037
o_proj,1092,52.395
o_proj,1093,51.956
o_proj,1094,52.507
o_proj,1095,52.167
o_proj,1096,52.059
o_proj,1097,52.651
o_proj,1098,52.211
o_proj,1099,52.557
o_proj,1100,52.143
o_proj,1101,52.07
o_proj,1102,52.318
o_proj,1103,52.569
o_proj,1104,52.427
o_proj,1105,52.27
o_proj,1106,52.251
o_proj,1107,52.342
o_proj,1108,52.563
o_proj,1109,52.279
o_proj,1110,52.68
o_proj,1111,52.484
o_proj,1112,52.369
o_proj,1113,52.589
o_proj,1114,52.737
o_proj,1115,52.417
o_proj,1116,52.603
o_proj,1117,52.344
o_proj,1118,52.608
o_proj,1119,52.352
o_proj,1120,52.46
o_proj,1121,52.487
o_proj,1122,52.898
o_proj,1123,52.534
o_proj,1124,52.892
o_proj,1125,52.495
o_proj,1126,52.72
o_proj,1127,52.553
o_proj,1128,52.884
o_proj,1129,52.604
o_proj,1130,52.748
o_proj,1131,52.561
o_proj,1132,52.865
o_proj,1133,52.643
o_proj,1134,52.823
o_proj,1135,52.707
o_proj,1136,52.841
o_proj,1137,53.092
o_proj,1138,52.896
o_proj,1139,52.706
o_proj,1140,52.997
o_proj,1141,53.123
o_proj,1142,52.717
o_proj,1143,52.861
o_proj,1144,52.993
o_proj,1145,53.209
o_proj,1146,52.732
o_proj,1147,53.223
o_proj,1148,52.954
o_proj,1149,52.819
o_proj,1150,52.815
o_proj,1151,53.27
o_proj,1152,52.869
o_proj,1153,54.458
o_proj,1154,54.517
o_proj,1155,54.357
o_proj,1156,54.556
o_proj,1157,54.457
o_proj,1158,54.684
o_proj,1159,54.453
o_proj,1160,54.558
o_proj,1161,54.715
o_proj,1162,54.543
o_proj,1163,54.583
o_proj,1164,54.675
o_proj,1165,55.07
o_proj,1166,54.841
o_proj,1167,54.642
o_proj,1168,55.154
o_proj,1169,54.751
o_proj,1170,55.091
o_proj,1171,54.814
o_proj,1172,54.72
o_proj,1173,55.333
o_proj,1174,54.828
o_proj,1175,55.213
o_proj,1176,55.039
o_proj,1177,55.224
o_proj,1178,54.937
o_proj,1179,55.18
o_proj,1180,55.494
o_proj,1181,55.256
o_proj,1182,55.42
o_proj,1183,54.879
o_proj,1184,57.106
o_proj,1185,54.834
o_proj,1186,55.353
o_proj,1187,55.047
o_proj,1188,55.402
o_proj,1189,54.856
o_proj,1190,54.889
o_proj,1191,55.075
o_proj,1192,55.06
o_proj,1193,55.19
o_proj,1194,55.439
o_proj,1195,55.176
o_proj,1196,55.013
o_proj,1197,55.003
o_proj,1198,55.042
o_proj,1199,55.357
o_proj,1200,55.354
o_proj,1201,55.459
o_proj,1202,54.987
o_proj,1203,55.397
o_proj,1204,55.194
o_proj,1205,55.487
o_proj,1206,55.164
o_proj,1207,55.523
o_proj,1208,55.653
o_proj,1209,55.463
o_proj,1210,55.147
o_proj,1211,55.862
o_proj,1212,55.631
o_proj,1213,55.278
o_proj,1214,55.277
o_proj,1215,55.275
o_proj,1216,58.461
o_proj,1217,56.901
o_proj,1218,56.807
o_proj,1219,56.942
o_proj,1220,56.474
o_proj,1221,56.684
o_proj,1222,56.711
o_proj,1223,56.586
o_proj,1224,56.565
o_proj,1225,57.198
o_proj,1226,57.069
o_proj,1227,57.171
o_proj,1228,56.665
o_proj,1229,57.178
o_proj,1230,56.589
o_proj,1231,57.137
o_proj,1232,56.957
o_proj,1233,57.191
o_proj,1234,56.841
o_proj,1235,57.171
o_proj,1236,56.768
o_proj,1237,57.211
o_proj,1238,56.914
o_proj,1239,56.797
o_proj,1240,56.991
o_proj,1241,56.917
o_proj,1242,56.957
o_proj,1243,57.318
o_proj,1244,57.12
o_proj,1245,57.218
o_proj,1246,56.958
o_proj,1247,56.821
o_proj,1248,57.804
o_proj,1249,58.105
o_proj,1250,57.838
o_proj,1251,58.159
o_proj,1252,57.857
o_proj,1253,57.862
o_proj,1254,58.014
o_proj,1255,57.691
o_proj,1256,58.164
o_proj,1257,57.712
o_proj,1258,58.349
o_proj,1259,57.961
o_proj,1260,57.783
o_proj,1261,57.897
o_proj,1262,58.213
o_proj,1263,57.952
o_proj,1264,58.302
o_proj,1265,58.395
o_proj,1266,57.82
o_proj,1267,58.108
o_proj,1268,57.872
o_proj,1269,58.349
o_proj,1270,58.126
o_proj,1271,58.402
o_proj,1272,58.182
o_proj,1273,58.082
o_proj,1274,58.532
o_proj,1275,58.005
o_proj,1276,58.47
o_proj,1277,58.096
o_proj,1278,58.528
o_proj,1279,58.238
o_proj,1280,59.321
o_proj,1281,65.592
o_proj,1282,65.752
o_proj,1283,66.083
o_proj,1284,66.768
o_proj,1285,65.669
o_proj,1286,65.48
o_proj,1287,65.86
o_proj,1288,65.872
o_proj,1289,66.213
o_proj,1290,65.845
o_proj,1291,65.845
o_proj,1292,65.431
o_proj,1293,65.951
o_proj,1294,65.57
o_proj,1295,64.932
o_proj,1296,65.685
o_proj,1297,60.709
o_proj,1298,61.078
o_proj,1299,60.922
o_proj,1300,60.727
o_proj,1301,60.767
o_proj,1302,61.424
o_proj,1303,61.004
o_proj,1304,60.921
o_proj,1305,61.606
o_proj,1306,61.156
o_proj,1307,61.465
o_proj,1308,61.128
o_proj,1309,60.686
o_proj,1310,61.293
o_proj,1311,61.005
o_proj,1312,60.873
o_proj,1313,61.699
o_proj,1314,60.846
o_proj,1315,61.487
o_proj,1316,60.968
o_proj,1317,61.564
o_proj,1318,61.197
o_proj,1319,60.968
o_proj,1320,61.597
o_proj,1321,61.914
o_proj,1322,61.046
o_proj,1323,61.336
o_proj,1324,61.306
o_proj,1325,61.009
o_proj,1326,61.191
o_proj,1327,61.292
o_proj,1328,60.946
o_proj,1329,61.467
o_proj,1330,61.048
o_proj,1331,61.695
o_proj,1332,61.64
o_proj,1333,61.84
o_proj,1334,61.419
o_proj,1335,61.284
o_proj,1336,61.818
o_proj,1337,61.424
o_proj,1338,61.383
o_proj,1339,61.809
o_proj,1340,61.893
o_proj,1341,61.212
o_proj,1342,61.941
o_proj,1343,61.579
o_proj,1344,77.379
o_proj,1345,63.938
o_proj,1346,63.238
o_proj,1347,63.936
o_proj,1348,63.633
o_proj,1349,63.342
o_proj,1350,63.074
o_proj,1351,63.19
o_proj,1352,62.947
o_proj,1353,63.528
o_proj,1354,63.502
o_proj,1355,63.883
o_proj,1356,63.18
o_proj,1357,63.978
o_proj,1358,62.97
o_proj,1359,63.233
o_proj,1360,71.064
o_proj,1361,63.82
o_proj,1362,63.2
o_proj,1363,63.253
o_proj,1364,63.214
o_proj,1365,63.308
o_proj,1366,63.13
o_proj,1367,64.013
o_proj,1368,63.602
o_proj,1369,63.231
o_proj,1370,63.396
o_proj,1371,63.723
o_proj,1372,63.766
o_proj,1373,63.59
o_proj,1374,63.129
o_proj,1375,64.1
o_proj,1376,70.819
o_proj,1377,63.557
o_proj,1378,63.236
o_proj,1379,64.149
o_proj,1380,63.446
o_proj,1381,63.343
o_proj,1382,63.42
o_proj,1383,64.199
o_proj,1384,63.642
o_proj,1385,63.677
o_proj,1386,63.992
o_proj,1387,63.809
o_proj,1388,63.874
o_proj,1389,63.866
o_proj,1390,63.341
o_proj,1391,63.807
o_proj,1392,70.635
o_proj,1393,70.536
o_proj,1394,69.852
o_proj,1395,70.427
o_proj,1396,70.652
o_proj,1397,70.277
o_proj,1398,70.162
o_proj,1399,71.836
o_proj,1400,71.75
o_proj,1401,70.944
o_proj,1402,70.365
o_proj,1403,70.592
o_proj,1404,70.234
o_proj,1405,71.331
o_proj,1406,71.356
o_proj,1407,70.751
o_proj,1408,78.132
o_proj,1409,71.012
o_proj,1410,70.796
o_proj,1411,71.848
o_proj,1412,70.174
o_proj,1413,70.103
o_proj,1414,70.694
o_proj,1415,70.008
o_proj,1416,69.447
o_proj,1417,71.056
o_proj,1418,70.266
o_proj,1419,69.642
o_proj,1420,70.738
o_proj,1421,70.766
o_proj,1422,70.858
o_proj,1423,71.543
o_proj,1424,70.404
o_proj,1425,69.786
o_proj,1426,70.721
o_proj,1427,70.541
o_proj,1428,71.02
o_proj,1429,70.07
o_proj,1430,70.359
o_proj,1431,69.96
o_proj,1432,70.436
o_proj,1433,69.865
o_proj,1434,70.671
o_proj,1435,70.21
o_proj,1436,70.777
o_proj,1437,70.277
o_proj,1438,70.325
o_proj,1439,71.214
o_proj,1440,70.417
o_proj,1441,67.855
o_proj,1442,68.069
o_proj,1443,67.127
o_proj,1444,67.357
o_proj,1445,67.157
o_proj,1446,68.067
o_proj,1447,68.083
o_proj,1448,67.58
o_proj,1449,67.501
o_proj,1450,66.962
o_proj,1451,66.927
o_proj,1452,67.027
o_proj,1453,68.132
o_proj,1454,67.611
o_proj,1455,67.391
o_proj,1456,69.665
o_proj,1457,67.075
o_proj,1458,67.383
o_proj,1459,67.868
o_proj,1460,67.985
o_proj,1461,67.045
o_proj,1462,68.249
o_proj,1463,68.107
o_proj,1464,67.112
o_proj,1465,68.022
o_proj,1466,67.299
o_proj,1467,67.376
o_proj,1468,67.326
o_proj,1469,68.209
o_proj,1470,67.813
o_proj,1471,67.515
o_proj,1472,70.071
o_proj,1473,67.302
o_proj,1474,67.146
o_proj,1475,68.224
o_proj,1476,67.356
o_proj,1477,67.767
o_proj,1478,67.327
o_proj,1479,67.179
o_proj,1480,67.209
o_proj,1481,67.407
o_proj,1482,67.816
o_proj,1483,67.642
o_proj,1484,67.839
o_proj,1485,67.527
o_proj,1486,67.335
o_proj,1487,67.556
o_proj,1488,70.896
o_proj,1489,70.452
o_proj,1490,69.963
o_proj,1491,70.677
o_proj,1492,69.729
o_proj,1493,69.739
o_proj,1494,70.338
o_proj,1495,69.947
o_proj,1496,69.943
o_proj,1497,70.8
o_proj,1498,70.759
o_proj,1499,71.226
o_proj,1500,70.531
o_proj,1501,70.195
o_proj,1502,69.568
o_proj,1503,69.981
o_proj,1504,69.948
o_proj,1505,70.364
o_proj,1506,69.753
o_proj,1507,70.988
o_proj,1508,70.89
o_proj,1509,70.676
o_proj,1510,70.047
o_proj,1511,70.778
o_proj,1512,70.027
o_proj,1513,69.867
o_proj,1514,70.814
o_proj,1515,70.392
o_proj,1516,70.627
o_proj,1517,70.367
o_proj,1518,71.004
o_proj,1519,71.209
o_proj,1520,69.925
o_proj,1521,71.244
o_proj,1522,70.473
o_proj,1523,70.497
o_proj,1524,70.663
o_proj,1525,70.129
o_proj,1526,69.902
o_proj,1527,71.183
o_proj,1528,71.101
o_proj,1529,70.37
o_proj,1530,70.051
o_proj,1531,69.988
o_proj,1532,70.045
o_proj,1533,69.937
o_proj,1534,71.196
o_proj,1535,70.748
o_proj,1536,71.489
o_proj,1537,74.535
o_proj,1538,74.756
o_proj,1539,74.701
o_proj,1540,74.651
o_proj,1541,80.114
o_proj,1542,80.792
o_proj,1543,75.547
o_proj,1544,74.796
o_proj,1545,75.666
o_proj,1546,75.194
o_proj,1547,75.451
o_proj,1548,75.588
o_proj,1549,75.009
o_proj,1550,75.266
o_proj,1551,79.151
o_proj,1552,79.002
o_proj,1553,75.438
o_proj,1554,75.665
o_proj,1555,76.192
o_proj,1556,75.805
o_proj,1557,79.223
o_proj,1558,79.642
o_proj,1559,76.007
o_proj,1560,76.456
o_proj,1561,76.136
o_proj,1562,76.327
o_proj,1563,76.286
o_proj,1564,75.381
o_proj,1565,75.734
o_proj,1566,76.788
o_proj,1567,77.888
o_proj,1568,85.683
o_proj,1569,75.983
o_proj,1570,76.671
o_proj,1571,76.993
o_proj,1572,75.814
o_proj,1573,78.394
o_proj,1574,77.608
o_proj,1575,76.615
o_proj,1576,76.809
o_proj,1577,76.435
o_proj,1578,76.523
o_proj,1579,76.706
o_proj,1580,76.481
o_proj,1581,76.591
o_proj,1582,75.897
o_proj,1583,76.63
o_proj,1584,76.653
o_proj,1585,75.126
o_proj,1586,74.456
o_proj,1587,74.023
o_proj,1588,74.583
o_proj,1589,74.095
o_proj,1590,75.173
o_proj,1591,75.261
o_proj,1592,73.933
o_proj,1593,74.883
o_proj,1594,74.273
o_proj,1595,74.945
o_proj,1596,74.276
o_proj,1597,75.227
o_proj,1598,73.974
o_proj,1599,75.493
o_proj,1600,81.752
o_proj,1601,75.138
o_proj,1602,74.416
o_proj,1603,74.315
o_proj,1604,74.975
o_proj,1605,75.134
o_proj,1606,73.824
o_proj,1607,73.912
o_proj,1608,73.973
o_proj,1609,74.382
o_proj,1610,74.25
o_proj,1611,75.323
o_proj,1612,74.063
o_proj,1613,75.403
o_proj,1614,74.973
o_proj,1615,75.11
o_proj,1616,75.008
o_proj,1617,74.865
o_proj,1618,74.354
o_proj,1619,74.054
o_proj,1620,74.592
o_proj,1621,75.307
o_proj,1622,74.219
o_proj,1623,75.487
o_proj,1624,73.994
o_proj,1625,75.608
o_proj,1626,74.837
o_proj,1627,74.972
o_proj,1628,75.235
o_proj,1629,74.749
o_proj,1630,75.576
o_proj,1631,74.285
o_proj,1632,80.604
o_proj,1633,89.647
o_proj,1634,89.846
o_proj,1635,80.691
o_proj,1636,80.316
o_proj,1637,81.195
o_proj,1638,80.479
o_proj,1639,80.483
o_proj,1640,80.63
o_proj,1641,80.387
o_proj,1642,80.741
o_proj,1643,89.579
o_proj,1644,88.607
o_proj,1645,80.29
o_proj,1646,80.837
o_proj,1647,80.14
o_proj,1648,80.606
o_proj,1649,88.215
o_proj,1650,88.9
o_proj,1651,80.274
o_proj,1652,80.038
o_proj,1653,80.538
o_proj,1654,80.032
o_proj,1655,80.893
o_proj,1656,80.14
o_proj,1657,79.677
o_proj,1658,80.65
o_proj,1659,88.749
o_proj,1660,87.824
o_proj,1661,80.286
o_proj,1662,80.243
o_proj,1663,80.287
o_proj,1664,80.168
o_proj,1665,79.853
o_proj,1666,79.771
o_proj,1667,86.591
o_proj,1668,87.744
o_proj,1669,80.4
o_proj,1670,80.598
o_proj,1671,80.605
o_proj,1672,80.582
o_proj,1673,86.07
o_proj,1674,86.088
o_proj,1675,80.709
o_proj,1676,80.197
o_proj,1677,80.406
o_proj,1678,80.488
o_proj,1679,80.538
o_proj,1680,79.855
o_proj,1681,80.322
o_proj,1682,80.734
o_proj,1683,86.42
o_proj,1684,86.505
o_proj,1685,79.96
o_proj,1686,80.85
o_proj,1687,80.754
o_proj,1688,80.652
o_proj,1689,85.098
o_proj,1690,85.188
o_proj,1691,81.329
o_proj,1692,81.012
o_proj,1693,81.031
o_proj,1694,80.971
o_proj,1695,81.066
o_proj,1696,81.116
o_proj,1697,81.312
o_proj,1698,81.337
o_proj,1699,84.303
o_proj,1700,85.298
o_proj,1701,81.26
o_proj,1702,81.449
o_proj,1703,81.251
o_proj,1704,81.359
o_proj,1705,84.625
o_proj,1706,84.181
o_proj,1707,80.906
o_proj,1708,81.655
o_proj,1709,81.994
o_proj,1710,81.658
o_proj,1711,81.379
o_proj,1712,81.815
o_proj,1713,81.723
o_proj,1714,81.11
o_proj,1715,83.544
o_proj,1716,83.88
o_proj,1717,81.765
o_proj,1718,82.344
o_proj,1719,81.81
o_proj,1720,82.088
o_proj,1721,83.23
o_proj,1722,82.785
o_proj,1723,82.059
o_proj,1724,82.282
o_proj,1725,82.163
o_proj,1726,82.103
o_proj,1727,81.953
o_proj,1728,82.336
o_proj,1729,83.04
o_proj,1730,82.537
o_proj,1731,81.627
o_proj,1732,81.501
o_proj,1733,82.519
o_proj,1734,81.837
o_proj,1735,83.271
o_proj,1736,82.15
o_proj,1737,81.795
o_proj,1738,82.68
o_proj,1739,81.869
o_proj,1740,81.551
o_proj,1741,82.496
o_proj,1742,81.877
o_proj,1743,82.978
o_proj,1744,87.594
o_proj,1745,81.94
o_proj,1746,83.206
o_proj,1747,82.988
o_proj,1748,82.139
o_proj,1749,83.458
o_proj,1750,82.519
o_proj,1751,81.935
o_proj,1752,81.584
o_proj,1753,82.935
o_proj,1754,81.446
o_proj,1755,83.632
o_proj,1756,82.838
o_proj,1757,81.777
o_proj,1758,81.737
o_proj,1759,82.587
o_proj,1760,87.345
o_proj,1761,81.906
o_proj,1762,82.542
o_proj,1763,81.773
o_proj,1764,81.98
o_proj,1765,82.27
o_proj,1766,81.736
o_proj,1767,82.96
o_proj,1768,82.721
o_proj,1769,81.877
o_proj,1770,83.188
o_proj,1771,82.401
o_proj,1772,81.964
o_proj,1773,83.599
o_proj,1774,82.109
o_proj,1775,82.152
o_proj,1776,82.571
o_proj,1777,82.145
o_proj,1778,82.152
o_proj,1779,82.947
o_proj,1780,82.365
o_proj,1781,83.563
o_proj,1782,83.269
o_proj,1783,82.455
o_proj,1784,83.471
o_proj,1785,83.639
o_proj,1786,82.944
o_proj,1787,81.953
o_proj,1788,82.262
o_proj,1789,83.245
o_proj,1790,82.373
o_proj,1791,83.846
o_proj,1792,78.262
o_proj,1793,82.451
o_proj,1794,82.1
o_proj,1795,83.176
o_proj,1796,83.03
o_proj,1797,81.87
o_proj,1798,83.931
o_proj,1799,82.706
o_proj,1800,82.651
o_proj,1801,82.286
o_proj,1802,82.692
o_proj,1803,83.693
o_proj,1804,82.065
o_proj,1805,83.188
o_proj,1806,83.652
o_proj,1807,82.14
o_proj,1808,83.866
o_proj,1809,82.822
o_proj,1810,82.407
o_proj,1811,83.959
o_proj,1812,82.908
o_proj,1813,83.564
o_proj,1814,82.343
o_proj,1815,84.006
o_proj,1816,83.174
o_proj,1817,82.823
o_proj,1818,83.312
o_proj,1819,82.45
o_proj,1820,83.722
o_proj,1821,83.723
o_proj,1822,82.807
o_proj,1823,82.16
o_proj,1824,86.273
o_proj,1825,86.256
o_proj,1826,86.667
o_proj,1827,86.622
o_proj,1828,86.792
o_proj,1829,85.85
o_proj,1830,86.537
o_proj,1831,88.993
o_proj,1832,90.177
o_proj,1833,86.571
o_proj,1834,87.304
o_proj,1835,86.804
o_proj,1836,87.01
o_proj,1837,90.439
o_proj,1838,89.66
o_proj,1839,86.979
o_proj,1840,85.841
o_proj,1841,85.992
o_proj,1842,85.942
o_proj,1843,86.914
o_proj,1844,86.499
o_proj,1845,85.73
o_proj,1846,86.791
o_proj,1847,88.88
o_proj,1848,87.955
o_proj,1849,86.438
o_proj,1850,86.342
o_proj,1851,85.89
o_proj,1852,86.954
o_proj,1853,87.73
o_proj,1854,87.686
o_proj,1855,87.128
o_proj,1856,88.857
o_proj,1857,86.224
o_proj,1858,87.101
o_proj,1859,87.768
o_proj,1860,87.64
o_proj,1861,86.813
o_proj,1862,86.215
o_proj,1863,86.432
o_proj,1864,86.542
o_proj,1865,87.119
o_proj,1866,87.124
o_proj,1867,87.082
o_proj,1868,86.327
o_proj,1869,87.032
o_proj,1870,86.3
o_proj,1871,86.458
o_proj,1872,86.386
o_proj,1873,87.998
o_proj,1874,86.961
o_proj,1875,87.032
o_proj,1876,87.721
o_proj,1877,88.057
o_proj,1878,86.815
o_proj,1879,86.817
o_proj,1880,88.318
o_proj,1881,87.608
o_proj,1882,88.294
o_proj,1883,86.973
o_proj,1884,88.952
o_proj,1885,87.82
o_proj,1886,88.478
o_proj,1887,89.581
o_proj,1888,88.717
o_proj,1889,88.236
o_proj,1890,88.534
o_proj,1891,88.723
o_proj,1892,89.522
o_proj,1893,87.722
o_proj,1894,86.636
o_proj,1895,86.834
o_proj,1896,88.981
o_proj,1897,87.242
o_proj,1898,86.914
o_proj,1899,89.868
o_proj,1900,87.692
o_proj,1901,88.955
o_proj,1902,90.496
o_proj,1903,88.931
o_proj,1904,88.239
o_proj,1905,88.238
o_proj,1906,88.002
o_proj,1907,87.416
o_proj,1908,88.611
o_proj,1909,88.361
o_proj,1910,88.463
o_proj,1911,88.689
o_proj,1912,88.233
o_proj,1913,88.109
o_proj,1914,88.431
o_proj,1915,88.113
o_proj,1916,89.372
o_proj,1917,88.387
o_proj,1918,88.977
o_proj,1919,89.694
o_proj,1920,88.763
o_proj,1921,89.733
o_proj,1922,90.238
o_proj,1923,88.845
o_proj,1924,89.339
o_proj,1925,90.102
o_proj,1926,89.301
o_proj,1927,88.955
o_proj,1928,89.23
o_proj,1929,90.189
o_proj,1930,90.327
o_proj,1931,88.546
o_proj,1932,89.28
o_proj,1933,90.174
o_proj,1934,89.319
o_proj,1935,89.323
o_proj,1936,98.766
o_proj,1937,88.802
o_proj,1938,89.418
o_proj,1939,88.441
o_proj,1940,88.354
o_proj,1941,89.121
o_proj,1942,89.998
o_proj,1943,89.17
o_proj,1944,88.96
o_proj,1945,88.529
o_proj,1946,90.283
o_proj,1947,90.412
o_proj,1948,89.866
o_proj,1949,88.881
o_proj,1950,88.966
o_proj,1951,90.768
o_proj,1952,92.614
o_proj,1953,89.734
o_proj,1954,89.077
o_proj,1955,88.992
o_proj,1956,88.734
o_proj,1957,90.068
o_proj,1958,89.658
o_proj,1959,89.157
o_proj,1960,88.59
o_proj,1961,89.173
o_proj,1962,90.286
o_proj,1963,89.703
o_proj,1964,90.025
o_proj,1965,89.219
o_proj,1966,89.134
o_proj,1967,89.429
o_proj,1968,93.111
o_proj,1969,89.766
o_proj,1970,88.978
o_proj,1971,88.833
o_proj,1972,89.016
o_proj,1973,90.415
o_proj,1974,89.267
o_proj,1975,90.201
o_proj,1976,88.864
o_proj,1977,89.157
o_proj,1978,90.204
o_proj,1979,90.347
o_proj,1980,89.731
o_proj,1981,89.687
o_proj,1982,89.021
o_proj,1983,90.111
o_proj,1984,93.418
o_proj,1985,92.969
o_proj,1986,92.09
o_proj,1987,92.186
o_proj,1988,92.701
o_proj,1989,93.758
o_proj,1990,93.846
o_proj,1991,92.586
o_proj,1992,94.021
o_proj,1993,91.776
o_proj,1994,92.579
o_proj,1995,93.423
o_proj,1996,93.248
o_proj,1997,92.456
o_proj,1998,92.998
o_proj,1999,92.972
o_proj,2000,93.016
o_proj,2001,93.533
o_proj,2002,93.154
o_proj,2003,92.76
o_proj,2004,93.613
o_proj,2005,92.547
o_proj,2006,92.158
o_proj,2007,93.739
o_proj,2008,93.936
o_proj,2009,93.301
o_proj,2010,92.121
o_proj,2011,92.588
o_proj,2012,92.664
o_proj,2013,93.949
o_proj,2014,93.092
o_proj,2015,93.279
o_proj,2016,93.214
o_proj,2017,92.681
o_proj,2018,92.565
o_proj,2019,93.78
o_proj,2020,92.97
o_proj,2021,93.094
o_proj,2022,92.723
o_proj,2023,93.708
o_proj,2024,92.869
o_proj,2025,93.679
o_proj,2026,92.895
o_proj,2027,92.663
o_proj,2028,92.659
o_proj,2029,94.017
o_proj,2030,94.539
o_proj,2031,93.926
o_proj,2032,94.22
o_proj,2033,94.063
o_proj,2034,92.594
o_proj,2035,93.77
o_proj,2036,92.406
o_proj,2037,93.071
o_proj,2038,93.995
o_proj,2039,93.914
o_proj,2040,93.815
o_proj,2041,93.128
o_proj,2042,92.908
o_proj,2043,92.836
o_proj,2044,92.653
o_proj,2045,92.682
o_proj,2046,94.255
o_proj,2047,93.528
o_proj,2048,93.676
qkv_proj,1,30.991
qkv_proj,2,31.356
qkv_proj,3,31.385
qkv_proj,4,31.463
qkv_proj,5,31.763
qkv_proj,6,31.808
qkv_proj,7,31.963
qkv_proj,8,31.977
qkv_proj,9,31.997
qkv_proj,10,31.964
qkv_proj,11,31.845
qkv_proj,12,32.27
qkv_proj,13,32.335
qkv_proj,14,32.272
qkv_proj,15,32.077
qkv_proj,16,32.517
qkv_proj,17,32.849
qkv_proj,18,33.141
qkv_proj,19,33.202
qkv_proj,20,33.15
qkv_proj,21,33.123
qkv_proj,22,33.206
qkv_proj,23,33.06
qkv_proj,24,33.272
qkv_proj,25,33.545
qkv_proj,26,33.324
qkv_proj,27,33.649
qkv_proj,28,33.408
qkv_proj,29,33.687
qkv_proj,30,33.382
qkv_proj,31,33.75
qkv_proj,32,33.882
qkv_proj,33,33.766
qkv_proj,34,33.75
qkv_proj,35,33.926
qkv_proj,36,33.83
qkv_proj,37,33.993
qkv_proj,38,33.77
qkv_proj,39,33.854
qkv_proj,40,33.846
qkv_proj,41,33.954
qkv_proj,42,33.993
qkv_proj,43,34.086
qkv_proj,44,34.144
qkv_proj,45,33.929
qkv_proj,46,33.996
qkv_proj,47,34.017
qkv_proj,48,34.083
qkv_proj,49,34.063
qkv_proj,50,34.195
qkv_proj,51,34.08
qkv_proj,52,34.105
qkv_proj,53,34.279
qkv_proj,54,34.169
qkv_proj,55,34.168
qkv_proj,56,34.214
qkv_proj,57,34.295
qkv_proj,58,34.314
qkv_proj,59,34.304
qkv_proj,60,34.442
qkv_proj,61,34.47
qkv_proj,62,34.574
qkv_proj,63,34.538
qkv_proj,64,34.581
qkv_proj,65,35.099
qkv_proj,66,35.256
qkv_proj,67,35.414
qkv_proj,68,35.277
qkv_proj,69,35.33
qkv_proj,70,35.195
qkv_proj,71,35.414
qkv_proj,72,35.214
qkv_proj,73,35.859
qkv_proj,74,36.042
qkv_proj,75,36.149
qkv_proj,76,36.196
qkv_proj,77,36.249
qkv_proj,78,36.348
qkv_proj,79,36.283
qkv_proj,80,36.098
qkv_proj,81,35.887
qkv_proj,82,35.937
qkv_proj,83,36.013
qkv_proj,84,36.001
qkv_proj,85,36.003
qkv_proj,86,36.042
qkv_proj,87,36.015
qkv_proj,88,36.036
qkv_proj,89,36.217
qkv_proj,90,36.243
qkv_proj,91,36.209
qkv_proj,92,36.189
qkv_proj,93,36.272
qkv_proj,94,36.222
qkv_proj,95,36.294
qkv_proj,96,36.53
qkv_proj,97,36.151
qkv_proj,98,36.052
qkv_proj,99,36.302
qkv_proj,100,36.372
qkv_proj,101,36.289
qkv_proj,102,36.277
qkv_proj,103,36.315
qkv_proj,104,38.654
qkv_proj,105,37.137
qkv_proj,106,37.024
qkv_proj,107,37.043
qkv_proj,108,37.168
qkv_proj,109,37.214
qkv_proj,110,38.234
qkv_proj,111,38.121
qkv_proj,112,40.177
qkv_proj,113,38.207
qkv_proj,114,38.253
qkv_proj,115,38.216
qkv_proj,116,38.29
qkv_proj,117,38.309
qkv_proj,118,38.347
qkv_proj,119,38.507
qkv_proj,120,38.381
qkv_proj,121,37.713
qkv_proj,122,37.67
qkv_proj,123,37.642
qkv_proj,124,37.659
qkv_proj,125,37.677
qkv_proj,126,37.627
qkv_proj,127,37.681
qkv_proj,128,37.876
qkv_proj,129,40.96
qkv_proj,130,41.224
qkv_proj,131,41.04
qkv_proj,132,40.934
qkv_proj,133,40.964
qkv_proj,134,41.171
qkv_proj,135,41.081
qkv_proj,136,41.056
qkv_proj,137,41.021
qkv_proj,138,40.944
qkv_proj,139,41.0
qkv_proj,140,41.027
qkv_proj,141,41.071
qkv_proj,142,40.962
qkv_proj,143,41.058
qkv_proj,144,39.305
qkv_proj,145,39.633
qkv_proj,146,39.902
qkv_proj,147,40.228
qkv_proj,148,39.849
qkv_proj,149,39.816
qkv_proj,150,39.793
qkv_proj,151,39.885
qkv_proj,152,39.768
qkv_proj,153,39.679
qkv_proj,154,39.284
qkv_proj,155,39.203
qkv_proj,156,39.13
qkv_proj,157,39.467
qkv_proj,158,39.531
qkv_proj,159,39.228
qkv_proj,160,43.631
qkv_proj,161,40.832
qkv_proj,162,40.7
qkv_proj,163,40.652
qkv_proj,164,40.756
qkv_proj,165,40.795
qkv_proj,166,40.683
qkv_proj,167,40.906
qkv_proj,168,40.769
qkv_proj,169,41.122
qkv_proj,170,41.109
qkv_proj,171,41.046
qkv_proj,172,41.121
qkv_proj,173,40.897
qkv_proj,174,41.003
qkv_proj,175,40.98
qkv_proj,176,42.647
qkv_proj,177,42.128
qkv_proj,178,42.705
qkv_proj,179,42.539
qkv_proj,180,42.062
qkv_proj,181,41.637
qkv_proj,182,41.976
qkv_proj,183,41.927
qkv_proj,184,41.575
qkv_proj,185,41.762
qkv_proj,186,41.556
qkv_proj,187,41.415
qkv_proj,188,41.548
qkv_proj,189,41.539
qkv_proj,190,41.396
qkv_proj,191,41.32
qkv_proj,192,41.312
qkv_proj,193,41.952
qkv_proj,194,41.928
qkv_proj,195,41.821
qkv_proj,196,41.738
qkv_proj,197,41.97
qkv_proj,198,42.083
qkv_proj,199,41.796
qkv_proj,200,41.85
qkv_proj,201,46.628
qkv_proj,202,46.849
qkv_proj,203,46.54
qkv_proj,204,46.775
qkv_proj,205,46.454
qkv_proj,206,46.74
qkv_proj,207,46.555
qkv_proj,208,43.858
qkv_proj,209,48.183
qkv_proj,210,48.482
qkv_proj,211,48.371
qkv_proj,212,47.568
qkv_proj,213,47.627
qkv_proj,214,47.558
qkv_proj,215,47.503
qkv_proj,216,43.756
qkv_proj,217,43.411
qkv_proj,218,43.305
qkv_proj,219,43.474
qkv_proj,220,43.115
qkv_proj,221,43.599
qkv_proj,222,43.356
qkv_proj,223,43.265
qkv_proj,224,49.007
qkv_proj,225,49.417
qkv_proj,226,49.434
qkv_proj,227,49.746
qkv_proj,228,49.043
qkv_proj,229,48.079
qkv_proj,230,47.94
qkv_proj,231,47.975
qkv_proj,232,45.178
qkv_proj,233,47.361
qkv_proj,234,47.063
qkv_proj,235,47.505
qkv_proj,236,46.554
qkv_proj,237,46.83
qkv_proj,238,46.36
qkv_proj,239,46.593
qkv_proj,240,43.477
qkv_proj,241,42.5
qkv_proj,242,42.311
qkv_proj,243,42.608
qkv_proj,244,42.156
qkv_proj,245,42.374
qkv_proj,246,42.222
qkv_proj,247,42.326
qkv_proj,248,41.649
qkv_proj,249,41.596
qkv_proj,250,41.652
qkv_proj,251,41.741
qkv_proj,252,41.653
qkv_proj,253,41.701
qkv_proj,254,41.547
qkv_proj,255,41.598
qkv_proj,256,41.65
qkv_proj,257,44.785
qkv_proj,258,44.739
qkv_proj,259,44.792
qkv_proj,260,44.61
qkv_proj,261,44.768
qkv_proj,262,44.657
qkv_proj,263,44.491
qkv_proj,264,44.548
qkv_proj,265,46.657
qkv_proj,266,46.872
qkv_proj,267,46.634
qkv_proj,268,46.097
qkv_proj,269,46.171
qkv_proj,270,46.277
qkv_proj,271,45.693
qkv_proj,272,47.115
qkv_proj,273,45.612
qkv_proj,274,45.263
qkv_proj,275,44.881
qkv_proj,276,45.098
qkv_proj,277,44.947
qkv_proj,278,45.065
qkv_proj,279,44.758
qkv_proj,280,44.538
qkv_proj,281,44.589
qkv_proj,282,44.728
qkv_proj,283,44.694
qkv_proj,284,44.686
qkv_proj,285,44.603
qkv_proj,286,44.68
qkv_proj,287,44.589
qkv_proj,288,50.403
qkv_proj,289,52.106
qkv_proj,290,52.098
qkv_proj,291,51.946
qkv_proj,292,51.62
qkv_proj,293,51.671
qkv_proj,294,51.592
qkv_proj,295,51.325
qkv_proj,296,50.784
qkv_proj,297,51.591
qkv_proj,298,51.043
qkv_proj,299,51.522
qkv_proj,300,50.811
qkv_proj,301,50.658
qkv_proj,302,50.651
qkv_proj,303,49.934
qkv_proj,304,49.702
qkv_proj,305,49.772
qkv_proj,306,48.76
qkv_proj,307,49.896
qkv_proj,308,48.927
qkv_proj,309,48.696
qkv_proj,310,48.733
qkv_proj,311,48.865
qkv_proj,312,48.318
qkv_proj,313,48.38
qkv_proj,314,48.298
qkv_proj,315,48.366
qkv_proj,316,48.326
qkv_proj,317,48.331
qkv_proj,318,48.188
qkv_proj,319,48.803
qkv_proj,320,53.087
qkv_proj,321,49.351
qkv_proj,322,49.13
qkv_proj,323,49.08
qkv_proj,324,49.071
qkv_proj,325,49.062
qkv_proj,326,49.251
qkv_proj,327,49.217
qkv_proj,328,49.206
qkv_proj,329,49.578
qkv_proj,330,49.262
qkv_proj,331,49.367
qkv_proj,332,49.091
qkv_proj,333,49.344
qkv_proj,334,49.521
qkv_proj,335,49.105
qkv_proj,336,49.083
qkv_proj,337,47.7
qkv_proj,338,47.767
qkv_proj,339,47.322
qkv_proj,340,47.344
qkv_proj,341,47.489
qkv_proj,342,47.322
qkv_proj,343,46.91
qkv_proj,344,45.916
qkv_proj,345,45.838
qkv_proj,346,45.858
qkv_proj,347,45.924
qkv_proj,348,45.95
qkv_proj,349,45.52
qkv_proj,350,45.953
qkv_proj,351,45.349
qkv_proj,352,51.636
qkv_proj,353,61.105
qkv_proj,354,61.819
qkv_proj,355,61.294
qkv_proj,356,60.187
qkv_proj,357,60.191
qkv_proj,358,59.641
qkv_proj,359,60.874
qkv_proj,360,52.968
qkv_proj,361,51.417
qkv_proj,362,51.388
qkv_proj,363,51.412
qkv_proj,364,51.052
qkv_proj,365,51.256
qkv_proj,366,50.6
qkv_proj,367,50.403
qkv_proj,368,50.04
qkv_proj,369,49.874
qkv_proj,370,50.055
qkv_proj,371,48.842
qkv_proj,372,49.36
qkv_proj,373,48.207
qkv_proj,374,48.731
qkv_proj,375,48.264
qkv_proj,376,47.424
qkv_proj,377,47.149
qkv_proj,378,47.891
qkv_proj,379,47.511
qkv_proj,380,47.749
qkv_proj,381,47.611
qkv_proj,382,48.61
qkv_proj,383,47.311
qkv_proj,384,54.528
qkv_proj,385,57.228
qkv_proj,386,56.613
qkv_proj,387,57.091
qkv_proj,388,56.155
qkv_proj,389,56.3
qkv_proj,390,56.303
qkv_proj,391,55.998
qkv_proj,392,55.534
qkv_proj,393,55.658
qkv_proj,394,55.851
qkv_proj,395,55.742
qkv_proj,396,55.48
qkv_proj,397,54.994
qkv_proj,398,55.476
qkv_proj,399,54.787
qkv_proj,400,58.766
qkv_proj,401,52.575
qkv_proj,402,52.138
qkv_proj,403,52.476
qkv_proj,404,51.914
qkv_proj,405,52.066
qkv_proj,406,51.75
qkv_proj,407,51.708
qkv_proj,408,50.878
qkv_proj,409,50.967
qkv_proj,410,50.818
qkv_proj,411,51.007
qkv_proj,412,50.493
qkv_proj,413,50.214
qkv_proj,414,50.71
qkv_proj,415,50.05
qkv_proj,416,54.96
qkv_proj,417,58.334
qkv_proj,418,57.552
qkv_proj,419,58.114
qkv_proj,420,57.323
qkv_proj,421,58.052
qkv_proj,422,57.551
qkv_proj,423,58.327
qkv_proj,424,57.335
qkv_proj,425,57.846
qkv_proj,426,57.778
qkv_proj,427,57.277
qkv_proj,428,57.409
qkv_proj,429,57.88
qkv_proj,430,57.82
qkv_proj,431,57.584
qkv_proj,432,56.574
qkv_proj,433,52.817
qkv_proj,434,53.266
qkv_proj,435,52.478
qkv_proj,436,52.209
qkv_proj,437,52.385
qkv_proj,438,52.799
qkv_proj,439,51.737
qkv_proj,440,50.742
qkv_proj,441,51.087
qkv_proj,442,51.402
qkv_proj,443,51.189
qkv_proj,444,50.48
qkv_proj,445,50.502
qkv_proj,446,50.784
qkv_proj,447,49.197
qkv_proj,448,53.337
qkv_proj,449,63.897
qkv_proj,450,63.791
qkv_proj,451,63.523
qkv_proj,452,63.821
qkv_proj,453,63.202
qkv_proj,454,63.942
qkv_proj,455,63.112
qkv_proj,456,63.089
qkv_proj,457,58.582
qkv_proj,458,58.685
qkv_proj,459,58.631
qkv_proj,460,58.707
qkv_proj,461,57.597
qkv_proj,462,58.239
qkv_proj,463,57.823
qkv_proj,464,66.041
qkv_proj,465,57.598
qkv_proj,466,57.282
qkv_proj,467,57.402
qkv_proj,468,57.158
qkv_proj,469,56.871
qkv_proj,470,56.751
qkv_proj,471,56.514
qkv_proj,472,56.229
qkv_proj,473,56.175
qkv_proj,474,55.911
qkv_proj,475,56.235
qkv_proj,476,55.361
qkv_proj,477,55.919
qkv_proj,478,55.369
qkv_proj,479,55.329
qkv_proj,480,59.808
qkv_proj,481,64.07
qkv_proj,482,66.114
qkv_proj,483,64.188
qkv_proj,484,64.618
qkv_proj,485,63.57
qkv_proj,486,64.674
qkv_proj,487,62.894
qkv_proj,488,63.338
qkv_proj,489,63.362
qkv_proj,490,63.287
qkv_proj,491,63.36
qkv_proj,492,63.144
qkv_proj,493,62.846
qkv_proj,494,62.78
qkv_proj,495,62.735
qkv_proj,496,54.249
qkv_proj,497,61.816
qkv_proj,498,61.683
qkv_proj,499,62.232
qkv_proj,500,60.746
qkv_proj,501,61.716
qkv_proj,502,60.044
qkv_proj,503,60.675
qkv_proj,504,58.507
qkv_proj,505,51.939
qkv_proj,506,50.6
qkv_proj,507,51.718
qkv_proj,508,50.694
qkv_proj,509,50.656
qkv_proj,510,50.447
qkv_proj,511,50.72
qkv_proj,512,49.664
qkv_proj,513,60.267
qkv_proj,514,59.948
qkv_proj,515,59.734
qkv_proj,516,59.557
qkv_proj,517,60.029
qkv_proj,518,59.564
qkv_proj,519,59.414
qkv_proj,520,58.262
qkv_proj,521,58.757
qkv_proj,522,58.126
qkv_proj,523,58.128
qkv_proj,524,58.083
qkv_proj,525,57.862
qkv_proj,526,57.753
qkv_proj,527,57.715
qkv_proj,528,55.906
qkv_proj,529,63.989
qkv_proj,530,64.022
qkv_proj,531,63.996
qkv_proj,532,64.006
qkv_proj,533,63.865
qkv_proj,534,63.457
qkv_proj,535,63.456
qkv_proj,536,56.415
qkv_proj,537,62.458
qkv_proj,538,62.602
qkv_proj,539,62.451
qkv_proj,540,62.145
qkv_proj,541,62.476
qkv_proj,542,62.777
qkv_proj,543,62.339
qkv_proj,544,59.238
qkv_proj,545,66.223
qkv_proj,546,66.398
qkv_proj,547,65.852
qkv_proj,548,65.869
qkv_proj,549,65.76
qkv_proj,550,64.671
qkv_proj,551,65.823
qkv_proj,552,64.087
qkv_proj,553,63.755
qkv_proj,554,63.472
qkv_proj,555,64.155
qkv_proj,556,63.919
qkv_proj,557,63.36
qkv_proj,558,63.018
qkv_proj,559,63.479
qkv_proj,560,58.894
qkv_proj,561,66.271
qkv_proj,562,65.841
qkv_proj,563,66.829
qkv_proj,564,65.451
qkv_proj,565,65.367
qkv_proj,566,65.906
qkv_proj,567,65.875
qkv_proj,568,61.118
qkv_proj,569,64.392
qkv_proj,570,64.497
qkv_proj,571,64.68
qkv_proj,572,64.329
qkv_proj,573,64.309
qkv_proj,574,64.256
qkv_proj,575,64.256
qkv_proj,576,72.146
qkv_proj,577,65.021
qkv_proj,578,64.851
qkv_proj,579,65.571
qkv_proj,580,64.514
qkv_proj,581,64.959
qkv_proj,582,64.817
qkv_proj,583,64.533
qkv_proj,584,70.68
qkv_proj,585,64.114
qkv_proj,586,63.974
qkv_proj,587,64.292
qkv_proj,588,63.766
qkv_proj,589,64.145
qkv_proj,590,64.438
qkv_proj,591,64.109
qkv_proj,592,69.464
qkv_proj,593,62.531
qkv_proj,594,62.463
qkv_proj,595,62.719
qkv_proj,596,61.748
qkv_proj,597,62.28
qkv_proj,598,61.879
qkv_proj,599,59.834
qkv_proj,600,67.808
qkv_proj,601,58.92
qkv_proj,602,57.779
qkv_proj,603,58.722
qkv_proj,604,57.619
qkv_proj,605,57.036
qkv_proj,606,56.826
qkv_proj,607,57.01
qkv_proj,608,67.288
qkv_proj,609,69.996
qkv_proj,610,66.713
qkv_proj,611,70.049
qkv_proj,612,67.014
qkv_proj,613,69.295
qkv_proj,614,66.505
qkv_proj,615,69.842
qkv_proj,616,62.566
qkv_proj,617,69.257
qkv_proj,618,67.995
qkv_proj,619,68.377
qkv_proj,620,68.307
qkv_proj,621,68.346
qkv_proj,622,68.163
qkv_proj,623,68.156
qkv_proj,624,63.213
qkv_proj,625,67.969
qkv_proj,626,67.773
qkv_proj,627,67.228
qkv_proj,628,67.972
qkv_proj,629,67.871
qkv_proj,630,67.655
qkv_proj,631,67.282
qkv_proj,632,61.678
qkv_proj,633,67.466
qkv_proj,634,69.353
qkv_proj,635,66.877
qkv_proj,636,68.394
qkv_proj,637,67.268
qkv_proj,638,68.156
qkv_proj,639,67.585
qkv_proj,640,61.087
qkv_proj,641,69.309
qkv_proj,642,69.081
qkv_proj,643,69.219
qkv_proj,644,69.075
qkv_proj,645,68.636
qkv_proj,646,68.435
qkv_proj,647,68.776
qkv_proj,648,67.753
qkv_proj,649,67.319
qkv_proj,650,66.732
qkv_proj,651,67.285
qkv_proj,652,66.615
qkv_proj,653,68.037
qkv_proj,654,66.739
qkv_proj,655,67.418
qkv_proj,656,63.323
qkv_proj,657,65.223
qkv_proj,658,65.588
qkv_proj,659,65.357
qkv_proj,660,65.875
qkv_proj,661,65.414
qkv_proj,662,65.668
qkv_proj,663,65.053
qkv_proj,664,63.542
qkv_proj,665,64.696
qkv_proj,666,64.933
qkv_proj,667,64.144
qkv_proj,668,64.571
qkv_proj,669,64.198
qkv_proj,670,64.244
qkv_proj,671,63.767
qkv_proj,672,63.606
qkv_proj,673,67.997
qkv_proj,674,67.488
qkv_proj,675,67.742
qkv_proj,676,67.456
qkv_proj,677,66.877
qkv_proj,678,66.917
qkv_proj,679,66.255
qkv_proj,680,64.551
qkv_proj,681,65.307
qkv_proj,682,64.916
qkv_proj,683,64.53
qkv_proj,684,64.24
qkv_proj,685,64.388
qkv_proj,686,64.459
qkv_proj,687,63.349
qkv_proj,688,65.445
qkv_proj,689,62.357
qkv_proj,690,62.053
qkv_proj,691,62.469
qkv_proj,692,61.672
qkv_proj,693,61.848
qkv_proj,694,61.545
qkv_proj,695,61.732
qkv_proj,696,60.611
qkv_proj,697,60.358
qkv_proj,698,61.057
qkv_proj,699,60.44
qkv_proj,700,60.274
qkv_proj,701,60.722
qkv_proj,702,60.381
qkv_proj,703,60.3
qkv_proj,704,75.095
qkv_proj,705,81.622
qkv_proj,706,81.987
qkv_proj,707,81.721
qkv_proj,708,88.577
qkv_proj,709,81.426
qkv_proj,710,81.873
qkv_proj,711,81.176
qkv_proj,712,87.11
qkv_proj,713,80.734
qkv_proj,714,80.341
qkv_proj,715,80.674
qkv_proj,716,86.309
qkv_proj,717,80.891
qkv_proj,718,80.245
qkv_proj,719,80.598
qkv_proj,720,80.143
qkv_proj,721,77.012
qkv_proj,722,77.512
qkv_proj,723,77.478
qkv_proj,724,77.35
qkv_proj,725,76.563
qkv_proj,726,77.402
qkv_proj,727,76.634
qkv_proj,728,76.016
qkv_proj,729,76.269
qkv_proj,730,76.535
qkv_proj,731,75.976
qkv_proj,732,76.181
qkv_proj,733,75.569
qkv_proj,734,75.119
qkv_proj,735,75.049
qkv_proj,736,75.234
qkv_proj,737,75.731
qkv_proj,738,76.217
qkv_proj,739,75.543
qkv_proj,740,75.195
qkv_proj,741,74.633
qkv_proj,742,74.597
qkv_proj,743,74.846
qkv_proj,744,72.953
qkv_proj,745,72.758
qkv_proj,746,73.098
qkv_proj,747,73.476
qkv_proj,748,73.7
qkv_proj,749,72.252
qkv_proj,750,72.609
qkv_proj,751,72.964
qkv_proj,752,69.506
qkv_proj,753,71.021
qkv_proj,754,69.43
qkv_proj,755,70.661
qkv_proj,756,69.004
qkv_proj,757,69.558
qkv_proj,758,70.042
qkv_proj,759,68.623
qkv_proj,760,67.85
qkv_proj,761,65.625
qkv_proj,762,66.216
qkv_proj,763,65.745
qkv_proj,764,65.729
qkv_proj,765,65.658
qkv_proj,766,65.054
qkv_proj,767,64.937
qkv_proj,768,74.541
qkv_proj,769,73.078
qkv_proj,770,72.596
qkv_proj,771,73.201
qkv_proj,772,73.109
qkv_proj,773,72.749
qkv_proj,774,72.288
qkv_proj,775,72.026
qkv_proj,776,71.3
qkv_proj,777,71.612
qkv_proj,778,70.767
qkv_proj,779,71.492
qkv_proj,780,71.073
qkv_proj,781,71.681
qkv_proj,782,70.343
qkv_proj,783,70.92
qkv_proj,784,67.687
qkv_proj,785,69.421
qkv_proj,786,69.783
qkv_proj,787,69.551
qkv_proj,788,69.55
qkv_proj,789,68.974
qkv_proj,790,69.15
qkv_proj,791,68.621
qkv_proj,792,68.603
qkv_proj,793,78.895
qkv_proj,794,79.229
qkv_proj,795,78.259
qkv_proj,796,78.406
qkv_proj,797,77.901
qkv_proj,798,78.071
qkv_proj,799,78.653
qkv_proj,800,84.014
qkv_proj,801,78.976
qkv_proj,802,78.23
qkv_proj,803,78.694
qkv_proj,804,78.105
qkv_proj,805,77.566
qkv_proj,806,77.826
qkv_proj,807,77.493
qkv_proj,808,76.305
qkv_proj,809,76.247
qkv_proj,810,75.978
qkv_proj,811,76.377
qkv_proj,812,75.852
qkv_proj,813,75.357
qkv_proj,814,75.064
qkv_proj,815,75.096
qkv_proj,816,77.908
qkv_proj,817,67.987
qkv_proj,818,67.877
qkv_proj,819,68.016
qkv_proj,820,68.215
qkv_proj,821,67.569
qkv_proj,822,67.275
qkv_proj,823,66.035
qkv_proj,824,65.801
qkv_proj,825,65.549
qkv_proj,826,66.073
qkv_proj,827,65.808
qkv_proj,828,65.569
qkv_proj,829,65.269
qkv_proj,830,65.617
qkv_proj,831,65.244
qkv_proj,832,70.3
qkv_proj,833,79.759
qkv_proj,834,80.325
qkv_proj,835,80.021
qkv_proj,836,79.488
qkv_proj,837,79.252
qkv_proj,838,79.965
qkv_proj,839,79.854
qkv_proj,840,73.466
qkv_proj,841,83.535
qkv_proj,842,83.558
qkv_proj,843,83.799
qkv_proj,844,86.717
qkv_proj,845,84.015
qkv_proj,846,85.159
qkv_proj,847,83.865
qkv_proj,848,82.189
qkv_proj,849,84.416
qkv_proj,850,84.825
qkv_proj,851,86.258
qkv_proj,852,84.387
qkv_proj,853,85.465
qkv_proj,854,85.824
qkv_proj,855,84.379
qkv_proj,856,84.04
qkv_proj,857,86.58
qkv_proj,858,84.742
qkv_proj,859,85.791
qkv_proj,860,85.009
qkv_proj,861,83.71
qkv_proj,862,84.161
qkv_proj,863,85.02
qkv_proj,864,80.97
qkv_proj,865,79.839
qkv_proj,866,78.644
qkv_proj,867,79.108
qkv_proj,868,78.591
qkv_proj,869,78.616
qkv_proj,870,78.315
qkv_proj,871,77.641
qkv_proj,872,76.352
qkv_proj,873,77.118
qkv_proj,874,76.476
qkv_proj,875,75.747
qkv_proj,876,75.733
qkv_proj,877,75.289
qkv_proj,878,75.727
qkv_proj,879,74.887
qkv_proj,880,70.625
qkv_proj,881,73.338
qkv_proj,882,72.313
qkv_proj,883,73.953
qkv_proj,884,72.583
qkv_proj,885,72.727
qkv_proj,886,72.165
qkv_proj,887,72.076
qkv_proj,888,71.621
qkv_proj,889,71.528
qkv_proj,890,71.917
qkv_proj,891,71.263
qkv_proj,892,71.497
qkv_proj,893,71.185
qkv_proj,894,71.241
qkv_proj,895,70.629
qkv_proj,896,70.78
qkv_proj,897,83.427
qkv_proj,898,83.72
qkv_proj,899,83.103
qkv_proj,900,82.834
qkv_proj,901,83.176
qkv_proj,902,83.227
qkv_proj,903,82.912
qkv_proj,904,82.697
qkv_proj,905,81.526
qkv_proj,906,81.669
qkv_proj,907,81.425
qkv_proj,908,81.727
qkv_proj,909,80.893
qkv_proj,910,82.195
qkv_proj,911,81.093
qkv_proj,912,91.614
qkv_proj,913,80.491
qkv_proj,914,79.152
qkv_proj,915,80.308
qkv_proj,916,78.958
qkv_proj,917,80.664
qkv_proj,918,79.284
qkv_proj,919,77.769
qkv_proj,920,76.707
qkv_proj,921,73.147
qkv_proj,922,72.298
qkv_proj,923,72.761
qkv_proj,924,72.882
qkv_proj,925,72.806
qkv_proj,926,71.973
qkv_proj,927,72.816
qkv_proj,928,84.916
qkv_proj,929,70.829
qkv_proj,930,70.097
qkv_proj,931,70.166
qkv_proj,932,70.224
qkv_proj,933,70.888
qkv_proj,934,70.435
qkv_proj,935,70.87
qkv_proj,936,70.166
qkv_proj,937,75.933
qkv_proj,938,75.097
qkv_proj,939,74.941
qkv_proj,940,75.583
qkv_proj,941,75.913
qkv_proj,942,75.847
qkv_proj,943,74.911
qkv_proj,944,90.025
qkv_proj,945,75.187
qkv_proj,946,75.123
qkv_proj,947,75.625
qkv_proj,948,75.005
qkv_proj,949,75.257
qkv_proj,950,76.371
qkv_proj,951,75.15
qkv_proj,952,76.136
qkv_proj,953,76.061
qkv_proj,954,75.232
qkv_proj,955,76.357
qkv_proj,956,76.025
qkv_proj,957,75.345
qkv_proj,958,75.782
qkv_proj,959,76.051
qkv_proj,960,78.045
qkv_proj,961,79.673
qkv_proj,962,79.417
qkv_proj,963,79.855
qkv_proj,964,77.269
qkv_proj,965,76.87
qkv_proj,966,76.981
qkv_proj,967,76.868
qkv_proj,968,75.541
qkv_proj,969,84.16
qkv_proj,970,81.844
qkv_proj,971,83.253
qkv_proj,972,81.723
qkv_proj,973,84.421
qkv_proj,974,83.369
qkv_proj,975,82.88
qkv_proj,976,79.744
qkv_proj,977,82.951
qkv_proj,978,81.329
qkv_proj,979,81.282
qkv_proj,980,82.034
qkv_proj,981,80.865
qkv_proj,982,80.693
qkv_proj,983,80.735
qkv_proj,984,80.52
qkv_proj,985,80.559
qkv_proj,986,80.564
qkv_proj,987,80.338
qkv_proj,988,80.432
qkv_proj,989,80.786
qkv_proj,990,80.32
qkv_proj,991,80.208
qkv_proj,992,80.578
qkv_proj,993,79.653
qkv_proj,994,78.563
qkv_proj,995,79.198
qkv_proj,996,78.724
qkv_proj,997,79.128
qkv_proj,998,79.557
qkv_proj,999,79.453
qkv_proj,1000,78.597
qkv_proj,1001,79.642
qkv_proj,1002,79.621
qkv_proj,1003,78.917
qkv_proj,1004,79.664
qkv_proj,1005,78.952
qkv_proj,1006,79.19
qkv_proj,1007,79.755
qkv_proj,1008,78.869
qkv_proj,1009,77.775
qkv_proj,1010,77.445
qkv_proj,1011,77.559
qkv_proj,1012,77.231
qkv_proj,1013,77.346
qkv_proj,1014,76.883
qkv_proj,1015,76.658
qkv_proj,1016,75.884
qkv_proj,1017,75.984
qkv_proj,1018,75.978
qkv_proj,1019,75.891
qkv_proj,1020,75.773
qkv_proj,1021,75.998
qkv_proj,1022,75.484
qkv_proj,1023,76.037
qkv_proj,1024,75.861
qkv_proj,1025,78.547
qkv_proj,1026,77.456
qkv_proj,1027,77.939
qkv_proj,1028,77.74
qkv_proj,1029,77.828
qkv_proj,1030,78.792
qkv_proj,1031,77.918
qkv_proj,1032,80.081
qkv_proj,1033,81.564
qkv_proj,1034,81.212
qkv_proj,1035,81.351
qkv_proj,1036,81.023
qkv_proj,1037,81.502
qkv_proj,1038,81.033
qkv_proj,1039,80.946
qkv_proj,1040,92.523
qkv_proj,1041,80.605
qkv_proj,1042,80.118
qkv_proj,1043,80.135
qkv_proj,1044,80.737
qkv_proj,1045,81.176
qkv_proj,1046,79.763
qkv_proj,1047,81.307
qkv_proj,1048,80.059
qkv_proj,1049,80.222
qkv_proj,1050,81.521
qkv_proj,1051,80.063
qkv_proj,1052,80.54
qkv_proj,1053,81.111
qkv_proj,1054,80.41
qkv_proj,1055,80.454
qkv_proj,1056,88.163
qkv_proj,1057,81.121
qkv_proj,1058,82.266
qkv_proj,1059,80.852
qkv_proj,1060,81.354
qkv_proj,1061,80.885
qkv_proj,1062,81.154
qkv_proj,1063,80.652
qkv_proj,1064,81.508
qkv_proj,1065,77.987
qkv_proj,1066,77.405
qkv_proj,1067,77.3
qkv_proj,1068,77.411
qkv_proj,1069,78.122
qkv_proj,1070,77.579
qkv_proj,1071,78.064
qkv_proj,1072,83.556
qkv_proj,1073,77.455
qkv_proj,1074,77.983
qkv_proj,1075,77.644
qkv_proj,1076,77.413
qkv_proj,1077,77.944
qkv_proj,1078,77.594
qkv_proj,1079,78.296
qkv_proj,1080,78.304
qkv_proj,1081,82.081
qkv_proj,1082,80.673
qkv_proj,1083,81.847
qkv_proj,1084,80.672
qkv_proj,1085,80.156
qkv_proj,1086,80.836
qkv_proj,1087,81.551
qkv_proj,1088,87.942
qkv_proj,1089,93.517
qkv_proj,1090,94.067
qkv_proj,1091,93.032
qkv_proj,1092,94.245
qkv_proj,1093,93.879
qkv_proj,1094,94.103
qkv_proj,1095,92.342
qkv_proj,1096,91.941
qkv_proj,1097,91.805
qkv_proj,1098,90.716
qkv_proj,1099,90.976
qkv_proj,1100,90.237
qkv_proj,1101,90.0
qkv_proj,1102,90.589
qkv_proj,1103,90.629
qkv_proj,1104,83.176
qkv_proj,1105,83.527
qkv_proj,1106,83.123
qkv_proj,1107,83.624
qkv_proj,1108,84.064
qkv_proj,1109,83.473
qkv_proj,1110,84.316
qkv_proj,1111,83.998
qkv_proj,1112,83.796
qkv_proj,1113,84.088
qkv_proj,1114,84.619
qkv_proj,1115,83.713
qkv_proj,1116,84.31
qkv_proj,1117,83.431
qkv_proj,1118,84.017
qkv_proj,1119,83.361
qkv_proj,1120,86.069
qkv_proj,1121,84.284
qkv_proj,1122,85.42
qkv_proj,1123,84.714
qkv_proj,1124,85.471
qkv_proj,1125,84.137
qkv_proj,1126,84.951
qkv_proj,1127,84.19
qkv_proj,1128,85.018
qkv_proj,1129,84.123
qkv_proj,1130,84.6
qkv_proj,1131,84.339
qkv_proj,1132,84.914
qkv_proj,1133,84.224
qkv_proj,1134,84.697
qkv_proj,1135,84.425
qkv_proj,1136,84.957
qkv_proj,1137,85.488
qkv_proj,1138,85.061
qkv_proj,1139,84.37
qkv_proj,1140,85.224
qkv_proj,1141,85.491
qkv_proj,1142,84.179
qkv_proj,1143,84.598
qkv_proj,1144,85.057
qkv_proj,1145,85.556
qkv_proj,1146,84.335
qkv_proj,1147,85.466
qkv_proj,1148,84.95
qkv_proj,1149,84.325
qkv_proj,1150,84.264
qkv_proj,1151,85.585
qkv_proj,1152,88.59
qkv_proj,1153,89.121
qkv_proj,1154,88.844
qkv_proj,1155,88.774
qkv_proj,1156,88.498
qkv_proj,1157,88.094
qkv_proj,1158,88.685
qkv_proj,1159,89.142
qkv_proj,1160,88.977
qkv_proj,1161,89.091
qkv_proj,1162,88.259
qkv_proj,1163,88.948
qkv_proj,1164,88.973
qkv_proj,1165,89.086
qkv_proj,1166,88.455
qkv_proj,1167,89.191
qkv_proj,1168,90.158
qkv_proj,1169,88.61
qkv_proj,1170,89.633
qkv_proj,1171,88.5
qkv_proj,1172,88.446
qkv_proj,1173,89.318
qkv_proj,1174,88.68
qkv_proj,1175,88.793
qkv_proj,1176,89.121
qkv_proj,1177,87.892
qkv_proj,1178,87.475
qkv_proj,1179,87.934
qkv_proj,1180,88.265
qkv_proj,1181,87.896
qkv_proj,1182,88.149
qkv_proj,1183,87.145
qkv_proj,1184,89.255
qkv_proj,1185,86.282
qkv_proj,1186,87.769
qkv_proj,1187,86.7
qkv_proj,1188,87.841
qkv_proj,1189,86.45
qkv_proj,1190,86.743
qkv_proj,1191,86.755
qkv_proj,1192,87.051
qkv_proj,1193,87.098
qkv_proj,1194,87.793
qkv_proj,1195,87.126
qkv_proj,1196,86.902
qkv_proj,1197,86.756
qkv_proj,1198,87.034
qkv_proj,1199,87.36
qkv_proj,1200,89.764
qkv_proj,1201,87.656
qkv_proj,1202,86.614
qkv_proj,1203,87.605
qkv_proj,1204,87.133
qkv_proj,1205,87.508
qkv_proj,1206,86.94
qkv_proj,1207,87.78
qkv_proj,1208,87.899
qkv_proj,1209,87.542
qkv_proj,1210,86.807
qkv_proj,1211,88.125
qkv_proj,1212,87.601
qkv_proj,1213,87.148
qkv_proj,1214,87.177
qkv_proj,1215,87.095
qkv_proj,1216,89.28
qkv_proj,1217,90.385
qkv_proj,1218,90.062
qkv_proj,1219,90.469
qkv_proj,1220,89.596
qkv_proj,1221,90.033
qkv_proj,1222,90.028
qkv_proj,1223,89.747
qkv_proj,1224,89.275
qkv_proj,1225,90.708
qkv_proj,1226,90.468
qkv_proj,1227,90.905
qkv_proj,1228,89.638
qkv_proj,1229,90.443
qkv_proj,1230,89.381
qkv_proj,1231,90.504
qkv_proj,1232,89.749
qkv_proj,1233,89.56
qkv_proj,1234,89.693
qkv_proj,1235,90.468
qkv_proj,1236,88.958
qkv_proj,1237,90.566
qkv_proj,1238,89.556
qkv_proj,1239,89.081
qkv_proj,1240,89.809
qkv_proj,1241,89.332
qkv_proj,1242,89.136
qkv_proj,1243,90.592
qkv_proj,1244,90.162
qkv_proj,1245,90.641
qkv_proj,1246,89.664
qkv_proj,1247,89.18
qkv_proj,1248,89.932
qkv_proj,1249,90.684
qkv_proj,1250,89.039
qkv_proj,1251,90.044
qkv_proj,1252,89.782
qkv_proj,1253,89.213
qkv_proj,1254,90.225
qkv_proj,1255,89.32
qkv_proj,1256,90.103
qkv_proj,1257,89.639
qkv_proj,1258,90.383
qkv_proj,1259,89.557
qkv_proj,1260,89.458
qkv_proj,1261,89.261
qkv_proj,1262,90.424
qkv_proj,1263,89.22
qkv_proj,1264,90.369
qkv_proj,1265,90.762
qkv_proj,1266,89.525
qkv_proj,1267,90.196
qkv_proj,1268,89.476
qkv_proj,1269,90.92
qkv_proj,1270,89.865
qkv_proj,1271,91.071
qkv_proj,1272,90.28
qkv_proj,1273,89.928
qkv_proj,1274,91.042
qkv_proj,1275,89.156
qkv_proj,1276,91.081
qkv_proj,1277,89.92
qkv_proj,1278,90.401
qkv_proj,1279,90.345
qkv_proj,1280,90.887
qkv_proj,1281,92.671
qkv_proj,1282,92.086
qkv_proj,1283,93.257
qkv_proj,1284,93.655
qkv_proj,1285,91.857
qkv_proj,1286,92.228
qkv_proj,1287,91.939
qkv_proj,1288,92.061
qkv_proj,1289,93.739
qkv_proj,1290,94.001
qkv_proj,1291,94.347
qkv_proj,1292,93.112
qkv_proj,1293,94.407
qkv_proj,1294,93.358
qkv_proj,1295,93.453
qkv_proj,1296,94.375
qkv_proj,1297,92.962
qkv_proj,1298,93.714
qkv_proj,1299,93.298
qkv_proj,1300,93.167
qkv_proj,1301,93.132
qkv_proj,1302,94.162
qkv_proj,1303,93.645
qkv_proj,1304,93.459
qkv_proj,1305,94.538
qkv_proj,1306,93.92
qkv_proj,1307,94.363
qkv_proj,1308,93.769
qkv_proj,1309,93.091
qkv_proj,1310,94.065
qkv_proj,1311,93.457
qkv_proj,1312,98.273
qkv_proj,1313,94.543
qkv_proj,1314,93.156
qkv_proj,1315,94.245
qkv_proj,1316,93.36
qkv_proj,1317,94.254
qkv_proj,1318,93.626
qkv_proj,1319,93.273
qkv_proj,1320,94.436
qkv_proj,1321,94.605
qkv_proj,1322,93.323
qkv_proj,1323,94.022
qkv_proj,1324,93.992
qkv_proj,1325,93.162
qkv_proj,1326,93.447
qkv_proj,1327,93.782
qkv_proj,1328,94.08
qkv_proj,1329,93.91
qkv_proj,1330,93.078
qkv_proj,1331,94.487
qkv_proj,1332,94.166
qkv_proj,1333,94.626
qkv_proj,1334,93.661
qkv_proj,1335,93.754
qkv_proj,1336,94.566
qkv_proj,1337,93.941
qkv_proj,1338,93.665
qkv_proj,1339,94.377
qkv_proj,1340,94.429
qkv_proj,1341,93.258
qkv_proj,1342,94.512
qkv_proj,1343,94.039
qkv_proj,1344,98.205
qkv_proj,1345,96.811
qkv_proj,1346,95.58
qkv_proj,1347,96.616
qkv_proj,1348,96.044
qkv_proj,1349,95.949
qkv_proj,1350,95.219
qkv_proj,1351,95.578
qkv_proj,1352,95.263
qkv_proj,1353,96.09
qkv_proj,1354,96.245
qkv_proj,1355,96.781
qkv_proj,1356,95.412
qkv_proj,1357,96.858
qkv_proj,1358,95.386
qkv_proj,1359,95.719
qkv_proj,1360,95.898
qkv_proj,1361,96.604
qkv_proj,1362,95.578
qkv_proj,1363,95.607
qkv_proj,1364,95.498
qkv_proj,1365,95.654
qkv_proj,1366,95.23
qkv_proj,1367,96.551
qkv_proj,1368,96.187
qkv_proj,1369,95.592
qkv_proj,1370,95.732
qkv_proj,1371,96.3
qkv_proj,1372,96.256
qkv_proj,1373,95.913
qkv_proj,1374,95.272
qkv_proj,1375,96.691
qkv_proj,1376,98.5
qkv_proj,1377,95.692
qkv_proj,1378,95.284
qkv_proj,1379,96.739
qkv_proj,1380,95.671
qkv_proj,1381,95.374
qkv_proj,1382,95.232
qkv_proj,1383,96.991
qkv_proj,1384,95.985
qkv_proj,1385,96.07
qkv_proj,1386,96.624
qkv_proj,1387,96.374
qkv_proj,1388,96.409
qkv_proj,1389,96.29
qkv_proj,1390,95.338
qkv_proj,1391,95.994
qkv_proj,1392,96.723
qkv_proj,1393,95.874
qkv_proj,1394,95.637
qkv_proj,1395,96.64
qkv_proj,1396,96.561
qkv_proj,1397,95.914
qkv_proj,1398,95.531
qkv_proj,1399,95.42
qkv_proj,1400,95.558
qkv_proj,1401,96.31
qkv_proj,1402,95.931
qkv_proj,1403,96.563
qkv_proj,1404,95.755
qkv_proj,1405,95.77
qkv_proj,1406,95.363
qkv_proj,1407,96.969
qkv_proj,1408,97.626
qkv_proj,1409,98.012
qkv_proj,1410,99.525
qkv_proj,1411,98.705
qkv_proj,1412,98.719
qkv_proj,1413,98.379
qkv_proj,1414,99.35
qkv_proj,1415,98.38
qkv_proj,1416,98.53
qkv_proj,1417,99.54
qkv_proj,1418,98.735
qkv_proj,1419,98.127
qkv_proj,1420,99.305
qkv_proj,1421,98.654
qkv_proj,1422,99.801
qkv_proj,1423,99.244
qkv_proj,1424,103.396
qkv_proj,1425,98.844
qkv_proj,1426,99.616
qkv_proj,1427,98.942
qkv_proj,1428,99.258
qkv_proj,1429,98.536
qkv_proj,1430,98.774
qkv_proj,1431,98.814
qkv_proj,1432,98.904
qkv_proj,1433,99.065
qkv_proj,1434,98.883
qkv_proj,1435,98.733
qkv_proj,1436,99.621
qkv_proj,1437,98.78
qkv_proj,1438,98.571
qkv_proj,1439,99.425
qkv_proj,1440,102.529
qkv_proj,1441,99.141
qkv_proj,1442,99.108
qkv_proj,1443,98.61
qkv_proj,1444,98.433
qkv_proj,1445,98.528
qkv_proj,1446,99.271
qkv_proj,1447,99.351
qkv_proj,1448,98.739
qkv_proj,1449,98.882
qkv_proj,1450,98.142
qkv_proj,1451,98.421
qkv_proj,1452,98.415
qkv_proj,1453,99.265
qkv_proj,1454,98.603
qkv_proj,1455,98.979
qkv_proj,1456,102.249
qkv_proj,1457,98.361
qkv_proj,1458,98.824
qkv_proj,1459,99.14
qkv_proj,1460,99.301
qkv_proj,1461,98.437
qkv_proj,1462,99.462
qkv_proj,1463,99.442
qkv_proj,1464,98.723
qkv_proj,1465,99.207
qkv_proj,1466,98.695
qkv_proj,1467,98.666
qkv_proj,1468,98.519
qkv_proj,1469,99.437
qkv_proj,1470,99.134
qkv_proj,1471,98.635
qkv_proj,1472,102.749
qkv_proj,1473,115.369
qkv_proj,1474,115.4
qkv_proj,1475,115.501
qkv_proj,1476,116.779
qkv_proj,1477,115.617
qkv_proj,1478,115.698
qkv_proj,1479,115.45
qkv_proj,1480,116.361
qkv_proj,1481,115.623
qkv_proj,1482,116.063
qkv_proj,1483,115.761
qkv_proj,1484,116.931
qkv_proj,1485,115.83
qkv_proj,1486,115.815
qkv_proj,1487,116.046
qkv_proj,1488,116.549
qkv_proj,1489,105.079
qkv_proj,1490,104.55
qkv_proj,1491,105.481
qkv_proj,1492,104.359
qkv_proj,1493,104.528
qkv_proj,1494,105.146
qkv_proj,1495,104.147
qkv_proj,1496,104.323
qkv_proj,1497,105.488
qkv_proj,1498,105.366
qkv_proj,1499,105.848
qkv_proj,1500,105.076
qkv_proj,1501,104.552
qkv_proj,1502,103.943
qkv_proj,1503,104.249
qkv_proj,1504,102.488
qkv_proj,1505,104.82
qkv_proj,1506,103.998
qkv_proj,1507,105.483
qkv_proj,1508,105.478
qkv_proj,1509,104.995
qkv_proj,1510,104.37
qkv_proj,1511,105.152
qkv_proj,1512,104.387
qkv_proj,1513,102.031
qkv_proj,1514,103.205
qkv_proj,1515,102.956
qkv_proj,1516,103.071
qkv_proj,1517,102.78
qkv_proj,1518,103.595
qkv_proj,1519,103.988
qkv_proj,1520,102.287
qkv_proj,1521,109.617
qkv_proj,1522,109.316
qkv_proj,1523,109.112
qkv_proj,1524,109.157
qkv_proj,1525,108.486
qkv_proj,1526,107.851
qkv_proj,1527,108.478
qkv_proj,1528,103.566
qkv_proj,1529,106.291
qkv_proj,1530,106.556
qkv_proj,1531,106.001
qkv_proj,1532,105.77
qkv_proj,1533,106.173
qkv_proj,1534,106.512
qkv_proj,1535,106.23
qkv_proj,1536,103.844
qkv_proj,1537,103.521
qkv_proj,1538,103.037
qkv_proj,1539,102.847
qkv_proj,1540,103.219
qkv_proj,1541,104.087
qkv_proj,1542,103.652
qkv_proj,1543,103.261
qkv_proj,1544,103.483
qkv_proj,1545,104.099
qkv_proj,1546,103.523
qkv_proj,1547,104.198
qkv_proj,1548,103.901
qkv_proj,1549,103.538
qkv_proj,1550,102.956
qkv_proj,1551,103.301
qkv_proj,1552,114.831
qkv_proj,1553,103.322
qkv_proj,1554,104.259
qkv_proj,1555,104.144
qkv_proj,1556,103.997
qkv_proj,1557,103.913
qkv_proj,1558,103.575
qkv_proj,1559,103.586
qkv_proj,1560,103.904
qkv_proj,1561,104.74
qkv_proj,1562,106.227
qkv_proj,1563,106.02
qkv_proj,1564,104.475
qkv_proj,1565,106.053
qkv_proj,1566,105.718
qkv_proj,1567,105.561
qkv_proj,1568,115.784
qkv_proj,1569,105.175
qkv_proj,1570,104.978
qkv_proj,1571,104.793
qkv_proj,1572,105.374
qkv_proj,1573,106.286
qkv_proj,1574,105.264
qkv_proj,1575,106.489
qkv_proj,1576,106.029
qkv_proj,1577,106.092
qkv_proj,1578,105.025
qkv_proj,1579,105.445
qkv_proj,1580,105.554
qkv_proj,1581,105.316
qkv_proj,1582,104.801
qkv_proj,1583,104.82
qkv_proj,1584,109.795
qkv_proj,1585,108.381
qkv_proj,1586,107.404
qkv_proj,1587,107.167
qkv_proj,1588,107.475
qkv_proj,1589,107.249
qkv_proj,1590,108.233
qkv_proj,1591,108.6
qkv_proj,1592,107.04
qkv_proj,1593,107.859
qkv_proj,1594,107.145
qkv_proj,1595,108.443
qkv_proj,1596,107.644
qkv_proj,1597,108.2
qkv_proj,1598,107.163
qkv_proj,1599,108.608
qkv_proj,1600,117.37
qkv_proj,1601,106.15
qkv_proj,1602,105.451
qkv_proj,1603,105.599
qkv_proj,1604,105.979
qkv_proj,1605,106.196
qkv_proj,1606,105.277
qkv_proj,1607,105.317
qkv_proj,1608,105.428
qkv_proj,1609,105.63
qkv_proj,1610,105.603
qkv_proj,1611,106.349
qkv_proj,1612,105.262
qkv_proj,1613,106.45
qkv_proj,1614,106.002
qkv_proj,1615,106.251
qkv_proj,1616,107.156
qkv_proj,1617,105.813
qkv_proj,1618,105.381
qkv_proj,1619,105.063
qkv_proj,1620,105.671
qkv_proj,1621,106.304
qkv_proj,1622,105.533
qkv_proj,1623,106.614
qkv_proj,1624,105.292
qkv_proj,1625,109.443
qkv_proj,1626,108.671
qkv_proj,1627,108.72
qkv_proj,1628,108.908
qkv_proj,1629,108.619
qkv_proj,1630,109.423
qkv_proj,1631,108.168
qkv_proj,1632,110.494
qkv_proj,1633,108.32
qkv_proj,1634,107.956
qkv_proj,1635,107.945
qkv_proj,1636,107.959
qkv_proj,1637,109.375
qkv_proj,1638,108.027
qkv_proj,1639,107.832
qkv_proj,1640,109.285
qkv_proj,1641,107.81
qkv_proj,1642,109.564
qkv_proj,1643,109.227
qkv_proj,1644,108.68
qkv_proj,1645,108.066
qkv_proj,1646,109.42
qkv_proj,1647,107.908
qkv_proj,1648,111.256
qkv_proj,1649,108.545
qkv_proj,1650,108.364
qkv_proj,1651,108.541
qkv_proj,1652,108.173
qkv_proj,1653,109.149
qkv_proj,1654,108.144
qkv_proj,1655,109.677
qkv_proj,1656,108.956
qkv_proj,1657,106.297
qkv_proj,1658,107.511
qkv_proj,1659,107.73
qkv_proj,1660,106.275
qkv_proj,1661,107.071
qkv_proj,1662,106.842
qkv_proj,1663,106.992
qkv_proj,1664,117.987
qkv_proj,1665,108.056
qkv_proj,1666,108.138
qkv_proj,1667,107.91
qkv_proj,1668,109.293
qkv_proj,1669,109.303
qkv_proj,1670,109.246
qkv_proj,1671,109.309
qkv_proj,1672,109.228
qkv_proj,1673,108.808
qkv_proj,1674,108.126
qkv_proj,1675,109.133
qkv_proj,1676,108.466
qkv_proj,1677,107.967
qkv_proj,1678,109.217
qkv_proj,1679,109.243
qkv_proj,1680,113.91
qkv_proj,1681,111.058
qkv_proj,1682,111.856
qkv_proj,1683,112.031
qkv_proj,1684,111.624
qkv_proj,1685,110.567
qkv_proj,1686,112.044
qkv_proj,1687,110.917
qkv_proj,1688,112.225
qkv_proj,1689,111.016
qkv_proj,1690,110.952
qkv_proj,1691,112.277
qkv_proj,1692,111.656
qkv_proj,1693,111.879
qkv_proj,1694,112.454
qkv_proj,1695,111.238
qkv_proj,1696,113.295
qkv_proj,1697,112.021
qkv_proj,1698,111.247
qkv_proj,1699,110.849
qkv_proj,1700,112.135
qkv_proj,1701,112.308
qkv_proj,1702,112.455
qkv_proj,1703,111.086
qkv_proj,1704,112.445
qkv_proj,1705,111.927
qkv_proj,1706,111.067
qkv_proj,1707,111.229
qkv_proj,1708,111.721
qkv_proj,1709,110.909
qkv_proj,1710,112.188
qkv_proj,1711,111.359
qkv_proj,1712,111.692
qkv_proj,1713,112.119
qkv_proj,1714,111.225
qkv_proj,1715,111.29
qkv_proj,1716,112.274
qkv_proj,1717,112.292
qkv_proj,1718,112.756
qkv_proj,1719,111.599
qkv_proj,1720,111.449
qkv_proj,1721,112.751
qkv_proj,1722,111.976
qkv_proj,1723,112.676
qkv_proj,1724,112.487
qkv_proj,1725,111.875
qkv_proj,1726,111.651
qkv_proj,1727,112.114
qkv_proj,1728,120.362
qkv_proj,1729,116.104
qkv_proj,1730,115.731
qkv_proj,1731,114.79
qkv_proj,1732,114.862
qkv_proj,1733,115.63
qkv_proj,1734,115.106
qkv_proj,1735,116.366
qkv_proj,1736,115.443
qkv_proj,1737,114.893
qkv_proj,1738,115.913
qkv_proj,1739,115.009
qkv_proj,1740,114.763
qkv_proj,1741,115.775
qkv_proj,1742,115.344
qkv_proj,1743,116.214
qkv_proj,1744,115.599
qkv_proj,1745,115.154
qkv_proj,1746,116.423
qkv_proj,1747,116.237
qkv_proj,1748,115.47
qkv_proj,1749,116.742
qkv_proj,1750,115.709
qkv_proj,1751,115.31
qkv_proj,1752,115.175
qkv_proj,1753,116.141
qkv_proj,1754,115.075
qkv_proj,1755,116.667
qkv_proj,1756,116.351
qkv_proj,1757,115.377
qkv_proj,1758,115.4
qkv_proj,1759,115.855
qkv_proj,1760,113.239
qkv_proj,1761,125.077
qkv_proj,1762,125.569
qkv_proj,1763,124.652
qkv_proj,1764,124.887
qkv_proj,1765,124.511
qkv_proj,1766,123.497
qkv_proj,1767,124.197
qkv_proj,1768,123.15
qkv_proj,1769,122.978
qkv_proj,1770,123.292
qkv_proj,1771,123.175
qkv_proj,1772,122.534
qkv_proj,1773,122.778
qkv_proj,1774,122.121
qkv_proj,1775,121.797
qkv_proj,1776,113.379
qkv_proj,1777,120.669
qkv_proj,1778,119.932
qkv_proj,1779,119.764
qkv_proj,1780,119.75
qkv_proj,1781,119.718
qkv_proj,1782,119.297
qkv_proj,1783,119.088
qkv_proj,1784,117.94
qkv_proj,1785,119.422
qkv_proj,1786,118.454
qkv_proj,1787,118.576
qkv_proj,1788,118.041
qkv_proj,1789,118.586
qkv_proj,1790,118.169
qkv_proj,1791,118.396
qkv_proj,1792,121.741
qkv_proj,1793,116.02
qkv_proj,1794,116.257
qkv_proj,1795,116.467
qkv_proj,1796,116.48
qkv_proj,1797,115.661
qkv_proj,1798,117.207
qkv_proj,1799,116.093
qkv_proj,1800,117.155
qkv_proj,1801,118.548
qkv_proj,1802,118.949
qkv_proj,1803,119.675
qkv_proj,1804,118.409
qkv_proj,1805,119.402
qkv_proj,1806,119.847
qkv_proj,1807,118.505
qkv_proj,1808,123.215
qkv_proj,1809,119.081
qkv_proj,1810,118.656
qkv_proj,1811,120.104
qkv_proj,1812,119.105
qkv_proj,1813,119.808
qkv_proj,1814,118.755
qkv_proj,1815,120.095
qkv_proj,1816,119.301
qkv_proj,1817,119.153
qkv_proj,1818,119.654
qkv_proj,1819,118.941
qkv_proj,1820,119.904
qkv_proj,1821,119.788
qkv_proj,1822,119.237
qkv_proj,1823,118.588
qkv_proj,1824,119.675
qkv_proj,1825,119.628
qkv_proj,1826,120.16
qkv_proj,1827,120.145
qkv_proj,1828,120.14
qkv_proj,1829,119.226
qkv_proj,1830,120.195
qkv_proj,1831,118.878
qkv_proj,1832,120.413
qkv_proj,1833,120.114
qkv_proj,1834,120.737
qkv_proj,1835,120.421
qkv_proj,1836,120.228
qkv_proj,1837,119.939
qkv_proj,1838,120.455
qkv_proj,1839,120.273
qkv_proj,1840,122.588
qkv_proj,1841,121.114
qkv_proj,1842,121.317
qkv_proj,1843,121.468
qkv_proj,1844,121.418
qkv_proj,1845,121.26
qkv_proj,1846,121.316
qkv_proj,1847,121.279
qkv_proj,1848,120.751
qkv_proj,1849,116.593
qkv_proj,1850,116.204
qkv_proj,1851,116.406
qkv_proj,1852,117.209
qkv_proj,1853,116.623
qkv_proj,1854,117.299
qkv_proj,1855,117.383
qkv_proj,1856,123.58
qkv_proj,1857,119.832
qkv_proj,1858,120.724
qkv_proj,1859,120.8
qkv_proj,1860,120.874
qkv_proj,1861,120.596
qkv_proj,1862,119.979
qkv_proj,1863,120.042
qkv_proj,1864,120.588
qkv_proj,1865,120.493
qkv_proj,1866,120.3
qkv_proj,1867,120.893
qkv_proj,1868,119.849
qkv_proj,1869,120.823
qkv_proj,1870,120.141
qkv_proj,1871,119.885
qkv_proj,1872,119.898
qkv_proj,1873,120.686
qkv_proj,1874,119.983
qkv_proj,1875,120.188
qkv_proj,1876,120.285
qkv_proj,1877,120.733
qkv_proj,1878,120.173
qkv_proj,1879,119.905
qkv_proj,1880,120.975
qkv_proj,1881,120.6
qkv_proj,1882,121.038
qkv_proj,1883,120.37
qkv_proj,1884,121.476
qkv_proj,1885,120.613
qkv_proj,1886,121.139
qkv_proj,1887,121.834
qkv_proj,1888,121.263
qkv_proj,1889,121.053
qkv_proj,1890,121.146
qkv_proj,1891,121.351
qkv_proj,1892,121.745
qkv_proj,1893,120.877
qkv_proj,1894,120.262
qkv_proj,1895,120.372
qkv_proj,1896,121.531
qkv_proj,1897,120.627
qkv_proj,1898,120.282
qkv_proj,1899,122.081
qkv_proj,1900,120.951
qkv_proj,1901,121.604
qkv_proj,1902,122.708
qkv_proj,1903,121.723
qkv_proj,1904,121.304
qkv_proj,1905,121.074
qkv_proj,1906,121.154
qkv_proj,1907,120.754
qkv_proj,1908,121.508
qkv_proj,1909,121.36
qkv_proj,1910,121.585
qkv_proj,1911,121.468
qkv_proj,1912,121.386
qkv_proj,1913,121.335
qkv_proj,1914,121.499
qkv_proj,1915,121.271
qkv_proj,1916,121.93
qkv_proj,1917,121.696
qkv_proj,1918,121.959
qkv_proj,1919,122.308
qkv_proj,1920,124.086
qkv_proj,1921,125.829
qkv_proj,1922,126.711
qkv_proj,1923,125.146
qkv_proj,1924,125.51
qkv_proj,1925,126.402
qkv_proj,1926,125.823
qkv_proj,1927,125.34
qkv_proj,1928,125.578
qkv_proj,1929,126.541
qkv_proj,1930,126.744
qkv_proj,1931,124.853
qkv_proj,1932,125.658
qkv_proj,1933,126.68
qkv_proj,1934,126.052
qkv_proj,1935,125.769
qkv_proj,1936,134.917
qkv_proj,1937,131.372
qkv_proj,1938,130.8
qkv_proj,1939,132.25
qkv_proj,1940,131.053
qkv_proj,1941,131.496
qkv_proj,1942,131.21
qkv_proj,1943,131.882
qkv_proj,1944,131.119
qkv_proj,1945,131.433
qkv_proj,1946,131.667
qkv_proj,1947,132.233
qkv_proj,1948,131.784
qkv_proj,1949,131.573
qkv_proj,1950,131.641
qkv_proj,1951,132.071
qkv_proj,1952,134.492
qkv_proj,1953,130.55
qkv_proj,1954,130.28
qkv_proj,1955,129.97
qkv_proj,1956,129.767
qkv_proj,1957,130.408
qkv_proj,1958,130.086
qkv_proj,1959,129.666
qkv_proj,1960,129.434
qkv_proj,1961,129.528
qkv_proj,1962,129.825
qkv_proj,1963,129.691
qkv_proj,1964,129.347
qkv_proj,1965,129.154
qkv_proj,1966,128.866
qkv_proj,1967,129.317
qkv_proj,1968,131.428
qkv_proj,1969,129.021
qkv_proj,1970,128.69
qkv_proj,1971,128.709
qkv_proj,1972,128.604
qkv_proj,1973,129.23
qkv_proj,1974,128.347
qkv_proj,1975,128.821
qkv_proj,1976,128.27
qkv_proj,1977,128.575
qkv_proj,1978,128.346
qkv_proj,1979,128.522
qkv_proj,1980,128.18
qkv_proj,1981,128.317
qkv_proj,1982,128.042
qkv_proj,1983,128.397
qkv_proj,1984,131.408
qkv_proj,1985,143.615
qkv_proj,1986,142.782
qkv_proj,1987,143.109
qkv_proj,1988,142.697
qkv_proj,1989,143.497
qkv_proj,1990,143.383
qkv_proj,1991,142.405
qkv_proj,1992,143.245
qkv_proj,1993,141.426
qkv_proj,1994,141.692
qkv_proj,1995,142.417
qkv_proj,1996,141.582
qkv_proj,1997,141.135
qkv_proj,1998,140.953
qkv_proj,1999,140.75
qkv_proj,2000,140.25
qkv_proj,2001,141.338
qkv_proj,2002,140.619
qkv_proj,2003,140.359
qkv_proj,2004,140.287
qkv_proj,2005,140.601
qkv_proj,2006,139.728
qkv_proj,2007,140.021
qkv_proj,2008,139.508
qkv_proj,2009,140.066
qkv_proj,2010,139.322
qkv_proj,2011,138.983
qkv_proj,2012,139.06
qkv_proj,2013,139.583
qkv_proj,2014,138.511
qkv_proj,2015,138.797
qkv_proj,2016,138.311
qkv_proj,2017,129.324
qkv_proj,2018,129.523
qkv_proj,2019,130.213
qkv_proj,2020,129.616
qkv_proj,2021,129.889
qkv_proj,2022,129.561
qkv_proj,2023,130.444
qkv_proj,2024,129.599
qkv_proj,2025,135.647
qkv_proj,2026,134.861
qkv_proj,2027,134.753
qkv_proj,2028,133.992
qkv_proj,2029,134.93
qkv_proj,2030,134.178
qkv_proj,2031,134.608
qkv_proj,2032,130.169
qkv_proj,2033,130.904
qkv_proj,2034,130.328
qkv_proj,2035,129.848
qkv_proj,2036,129.299
qkv_proj,2037,129.823
qkv_proj,2038,129.233
qkv_proj,2039,129.321
qkv_proj,2040,129.251
qkv_proj,2041,129.26
qkv_proj,2042,128.898
qkv_proj,2043,128.717
qkv_proj,2044,129.038
qkv_proj,2045,128.749
qkv_proj,2046,129.018
qkv_proj,2047,128.461
qkv_proj,2048,128.347
rotary_emb,1,24.032
rotary_emb,2,27.605
rotary_emb,3,29.365
rotary_emb,4,29.342
rotary_emb,5,30.594
rotary_emb,6,30.599
rotary_emb,7,29.912
rotary_emb,8,29.945
rotary_emb,9,29.837
rotary_emb,10,30.604
rotary_emb,11,30.807
rotary_emb,12,30.678
rotary_emb,13,30.955
rotary_emb,14,31.163
rotary_emb,15,31.135
rotary_emb,16,31.383
rotary_emb,17,30.523
rotary_emb,18,30.328
rotary_emb,19,31.431
rotary_emb,20,31.872
rotary_emb,21,32.012
rotary_emb,22,32.203
rotary_emb,23,31.879
rotary_emb,24,32.356
rotary_emb,25,32.002
rotary_emb,26,32.101
rotary_emb,27,32.173
rotary_emb,28,32.685
rotary_emb,29,32.385
rotary_emb,30,32.503
rotary_emb,31,32.71
rotary_emb,32,32.738
rotary_emb,33,32.184
rotary_emb,34,32.473
rotary_emb,35,33.035
rotary_emb,36,33.861
rotary_emb,37,32.754
rotary_emb,38,33.152
rotary_emb,39,33.253
rotary_emb,40,33.308
rotary_emb,41,33.23
rotary_emb,42,32.948
rotary_emb,43,33.173
rotary_emb,44,33.26
rotary_emb,45,33.16
rotary_emb,46,33.541
rotary_emb,47,33.405
rotary_emb,48,33.428
rotary_emb,49,33.051
rotary_emb,50,33.556
rotary_emb,51,33.819
rotary_emb,52,33.577
rotary_emb,53,33.606
rotary_emb,54,33.679
rotary_emb,55,33.86
rotary_emb,56,33.711
rotary_emb,57,33.904
rotary_emb,58,33.784
rotary_emb,59,33.977
rotary_emb,60,33.939
rotary_emb,61,34.02
rotary_emb,62,33.95
rotary_emb,63,34.15
rotary_emb,64,34.328
rotary_emb,65,33.452
rotary_emb,66,33.604
rotary_emb,67,33.627
rotary_emb,68,33.686
rotary_emb,69,34.02
rotary_emb,70,33.655
rotary_emb,71,34.533
rotary_emb,72,34.27
rotary_emb,73,33.903
rotary_emb,74,33.951
rotary_emb,75,34.021
rotary_emb,76,34.083
rotary_emb,77,33.928
rotary_emb,78,34.254
rotary_emb,79,34.093
rotary_emb,80,34.403
rotary_emb,81,34.789
rotary_emb,82,34.972
rotary_emb,83,34.91
rotary_emb,84,34.982
rotary_emb,85,34.74
rotary_emb,86,34.736
rotary_emb,87,34.541
rotary_emb,88,34.706
rotary_emb,89,34.684
rotary_emb,90,34.865
rotary_emb,91,34.755
rotary_emb,92,34.921
rotary_emb,93,34.841
rotary_emb,94,34.794
rotary_emb,95,34.753
rotary_emb,96,34.925
rotary_emb,97,34.887
rotary_emb,98,34.956
rotary_emb,99,34.904
rotary_emb,100,35.114
rotary_emb,101,35.069
rotary_emb,102,35.17
rotary_emb,103,35.023
rotary_emb,104,35.025
rotary_emb,105,34.725
rotary_emb,106,34.92
rotary_emb,107,34.761
rotary_emb,108,35.099
rotary_emb,109,35.073
rotary_emb,110,34.98
rotary_emb,111,34.974
rotary_emb,112,35.046
rotary_emb,113,34.942
rotary_emb,114,35.049
rotary_emb,115,34.937
rotary_emb,116,35.243
rotary_emb,117,34.896
rotary_emb,118,35.11
rotary_emb,119,35.02
rotary_emb,120,35.288
rotary_emb,121,35.402
rotary_emb,122,35.337
rotary_emb,123,35.306
rotary_emb,124,35.401
rotary_emb,125,35.202
rotary_emb,126,35.341
rotary_emb,127,35.359
rotary_emb,128,35.689
rotary_emb,129,34.912
rotary_emb,130,34.872
rotary_emb,131,34.996
rotary_emb,132,34.968
rotary_emb,133,34.911
rotary_emb,134,34.998
rotary_emb,135,35.071
rotary_emb,136,35.104
rotary_emb,137,35.516
rotary_emb,138,35.11
rotary_emb,139,34.919
rotary_emb,140,35.079
rotary_emb,141,35.019
rotary_emb,142,34.878
rotary_emb,143,34.926
rotary_emb,144,35.804
rotary_emb,145,35.065
rotary_emb,146,35.224
rotary_emb,147,35.315
rotary_emb,148,35.279
rotary_emb,149,35.069
rotary_emb,150,35.109
rotary_emb,151,35.086
rotary_emb,152,35.325
rotary_emb,153,35.08
rotary_emb,154,35.198
rotary_emb,155,35.1
rotary_emb,156,35.275
rotary_emb,157,35.367
rotary_emb,158,35.461
rotary_emb,159,35.337
rotary_emb,160,35.611
rotary_emb,161,36.067
rotary_emb,162,35.98
rotary_emb,163,36.018
rotary_emb,164,36.253
rotary_emb,165,36.17
rotary_emb,166,36.108
rotary_emb,167,36.118
rotary_emb,168,36.192
rotary_emb,169,35.997
rotary_emb,170,35.85
rotary_emb,171,35.975
rotary_emb,172,36.104
rotary_emb,173,36.043
rotary_emb,174,36.01
rotary_emb,175,36.021
rotary_emb,176,36.251
rotary_emb,177,35.959
rotary_emb,178,36.066
rotary_emb,179,36.183
rotary_emb,180,36.35
rotary_emb,181,36.042
rotary_emb,182,36.246
rotary_emb,183,36.225
rotary_emb,184,36.558
rotary_emb,185,36.346
rotary_emb,186,36.29
rotary_emb,187,36.202
rotary_emb,188,36.558
rotary_emb,189,36.379
rotary_emb,190,36.279
rotary_emb,191,36.341
rotary_emb,192,36.662
rotary_emb,193,36.032
rotary_emb,194,36.096
rotary_emb,195,36.108
rotary_emb,196,36.073
rotary_emb,197,35.95
rotary_emb,198,35.966
rotary_emb,199,36.063
rotary_emb,200,36.582
rotary_emb,201,36.135
rotary_emb,202,36.459
rotary_emb,203,36.718
rotary_emb,204,36.574
rotary_emb,205,36.29
rotary_emb,206,36.419
rotary_emb,207,36.502
rotary_emb,208,36.653
rotary_emb,209,36.504
rotary_emb,210,36.543
rotary_emb,211,36.616
rotary_emb,212,36.65
rotary_emb,213,36.581
rotary_emb,214,36.619
rotary_emb,215,36.631
rotary_emb,216,37.126
rotary_emb,217,36.607
rotary_emb,218,36.706
rotary_emb,219,36.661
rotary_emb,220,37.115
rotary_emb,221,37.0
rotary_emb,222,36.79
rotary_emb,223,36.882
rotary_emb,224,37.179
rotary_emb,225,36.908
rotary_emb,226,37.105
rotary_emb,227,37.136
rotary_emb,228,37.165
rotary_emb,229,36.886
rotary_emb,230,37.0
rotary_emb,231,36.872
rotary_emb,232,37.237
rotary_emb,233,37.17
rotary_emb,234,37.073
rotary_emb,235,37.088
rotary_emb,236,37.334
rotary_emb,237,37.097
rotary_emb,238,37.363
rotary_emb,239,37.119
rotary_emb,240,37.398
rotary_emb,241,37.258
rotary_emb,242,37.262
rotary_emb,243,37.344
rotary_emb,244,37.645
rotary_emb,245,37.195
rotary_emb,246,37.231
rotary_emb,247,37.187
rotary_emb,248,37.415
rotary_emb,249,37.286
rotary_emb,250,37.23
rotary_emb,251,37.212
rotary_emb,252,37.436
rotary_emb,253,37.229
rotary_emb,254,37.156
rotary_emb,255,37.08
rotary_emb,256,37.553
rotary_emb,257,37.255
rotary_emb,258,37.271
rotary_emb,259,37.486
rotary_emb,260,37.38
rotary_emb,261,37.285
rotary_emb,262,37.411
rotary_emb,263,37.549
rotary_emb,264,37.772
rotary_emb,265,37.237
rotary_emb,266,37.533
rotary_emb,267,37.467
rotary_emb,268,37.581
rotary_emb,269,37.793
rotary_emb,270,37.831
rotary_emb,271,37.94
rotary_emb,272,38.125
rotary_emb,273,37.991
rotary_emb,274,38.284
rotary_emb,275,37.76
rotary_emb,276,38.12
rotary_emb,277,37.959
rotary_emb,278,38.389
rotary_emb,279,38.105
rotary_emb,280,38.12
rotary_emb,281,38.314
rotary_emb,282,38.429
rotary_emb,283,38.093
rotary_emb,284,38.169
rotary_emb,285,38.153
rotary_emb,286,38.262
rotary_emb,287,38.245
rotary_emb,288,38.503
rotary_emb,289,38.021
rotary_emb,290,38.157
rotary_emb,291,38.119
rotary_emb,292,38.339
rotary_emb,293,38.099
rotary_emb,294,38.156
rotary_emb,295,38.259
rotary_emb,296,38.281
rotary_emb,297,38.34
rotary_emb,298,38.115
rotary_emb,299,38.512
rotary_emb,300,38.54
rotary_emb,301,38.23
rotary_emb,302,38.226
rotary_emb,303,38.733
rotary_emb,304,38.594
rotary_emb,305,38.692
rotary_emb,306,38.383
rotary_emb,307,38.564
rotary_emb,308,38.722
rotary_emb,309,38.506
rotary_emb,310,38.629
rotary_emb,311,38.953
rotary_emb,312,38.999
rotary_emb,313,38.516
rotary_emb,314,38.73
rotary_emb,315,38.672
rotary_emb,316,38.875
rotary_emb,317,38.598
rotary_emb,318,38.684
rotary_emb,319,38.934
rotary_emb,320,38.916
rotary_emb,321,38.637
rotary_emb,322,38.879
rotary_emb,323,38.734
rotary_emb,324,39.209
rotary_emb,325,38.731
rotary_emb,326,38.827
rotary_emb,327,38.923
rotary_emb,328,39.19
rotary_emb,329,39.054
rotary_emb,330,38.867
rotary_emb,331,38.904
rotary_emb,332,39.243
rotary_emb,333,39.092
rotary_emb,334,39.341
rotary_emb,335,39.145
rotary_emb,336,39.625
rotary_emb,337,39.558
rotary_emb,338,39.564
rotary_emb,339,39.593
rotary_emb,340,39.843
rotary_emb,341,39.612
rotary_emb,342,39.828
rotary_emb,343,39.821
rotary_emb,344,39.914
rotary_emb,345,39.651
rotary_emb,346,39.719
rotary_emb,347,39.961
rotary_emb,348,40.122
rotary_emb,349,39.741
rotary_emb,350,40.015
rotary_emb,351,39.864
rotary_emb,352,40.3
rotary_emb,353,39.887
rotary_emb,354,40.013
rotary_emb,355,39.809
rotary_emb,356,40.204
rotary_emb,357,40.191
rotary_emb,358,40.139
rotary_emb,359,40.021
rotary_emb,360,40.268
rotary_emb,361,39.886
rotary_emb,362,39.919
rotary_emb,363,39.884
rotary_emb,364,40.212
rotary_emb,365,40.313
rotary_emb,366,40.019
rotary_emb,367,40.204
rotary_emb,368,40.572
rotary_emb,369,40.282
rotary_emb,370,40.346
rotary_emb,371,40.191
rotary_emb,372,40.586
rotary_emb,373,40.295
rotary_emb,374,40.481
rotary_emb,375,40.219
rotary_emb,376,40.502
rotary_emb,377,40.279
rotary_emb,378,40.564
rotary_emb,379,40.253
rotary_emb,380,40.65
rotary_emb,381,40.385
rotary_emb,382,40.512
rotary_emb,383,40.476
rotary_emb,384,40.811
rotary_emb,385,40.588
rotary_emb,386,40.211
rotary_emb,387,40.749
rotary_emb,388,40.737
rotary_emb,389,40.453
rotary_emb,390,40.409
rotary_emb,391,40.493
rotary_emb,392,40.624
rotary_emb,393,40.419
rotary_emb,394,40.654
rotary_emb,395,40.368
rotary_emb,396,40.689
rotary_emb,397,40.765
rotary_emb,398,40.616
rotary_emb,399,40.987
rotary_emb,400,40.941
rotary_emb,401,41.091
rotary_emb,402,41.001
rotary_emb,403,41.018
rotary_emb,404,40.991
rotary_emb,405,41.016
rotary_emb,406,41.029
rotary_emb,407,41.117
rotary_emb,408,41.599
rotary_emb,409,41.103
rotary_emb,410,41.18
rotary_emb,411,41.135
rotary_emb,412,41.354
rotary_emb,413,41.51
rotary_emb,414,41.511
rotary_emb,415,41.379
rotary_emb,416,41.724
rotary_emb,417,41.472
rotary_emb,418,41.175
rotary_emb,419,41.533
rotary_emb,420,41.874
rotary_emb,421,41.518
rotary_emb,422,41.226
rotary_emb,423,41.499
rotary_emb,424,41.604
rotary_emb,425,41.631
rotary_emb,426,41.192
rotary_emb,427,41.5
rotary_emb,428,41.626
rotary_emb,429,41.409
rotary_emb,430,41.37
rotary_emb,431,41.391
rotary_emb,432,41.625
rotary_emb,433,42.15
rotary_emb,434,42.114
rotary_emb,435,42.36
rotary_emb,436,42.431
rotary_emb,437,42.458
rotary_emb,438,42.899
rotary_emb,439,42.028
rotary_emb,440,42.08
rotary_emb,441,41.975
rotary_emb,442,42.496
rotary_emb,443,42.537
rotary_emb,444,42.291
rotary_emb,445,42.834
rotary_emb,446,42.541
rotary_emb,447,42.63
rotary_emb,448,42.556
rotary_emb,449,42.866
rotary_emb,450,42.419
rotary_emb,451,42.885
rotary_emb,452,42.386
rotary_emb,453,42.867
rotary_emb,454,42.48
rotary_emb,455,42.752
rotary_emb,456,42.501
rotary_emb,457,42.736
rotary_emb,458,42.073
rotary_emb,459,42.338
rotary_emb,460,42.307
rotary_emb,461,42.413
rotary_emb,462,42.655
rotary_emb,463,42.427
rotary_emb,464,42.523
rotary_emb,465,42.873
rotary_emb,466,42.494
rotary_emb,467,43.334
rotary_emb,468,42.72
rotary_emb,469,43.332
rotary_emb,470,42.851
rotary_emb,471,43.028
rotary_emb,472,42.577
rotary_emb,473,43.085
rotary_emb,474,42.679
rotary_emb,475,43.181
rotary_emb,476,42.926
rotary_emb,477,43.09
rotary_emb,478,42.686
rotary_emb,479,43.599
rotary_emb,480,42.912
rotary_emb,481,43.257
rotary_emb,482,42.602
rotary_emb,483,42.938
rotary_emb,484,42.861
rotary_emb,485,43.267
rotary_emb,486,42.693
rotary_emb,487,43.34
rotary_emb,488,43.131
rotary_emb,489,43.18
rotary_emb,490,42.699
rotary_emb,491,43.308
rotary_emb,492,43.108
rotary_emb,493,43.448
rotary_emb,494,42.891
rotary_emb,495,43.501
rotary_emb,496,42.955
rotary_emb,497,43.568
rotary_emb,498,42.892
rotary_emb,499,43.395
rotary_emb,500,43.303
rotary_emb,501,43.334
rotary_emb,502,43.189
rotary_emb,503,43.39
rotary_emb,504,43.192
rotary_emb,505,43.17
rotary_emb,506,42.954
rotary_emb,507,43.06
rotary_emb,508,43.128
rotary_emb,509,43.151
rotary_emb,510,42.922
rotary_emb,511,43.543
rotary_emb,512,43.191
rotary_emb,513,43.603
rotary_emb,514,43.78
rotary_emb,515,43.686
rotary_emb,516,43.807
rotary_emb,517,43.791
rotary_emb,518,44.009
rotary_emb,519,43.691
rotary_emb,520,44.012
rotary_emb,521,43.663
rotary_emb,522,44.009
rotary_emb,523,43.712
rotary_emb,524,44.399
rotary_emb,525,43.902
rotary_emb,526,43.593
rotary_emb,527,43.513
rotary_emb,528,43.87
rotary_emb,529,44.229
rotary_emb,530,44.729
rotary_emb,531,44.491
rotary_emb,532,44.865
rotary_emb,533,44.864
rotary_emb,534,44.882
rotary_emb,535,44.889
rotary_emb,536,44.598
rotary_emb,537,44.76
rotary_emb,538,44.909
rotary_emb,539,45.115
rotary_emb,540,45.366
rotary_emb,541,45.285
rotary_emb,542,44.996
rotary_emb,543,45.014
rotary_emb,544,44.996
rotary_emb,545,45.13
rotary_emb,546,45.616
rotary_emb,547,45.218
rotary_emb,548,45.542
rotary_emb,549,44.987
rotary_emb,550,45.42
rotary_emb,551,45.67
rotary_emb,552,45.826
rotary_emb,553,44.931
rotary_emb,554,44.976
rotary_emb,555,45.581
rotary_emb,556,45.765
rotary_emb,557,45.085
rotary_emb,558,45.507
rotary_emb,559,45.287
rotary_emb,560,45.613
rotary_emb,561,45.296
rotary_emb,562,45.626
rotary_emb,563,46.174
rotary_emb,564,45.953
rotary_emb,565,45.84
rotary_emb,566,46.392
rotary_emb,567,46.268
rotary_emb,568,45.897
rotary_emb,569,46.107
rotary_emb,570,46.269
rotary_emb,571,46.992
rotary_emb,572,46.559
rotary_emb,573,46.249
rotary_emb,574,46.189
rotary_emb,575,46.525
rotary_emb,576,46.633
rotary_emb,577,46.136
rotary_emb,578,46.151
rotary_emb,579,47.209
rotary_emb,580,46.29
rotary_emb,581,46.993
rotary_emb,582,46.259
rotary_emb,583,46.351
rotary_emb,584,46.799
rotary_emb,585,47.113
rotary_emb,586,46.38
rotary_emb,587,47.276
rotary_emb,588,46.538
rotary_emb,589,46.319
rotary_emb,590,46.613
rotary_emb,591,47.455
rotary_emb,592,47.001
rotary_emb,593,47.265
rotary_emb,594,46.52
rotary_emb,595,47.115
rotary_emb,596,46.644
rotary_emb,597,47.291
rotary_emb,598,46.85
rotary_emb,599,47.776
rotary_emb,600,47.071
rotary_emb,601,47.225
rotary_emb,602,47.317
rotary_emb,603,47.594
rotary_emb,604,47.806
rotary_emb,605,48.08
rotary_emb,606,47.687
rotary_emb,607,47.869
rotary_emb,608,48.363
rotary_emb,609,47.686
rotary_emb,610,47.558
rotary_emb,611,48.427
rotary_emb,612,47.558
rotary_emb,613,47.912
rotary_emb,614,47.868
rotary_emb,615,48.055
rotary_emb,616,48.705
rotary_emb,617,48.84
rotary_emb,618,48.432
rotary_emb,619,48.393
rotary_emb,620,48.493
rotary_emb,621,48.497
rotary_emb,622,48.551
rotary_emb,623,48.791
rotary_emb,624,49.019
rotary_emb,625,48.83
rotary_emb,626,48.716
rotary_emb,627,48.393
rotary_emb,628,49.003
rotary_emb,629,49.377
rotary_emb,630,49.02
rotary_emb,631,48.482
rotary_emb,632,49.548
rotary_emb,633,49.037
rotary_emb,634,49.171
rotary_emb,635,49.121
rotary_emb,636,48.99
rotary_emb,637,48.723
rotary_emb,638,49.165
rotary_emb,639,48.683
rotary_emb,640,49.209
rotary_emb,641,48.885
rotary_emb,642,48.855
rotary_emb,643,48.279
rotary_emb,644,49.326
rotary_emb,645,47.956
rotary_emb,646,48.868
rotary_emb,647,48.962
rotary_emb,648,48.984
rotary_emb,649,48.295
rotary_emb,650,48.86
rotary_emb,651,48.537
rotary_emb,652,49.246
rotary_emb,653,49.178
rotary_emb,654,48.877
rotary_emb,655,48.556
rotary_emb,656,48.871
rotary_emb,657,48.49
rotary_emb,658,48.532
rotary_emb,659,48.938
rotary_emb,660,49.159
rotary_emb,661,48.939
rotary_emb,662,48.891
rotary_emb,663,48.861
rotary_emb,664,49.069
rotary_emb,665,49.485
rotary_emb,666,48.955
rotary_emb,667,49.225
rotary_emb,668,49.245
rotary_emb,669,49.086
rotary_emb,670,49.107
rotary_emb,671,49.108
rotary_emb,672,49.933
rotary_emb,673,49.57
rotary_emb,674,49.212
rotary_emb,675,49.698
rotary_emb,676,50.012
rotary_emb,677,49.832
rotary_emb,678,49.612
rotary_emb,679,49.771
rotary_emb,680,49.538
rotary_emb,681,49.555
rotary_emb,682,49.5
rotary_emb,683,49.519
rotary_emb,684,49.556
rotary_emb,685,49.739
rotary_emb,686,49.449
rotary_emb,687,49.528
rotary_emb,688,49.891
rotary_emb,689,50.261
rotary_emb,690,49.716
rotary_emb,691,49.565
rotary_emb,692,49.974
rotary_emb,693,49.783
rotary_emb,694,49.7
rotary_emb,695,49.944
rotary_emb,696,49.964
rotary_emb,697,49.848
rotary_emb,698,50.278
rotary_emb,699,50.042
rotary_emb,700,50.344
rotary_emb,701,50.472
rotary_emb,702,50.253
rotary_emb,703,50.604
rotary_emb,704,50.552
rotary_emb,705,50.526
rotary_emb,706,50.697
rotary_emb,707,50.815
rotary_emb,708,50.749
rotary_emb,709,50.827
rotary_emb,710,50.675
rotary_emb,711,50.747
rotary_emb,712,51.146
rotary_emb,713,50.781
rotary_emb,714,50.661
rotary_emb,715,51.004
rotary_emb,716,51.217
rotary_emb,717,51.261
rotary_emb,718,51.236
rotary_emb,719,51.092
rotary_emb,720,50.874
rotary_emb,721,50.878
rotary_emb,722,50.934
rotary_emb,723,51.584
rotary_emb,724,51.74
rotary_emb,725,50.795
rotary_emb,726,51.598
rotary_emb,727,50.976
rotary_emb,728,51.156
rotary_emb,729,51.084
rotary_emb,730,51.544
rotary_emb,731,51.157
rotary_emb,732,51.561
rotary_emb,733,51.049
rotary_emb,734,51.217
rotary_emb,735,51.141
rotary_emb,736,51.478
rotary_emb,737,51.227
rotary_emb,738,51.875
rotary_emb,739,51.537
rotary_emb,740,51.864
rotary_emb,741,51.208
rotary_emb,742,51.321
rotary_emb,743,51.776
rotary_emb,744,51.995
rotary_emb,745,51.488
rotary_emb,746,51.352
rotary_emb,747,51.577
rotary_emb,748,52.386
rotary_emb,749,51.424
rotary_emb,750,51.409
rotary_emb,751,52.158
rotary_emb,752,52.203
rotary_emb,753,52.247
rotary_emb,754,51.436
rotary_emb,755,51.777
rotary_emb,756,52.011
rotary_emb,757,51.507
rotary_emb,758,51.739
rotary_emb,759,51.911
rotary_emb,760,51.763
rotary_emb,761,52.281
rotary_emb,762,51.956
rotary_emb,763,51.606
rotary_emb,764,51.958
rotary_emb,765,51.681
rotary_emb,766,52.341
rotary_emb,767,51.705
rotary_emb,768,52.268
rotary_emb,769,51.569
rotary_emb,770,52.018
rotary_emb,771,52.2
rotary_emb,772,52.695
rotary_emb,773,52.49
rotary_emb,774,52.159
rotary_emb,775,52.124
rotary_emb,776,52.3
rotary_emb,777,52.323
rotary_emb,778,52.33
rotary_emb,779,52.632
rotary_emb,780,52.733
rotary_emb,781,52.274
rotary_emb,782,52.32
rotary_emb,783,52.498
rotary_emb,784,52.429
rotary_emb,785,52.18
rotary_emb,786,52.436
rotary_emb,787,52.25
rotary_emb,788,52.597
rotary_emb,789,52.311
rotary_emb,790,52.432
rotary_emb,791,52.541
rotary_emb,792,52.643
rotary_emb,793,52.485
rotary_emb,794,52.853
rotary_emb,795,52.287
rotary_emb,796,52.54
rotary_emb,797,52.47
rotary_emb,798,52.556
rotary_emb,799,53.164
rotary_emb,800,52.822
rotary_emb,801,53.288
rotary_emb,802,52.588
rotary_emb,803,52.558
rotary_emb,804,53.658
rotary_emb,805,52.606
rotary_emb,806,52.748
rotary_emb,807,52.766
rotary_emb,808,53.308
rotary_emb,809,52.959
rotary_emb,810,53.177
rotary_emb,811,53.645
rotary_emb,812,53.387
rotary_emb,813,52.969
rotary_emb,814,53.751
rotary_emb,815,53.327
rotary_emb,816,53.596
rotary_emb,817,52.972
rotary_emb,818,53.928
rotary_emb,819,53.742
rotary_emb,820,53.252
rotary_emb,821,52.94
rotary_emb,822,53.874
rotary_emb,823,53.64
rotary_emb,824,53.64
rotary_emb,825,52.991
rotary_emb,826,53.203
rotary_emb,827,53.674
rotary_emb,828,53.561
rotary_emb,829,53.697
rotary_emb,830,54.077
rotary_emb,831,53.169
rotary_emb,832,53.63
rotary_emb,833,53.335
rotary_emb,834,53.354
rotary_emb,835,53.501
rotary_emb,836,53.771
rotary_emb,837,53.412
rotary_emb,838,54.471
rotary_emb,839,54.387
rotary_emb,840,54.126
rotary_emb,841,53.981
rotary_emb,842,54.694
rotary_emb,843,54.048
rotary_emb,844,54.304
rotary_emb,845,54.137
rotary_emb,846,54.897
rotary_emb,847,54.097
rotary_emb,848,54.302
rotary_emb,849,54.126
rotary_emb,850,54.875
rotary_emb,851,54.184
rotary_emb,852,54.478
rotary_emb,853,54.247
rotary_emb,854,54.962
rotary_emb,855,54.238
rotary_emb,856,54.658
rotary_emb,857,54.374
rotary_emb,858,54.889
rotary_emb,859,54.728
rotary_emb,860,54.853
rotary_emb,861,54.365
rotary_emb,862,54.471
rotary_emb,863,54.633
rotary_emb,864,55.121
rotary_emb,865,55.168
rotary_emb,866,54.738
rotary_emb,867,55.112
rotary_emb,868,55.59
rotary_emb,869,54.746
rotary_emb,870,54.655
rotary_emb,871,54.542
rotary_emb,872,55.638
rotary_emb,873,55.488
rotary_emb,874,54.656
rotary_emb,875,55.489
rotary_emb,876,54.813
rotary_emb,877,54.831
rotary_emb,878,55.544
rotary_emb,879,54.857
rotary_emb,880,54.914
rotary_emb,881,55.482
rotary_emb,882,55.698
rotary_emb,883,55.089
rotary_emb,884,55.354
rotary_emb,885,55.655
rotary_emb,886,54.828
rotary_emb,887,55.401
rotary_emb,888,54.991
rotary_emb,889,54.843
rotary_emb,890,54.999
rotary_emb,891,54.931
rotary_emb,892,55.05
rotary_emb,893,55.111
rotary_emb,894,54.887
rotary_emb,895,54.96
rotary_emb,896,55.212
rotary_emb,897,55.675
rotary_emb,898,55.643
rotary_emb,899,55.101
rotary_emb,900,55.375
rotary_emb,901,54.813
rotary_emb,902,55.73
rotary_emb,903,55.169
rotary_emb,904,55.333
rotary_emb,905,54.988
rotary_emb,906,54.888
rotary_emb,907,54.976
rotary_emb,908,55.027
rotary_emb,909,54.965
rotary_emb,910,55.338
rotary_emb,911,55.598
rotary_emb,912,55.422
rotary_emb,913,54.942
rotary_emb,914,55.128
rotary_emb,915,55.328
rotary_emb,916,55.393
rotary_emb,917,55.944
rotary_emb,918,55.435
rotary_emb,919,55.541
rotary_emb,920,55.981
rotary_emb,921,55.866
rotary_emb,922,55.702
rotary_emb,923,55.807
rotary_emb,924,56.23
rotary_emb,925,56.214
rotary_emb,926,55.353
rotary_emb,927,56.402
rotary_emb,928,56.161
rotary_emb,929,56.448
rotary_emb,930,55.629
rotary_emb,931,55.892
rotary_emb,932,56.043
rotary_emb,933,56.628
rotary_emb,934,56.462
rotary_emb,935,56.68
rotary_emb,936,56.07
rotary_emb,937,56.749
rotary_emb,938,55.945
rotary_emb,939,55.876
rotary_emb,940,56.672
rotary_emb,941,56.785
rotary_emb,942,56.731
rotary_emb,943,56.001
rotary_emb,944,56.826
rotary_emb,945,56.08
rotary_emb,946,56.092
rotary_emb,947,56.548
rotary_emb,948,56.286
rotary_emb,949,56.243
rotary_emb,950,57.256
rotary_emb,951,56.349
rotary_emb,952,57.462
rotary_emb,953,57.151
rotary_emb,954,56.501
rotary_emb,955,57.259
rotary_emb,956,57.518
rotary_emb,957,56.598
rotary_emb,958,56.908
rotary_emb,959,57.307
rotary_emb,960,56.804
rotary_emb,961,56.52
rotary_emb,962,56.596
rotary_emb,963,56.914
rotary_emb,964,57.547
rotary_emb,965,56.536
rotary_emb,966,57.563
rotary_emb,967,56.726
rotary_emb,968,57.226
rotary_emb,969,56.626
rotary_emb,970,57.139
rotary_emb,971,57.717
rotary_emb,972,57.279
rotary_emb,973,57.048
rotary_emb,974,57.828
rotary_emb,975,57.086
rotary_emb,976,57.801
rotary_emb,977,56.655
rotary_emb,978,57.541
rotary_emb,979,56.951
rotary_emb,980,57.349
rotary_emb,981,57.784
rotary_emb,982,57.02
rotary_emb,983,57.714
rotary_emb,984,57.306
rotary_emb,985,57.148
rotary_emb,986,58.163
rotary_emb,987,56.852
rotary_emb,988,58.213
rotary_emb,989,57.258
rotary_emb,990,58.109
rotary_emb,991,57.075
rotary_emb,992,58.407
rotary_emb,993,57.913
rotary_emb,994,57.148
rotary_emb,995,57.765
rotary_emb,996,57.401
rotary_emb,997,57.537
rotary_emb,998,58.136
rotary_emb,999,58.199
rotary_emb,1000,57.387
rotary_emb,1001,58.251
rotary_emb,1002,58.157
rotary_emb,1003,57.449
rotary_emb,1004,58.536
rotary_emb,1005,57.508
rotary_emb,1006,57.741
rotary_emb,1007,58.611
rotary_emb,1008,58.521
rotary_emb,1009,57.607
rotary_emb,1010,57.777
rotary_emb,1011,57.744
rotary_emb,1012,58.036
rotary_emb,1013,58.543
rotary_emb,1014,57.799
rotary_emb,1015,58.922
rotary_emb,1016,57.935
rotary_emb,1017,57.931
rotary_emb,1018,58.753
rotary_emb,1019,57.941
rotary_emb,1020,58.577
rotary_emb,1021,58.574
rotary_emb,1022,58.03
rotary_emb,1023,59.132
rotary_emb,1024,59.0
rotary_emb,1025,58.528
rotary_emb,1026,57.833
rotary_emb,1027,58.059
rotary_emb,1028,58.039
rotary_emb,1029,57.831
rotary_emb,1030,58.932
rotary_emb,1031,58.019
rotary_emb,1032,58.178
rotary_emb,1033,58.813
rotary_emb,1034,58.344
rotary_emb,1035,58.616
rotary_emb,1036,58.175
rotary_emb,1037,58.981
rotary_emb,1038,58.32
rotary_emb,1039,58.432
rotary_emb,1040,58.344
rotary_emb,1041,58.749
rotary_emb,1042,58.368
rotary_emb,1043,58.13
rotary_emb,1044,58.826
rotary_emb,1045,59.032
rotary_emb,1046,58.144
rotary_emb,1047,59.316
rotary_emb,1048,58.473
rotary_emb,1049,58.205
rotary_emb,1050,59.46
rotary_emb,1051,58.422
rotary_emb,1052,58.971
rotary_emb,1053,59.161
rotary_emb,1054,58.554
rotary_emb,1055,58.794
rotary_emb,1056,58.597
rotary_emb,1057,58.764
rotary_emb,1058,59.828
rotary_emb,1059,58.943
rotary_emb,1060,59.581
rotary_emb,1061,58.927
rotary_emb,1062,59.097
rotary_emb,1063,59.104
rotary_emb,1064,59.835
rotary_emb,1065,59.774
rotary_emb,1066,59.21
rotary_emb,1067,59.156
rotary_emb,1068,59.558
rotary_emb,1069,59.955
rotary_emb,1070,59.588
rotary_emb,1071,60.223
rotary_emb,1072,60.692
rotary_emb,1073,59.396
rotary_emb,1074,60.241
rotary_emb,1075,59.546
rotary_emb,1076,59.953
rotary_emb,1077,59.693
rotary_emb,1078,59.649
rotary_emb,1079,60.235
rotary_emb,1080,60.979
rotary_emb,1081,60.718
rotary_emb,1082,59.667
rotary_emb,1083,60.563
rotary_emb,1084,59.969
rotary_emb,1085,59.348
rotary_emb,1086,60.029
rotary_emb,1087,60.553
rotary_emb,1088,60.327
rotary_emb,1089,59.749
rotary_emb,1090,59.981
rotary_emb,1091,59.818
rotary_emb,1092,60.886
rotary_emb,1093,59.794
rotary_emb,1094,61.045
rotary_emb,1095,60.285
rotary_emb,1096,60.32
rotary_emb,1097,61.075
rotary_emb,1098,60.281
rotary_emb,1099,60.964
rotary_emb,1100,60.369
rotary_emb,1101,60.097
rotary_emb,1102,60.52
rotary_emb,1103,61.069
rotary_emb,1104,60.962
rotary_emb,1105,60.286
rotary_emb,1106,60.339
rotary_emb,1107,60.453
rotary_emb,1108,61.224
rotary_emb,1109,60.299
rotary_emb,1110,61.333
rotary_emb,1111,60.729
rotary_emb,1112,60.622
rotary_emb,1113,60.996
rotary_emb,1114,61.381
rotary_emb,1115,60.602
rotary_emb,1116,61.113
rotary_emb,1117,60.561
rotary_emb,1118,61.001
rotary_emb,1119,60.372
rotary_emb,1120,60.732
rotary_emb,1121,60.459
rotary_emb,1122,61.625
rotary_emb,1123,60.705
rotary_emb,1124,61.852
rotary_emb,1125,60.532
rotary_emb,1126,61.211
rotary_emb,1127,60.805
rotary_emb,1128,61.681
rotary_emb,1129,60.728
rotary_emb,1130,61.147
rotary_emb,1131,60.746
rotary_emb,1132,61.856
rotary_emb,1133,60.914
rotary_emb,1134,61.382
rotary_emb,1135,61.026
rotary_emb,1136,61.605
rotary_emb,1137,62.116
rotary_emb,1138,61.676
rotary_emb,1139,61.065
rotary_emb,1140,62.092
rotary_emb,1141,62.141
rotary_emb,1142,61.273
rotary_emb,1143,61.376
rotary_emb,1144,61.897
rotary_emb,1145,62.351
rotary_emb,1146,61.304
rotary_emb,1147,62.344
rotary_emb,1148,61.948
rotary_emb,1149,61.365
rotary_emb,1150,61.535
rotary_emb,1151,62.48
rotary_emb,1152,61.767
rotary_emb,1153,61.443
rotary_emb,1154,61.744
rotary_emb,1155,61.539
rotary_emb,1156,62.064
rotary_emb,1157,61.742
rotary_emb,1158,62.229
rotary_emb,1159,61.801
rotary_emb,1160,62.01
rotary_emb,1161,62.009
rotary_emb,1162,61.86
rotary_emb,1163,61.975
rotary_emb,1164,62.252
rotary_emb,1165,62.774
rotary_emb,1166,62.511
rotary_emb,1167,62.063
rotary_emb,1168,63.335
rotary_emb,1169,62.176
rotary_emb,1170,62.925
rotary_emb,1171,62.075
rotary_emb,1172,62.328
rotary_emb,1173,63.287
rotary_emb,1174,62.31
rotary_emb,1175,63.053
rotary_emb,1176,63.001
rotary_emb,1177,62.971
rotary_emb,1178,62.401
rotary_emb,1179,62.984
rotary_emb,1180,63.611
rotary_emb,1181,63.078
rotary_emb,1182,63.366
rotary_emb,1183,62.222
rotary_emb,1184,63.199
rotary_emb,1185,62.149
rotary_emb,1186,63.272
rotary_emb,1187,62.463
rotary_emb,1188,63.336
rotary_emb,1189,62.217
rotary_emb,1190,62.234
rotary_emb,1191,62.599
rotary_emb,1192,62.605
rotary_emb,1193,62.76
rotary_emb,1194,63.474
rotary_emb,1195,63.119
rotary_emb,1196,62.733
rotary_emb,1197,62.704
rotary_emb,1198,62.71
rotary_emb,1199,63.484
rotary_emb,1200,63.771
rotary_emb,1201,63.446
rotary_emb,1202,62.743
rotary_emb,1203,63.481
rotary_emb,1204,63.058
rotary_emb,1205,63.666
rotary_emb,1206,62.891
rotary_emb,1207,63.601
rotary_emb,1208,64.187
rotary_emb,1209,63.67
rotary_emb,1210,62.953
rotary_emb,1211,64.26
rotary_emb,1212,64.077
rotary_emb,1213,63.074
rotary_emb,1214,63.2
rotary_emb,1215,62.981
rotary_emb,1216,63.815
rotary_emb,1217,64.063
rotary_emb,1218,63.981
rotary_emb,1219,64.25
rotary_emb,1220,63.221
rotary_emb,1221,63.489
rotary_emb,1222,63.853
rotary_emb,1223,63.3
rotary_emb,1224,63.413
rotary_emb,1225,64.636
rotary_emb,1226,64.404
rotary_emb,1227,64.607
rotary_emb,1228,63.579
rotary_emb,1229,64.599
rotary_emb,1230,63.177
rotary_emb,1231,64.385
rotary_emb,1232,64.326
rotary_emb,1233,64.57
rotary_emb,1234,63.898
rotary_emb,1235,64.526
rotary_emb,1236,63.919
rotary_emb,1237,64.504
rotary_emb,1238,63.851
rotary_emb,1239,63.646
rotary_emb,1240,64.24
rotary_emb,1241,63.679
rotary_emb,1242,64.304
rotary_emb,1243,64.824
rotary_emb,1244,64.461
rotary_emb,1245,64.817
rotary_emb,1246,63.991
rotary_emb,1247,63.593
rotary_emb,1248,64.04
rotary_emb,1249,64.817
rotary_emb,1250,64.359
rotary_emb,1251,64.837
rotary_emb,1252,64.22
rotary_emb,1253,63.897
rotary_emb,1254,64.504
rotary_emb,1255,63.871
rotary_emb,1256,65.088
rotary_emb,1257,63.915
rotary_emb,1258,65.12
rotary_emb,1259,64.415
rotary_emb,1260,64.255
rotary_emb,1261,64.299
rotary_emb,1262,65.16
rotary_emb,1263,64.433
rotary_emb,1264,65.323
rotary_emb,1265,65.171
rotary_emb,1266,64.198
rotary_emb,1267,64.5
rotary_emb,1268,64.427
rotary_emb,1269,65.364
rotary_emb,1270,64.907
rotary_emb,1271,65.417
rotary_emb,1272,65.023
rotary_emb,1273,64.724
rotary_emb,1274,65.651
rotary_emb,1275,64.619
rotary_emb,1276,65.767
rotary_emb,1277,64.727
rotary_emb,1278,65.661
rotary_emb,1279,65.0
rotary_emb,1280,65.713
rotary_emb,1281,65.162
rotary_emb,1282,64.837
rotary_emb,1283,65.752
rotary_emb,1284,66.294
rotary_emb,1285,64.544
rotary_emb,1286,64.924
rotary_emb,1287,64.847
rotary_emb,1288,64.963
rotary_emb,1289,65.223
rotary_emb,1290,65.767
rotary_emb,1291,66.035
rotary_emb,1292,64.818
rotary_emb,1293,65.661
rotary_emb,1294,64.963
rotary_emb,1295,64.811
rotary_emb,1296,65.301
rotary_emb,1297,64.608
rotary_emb,1298,65.557
rotary_emb,1299,65.249
rotary_emb,1300,64.831
rotary_emb,1301,65.085
rotary_emb,1302,65.975
rotary_emb,1303,65.594
rotary_emb,1304,65.409
rotary_emb,1305,66.19
rotary_emb,1306,65.744
rotary_emb,1307,66.074
rotary_emb,1308,65.806
rotary_emb,1309,64.87
rotary_emb,1310,65.945
rotary_emb,1311,65.191
rotary_emb,1312,65.208
rotary_emb,1313,66.246
rotary_emb,1314,65.199
rotary_emb,1315,66.241
rotary_emb,1316,65.482
rotary_emb,1317,66.213
rotary_emb,1318,65.656
rotary_emb,1319,65.435
rotary_emb,1320,66.547
rotary_emb,1321,66.625
rotary_emb,1322,65.568
rotary_emb,1323,66.026
rotary_emb,1324,66.167
rotary_emb,1325,65.354
rotary_emb,1326,65.654
rotary_emb,1327,66.165
rotary_emb,1328,65.466
rotary_emb,1329,66.376
rotary_emb,1330,65.738
rotary_emb,1331,66.809
rotary_emb,1332,66.765
rotary_emb,1333,66.993
rotary_emb,1334,66.182
rotary_emb,1335,66.249
rotary_emb,1336,67.222
rotary_emb,1337,66.675
rotary_emb,1338,66.493
rotary_emb,1339,67.149
rotary_emb,1340,67.396
rotary_emb,1341,66.18
rotary_emb,1342,67.307
rotary_emb,1343,66.775
rotary_emb,1344,67.348
rotary_emb,1345,67.16
rotary_emb,1346,66.475
rotary_emb,1347,67.411
rotary_emb,1348,67.249
rotary_emb,1349,66.896
rotary_emb,1350,66.178
rotary_emb,1351,66.523
rotary_emb,1352,66.578
rotary_emb,1353,67.044
rotary_emb,1354,67.135
rotary_emb,1355,67.605
rotary_emb,1356,66.778
rotary_emb,1357,67.774
rotary_emb,1358,66.591
rotary_emb,1359,66.849
rotary_emb,1360,67.26
rotary_emb,1361,67.665
rotary_emb,1362,66.728
rotary_emb,1363,67.104
rotary_emb,1364,67.006
rotary_emb,1365,66.939
rotary_emb,1366,66.771
rotary_emb,1367,67.852
rotary_emb,1368,67.598
rotary_emb,1369,66.979
rotary_emb,1370,67.055
rotary_emb,1371,67.801
rotary_emb,1372,67.813
rotary_emb,1373,67.358
rotary_emb,1374,66.685
rotary_emb,1375,68.087
rotary_emb,1376,68.165
rotary_emb,1377,67.367
rotary_emb,1378,66.76
rotary_emb,1379,68.216
rotary_emb,1380,67.403
rotary_emb,1381,67.156
rotary_emb,1382,67.046
rotary_emb,1383,68.33
rotary_emb,1384,67.838
rotary_emb,1385,67.642
rotary_emb,1386,68.126
rotary_emb,1387,67.801
rotary_emb,1388,68.173
rotary_emb,1389,68.01
rotary_emb,1390,67.305
rotary_emb,1391,68.138
rotary_emb,1392,68.803
rotary_emb,1393,67.948
rotary_emb,1394,67.898
rotary_emb,1395,68.638
rotary_emb,1396,68.864
rotary_emb,1397,68.166
rotary_emb,1398,67.836
rotary_emb,1399,67.629
rotary_emb,1400,68.105
rotary_emb,1401,68.697
rotary_emb,1402,68.356
rotary_emb,1403,69.118
rotary_emb,1404,68.153
rotary_emb,1405,68.043
rotary_emb,1406,67.811
rotary_emb,1407,69.172
rotary_emb,1408,69.243
rotary_emb,1409,67.718
rotary_emb,1410,68.844
rotary_emb,1411,68.661
rotary_emb,1412,67.954
rotary_emb,1413,67.621
rotary_emb,1414,68.996
rotary_emb,1415,67.841
rotary_emb,1416,67.63
rotary_emb,1417,69.179
rotary_emb,1418,68.206
rotary_emb,1419,67.478
rotary_emb,1420,69.077
rotary_emb,1421,68.329
rotary_emb,1422,68.985
rotary_emb,1423,69.173
rotary_emb,1424,69.429
rotary_emb,1425,67.829
rotary_emb,1426,69.229
rotary_emb,1427,68.771
rotary_emb,1428,69.156
rotary_emb,1429,67.815
rotary_emb,1430,68.524
rotary_emb,1431,68.212
rotary_emb,1432,68.597
rotary_emb,1433,68.27
rotary_emb,1434,68.619
rotary_emb,1435,68.16
rotary_emb,1436,69.956
rotary_emb,1437,68.577
rotary_emb,1438,68.227
rotary_emb,1439,69.457
rotary_emb,1440,68.908
rotary_emb,1441,69.451
rotary_emb,1442,69.685
rotary_emb,1443,68.527
rotary_emb,1444,69.03
rotary_emb,1445,68.725
rotary_emb,1446,69.703
rotary_emb,1447,69.748
rotary_emb,1448,69.204
rotary_emb,1449,69.167
rotary_emb,1450,68.506
rotary_emb,1451,68.508
rotary_emb,1452,68.841
rotary_emb,1453,69.897
rotary_emb,1454,69.463
rotary_emb,1455,69.399
rotary_emb,1456,69.321
rotary_emb,1457,68.703
rotary_emb,1458,69.067
rotary_emb,1459,69.924
rotary_emb,1460,70.165
rotary_emb,1461,68.984
rotary_emb,1462,70.24
rotary_emb,1463,70.202
rotary_emb,1464,69.093
rotary_emb,1465,70.254
rotary_emb,1466,69.401
rotary_emb,1467,69.396
rotary_emb,1468,69.407
rotary_emb,1469,70.529
rotary_emb,1470,70.353
rotary_emb,1471,69.836
rotary_emb,1472,70.042
rotary_emb,1473,69.798
rotary_emb,1474,69.284
rotary_emb,1475,70.844
rotary_emb,1476,69.703
rotary_emb,1477,70.189
rotary_emb,1478,69.751
rotary_emb,1479,69.578
rotary_emb,1480,69.654
rotary_emb,1481,69.593
rotary_emb,1482,70.43
rotary_emb,1483,70.214
rotary_emb,1484,70.634
rotary_emb,1485,70.224
rotary_emb,1486,69.93
rotary_emb,1487,70.252
rotary_emb,1488,71.442
rotary_emb,1489,70.983
rotary_emb,1490,70.555
rotary_emb,1491,70.991
rotary_emb,1492,70.033
rotary_emb,1493,69.753
rotary_emb,1494,70.615
rotary_emb,1495,70.321
rotary_emb,1496,70.705
rotary_emb,1497,71.278
rotary_emb,1498,71.414
rotary_emb,1499,71.81
rotary_emb,1500,71.07
rotary_emb,1501,70.493
rotary_emb,1502,69.883
rotary_emb,1503,70.128
rotary_emb,1504,70.359
rotary_emb,1505,71.009
rotary_emb,1506,69.943
rotary_emb,1507,71.667
rotary_emb,1508,71.742
rotary_emb,1509,71.208
rotary_emb,1510,70.694
rotary_emb,1511,71.529
rotary_emb,1512,70.735
rotary_emb,1513,70.027
rotary_emb,1514,71.442
rotary_emb,1515,71.246
rotary_emb,1516,71.564
rotary_emb,1517,70.955
rotary_emb,1518,71.858
rotary_emb,1519,71.985
rotary_emb,1520,70.625
rotary_emb,1521,72.15
rotary_emb,1522,71.201
rotary_emb,1523,71.247
rotary_emb,1524,71.764
rotary_emb,1525,71.147
rotary_emb,1526,70.641
rotary_emb,1527,72.258
rotary_emb,1528,72.327
rotary_emb,1529,71.227
rotary_emb,1530,71.165
rotary_emb,1531,70.996
rotary_emb,1532,71.235
rotary_emb,1533,70.774
rotary_emb,1534,72.712
rotary_emb,1535,71.991
rotary_emb,1536,72.702
rotary_emb,1537,71.619
rotary_emb,1538,70.945
rotary_emb,1539,70.824
rotary_emb,1540,71.137
rotary_emb,1541,72.123
rotary_emb,1542,71.683
rotary_emb,1543,71.475
rotary_emb,1544,71.848
rotary_emb,1545,72.668
rotary_emb,1546,71.513
rotary_emb,1547,72.392
rotary_emb,1548,72.621
rotary_emb,1549,71.834
rotary_emb,1550,71.123
rotary_emb,1551,71.062
rotary_emb,1552,71.262
rotary_emb,1553,71.411
rotary_emb,1554,72.559
rotary_emb,1555,72.366
rotary_emb,1556,72.545
rotary_emb,1557,72.446
rotary_emb,1558,72.06
rotary_emb,1559,72.133
rotary_emb,1560,72.515
rotary_emb,1561,71.89
rotary_emb,1562,73.096
rotary_emb,1563,72.985
rotary_emb,1564,71.509
rotary_emb,1565,72.833
rotary_emb,1566,72.687
rotary_emb,1567,72.462
rotary_emb,1568,72.598
rotary_emb,1569,72.389
rotary_emb,1570,72.076
rotary_emb,1571,71.994
rotary_emb,1572,72.626
rotary_emb,1573,73.111
rotary_emb,1574,72.523
rotary_emb,1575,73.576
rotary_emb,1576,73.547
rotary_emb,1577,73.133
rotary_emb,1578,72.514
rotary_emb,1579,72.76
rotary_emb,1580,72.995
rotary_emb,1581,72.34
rotary_emb,1582,71.945
rotary_emb,1583,71.957
rotary_emb,1584,72.037
rotary_emb,1585,73.701
rotary_emb,1586,73.076
rotary_emb,1587,72.68
rotary_emb,1588,73.457
rotary_emb,1589,72.767
rotary_emb,1590,73.991
rotary_emb,1591,74.016
rotary_emb,1592,72.809
rotary_emb,1593,73.553
rotary_emb,1594,73.07
rotary_emb,1595,74.039
rotary_emb,1596,73.419
rotary_emb,1597,74.165
rotary_emb,1598,72.942
rotary_emb,1599,74.505
rotary_emb,1600,73.209
rotary_emb,1601,73.958
rotary_emb,1602,73.196
rotary_emb,1603,73.372
rotary_emb,1604,74.364
rotary_emb,1605,74.37
rotary_emb,1606,72.894
rotary_emb,1607,73.03
rotary_emb,1608,73.541
rotary_emb,1609,73.408
rotary_emb,1610,73.363
rotary_emb,1611,74.856
rotary_emb,1612,73.347
rotary_emb,1613,74.827
rotary_emb,1614,74.413
rotary_emb,1615,74.454
rotary_emb,1616,75.064
rotary_emb,1617,74.274
rotary_emb,1618,73.943
rotary_emb,1619,73.648
rotary_emb,1620,74.457
rotary_emb,1621,75.134
rotary_emb,1622,73.856
rotary_emb,1623,75.359
rotary_emb,1624,73.895
rotary_emb,1625,75.588
rotary_emb,1626,74.717
rotary_emb,1627,74.861
rotary_emb,1628,75.461
rotary_emb,1629,74.668
rotary_emb,1630,75.534
rotary_emb,1631,74.13
rotary_emb,1632,74.995
rotary_emb,1633,74.253
rotary_emb,1634,73.82
rotary_emb,1635,73.807
rotary_emb,1636,74.314
rotary_emb,1637,75.679
rotary_emb,1638,74.037
rotary_emb,1639,73.856
rotary_emb,1640,75.725
rotary_emb,1641,73.858
rotary_emb,1642,75.805
rotary_emb,1643,75.556
rotary_emb,1644,75.014
rotary_emb,1645,74.391
rotary_emb,1646,75.949
rotary_emb,1647,73.949
rotary_emb,1648,76.284
rotary_emb,1649,74.815
rotary_emb,1650,74.474
rotary_emb,1651,74.811
rotary_emb,1652,74.564
rotary_emb,1653,75.759
rotary_emb,1654,74.522
rotary_emb,1655,76.254
rotary_emb,1656,75.805
rotary_emb,1657,74.616
rotary_emb,1658,76.135
rotary_emb,1659,76.394
rotary_emb,1660,74.694
rotary_emb,1661,75.61
rotary_emb,1662,75.406
rotary_emb,1663,75.726
rotary_emb,1664,75.21
rotary_emb,1665,75.129
rotary_emb,1666,75.432
rotary_emb,1667,74.837
rotary_emb,1668,76.429
rotary_emb,1669,76.668
rotary_emb,1670,76.544
rotary_emb,1671,76.603
rotary_emb,1672,76.839
rotary_emb,1673,76.153
rotary_emb,1674,75.023
rotary_emb,1675,76.467
rotary_emb,1676,76.137
rotary_emb,1677,75.018
rotary_emb,1678,76.416
rotary_emb,1679,76.678
rotary_emb,1680,75.039
rotary_emb,1681,75.758
rotary_emb,1682,76.738
rotary_emb,1683,77.019
rotary_emb,1684,76.936
rotary_emb,1685,75.551
rotary_emb,1686,77.109
rotary_emb,1687,76.0
rotary_emb,1688,77.316
rotary_emb,1689,75.719
rotary_emb,1690,75.93
rotary_emb,1691,77.154
rotary_emb,1692,76.736
rotary_emb,1693,77.03
rotary_emb,1694,77.398
rotary_emb,1695,76.165
rotary_emb,1696,77.389
rotary_emb,1697,77.144
rotary_emb,1698,76.089
rotary_emb,1699,75.642
rotary_emb,1700,77.048
rotary_emb,1701,77.183
rotary_emb,1702,77.539
rotary_emb,1703,75.904
rotary_emb,1704,77.531
rotary_emb,1705,77.003
rotary_emb,1706,75.956
rotary_emb,1707,75.38
rotary_emb,1708,76.485
rotary_emb,1709,75.256
rotary_emb,1710,76.558
rotary_emb,1711,75.489
rotary_emb,1712,75.287
rotary_emb,1713,76.75
rotary_emb,1714,75.641
rotary_emb,1715,75.722
rotary_emb,1716,76.851
rotary_emb,1717,77.037
rotary_emb,1718,77.34
rotary_emb,1719,76.209
rotary_emb,1720,76.11
rotary_emb,1721,77.328
rotary_emb,1722,76.566
rotary_emb,1723,77.531
rotary_emb,1724,77.497
rotary_emb,1725,76.394
rotary_emb,1726,76.16
rotary_emb,1727,76.795
rotary_emb,1728,76.533
rotary_emb,1729,77.503
rotary_emb,1730,77.21
rotary_emb,1731,76.168
rotary_emb,1732,76.19
rotary_emb,1733,76.999
rotary_emb,1734,76.404
rotary_emb,1735,77.871
rotary_emb,1736,77.18
rotary_emb,1737,76.218
rotary_emb,1738,77.374
rotary_emb,1739,76.672
rotary_emb,1740,76.305
rotary_emb,1741,77.252
rotary_emb,1742,76.576
rotary_emb,1743,77.635
rotary_emb,1744,77.507
rotary_emb,1745,76.506
rotary_emb,1746,78.29
rotary_emb,1747,77.924
rotary_emb,1748,77.223
rotary_emb,1749,78.227
rotary_emb,1750,77.275
rotary_emb,1751,76.656
rotary_emb,1752,76.669
rotary_emb,1753,77.722
rotary_emb,1754,76.192
rotary_emb,1755,78.553
rotary_emb,1756,77.994
rotary_emb,1757,76.656
rotary_emb,1758,76.725
rotary_emb,1759,77.466
rotary_emb,1760,77.402
rotary_emb,1761,76.591
rotary_emb,1762,77.679
rotary_emb,1763,76.975
rotary_emb,1764,77.205
rotary_emb,1765,77.625
rotary_emb,1766,76.908
rotary_emb,1767,78.157
rotary_emb,1768,78.09
rotary_emb,1769,76.941
rotary_emb,1770,78.52
rotary_emb,1771,77.505
rotary_emb,1772,77.396
rotary_emb,1773,78.97
rotary_emb,1774,77.523
rotary_emb,1775,77.496
rotary_emb,1776,78.004
rotary_emb,1777,77.394
rotary_emb,1778,77.551
rotary_emb,1779,78.37
rotary_emb,1780,78.115
rotary_emb,1781,79.015
rotary_emb,1782,78.653
rotary_emb,1783,77.895
rotary_emb,1784,79.399
rotary_emb,1785,79.115
rotary_emb,1786,78.594
rotary_emb,1787,77.448
rotary_emb,1788,78.091
rotary_emb,1789,79.126
rotary_emb,1790,78.194
rotary_emb,1791,79.611
rotary_emb,1792,79.518
rotary_emb,1793,78.552
rotary_emb,1794,78.134
rotary_emb,1795,79.41
rotary_emb,1796,79.656
rotary_emb,1797,78.254
rotary_emb,1798,80.263
rotary_emb,1799,78.985
rotary_emb,1800,79.103
rotary_emb,1801,78.217
rotary_emb,1802,79.002
rotary_emb,1803,80.047
rotary_emb,1804,78.557
rotary_emb,1805,79.438
rotary_emb,1806,80.201
rotary_emb,1807,78.322
rotary_emb,1808,80.265
rotary_emb,1809,79.254
rotary_emb,1810,78.783
rotary_emb,1811,80.362
rotary_emb,1812,79.686
rotary_emb,1813,79.927
rotary_emb,1814,78.59
rotary_emb,1815,80.63
rotary_emb,1816,79.929
rotary_emb,1817,79.306
rotary_emb,1818,80.007
rotary_emb,1819,79.083
rotary_emb,1820,80.496
rotary_emb,1821,80.382
rotary_emb,1822,79.51
rotary_emb,1823,78.683
rotary_emb,1824,79.125
rotary_emb,1825,79.772
rotary_emb,1826,80.633
rotary_emb,1827,80.688
rotary_emb,1828,81.013
rotary_emb,1829,79.605
rotary_emb,1830,80.649
rotary_emb,1831,78.698
rotary_emb,1832,81.081
rotary_emb,1833,80.477
rotary_emb,1834,81.469
rotary_emb,1835,80.815
rotary_emb,1836,81.131
rotary_emb,1837,80.386
rotary_emb,1838,80.983
rotary_emb,1839,80.867
rotary_emb,1840,79.277
rotary_emb,1841,79.7
rotary_emb,1842,79.278
rotary_emb,1843,81.045
rotary_emb,1844,80.794
rotary_emb,1845,79.53
rotary_emb,1846,80.8
rotary_emb,1847,80.3
rotary_emb,1848,80.484
rotary_emb,1849,80.175
rotary_emb,1850,79.342
rotary_emb,1851,79.516
rotary_emb,1852,81.453
rotary_emb,1853,79.852
rotary_emb,1854,81.304
rotary_emb,1855,81.417
rotary_emb,1856,81.294
rotary_emb,1857,80.239
rotary_emb,1858,81.653
rotary_emb,1859,81.49
rotary_emb,1860,82.053
rotary_emb,1861,81.618
rotary_emb,1862,80.691
rotary_emb,1863,80.782
rotary_emb,1864,81.439
rotary_emb,1865,81.692
rotary_emb,1866,81.541
rotary_emb,1867,82.432
rotary_emb,1868,81.108
rotary_emb,1869,82.305
rotary_emb,1870,80.773
rotary_emb,1871,80.657
rotary_emb,1872,81.104
rotary_emb,1873,81.601
rotary_emb,1874,80.983
rotary_emb,1875,80.853
rotary_emb,1876,81.624
rotary_emb,1877,82.124
rotary_emb,1878,81.147
rotary_emb,1879,80.701
rotary_emb,1880,82.657
rotary_emb,1881,81.82
rotary_emb,1882,82.742
rotary_emb,1883,80.94
rotary_emb,1884,83.383
rotary_emb,1885,81.955
rotary_emb,1886,82.661
rotary_emb,1887,83.623
rotary_emb,1888,83.102
rotary_emb,1889,82.33
rotary_emb,1890,82.671
rotary_emb,1891,82.784
rotary_emb,1892,84.074
rotary_emb,1893,82.138
rotary_emb,1894,81.081
rotary_emb,1895,81.113
rotary_emb,1896,83.832
rotary_emb,1897,81.661
rotary_emb,1898,81.315
rotary_emb,1899,84.182
rotary_emb,1900,82.51
rotary_emb,1901,83.335
rotary_emb,1902,84.979
rotary_emb,1903,83.624
rotary_emb,1904,83.185
rotary_emb,1905,82.512
rotary_emb,1906,82.573
rotary_emb,1907,81.85
rotary_emb,1908,83.472
rotary_emb,1909,82.899
rotary_emb,1910,83.097
rotary_emb,1911,83.063
rotary_emb,1912,83.277
rotary_emb,1913,82.697
rotary_emb,1914,83.108
rotary_emb,1915,82.711
rotary_emb,1916,84.228
rotary_emb,1917,83.276
rotary_emb,1918,83.754
rotary_emb,1919,84.326
rotary_emb,1920,82.569
rotary_emb,1921,83.537
rotary_emb,1922,84.117
rotary_emb,1923,82.195
rotary_emb,1924,82.725
rotary_emb,1925,83.775
rotary_emb,1926,83.021
rotary_emb,1927,82.539
rotary_emb,1928,83.084
rotary_emb,1929,83.779
rotary_emb,1930,84.198
rotary_emb,1931,81.911
rotary_emb,1932,83.041
rotary_emb,1933,83.956
rotary_emb,1934,83.295
rotary_emb,1935,82.961
rotary_emb,1936,82.668
rotary_emb,1937,82.141
rotary_emb,1938,83.286
rotary_emb,1939,82.013
rotary_emb,1940,82.313
rotary_emb,1941,82.564
rotary_emb,1942,83.914
rotary_emb,1943,83.269
rotary_emb,1944,83.26
rotary_emb,1945,82.33
rotary_emb,1946,84.461
rotary_emb,1947,84.448
rotary_emb,1948,84.211
rotary_emb,1949,82.815
rotary_emb,1950,82.804
rotary_emb,1951,84.723
rotary_emb,1952,83.645
rotary_emb,1953,83.782
rotary_emb,1954,83.081
rotary_emb,1955,82.824
rotary_emb,1956,82.857
rotary_emb,1957,84.333
rotary_emb,1958,83.717
rotary_emb,1959,83.19
rotary_emb,1960,83.005
rotary_emb,1961,83.259
rotary_emb,1962,84.548
rotary_emb,1963,83.784
rotary_emb,1964,84.574
rotary_emb,1965,83.507
rotary_emb,1966,82.969
rotary_emb,1967,83.187
rotary_emb,1968,84.719
rotary_emb,1969,83.718
rotary_emb,1970,83.178
rotary_emb,1971,82.796
rotary_emb,1972,83.52
rotary_emb,1973,84.824
rotary_emb,1974,83.449
rotary_emb,1975,84.874
rotary_emb,1976,83.275
rotary_emb,1977,82.99
rotary_emb,1978,84.714
rotary_emb,1979,84.692
rotary_emb,1980,84.724
rotary_emb,1981,83.856
rotary_emb,1982,82.995
rotary_emb,1983,84.691
rotary_emb,1984,84.664
rotary_emb,1985,84.939
rotary_emb,1986,83.899
rotary_emb,1987,83.57
rotary_emb,1988,84.156
rotary_emb,1989,85.207
rotary_emb,1990,85.178
rotary_emb,1991,83.955
rotary_emb,1992,85.91
rotary_emb,1993,83.328
rotary_emb,1994,83.619
rotary_emb,1995,85.268
rotary_emb,1996,85.369
rotary_emb,1997,84.465
rotary_emb,1998,84.864
rotary_emb,1999,84.484
rotary_emb,2000,84.714
rotary_emb,2001,85.784
rotary_emb,2002,84.883
rotary_emb,2003,84.701
rotary_emb,2004,85.699
rotary_emb,2005,84.511
rotary_emb,2006,83.563
rotary_emb,2007,85.45
rotary_emb,2008,86.105
rotary_emb,2009,85.21
rotary_emb,2010,83.963
rotary_emb,2011,84.338
rotary_emb,2012,84.91
rotary_emb,2013,86.105
rotary_emb,2014,85.215
rotary_emb,2015,85.347
rotary_emb,2016,85.721
rotary_emb,2017,84.792
rotary_emb,2018,84.482
rotary_emb,2019,86.139
rotary_emb,2020,85.074
rotary_emb,2021,85.486
rotary_emb,2022,84.948
rotary_emb,2023,86.224
rotary_emb,2024,85.175
rotary_emb,2025,86.18
rotary_emb,2026,85.275
rotary_emb,2027,84.976
rotary_emb,2028,85.015
rotary_emb,2029,86.208
rotary_emb,2030,86.857
rotary_emb,2031,86.409
rotary_emb,2032,86.613
rotary_emb,2033,86.248
rotary_emb,2034,84.768
rotary_emb,2035,86.218
rotary_emb,2036,84.939
rotary_emb,2037,85.228
rotary_emb,2038,86.314
rotary_emb,2039,86.302
rotary_emb,2040,86.571
rotary_emb,2041,85.743
rotary_emb,2042,85.019
rotary_emb,2043,85.353
rotary_emb,2044,84.946
rotary_emb,2045,84.843
rotary_emb,2046,87.004
rotary_emb,2047,86.285
rotary_emb,2048,86.496
