sim_time_ns,instance_id,policy,event_type,reason,npu_used_bytes,npu_kv_bytes,kv_capacity_bytes,cpu_used_bytes,cxl_used_bytes,reserve_bytes,forecast_bytes,pressure,kv_pressure,trigger,target,active_decode_requests,resident_decode_requests,request_id,request_input_tokens,request_generated_tokens,raw_bytes,stored_bytes,storage_tier,score,utility,selected_requests,deferred_requests
44910654428,0,oracle_reserve_lru,trigger,forecast_above_trigger,18799403008,2738880512,2815858769,0,0,140509184,18939912192,1.00336563063164,1.0225618300532031,1.0,0.98,69,69,-1,0,0,0,0,,0.0,0.0,69,0
44910654428,0,oracle_reserve_lru,spill,proactive_target_headroom,18715516928,2654994432,2815858769,83886080,0,138412032,18853928960,0.9988105609499618,0.9920264804303471,1.0,0.98,69,68,1,633,630,83886080,83886080,CPU,44910654428.0,0.0,0,0
44910654428,0,oracle_reserve_lru,spill,proactive_target_headroom,18629533696,2569011200,2815858769,169869312,0,136314880,18765848576,0.9941443920077548,0.9607463661825434,1.0,0.98,69,67,29,645,572,85983232,85983232,CPU,44910654428.0,0.0,0,0
45072817730,0,oracle_reserve_lru,trigger,forecast_above_trigger,18755362816,2694840320,2815858769,169869312,0,140509184,18895872000,1.0010325461605365,1.0069217729293014,1.0,0.98,72,70,-1,0,0,0,0,,0.0,0.0,72,0
45072817730,0,oracle_reserve_lru,spill,proactive_target_headroom,18717614080,2657091584,2815858769,207618048,0,138412032,18856026112,0.9989216602104906,0.9927712450552949,1.0,0.98,72,69,52,288,259,37748736,37748736,CPU,45072817730.0,0.0,0,0
45072817730,0,oracle_reserve_lru,spill,proactive_target_headroom,18677768192,2617245696,2815858769,247463936,0,136314880,18814083072,0.9966996749999159,0.9778759525563407,1.0,0.98,72,68,54,293,256,39845888,39845888,CPU,45072817730.0,0.0,0,0
45438192678,0,oracle_reserve_lru,admission,value_ranked_working_set,18644213760,2583691264,2815858769,247463936,0,134217728,18778431488,0.9948109875709273,0.9652149539322297,1.0,0.98,71,67,-1,0,0,0,0,,0.0,0.0,1,3
45438192678,0,oracle_reserve_lru,reload,value_ranked_admission,18692448256,2631925760,2815858769,209715200,0,0,18692448256,0.990255917889249,0.9346796043093737,1.0,0.98,3,0,52,288,259,37748736,37748736,CPU,0.0,0.0,0,0
45936435565,0,oracle_reserve_lru,admission,value_ranked_working_set,18633728000,2573205504,2815858769,209715200,0,132120576,18765848576,0.9941443920077548,0.9607463661825434,1.0,0.98,68,65,-1,0,0,0,0,,0.0,0.0,1,2
45936435565,0,oracle_reserve_lru,reload,value_ranked_admission,18684059648,2623537152,2815858769,169869312,0,0,18684059648,0.9898115208471342,0.9317005458095828,1.0,0.98,2,0,54,293,256,39845888,39845888,CPU,0.0,0.0,0,0
46711770535,0,oracle_reserve_lru,admission,value_ranked_working_set,18581299200,2520776704,2815858769,169869312,0,132120576,18713419776,0.9913669104945365,0.9421272505588507,1.0,0.98,65,63,-1,0,0,0,0,,0.0,0.0,1,1
46711770535,0,oracle_reserve_lru,reload,value_ranked_admission,18669379584,2608857088,2815858769,85983232,0,0,18669379584,0.989033826023433,0.9264871934349489,1.0,0.98,1,0,1,633,630,83886080,83886080,CPU,0.0,0.0,0,0
48270186015,0,oracle_reserve_lru,trigger,forecast_above_trigger,18749071360,2688548864,2815858769,85983232,0,130023424,18879094784,1.0001437520763066,1.0009636559297197,1.0,0.98,64,63,-1,0,0,0,0,,0.0,0.0,64,0
48270186015,0,oracle_reserve_lru,spill,proactive_target_headroom,18709225472,2648702976,2815858769,125829120,0,127926272,18837151744,0.997921766865732,0.9860683634307655,1.0,0.98,64,62,56,303,286,39845888,39845888,CPU,48270186015.0,0.0,0,0
48270186015,0,oracle_reserve_lru,spill,proactive_target_headroom,18667282432,2606759936,2815858769,167772160,0,125829120,18793111552,0.9955886823946285,0.9704283063068636,1.0,0.98,64,61,59,311,286,41943040,41943040,CPU,48270186015.0,0.0,0,0
50107590203,0,oracle_reserve_lru,trigger,forecast_above_trigger,18770042880,2709520384,2815858769,167772160,0,119537664,18889580544,1.0006992483789503,1.0046874790544582,1.0,0.98,63,60,-1,0,0,0,0,,0.0,0.0,63,0
50107590203,0,oracle_reserve_lru,spill,proactive_target_headroom,18619047936,2558525440,2815858769,318767104,0,119537664,18738585600,0.9927001016208813,0.9510644260582233,1.0,0.98,63,59,60,1141,300,150994944,150994944,CPU,50107590203.0,0.0,0,0
50107590203,0,oracle_reserve_lru,admission,value_ranked_working_set,18619047936,2558525440,2815858769,318767104,0,119537664,18738585600,0.9927001016208813,0.9510644260582233,1.0,0.98,63,59,-1,0,0,0,0,,0.0,0.0,1,3
50107590203,0,oracle_reserve_lru,reload,value_ranked_admission,18669379584,2608857088,2815858769,278921216,0,0,18669379584,0.989033826023433,0.9264871934349489,1.0,0.98,3,0,56,303,286,39845888,39845888,CPU,0.0,0.0,0,0
50246950137,0,oracle_reserve_lru,admission,value_ranked_working_set,18583396352,2522873856,2815858769,278921216,0,121634816,18705031168,0.9909225134524215,0.9391481920590599,1.0,0.98,61,58,-1,0,0,0,0,,0.0,0.0,1,2
50246950137,0,oracle_reserve_lru,reload,value_ranked_admission,18627436544,2566914048,2815858769,236978176,0,0,18627436544,0.9868118408128582,0.9115919009359947,1.0,0.98,2,0,59,311,286,41943040,41943040,CPU,0.0,0.0,0,0
52282830405,0,oracle_reserve_lru,admission,value_ranked_working_set,18610659328,2550136832,2815858769,236978176,0,115343360,18726002688,0.9920335060577089,0.946595838308537,1.0,0.98,58,56,-1,0,0,0,0,,0.0,0.0,1,1
52282830405,0,oracle_reserve_lru,reload,value_ranked_admission,18705031168,2644508672,2815858769,150994944,0,0,18705031168,0.9909225134524215,0.9391481920590599,1.0,0.98,1,0,29,645,572,85983232,85983232,CPU,0.0,0.0,0,0
54601699085,0,oracle_reserve_lru,admission,value_ranked_working_set,18566619136,2506096640,2815858769,150994944,0,98566144,18665185280,0.9888116275023755,0.9249976641850535,1.0,0.98,50,49,-1,0,0,0,0,,0.0,0.0,1,0
54601699085,0,oracle_reserve_lru,reload,value_ranked_admission,18723905536,2663383040,2815858769,0,0,0,18723905536,0.9919224067971801,0.9458510736835892,1.0,0.98,0,0,60,1141,300,150994944,150994944,CPU,0.0,0.0,0,0
61247481913,0,oracle_reserve_lru,trigger,forecast_above_trigger,18858123264,2797600768,2815858769,0,0,100663296,18958786560,1.0043655239763987,1.0292647116777325,1.0,0.98,49,49,-1,0,0,0,0,,0.0,0.0,49,0
61247481913,0,oracle_reserve_lru,spill,proactive_target_headroom,18801500160,2740977664,2815858769,56623104,0,98566144,18900066304,1.001254744681594,1.0084113021791967,1.0,0.98,49,48,63,427,412,56623104,56623104,CPU,61247481913.0,0.0,0,0
61247481913,0,oracle_reserve_lru,spill,proactive_target_headroom,18688253952,2627731456,2815858769,169869312,0,96468992,18784722944,0.9951442853525135,0.9674492478070729,1.0,0.98,49,47,64,854,411,113246208,113246208,CPU,61247481913.0,0.0,0,0
61422460726,0,oracle_reserve_lru,trigger,forecast_above_trigger,18828763136,2768240640,2815858769,169869312,0,102760448,18931523584,1.002921233589525,1.0195827715534125,1.0,0.98,52,50,-1,0,0,0,0,,0.0,0.0,52,0
61422460726,0,oracle_reserve_lru,spill,proactive_target_headroom,18774237184,2713714688,2815858769,224395264,0,100663296,18874900480,0.9999215535552491,0.9994741266798243,1.0,0.98,52,49,77,406,397,54525952,54525952,CPU,61422460726.0,0.0,0,0
61422460726,0,oracle_reserve_lru,spill,proactive_target_headroom,18721808384,2661285888,2815858769,276824064,0,98566144,18820374528,0.997032972781502,0.9801102464311838,1.0,0.98,52,48,91,390,378,52428800,52428800,CPU,61422460726.0,0.0,0,0
61422460726,0,oracle_reserve_lru,spill,proactive_target_headroom,18669379584,2608857088,2815858769,329252864,0,96468992,18765848576,0.9941443920077548,0.9607463661825434,1.0,0.98,52,47,95,385,369,52428800,52428800,CPU,61422460726.0,0.0,0,0
61666903350,0,oracle_reserve_lru,trigger,forecast_above_trigger,18870706176,2810183680,2815858769,329252864,0,102760448,18973466624,1.0051432188000997,1.0344780640523665,1.0,0.98,55,50,-1,0,0,0,0,,0.0,0.0,55,0
61666903350,0,oracle_reserve_lru,spill,proactive_target_headroom,18811985920,2751463424,2815858769,387973120,0,100663296,18912649216,1.0019213402447664,1.0128798899288831,1.0,0.98,55,49,98,434,367,58720256,58720256,CPU,61666903350.0,0.0,0,0
61666903350,0,oracle_reserve_lru,spill,proactive_target_headroom,18780528640,2720006144,2815858769,419430400,0,98566144,18879094784,1.0001437520763066,1.0009636559297197,1.0,0.98,55,48,103,238,212,31457280,31457280,CPU,61666903350.0,0.0,0,0
61666903350,0,oracle_reserve_lru,spill,proactive_target_headroom,18744877056,2684354560,2815858769,455081984,0,96468992,18841346048,0.9981439653867894,0.987557892680661,1.0,0.98,55,47,104,262,212,35651584,35651584,CPU,61666903350.0,0.0,0,0
61666903350,0,oracle_reserve_lru,spill,proactive_target_headroom,18681962496,2621440000,2815858769,517996544,0,94371840,18776334336,0.9946998883103986,0.964470189307282,1.0,0.98,55,46,105,471,211,62914560,62914560,CPU,61666903350.0,0.0,0,0
61666903350,0,oracle_reserve_lru,admission,value_ranked_working_set,18681962496,2621440000,2815858769,517996544,0,94371840,18776334336,0.9946998883103986,0.964470189307282,1.0,0.98,55,46,-1,0,0,0,0,,0.0,0.0,1,8
61666903350,0,oracle_reserve_lru,reload,value_ranked_admission,18801500160,2740977664,2815858769,486539264,0,0,18801500160,0.9960330794367434,0.9734073648066545,1.0,0.98,8,0,103,238,212,31457280,31457280,CPU,0.0,0.0,0,0
61736720067,0,oracle_reserve_lru,trigger,forecast_above_trigger,18801500160,2740977664,2815858769,486539264,0,104857600,18906357760,1.0015880424631802,1.01064559605404,1.0,0.98,59,51,-1,0,0,0,0,,0.0,0.0,59,0
61736720067,0,oracle_reserve_lru,spill,proactive_target_headroom,18767945728,2707423232,2815858769,520093696,0,102760448,18870706176,0.9996993550341917,0.9979845974299288,1.0,0.98,59,50,106,247,209,33554432,33554432,CPU,61736720067.0,0.0,0,0
61736720067,0,oracle_reserve_lru,spill,proactive_target_headroom,18730196992,2669674496,2815858769,557842432,0,100663296,18830860288,0.9975884690841457,0.9838340695559223,1.0,0.98,59,49,108,282,209,37748736,37748736,CPU,61736720067.0,0.0,0,0
61736720067,0,oracle_reserve_lru,spill,proactive_target_headroom,18700836864,2640314368,2815858769,587202560,0,100663296,18801500160,0.9960330794367434,0.9734073648066545,1.0,0.98,59,48,111,215,208,29360128,29360128,CPU,61736720067.0,0.0,0,0
61951649569,0,oracle_reserve_lru,trigger,forecast_above_trigger,18809888768,2749366272,2815858769,587202560,0,106954752,18916843520,1.002143538765824,1.0143694191787784,1.0,0.98,62,51,-1,0,0,0,0,,0.0,0.0,62,0
61951649569,0,oracle_reserve_lru,spill,proactive_target_headroom,18776334336,2715811840,2815858769,620756992,0,104857600,18881191936,1.0002548513368354,1.0017084205546674,1.0,0.98,62,50,114,243,209,33554432,33554432,CPU,61951649569.0,0.0,0,0
61951649569,0,oracle_reserve_lru,spill,proactive_target_headroom,18738585600,2678063104,2815858769,658505728,0,102760448,18841346048,0.9981439653867894,0.987557892680661,1.0,0.98,62,49,118,285,202,37748736,37748736,CPU,61951649569.0,0.0,0,0
61951649569,0,oracle_reserve_lru,spill,proactive_target_headroom,18671476736,2610954240,2815858769,725614592,0,100663296,18772140032,0.9944776897893411,0.9629806600573866,1.0,0.98,62,48,119,497,202,67108864,67108864,CPU,61951649569.0,0.0,0,0
61951649569,0,oracle_reserve_lru,admission,value_ranked_working_set,18671476736,2610954240,2815858769,725614592,0,100663296,18772140032,0.9944776897893411,0.9629806600573866,1.0,0.98,62,48,-1,0,0,0,0,,0.0,0.0,1,13
61951649569,0,oracle_reserve_lru,reload,value_ranked_admission,18820374528,2759852032,2815858769,692060160,0,0,18820374528,0.997032972781502,0.9801102464311838,1.0,0.98,13,0,114,243,209,33554432,33554432,CPU,0.0,0.0,0,0
62033580441,0,oracle_reserve_lru,trigger,forecast_above_trigger,18820374528,2759852032,2815858769,692060160,0,106954752,18927329280,1.0026990350684677,1.018093242303517,1.0,0.98,64,51,-1,0,0,0,0,,0.0,0.0,64,0
62033580441,0,oracle_reserve_lru,spill,proactive_target_headroom,18774237184,2713714688,2815858769,738197504,0,104857600,18879094784,1.0001437520763066,1.0009636559297197,1.0,0.98,64,50,120,338,200,46137344,46137344,CPU,62033580441.0,0.0,0,0
62033580441,0,oracle_reserve_lru,spill,proactive_target_headroom,18711322624,2650800128,2815858769,801112064,0,102760448,18814083072,0.9966996749999159,0.9778759525563407,1.0,0.98,64,49,122,477,197,62914560,62914560,CPU,62033580441.0,0.0,0,0
62200115797,0,oracle_reserve_lru,trigger,forecast_above_trigger,18793111552,2732589056,2815858769,801112064,0,104857600,18897969152,1.0011436454210654,1.007666537554249,1.0,0.98,66,51,-1,0,0,0,0,,0.0,0.0,66,0
62200115797,0,oracle_reserve_lru,spill,proactive_target_headroom,18723905536,2663383040,2815858769,870318080,0,102760448,18826665984,0.9973662705630882,0.982344540306027,1.0,0.98,66,50,124,527,195,69206016,69206016,CPU,62200115797.0,0.0,0,0
62200115797,0,oracle_reserve_lru,spill,proactive_target_headroom,18694545408,2634022912,2815858769,899678208,0,102760448,18797305856,0.9958108809156859,0.971917835556759,1.0,0.98,66,49,125,209,195,29360128,29360128,CPU,62200115797.0,0.0,0,0
62340428671,0,oracle_reserve_lru,trigger,forecast_above_trigger,18780528640,2720006144,2815858769,899678208,0,106954752,18887483392,1.0005881491184216,1.0039427144295106,1.0,0.98,68,51,-1,0,0,0,0,,0.0,0.0,68,0
62340428671,0,oracle_reserve_lru,spill,proactive_target_headroom,18749071360,2688548864,2815858769,931135488,0,104857600,18853928960,0.9988105609499618,0.9920264804303471,1.0,0.98,68,50,126,231,197,31457280,31457280,CPU,62340428671.0,0.0,0,0
62340428671,0,oracle_reserve_lru,spill,proactive_target_headroom,18696642560,2636120064,2815858769,983564288,0,102760448,18799403008,0.9959219801762147,0.9726626001817068,1.0,0.98,68,49,129,395,190,52428800,52428800,CPU,62340428671.0,0.0,0,0
62778923417,0,oracle_reserve_lru,trigger,forecast_above_trigger,18860220416,2799697920,2815858769,983564288,0,104857600,18965078016,1.0046988217579849,1.0314990055525757,1.0,0.98,70,51,-1,0,0,0,0,,0.0,0.0,70,0
62778923417,0,oracle_reserve_lru,spill,proactive_target_headroom,18832957440,2772434944,2815858769,1010827264,0,102760448,18935717888,1.0031434321105825,1.0210723008033078,1.0,0.98,70,50,131,203,193,27262976,27262976,CPU,62778923417.0,0.0,0,0
62778923417,0,oracle_reserve_lru,spill,proactive_target_headroom,18803597312,2743074816,2815858769,1040187392,0,100663296,18904260608,1.0014769432026516,1.0099008314290923,1.0,0.98,70,49,133,218,193,29360128,29360128,CPU,62778923417.0,0.0,0,0
62778923417,0,oracle_reserve_lru,spill,proactive_target_headroom,18711322624,2650800128,2815858769,1132462080,0,98566144,18809888768,0.9964774764788583,0.9763864233064453,1.0,0.98,70,48,134,693,193,92274688,92274688,CPU,62778923417.0,0.0,0,0
63144393601,0,oracle_reserve_lru,trigger,forecast_above_trigger,18786820096,2726297600,2815858769,1132462080,0,104857600,18891677696,1.0008103476394792,1.0054322436794059,1.0,0.98,75,53,-1,0,0,0,0,,0.0,0.0,75,0
63144393601,0,oracle_reserve_lru,spill,proactive_target_headroom,18755362816,2694840320,2815858769,1163919360,0,102760448,18858123264,0.9990327594710193,0.9935160096802426,1.0,0.98,75,52,135,228,197,31457280,31457280,CPU,63144393601.0,0.0,0,0
63144393601,0,oracle_reserve_lru,spill,proactive_target_headroom,18705031168,2644508672,2815858769,1214251008,0,100663296,18805694464,0.9962552779578009,0.9748968940565499,1.0,0.98,75,51,136,372,196,50331648,50331648,CPU,63144393601.0,0.0,0,0
63424701711,0,oracle_reserve_lru,trigger,forecast_above_trigger,18795208704,2734686208,2815858769,1214251008,0,104857600,18900066304,1.001254744681594,1.0084113021791967,1.0,0.98,76,52,-1,0,0,0,0,,0.0,0.0,76,0
63424701711,0,oracle_reserve_lru,spill,proactive_target_headroom,18742779904,2682257408,2815858769,1266679808,0,102760448,18845540352,0.9983661639078468,0.9890474219305564,1.0,0.98,76,51,138,400,200,52428800,52428800,CPU,63424701711.0,0.0,0,0
63424701711,0,oracle_reserve_lru,spill,proactive_target_headroom,18614853632,2554331136,2815858769,1394606080,0,100663296,18715516928,0.9914780097550652,0.9428720151837985,1.0,0.98,76,50,140,971,197,127926272,127926272,CPU,63424701711.0,0.0,0,0
63424701711,0,oracle_reserve_lru,admission,value_ranked_working_set,18614853632,2554331136,2815858769,1394606080,0,100663296,18715516928,0.9914780097550652,0.9428720151837985,1.0,0.98,76,50,-1,0,0,0,0,,0.0,0.0,2,24
63424701711,0,oracle_reserve_lru,reload,value_ranked_admission,18700836864,2640314368,2815858769,1310720000,0,0,18700836864,0.990700314931364,0.9376586628091644,1.0,0.98,24,0,138,400,200,52428800,52428800,CPU,0.0,0.0,0,0
63424701711,0,oracle_reserve_lru,reload,value_ranked_admission,18700836864,2640314368,2815858769,1310720000,0,0,18700836864,0.990700314931364,0.9376586628091644,1.0,0.98,24,0,135,228,197,31457280,31457280,CPU,0.0,0.0,0,0
63811025973,0,oracle_reserve_lru,trigger,forecast_above_trigger,18803597312,2743074816,2815858769,1310720000,0,111149056,18914746368,1.002032439505295,1.0136246545538308,1.0,0.98,80,56,-1,0,0,0,0,,0.0,0.0,80,0
63811025973,0,oracle_reserve_lru,spill,proactive_target_headroom,18644213760,2583691264,2815858769,1470103552,0,109051904,18753265664,0.9934777964445825,0.9562777784328572,1.0,0.98,80,55,144,1204,195,159383552,159383552,CPU,63811025973.0,0.0,0,0
63811025973,0,oracle_reserve_lru,admission,value_ranked_working_set,18644213760,2583691264,2815858769,1470103552,0,109051904,18753265664,0.9934777964445825,0.9562777784328572,1.0,0.98,80,55,-1,0,0,0,0,,0.0,0.0,1,24
63811025973,0,oracle_reserve_lru,reload,value_ranked_admission,18774237184,2713714688,2815858769,1419771904,0,0,18774237184,0.9945887890498698,0.9637254246823342,1.0,0.98,24,0,136,372,196,50331648,50331648,CPU,0.0,0.0,0,0
64262882209,0,oracle_reserve_lru,trigger,forecast_above_trigger,18809888768,2749366272,2815858769,1419771904,0,119537664,18929426432,1.0028101343289963,1.0188380069284646,1.0,0.98,83,59,-1,0,0,0,0,,0.0,0.0,83,0
64262882209,0,oracle_reserve_lru,spill,proactive_target_headroom,18757459968,2696937472,2815858769,1472200704,0,117440512,18874900480,0.9999215535552491,0.9994741266798243,1.0,0.98,83,58,145,395,198,52428800,52428800,CPU,64262882209.0,0.0,0,0
64262882209,0,oracle_reserve_lru,spill,proactive_target_headroom,18702934016,2642411520,2815858769,1526726656,0,115343360,18818277376,0.9969218735209733,0.9793654818062362,1.0,0.98,83,57,146,416,198,54525952,54525952,CPU,64262882209.0,0.0,0,0
64333961496,0,oracle_reserve_lru,admission,value_ranked_working_set,18667282432,2606759936,2815858769,1526726656,0,117440512,18784722944,0.9951442853525135,0.9674492478070729,1.0,0.98,83,57,-1,0,0,0,0,,0.0,0.0,1,25
64333961496,0,oracle_reserve_lru,reload,value_ranked_admission,18702934016,2642411520,2815858769,1499463680,0,0,18702934016,0.9908114141918928,0.9384034274341122,1.0,0.98,25,0,131,203,193,27262976,27262976,CPU,0.0,0.0,0,0
65206937796,0,oracle_reserve_lru,trigger,forecast_above_trigger,18763751424,2703228928,2815858769,1499463680,0,117440512,18881191936,1.0002548513368354,1.0017084205546674,1.0,0.98,84,59,-1,0,0,0,0,,0.0,0.0,84,0
65206937796,0,oracle_reserve_lru,spill,proactive_target_headroom,18629533696,2569011200,2815858769,1633681408,0,115343360,18744877056,0.9930333994024675,0.9532987199330664,1.0,0.98,84,58,147,1011,206,134217728,134217728,CPU,65206937796.0,0.0,0,0
65206937796,0,oracle_reserve_lru,admission,value_ranked_working_set,18629533696,2569011200,2815858769,1633681408,0,115343360,18744877056,0.9930333994024675,0.9532987199330664,1.0,0.98,84,58,-1,0,0,0,0,,0.0,0.0,1,25
65206937796,0,oracle_reserve_lru,reload,value_ranked_admission,18690351104,2629828608,2815858769,1581252608,0,0,18690351104,0.9901448186287204,0.9339348396844259,1.0,0.98,25,0,145,395,198,52428800,52428800,CPU,0.0,0.0,0,0
65278276311,0,oracle_reserve_lru,admission,value_ranked_working_set,18648408064,2587885568,2815858769,1581252608,0,117440512,18765848576,0.9941443920077548,0.9607463661825434,1.0,0.98,83,58,-1,0,0,0,0,,0.0,0.0,1,24
65278276311,0,oracle_reserve_lru,reload,value_ranked_admission,18692448256,2631925760,2815858769,1551892480,0,0,18692448256,0.990255917889249,0.9346796043093737,1.0,0.98,24,0,133,218,193,29360128,29360128,CPU,0.0,0.0,0,0
66330129000,0,oracle_reserve_lru,admission,value_ranked_working_set,18598076416,2537553920,2815858769,1551892480,0,117440512,18715516928,0.9914780097550652,0.9428720151837985,1.0,0.98,81,57,-1,0,0,0,0,,0.0,0.0,2,22
66330129000,0,oracle_reserve_lru,reload,value_ranked_admission,18696642560,2636120064,2815858769,1465909248,0,0,18696642560,0.9904781164103066,0.9361691335592691,1.0,0.98,22,0,146,416,198,54525952,54525952,CPU,0.0,0.0,0,0
66330129000,0,oracle_reserve_lru,reload,value_ranked_admission,18696642560,2636120064,2815858769,1465909248,0,0,18696642560,0.9904781164103066,0.9361691335592691,1.0,0.98,22,0,126,231,197,31457280,31457280,CPU,0.0,0.0,0,0
67265674239,0,oracle_reserve_lru,trigger,forecast_above_trigger,18761654272,2701131776,2815858769,1465909248,0,121634816,18883289088,1.000365950597364,1.002453185179615,1.0,0.98,80,58,-1,0,0,0,0,,0.0,0.0,80,0
67265674239,0,oracle_reserve_lru,spill,proactive_target_headroom,18717614080,2657091584,2815858769,1509949440,0,119537664,18837151744,0.997921766865732,0.9860683634307655,1.0,0.98,80,57,148,324,229,44040192,44040192,CPU,67265674239.0,0.0,0,0
67265674239,0,oracle_reserve_lru,spill,proactive_target_headroom,18686156800,2625634304,2815858769,1541406720,0,117440512,18803597312,0.9961441786972721,0.9741521294316022,1.0,0.98,80,56,149,235,229,31457280,31457280,CPU,67265674239.0,0.0,0,0
67925035171,0,oracle_reserve_lru,trigger,forecast_above_trigger,18776334336,2715811840,2815858769,1541406720,0,111149056,18887483392,1.0005881491184216,1.0039427144295106,1.0,0.98,80,56,-1,0,0,0,0,,0.0,0.0,80,0
67925035171,0,oracle_reserve_lru,spill,proactive_target_headroom,18709225472,2648702976,2815858769,1608515584,0,109051904,18818277376,0.9969218735209733,0.9793654818062362,1.0,0.98,80,55,59,497,472,67108864,67108864,CPU,67925035171.0,0.0,0,0
67994266692,0,oracle_reserve_lru,admission,value_ranked_working_set,18635825152,2575302656,2815858769,1608515584,0,109051904,18744877056,0.9930333994024675,0.9532987199330664,1.0,0.98,78,53,-1,0,0,0,0,,0.0,0.0,1,24
67994266692,0,oracle_reserve_lru,reload,value_ranked_admission,18702934016,2642411520,2815858769,1541406720,0,0,18702934016,0.9908114141918928,0.9384034274341122,1.0,0.98,24,0,59,497,472,67108864,67108864,CPU,0.0,0.0,0,0
68925116082,0,oracle_reserve_lru,trigger,forecast_above_trigger,18774237184,2713714688,2815858769,1541406720,0,106954752,18881191936,1.0002548513368354,1.0017084205546674,1.0,0.98,77,53,-1,0,0,0,0,,0.0,0.0,77,0
68925116082,0,oracle_reserve_lru,spill,proactive_target_headroom,18665185280,2604662784,2815858769,1650458624,0,104857600,18770042880,0.9943665905288124,0.9622358954324388,1.0,0.98,77,52,29,827,754,109051904,109051904,CPU,68925116082.0,0.0,0,0
68925116082,0,oracle_reserve_lru,admission,value_ranked_working_set,18665185280,2604662784,2815858769,1650458624,0,104857600,18770042880,0.9943665905288124,0.9622358954324388,1.0,0.98,77,52,-1,0,0,0,0,,0.0,0.0,1,24
68925116082,0,oracle_reserve_lru,reload,value_ranked_admission,18721808384,2661285888,2815858769,1606418432,0,0,18721808384,0.9918113075366514,0.9451063090586416,1.0,0.98,24,0,148,324,229,44040192,44040192,CPU,0.0,0.0,0,0
69188254615,0,oracle_reserve_lru,admission,value_ranked_working_set,18652602368,2592079872,2815858769,1606418432,0,106954752,18759557120,0.9938110942261686,0.9585120723077003,1.0,0.98,75,51,-1,0,0,0,0,,0.0,0.0,1,23
69188254615,0,oracle_reserve_lru,reload,value_ranked_admission,18692448256,2631925760,2815858769,1574961152,0,0,18692448256,0.990255917889249,0.9346796043093737,1.0,0.98,23,0,149,235,229,31457280,31457280,CPU,0.0,0.0,0,0
69253392438,0,oracle_reserve_lru,admission,value_ranked_working_set,18631630848,2571108352,2815858769,1574961152,0,104857600,18736488448,0.9925890023603525,0.9503196614332755,1.0,0.98,74,51,-1,0,0,0,0,,0.0,0.0,1,22
69253392438,0,oracle_reserve_lru,reload,value_ranked_admission,18692448256,2631925760,2815858769,1522532352,0,0,18692448256,0.990255917889249,0.9346796043093737,1.0,0.98,22,0,129,395,190,52428800,52428800,CPU,0.0,0.0,0,0
69665873002,0,oracle_reserve_lru,admission,value_ranked_working_set,18679865344,2619342848,2815858769,1522532352,0,106954752,18786820096,0.9952553846130423,0.9681940124320205,1.0,0.98,73,51,-1,0,0,0,0,,0.0,0.0,1,21
69665873002,0,oracle_reserve_lru,reload,value_ranked_admission,18715516928,2654994432,2815858769,1493172224,0,0,18715516928,0.9914780097550652,0.9428720151837985,1.0,0.98,21,0,125,209,195,29360128,29360128,CPU,0.0,0.0,0,0
70486120127,0,oracle_reserve_lru,trigger,forecast_above_trigger,18772140032,2711617536,2815858769,1493172224,0,106954752,18879094784,1.0001437520763066,1.0009636559297197,1.0,0.98,72,51,-1,0,0,0,0,,0.0,0.0,72,0
70486120127,0,oracle_reserve_lru,spill,proactive_target_headroom,18753265664,2692743168,2815858769,1512046592,0,104857600,18858123264,0.9990327594710193,0.9935160096802426,1.0,0.98,72,50,150,137,122,18874368,18874368,CPU,70486120127.0,0.0,0,0
70486120127,0,oracle_reserve_lru,spill,proactive_target_headroom,18711322624,2650800128,2815858769,1553989632,0,102760448,18814083072,0.9966996749999159,0.9778759525563407,1.0,0.98,72,49,152,306,122,41943040,41943040,CPU,70486120127.0,0.0,0,0
70968750547,0,oracle_reserve_lru,trigger,forecast_above_trigger,18782625792,2722103296,2815858769,1553989632,0,100663296,18883289088,1.000365950597364,1.002453185179615,1.0,0.98,72,49,-1,0,0,0,0,,0.0,0.0,72,0
70968750547,0,oracle_reserve_lru,spill,proactive_target_headroom,18763751424,2703228928,2815858769,1572864000,0,98566144,18862317568,0.9992549579920768,0.995005538930138,1.0,0.98,72,48,153,135,127,18874368,18874368,CPU,70968750547.0,0.0,0,0
70968750547,0,oracle_reserve_lru,spill,proactive_target_headroom,18509996032,2449473536,2815858769,1826619392,0,96468992,18606465024,0.9857008482075709,0.9041442546865176,1.0,0.98,72,47,154,1934,127,253755392,253755392,CPU,70968750547.0,0.0,0,0
70968750547,0,oracle_reserve_lru,admission,value_ranked_working_set,18509996032,2449473536,2815858769,1826619392,0,96468992,18606465024,0.9857008482075709,0.9041442546865176,1.0,0.98,72,47,-1,0,0,0,0,,0.0,0.0,4,21
70968750547,0,oracle_reserve_lru,reload,value_ranked_admission,18702934016,2642411520,2815858769,1637875712,0,0,18702934016,0.9908114141918928,0.9384034274341122,1.0,0.98,21,0,153,135,127,18874368,18874368,CPU,0.0,0.0,0,0
70968750547,0,oracle_reserve_lru,reload,value_ranked_admission,18702934016,2642411520,2815858769,1637875712,0,0,18702934016,0.9908114141918928,0.9384034274341122,1.0,0.98,21,0,150,137,122,18874368,18874368,CPU,0.0,0.0,0,0
70968750547,0,oracle_reserve_lru,reload,value_ranked_admission,18702934016,2642411520,2815858769,1637875712,0,0,18702934016,0.9908114141918928,0.9384034274341122,1.0,0.98,21,0,152,306,122,41943040,41943040,CPU,0.0,0.0,0,0
70968750547,0,oracle_reserve_lru,reload,value_ranked_admission,18702934016,2642411520,2815858769,1637875712,0,0,18702934016,0.9908114141918928,0.9384034274341122,1.0,0.98,21,0,29,827,754,109051904,109051904,CPU,0.0,0.0,0,0
72369381111,0,oracle_reserve_lru,admission,value_ranked_working_set,18566619136,2506096640,2815858769,1637875712,0,98566144,18665185280,0.9888116275023755,0.9249976641850535,1.0,0.98,69,48,-1,0,0,0,0,,0.0,0.0,1,20
72369381111,0,oracle_reserve_lru,reload,value_ranked_admission,18702934016,2642411520,2815858769,1503657984,0,0,18702934016,0.9908114141918928,0.9384034274341122,1.0,0.98,20,0,147,1011,206,134217728,134217728,CPU,0.0,0.0,0,0
72426503646,0,oracle_reserve_lru,admission,value_ranked_working_set,18656796672,2596274176,2815858769,1503657984,0,100663296,18757459968,0.99369999496564,0.9577673076827526,1.0,0.98,68,48,-1,0,0,0,0,,0.0,0.0,1,19
72426503646,0,oracle_reserve_lru,reload,value_ranked_admission,18711322624,2650800128,2815858769,1457520640,0,0,18711322624,0.9912558112340077,0.9413824859339031,1.0,0.98,19,0,120,338,200,46137344,46137344,CPU,0.0,0.0,0,0
73262277111,0,oracle_reserve_lru,trigger,forecast_above_trigger,18774237184,2713714688,2815858769,1457520640,0,102760448,18876997632,1.000032652815778,1.000218891304772,1.0,0.98,68,49,-1,0,0,0,0,,0.0,0.0,68,0
73262277111,0,oracle_reserve_lru,spill,proactive_target_headroom,18751168512,2690646016,2815858769,1480589312,0,100663296,18851831808,0.9986994616894331,0.9912817158053995,1.0,0.98,68,48,155,162,153,23068672,23068672,CPU,73262277111.0,0.0,0,0
73262277111,0,oracle_reserve_lru,spill,proactive_target_headroom,18648408064,2587885568,2815858769,1583349760,0,98566144,18746974208,0.9931444986629963,0.954043484558014,1.0,0.98,68,47,156,770,152,102760448,102760448,CPU,73262277111.0,0.0,0,0
73262277111,0,oracle_reserve_lru,admission,value_ranked_working_set,18648408064,2587885568,2815858769,1583349760,0,98566144,18746974208,0.9931444986629963,0.954043484558014,1.0,0.98,68,47,-1,0,0,0,0,,0.0,0.0,2,19
73262277111,0,oracle_reserve_lru,reload,value_ranked_admission,18719711232,2659188736,2815858769,1522532352,0,0,18719711232,0.9917002082761227,0.9443615444336939,1.0,0.98,19,0,155,162,153,23068672,23068672,CPU,0.0,0.0,0,0
73262277111,0,oracle_reserve_lru,reload,value_ranked_admission,18719711232,2659188736,2815858769,1522532352,0,0,18719711232,0.9917002082761227,0.9443615444336939,1.0,0.98,19,0,118,285,202,37748736,37748736,CPU,0.0,0.0,0,0
74444602595,0,oracle_reserve_lru,trigger,forecast_above_trigger,18782625792,2722103296,2815858769,1522532352,0,100663296,18883289088,1.000365950597364,1.002453185179615,1.0,0.98,67,48,-1,0,0,0,0,,0.0,0.0,67,0
74444602595,0,oracle_reserve_lru,spill,proactive_target_headroom,18759557120,2699034624,2815858769,1545601024,0,98566144,18858123264,0.9990327594710193,0.9935160096802426,1.0,0.98,67,47,157,169,165,23068672,23068672,CPU,74444602595.0,0.0,0,0
74444602595,0,oracle_reserve_lru,spill,proactive_target_headroom,18734391296,2673868800,2815858769,1570766848,0,96468992,18830860288,0.9975884690841457,0.9838340695559223,1.0,0.98,67,46,158,189,164,25165824,25165824,CPU,74444602595.0,0.0,0,0
74444602595,0,oracle_reserve_lru,spill,proactive_target_headroom,18667282432,2606759936,2815858769,1637875712,0,94371840,18761654272,0.9939221934866974,0.9592568369326481,1.0,0.98,67,45,159,499,163,67108864,67108864,CPU,74444602595.0,0.0,0,0
74444602595,0,oracle_reserve_lru,admission,value_ranked_working_set,18667282432,2606759936,2815858769,1637875712,0,94371840,18761654272,0.9939221934866974,0.9592568369326481,1.0,0.98,67,45,-1,0,0,0,0,,0.0,0.0,2,20
74444602595,0,oracle_reserve_lru,reload,value_ranked_admission,18719711232,2659188736,2815858769,1589641216,0,0,18719711232,0.9917002082761227,0.9443615444336939,1.0,0.98,20,0,157,169,165,23068672,23068672,CPU,0.0,0.0,0,0
74444602595,0,oracle_reserve_lru,reload,value_ranked_admission,18719711232,2659188736,2815858769,1589641216,0,0,18719711232,0.9917002082761227,0.9443615444336939,1.0,0.98,20,0,158,189,164,25165824,25165824,CPU,0.0,0.0,0,0
74935667009,0,oracle_reserve_lru,trigger,forecast_above_trigger,18782625792,2722103296,2815858769,1589641216,0,94371840,18876997632,1.000032652815778,1.000218891304772,1.0,0.98,67,47,-1,0,0,0,0,,0.0,0.0,67,0
74935667009,0,oracle_reserve_lru,spill,proactive_target_headroom,18604367872,2543845376,2815858769,1767899136,0,92274688,18696642560,0.9904781164103066,0.9361691335592691,1.0,0.98,67,46,160,1351,170,178257920,178257920,CPU,74935667009.0,0.0,0,0
74935667009,0,oracle_reserve_lru,admission,value_ranked_working_set,18604367872,2543845376,2815858769,1767899136,0,92274688,18696642560,0.9904781164103066,0.9361691335592691,1.0,0.98,67,46,-1,0,0,0,0,,0.0,0.0,2,19
74935667009,0,oracle_reserve_lru,reload,value_ranked_admission,18705031168,2644508672,2815858769,1667235840,0,0,18705031168,0.9909225134524215,0.9391481920590599,1.0,0.98,19,0,159,499,163,67108864,67108864,CPU,0.0,0.0,0,0
74935667009,0,oracle_reserve_lru,reload,value_ranked_admission,18705031168,2644508672,2815858769,1667235840,0,0,18705031168,0.9909225134524215,0.9391481920590599,1.0,0.98,19,0,106,247,209,33554432,33554432,CPU,0.0,0.0,0,0
75095020706,0,oracle_reserve_lru,admission,value_ranked_working_set,18405138432,2344615936,2815858769,1667235840,0,96468992,18501607424,0.9801458851811341,0.8669060234391323,1.0,0.98,65,46,-1,0,0,0,0,,0.0,0.0,3,16
75095020706,0,oracle_reserve_lru,reload,value_ranked_admission,18723905536,2663383040,2815858769,1356857344,0,0,18723905536,0.9919224067971801,0.9458510736835892,1.0,0.98,16,0,160,1351,170,178257920,178257920,CPU,0.0,0.0,0,0
75095020706,0,oracle_reserve_lru,reload,value_ranked_admission,18723905536,2663383040,2815858769,1356857344,0,0,18723905536,0.9919224067971801,0.9458510736835892,1.0,0.98,16,0,156,770,152,102760448,102760448,CPU,0.0,0.0,0,0
75095020706,0,oracle_reserve_lru,reload,value_ranked_admission,18723905536,2663383040,2815858769,1356857344,0,0,18723905536,0.9919224067971801,0.9458510736835892,1.0,0.98,16,0,111,215,208,29360128,29360128,CPU,0.0,0.0,0,0
77305250757,0,oracle_reserve_lru,trigger,forecast_above_trigger,18784722944,2724200448,2815858769,1356857344,0,98566144,18883289088,1.000365950597364,1.002453185179615,1.0,0.98,63,47,-1,0,0,0,0,,0.0,0.0,63,0
77305250757,0,oracle_reserve_lru,spill,proactive_target_headroom,18660990976,2600468480,2815858769,1480589312,0,96468992,18757459968,0.99369999496564,0.9577673076827526,1.0,0.98,63,46,162,941,195,123731968,123731968,CPU,77305250757.0,0.0,0,0
77305250757,0,oracle_reserve_lru,admission,value_ranked_working_set,18660990976,2600468480,2815858769,1480589312,0,96468992,18757459968,0.99369999496564,0.9577673076827526,1.0,0.98,63,46,-1,0,0,0,0,,0.0,0.0,1,16
77305250757,0,oracle_reserve_lru,reload,value_ranked_admission,18702934016,2642411520,2815858769,1442840576,0,0,18702934016,0.9908114141918928,0.9384034274341122,1.0,0.98,16,0,108,282,209,37748736,37748736,CPU,0.0,0.0,0,0
77473505427,0,oracle_reserve_lru,admission,value_ranked_working_set,18673573888,2613051392,2815858769,1442840576,0,96468992,18770042880,0.9943665905288124,0.9622358954324388,1.0,0.98,62,46,-1,0,0,0,0,,0.0,0.0,1,15
77473505427,0,oracle_reserve_lru,reload,value_ranked_admission,18717614080,2657091584,2815858769,1407188992,0,0,18717614080,0.9915891090155939,0.9436167798087461,1.0,0.98,15,0,104,262,212,35651584,35651584,CPU,0.0,0.0,0,0
77583656542,0,oracle_reserve_lru,admission,value_ranked_working_set,18637922304,2577399808,2815858769,1407188992,0,94371840,18732294144,0.9923668038392951,0.9488301321833801,1.0,0.98,61,46,-1,0,0,0,0,,0.0,0.0,1,14
77583656542,0,oracle_reserve_lru,reload,value_ranked_admission,18707128320,2646605824,2815858769,1337982976,0,0,18707128320,0.9910336127129502,0.9398929566840076,1.0,0.98,14,0,124,527,195,69206016,69206016,CPU,0.0,0.0,0,0
79328838820,0,oracle_reserve_lru,trigger,forecast_above_trigger,18788917248,2728394752,2815858769,1337982976,0,92274688,18881191936,1.0002548513368354,1.0017084205546674,1.0,0.98,60,46,-1,0,0,0,0,,0.0,0.0,60,0
79328838820,0,oracle_reserve_lru,spill,proactive_target_headroom,18730196992,2669674496,2815858769,1396703232,0,90177536,18820374528,0.997032972781502,0.9801102464311838,1.0,0.98,60,45,163,439,220,58720256,58720256,CPU,79328838820.0,0.0,0,0
79328838820,0,oracle_reserve_lru,spill,proactive_target_headroom,18698739712,2638217216,2815858769,1428160512,0,88080384,18786820096,0.9952553846130423,0.9681940124320205,1.0,0.98,60,44,164,230,220,31457280,31457280,CPU,79328838820.0,0.0,0,0
79498070123,0,oracle_reserve_lru,trigger,forecast_above_trigger,18786820096,2726297600,2815858769,1428160512,0,90177536,18876997632,1.000032652815778,1.000218891304772,1.0,0.98,61,45,-1,0,0,0,0,,0.0,0.0,61,0
79498070123,0,oracle_reserve_lru,spill,proactive_target_headroom,18698739712,2638217216,2815858769,1516240896,0,88080384,18786820096,0.9952553846130423,0.9681940124320205,1.0,0.98,61,44,166,658,222,88080384,88080384,CPU,79498070123.0,0.0,0,0
79554024723,0,oracle_reserve_lru,admission,value_ranked_working_set,18656796672,2596274176,2815858769,1516240896,0,88080384,18744877056,0.9930333994024675,0.9532987199330664,1.0,0.98,60,43,-1,0,0,0,0,,0.0,0.0,1,16
79554024723,0,oracle_reserve_lru,reload,value_ranked_admission,18820374528,2759852032,2815858769,1457520640,0,0,18820374528,0.997032972781502,0.9801102464311838,1.0,0.98,16,0,163,439,220,58720256,58720256,CPU,0.0,0.0,0,0
79609979323,0,oracle_reserve_lru,trigger,forecast_above_trigger,18820374528,2759852032,2815858769,1457520640,0,92274688,18912649216,1.0019213402447664,1.0128798899288831,1.0,0.98,61,45,-1,0,0,0,0,,0.0,0.0,61,0
79609979323,0,oracle_reserve_lru,spill,proactive_target_headroom,18786820096,2726297600,2815858769,1491075072,0,90177536,18876997632,1.000032652815778,1.000218891304772,1.0,0.98,61,44,167,243,224,33554432,33554432,CPU,79609979323.0,0.0,0,0
79609979323,0,oracle_reserve_lru,spill,proactive_target_headroom,18755362816,2694840320,2815858769,1522532352,0,88080384,18843443200,0.9982550646473182,0.9883026573056086,1.0,0.98,61,43,171,239,223,31457280,31457280,CPU,79609979323.0,0.0,0,0
79609979323,0,oracle_reserve_lru,spill,proactive_target_headroom,18696642560,2636120064,2815858769,1581252608,0,85983232,18782625792,0.9950331860919848,0.9667044831821251,1.0,0.98,61,42,172,447,222,58720256,58720256,CPU,79609979323.0,0.0,0,0
79609979323,0,oracle_reserve_lru,admission,value_ranked_working_set,18696642560,2636120064,2815858769,1581252608,0,85983232,18782625792,0.9950331860919848,0.9667044831821251,1.0,0.98,61,42,-1,0,0,0,0,,0.0,0.0,1,18
79609979323,0,oracle_reserve_lru,reload,value_ranked_admission,18738585600,2678063104,2815858769,1547698176,0,0,18738585600,0.9927001016208813,0.9510644260582233,1.0,0.98,18,0,167,243,224,33554432,33554432,CPU,0.0,0.0,0,0
79829854399,0,oracle_reserve_lru,admission,value_ranked_working_set,18681962496,2621440000,2815858769,1547698176,0,90177536,18772140032,0.9944776897893411,0.9629806600573866,1.0,0.98,61,43,-1,0,0,0,0,,0.0,0.0,1,17
79829854399,0,oracle_reserve_lru,reload,value_ranked_admission,18717614080,2657091584,2815858769,1516240896,0,0,18717614080,0.9915891090155939,0.9436167798087461,1.0,0.98,17,0,171,239,223,31457280,31457280,CPU,0.0,0.0,0,0
80656958706,0,oracle_reserve_lru,trigger,forecast_above_trigger,18872803328,2812280832,2815858769,1516240896,0,104857600,18977660928,1.0053654173211573,1.0359675933022618,1.0,0.98,68,51,-1,0,0,0,0,,0.0,0.0,68,0
80656958706,0,oracle_reserve_lru,spill,proactive_target_headroom,18803597312,2743074816,2815858769,1585446912,0,102760448,18906357760,1.0015880424631802,1.01064559605404,1.0,0.98,68,50,174,517,233,69206016,69206016,CPU,80656958706.0,0.0,0,0
80656958706,0,oracle_reserve_lru,spill,proactive_target_headroom,18671476736,2610954240,2815858769,1717567488,0,100663296,18772140032,0.9944776897893411,0.9629806600573866,1.0,0.98,68,49,175,995,232,132120576,132120576,CPU,80656958706.0,0.0,0,0
80656958706,0,oracle_reserve_lru,admission,value_ranked_working_set,18671476736,2610954240,2815858769,1717567488,0,100663296,18772140032,0.9944776897893411,0.9629806600573866,1.0,0.98,68,49,-1,0,0,0,0,,0.0,0.0,1,18
80755987224,0,oracle_reserve_lru,trigger,forecast_above_trigger,18862317568,2801795072,2815858769,1717567488,0,104857600,18967175168,1.0048099210185135,1.0322437701775233,1.0,0.98,72,53,-1,0,0,0,0,,0.0,0.0,72,0
80755987224,0,oracle_reserve_lru,spill,proactive_target_headroom,18828763136,2768240640,2815858769,1751121920,0,102760448,18931523584,1.002921233589525,1.0195827715534125,1.0,0.98,72,52,176,244,233,33554432,33554432,CPU,80755987224.0,0.0,0,0
80755987224,0,oracle_reserve_lru,spill,proactive_target_headroom,18763751424,2703228928,2815858769,1816133632,0,100663296,18864414720,0.9993660572526055,0.9957503035550858,1.0,0.98,72,51,178,484,231,65011712,65011712,CPU,80755987224.0,0.0,0,0
80755987224,0,oracle_reserve_lru,spill,proactive_target_headroom,18696642560,2636120064,2815858769,1883242496,0,98566144,18795208704,0.9956997816551572,0.9711730709318114,1.0,0.98,72,50,180,507,229,67108864,67108864,CPU,80755987224.0,0.0,0,0
80882223743,0,oracle_reserve_lru,admission,value_ranked_working_set,18663088128,2602565632,2815858769,1883242496,0,98566144,18761654272,0.9939221934866974,0.9592568369326481,1.0,0.98,72,50,-1,0,0,0,0,,0.0,0.0,1,21
80882223743,0,oracle_reserve_lru,reload,value_ranked_admission,18801500160,2740977664,2815858769,1849688064,0,0,18801500160,0.9960330794367434,0.9734073648066545,1.0,0.98,21,0,176,244,233,33554432,33554432,CPU,0.0,0.0,0,0
80951753999,0,oracle_reserve_lru,trigger,forecast_above_trigger,18801500160,2740977664,2815858769,1849688064,0,104857600,18906357760,1.0015880424631802,1.01064559605404,1.0,0.98,74,53,-1,0,0,0,0,,0.0,0.0,74,0
80951753999,0,oracle_reserve_lru,spill,proactive_target_headroom,18757459968,2696937472,2815858769,1893728256,0,102760448,18860220416,0.999143858731548,0.9942607743051903,1.0,0.98,74,52,183,325,226,44040192,44040192,CPU,80951753999.0,0.0,0,0
80951753999,0,oracle_reserve_lru,spill,proactive_target_headroom,18723905536,2663383040,2815858769,1927282688,0,100663296,18824568832,0.9972551713025595,0.9815997756810793,1.0,0.98,74,51,185,256,225,33554432,33554432,CPU,80951753999.0,0.0,0,0
80951753999,0,oracle_reserve_lru,spill,proactive_target_headroom,18692448256,2631925760,2815858769,1958739968,0,100663296,18793111552,0.9955886823946285,0.9704283063068636,1.0,0.98,74,50,187,230,223,31457280,31457280,CPU,80951753999.0,0.0,0,0
81140490128,0,oracle_reserve_lru,trigger,forecast_above_trigger,18780528640,2720006144,2815858769,1958739968,0,104857600,18885386240,1.000477049857893,1.003197949804563,1.0,0.98,76,52,-1,0,0,0,0,,0.0,0.0,76,0
81140490128,0,oracle_reserve_lru,spill,proactive_target_headroom,18698739712,2638217216,2815858769,2040528896,0,102760448,18801500160,0.9960330794367434,0.9734073648066545,1.0,0.98,76,51,188,618,223,81788928,81788928,CPU,81140490128.0,0.0,0,0
81252933566,0,oracle_reserve_lru,trigger,forecast_above_trigger,18797305856,2736783360,2815858769,2040528896,0,104857600,18902163456,1.0013658439421227,1.0091560668041444,1.0,0.98,78,53,-1,0,0,0,0,,0.0,0.0,78,0
81252933566,0,oracle_reserve_lru,spill,proactive_target_headroom,18715516928,2654994432,2815858769,2122317824,0,102760448,18818277376,0.9969218735209733,0.9793654818062362,1.0,0.98,78,52,138,622,422,81788928,81788928,CPU,81252933566.0,0.0,0,0
81309155285,0,oracle_reserve_lru,admission,value_ranked_working_set,18652602368,2592079872,2815858769,2122317824,0,102760448,18755362816,0.9935888957051112,0.9570225430578049,1.0,0.98,76,50,-1,0,0,0,0,,0.0,0.0,1,25
81309155285,0,oracle_reserve_lru,reload,value_ranked_admission,18780528640,2720006144,2815858769,2078277632,0,0,18780528640,0.994922086831456,0.9659597185571774,1.0,0.98,25,0,183,325,226,44040192,44040192,CPU,0.0,0.0,0,0
81365303080,0,oracle_reserve_lru,trigger,forecast_above_trigger,18780528640,2720006144,2815858769,2078277632,0,106954752,18887483392,1.0005881491184216,1.0039427144295106,1.0,0.98,77,52,-1,0,0,0,0,,0.0,0.0,77,0
81365303080,0,oracle_reserve_lru,spill,proactive_target_headroom,18742779904,2682257408,2815858769,2116026368,0,104857600,18847637504,0.9984772631683756,0.989792186555504,1.0,0.98,77,51,190,285,223,37748736,37748736,CPU,81365303080.0,0.0,0,0
81365303080,0,oracle_reserve_lru,spill,proactive_target_headroom,18650505216,2589982720,2815858769,2208301056,0,102760448,18753265664,0.9934777964445825,0.9562777784328572,1.0,0.98,77,50,191,692,223,92274688,92274688,CPU,81365303080.0,0.0,0,0
81365303080,0,oracle_reserve_lru,admission,value_ranked_working_set,18650505216,2589982720,2815858769,2208301056,0,102760448,18753265664,0.9934777964445825,0.9562777784328572,1.0,0.98,77,50,-1,0,0,0,0,,0.0,0.0,1,26
81365303080,0,oracle_reserve_lru,reload,value_ranked_admission,18692448256,2631925760,2815858769,2170552320,0,0,18692448256,0.990255917889249,0.9346796043093737,1.0,0.98,26,0,190,285,223,37748736,37748736,CPU,0.0,0.0,0,0
81573188562,0,oracle_reserve_lru,trigger,forecast_above_trigger,18778431488,2717908992,2815858769,2170552320,0,106954752,18885386240,1.000477049857893,1.003197949804563,1.0,0.98,78,52,-1,0,0,0,0,,0.0,0.0,78,0
81573188562,0,oracle_reserve_lru,spill,proactive_target_headroom,18732294144,2671771648,2815858769,2216689664,0,104857600,18837151744,0.997921766865732,0.9860683634307655,1.0,0.98,78,51,192,344,225,46137344,46137344,CPU,81573188562.0,0.0,0,0
81573188562,0,oracle_reserve_lru,spill,proactive_target_headroom,18692448256,2631925760,2815858769,2256535552,0,102760448,18795208704,0.9956997816551572,0.9711730709318114,1.0,0.98,78,50,193,297,225,39845888,39845888,CPU,81573188562.0,0.0,0,0
81627531644,0,oracle_reserve_lru,admission,value_ranked_working_set,18646310912,2585788416,2815858769,2256535552,0,102760448,18749071360,0.993255597923525,0.9547882491829618,1.0,0.98,78,50,-1,0,0,0,0,,0.0,0.0,1,27
81627531644,0,oracle_reserve_lru,reload,value_ranked_admission,18698739712,2638217216,2815858769,2210398208,0,0,18698739712,0.9905892156708354,0.9369138981842168,1.0,0.98,27,0,192,344,225,46137344,46137344,CPU,0.0,0.0,0,0
81843816820,0,oracle_reserve_lru,trigger,forecast_above_trigger,18763751424,2703228928,2815858769,2210398208,0,113246208,18876997632,1.000032652815778,1.000218891304772,1.0,0.98,82,55,-1,0,0,0,0,,0.0,0.0,82,0
81843816820,0,oracle_reserve_lru,spill,proactive_target_headroom,18660990976,2600468480,2815858769,2313158656,0,111149056,18772140032,0.9944776897893411,0.9629806600573866,1.0,0.98,82,54,194,784,229,102760448,102760448,CPU,81843816820.0,0.0,0,0
81843816820,0,oracle_reserve_lru,admission,value_ranked_working_set,18660990976,2600468480,2815858769,2313158656,0,111149056,18772140032,0.9944776897893411,0.9629806600573866,1.0,0.98,82,54,-1,0,0,0,0,,0.0,0.0,1,27
81843816820,0,oracle_reserve_lru,reload,value_ranked_admission,18709225472,2648702976,2815858769,2273312768,0,0,18709225472,0.991144711973479,0.9406377213089553,1.0,0.98,27,0,193,297,225,39845888,39845888,CPU,0.0,0.0,0,0
82219433482,0,oracle_reserve_lru,trigger,forecast_above_trigger,18770042880,2709520384,2815858769,2273312768,0,106954752,18876997632,1.000032652815778,1.000218891304772,1.0,0.98,83,56,-1,0,0,0,0,,0.0,0.0,83,0
82219433482,0,oracle_reserve_lru,spill,proactive_target_headroom,18736488448,2675965952,2815858769,2306867200,0,104857600,18841346048,0.9981439653867894,0.987557892680661,1.0,0.98,83,55,195,247,234,33554432,33554432,CPU,82219433482.0,0.0,0,0
82219433482,0,oracle_reserve_lru,spill,proactive_target_headroom,18625339392,2564816896,2815858769,2418016256,0,102760448,18728099840,0.9921446053182377,0.9473406029334847,1.0,0.98,83,54,197,840,234,111149056,111149056,CPU,82219433482.0,0.0,0,0
82219433482,0,oracle_reserve_lru,admission,value_ranked_working_set,18625339392,2564816896,2815858769,2418016256,0,102760448,18728099840,0.9921446053182377,0.9473406029334847,1.0,0.98,83,54,-1,0,0,0,0,,0.0,0.0,2,27
82219433482,0,oracle_reserve_lru,reload,value_ranked_admission,18734391296,2673868800,2815858769,2350907392,0,0,18734391296,0.9924779030998239,0.9495748968083279,1.0,0.98,27,0,195,247,234,33554432,33554432,CPU,0.0,0.0,0,0
82219433482,0,oracle_reserve_lru,reload,value_ranked_admission,18734391296,2673868800,2815858769,2350907392,0,0,18734391296,0.9924779030998239,0.9495748968083279,1.0,0.98,27,0,185,256,225,33554432,33554432,CPU,0.0,0.0,0,0
82705024196,0,oracle_reserve_lru,trigger,forecast_above_trigger,18776334336,2715811840,2815858769,2350907392,0,111149056,18887483392,1.0005881491184216,1.0039427144295106,1.0,0.98,84,57,-1,0,0,0,0,,0.0,0.0,84,0
82705024196,0,oracle_reserve_lru,spill,proactive_target_headroom,18742779904,2682257408,2815858769,2384461824,0,109051904,18851831808,0.9986994616894331,0.9912817158053995,1.0,0.98,84,56,198,242,236,33554432,33554432,CPU,82705024196.0,0.0,0,0
82705024196,0,oracle_reserve_lru,spill,proactive_target_headroom,18684059648,2623537152,2815858769,2443182080,0,106954752,18791014400,0.9954775831340997,0.969683541681916,1.0,0.98,84,55,131,438,428,58720256,58720256,CPU,82705024196.0,0.0,0,0
82759218471,0,oracle_reserve_lru,trigger,forecast_above_trigger,18856026112,2795503616,2815858769,2443182080,0,109051904,18965078016,1.0046988217579849,1.0314990055525757,1.0,0.98,85,56,-1,0,0,0,0,,0.0,0.0,85,0
82759218471,0,oracle_reserve_lru,spill,proactive_target_headroom,18788917248,2728394752,2815858769,2510290944,0,106954752,18895872000,1.0010325461605365,1.0069217729293014,1.0,0.98,85,55,148,503,408,67108864,67108864,CPU,82759218471.0,0.0,0,0
82759218471,0,oracle_reserve_lru,spill,proactive_target_headroom,18734391296,2673868800,2815858769,2564816896,0,104857600,18839248896,0.9980328661262606,0.9868131280557132,1.0,0.98,85,54,149,410,404,54525952,54525952,CPU,82759218471.0,0.0,0,0
82759218471,0,oracle_reserve_lru,spill,proactive_target_headroom,18658893824,2598371328,2815858769,2640314368,0,102760448,18761654272,0.9939221934866974,0.9592568369326481,1.0,0.98,85,53,129,569,364,75497472,75497472,CPU,82759218471.0,0.0,0,0
82759218471,0,oracle_reserve_lru,admission,value_ranked_working_set,18658893824,2598371328,2815858769,2640314368,0,102760448,18761654272,0.9939221934866974,0.9592568369326481,1.0,0.98,85,53,-1,0,0,0,0,,0.0,0.0,1,31
82813412746,0,oracle_reserve_lru,admission,value_ranked_working_set,18619047936,2558525440,2815858769,2640314368,0,102760448,18721808384,0.9918113075366514,0.9451063090586416,1.0,0.98,84,52,-1,0,0,0,0,,0.0,0.0,1,31
82813412746,0,oracle_reserve_lru,reload,value_ranked_admission,18803597312,2743074816,2815858769,2573205504,0,0,18803597312,0.9961441786972721,0.9741521294316022,1.0,0.98,31,0,148,503,408,67108864,67108864,CPU,0.0,0.0,0,0
82921801296,0,oracle_reserve_lru,trigger,forecast_above_trigger,18772140032,2711617536,2815858769,2573205504,0,106954752,18879094784,1.0001437520763066,1.0009636559297197,1.0,0.98,85,54,-1,0,0,0,0,,0.0,0.0,85,0
82921801296,0,oracle_reserve_lru,spill,proactive_target_headroom,18734391296,2673868800,2815858769,2610954240,0,104857600,18839248896,0.9980328661262606,0.9868131280557132,1.0,0.98,85,53,150,286,271,37748736,37748736,CPU,82921801296.0,0.0,0,0
82921801296,0,oracle_reserve_lru,spill,proactive_target_headroom,18673573888,2613051392,2815858769,2671771648,0,102760448,18776334336,0.9946998883103986,0.964470189307282,1.0,0.98,85,52,152,455,271,60817408,60817408,CPU,82921801296.0,0.0,0,0
82921801296,0,oracle_reserve_lru,admission,value_ranked_working_set,18673573888,2613051392,2815858769,2671771648,0,102760448,18776334336,0.9946998883103986,0.964470189307282,1.0,0.98,85,52,-1,0,0,0,0,,0.0,0.0,1,32
82921801296,0,oracle_reserve_lru,reload,value_ranked_admission,18770042880,2709520384,2815858769,2634022912,0,0,18770042880,0.9943665905288124,0.9622358954324388,1.0,0.98,32,0,150,286,271,37748736,37748736,CPU,0.0,0.0,0,0
82975997811,0,oracle_reserve_lru,trigger,forecast_above_trigger,18770042880,2709520384,2815858769,2634022912,0,109051904,18879094784,1.0001437520763066,1.0009636559297197,1.0,0.98,87,55,-1,0,0,0,0,,0.0,0.0,87,0
82975997811,0,oracle_reserve_lru,spill,proactive_target_headroom,18619047936,2558525440,2815858769,2785017856,0,109051904,18728099840,0.9921446053182377,0.9473406029334847,1.0,0.98,87,54,147,1148,343,150994944,150994944,CPU,82975997811.0,0.0,0,0
82975997811,0,oracle_reserve_lru,admission,value_ranked_working_set,18619047936,2558525440,2815858769,2785017856,0,109051904,18728099840,0.9921446053182377,0.9473406029334847,1.0,0.98,87,54,-1,0,0,0,0,,0.0,0.0,1,32
82975997811,0,oracle_reserve_lru,reload,value_ranked_admission,18690351104,2629828608,2815858769,2724200448,0,0,18690351104,0.9901448186287204,0.9339348396844259,1.0,0.98,32,0,152,455,271,60817408,60817408,CPU,0.0,0.0,0,0
83083961447,0,oracle_reserve_lru,trigger,forecast_above_trigger,18765848576,2705326080,2815858769,2724200448,0,113246208,18879094784,1.0001437520763066,1.0009636559297197,1.0,0.98,88,56,-1,0,0,0,0,,0.0,0.0,88,0
83083961447,0,oracle_reserve_lru,spill,proactive_target_headroom,18728099840,2667577344,2815858769,2761949184,0,111149056,18839248896,0.9980328661262606,0.9868131280557132,1.0,0.98,88,55,157,281,277,37748736,37748736,CPU,83083961447.0,0.0,0,0
83083961447,0,oracle_reserve_lru,spill,proactive_target_headroom,18688253952,2627731456,2815858769,2801795072,0,109051904,18797305856,0.9958108809156859,0.971917835556759,1.0,0.98,88,54,158,301,276,39845888,39845888,CPU,83083961447.0,0.0,0,0
83137944385,0,oracle_reserve_lru,trigger,forecast_above_trigger,18841346048,2780823552,2815858769,2801795072,0,113246208,18954592256,1.0041433254553411,1.0277751824278372,1.0,0.98,90,56,-1,0,0,0,0,,0.0,0.0,90,0
83137944385,0,oracle_reserve_lru,spill,proactive_target_headroom,18761654272,2701131776,2815858769,2881486848,0,111149056,18872803328,0.9998104542947205,0.9987293620548765,1.0,0.98,90,55,159,603,267,79691776,79691776,CPU,83137944385.0,0.0,0,0
83137944385,0,oracle_reserve_lru,spill,proactive_target_headroom,18715516928,2654994432,2815858769,2927624192,0,109051904,18824568832,0.9972551713025595,0.9815997756810793,1.0,0.98,90,54,106,351,313,46137344,46137344,CPU,83137944385.0,0.0,0,0
83137944385,0,oracle_reserve_lru,spill,proactive_target_headroom,18524676096,2464153600,2815858769,3118465024,0,106954752,18631630848,0.9870340393339158,0.9130814301858902,1.0,0.98,90,53,160,1452,271,190840832,190840832,CPU,83137944385.0,0.0,0,0
83137944385,0,oracle_reserve_lru,admission,value_ranked_working_set,18524676096,2464153600,2815858769,3118465024,0,106954752,18631630848,0.9870340393339158,0.9130814301858902,1.0,0.98,90,53,-1,0,0,0,0,,0.0,0.0,3,34
83137944385,0,oracle_reserve_lru,reload,value_ranked_admission,18694545408,2634022912,2815858769,2954887168,0,0,18694545408,0.9903670171497778,0.9354243689343213,1.0,0.98,34,0,159,603,267,79691776,79691776,CPU,0.0,0.0,0,0
83137944385,0,oracle_reserve_lru,reload,value_ranked_admission,18694545408,2634022912,2815858769,2954887168,0,0,18694545408,0.9903670171497778,0.9354243689343213,1.0,0.98,34,0,106,351,313,46137344,46137344,CPU,0.0,0.0,0,0
83137944385,0,oracle_reserve_lru,reload,value_ranked_admission,18694545408,2634022912,2815858769,2954887168,0,0,18694545408,0.9903670171497778,0.9354243689343213,1.0,0.98,34,0,157,281,277,37748736,37748736,CPU,0.0,0.0,0,0
83350192233,0,oracle_reserve_lru,admission,value_ranked_working_set,18604367872,2543845376,2815858769,2954887168,0,113246208,18717614080,0.9915891090155939,0.9436167798087461,1.0,0.98,89,55,-1,0,0,0,0,,0.0,0.0,2,32
83350192233,0,oracle_reserve_lru,reload,value_ranked_admission,18765848576,2705326080,2815858769,2860515328,0,0,18765848576,0.9941443920077548,0.9607463661825434,1.0,0.98,32,0,158,301,276,39845888,39845888,CPU,0.0,0.0,0,0
83350192233,0,oracle_reserve_lru,reload,value_ranked_admission,18765848576,2705326080,2815858769,2860515328,0,0,18765848576,0.9941443920077548,0.9607463661825434,1.0,0.98,32,0,149,410,404,54525952,54525952,CPU,0.0,0.0,0,0
83416215301,0,oracle_reserve_lru,trigger,forecast_above_trigger,18765848576,2705326080,2815858769,2860515328,0,117440512,18883289088,1.000365950597364,1.002453185179615,1.0,0.98,91,59,-1,0,0,0,0,,0.0,0.0,91,0
83416215301,0,oracle_reserve_lru,spill,proactive_target_headroom,18650505216,2589982720,2815858769,2975858688,0,115343360,18765848576,0.9941443920077548,0.9607463661825434,1.0,0.98,91,58,156,873,255,115343360,115343360,CPU,83416215301.0,0.0,0,0
83416215301,0,oracle_reserve_lru,admission,value_ranked_working_set,18650505216,2589982720,2815858769,2975858688,0,115343360,18765848576,0.9941443920077548,0.9607463661825434,1.0,0.98,91,58,-1,0,0,0,0,,0.0,0.0,1,32
83416215301,0,oracle_reserve_lru,reload,value_ranked_admission,18690351104,2629828608,2815858769,2942304256,0,0,18690351104,0.9901448186287204,0.9339348396844259,1.0,0.98,32,0,198,242,236,33554432,33554432,CPU,0.0,0.0,0,0
83633231965,0,oracle_reserve_lru,trigger,forecast_above_trigger,18757459968,2696937472,2815858769,2942304256,0,119537664,18876997632,1.000032652815778,1.000218891304772,1.0,0.98,92,60,-1,0,0,0,0,,0.0,0.0,92,0
83633231965,0,oracle_reserve_lru,spill,proactive_target_headroom,18709225472,2648702976,2815858769,2990538752,0,117440512,18826665984,0.9973662705630882,0.982344540306027,1.0,0.98,92,59,108,365,292,48234496,48234496,CPU,83633231965.0,0.0,0,0
83633231965,0,oracle_reserve_lru,spill,proactive_target_headroom,18663088128,2602565632,2815858769,3036676096,0,115343360,18778431488,0.9948109875709273,0.9652149539322297,1.0,0.98,92,58,104,342,292,46137344,46137344,CPU,83633231965.0,0.0,0,0
83633231965,0,oracle_reserve_lru,admission,value_ranked_working_set,18663088128,2602565632,2815858769,3036676096,0,115343360,18778431488,0.9948109875709273,0.9652149539322297,1.0,0.98,92,58,-1,0,0,0,0,,0.0,0.0,1,33
83633231965,0,oracle_reserve_lru,reload,value_ranked_admission,18698739712,2638217216,2815858769,3005218816,0,0,18698739712,0.9905892156708354,0.9369138981842168,1.0,0.98,33,0,187,230,223,31457280,31457280,CPU,0.0,0.0,0,0
84129375766,0,oracle_reserve_lru,admission,value_ranked_working_set,18631630848,2571108352,2815858769,3005218816,0,115343360,18746974208,0.9931444986629963,0.954043484558014,1.0,0.98,91,58,-1,0,0,0,0,,0.0,0.0,1,32
84129375766,0,oracle_reserve_lru,reload,value_ranked_admission,18843443200,2782920704,2815858769,2956984320,0,0,18843443200,0.9982550646473182,0.9883026573056086,1.0,0.98,32,0,108,365,292,48234496,48234496,CPU,0.0,0.0,0,0
84275246193,0,oracle_reserve_lru,trigger,forecast_above_trigger,18755362816,2694840320,2815858769,2956984320,0,123731968,18879094784,1.0001437520763066,1.0009636559297197,1.0,0.98,91,59,-1,0,0,0,0,,0.0,0.0,91,0
84275246193,0,oracle_reserve_lru,spill,proactive_target_headroom,18677768192,2617245696,2815858769,3034578944,0,121634816,18799403008,0.9959219801762147,0.9726626001817068,1.0,0.98,91,58,200,591,62,77594624,77594624,CPU,84275246193.0,0.0,0,0
85173154326,0,oracle_reserve_lru,trigger,forecast_above_trigger,18761654272,2701131776,2815858769,3034578944,0,121634816,18883289088,1.000365950597364,1.002453185179615,1.0,0.98,92,59,-1,0,0,0,0,,0.0,0.0,92,0
85173154326,0,oracle_reserve_lru,spill,proactive_target_headroom,18656796672,2596274176,2815858769,3139436544,0,119537664,18776334336,0.9946998883103986,0.964470189307282,1.0,0.98,92,58,201,791,68,104857600,104857600,CPU,85173154326.0,0.0,0,0
85173154326,0,oracle_reserve_lru,admission,value_ranked_working_set,18656796672,2596274176,2815858769,3139436544,0,119537664,18776334336,0.9946998883103986,0.964470189307282,1.0,0.98,92,58,-1,0,0,0,0,,0.0,0.0,1,33
85173154326,0,oracle_reserve_lru,reload,value_ranked_admission,18698739712,2638217216,2815858769,3107979264,0,0,18698739712,0.9905892156708354,0.9369138981842168,1.0,0.98,33,0,164,230,220,31457280,31457280,CPU,0.0,0.0,0,0
85958123572,0,oracle_reserve_lru,admission,value_ranked_working_set,18535161856,2474639360,2815858769,3107979264,0,115343360,18650505216,0.9880339326786743,0.9197843118104195,1.0,0.98,89,56,-1,0,0,0,0,,0.0,0.0,2,31
85958123572,0,oracle_reserve_lru,reload,value_ranked_admission,18694545408,2634022912,2815858769,2956984320,0,0,18694545408,0.9903670171497778,0.9354243689343213,1.0,0.98,31,0,201,791,68,104857600,104857600,CPU,0.0,0.0,0,0
85958123572,0,oracle_reserve_lru,reload,value_ranked_admission,18694545408,2634022912,2815858769,2956984320,0,0,18694545408,0.9903670171497778,0.9354243689343213,1.0,0.98,31,0,104,342,292,46137344,46137344,CPU,0.0,0.0,0,0
87232921252,0,oracle_reserve_lru,trigger,forecast_above_trigger,18761654272,2701131776,2815858769,2956984320,0,119537664,18881191936,1.0002548513368354,1.0017084205546674,1.0,0.98,88,57,-1,0,0,0,0,,0.0,0.0,88,0
87232921252,0,oracle_reserve_lru,spill,proactive_target_headroom,18744877056,2684354560,2815858769,2973761536,0,117440512,18862317568,0.9992549579920768,0.995005538930138,1.0,0.98,88,56,202,116,93,16777216,16777216,CPU,87232921252.0,0.0,0,0
87232921252,0,oracle_reserve_lru,spill,proactive_target_headroom,18700836864,2640314368,2815858769,3017801728,0,115343360,18816180224,0.9968107742604445,0.9786207171812884,1.0,0.98,88,55,171,331,315,44040192,44040192,CPU,87232921252.0,0.0,0,0
87558254976,0,oracle_reserve_lru,admission,value_ranked_working_set,18684059648,2623537152,2815858769,3017801728,0,113246208,18797305856,0.9958108809156859,0.971917835556759,1.0,0.98,87,54,-1,0,0,0,0,,0.0,0.0,1,32
87558254976,0,oracle_reserve_lru,reload,value_ranked_admission,18711322624,2650800128,2815858769,3001024512,0,0,18711322624,0.9912558112340077,0.9413824859339031,1.0,0.98,32,0,202,116,93,16777216,16777216,CPU,0.0,0.0,0,0
88321301810,0,oracle_reserve_lru,trigger,forecast_above_trigger,18770042880,2709520384,2815858769,3001024512,0,111149056,18881191936,1.0002548513368354,1.0017084205546674,1.0,0.98,87,55,-1,0,0,0,0,,0.0,0.0,87,0
88321301810,0,oracle_reserve_lru,spill,proactive_target_headroom,18753265664,2692743168,2815858769,3017801728,0,109051904,18862317568,0.9992549579920768,0.995005538930138,1.0,0.98,87,54,203,114,106,16777216,16777216,CPU,88321301810.0,0.0,0,0
88321301810,0,oracle_reserve_lru,spill,proactive_target_headroom,18736488448,2675965952,2815858769,3034578944,0,106954752,18843443200,0.9982550646473182,0.9883026573056086,1.0,0.98,87,53,204,119,104,16777216,16777216,CPU,88321301810.0,0.0,0,0
88321301810,0,oracle_reserve_lru,spill,proactive_target_headroom,18719711232,2659188736,2815858769,3051356160,0,104857600,18824568832,0.9972551713025595,0.9815997756810793,1.0,0.98,87,52,205,125,104,16777216,16777216,CPU,88321301810.0,0.0,0,0
88321301810,0,oracle_reserve_lru,spill,proactive_target_headroom,18702934016,2642411520,2815858769,3068133376,0,102760448,18805694464,0.9962552779578009,0.9748968940565499,1.0,0.98,87,51,206,127,104,16777216,16777216,CPU,88321301810.0,0.0,0,0
88374319412,0,oracle_reserve_lru,admission,value_ranked_working_set,18660990976,2600468480,2815858769,3068133376,0,102760448,18763751424,0.9940332927472262,0.9600016015575957,1.0,0.98,86,50,-1,0,0,0,0,,0.0,0.0,2,34
88374319412,0,oracle_reserve_lru,reload,value_ranked_admission,18700836864,2640314368,2815858769,3034578944,0,0,18700836864,0.990700314931364,0.9376586628091644,1.0,0.98,34,0,203,114,106,16777216,16777216,CPU,0.0,0.0,0,0
88374319412,0,oracle_reserve_lru,reload,value_ranked_admission,18700836864,2640314368,2815858769,3034578944,0,0,18700836864,0.990700314931364,0.9376586628091644,1.0,0.98,34,0,204,119,104,16777216,16777216,CPU,0.0,0.0,0,0
90728142798,0,oracle_reserve_lru,trigger,forecast_above_trigger,18780528640,2720006144,2815858769,3034578944,0,100663296,18881191936,1.0002548513368354,1.0017084205546674,1.0,0.98,84,50,-1,0,0,0,0,,0.0,0.0,84,0
90728142798,0,oracle_reserve_lru,spill,proactive_target_headroom,18761654272,2701131776,2815858769,3053453312,0,98566144,18860220416,0.999143858731548,0.9942607743051903,1.0,0.98,84,49,207,141,127,18874368,18874368,CPU,90728142798.0,0.0,0,0
90728142798,0,oracle_reserve_lru,spill,proactive_target_headroom,18742779904,2682257408,2815858769,3072327680,0,96468992,18839248896,0.9980328661262606,0.9868131280557132,1.0,0.98,84,48,208,137,127,18874368,18874368,CPU,90728142798.0,0.0,0,0
90728142798,0,oracle_reserve_lru,spill,proactive_target_headroom,18640019456,2579496960,2815858769,3175088128,0,94371840,18734391296,0.9924779030998239,0.9495748968083279,1.0,0.98,84,47,209,778,127,102760448,102760448,CPU,90728142798.0,0.0,0,0
90728142798,0,oracle_reserve_lru,admission,value_ranked_working_set,18640019456,2579496960,2815858769,3175088128,0,94371840,18734391296,0.9924779030998239,0.9495748968083279,1.0,0.98,84,47,-1,0,0,0,0,,0.0,0.0,4,33
90728142798,0,oracle_reserve_lru,reload,value_ranked_admission,18713419776,2652897280,2815858769,3103784960,0,0,18713419776,0.9913669104945365,0.9421272505588507,1.0,0.98,33,0,207,141,127,18874368,18874368,CPU,0.0,0.0,0,0
90728142798,0,oracle_reserve_lru,reload,value_ranked_admission,18713419776,2652897280,2815858769,3103784960,0,0,18713419776,0.9913669104945365,0.9421272505588507,1.0,0.98,33,0,208,137,127,18874368,18874368,CPU,0.0,0.0,0,0
90728142798,0,oracle_reserve_lru,reload,value_ranked_admission,18713419776,2652897280,2815858769,3103784960,0,0,18713419776,0.9913669104945365,0.9421272505588507,1.0,0.98,33,0,205,125,104,16777216,16777216,CPU,0.0,0.0,0,0
90728142798,0,oracle_reserve_lru,reload,value_ranked_admission,18713419776,2652897280,2815858769,3103784960,0,0,18713419776,0.9913669104945365,0.9421272505588507,1.0,0.98,33,0,206,127,104,16777216,16777216,CPU,0.0,0.0,0,0
90970637137,0,oracle_reserve_lru,admission,value_ranked_working_set,18637922304,2577399808,2815858769,3103784960,0,100663296,18738585600,0.9927001016208813,0.9510644260582233,1.0,0.98,82,49,-1,0,0,0,0,,0.0,0.0,1,32
90970637137,0,oracle_reserve_lru,reload,value_ranked_admission,18686156800,2625634304,2815858769,3059744768,0,0,18686156800,0.9899226201076629,0.9324453104345305,1.0,0.98,32,0,171,331,315,44040192,44040192,CPU,0.0,0.0,0,0
93477253898,0,oracle_reserve_lru,admission,value_ranked_working_set,18560327680,2499805184,2815858769,3059744768,0,85983232,18646310912,0.9878117341576169,0.9182947825605241,1.0,0.98,75,43,-1,0,0,0,0,,0.0,0.0,2,30
93477253898,0,oracle_reserve_lru,reload,value_ranked_admission,18730196992,2669674496,2815858769,2898264064,0,0,18730196992,0.9922557045787663,0.9480853675584324,1.0,0.98,30,0,209,778,127,102760448,102760448,CPU,0.0,0.0,0,0
93477253898,0,oracle_reserve_lru,reload,value_ranked_admission,18730196992,2669674496,2815858769,2898264064,0,0,18730196992,0.9922557045787663,0.9480853675584324,1.0,0.98,30,0,131,438,428,58720256,58720256,CPU,0.0,0.0,0,0
93736802136,0,oracle_reserve_lru,admission,value_ranked_working_set,18669379584,2608857088,2815858769,2898264064,0,88080384,18757459968,0.99369999496564,0.9577673076827526,1.0,0.98,73,43,-1,0,0,0,0,,0.0,0.0,1,29
93736802136,0,oracle_reserve_lru,reload,value_ranked_admission,18734391296,2673868800,2815858769,2839543808,0,0,18734391296,0.9924779030998239,0.9495748968083279,1.0,0.98,29,0,172,447,222,58720256,58720256,CPU,0.0,0.0,0,0
94279504629,0,oracle_reserve_lru,admission,value_ranked_working_set,18671476736,2610954240,2815858769,2839543808,0,85983232,18757459968,0.99369999496564,0.9577673076827526,1.0,0.98,70,41,-1,0,0,0,0,,0.0,0.0,1,28
94279504629,0,oracle_reserve_lru,reload,value_ranked_admission,18730196992,2669674496,2815858769,2780823552,0,0,18730196992,0.9922557045787663,0.9480853675584324,1.0,0.98,28,0,98,434,367,58720256,58720256,CPU,0.0,0.0,0,0
94826652644,0,oracle_reserve_lru,trigger,forecast_above_trigger,18788917248,2728394752,2815858769,2780823552,0,88080384,18876997632,1.000032652815778,1.000218891304772,1.0,0.98,70,42,-1,0,0,0,0,,0.0,0.0,70,0
94826652644,0,oracle_reserve_lru,spill,proactive_target_headroom,18677768192,2617245696,2815858769,2891972608,0,85983232,18763751424,0.9940332927472262,0.9600016015575957,1.0,0.98,70,41,210,836,197,111149056,111149056,CPU,94826652644.0,0.0,0,0
94826652644,0,oracle_reserve_lru,admission,value_ranked_working_set,18677768192,2617245696,2815858769,2891972608,0,85983232,18763751424,0.9940332927472262,0.9600016015575957,1.0,0.98,70,41,-1,0,0,0,0,,0.0,0.0,1,28
94826652644,0,oracle_reserve_lru,reload,value_ranked_admission,18734391296,2673868800,2815858769,2839543808,0,0,18734391296,0.9924779030998239,0.9495748968083279,1.0,0.98,28,0,91,390,378,52428800,52428800,CPU,0.0,0.0,0,0
95271706241,0,oracle_reserve_lru,trigger,forecast_above_trigger,18788917248,2728394752,2815858769,2839543808,0,88080384,18876997632,1.000032652815778,1.000218891304772,1.0,0.98,70,42,-1,0,0,0,0,,0.0,0.0,70,0
95271706241,0,oracle_reserve_lru,spill,proactive_target_headroom,18755362816,2694840320,2815858769,2873098240,0,85983232,18841346048,0.9981439653867894,0.987557892680661,1.0,0.98,70,41,215,252,205,33554432,33554432,CPU,95271706241.0,0.0,0,0
95271706241,0,oracle_reserve_lru,spill,proactive_target_headroom,18637922304,2577399808,2815858769,2990538752,0,83886080,18721808384,0.9918113075366514,0.9451063090586416,1.0,0.98,70,40,216,885,204,117440512,117440512,CPU,95271706241.0,0.0,0,0
95271706241,0,oracle_reserve_lru,admission,value_ranked_working_set,18637922304,2577399808,2815858769,2990538752,0,83886080,18721808384,0.9918113075366514,0.9451063090586416,1.0,0.98,70,40,-1,0,0,0,0,,0.0,0.0,2,28
95271706241,0,oracle_reserve_lru,reload,value_ranked_admission,18730196992,2669674496,2815858769,2902458368,0,0,18730196992,0.9922557045787663,0.9480853675584324,1.0,0.98,28,0,215,252,205,33554432,33554432,CPU,0.0,0.0,0,0
95271706241,0,oracle_reserve_lru,reload,value_ranked_admission,18730196992,2669674496,2815858769,2902458368,0,0,18730196992,0.9922557045787663,0.9480853675584324,1.0,0.98,28,0,77,406,397,54525952,54525952,CPU,0.0,0.0,0,0
95760775612,0,oracle_reserve_lru,admission,value_ranked_working_set,18637922304,2577399808,2815858769,2902458368,0,77594624,18715516928,0.9914780097550652,0.9428720151837985,1.0,0.98,68,40,-1,0,0,0,0,,0.0,0.0,1,27
95760775612,0,oracle_reserve_lru,reload,value_ranked_admission,18719711232,2659188736,2815858769,2824863744,0,0,18719711232,0.9917002082761227,0.9443615444336939,1.0,0.98,27,0,200,591,62,77594624,77594624,CPU,0.0,0.0,0,0
96212387747,0,oracle_reserve_lru,admission,value_ranked_working_set,18593882112,2533359616,2815858769,2824863744,0,77594624,18671476736,0.9891449252839617,0.9272319580598966,1.0,0.98,65,38,-1,0,0,0,0,,0.0,0.0,1,26
96212387747,0,oracle_reserve_lru,reload,value_ranked_admission,18713419776,2652897280,2815858769,2707423232,0,0,18713419776,0.9913669104945365,0.9421272505588507,1.0,0.98,26,0,216,885,204,117440512,117440512,CPU,0.0,0.0,0,0
96371534273,0,oracle_reserve_lru,admission,value_ranked_working_set,18665185280,2604662784,2815858769,2707423232,0,75497472,18740682752,0.9928112008814101,0.9518091906831709,1.0,0.98,64,38,-1,0,0,0,0,,0.0,0.0,1,25
96371534273,0,oracle_reserve_lru,reload,value_ranked_admission,18751168512,2690646016,2815858769,2631925760,0,0,18751168512,0.9933666971840537,0.9555330138079094,1.0,0.98,25,0,129,569,364,75497472,75497472,CPU,0.0,0.0,0,0
96531867014,0,oracle_reserve_lru,admission,value_ranked_working_set,18541453312,2480930816,2815858769,2631925760,0,77594624,18619047936,0.9863674437707433,0.9086128424362039,1.0,0.98,62,37,-1,0,0,0,0,,0.0,0.0,2,23
96531867014,0,oracle_reserve_lru,reload,value_ranked_admission,18738585600,2678063104,2815858769,2438987776,0,0,18738585600,0.9927001016208813,0.9510644260582233,1.0,0.98,23,0,210,836,197,111149056,111149056,CPU,0.0,0.0,0,0
96531867014,0,oracle_reserve_lru,reload,value_ranked_admission,18738585600,2678063104,2815858769,2438987776,0,0,18738585600,0.9927001016208813,0.9510644260582233,1.0,0.98,23,0,138,622,422,81788928,81788928,CPU,0.0,0.0,0,0
96868103020,0,oracle_reserve_lru,admission,value_ranked_working_set,18648408064,2587885568,2815858769,2438987776,0,75497472,18723905536,0.9919224067971801,0.9458510736835892,1.0,0.98,60,37,-1,0,0,0,0,,0.0,0.0,1,22
96868103020,0,oracle_reserve_lru,reload,value_ranked_admission,18744877056,2684354560,2815858769,2346713088,0,0,18744877056,0.9930333994024675,0.9532987199330664,1.0,0.98,22,0,191,692,223,92274688,92274688,CPU,0.0,0.0,0,0
97484378472,0,oracle_reserve_lru,admission,value_ranked_working_set,18692448256,2631925760,2815858769,2346713088,0,67108864,18759557120,0.9938110942261686,0.9585120723077003,1.0,0.98,57,35,-1,0,0,0,0,,0.0,0.0,1,21
97484378472,0,oracle_reserve_lru,reload,value_ranked_admission,18751168512,2690646016,2815858769,2294284288,0,0,18751168512,0.9933666971840537,0.9555330138079094,1.0,0.98,21,0,95,385,369,52428800,52428800,CPU,0.0,0.0,0,0
97510931367,0,oracle_reserve_lru,admission,value_ranked_working_set,18537259008,2476736512,2815858769,2294284288,0,69206016,18606465024,0.9857008482075709,0.9041442546865176,1.0,0.98,55,34,-1,0,0,0,0,,0.0,0.0,2,19
97510931367,0,oracle_reserve_lru,reload,value_ranked_admission,18744877056,2684354560,2815858769,2097152000,0,0,18744877056,0.9930333994024675,0.9532987199330664,1.0,0.98,19,0,156,873,255,115343360,115343360,CPU,0.0,0.0,0,0
97510931367,0,oracle_reserve_lru,reload,value_ranked_admission,18744877056,2684354560,2815858769,2097152000,0,0,18744877056,0.9930333994024675,0.9532987199330664,1.0,0.98,19,0,188,618,223,81788928,81788928,CPU,0.0,0.0,0,0
97537484262,0,oracle_reserve_lru,admission,value_ranked_working_set,18623242240,2562719744,2815858769,2097152000,0,69206016,18692448256,0.990255917889249,0.9346796043093737,1.0,0.98,54,35,-1,0,0,0,0,,0.0,0.0,1,18
97537484262,0,oracle_reserve_lru,reload,value_ranked_admission,18738585600,2678063104,2815858769,1986002944,0,0,18738585600,0.9927001016208813,0.9510644260582233,1.0,0.98,18,0,197,840,234,111149056,111149056,CPU,0.0,0.0,0,0
97697089572,0,oracle_reserve_lru,admission,value_ranked_working_set,18616950784,2556428288,2815858769,1986002944,0,67108864,18684059648,0.9898115208471342,0.9317005458095828,1.0,0.98,52,34,-1,0,0,0,0,,0.0,0.0,1,17
97697089572,0,oracle_reserve_lru,reload,value_ranked_admission,18723905536,2663383040,2815858769,1883242496,0,0,18723905536,0.9919224067971801,0.9458510736835892,1.0,0.98,17,0,194,784,229,102760448,102760448,CPU,0.0,0.0,0,0
97750291342,0,oracle_reserve_lru,admission,value_ranked_working_set,18623242240,2562719744,2815858769,1883242496,0,65011712,18688253952,0.9900337193681916,0.9331900750594783,1.0,0.98,51,34,-1,0,0,0,0,,0.0,0.0,2,15
97750291342,0,oracle_reserve_lru,reload,value_ranked_admission,18751168512,2690646016,2815858769,1761607680,0,0,18751168512,0.9933666971840537,0.9555330138079094,1.0,0.98,15,0,178,484,231,65011712,65011712,CPU,0.0,0.0,0,0
97750291342,0,oracle_reserve_lru,reload,value_ranked_admission,18751168512,2690646016,2815858769,1761607680,0,0,18751168512,0.9933666971840537,0.9555330138079094,1.0,0.98,15,0,63,427,412,56623104,56623104,CPU,0.0,0.0,0,0
97877090870,0,oracle_reserve_lru,admission,value_ranked_working_set,18684059648,2623537152,2815858769,1761607680,0,69206016,18753265664,0.9934777964445825,0.9562777784328572,1.0,0.98,49,34,-1,0,0,0,0,,0.0,0.0,1,14
97877090870,0,oracle_reserve_lru,reload,value_ranked_admission,18755362816,2694840320,2815858769,1698693120,0,0,18755362816,0.9935888957051112,0.9570225430578049,1.0,0.98,14,0,122,477,197,62914560,62914560,CPU,0.0,0.0,0,0
97930370044,0,oracle_reserve_lru,admission,value_ranked_working_set,18627436544,2566914048,2815858769,1698693120,0,71303168,18698739712,0.9905892156708354,0.9369138981842168,1.0,0.98,48,34,-1,0,0,0,0,,0.0,0.0,1,13
97930370044,0,oracle_reserve_lru,reload,value_ranked_admission,18700836864,2640314368,2815858769,1631584256,0,0,18700836864,0.990700314931364,0.9376586628091644,1.0,0.98,13,0,180,507,229,67108864,67108864,CPU,0.0,0.0,0,0
98304807422,0,oracle_reserve_lru,admission,value_ranked_working_set,18627436544,2566914048,2815858769,1631584256,0,65011712,18692448256,0.990255917889249,0.9346796043093737,1.0,0.98,46,33,-1,0,0,0,0,,0.0,0.0,1,12
98304807422,0,oracle_reserve_lru,reload,value_ranked_admission,18705031168,2644508672,2815858769,1562378240,0,0,18705031168,0.9909225134524215,0.9391481920590599,1.0,0.98,12,0,174,517,233,69206016,69206016,CPU,0.0,0.0,0,0
98461708220,0,oracle_reserve_lru,admission,value_ranked_working_set,18614853632,2554331136,2815858769,1562378240,0,62914560,18677768192,0.9894782230655479,0.9294662519347398,1.0,0.98,45,33,-1,0,0,0,0,,0.0,0.0,1,11
98461708220,0,oracle_reserve_lru,reload,value_ranked_admission,18746974208,2686451712,2815858769,1430257664,0,0,18746974208,0.9931444986629963,0.954043484558014,1.0,0.98,11,0,175,995,232,132120576,132120576,CPU,0.0,0.0,0,0
98487858353,0,oracle_reserve_lru,admission,value_ranked_working_set,18619047936,2558525440,2815858769,1430257664,0,65011712,18684059648,0.9898115208471342,0.9317005458095828,1.0,0.98,43,32,-1,0,0,0,0,,0.0,0.0,1,10
98487858353,0,oracle_reserve_lru,reload,value_ranked_admission,18713419776,2652897280,2815858769,1342177280,0,0,18713419776,0.9913669104945365,0.9421272505588507,1.0,0.98,10,0,166,658,222,88080384,88080384,CPU,0.0,0.0,0,0
98655322033,0,oracle_reserve_lru,admission,value_ranked_working_set,18625339392,2564816896,2815858769,1342177280,0,58720256,18684059648,0.9898115208471342,0.9317005458095828,1.0,0.98,42,32,-1,0,0,0,0,,0.0,0.0,1,9
98655322033,0,oracle_reserve_lru,reload,value_ranked_admission,18753265664,2692743168,2815858769,1218445312,0,0,18753265664,0.9934777964445825,0.9562777784328572,1.0,0.98,9,0,162,941,195,123731968,123731968,CPU,0.0,0.0,0,0
98734300582,0,oracle_reserve_lru,admission,value_ranked_working_set,18688253952,2627731456,2815858769,1218445312,0,60817408,18749071360,0.993255597923525,0.9547882491829618,1.0,0.98,41,32,-1,0,0,0,0,,0.0,0.0,1,8
98734300582,0,oracle_reserve_lru,reload,value_ranked_admission,18763751424,2703228928,2815858769,1151336448,0,0,18763751424,0.9940332927472262,0.9600016015575957,1.0,0.98,8,0,119,497,202,67108864,67108864,CPU,0.0,0.0,0,0
98760626765,0,oracle_reserve_lru,admission,value_ranked_working_set,18642116608,2581594112,2815858769,1151336448,0,62914560,18705031168,0.9909225134524215,0.9391481920590599,1.0,0.98,40,32,-1,0,0,0,0,,0.0,0.0,1,7
98760626765,0,oracle_reserve_lru,reload,value_ranked_admission,18740682752,2680160256,2815858769,1059061760,0,0,18740682752,0.9928112008814101,0.9518091906831709,1.0,0.98,7,0,134,693,193,92274688,92274688,CPU,0.0,0.0,0,0
98865931497,0,oracle_reserve_lru,admission,value_ranked_working_set,18686156800,2625634304,2815858769,1059061760,0,65011712,18751168512,0.9933666971840537,0.9555330138079094,1.0,0.98,39,32,-1,0,0,0,0,,0.0,0.0,1,6
98865931497,0,oracle_reserve_lru,reload,value_ranked_admission,18753265664,2692743168,2815858769,996147200,0,0,18753265664,0.9934777964445825,0.9562777784328572,1.0,0.98,6,0,105,471,211,62914560,62914560,CPU,0.0,0.0,0,0
99299907393,0,oracle_reserve_lru,admission,value_ranked_working_set,18570813440,2510290944,2815858769,996147200,0,58720256,18629533696,0.986922940073387,0.9123366655609424,1.0,0.98,36,30,-1,0,0,0,0,,0.0,0.0,1,5
99299907393,0,oracle_reserve_lru,reload,value_ranked_admission,18726002688,2665480192,2815858769,845152256,0,0,18726002688,0.9920335060577089,0.946595838308537,1.0,0.98,5,0,147,1148,343,150994944,150994944,CPU,0.0,0.0,0,0
99627125877,0,oracle_reserve_lru,admission,value_ranked_working_set,18625339392,2564816896,2815858769,845152256,0,62914560,18688253952,0.9900337193681916,0.9331900750594783,1.0,0.98,35,30,-1,0,0,0,0,,0.0,0.0,1,4
99627125877,0,oracle_reserve_lru,reload,value_ranked_admission,18755362816,2694840320,2815858769,717225984,0,0,18755362816,0.9935888957051112,0.9570225430578049,1.0,0.98,4,0,140,971,197,127926272,127926272,CPU,0.0,0.0,0,0
99792280918,0,oracle_reserve_lru,trigger,forecast_above_trigger,18870706176,2810183680,2815858769,717225984,0,65011712,18935717888,1.0031434321105825,1.0210723008033078,1.0,0.98,36,32,-1,0,0,0,0,,0.0,0.0,36,0
99792280918,0,oracle_reserve_lru,spill,proactive_target_headroom,18780528640,2720006144,2815858769,807403520,0,62914560,18843443200,0.9982550646473182,0.9883026573056086,1.0,0.98,36,31,183,674,575,90177536,90177536,CPU,99792280918.0,0.0,0,0
99792280918,0,oracle_reserve_lru,spill,proactive_target_headroom,18688253952,2627731456,2815858769,899678208,0,60817408,18749071360,0.993255597923525,0.9547882491829618,1.0,0.98,36,30,192,689,570,92274688,92274688,CPU,99792280918.0,0.0,0,0
99976943598,0,oracle_reserve_lru,admission,value_ranked_working_set,18554036224,2493513728,2815858769,899678208,0,58720256,18612756480,0.9860341459891571,0.9063785485613608,1.0,0.98,34,28,-1,0,0,0,0,,0.0,0.0,2,4
99976943598,0,oracle_reserve_lru,reload,value_ranked_admission,18736488448,2675965952,2815858769,717225984,0,0,18736488448,0.9925890023603525,0.9503196614332755,1.0,0.98,4,0,183,674,575,90177536,90177536,CPU,0.0,0.0,0,0
99976943598,0,oracle_reserve_lru,reload,value_ranked_admission,18736488448,2675965952,2815858769,717225984,0,0,18736488448,0.9925890023603525,0.9503196614332755,1.0,0.98,4,0,192,689,570,92274688,92274688,CPU,0.0,0.0,0,0
100082931252,0,oracle_reserve_lru,trigger,forecast_above_trigger,18851831808,2791309312,2815858769,717225984,0,65011712,18916843520,1.002143538765824,1.0143694191787784,1.0,0.98,35,31,-1,0,0,0,0,,0.0,0.0,35,0
100082931252,0,oracle_reserve_lru,spill,proactive_target_headroom,18799403008,2738880512,2815858769,769654784,0,62914560,18862317568,0.9992549579920768,0.995005538930138,1.0,0.98,35,30,227,385,354,52428800,52428800,CPU,100082931252.0,0.0,0,0
100082931252,0,oracle_reserve_lru,spill,proactive_target_headroom,18721808384,2661285888,2815858769,847249408,0,60817408,18782625792,0.9950331860919848,0.9667044831821251,1.0,0.98,35,29,195,592,579,77594624,77594624,CPU,100082931252.0,0.0,0,0
100348229946,0,oracle_reserve_lru,admission,value_ranked_working_set,18616950784,2556428288,2815858769,847249408,0,58720256,18675671040,0.9893671238050192,0.928721487309792,1.0,0.98,35,29,-1,0,0,0,0,,0.0,0.0,2,4
100348229946,0,oracle_reserve_lru,reload,value_ranked_admission,18874900480,2814377984,2815858769,717225984,0,0,18874900480,0.9999215535552491,0.9994741266798243,1.0,0.98,4,0,227,385,354,52428800,52428800,CPU,0.0,0.0,0,0
100348229946,0,oracle_reserve_lru,reload,value_ranked_admission,18874900480,2814377984,2815858769,717225984,0,0,18874900480,0.9999215535552491,0.9994741266798243,1.0,0.98,4,0,195,592,579,77594624,77594624,CPU,0.0,0.0,0,0
100374745185,0,oracle_reserve_lru,trigger,forecast_above_trigger,18874900480,2814377984,2815858769,717225984,0,65011712,18939912192,1.00336563063164,1.0225618300532031,1.0,0.98,36,32,-1,0,0,0,0,,0.0,0.0,36,0
100374745185,0,oracle_reserve_lru,spill,proactive_target_headroom,18730196992,2669674496,2815858769,861929472,0,62914560,18793111552,0.9955886823946285,0.9704283063068636,1.0,0.98,36,31,235,1092,351,144703488,144703488,CPU,100374745185.0,0.0,0,0
100561290089,0,oracle_reserve_lru,trigger,forecast_above_trigger,18839248896,2778726400,2815858769,861929472,0,65011712,18904260608,1.0014769432026516,1.0099008314290923,1.0,0.98,37,32,-1,0,0,0,0,,0.0,0.0,37,0
100561290089,0,oracle_reserve_lru,spill,proactive_target_headroom,18744877056,2684354560,2815858769,956301312,0,62914560,18807791616,0.9963663772183297,0.9756416586814975,1.0,0.98,37,31,237,712,356,94371840,94371840,CPU,100561290089.0,0.0,0,0
100642106281,0,oracle_reserve_lru,trigger,forecast_above_trigger,18853928960,2793406464,2815858769,956301312,0,67108864,18921037824,1.0023657372868815,1.0158589484286737,1.0,0.98,38,32,-1,0,0,0,0,,0.0,0.0,38,0
100642106281,0,oracle_reserve_lru,spill,proactive_target_headroom,18660990976,2600468480,2815858769,1149239296,0,65011712,18726002688,0.9920335060577089,0.946595838308537,1.0,0.98,38,31,240,1470,355,192937984,192937984,CPU,100642106281.0,0.0,0,0
100930951672,0,oracle_reserve_lru,admission,value_ranked_working_set,18650505216,2589982720,2815858769,1149239296,0,65011712,18715516928,0.9914780097550652,0.9428720151837985,1.0,0.98,38,31,-1,0,0,0,0,,0.0,0.0,1,6
100930951672,0,oracle_reserve_lru,reload,value_ranked_admission,18751168512,2690646016,2815858769,1054867456,0,0,18751168512,0.9933666971840537,0.9555330138079094,1.0,0.98,6,0,237,712,356,94371840,94371840,CPU,0.0,0.0,0,0
101089793311,0,oracle_reserve_lru,trigger,forecast_above_trigger,18814083072,2753560576,2815858769,1054867456,0,69206016,18883289088,1.000365950597364,1.002453185179615,1.0,0.98,40,34,-1,0,0,0,0,,0.0,0.0,40,0
101089793311,0,oracle_reserve_lru,spill,proactive_target_headroom,18765848576,2705326080,2815858769,1103101952,0,67108864,18832957440,0.9976995683446744,0.9845788341808701,1.0,0.98,40,33,246,368,361,48234496,48234496,CPU,101089793311.0,0.0,0,0
101089793311,0,oracle_reserve_lru,spill,proactive_target_headroom,18715516928,2654994432,2815858769,1153433600,0,67108864,18782625792,0.9950331860919848,0.9667044831821251,1.0,0.98,40,32,248,370,361,50331648,50331648,CPU,101089793311.0,0.0,0,0
101274748161,0,oracle_reserve_lru,trigger,forecast_above_trigger,18830860288,2770337792,2815858769,1153433600,0,71303168,18902163456,1.0013658439421227,1.0091560668041444,1.0,0.98,43,35,-1,0,0,0,0,,0.0,0.0,43,0
101274748161,0,oracle_reserve_lru,spill,proactive_target_headroom,18774237184,2713714688,2815858769,1210056704,0,69206016,18843443200,0.9982550646473182,0.9883026573056086,1.0,0.98,43,34,207,426,412,56623104,56623104,CPU,101274748161.0,0.0,0,0
101274748161,0,oracle_reserve_lru,spill,proactive_target_headroom,18694545408,2634022912,2815858769,1289748480,0,67108864,18761654272,0.9939221934866974,0.9592568369326481,1.0,0.98,43,33,91,605,593,79691776,79691776,CPU,101274748161.0,0.0,0,0
101274748161,0,oracle_reserve_lru,admission,value_ranked_working_set,18694545408,2634022912,2815858769,1289748480,0,67108864,18761654272,0.9939221934866974,0.9592568369326481,1.0,0.98,43,33,-1,0,0,0,0,,0.0,0.0,1,9
101274748161,0,oracle_reserve_lru,reload,value_ranked_admission,18751168512,2690646016,2815858769,1241513984,0,0,18751168512,0.9933666971840537,0.9555330138079094,1.0,0.98,9,0,246,368,361,48234496,48234496,CPU,0.0,0.0,0,0
101381592043,0,oracle_reserve_lru,admission,value_ranked_working_set,18660990976,2600468480,2815858769,1241513984,0,69206016,18730196992,0.9922557045787663,0.9480853675584324,1.0,0.98,42,33,-1,0,0,0,0,,0.0,0.0,1,8
101381592043,0,oracle_reserve_lru,reload,value_ranked_admission,18719711232,2659188736,2815858769,1184890880,0,0,18719711232,0.9917002082761227,0.9443615444336939,1.0,0.98,8,0,207,426,412,56623104,56623104,CPU,0.0,0.0,0,0
101863219430,0,oracle_reserve_lru,admission,value_ranked_working_set,18673573888,2613051392,2815858769,1184890880,0,69206016,18742779904,0.9929223001419388,0.9525539553081187,1.0,0.98,41,33,-1,0,0,0,0,,0.0,0.0,1,7
101889739236,0,oracle_reserve_lru,admission,value_ranked_working_set,18679865344,2619342848,2815858769,1184890880,0,69206016,18749071360,0.993255597923525,0.9547882491829618,1.0,0.98,41,33,-1,0,0,0,0,,0.0,0.0,1,7
101916854306,0,oracle_reserve_lru,admission,value_ranked_working_set,18688253952,2627731456,2815858769,1184890880,0,69206016,18757459968,0.99369999496564,0.9577673076827526,1.0,0.98,41,33,-1,0,0,0,0,,0.0,0.0,1,7
101943969376,0,oracle_reserve_lru,admission,value_ranked_working_set,18694545408,2634022912,2815858769,1184890880,0,69206016,18763751424,0.9940332927472262,0.9600016015575957,1.0,0.98,41,33,-1,0,0,0,0,,0.0,0.0,1,7
101971084446,0,oracle_reserve_lru,admission,value_ranked_working_set,18698739712,2638217216,2815858769,1184890880,0,69206016,18767945728,0.9942554912682836,0.9614911308074912,1.0,0.98,41,33,-1,0,0,0,0,,0.0,0.0,1,7
102170383045,0,oracle_reserve_lru,admission,value_ranked_working_set,18627436544,2566914048,2815858769,1184890880,0,62914560,18690351104,0.9901448186287204,0.9339348396844259,1.0,0.98,40,32,-1,0,0,0,0,,0.0,0.0,1,7
102197771485,0,oracle_reserve_lru,trigger,forecast_above_trigger,18830860288,2770337792,2815858769,1184890880,0,65011712,18895872000,1.0010325461605365,1.0069217729293014,1.0,0.98,41,33,-1,0,0,0,0,,0.0,0.0,41,0
102197771485,0,oracle_reserve_lru,spill,proactive_target_headroom,18765848576,2705326080,2815858769,1249902592,0,62914560,18828763136,0.997477369823617,0.9830893049309747,1.0,0.98,41,32,215,491,444,65011712,65011712,CPU,102197771485.0,0.0,0,0
102197771485,0,oracle_reserve_lru,spill,proactive_target_headroom,18621145088,2560622592,2815858769,1394606080,0,60817408,18681962496,0.9897004215866054,0.9309557811846351,1.0,0.98,41,31,216,1099,418,144703488,144703488,CPU,102197771485.0,0.0,0,0
102197771485,0,oracle_reserve_lru,admission,value_ranked_working_set,18621145088,2560622592,2815858769,1394606080,0,60817408,18681962496,0.9897004215866054,0.9309557811846351,1.0,0.98,41,31,-1,0,0,0,0,,0.0,0.0,2,8
102197771485,0,oracle_reserve_lru,reload,value_ranked_admission,18841346048,2780823552,2815858769,1279262720,0,0,18841346048,0.9981439653867894,0.987557892680661,1.0,0.98,8,0,215,491,444,65011712,65011712,CPU,0.0,0.0,0,0
102197771485,0,oracle_reserve_lru,reload,value_ranked_admission,18841346048,2780823552,2815858769,1279262720,0,0,18841346048,0.9981439653867894,0.987557892680661,1.0,0.98,8,0,248,370,361,50331648,50331648,CPU,0.0,0.0,0,0
102225159925,0,oracle_reserve_lru,trigger,forecast_above_trigger,18841346048,2780823552,2815858769,1279262720,0,69206016,18910552064,1.0018102409842378,1.0121351253039352,1.0,0.98,44,36,-1,0,0,0,0,,0.0,0.0,44,0
102225159925,0,oracle_reserve_lru,spill,proactive_target_headroom,18767945728,2707423232,2815858769,1352663040,0,67108864,18835054592,0.9978106676052032,0.9853235988058178,1.0,0.98,44,35,95,555,539,73400320,73400320,CPU,102225159925.0,0.0,0,0
102225159925,0,oracle_reserve_lru,spill,proactive_target_headroom,18681962496,2621440000,2815858769,1438646272,0,65011712,18746974208,0.9931444986629963,0.954043484558014,1.0,0.98,44,34,178,644,391,85983232,85983232,CPU,102225159925.0,0.0,0,0
102259426165,0,oracle_reserve_lru,admission,value_ranked_working_set,18608562176,2548039680,2815858769,1438646272,0,65011712,18673573888,0.9892560245444905,0.9279767226848443,1.0,0.98,43,33,-1,0,0,0,0,,0.0,0.0,1,9
102259426165,0,oracle_reserve_lru,reload,value_ranked_admission,18849734656,2789212160,2815858769,1365245952,0,0,18849734656,0.9985883624289044,0.9905369511804518,1.0,0.98,9,0,95,555,539,73400320,73400320,CPU,0.0,0.0,0,0
102286541235,0,oracle_reserve_lru,trigger,forecast_above_trigger,18849734656,2789212160,2815858769,1365245952,0,69206016,18918940672,1.0022546380263526,1.015114183803726,1.0,0.98,44,35,-1,0,0,0,0,,0.0,0.0,44,0
102286541235,0,oracle_reserve_lru,spill,proactive_target_headroom,18700836864,2640314368,2815858769,1514143744,0,67108864,18767945728,0.9942554912682836,0.9614911308074912,1.0,0.98,44,34,175,1131,368,148897792,148897792,CPU,102286541235.0,0.0,0,0
102367886445,0,oracle_reserve_lru,admission,value_ranked_working_set,18667282432,2606759936,2815858769,1514143744,0,67108864,18734391296,0.9924779030998239,0.9495748968083279,1.0,0.98,43,33,-1,0,0,0,0,,0.0,0.0,1,9
102367886445,0,oracle_reserve_lru,reload,value_ranked_admission,18753265664,2692743168,2815858769,1434451968,0,0,18753265664,0.9934777964445825,0.9562777784328572,1.0,0.98,9,0,91,605,593,79691776,79691776,CPU,0.0,0.0,0,0
102784318025,0,oracle_reserve_lru,trigger,forecast_above_trigger,18805694464,2745171968,2815858769,1434451968,0,71303168,18876997632,1.000032652815778,1.000218891304772,1.0,0.98,45,36,-1,0,0,0,0,,0.0,0.0,45,0
102784318025,0,oracle_reserve_lru,spill,proactive_target_headroom,18698739712,2638217216,2815858769,1541406720,0,69206016,18767945728,0.9942554912682836,0.9614911308074912,1.0,0.98,45,35,166,808,372,106954752,106954752,CPU,102784318025.0,0.0,0,0
102868829849,0,oracle_reserve_lru,trigger,forecast_above_trigger,18805694464,2745171968,2815858769,1541406720,0,71303168,18876997632,1.000032652815778,1.000218891304772,1.0,0.98,45,35,-1,0,0,0,0,,0.0,0.0,45,0
102868829849,0,oracle_reserve_lru,spill,proactive_target_headroom,18663088128,2602565632,2815858769,1684013056,0,69206016,18732294144,0.9923668038392951,0.9488301321833801,1.0,0.98,45,34,162,1088,342,142606336,142606336,CPU,102868829849.0,0.0,0,0
102991155722,0,oracle_reserve_lru,admission,value_ranked_working_set,18585493504,2524971008,2815858769,1684013056,0,67108864,18652602368,0.9881450319392031,0.9205290764353672,1.0,0.98,44,33,-1,0,0,0,0,,0.0,0.0,1,10
102991155722,0,oracle_reserve_lru,reload,value_ranked_admission,18788917248,2728394752,2815858769,1541406720,0,0,18788917248,0.995366483873571,0.9689387770569682,1.0,0.98,10,0,162,1088,342,142606336,142606336,CPU,0.0,0.0,0,0
103343117258,0,oracle_reserve_lru,admission,value_ranked_working_set,18579202048,2518679552,2815858769,1541406720,0,73400320,18652602368,0.9881450319392031,0.9205290764353672,1.0,0.98,45,35,-1,0,0,0,0,,0.0,0.0,1,9
103343117258,0,oracle_reserve_lru,reload,value_ranked_admission,18692448256,2631925760,2815858769,1434451968,0,0,18692448256,0.990255917889249,0.9346796043093737,1.0,0.98,9,0,166,808,372,106954752,106954752,CPU,0.0,0.0,0,0
103688700022,0,oracle_reserve_lru,trigger,forecast_above_trigger,18830860288,2770337792,2815858769,1434451968,0,73400320,18904260608,1.0014769432026516,1.0099008314290923,1.0,0.98,47,38,-1,0,0,0,0,,0.0,0.0,47,0
103688700022,0,oracle_reserve_lru,spill,proactive_target_headroom,18742779904,2682257408,2815858769,1522532352,0,71303168,18814083072,0.9966996749999159,0.9778759525563407,1.0,0.98,47,37,119,671,376,88080384,88080384,CPU,103688700022.0,0.0,0,0
103769822966,0,oracle_reserve_lru,admission,value_ranked_working_set,18642116608,2581594112,2815858769,1522532352,0,71303168,18713419776,0.9913669104945365,0.9421272505588507,1.0,0.98,46,36,-1,0,0,0,0,,0.0,0.0,1,9
103769822966,0,oracle_reserve_lru,reload,value_ranked_admission,18761654272,2701131776,2815858769,1434451968,0,0,18761654272,0.9939221934866974,0.9592568369326481,1.0,0.98,9,0,119,671,376,88080384,88080384,CPU,0.0,0.0,0,0
103807185320,0,oracle_reserve_lru,admission,value_ranked_working_set,18606465024,2545942528,2815858769,1434451968,0,75497472,18681962496,0.9897004215866054,0.9309557811846351,1.0,0.98,45,36,-1,0,0,0,0,,0.0,0.0,1,8
103807185320,0,oracle_reserve_lru,reload,value_ranked_admission,18700836864,2640314368,2815858769,1348468736,0,0,18700836864,0.990700314931364,0.9376586628091644,1.0,0.98,8,0,178,644,391,85983232,85983232,CPU,0.0,0.0,0,0
104485519676,0,oracle_reserve_lru,trigger,forecast_above_trigger,18860220416,2799697920,2815858769,1348468736,0,77594624,18937815040,1.0032545313711112,1.0218170654282555,1.0,0.98,46,38,-1,0,0,0,0,,0.0,0.0,46,0
104485519676,0,oracle_reserve_lru,spill,proactive_target_headroom,18713419776,2652897280,2815858769,1495269376,0,75497472,18788917248,0.995366483873571,0.9689387770569682,1.0,0.98,46,37,250,1113,180,146800640,146800640,CPU,104485519676.0,0.0,0,0
104538797092,0,oracle_reserve_lru,trigger,forecast_above_trigger,18816180224,2755657728,2815858769,1495269376,0,81788928,18897969152,1.0011436454210654,1.007666537554249,1.0,0.98,48,39,-1,0,0,0,0,,0.0,0.0,48,0
104538797092,0,oracle_reserve_lru,spill,proactive_target_headroom,18774237184,2713714688,2815858769,1537212416,0,79691776,18853928960,0.9988105609499618,0.9920264804303471,1.0,0.98,48,38,251,319,181,41943040,41943040,CPU,104538797092.0,0.0,0,0
104538797092,0,oracle_reserve_lru,spill,proactive_target_headroom,18717614080,2657091584,2815858769,1593835520,0,77594624,18795208704,0.9956997816551572,0.9711730709318114,1.0,0.98,48,37,255,429,150,56623104,56623104,CPU,104538797092.0,0.0,0,0
104567082200,0,oracle_reserve_lru,trigger,forecast_above_trigger,18822471680,2761949184,2815858769,1593835520,0,81788928,18904260608,1.0014769432026516,1.0099008314290923,1.0,0.98,50,39,-1,0,0,0,0,,0.0,0.0,50,0
104567082200,0,oracle_reserve_lru,spill,proactive_target_headroom,18686156800,2625634304,2815858769,1730150400,0,79691776,18765848576,0.9941443920077548,0.9607463661825434,1.0,0.98,50,38,256,1039,149,136314880,136314880,CPU,104567082200.0,0.0,0,0
104567082200,0,oracle_reserve_lru,admission,value_ranked_working_set,18686156800,2625634304,2815858769,1730150400,0,79691776,18765848576,0.9941443920077548,0.9607463661825434,1.0,0.98,50,38,-1,0,0,0,0,,0.0,0.0,1,11
104567082200,0,oracle_reserve_lru,reload,value_ranked_admission,18730196992,2669674496,2815858769,1688207360,0,0,18730196992,0.9922557045787663,0.9480853675584324,1.0,0.98,11,0,251,319,181,41943040,41943040,CPU,0.0,0.0,0,0
104651103825,0,oracle_reserve_lru,trigger,forecast_above_trigger,18832957440,2772434944,2815858769,1688207360,0,88080384,18921037824,1.0023657372868815,1.0158589484286737,1.0,0.98,53,42,-1,0,0,0,0,,0.0,0.0,53,0
104651103825,0,oracle_reserve_lru,spill,proactive_target_headroom,18761654272,2701131776,2815858769,1759510528,0,85983232,18847637504,0.9984772631683756,0.989792186555504,1.0,0.98,53,41,227,537,506,71303168,71303168,CPU,104651103825.0,0.0,0,0
104651103825,0,oracle_reserve_lru,spill,proactive_target_headroom,18654699520,2594177024,2815858769,1866465280,0,83886080,18738585600,0.9927001016208813,0.9510644260582233,1.0,0.98,53,40,257,804,145,106954752,106954752,CPU,104651103825.0,0.0,0,0
104651103825,0,oracle_reserve_lru,admission,value_ranked_working_set,18654699520,2594177024,2815858769,1866465280,0,83886080,18738585600,0.9927001016208813,0.9510644260582233,1.0,0.98,53,40,-1,0,0,0,0,,0.0,0.0,1,12
104651103825,0,oracle_reserve_lru,reload,value_ranked_admission,18734391296,2673868800,2815858769,1795162112,0,0,18734391296,0.9924779030998239,0.9495748968083279,1.0,0.98,12,0,227,537,506,71303168,71303168,CPU,0.0,0.0,0,0
104836560280,0,oracle_reserve_lru,trigger,forecast_above_trigger,18791014400,2730491904,2815858769,1795162112,0,88080384,18879094784,1.0001437520763066,1.0009636559297197,1.0,0.98,54,42,-1,0,0,0,0,,0.0,0.0,54,0
104836560280,0,oracle_reserve_lru,spill,proactive_target_headroom,18669379584,2608857088,2815858769,1916796928,0,85983232,18755362816,0.9935888957051112,0.9570225430578049,1.0,0.98,54,41,259,918,150,121634816,121634816,CPU,104836560280.0,0.0,0,0
104836560280,0,oracle_reserve_lru,admission,value_ranked_working_set,18669379584,2608857088,2815858769,1916796928,0,85983232,18755362816,0.9935888957051112,0.9570225430578049,1.0,0.98,54,41,-1,0,0,0,0,,0.0,0.0,1,12
104836560280,0,oracle_reserve_lru,reload,value_ranked_admission,18830860288,2770337792,2815858769,1860173824,0,0,18830860288,0.9975884690841457,0.9838340695559223,1.0,0.98,12,0,255,429,150,56623104,56623104,CPU,0.0,0.0,0,0
104862999538,0,oracle_reserve_lru,trigger,forecast_above_trigger,18830860288,2770337792,2815858769,1860173824,0,92274688,18923134976,1.0024768365474102,1.0166037130536216,1.0,0.98,56,44,-1,0,0,0,0,,0.0,0.0,56,0
104862999538,0,oracle_reserve_lru,spill,proactive_target_headroom,18801500160,2740977664,2815858769,1889533952,0,90177536,18891677696,1.0008103476394792,1.0054322436794059,1.0,0.98,56,43,260,224,149,29360128,29360128,CPU,104862999538.0,0.0,0,0
104862999538,0,oracle_reserve_lru,spill,proactive_target_headroom,18780528640,2720006144,2815858769,1910505472,0,88080384,18868609024,0.999588255773663,0.9972398328049812,1.0,0.98,56,42,261,157,139,20971520,20971520,CPU,104862999538.0,0.0,0,0
104862999538,0,oracle_reserve_lru,spill,proactive_target_headroom,18759557120,2699034624,2815858769,1931476992,0,85983232,18845540352,0.9983661639078468,0.9890474219305564,1.0,0.98,56,41,263,152,132,20971520,20971520,CPU,104862999538.0,0.0,0,0
104862999538,0,oracle_reserve_lru,spill,proactive_target_headroom,18677768192,2617245696,2815858769,2013265920,0,83886080,18761654272,0.9939221934866974,0.9592568369326481,1.0,0.98,56,40,264,617,131,81788928,81788928,CPU,104862999538.0,0.0,0,0
104862999538,0,oracle_reserve_lru,admission,value_ranked_working_set,18677768192,2617245696,2815858769,2013265920,0,83886080,18761654272,0.9939221934866974,0.9592568369326481,1.0,0.98,56,40,-1,0,0,0,0,,0.0,0.0,2,14
104862999538,0,oracle_reserve_lru,reload,value_ranked_admission,18732294144,2671771648,2815858769,1962934272,0,0,18732294144,0.9923668038392951,0.9488301321833801,1.0,0.98,14,0,260,224,149,29360128,29360128,CPU,0.0,0.0,0,0
104862999538,0,oracle_reserve_lru,reload,value_ranked_admission,18732294144,2671771648,2815858769,1962934272,0,0,18732294144,0.9923668038392951,0.9488301321833801,1.0,0.98,14,0,261,157,139,20971520,20971520,CPU,0.0,0.0,0,0
105144353473,0,oracle_reserve_lru,admission,value_ranked_working_set,18705031168,2644508672,2815858769,1962934272,0,81788928,18786820096,0.9952553846130423,0.9681940124320205,1.0,0.98,55,41,-1,0,0,0,0,,0.0,0.0,1,13
105144353473,0,oracle_reserve_lru,reload,value_ranked_admission,18730196992,2669674496,2815858769,1941962752,0,0,18730196992,0.9922557045787663,0.9480853675584324,1.0,0.98,13,0,263,152,132,20971520,20971520,CPU,0.0,0.0,0,0
105251247505,0,oracle_reserve_lru,admission,value_ranked_working_set,18530967552,2470445056,2815858769,1941962752,0,81788928,18612756480,0.9860341459891571,0.9063785485613608,1.0,0.98,54,41,-1,0,0,0,0,,0.0,0.0,2,11
105251247505,0,oracle_reserve_lru,reload,value_ranked_admission,18723905536,2663383040,2815858769,1753219072,0,0,18723905536,0.9919224067971801,0.9458510736835892,1.0,0.98,11,0,264,617,131,81788928,81788928,CPU,0.0,0.0,0,0
105251247505,0,oracle_reserve_lru,reload,value_ranked_admission,18723905536,2663383040,2815858769,1753219072,0,0,18723905536,0.9919224067971801,0.9458510736835892,1.0,0.98,11,0,257,804,145,106954752,106954752,CPU,0.0,0.0,0,0
105277971013,0,oracle_reserve_lru,admission,value_ranked_working_set,18614853632,2554331136,2815858769,1753219072,0,85983232,18700836864,0.990700314931364,0.9376586628091644,1.0,0.98,53,42,-1,0,0,0,0,,0.0,0.0,1,10
105277971013,0,oracle_reserve_lru,reload,value_ranked_admission,18732294144,2671771648,2815858769,1639972864,0,0,18732294144,0.9923668038392951,0.9488301321833801,1.0,0.98,10,0,64,854,411,113246208,113246208,CPU,0.0,0.0,0,0
105886375343,0,oracle_reserve_lru,admission,value_ranked_working_set,18562424832,2501902336,2815858769,1639972864,0,85983232,18648408064,0.9879228334181456,0.9190395471854718,1.0,0.98,51,41,-1,0,0,0,0,,0.0,0.0,1,9
105886375343,0,oracle_reserve_lru,reload,value_ranked_admission,18686156800,2625634304,2815858769,1518338048,0,0,18686156800,0.9899226201076629,0.9324453104345305,1.0,0.98,9,0,259,918,150,121634816,121634816,CPU,0.0,0.0,0,0
107745807928,0,oracle_reserve_lru,admission,value_ranked_working_set,18505801728,2445279232,2815858769,1518338048,0,73400320,18579202048,0.9842565578206973,0.8944623145621974,1.0,0.98,45,36,-1,0,0,0,0,,0.0,0.0,1,8
107745807928,0,oracle_reserve_lru,reload,value_ranked_admission,18644213760,2583691264,2815858769,1382023168,0,0,18644213760,0.9877006348970881,0.9175500179355763,1.0,0.98,8,0,256,1039,149,136314880,136314880,CPU,0.0,0.0,0,0
108377521175,0,oracle_reserve_lru,admission,value_ranked_working_set,18591784960,2531262464,2815858769,1382023168,0,69206016,18660990976,0.9885894289813181,0.923508134935158,1.0,0.98,41,33,-1,0,0,0,0,,0.0,0.0,1,7
108377521175,0,oracle_reserve_lru,reload,value_ranked_admission,18742779904,2682257408,2815858769,1235222528,0,0,18742779904,0.9929223001419388,0.9525539553081187,1.0,0.98,7,0,250,1113,180,146800640,146800640,CPU,0.0,0.0,0,0
108780512977,0,oracle_reserve_lru,trigger,forecast_above_trigger,18807791616,2747269120,2815858769,1235222528,0,71303168,18879094784,1.0001437520763066,1.0009636559297197,1.0,0.98,41,34,-1,0,0,0,0,,0.0,0.0,41,0
108780512977,0,oracle_reserve_lru,spill,proactive_target_headroom,18757459968,2696937472,2815858769,1285554176,0,69206016,18826665984,0.9973662705630882,0.982344540306027,1.0,0.98,41,33,265,377,262,50331648,50331648,CPU,108780512977.0,0.0,0,0
108780512977,0,oracle_reserve_lru,spill,proactive_target_headroom,18675671040,2615148544,2815858769,1367343104,0,67108864,18742779904,0.9929223001419388,0.9525539553081187,1.0,0.98,41,32,268,617,227,81788928,81788928,CPU,108780512977.0,0.0,0,0
108780512977,0,oracle_reserve_lru,admission,value_ranked_working_set,18675671040,2615148544,2815858769,1367343104,0,67108864,18742779904,0.9929223001419388,0.9525539553081187,1.0,0.98,41,32,-1,0,0,0,0,,0.0,0.0,1,8
108780512977,0,oracle_reserve_lru,reload,value_ranked_admission,18728099840,2667577344,2815858769,1317011456,0,0,18728099840,0.9921446053182377,0.9473406029334847,1.0,0.98,8,0,265,377,262,50331648,50331648,CPU,0.0,0.0,0,0
109305358840,0,oracle_reserve_lru,admission,value_ranked_working_set,18663088128,2602565632,2815858769,1317011456,0,60817408,18723905536,0.9919224067971801,0.9458510736835892,1.0,0.98,38,30,-1,0,0,0,0,,0.0,0.0,1,7
109305358840,0,oracle_reserve_lru,reload,value_ranked_admission,18749071360,2688548864,2815858769,1235222528,0,0,18749071360,0.993255597923525,0.9547882491829618,1.0,0.98,7,0,268,617,227,81788928,81788928,CPU,0.0,0.0,0,0
109331998427,0,oracle_reserve_lru,admission,value_ranked_working_set,18598076416,2537553920,2815858769,1235222528,0,62914560,18660990976,0.9885894289813181,0.923508134935158,1.0,0.98,37,30,-1,0,0,0,0,,0.0,0.0,1,6
109331998427,0,oracle_reserve_lru,reload,value_ranked_admission,18753265664,2692743168,2815858769,1086324736,0,0,18753265664,0.9934777964445825,0.9562777784328572,1.0,0.98,6,0,175,1131,368,148897792,148897792,CPU,0.0,0.0,0,0
109712460952,0,oracle_reserve_lru,admission,value_ranked_working_set,18572910592,2512388096,2815858769,1086324736,0,56623104,18629533696,0.986922940073387,0.9123366655609424,1.0,0.98,35,29,-1,0,0,0,0,,0.0,0.0,1,5
109712460952,0,oracle_reserve_lru,reload,value_ranked_admission,18717614080,2657091584,2815858769,941621248,0,0,18717614080,0.9915891090155939,0.9436167798087461,1.0,0.98,5,0,216,1099,418,144703488,144703488,CPU,0.0,0.0,0,0
109738917064,0,oracle_reserve_lru,admission,value_ranked_working_set,18591784960,2531262464,2815858769,941621248,0,58720256,18650505216,0.9880339326786743,0.9197843118104195,1.0,0.98,34,29,-1,0,0,0,0,,0.0,0.0,1,4
109738917064,0,oracle_reserve_lru,reload,value_ranked_admission,18740682752,2680160256,2815858769,796917760,0,0,18740682752,0.9928112008814101,0.9518091906831709,1.0,0.98,4,0,235,1092,351,144703488,144703488,CPU,0.0,0.0,0,0
109961987653,0,oracle_reserve_lru,admission,value_ranked_working_set,18514190336,2453667840,2815858769,796917760,0,56623104,18570813440,0.9838121607785824,0.8914832560624066,1.0,0.98,31,27,-1,0,0,0,0,,0.0,0.0,1,3
109961987653,0,oracle_reserve_lru,reload,value_ranked_admission,18709225472,2648702976,2815858769,603979776,0,0,18709225472,0.991144711973479,0.9406377213089553,1.0,0.98,3,0,240,1470,355,192937984,192937984,CPU,0.0,0.0,0,0
110733011485,0,oracle_reserve_lru,admission,value_ranked_working_set,18591784960,2531262464,2815858769,603979776,0,52428800,18644213760,0.9877006348970881,0.9175500179355763,1.0,0.98,28,25,-1,0,0,0,0,,0.0,0.0,1,2
110733011485,0,oracle_reserve_lru,reload,value_ranked_admission,18757459968,2696937472,2815858769,444596224,0,0,18757459968,0.99369999496564,0.9577673076827526,1.0,0.98,2,0,144,1204,195,159383552,159383552,CPU,0.0,0.0,0,0
111023020573,0,oracle_reserve_lru,admission,value_ranked_working_set,18547744768,2487222272,2815858769,444596224,0,50331648,18598076416,0.9852564511654559,0.9011651961867267,1.0,0.98,26,24,-1,0,0,0,0,,0.0,0.0,1,1
111023020573,0,oracle_reserve_lru,reload,value_ranked_admission,18740682752,2680160256,2815858769,253755392,0,0,18740682752,0.9928112008814101,0.9518091906831709,1.0,0.98,1,0,160,1452,271,190840832,190840832,CPU,0.0,0.0,0,0
111479753114,0,oracle_reserve_lru,admission,value_ranked_working_set,18453372928,2392850432,2815858769,253755392,0,44040192,18497413120,0.9799236866600766,0.8654164941892368,1.0,0.98,23,22,-1,0,0,0,0,,0.0,0.0,1,0
111479753114,0,oracle_reserve_lru,reload,value_ranked_admission,18711322624,2650800128,2815858769,0,0,0,18711322624,0.9912558112340077,0.9413824859339031,1.0,0.98,0,0,154,1934,127,253755392,253755392,CPU,0.0,0.0,0,0
