sim_time_ns,instance_id,policy,event_type,reason,npu_used_bytes,npu_kv_bytes,kv_capacity_bytes,cpu_used_bytes,cxl_used_bytes,reserve_bytes,forecast_bytes,pressure,kv_pressure,trigger,target,active_decode_requests,resident_decode_requests,request_id,request_input_tokens,request_generated_tokens,raw_bytes,stored_bytes,storage_tier,score,utility,selected_requests,deferred_requests
44910654428,0,oracle_growth,trigger,forecast_above_trigger,18799403008,2738880512,2815858769,0,0,140509184,18939912192,1.00336563063164,1.0225618300532031,0.98,0.94,69,69,-1,0,0,0,0,,0.0,0.0,69,0
44910654428,0,oracle_growth,spill,proactive_target_headroom,18732294144,2671771648,2815858769,67108864,0,138412032,18870706176,0.9996993550341917,0.9979845974299288,0.98,0.94,69,68,74,512,228,67108864,67108864,CPU,1.10232573895415e-12,7.628757272727272e-05,0,0
44910654428,0,oracle_growth,spill,proactive_target_headroom,18698739712,2638217216,2815858769,100663296,0,138412032,18837151744,0.997921766865732,0.9860683634307655,0.98,0.94,69,67,92,246,206,33554432,33554432,CPU,1.9900706004012712e-12,6.677568863636363e-05,0,0
44910654428,0,oracle_growth,spill,proactive_target_headroom,18696642560,2636120064,2815858769,102760448,0,138412032,18835054592,0.9978106676052032,0.9853235988058178,0.98,0.94,69,66,142,2,1,2097152,2097152,CPU,2.2989533164284446e-12,4.8212545454545455e-06,0,0
44910654428,0,oracle_growth,spill,proactive_target_headroom,18694545408,2634022912,2815858769,104857600,0,136314880,18830860288,0.9975884690841457,0.9838340695559223,0.98,0.94,69,65,143,15,1,2097152,2097152,CPU,2.2989533164284446e-12,9.642509090909091e-06,0,0
44910654428,0,oracle_growth,spill,proactive_target_headroom,18631630848,2571108352,2815858769,167772160,0,134217728,18765848576,0.9941443920077548,0.9607463661825434,0.98,0.94,69,64,137,478,8,62914560,62914560,CPU,3.0253568003254553e-12,0.000196683625,0,0
44910654428,0,oracle_growth,spill,proactive_target_headroom,18627436544,2566914048,2815858769,171966464,0,132120576,18759557120,0.9938110942261686,0.9585120723077003,0.98,0.94,69,63,125,31,17,4194304,4194304,CPU,3.0477870594371447e-12,1.917501818181818e-05,0,0
44910654428,0,oracle_growth,spill,proactive_target_headroom,18623242240,2562719744,2815858769,176160768,0,130023424,18753265664,0.9934777964445825,0.9562777784328572,0.98,0.94,69,62,130,20,10,4194304,4194304,CPU,3.0477870594371447e-12,1.917501818181818e-05,0,0
44910654428,0,oracle_growth,spill,proactive_target_headroom,18619047936,2558525440,2815858769,180355072,0,127926272,18746974208,0.9931444986629963,0.954043484558014,0.98,0.94,69,61,131,19,9,4194304,4194304,CPU,3.0477870594371447e-12,1.917501818181818e-05,0,0
44910654428,0,oracle_growth,spill,proactive_target_headroom,18614853632,2554331136,2815858769,184549376,0,125829120,18740682752,0.9928112008814101,0.9518091906831709,0.98,0.94,69,60,132,17,9,4194304,4194304,CPU,3.0477870594371447e-12,1.917501818181818e-05,0,0
44910654428,0,oracle_growth,spill,proactive_target_headroom,18608562176,2548039680,2815858769,190840832,0,123731968,18732294144,0.9923668038392951,0.9488301321833801,0.98,0.94,69,59,110,43,36,6291456,6291456,CPU,3.4222039309414953e-12,2.8707527272727275e-05,0,0
44910654428,0,oracle_growth,spill,proactive_target_headroom,18602270720,2541748224,2815858769,197132288,0,121634816,18723905536,0.9919224067971801,0.9458510736835892,0.98,0.94,69,58,111,43,36,6291456,6291456,CPU,3.4222039309414953e-12,2.8707527272727275e-05,0,0
44910654428,0,oracle_growth,spill,proactive_target_headroom,18595979264,2535456768,2815858769,203423744,0,119537664,18715516928,0.9914780097550652,0.9428720151837985,0.98,0.94,69,57,115,37,32,6291456,6291456,CPU,3.4222039309414953e-12,2.8707527272727275e-05,0,0
44910654428,0,oracle_growth,spill,proactive_target_headroom,18589687808,2529165312,2815858769,209715200,0,117440512,18707128320,0.9910336127129502,0.9398929566840076,0.98,0.94,69,56,116,47,30,6291456,6291456,CPU,3.4222039309414953e-12,2.8707527272727275e-05,0,0
45072817730,0,oracle_growth,trigger,forecast_above_trigger,18713419776,2652897280,2815858769,209715200,0,123731968,18837151744,0.997921766865732,0.9860683634307655,0.98,0.94,72,59,-1,0,0,0,0,,0.0,0.0,72,0
45072817730,0,oracle_growth,spill,proactive_target_headroom,18711322624,2650800128,2815858769,211812352,0,121634816,18832957440,0.9976995683446744,0.9845788341808701,0.98,0.94,72,58,149,7,1,2097152,2097152,CPU,2.2989533164284446e-12,9.642509090909091e-06,0,0
45072817730,0,oracle_growth,spill,proactive_target_headroom,18705031168,2644508672,2815858769,218103808,0,119537664,18824568832,0.9972551713025595,0.9815997756810793,0.98,0.94,72,57,133,35,10,6291456,6291456,CPU,3.4222039309414953e-12,2.8707527272727275e-05,0,0
45072817730,0,oracle_growth,spill,proactive_target_headroom,18698739712,2638217216,2815858769,224395264,0,117440512,18816180224,0.9968107742604445,0.9786207171812884,0.98,0.94,72,56,135,41,10,6291456,6291456,CPU,3.4222039309414953e-12,2.8707527272727275e-05,0,0
45072817730,0,oracle_growth,spill,proactive_target_headroom,18690351104,2629828608,2815858769,232783872,0,115343360,18805694464,0.9962552779578009,0.9748968940565499,0.98,0.94,72,55,101,58,44,8388608,8388608,CPU,3.6468540538441045e-12,3.824003636363636e-05,0,0
45072817730,0,oracle_growth,spill,proactive_target_headroom,18681962496,2621440000,2815858769,241172480,0,113246208,18795208704,0.9956997816551572,0.9711730709318114,0.98,0.94,72,54,107,54,38,8388608,8388608,CPU,3.6468540538441045e-12,3.824003636363636e-05,0,0
45072817730,0,oracle_growth,spill,proactive_target_headroom,18673573888,2613051392,2815858769,249561088,0,111149056,18784722944,0.9951442853525135,0.9674492478070729,0.98,0.94,72,53,126,52,18,8388608,8388608,CPU,3.6468540538441045e-12,3.824003636363636e-05,0,0
45072817730,0,oracle_growth,spill,proactive_target_headroom,18663088128,2602565632,2815858769,260046848,0,109051904,18772140032,0.9944776897893411,0.9629806600573866,0.98,0.94,72,52,103,68,42,10485760,10485760,CPU,3.796620802445845e-12,4.777254545454545e-05,0,0
45072817730,0,oracle_growth,spill,proactive_target_headroom,18652602368,2592079872,2815858769,270532608,0,106954752,18759557120,0.9938110942261686,0.9585120723077003,0.98,0.94,72,51,106,76,38,10485760,10485760,CPU,3.796620802445845e-12,4.777254545454545e-05,0,0
45072817730,0,oracle_growth,spill,proactive_target_headroom,18642116608,2581594112,2815858769,281018368,0,104857600,18746974208,0.9931444986629963,0.954043484558014,0.98,0.94,72,50,114,69,35,10485760,10485760,CPU,3.796620802445845e-12,4.777254545454545e-05,0,0
45072817730,0,oracle_growth,spill,proactive_target_headroom,18581299200,2520776704,2815858769,341835776,0,102760448,18684059648,0.9898115208471342,0.9317005458095828,0.98,0.94,72,49,123,451,19,60817408,60817408,CPU,3.846226822246205e-12,0.00024198366818181817,0,0
45072817730,0,oracle_growth,admission,value_ranked_working_set,18581299200,2520776704,2815858769,341835776,0,102760448,18684059648,0.9898115208471342,0.9317005458095828,0.98,0.94,72,49,-1,0,0,0,0,,0.0,0.0,2,21
45072817730,0,oracle_growth,reload,value_ranked_admission,18606465024,2545942528,2815858769,322961408,0,0,18606465024,0.9857008482075709,0.9041442546865176,0.98,0.94,21,0,103,68,42,10485760,10485760,CPU,0.0,0.0,0,0
45072817730,0,oracle_growth,reload,value_ranked_admission,18606465024,2545942528,2815858769,322961408,0,0,18606465024,0.9857008482075709,0.9041442546865176,0.98,0.94,21,0,101,58,44,8388608,8388608,CPU,0.0,0.0,0,0
46501290183,0,oracle_growth,trigger,forecast_above_trigger,18721808384,2661285888,2815858769,322961408,0,102760448,18824568832,0.9972551713025595,0.9815997756810793,0.98,0.94,72,51,-1,0,0,0,0,,0.0,0.0,72,0
46501290183,0,oracle_growth,spill,proactive_target_headroom,18650505216,2589982720,2815858769,394264576,0,102760448,18753265664,0.9934777964445825,0.9562777784328572,0.98,0.94,72,50,96,539,217,71303168,71303168,CPU,8.525619851076667e-13,6.079037045454546e-05,0,0
46501290183,0,oracle_growth,spill,proactive_target_headroom,18583396352,2522873856,2815858769,461373440,0,102760448,18686156800,0.9899226201076629,0.9324453104345305,0.98,0.94,72,49,66,509,259,67108864,67108864,CPU,8.525800637223503e-13,5.721567954545454e-05,0,0
46501290183,0,oracle_growth,admission,value_ranked_working_set,18583396352,2522873856,2815858769,461373440,0,102760448,18686156800,0.9899226201076629,0.9324453104345305,0.98,0.94,72,49,-1,0,0,0,0,,0.0,0.0,2,21
46501290183,0,oracle_growth,reload,value_ranked_admission,18614853632,2554331136,2815858769,444596224,0,0,18614853632,0.9861452452496858,0.9071233131863085,0.98,0.94,21,0,106,76,38,10485760,10485760,CPU,0.0,0.0,0,0
46501290183,0,oracle_growth,reload,value_ranked_admission,18614853632,2554331136,2815858769,444596224,0,0,18614853632,0.9861452452496858,0.9071233131863085,0.98,0.94,21,0,133,35,10,6291456,6291456,CPU,0.0,0.0,0,0
47538772499,0,oracle_growth,admission,value_ranked_working_set,18600173568,2539651072,2815858769,444596224,0,102760448,18702934016,0.9908114141918928,0.9384034274341122,0.98,0.94,71,50,-1,0,0,0,0,,0.0,0.0,1,20
47538772499,0,oracle_growth,reload,value_ranked_admission,18606465024,2545942528,2815858769,442499072,0,0,18606465024,0.9857008482075709,0.9041442546865176,0.98,0.94,20,0,149,7,1,2097152,2097152,CPU,0.0,0.0,0,0
47972157820,0,oracle_growth,admission,value_ranked_working_set,18577104896,2516582400,2815858769,442499072,0,104857600,18681962496,0.9897004215866054,0.9309557811846351,0.98,0.94,70,50,-1,0,0,0,0,,0.0,0.0,3,17
47972157820,0,oracle_growth,reload,value_ranked_admission,18606465024,2545942528,2815858769,421527552,0,0,18606465024,0.9857008482075709,0.9041442546865176,0.98,0.94,17,0,114,69,35,10485760,10485760,CPU,0.0,0.0,0,0
47972157820,0,oracle_growth,reload,value_ranked_admission,18606465024,2545942528,2815858769,421527552,0,0,18606465024,0.9857008482075709,0.9041442546865176,0.98,0.94,17,0,107,54,38,8388608,8388608,CPU,0.0,0.0,0,0
47972157820,0,oracle_growth,reload,value_ranked_admission,18606465024,2545942528,2815858769,421527552,0,0,18606465024,0.9857008482075709,0.9041442546865176,0.98,0.94,17,0,142,2,1,2097152,2097152,CPU,0.0,0.0,0,0
50037773486,0,oracle_growth,trigger,forecast_above_trigger,18713419776,2652897280,2815858769,421527552,0,106954752,18820374528,0.997032972781502,0.9801102464311838,0.98,0.94,69,52,-1,0,0,0,0,,0.0,0.0,69,0
50037773486,0,oracle_growth,spill,proactive_target_headroom,18562424832,2501902336,2815858769,572522496,0,106954752,18669379584,0.989033826023433,0.9264871934349489,0.98,0.94,69,51,60,1140,299,150994944,150994944,CPU,2.5572279637510126e-12,0.00038612849318181815,0,0
50037773486,0,oracle_growth,admission,value_ranked_working_set,18562424832,2501902336,2815858769,572522496,0,106954752,18669379584,0.989033826023433,0.9264871934349489,0.98,0.94,69,51,-1,0,0,0,0,,0.0,0.0,4,14
50037773486,0,oracle_growth,reload,value_ranked_admission,18604367872,2543845376,2815858769,545259520,0,0,18604367872,0.9855897489470421,0.9033994900615699,0.98,0.94,14,0,126,52,18,8388608,8388608,CPU,0.0,0.0,0,0
50037773486,0,oracle_growth,reload,value_ranked_admission,18604367872,2543845376,2815858769,545259520,0,0,18604367872,0.9855897489470421,0.9033994900615699,0.98,0.94,14,0,135,41,10,6291456,6291456,CPU,0.0,0.0,0,0
50037773486,0,oracle_growth,reload,value_ranked_admission,18604367872,2543845376,2815858769,545259520,0,0,18604367872,0.9855897489470421,0.9033994900615699,0.98,0.94,14,0,110,43,36,6291456,6291456,CPU,0.0,0.0,0,0
50037773486,0,oracle_growth,reload,value_ranked_admission,18604367872,2543845376,2815858769,545259520,0,0,18604367872,0.9855897489470421,0.9033994900615699,0.98,0.94,14,0,111,43,36,6291456,6291456,CPU,0.0,0.0,0,0
53451445249,0,oracle_growth,admission,value_ranked_working_set,18579202048,2518679552,2815858769,545259520,0,100663296,18679865344,0.9895893223260767,0.9302110165596874,0.98,0.94,64,50,-1,0,0,0,0,,0.0,0.0,4,10
53451445249,0,oracle_growth,reload,value_ranked_admission,18610659328,2550136832,2815858769,526385152,0,0,18610659328,0.9859230467286284,0.905633783936413,0.98,0.94,10,0,115,37,32,6291456,6291456,CPU,0.0,0.0,0,0
53451445249,0,oracle_growth,reload,value_ranked_admission,18610659328,2550136832,2815858769,526385152,0,0,18610659328,0.9859230467286284,0.905633783936413,0.98,0.94,10,0,116,47,30,6291456,6291456,CPU,0.0,0.0,0,0
53451445249,0,oracle_growth,reload,value_ranked_admission,18610659328,2550136832,2815858769,526385152,0,0,18610659328,0.9859230467286284,0.905633783936413,0.98,0.94,10,0,125,31,17,4194304,4194304,CPU,0.0,0.0,0,0
53451445249,0,oracle_growth,reload,value_ranked_admission,18610659328,2550136832,2815858769,526385152,0,0,18610659328,0.9859230467286284,0.905633783936413,0.98,0.94,10,0,143,15,1,2097152,2097152,CPU,0.0,0.0,0,0
53753672475,0,oracle_growth,admission,value_ranked_working_set,18579202048,2518679552,2815858769,526385152,0,104857600,18684059648,0.9898115208471342,0.9317005458095828,0.98,0.94,63,53,-1,0,0,0,0,,0.0,0.0,3,7
53753672475,0,oracle_growth,reload,value_ranked_admission,18595979264,2535456768,2815858769,513802240,0,0,18595979264,0.9851453519049272,0.9004204315617791,0.98,0.94,7,0,130,20,10,4194304,4194304,CPU,0.0,0.0,0,0
53753672475,0,oracle_growth,reload,value_ranked_admission,18595979264,2535456768,2815858769,513802240,0,0,18595979264,0.9851453519049272,0.9004204315617791,0.98,0.94,7,0,131,19,9,4194304,4194304,CPU,0.0,0.0,0,0
53753672475,0,oracle_growth,reload,value_ranked_admission,18595979264,2535456768,2815858769,513802240,0,0,18595979264,0.9851453519049272,0.9004204315617791,0.98,0.94,7,0,132,17,9,4194304,4194304,CPU,0.0,0.0,0,0
53824751762,0,oracle_growth,admission,value_ranked_working_set,18505801728,2445279232,2815858769,513802240,0,111149056,18616950784,0.9862563445102146,0.9078680778112561,0.98,0.94,61,54,-1,0,0,0,0,,0.0,0.0,1,6
53824751762,0,oracle_growth,reload,value_ranked_admission,18572910592,2512388096,2815858769,452984832,0,0,18572910592,0.9839232600391111,0.8922280206873543,0.98,0.94,6,0,123,451,19,60817408,60817408,CPU,0.0,0.0,0,0
54046112615,0,oracle_growth,admission,value_ranked_working_set,18543550464,2483027968,2815858769,452984832,0,111149056,18654699520,0.9882561311997319,0.921273841060315,0.98,0.94,60,54,-1,0,0,0,0,,0.0,0.0,1,5
54046112615,0,oracle_growth,reload,value_ranked_admission,18583396352,2522873856,2815858769,419430400,0,0,18583396352,0.9844787563417547,0.8959518438120928,0.98,0.94,5,0,92,246,206,33554432,33554432,CPU,0.0,0.0,0,0
54928101523,0,oracle_growth,admission,value_ranked_working_set,18505801728,2445279232,2815858769,419430400,0,104857600,18610659328,0.9859230467286284,0.905633783936413,0.98,0.94,57,52,-1,0,0,0,0,,0.0,0.0,1,4
54928101523,0,oracle_growth,reload,value_ranked_admission,18570813440,2510290944,2815858769,356515840,0,0,18570813440,0.9838121607785824,0.8914832560624066,0.98,0.94,4,0,137,478,8,62914560,62914560,CPU,0.0,0.0,0,0
55738323012,0,oracle_growth,admission,value_ranked_working_set,18526773248,2466250752,2815858769,356515840,0,104857600,18631630848,0.9870340393339158,0.9130814301858902,0.98,0.94,54,50,-1,0,0,0,0,,0.0,0.0,1,3
55738323012,0,oracle_growth,reload,value_ranked_admission,18600173568,2539651072,2815858769,289406976,0,0,18600173568,0.9853675504259847,0.9019099608116745,0.98,0.94,3,0,74,512,228,67108864,67108864,CPU,0.0,0.0,0,0
56326565499,0,oracle_growth,admission,value_ranked_working_set,18428207104,2367684608,2815858769,289406976,0,100663296,18528870400,0.9815901755680077,0.8765879635634525,0.98,0.94,52,49,-1,0,0,0,0,,0.0,0.0,1,2
56326565499,0,oracle_growth,reload,value_ranked_admission,18587590656,2527068160,2815858769,138412032,0,0,18587590656,0.9847009548628123,0.8974413730619882,0.98,0.94,2,0,60,1140,299,150994944,150994944,CPU,0.0,0.0,0,0
57176428655,0,oracle_growth,admission,value_ranked_working_set,18417721344,2357198848,2815858769,138412032,0,96468992,18514190336,0.9808124807443065,0.8713746111888184,0.98,0.94,49,47,-1,0,0,0,0,,0.0,0.0,2,0
57176428655,0,oracle_growth,reload,value_ranked_admission,18562424832,2501902336,2815858769,0,0,0,18562424832,0.9833677637364674,0.8885041975626158,0.98,0.94,0,0,66,509,259,67108864,67108864,CPU,0.0,0.0,0,0
57176428655,0,oracle_growth,reload,value_ranked_admission,18562424832,2501902336,2815858769,0,0,0,18562424832,0.9833677637364674,0.8885041975626158,0.98,0.94,0,0,96,539,217,71303168,71303168,CPU,0.0,0.0,0,0
60988059366,0,oracle_growth,trigger,forecast_above_trigger,18746974208,2686451712,2815858769,0,0,106954752,18853928960,0.9988105609499618,0.9920264804303471,0.98,0.94,52,52,-1,0,0,0,0,,0.0,0.0,52,0
60988059366,0,oracle_growth,spill,proactive_target_headroom,18732294144,2671771648,2815858769,14680064,0,106954752,18839248896,0.9980328661262606,0.9868131280557132,0.98,0.94,52,51,132,98,90,14680064,14680064,CPU,2.845592312998586e-13,4.1773477272727275e-06,0,0
60988059366,0,oracle_growth,spill,proactive_target_headroom,18730196992,2669674496,2815858769,16777216,0,104857600,18835054592,0.9978106676052032,0.9853235988058178,0.98,0.94,52,50,153,15,7,2097152,2097152,CPU,2.2989533164284446e-12,9.642509090909091e-06,0,0
60988059366,0,oracle_growth,spill,proactive_target_headroom,18728099840,2667577344,2815858769,18874368,0,102760448,18830860288,0.9975884690841457,0.9838340695559223,0.98,0.94,52,49,155,16,7,2097152,2097152,CPU,2.2989533164284446e-12,9.642509090909091e-06,0,0
60988059366,0,oracle_growth,spill,proactive_target_headroom,18726002688,2665480192,2815858769,20971520,0,100663296,18826665984,0.9973662705630882,0.982344540306027,0.98,0.94,52,48,157,9,5,2097152,2097152,CPU,2.2989533164284446e-12,9.642509090909091e-06,0,0
60988059366,0,oracle_growth,spill,proactive_target_headroom,18700836864,2640314368,2815858769,46137344,0,98566144,18799403008,0.9959219801762147,0.9726626001817068,0.98,0.94,52,47,107,188,172,25165824,25165824,CPU,2.362409421614e-12,6.440631136363636e-05,0,0
60988059366,0,oracle_growth,spill,proactive_target_headroom,18696642560,2636120064,2815858769,50331648,0,96468992,18793111552,0.9955886823946285,0.9704283063068636,0.98,0.94,52,46,150,26,11,4194304,4194304,CPU,3.0477870594371447e-12,1.917501818181818e-05,0,0
60988059366,0,oracle_growth,spill,proactive_target_headroom,18692448256,2631925760,2815858769,54525952,0,94371840,18786820096,0.9952553846130423,0.9681940124320205,0.98,0.94,52,45,158,29,4,4194304,4194304,CPU,3.0477870594371447e-12,1.917501818181818e-05,0,0
60988059366,0,oracle_growth,spill,proactive_target_headroom,18679865344,2619342848,2815858769,67108864,0,92274688,18772140032,0.9944776897893411,0.9629806600573866,0.98,0.94,52,44,151,95,11,12582912,12582912,CPU,3.903597051447088e-12,5.7305054545454546e-05,0,0
60988059366,0,oracle_growth,spill,proactive_target_headroom,18665185280,2604662784,2815858769,81788928,0,90177536,18755362816,0.9935888957051112,0.9570225430578049,0.98,0.94,52,43,130,101,91,14680064,14680064,CPU,3.9838292381980204e-12,6.683756363636364e-05,0,0
60988059366,0,oracle_growth,spill,proactive_target_headroom,18650505216,2589982720,2815858769,96468992,0,88080384,18738585600,0.9927001016208813,0.9510644260582233,0.98,0.94,52,42,131,100,90,14680064,14680064,CPU,3.9838292381980204e-12,6.683756363636364e-05,0,0
60988059366,0,oracle_growth,spill,proactive_target_headroom,18633728000,2573205504,2815858769,113246208,0,85983232,18719711232,0.9917002082761227,0.9443615444336939,0.98,0.94,52,41,115,122,117,16777216,16777216,CPU,4.046232050115411e-12,7.637007272727272e-05,0,0
60988059366,0,oracle_growth,spill,proactive_target_headroom,18616950784,2556428288,2815858769,130023424,0,83886080,18700836864,0.990700314931364,0.9376586628091644,0.98,0.94,52,40,125,116,102,16777216,16777216,CPU,4.046232050115411e-12,7.637007272727272e-05,0,0
60988059366,0,oracle_growth,admission,value_ranked_working_set,18616950784,2556428288,2815858769,130023424,0,83886080,18700836864,0.990700314931364,0.9376586628091644,0.98,0.94,52,40,-1,0,0,0,0,,0.0,0.0,1,11
60988059366,0,oracle_growth,reload,value_ranked_admission,18757459968,2696937472,2815858769,125829120,0,0,18757459968,0.99369999496564,0.9577673076827526,0.98,0.94,11,0,150,26,11,4194304,4194304,CPU,0.0,0.0,0,0
61247481913,0,oracle_growth,trigger,forecast_above_trigger,18757459968,2696937472,2815858769,125829120,0,88080384,18845540352,0.9983661639078468,0.9890474219305564,0.98,0.94,53,42,-1,0,0,0,0,,0.0,0.0,53,0
61247481913,0,oracle_growth,spill,proactive_target_headroom,18753265664,2692743168,2815858769,130023424,0,85983232,18839248896,0.9980328661262606,0.9868131280557132,0.98,0.94,53,41,150,27,12,4194304,4194304,CPU,3.0477870594371447e-12,1.917501818181818e-05,0,0
61247481913,0,oracle_growth,spill,proactive_target_headroom,18734391296,2673868800,2815858769,148897792,0,83886080,18818277376,0.9969218735209733,0.9793654818062362,0.98,0.94,53,40,149,144,138,18874368,18874368,CPU,4.096154299649325e-12,8.590258181818181e-05,0,0
61247481913,0,oracle_growth,spill,proactive_target_headroom,18713419776,2652897280,2815858769,169869312,0,81788928,18795208704,0.9956997816551572,0.9711730709318114,0.98,0.94,53,39,135,159,128,20971520,20971520,CPU,4.136999776540709e-12,9.543509090909091e-05,0,0
61247481913,0,oracle_growth,spill,proactive_target_headroom,18690351104,2629828608,2815858769,192937984,0,79691776,18770042880,0.9943665905288124,0.9622358954324388,0.98,0.94,53,38,126,170,136,23068672,23068672,CPU,4.171037673950195e-12,0.0001049676,0,0
61247481913,0,oracle_growth,spill,proactive_target_headroom,18667282432,2606759936,2815858769,216006656,0,77594624,18744877056,0.9930333994024675,0.9532987199330664,0.98,0.94,53,37,111,161,154,23068672,23068672,CPU,4.171037673950195e-12,0.0001049676,0,0
61247481913,0,oracle_growth,spill,proactive_target_headroom,18642116608,2581594112,2815858769,241172480,0,75497472,18717614080,0.9915891090155939,0.9436167798087461,0.98,0.94,53,36,133,185,160,25165824,25165824,CPU,4.1998389717582225e-12,0.0001145001090909091,0,0
61247481913,0,oracle_growth,spill,proactive_target_headroom,18614853632,2554331136,2815858769,268435456,0,73400320,18688253952,0.9900337193681916,0.9331900750594783,0.98,0.94,53,35,114,204,170,27262976,27262976,CPU,4.224525798450816e-12,0.00012403261818181817,0,0
61247481913,0,oracle_growth,admission,value_ranked_working_set,18614853632,2554331136,2815858769,268435456,0,73400320,18688253952,0.9900337193681916,0.9331900750594783,0.98,0.94,53,35,-1,0,0,0,0,,0.0,0.0,1,17
61247481913,0,oracle_growth,reload,value_ranked_admission,18767945728,2707423232,2815858769,251658240,0,0,18767945728,0.9942554912682836,0.9614911308074912,0.98,0.94,17,0,115,122,117,16777216,16777216,CPU,0.0,0.0,0,0
61422460726,0,oracle_growth,trigger,forecast_above_trigger,18767945728,2707423232,2815858769,251658240,0,81788928,18849734656,0.9985883624289044,0.9905369511804518,0.98,0.94,56,39,-1,0,0,0,0,,0.0,0.0,56,0
61422460726,0,oracle_growth,spill,proactive_target_headroom,18765848576,2705326080,2815858769,253755392,0,79691776,18845540352,0.9983661639078468,0.9890474219305564,0.98,0.94,56,38,164,11,1,2097152,2097152,CPU,2.2989533164284446e-12,9.642509090909091e-06,0,0
61422460726,0,oracle_growth,spill,proactive_target_headroom,18749071360,2688548864,2815858769,270532608,0,77594624,18826665984,0.9973662705630882,0.982344540306027,0.98,0.94,56,37,115,123,118,16777216,16777216,CPU,4.046232050115411e-12,7.637007272727272e-05,0,0
61422460726,0,oracle_growth,spill,proactive_target_headroom,18688253952,2627731456,2815858769,331350016,0,75497472,18763751424,0.9940332927472262,0.9600016015575957,0.98,0.94,56,36,54,462,425,60817408,60817408,CPU,4.120957309549505e-12,0.0002592682159090909,0,0
61422460726,0,oracle_growth,spill,proactive_target_headroom,18660990976,2600468480,2815858769,358612992,0,73400320,18734391296,0.9924779030998239,0.9495748968083279,0.98,0.94,56,35,152,197,13,27262976,27262976,CPU,4.224525798450816e-12,0.00012403261818181817,0,0
61422460726,0,oracle_growth,spill,proactive_target_headroom,18631630848,2571108352,2815858769,387973120,0,71303168,18702934016,0.9908114141918928,0.9384034274341122,0.98,0.94,56,34,163,220,1,29360128,29360128,CPU,4.2459210482510655e-12,0.00013356512727272728,0,0
61422460726,0,oracle_growth,admission,value_ranked_working_set,18631630848,2571108352,2815858769,387973120,0,71303168,18702934016,0.9908114141918928,0.9384034274341122,0.98,0.94,56,34,-1,0,0,0,0,,0.0,0.0,1,21
61422460726,0,oracle_growth,reload,value_ranked_admission,18832957440,2772434944,2815858769,385875968,0,0,18832957440,0.9976995683446744,0.9845788341808701,0.98,0.94,21,0,164,11,1,2097152,2097152,CPU,0.0,0.0,0,0
61666903350,0,oracle_growth,trigger,forecast_above_trigger,18832957440,2772434944,2815858769,385875968,0,79691776,18912649216,1.0019213402447664,1.0128798899288831,0.98,0.94,59,38,-1,0,0,0,0,,0.0,0.0,59,0
61666903350,0,oracle_growth,spill,proactive_target_headroom,18830860288,2770337792,2815858769,387973120,0,77594624,18908454912,1.0016991417237089,1.0113903606789876,0.98,0.94,59,37,164,12,2,2097152,2097152,CPU,2.2989533164284446e-12,9.642509090909091e-06,0,0
61666903350,0,oracle_growth,spill,proactive_target_headroom,18826665984,2766143488,2815858769,392167424,0,75497472,18902163456,1.0013658439421227,1.0091560668041444,0.98,0.94,59,36,167,20,1,4194304,4194304,CPU,3.0477870594371447e-12,1.917501818181818e-05,0,0
61666903350,0,oracle_growth,spill,proactive_target_headroom,18795208704,2734686208,2815858769,423624704,0,73400320,18868609024,0.999588255773663,0.9972398328049812,0.98,0.94,59,35,103,238,212,31457280,31457280,CPU,4.264641891826283e-12,0.00014309763636363636,0,0
61666903350,0,oracle_growth,spill,proactive_target_headroom,18763751424,2703228928,2815858769,455081984,0,71303168,18835054592,0.9978106676052032,0.9853235988058178,0.98,0.94,59,34,106,228,190,31457280,31457280,CPU,4.264641891826283e-12,0.00014309763636363636,0,0
61666903350,0,oracle_growth,spill,proactive_target_headroom,18728099840,2667577344,2815858769,490733568,0,69206016,18797305856,0.9958108809156859,0.971917835556759,0.98,0.94,59,33,104,262,212,35651584,35651584,CPU,4.295843297784979e-12,0.00016216265454545455,0,0
61666903350,0,oracle_growth,spill,proactive_target_headroom,18692448256,2631925760,2815858769,526385152,0,67108864,18759557120,0.9938110942261686,0.9585120723077003,0.98,0.94,59,32,148,266,171,35651584,35651584,CPU,4.295843297784979e-12,0.00016216265454545455,0,0
61666903350,0,oracle_growth,spill,proactive_target_headroom,18654699520,2594177024,2815858769,564133888,0,65011712,18719711232,0.9917002082761227,0.9443615444336939,0.98,0.94,59,31,108,281,208,37748736,37748736,CPU,4.30898073187285e-12,0.00017169516363636363,0,0
61666903350,0,oracle_growth,spill,proactive_target_headroom,18616950784,2556428288,2815858769,601882624,0,62914560,18679865344,0.9895893223260767,0.9302110165596874,0.98,0.94,59,30,118,281,198,37748736,37748736,CPU,4.30898073187285e-12,0.00017169516363636363,0,0
61666903350,0,oracle_growth,admission,value_ranked_working_set,18616950784,2556428288,2815858769,601882624,0,62914560,18679865344,0.9895893223260767,0.9302110165596874,0.98,0.94,59,30,-1,0,0,0,0,,0.0,0.0,1,28
61666903350,0,oracle_growth,reload,value_ranked_admission,18730196992,2669674496,2815858769,576716800,0,0,18730196992,0.9922557045787663,0.9480853675584324,0.98,0.94,28,0,133,185,160,25165824,25165824,CPU,0.0,0.0,0,0
61806263284,0,oracle_growth,trigger,forecast_above_trigger,18761654272,2701131776,2815858769,576716800,0,75497472,18837151744,0.997921766865732,0.9860683634307655,0.98,0.94,64,36,-1,0,0,0,0,,0.0,0.0,64,0
61806263284,0,oracle_growth,spill,proactive_target_headroom,18757459968,2696937472,2815858769,580911104,0,73400320,18830860288,0.9975884690841457,0.9838340695559223,0.98,0.94,64,35,171,18,2,4194304,4194304,CPU,3.0477870594371447e-12,1.917501818181818e-05,0,0
61806263284,0,oracle_growth,spill,proactive_target_headroom,18749071360,2688548864,2815858769,589299712,0,71303168,18820374528,0.997032972781502,0.9801102464311838,0.98,0.94,64,34,168,62,2,8388608,8388608,CPU,3.6468540538441045e-12,3.824003636363636e-05,0,0
61806263284,0,oracle_growth,spill,proactive_target_headroom,18732294144,2671771648,2815858769,606076928,0,69206016,18801500160,0.9960330794367434,0.9734073648066545,0.98,0.94,64,33,170,127,2,16777216,16777216,CPU,4.046232050115411e-12,7.637007272727272e-05,0,0
61806263284,0,oracle_growth,spill,proactive_target_headroom,18707128320,2646605824,2815858769,631242752,0,67108864,18774237184,0.9945887890498698,0.9637254246823342,0.98,0.94,64,32,133,187,162,25165824,25165824,CPU,4.1998389717582225e-12,0.0001145001090909091,0,0
61806263284,0,oracle_growth,spill,proactive_target_headroom,18675671040,2615148544,2815858769,662700032,0,65011712,18740682752,0.9928112008814101,0.9518091906831709,0.98,0.94,64,31,172,226,1,31457280,31457280,CPU,4.264641891826283e-12,0.00014309763636363636,0,0
61806263284,0,oracle_growth,spill,proactive_target_headroom,18631630848,2571108352,2815858769,706740224,0,62914560,18694545408,0.9903670171497778,0.9354243689343213,0.98,0.94,64,30,120,335,197,44040192,44040192,CPU,4.341227160997627e-12,0.0002002926909090909,0,0
61806263284,0,oracle_growth,admission,value_ranked_working_set,18631630848,2571108352,2815858769,706740224,0,62914560,18694545408,0.9903670171497778,0.9354243689343213,0.98,0.94,64,30,-1,0,0,0,0,,0.0,0.0,1,33
61806263284,0,oracle_growth,reload,value_ranked_admission,18640019456,2579496960,2815858769,698351616,0,0,18640019456,0.9874784363760307,0.9160604886856809,0.98,0.94,33,0,168,62,2,8388608,8388608,CPU,0.0,0.0,0,0
62033580441,0,oracle_growth,trigger,forecast_above_trigger,18811985920,2751463424,2815858769,698351616,0,73400320,18885386240,1.000477049857893,1.003197949804563,0.98,0.94,68,35,-1,0,0,0,0,,0.0,0.0,68,0
62033580441,0,oracle_growth,spill,proactive_target_headroom,18809888768,2749366272,2815858769,700448768,0,71303168,18881191936,1.0002548513368354,1.0017084205546674,0.98,0.94,68,34,176,12,1,2097152,2097152,CPU,2.2989533164284446e-12,9.642509090909091e-06,0,0
62033580441,0,oracle_growth,spill,proactive_target_headroom,18799403008,2738880512,2815858769,710934528,0,69206016,18868609024,0.999588255773663,0.9972398328049812,0.98,0.94,68,33,168,65,5,10485760,10485760,CPU,3.796620802445845e-12,4.777254545454545e-05,0,0
62033580441,0,oracle_growth,spill,proactive_target_headroom,18782625792,2722103296,2815858769,727711744,0,67108864,18849734656,0.9985883624289044,0.9905369511804518,0.98,0.94,68,32,173,115,2,16777216,16777216,CPU,4.046232050115411e-12,7.637007272727272e-05,0,0
62033580441,0,oracle_growth,spill,proactive_target_headroom,18744877056,2684354560,2815858769,765460480,0,65011712,18809888768,0.9964774764788583,0.9763864233064453,0.98,0.94,68,31,174,286,2,37748736,37748736,CPU,4.30898073187285e-12,0.00017169516363636363,0,0
62033580441,0,oracle_growth,spill,proactive_target_headroom,18698739712,2638217216,2815858769,811597824,0,62914560,18761654272,0.9939221934866974,0.9592568369326481,0.98,0.94,68,30,159,347,11,46137344,46137344,CPU,4.350106612495754e-12,0.0002098252,0,0
62033580441,0,oracle_growth,spill,proactive_target_headroom,18650505216,2589982720,2815858769,859832320,0,60817408,18711322624,0.9912558112340077,0.9413824859339031,0.98,0.94,68,29,136,360,184,48234496,48234496,CPU,4.35824610970237e-12,0.00021935770909090909,0,0
62033580441,0,oracle_growth,spill,proactive_target_headroom,18600173568,2539651072,2815858769,910163968,0,58720256,18658893824,0.9884783297207893,0.9227633703102103,0.98,0.94,68,28,138,384,184,50331648,50331648,CPU,4.365734447132457e-12,0.0002288902181818182,0,0
62033580441,0,oracle_growth,admission,value_ranked_working_set,18600173568,2539651072,2815858769,910163968,0,58720256,18658893824,0.9884783297207893,0.9227633703102103,0.98,0.94,68,28,-1,0,0,0,0,,0.0,0.0,1,39
62033580441,0,oracle_growth,reload,value_ranked_admission,18646310912,2585788416,2815858769,864026624,0,0,18646310912,0.9878117341576169,0.9182947825605241,0.98,0.94,39,0,159,347,11,46137344,46137344,CPU,0.0,0.0,0,0
62270272234,0,oracle_growth,trigger,forecast_above_trigger,18763751424,2703228928,2815858769,864026624,0,67108864,18830860288,0.9975884690841457,0.9838340695559223,0.98,0.94,71,32,-1,0,0,0,0,,0.0,0.0,71,0
62270272234,0,oracle_growth,spill,proactive_target_headroom,18730196992,2669674496,2815858769,897581056,0,65011712,18795208704,0.9956997816551572,0.9711730709318114,0.98,0.94,71,31,178,255,2,33554432,33554432,CPU,4.28116028321618e-12,0.00015263014545454544,0,0
62270272234,0,oracle_growth,spill,proactive_target_headroom,18690351104,2629828608,2815858769,937426944,0,62914560,18753265664,0.9934777964445825,0.9562777784328572,0.98,0.94,71,30,179,290,1,39845888,39845888,CPU,4.320804422551936e-12,0.00018122767272727274,0,0
62270272234,0,oracle_growth,spill,proactive_target_headroom,18648408064,2587885568,2815858769,979369984,0,60817408,18709225472,0.991144711973479,0.9406377213089553,0.98,0.94,71,29,177,314,2,41943040,41943040,CPU,4.33150204745206e-12,0.00019076018181818182,0,0
62270272234,0,oracle_growth,spill,proactive_target_headroom,18602270720,2541748224,2815858769,1025507328,0,58720256,18660990976,0.9885894289813181,0.923508134935158,0.98,0.94,71,28,159,350,14,46137344,46137344,CPU,4.350106612495754e-12,0.0002098252,0,0
62270272234,0,oracle_growth,admission,value_ranked_working_set,18602270720,2541748224,2815858769,1025507328,0,58720256,18660990976,0.9885894289813181,0.923508134935158,0.98,0.94,71,28,-1,0,0,0,0,,0.0,0.0,1,42
62270272234,0,oracle_growth,reload,value_ranked_admission,18694545408,2634022912,2815858769,981467136,0,0,18694545408,0.9903670171497778,0.9354243689343213,0.98,0.94,42,0,120,335,197,44040192,44040192,CPU,0.0,0.0,0,0
62778923417,0,oracle_growth,trigger,forecast_above_trigger,18851831808,2791309312,2815858769,981467136,0,62914560,18914746368,1.002032439505295,1.0136246545538308,0.98,0.94,74,32,-1,0,0,0,0,,0.0,0.0,74,0
62778923417,0,oracle_growth,spill,proactive_target_headroom,18847637504,2787115008,2815858769,985661440,0,60817408,18908454912,1.0016991417237089,1.0113903606789876,0.98,0.94,74,31,181,32,1,4194304,4194304,CPU,3.0477870594371447e-12,1.917501818181818e-05,0,0
62778923417,0,oracle_growth,spill,proactive_target_headroom,18738585600,2678063104,2815858769,1094713344,0,58720256,18797305856,0.9958108809156859,0.971917835556759,0.98,0.94,74,30,29,829,756,109051904,109051904,CPU,3.0667181284922473e-12,0.000340862825,0,0
62778923417,0,oracle_growth,spill,proactive_target_headroom,18681962496,2621440000,2815858769,1151336448,0,58720256,18740682752,0.9928112008814101,0.9518091906831709,0.98,0.94,74,29,77,420,411,56623104,56623104,CPU,3.126335585558856e-12,0.000177022825,0,0
62778923417,0,oracle_growth,spill,proactive_target_headroom,18616950784,2556428288,2815858769,1216348160,0,58720256,18675671040,0.9893671238050192,0.928721487309792,0.98,0.94,74,28,105,484,224,65011712,65011712,CPU,3.4103599112054825e-12,0.0002217133363636364,0,0
62778923417,0,oracle_growth,admission,value_ranked_working_set,18616950784,2556428288,2815858769,1216348160,0,58720256,18675671040,0.9893671238050192,0.928721487309792,0.98,0.94,74,28,-1,0,0,0,0,,0.0,0.0,1,45
62778923417,0,oracle_growth,reload,value_ranked_admission,18667282432,2606759936,2815858769,1186988032,0,0,18667282432,0.9889227267629043,0.9257424288100011,0.98,0.94,45,0,163,220,1,29360128,29360128,CPU,0.0,0.0,0,0
63284728557,0,oracle_growth,trigger,forecast_above_trigger,18759557120,2699034624,2815858769,1186988032,0,71303168,18830860288,0.9975884690841457,0.9838340695559223,0.98,0.94,79,34,-1,0,0,0,0,,0.0,0.0,79,0
63284728557,0,oracle_growth,spill,proactive_target_headroom,18757459968,2696937472,2815858769,1189085184,0,69206016,18826665984,0.9973662705630882,0.982344540306027,0.98,0.94,79,33,187,10,3,2097152,2097152,CPU,2.2989533164284446e-12,9.642509090909091e-06,0,0
63284728557,0,oracle_growth,spill,proactive_target_headroom,18751168512,2690646016,2815858769,1195376640,0,67108864,18818277376,0.9969218735209733,0.9793654818062362,0.98,0.94,79,32,185,36,5,6291456,6291456,CPU,3.4222039309414953e-12,2.8707527272727275e-05,0,0
63284728557,0,oracle_growth,spill,proactive_target_headroom,18736488448,2675965952,2815858769,1210056704,0,65011712,18801500160,0.9960330794367434,0.9734073648066545,0.98,0.94,79,31,183,105,6,14680064,14680064,CPU,3.9838292381980204e-12,6.683756363636364e-05,0,0
63284728557,0,oracle_growth,spill,proactive_target_headroom,18721808384,2661285888,2815858769,1224736768,0,62914560,18784722944,0.9951442853525135,0.9674492478070729,0.98,0.94,79,30,186,101,3,14680064,14680064,CPU,3.9838292381980204e-12,6.683756363636364e-05,0,0
63284728557,0,oracle_growth,spill,proactive_target_headroom,18660990976,2600468480,2815858769,1285554176,0,60817408,18721808384,0.9918113075366514,0.9451063090586416,0.98,0.94,79,29,98,453,386,60817408,60817408,CPU,4.120957309549505e-12,0.0002592682159090909,0,0
63284728557,0,oracle_growth,spill,proactive_target_headroom,18629533696,2569011200,2815858769,1317011456,0,58720256,18688253952,0.9900337193681916,0.9331900750594783,0.98,0.94,79,28,163,226,7,31457280,31457280,CPU,4.264641891826283e-12,0.00014309763636363636,0,0
63284728557,0,oracle_growth,admission,value_ranked_working_set,18629533696,2569011200,2815858769,1317011456,0,58720256,18688253952,0.9900337193681916,0.9331900750594783,0.98,0.94,79,28,-1,0,0,0,0,,0.0,0.0,1,50
63284728557,0,oracle_growth,reload,value_ranked_admission,18654699520,2594177024,2815858769,1300234240,0,0,18654699520,0.9882561311997319,0.921273841060315,0.98,0.94,50,0,173,115,2,16777216,16777216,CPU,0.0,0.0,0,0
63811025973,0,oracle_growth,trigger,forecast_above_trigger,18767945728,2707423232,2815858769,1300234240,0,71303168,18839248896,0.9980328661262606,0.9868131280557132,0.98,0.94,84,34,-1,0,0,0,0,,0.0,0.0,84,0
63811025973,0,oracle_growth,spill,proactive_target_headroom,18759557120,2699034624,2815858769,1308622848,0,69206016,18828763136,0.997477369823617,0.9830893049309747,0.98,0.94,84,33,190,63,1,8388608,8388608,CPU,3.6468540538441045e-12,3.824003636363636e-05,0,0
63811025973,0,oracle_growth,spill,proactive_target_headroom,18749071360,2688548864,2815858769,1319108608,0,67108864,18816180224,0.9968107742604445,0.9786207171812884,0.98,0.94,84,32,189,76,3,10485760,10485760,CPU,3.796620802445845e-12,4.777254545454545e-05,0,0
63811025973,0,oracle_growth,spill,proactive_target_headroom,18738585600,2678063104,2815858769,1329594368,0,65011712,18803597312,0.9961441786972721,0.9741521294316022,0.98,0.94,84,31,193,73,1,10485760,10485760,CPU,3.796620802445845e-12,4.777254545454545e-05,0,0
63811025973,0,oracle_growth,spill,proactive_target_headroom,18721808384,2661285888,2815858769,1346371584,0,62914560,18784722944,0.9951442853525135,0.9674492478070729,0.98,0.94,84,30,173,119,6,16777216,16777216,CPU,4.046232050115411e-12,7.637007272727272e-05,0,0
63811025973,0,oracle_growth,spill,proactive_target_headroom,18705031168,2644508672,2815858769,1363148800,0,60817408,18765848576,0.9941443920077548,0.9607463661825434,0.98,0.94,84,29,192,120,1,16777216,16777216,CPU,4.046232050115411e-12,7.637007272727272e-05,0,0
63811025973,0,oracle_growth,spill,proactive_target_headroom,18665185280,2604662784,2815858769,1402994688,0,58720256,18723905536,0.9919224067971801,0.9458510736835892,0.98,0.94,84,28,180,293,15,39845888,39845888,CPU,4.320804422551936e-12,0.00018122767272727274,0,0
63811025973,0,oracle_growth,spill,proactive_target_headroom,18619047936,2558525440,2815858769,1449132032,0,56623104,18675671040,0.9893671238050192,0.928721487309792,0.98,0.94,84,27,120,350,212,46137344,46137344,CPU,4.350106612495754e-12,0.0002098252,0,0
63811025973,0,oracle_growth,admission,value_ranked_working_set,18619047936,2558525440,2815858769,1449132032,0,56623104,18675671040,0.9893671238050192,0.928721487309792,0.98,0.94,84,27,-1,0,0,0,0,,0.0,0.0,1,56
63811025973,0,oracle_growth,reload,value_ranked_admission,18723905536,2663383040,2815858769,1421869056,0,0,18723905536,0.9919224067971801,0.9458510736835892,0.98,0.94,56,0,152,197,13,27262976,27262976,CPU,0.0,0.0,0,0
64262882209,0,oracle_growth,trigger,forecast_above_trigger,18822471680,2761949184,2815858769,1421869056,0,67108864,18889580544,1.0006992483789503,1.0046874790544582,0.98,0.94,88,32,-1,0,0,0,0,,0.0,0.0,88,0
64262882209,0,oracle_growth,spill,proactive_target_headroom,18820374528,2759852032,2815858769,1423966208,0,65011712,18885386240,1.000477049857893,1.003197949804563,0.98,0.94,88,31,195,14,1,2097152,2097152,CPU,2.2989533164284446e-12,9.642509090909091e-06,0,0
64262882209,0,oracle_growth,spill,proactive_target_headroom,18818277376,2757754880,2815858769,1426063360,0,62914560,18881191936,1.0002548513368354,1.0017084205546674,0.98,0.94,88,30,196,9,1,2097152,2097152,CPU,2.2989533164284446e-12,9.642509090909091e-06,0,0
64262882209,0,oracle_growth,spill,proactive_target_headroom,18791014400,2730491904,2815858769,1453326336,0,60817408,18851831808,0.9986994616894331,0.9912817158053995,0.98,0.94,88,29,152,200,16,27262976,27262976,CPU,4.224525798450816e-12,0.00012403261818181817,0,0
64262882209,0,oracle_growth,spill,proactive_target_headroom,18738585600,2678063104,2815858769,1505755136,0,58720256,18797305856,0.9958108809156859,0.971917835556759,0.98,0.94,88,28,145,395,198,52428800,52428800,CPU,4.372646758606384e-12,0.00023842272727272727,0,0
64262882209,0,oracle_growth,spill,proactive_target_headroom,18684059648,2623537152,2815858769,1560281088,0,56623104,18740682752,0.9928112008814101,0.9518091906831709,0.98,0.94,88,27,95,412,396,54525952,54525952,CPU,4.379047047008167e-12,0.00024795523636363635,0,0
64262882209,0,oracle_growth,spill,proactive_target_headroom,18629533696,2569011200,2815858769,1614807040,0,54525952,18684059648,0.9898115208471342,0.9317005458095828,0.98,0.94,88,26,129,412,207,54525952,54525952,CPU,4.379047047008167e-12,0.00024795523636363635,0,0
64262882209,0,oracle_growth,admission,value_ranked_working_set,18629533696,2569011200,2815858769,1614807040,0,54525952,18684059648,0.9898115208471342,0.9317005458095828,0.98,0.94,88,26,-1,0,0,0,0,,0.0,0.0,1,61
64262882209,0,oracle_growth,reload,value_ranked_admission,18656796672,2596274176,2815858769,1593835520,0,0,18656796672,0.9883672304602605,0.9220186056852626,0.98,0.94,61,0,135,159,128,20971520,20971520,CPU,0.0,0.0,0,0
65773133941,0,oracle_growth,admission,value_ranked_working_set,18644213760,2583691264,2815858769,1593835520,0,54525952,18698739712,0.9905892156708354,0.9369138981842168,0.98,0.94,89,28,-1,0,0,0,0,,0.0,0.0,1,60
65773133941,0,oracle_growth,reload,value_ranked_admission,18656796672,2596274176,2815858769,1587544064,0,0,18656796672,0.9883672304602605,0.9220186056852626,0.98,0.94,60,0,185,36,5,6291456,6291456,CPU,0.0,0.0,0,0
66330129000,0,oracle_growth,admission,value_ranked_working_set,18522578944,2462056448,2815858769,1587544064,0,56623104,18579202048,0.9842565578206973,0.8944623145621974,0.98,0.94,88,28,-1,0,0,0,0,,0.0,0.0,3,57
66330129000,0,oracle_growth,reload,value_ranked_admission,18648408064,2587885568,2815858769,1465909248,0,0,18648408064,0.9879228334181456,0.9190395471854718,0.98,0.94,57,0,95,412,396,54525952,54525952,CPU,0.0,0.0,0,0
66330129000,0,oracle_growth,reload,value_ranked_admission,18648408064,2587885568,2815858769,1465909248,0,0,18648408064,0.9879228334181456,0.9190395471854718,0.98,0.94,57,0,129,412,207,54525952,54525952,CPU,0.0,0.0,0,0
66330129000,0,oracle_growth,reload,value_ranked_admission,18648408064,2587885568,2815858769,1465909248,0,0,18648408064,0.9879228334181456,0.9190395471854718,0.98,0.94,57,0,151,95,11,12582912,12582912,CPU,0.0,0.0,0,0
66590699276,0,oracle_growth,admission,value_ranked_working_set,18593882112,2533359616,2815858769,1465909248,0,62914560,18656796672,0.9883672304602605,0.9220186056852626,0.98,0.94,87,30,-1,0,0,0,0,,0.0,0.0,1,56
66590699276,0,oracle_growth,reload,value_ranked_admission,18644213760,2583691264,2815858769,1417674752,0,0,18644213760,0.9877006348970881,0.9175500179355763,0.98,0.94,56,0,136,360,184,48234496,48234496,CPU,0.0,0.0,0,0
69665873002,0,oracle_growth,trigger,forecast_above_trigger,18759557120,2699034624,2815858769,1417674752,0,60817408,18820374528,0.997032972781502,0.9801102464311838,0.98,0.94,86,30,-1,0,0,0,0,,0.0,0.0,86,0
69665873002,0,oracle_growth,spill,proactive_target_headroom,18684059648,2623537152,2815858769,1493172224,0,60817408,18744877056,0.9930333994024675,0.9532987199330664,0.98,0.94,86,29,122,566,286,75497472,75497472,CPU,2.273455773941194e-12,0.00017164016363636363,0,0
69665873002,0,oracle_growth,spill,proactive_target_headroom,18673573888,2613051392,2815858769,1503657984,0,58720256,18732294144,0.9923668038392951,0.9488301321833801,0.98,0.94,86,28,198,74,68,10485760,10485760,CPU,3.796620802445845e-12,4.777254545454545e-05,0,0
69665873002,0,oracle_growth,spill,proactive_target_headroom,18660990976,2600468480,2815858769,1516240896,0,56623104,18717614080,0.9915891090155939,0.9436167798087461,0.98,0.94,86,27,199,82,67,12582912,12582912,CPU,3.903597051447088e-12,5.7305054545454546e-05,0,0
69665873002,0,oracle_growth,spill,proactive_target_headroom,18648408064,2587885568,2815858769,1528823808,0,54525952,18702934016,0.9908114141918928,0.9384034274341122,0.98,0.94,86,26,185,87,56,12582912,12582912,CPU,3.903597051447088e-12,5.7305054545454546e-05,0,0
69665873002,0,oracle_growth,admission,value_ranked_working_set,18648408064,2587885568,2815858769,1528823808,0,54525952,18702934016,0.9908114141918928,0.9384034274341122,0.98,0.94,86,26,-1,0,0,0,0,,0.0,0.0,1,59
69665873002,0,oracle_growth,reload,value_ranked_admission,18650505216,2589982720,2815858769,1526726656,0,0,18650505216,0.9880339326786743,0.9197843118104195,0.98,0.94,59,0,195,14,1,2097152,2097152,CPU,0.0,0.0,0,0
70703203801,0,oracle_growth,admission,value_ranked_working_set,18541453312,2480930816,2815858769,1526726656,0,54525952,18595979264,0.9851453519049272,0.9004204315617791,0.98,0.94,85,26,-1,0,0,0,0,,0.0,0.0,3,56
70703203801,0,oracle_growth,reload,value_ranked_admission,18654699520,2594177024,2815858769,1421869056,0,0,18654699520,0.9882561311997319,0.921273841060315,0.98,0.94,56,0,145,395,198,52428800,52428800,CPU,0.0,0.0,0,0
70703203801,0,oracle_growth,reload,value_ranked_admission,18654699520,2594177024,2815858769,1421869056,0,0,18654699520,0.9882561311997319,0.921273841060315,0.98,0.94,56,0,138,384,184,50331648,50331648,CPU,0.0,0.0,0,0
70703203801,0,oracle_growth,reload,value_ranked_admission,18654699520,2594177024,2815858769,1421869056,0,0,18654699520,0.9882561311997319,0.921273841060315,0.98,0.94,56,0,196,9,1,2097152,2097152,CPU,0.0,0.0,0,0
71685217993,0,oracle_growth,admission,value_ranked_working_set,18585493504,2524971008,2815858769,1421869056,0,54525952,18640019456,0.9874784363760307,0.9160604886856809,0.98,0.94,84,28,-1,0,0,0,0,,0.0,0.0,2,54
71685217993,0,oracle_growth,reload,value_ranked_admission,18654699520,2594177024,2815858769,1358954496,0,0,18654699520,0.9882561311997319,0.921273841060315,0.98,0.94,54,0,120,350,212,46137344,46137344,CPU,0.0,0.0,0,0
71685217993,0,oracle_growth,reload,value_ranked_admission,18654699520,2594177024,2815858769,1358954496,0,0,18654699520,0.9882561311997319,0.921273841060315,0.98,0.94,54,0,173,119,6,16777216,16777216,CPU,0.0,0.0,0,0
72198013506,0,oracle_growth,admission,value_ranked_working_set,18637922304,2577399808,2815858769,1358954496,0,58720256,18696642560,0.9904781164103066,0.9361691335592691,0.98,0.94,83,29,-1,0,0,0,0,,0.0,0.0,1,53
72198013506,0,oracle_growth,reload,value_ranked_admission,18650505216,2589982720,2815858769,1350565888,0,0,18650505216,0.9880339326786743,0.9197843118104195,0.98,0.94,53,0,190,63,1,8388608,8388608,CPU,0.0,0.0,0,0
72369381111,0,oracle_growth,admission,value_ranked_working_set,18589687808,2529165312,2815858769,1350565888,0,60817408,18650505216,0.9880339326786743,0.9197843118104195,0.98,0.94,82,29,-1,0,0,0,0,,0.0,0.0,2,51
72369381111,0,oracle_growth,reload,value_ranked_admission,18642116608,2581594112,2815858769,1300234240,0,0,18642116608,0.9875895356365594,0.9168052533106287,0.98,0.94,51,0,159,350,14,46137344,46137344,CPU,0.0,0.0,0,0
72369381111,0,oracle_growth,reload,value_ranked_admission,18642116608,2581594112,2815858769,1300234240,0,0,18642116608,0.9875895356365594,0.9168052533106287,0.98,0.94,51,0,181,32,1,4194304,4194304,CPU,0.0,0.0,0,0
73383342663,0,oracle_growth,admission,value_ranked_working_set,18558230528,2497708032,2815858769,1300234240,0,62914560,18621145088,0.986478543031272,0.9093576070611515,0.98,0.94,81,30,-1,0,0,0,0,,0.0,0.0,2,49
73383342663,0,oracle_growth,reload,value_ranked_admission,18642116608,2581594112,2815858769,1218445312,0,0,18642116608,0.9875895356365594,0.9168052533106287,0.98,0.94,49,0,177,314,2,41943040,41943040,CPU,0.0,0.0,0,0
73383342663,0,oracle_growth,reload,value_ranked_admission,18642116608,2581594112,2815858769,1218445312,0,0,18642116608,0.9875895356365594,0.9168052533106287,0.98,0.94,49,0,180,293,15,39845888,39845888,CPU,0.0,0.0,0,0
74556511795,0,oracle_growth,admission,value_ranked_working_set,18560327680,2499805184,2815858769,1218445312,0,62914560,18623242240,0.9865896422918008,0.9101023716860993,0.98,0.94,80,31,-1,0,0,0,0,,0.0,0.0,2,47
74556511795,0,oracle_growth,reload,value_ranked_admission,18642116608,2581594112,2815858769,1140850688,0,0,18642116608,0.9875895356365594,0.9168052533106287,0.98,0.94,47,0,179,290,1,39845888,39845888,CPU,0.0,0.0,0,0
74556511795,0,oracle_growth,reload,value_ranked_admission,18642116608,2581594112,2815858769,1140850688,0,0,18642116608,0.9875895356365594,0.9168052533106287,0.98,0.94,47,0,174,286,2,37748736,37748736,CPU,0.0,0.0,0,0
74829664499,0,oracle_growth,admission,value_ranked_working_set,18621145088,2560622592,2815858769,1140850688,0,60817408,18681962496,0.9897004215866054,0.9309557811846351,0.98,0.94,79,32,-1,0,0,0,0,,0.0,0.0,1,46
74829664499,0,oracle_growth,reload,value_ranked_admission,18652602368,2592079872,2815858769,1117782016,0,0,18652602368,0.9881450319392031,0.9205290764353672,0.98,0.94,46,0,126,170,136,23068672,23068672,CPU,0.0,0.0,0,0
74935667009,0,oracle_growth,admission,value_ranked_working_set,18583396352,2522873856,2815858769,1117782016,0,58720256,18642116608,0.9875895356365594,0.9168052533106287,0.98,0.94,77,31,-1,0,0,0,0,,0.0,0.0,2,44
74935667009,0,oracle_growth,reload,value_ranked_admission,18644213760,2583691264,2815858769,1056964608,0,0,18644213760,0.9877006348970881,0.9175500179355763,0.98,0.94,44,0,108,281,208,37748736,37748736,CPU,0.0,0.0,0,0
74935667009,0,oracle_growth,reload,value_ranked_admission,18644213760,2583691264,2815858769,1056964608,0,0,18644213760,0.9877006348970881,0.9175500179355763,0.98,0.94,44,0,111,161,154,23068672,23068672,CPU,0.0,0.0,0,0
75095020706,0,oracle_growth,admission,value_ranked_working_set,18344321024,2283798528,2815858769,1056964608,0,62914560,18407235584,0.9751464184573408,0.8333916153164853,0.98,0.94,75,31,-1,0,0,0,0,,0.0,0.0,9,35
75095020706,0,oracle_growth,reload,value_ranked_admission,18631630848,2571108352,2815858769,775946240,0,0,18631630848,0.9870340393339158,0.9130814301858902,0.98,0.94,35,0,118,281,198,37748736,37748736,CPU,0.0,0.0,0,0
75095020706,0,oracle_growth,reload,value_ranked_admission,18631630848,2571108352,2815858769,775946240,0,0,18631630848,0.9870340393339158,0.9130814301858902,0.98,0.94,35,0,104,262,212,35651584,35651584,CPU,0.0,0.0,0,0
75095020706,0,oracle_growth,reload,value_ranked_admission,18631630848,2571108352,2815858769,775946240,0,0,18631630848,0.9870340393339158,0.9130814301858902,0.98,0.94,35,0,148,266,171,35651584,35651584,CPU,0.0,0.0,0,0
75095020706,0,oracle_growth,reload,value_ranked_admission,18631630848,2571108352,2815858769,775946240,0,0,18631630848,0.9870340393339158,0.9130814301858902,0.98,0.94,35,0,178,255,2,33554432,33554432,CPU,0.0,0.0,0,0
75095020706,0,oracle_growth,reload,value_ranked_admission,18631630848,2571108352,2815858769,775946240,0,0,18631630848,0.9870340393339158,0.9130814301858902,0.98,0.94,35,0,163,226,7,31457280,31457280,CPU,0.0,0.0,0,0
75095020706,0,oracle_growth,reload,value_ranked_admission,18631630848,2571108352,2815858769,775946240,0,0,18631630848,0.9870340393339158,0.9130814301858902,0.98,0.94,35,0,172,226,1,31457280,31457280,CPU,0.0,0.0,0,0
75095020706,0,oracle_growth,reload,value_ranked_admission,18631630848,2571108352,2815858769,775946240,0,0,18631630848,0.9870340393339158,0.9130814301858902,0.98,0.94,35,0,103,238,212,31457280,31457280,CPU,0.0,0.0,0,0
75095020706,0,oracle_growth,reload,value_ranked_admission,18631630848,2571108352,2815858769,775946240,0,0,18631630848,0.9870340393339158,0.9130814301858902,0.98,0.94,35,0,106,228,190,31457280,31457280,CPU,0.0,0.0,0,0
75095020706,0,oracle_growth,reload,value_ranked_admission,18631630848,2571108352,2815858769,775946240,0,0,18631630848,0.9870340393339158,0.9130814301858902,0.98,0.94,35,0,199,82,67,12582912,12582912,CPU,0.0,0.0,0,0
75825030401,0,oracle_growth,admission,value_ranked_working_set,18505801728,2445279232,2815858769,775946240,0,79691776,18585493504,0.9845898556022835,0.8966966084370406,0.98,0.94,74,39,-1,0,0,0,0,,0.0,0.0,5,30
75825030401,0,oracle_growth,reload,value_ranked_admission,18619047936,2558525440,2815858769,664797184,0,0,18619047936,0.9863674437707433,0.9086128424362039,0.98,0.94,30,0,152,200,16,27262976,27262976,CPU,0.0,0.0,0,0
75825030401,0,oracle_growth,reload,value_ranked_admission,18619047936,2558525440,2815858769,664797184,0,0,18619047936,0.9863674437707433,0.9086128424362039,0.98,0.94,30,0,114,204,170,27262976,27262976,CPU,0.0,0.0,0,0
75825030401,0,oracle_growth,reload,value_ranked_admission,18619047936,2558525440,2815858769,664797184,0,0,18619047936,0.9863674437707433,0.9086128424362039,0.98,0.94,30,0,133,187,162,25165824,25165824,CPU,0.0,0.0,0,0
75825030401,0,oracle_growth,reload,value_ranked_admission,18619047936,2558525440,2815858769,664797184,0,0,18619047936,0.9863674437707433,0.9086128424362039,0.98,0.94,30,0,149,144,138,18874368,18874368,CPU,0.0,0.0,0,0
75825030401,0,oracle_growth,reload,value_ranked_admission,18619047936,2558525440,2815858769,664797184,0,0,18619047936,0.9863674437707433,0.9086128424362039,0.98,0.94,30,0,185,87,56,12582912,12582912,CPU,0.0,0.0,0,0
76159464710,0,oracle_growth,admission,value_ranked_working_set,18566619136,2506096640,2815858769,664797184,0,88080384,18654699520,0.9882561311997319,0.921273841060315,0.98,0.94,73,43,-1,0,0,0,0,,0.0,0.0,3,27
76159464710,0,oracle_growth,reload,value_ranked_admission,18616950784,2556428288,2815858769,620756992,0,0,18616950784,0.9862563445102146,0.9078680778112561,0.98,0.94,27,0,192,120,1,16777216,16777216,CPU,0.0,0.0,0,0
76159464710,0,oracle_growth,reload,value_ranked_admission,18616950784,2556428288,2815858769,620756992,0,0,18616950784,0.9862563445102146,0.9078680778112561,0.98,0.94,27,0,170,127,2,16777216,16777216,CPU,0.0,0.0,0,0
76159464710,0,oracle_growth,reload,value_ranked_admission,18616950784,2556428288,2815858769,620756992,0,0,18616950784,0.9862563445102146,0.9078680778112561,0.98,0.94,27,0,198,74,68,10485760,10485760,CPU,0.0,0.0,0,0
76967952475,0,oracle_growth,admission,value_ranked_working_set,18610659328,2550136832,2815858769,620756992,0,92274688,18702934016,0.9908114141918928,0.9384034274341122,0.98,0.94,72,45,-1,0,0,0,0,,0.0,0.0,1,26
76967952475,0,oracle_growth,reload,value_ranked_admission,18621145088,2560622592,2815858769,618659840,0,0,18621145088,0.986478543031272,0.9093576070611515,0.98,0.94,26,0,187,10,3,2097152,2097152,CPU,0.0,0.0,0,0
77473505427,0,oracle_growth,admission,value_ranked_working_set,18327543808,2267021312,2815858769,618659840,0,92274688,18419818496,0.9758130140205133,0.8378602030661716,0.98,0.94,70,44,-1,0,0,0,0,,0.0,0.0,14,12
77473505427,0,oracle_growth,reload,value_ranked_admission,18591784960,2531262464,2815858769,360710144,0,0,18591784960,0.9849231533838697,0.8989309023118837,0.98,0.94,12,0,98,453,386,60817408,60817408,CPU,0.0,0.0,0,0
77473505427,0,oracle_growth,reload,value_ranked_admission,18591784960,2531262464,2815858769,360710144,0,0,18591784960,0.9849231533838697,0.8989309023118837,0.98,0.94,12,0,54,462,425,60817408,60817408,CPU,0.0,0.0,0,0
77473505427,0,oracle_growth,reload,value_ranked_admission,18591784960,2531262464,2815858769,360710144,0,0,18591784960,0.9849231533838697,0.8989309023118837,0.98,0.94,12,0,115,123,118,16777216,16777216,CPU,0.0,0.0,0,0
77473505427,0,oracle_growth,reload,value_ranked_admission,18591784960,2531262464,2815858769,360710144,0,0,18591784960,0.9849231533838697,0.8989309023118837,0.98,0.94,12,0,125,116,102,16777216,16777216,CPU,0.0,0.0,0,0
77473505427,0,oracle_growth,reload,value_ranked_admission,18591784960,2531262464,2815858769,360710144,0,0,18591784960,0.9849231533838697,0.8989309023118837,0.98,0.94,12,0,183,105,6,14680064,14680064,CPU,0.0,0.0,0,0
77473505427,0,oracle_growth,reload,value_ranked_admission,18591784960,2531262464,2815858769,360710144,0,0,18591784960,0.9849231533838697,0.8989309023118837,0.98,0.94,12,0,186,101,3,14680064,14680064,CPU,0.0,0.0,0,0
77473505427,0,oracle_growth,reload,value_ranked_admission,18591784960,2531262464,2815858769,360710144,0,0,18591784960,0.9849231533838697,0.8989309023118837,0.98,0.94,12,0,130,101,91,14680064,14680064,CPU,0.0,0.0,0,0
77473505427,0,oracle_growth,reload,value_ranked_admission,18591784960,2531262464,2815858769,360710144,0,0,18591784960,0.9849231533838697,0.8989309023118837,0.98,0.94,12,0,131,100,90,14680064,14680064,CPU,0.0,0.0,0,0
77473505427,0,oracle_growth,reload,value_ranked_admission,18591784960,2531262464,2815858769,360710144,0,0,18591784960,0.9849231533838697,0.8989309023118837,0.98,0.94,12,0,189,76,3,10485760,10485760,CPU,0.0,0.0,0,0
77473505427,0,oracle_growth,reload,value_ranked_admission,18591784960,2531262464,2815858769,360710144,0,0,18591784960,0.9849231533838697,0.8989309023118837,0.98,0.94,12,0,193,73,1,10485760,10485760,CPU,0.0,0.0,0,0
77473505427,0,oracle_growth,reload,value_ranked_admission,18591784960,2531262464,2815858769,360710144,0,0,18591784960,0.9849231533838697,0.8989309023118837,0.98,0.94,12,0,168,65,5,10485760,10485760,CPU,0.0,0.0,0,0
77473505427,0,oracle_growth,reload,value_ranked_admission,18591784960,2531262464,2815858769,360710144,0,0,18591784960,0.9849231533838697,0.8989309023118837,0.98,0.94,12,0,171,18,2,4194304,4194304,CPU,0.0,0.0,0,0
77473505427,0,oracle_growth,reload,value_ranked_admission,18591784960,2531262464,2815858769,360710144,0,0,18591784960,0.9849231533838697,0.8989309023118837,0.98,0.94,12,0,167,20,1,4194304,4194304,CPU,0.0,0.0,0,0
77473505427,0,oracle_growth,reload,value_ranked_admission,18591784960,2531262464,2815858769,360710144,0,0,18591784960,0.9849231533838697,0.8989309023118837,0.98,0.94,12,0,150,27,12,4194304,4194304,CPU,0.0,0.0,0,0
78928542671,0,oracle_growth,admission,value_ranked_working_set,18524676096,2464153600,2815858769,360710144,0,113246208,18637922304,0.987367337115502,0.9153157240607332,0.98,0.94,67,55,-1,0,0,0,0,,0.0,0.0,2,10
78928542671,0,oracle_growth,reload,value_ranked_admission,18602270720,2541748224,2815858769,293601280,0,0,18602270720,0.9854786496865134,0.9026547254366222,0.98,0.94,10,0,105,484,224,65011712,65011712,CPU,0.0,0.0,0,0
78928542671,0,oracle_growth,reload,value_ranked_admission,18602270720,2541748224,2815858769,293601280,0,0,18602270720,0.9854786496865134,0.9026547254366222,0.98,0.94,10,0,176,12,1,2097152,2097152,CPU,0.0,0.0,0,0
79385607979,0,oracle_growth,trigger,forecast_above_trigger,18721808384,2661285888,2815858769,293601280,0,115343360,18837151744,0.997921766865732,0.9860683634307655,0.98,0.94,68,58,-1,0,0,0,0,,0.0,0.0,68,0
79385607979,0,oracle_growth,spill,proactive_target_headroom,18705031168,2644508672,2815858769,310378496,0,115343360,18820374528,0.997032972781502,0.9801102464311838,0.98,0.94,68,57,186,124,26,16777216,16777216,CPU,8.535020730712196e-13,1.4319388636363635e-05,0,0
79385607979,0,oracle_growth,spill,proactive_target_headroom,18640019456,2579496960,2815858769,375390208,0,115343360,18755362816,0.9935888957051112,0.9570225430578049,0.98,0.94,68,56,105,492,232,65011712,65011712,CPU,1.136786637068494e-12,7.390444545454546e-05,0,0
79385607979,0,oracle_growth,spill,proactive_target_headroom,18610659328,2550136832,2815858769,404750336,0,115343360,18726002688,0.9920335060577089,0.946595838308537,0.98,0.94,68,55,111,214,207,29360128,29360128,CPU,1.4216253509769193e-12,4.1739102272727276e-05,0,0
79385607979,0,oracle_growth,spill,proactive_target_headroom,18566619136,2506096640,2815858769,448790528,0,113246208,18679865344,0.9895893223260767,0.9302110165596874,0.98,0.94,68,54,118,331,248,44040192,44040192,CPU,1.899286882936462e-12,8.762805227272727e-05,0,0
79385607979,0,oracle_growth,admission,value_ranked_working_set,18566619136,2506096640,2815858769,448790528,0,113246208,18679865344,0.9895893223260767,0.9302110165596874,0.98,0.94,68,54,-1,0,0,0,0,,0.0,0.0,5,9
79385607979,0,oracle_growth,reload,value_ranked_admission,18591784960,2531262464,2815858769,436207616,0,0,18591784960,0.9849231533838697,0.8989309023118837,0.98,0.94,9,0,158,29,4,4194304,4194304,CPU,0.0,0.0,0,0
79385607979,0,oracle_growth,reload,value_ranked_admission,18591784960,2531262464,2815858769,436207616,0,0,18591784960,0.9849231533838697,0.8989309023118837,0.98,0.94,9,0,164,12,2,2097152,2097152,CPU,0.0,0.0,0,0
79385607979,0,oracle_growth,reload,value_ranked_admission,18591784960,2531262464,2815858769,436207616,0,0,18591784960,0.9849231533838697,0.8989309023118837,0.98,0.94,9,0,153,15,7,2097152,2097152,CPU,0.0,0.0,0,0
79385607979,0,oracle_growth,reload,value_ranked_admission,18591784960,2531262464,2815858769,436207616,0,0,18591784960,0.9849231533838697,0.8989309023118837,0.98,0.94,9,0,155,16,7,2097152,2097152,CPU,0.0,0.0,0,0
79385607979,0,oracle_growth,reload,value_ranked_admission,18591784960,2531262464,2815858769,436207616,0,0,18591784960,0.9849231533838697,0.8989309023118837,0.98,0.94,9,0,157,9,5,2097152,2097152,CPU,0.0,0.0,0,0
79609979323,0,oracle_growth,trigger,forecast_above_trigger,18707128320,2646605824,2815858769,436207616,0,123731968,18830860288,0.9975884690841457,0.9838340695559223,0.98,0.94,69,60,-1,0,0,0,0,,0.0,0.0,69,0
79609979323,0,oracle_growth,spill,proactive_target_headroom,18646310912,2585788416,2815858769,497025024,0,123731968,18770042880,0.9943665905288124,0.9622358954324388,0.98,0.94,69,59,120,450,312,60817408,60817408,CPU,1.4210197619136222e-12,8.642273863636363e-05,0,0
79609979323,0,oracle_growth,spill,proactive_target_headroom,18644213760,2583691264,2815858769,499122176,0,121634816,18765848576,0.9941443920077548,0.9607463661825434,0.98,0.94,69,58,164,16,6,2097152,2097152,CPU,2.2989533164284446e-12,9.642509090909091e-06,0,0
79609979323,0,oracle_growth,spill,proactive_target_headroom,18642116608,2581594112,2815858769,501219328,0,119537664,18761654272,0.9939221934866974,0.9592568369326481,0.98,0.94,69,57,157,13,9,2097152,2097152,CPU,2.2989533164284446e-12,9.642509090909091e-06,0,0
79609979323,0,oracle_growth,spill,proactive_target_headroom,18637922304,2577399808,2815858769,505413632,0,117440512,18755362816,0.9935888957051112,0.9570225430578049,0.98,0.94,69,56,176,24,13,4194304,4194304,CPU,3.0477870594371447e-12,1.917501818181818e-05,0,0
79609979323,0,oracle_growth,spill,proactive_target_headroom,18633728000,2573205504,2815858769,509607936,0,115343360,18749071360,0.993255597923525,0.9547882491829618,0.98,0.94,69,55,153,19,11,4194304,4194304,CPU,3.0477870594371447e-12,1.917501818181818e-05,0,0
79609979323,0,oracle_growth,spill,proactive_target_headroom,18629533696,2569011200,2815858769,513802240,0,113246208,18742779904,0.9929223001419388,0.9525539553081187,0.98,0.94,69,54,155,20,11,4194304,4194304,CPU,3.0477870594371447e-12,1.917501818181818e-05,0,0
79609979323,0,oracle_growth,spill,proactive_target_headroom,18623242240,2562719744,2815858769,520093696,0,111149056,18734391296,0.9924779030998239,0.9495748968083279,0.98,0.94,69,53,187,46,39,6291456,6291456,CPU,3.4222039309414953e-12,2.8707527272727275e-05,0,0
79609979323,0,oracle_growth,spill,proactive_target_headroom,18616950784,2556428288,2815858769,526385152,0,109051904,18726002688,0.9920335060577089,0.946595838308537,0.98,0.94,69,52,171,45,29,6291456,6291456,CPU,3.4222039309414953e-12,2.8707527272727275e-05,0,0
79609979323,0,oracle_growth,spill,proactive_target_headroom,18610659328,2550136832,2815858769,532676608,0,106954752,18717614080,0.9915891090155939,0.9436167798087461,0.98,0.94,69,51,167,47,28,6291456,6291456,CPU,3.4222039309414953e-12,2.8707527272727275e-05,0,0
79609979323,0,oracle_growth,spill,proactive_target_headroom,18604367872,2543845376,2815858769,538968064,0,104857600,18709225472,0.991144711973479,0.9406377213089553,0.98,0.94,69,50,158,33,8,6291456,6291456,CPU,3.4222039309414953e-12,2.8707527272727275e-05,0,0
79609979323,0,oracle_growth,spill,proactive_target_headroom,18595979264,2535456768,2815858769,547356672,0,102760448,18698739712,0.9905892156708354,0.9369138981842168,0.98,0.94,69,49,150,54,39,8388608,8388608,CPU,3.6468540538441045e-12,3.824003636363636e-05,0,0
79609979323,0,oracle_growth,admission,value_ranked_working_set,18595979264,2535456768,2815858769,547356672,0,102760448,18698739712,0.9905892156708354,0.9369138981842168,0.98,0.94,69,49,-1,0,0,0,0,,0.0,0.0,1,19
79609979323,0,oracle_growth,reload,value_ranked_admission,18608562176,2548039680,2815858769,541065216,0,0,18608562176,0.9858119474680996,0.9048890193114654,0.98,0.94,19,0,187,46,39,6291456,6291456,CPU,0.0,0.0,0,0
80656958706,0,oracle_growth,trigger,forecast_above_trigger,18805694464,2745171968,2815858769,541065216,0,111149056,18916843520,1.002143538765824,1.0143694191787784,0.98,0.94,77,58,-1,0,0,0,0,,0.0,0.0,77,0
80656958706,0,oracle_growth,spill,proactive_target_headroom,18774237184,2713714688,2815858769,572522496,0,111149056,18885386240,1.000477049857893,1.003197949804563,0.98,0.94,77,57,173,232,119,31457280,31457280,CPU,5.686189189101711e-13,1.7887204545454545e-05,0,0
80656958706,0,oracle_growth,spill,proactive_target_headroom,18755362816,2694840320,2815858769,591396864,0,111149056,18866511872,0.9994771565131343,0.9964950681800334,0.98,0.94,77,56,196,133,125,18874368,18874368,CPU,1.1378206387914792e-12,2.1475645454545453e-05,0,0
80656958706,0,oracle_growth,spill,proactive_target_headroom,18658893824,2598371328,2815858769,687865856,0,111149056,18770042880,0.9943665905288124,0.9622358954324388,0.98,0.94,77,55,119,729,434,96468992,96468992,CPU,1.7049730530840606e-12,0.00016447703181818183,0,0
80656958706,0,oracle_growth,spill,proactive_target_headroom,18635825152,2575302656,2815858769,710934528,0,111149056,18746974208,0.9931444986629963,0.954043484558014,0.98,0.94,77,54,115,163,158,23068672,23068672,CPU,1.9907225262035026e-12,4.5923325e-05,0,0
80656958706,0,oracle_growth,spill,proactive_target_headroom,18619047936,2558525440,2815858769,727711744,0,111149056,18730196992,0.9922557045787663,0.9480853675584324,0.98,0.94,77,53,189,116,43,16777216,16777216,CPU,1.991504837166179e-12,3.341190681818181e-05,0,0
80656958706,0,oracle_growth,spill,proactive_target_headroom,18616950784,2556428288,2815858769,729808896,0,109051904,18726002688,0.9920335060577089,0.946595838308537,0.98,0.94,77,52,203,15,7,2097152,2097152,CPU,2.2989533164284446e-12,9.642509090909091e-06,0,0
80656958706,0,oracle_growth,spill,proactive_target_headroom,18614853632,2554331136,2815858769,731906048,0,106954752,18721808384,0.9918113075366514,0.9451063090586416,0.98,0.94,77,51,207,15,1,2097152,2097152,CPU,2.2989533164284446e-12,9.642509090909091e-06,0,0
80656958706,0,oracle_growth,spill,proactive_target_headroom,18612756480,2552233984,2815858769,734003200,0,104857600,18717614080,0.9915891090155939,0.9436167798087461,0.98,0.94,77,50,208,11,1,2097152,2097152,CPU,2.2989533164284446e-12,9.642509090909091e-06,0,0
80656958706,0,oracle_growth,spill,proactive_target_headroom,18608562176,2548039680,2815858769,738197504,0,102760448,18711322624,0.9912558112340077,0.9413824859339031,0.98,0.94,77,49,204,20,5,4194304,4194304,CPU,3.0477870594371447e-12,1.917501818181818e-05,0,0
80656958706,0,oracle_growth,spill,proactive_target_headroom,18604367872,2543845376,2815858769,742391808,0,100663296,18705031168,0.9909225134524215,0.9391481920590599,0.98,0.94,77,48,205,26,5,4194304,4194304,CPU,3.0477870594371447e-12,1.917501818181818e-05,0,0
80755987224,0,oracle_growth,trigger,forecast_above_trigger,18872803328,2812280832,2815858769,742391808,0,109051904,18981855232,1.0055876158422148,1.0374571225521574,0.98,0.94,82,53,-1,0,0,0,0,,0.0,0.0,82,0
80755987224,0,oracle_growth,spill,proactive_target_headroom,18824568832,2764046336,2815858769,790626304,0,109051904,18933620736,1.0030323328500539,1.0203275361783601,0.98,0.94,82,52,213,354,1,48234496,48234496,CPU,2.842334419371111e-13,1.3709856818181818e-05,0,0
80755987224,0,oracle_growth,spill,proactive_target_headroom,18820374528,2759852032,2815858769,794820608,0,106954752,18927329280,1.0026990350684677,1.018093242303517,0.98,0.94,82,51,206,29,6,4194304,4194304,CPU,3.0477870594371447e-12,1.917501818181818e-05,0,0
80755987224,0,oracle_growth,spill,proactive_target_headroom,18814083072,2753560576,2815858769,801112064,0,104857600,18918940672,1.0022546380263526,1.015114183803726,0.98,0.94,82,50,202,34,11,6291456,6291456,CPU,3.4222039309414953e-12,2.8707527272727275e-05,0,0
80755987224,0,oracle_growth,spill,proactive_target_headroom,18805694464,2745171968,2815858769,809500672,0,102760448,18908454912,1.0016991417237089,1.0113903606789876,0.98,0.94,82,49,187,60,53,8388608,8388608,CPU,3.6468540538441045e-12,3.824003636363636e-05,0,0
80755987224,0,oracle_growth,spill,proactive_target_headroom,18791014400,2730491904,2815858769,824180736,0,100663296,18891677696,1.0008103476394792,1.0054322436794059,0.98,0.94,82,48,168,106,46,14680064,14680064,CPU,3.9838292381980204e-12,6.683756363636364e-05,0,0
80755987224,0,oracle_growth,spill,proactive_target_headroom,18774237184,2713714688,2815858769,840957952,0,98566144,18872803328,0.9998104542947205,0.9987293620548765,0.98,0.94,82,47,193,114,42,16777216,16777216,CPU,4.046232050115411e-12,7.637007272727272e-05,0,0
80755987224,0,oracle_growth,spill,proactive_target_headroom,18755362816,2694840320,2815858769,859832320,0,96468992,18851831808,0.9986994616894331,0.9912817158053995,0.98,0.94,82,46,198,131,125,18874368,18874368,CPU,4.096154299649325e-12,8.590258181818181e-05,0,0
80755987224,0,oracle_growth,spill,proactive_target_headroom,18736488448,2675965952,2815858769,878706688,0,94371840,18830860288,0.9975884690841457,0.9838340695559223,0.98,0.94,82,45,130,142,132,18874368,18874368,CPU,4.096154299649325e-12,8.590258181818181e-05,0,0
80755987224,0,oracle_growth,spill,proactive_target_headroom,18717614080,2657091584,2815858769,897581056,0,92274688,18809888768,0.9964774764788583,0.9763864233064453,0.98,0.94,82,44,131,141,131,18874368,18874368,CPU,4.096154299649325e-12,8.590258181818181e-05,0,0
80755987224,0,oracle_growth,spill,proactive_target_headroom,18696642560,2636120064,2815858769,918552576,0,90177536,18786820096,0.9952553846130423,0.9681940124320205,0.98,0.94,82,43,195,157,144,20971520,20971520,CPU,4.136999776540709e-12,9.543509090909091e-05,0,0
80755987224,0,oracle_growth,spill,proactive_target_headroom,18675671040,2615148544,2815858769,939524096,0,88080384,18763751424,0.9940332927472262,0.9600016015575957,0.98,0.94,82,42,199,150,135,20971520,20971520,CPU,4.136999776540709e-12,9.543509090909091e-05,0,0
80755987224,0,oracle_growth,spill,proactive_target_headroom,18654699520,2594177024,2815858769,960495616,0,85983232,18740682752,0.9928112008814101,0.9518091906831709,0.98,0.94,82,41,185,150,119,20971520,20971520,CPU,4.136999776540709e-12,9.543509090909091e-05,0,0
80755987224,0,oracle_growth,spill,proactive_target_headroom,18633728000,2573205504,2815858769,981467136,0,83886080,18717614080,0.9915891090155939,0.9436167798087461,0.98,0.94,82,40,125,157,143,20971520,20971520,CPU,4.136999776540709e-12,9.543509090909091e-05,0,0
80755987224,0,oracle_growth,spill,proactive_target_headroom,18612756480,2552233984,2815858769,1002438656,0,81788928,18694545408,0.9903670171497778,0.9354243689343213,0.98,0.94,82,39,183,146,47,20971520,20971520,CPU,4.136999776540709e-12,9.543509090909091e-05,0,0
80755987224,0,oracle_growth,admission,value_ranked_working_set,18612756480,2552233984,2815858769,1002438656,0,81788928,18694545408,0.9903670171497778,0.9354243689343213,0.98,0.94,82,39,-1,0,0,0,0,,0.0,0.0,1,42
80755987224,0,oracle_growth,reload,value_ranked_admission,18633728000,2573205504,2815858769,994050048,0,0,18633728000,0.9871451385944444,0.9138261948108378,0.98,0.94,42,0,187,60,53,8388608,8388608,CPU,0.0,0.0,0,0
80951753999,0,oracle_growth,trigger,forecast_above_trigger,18732294144,2671771648,2815858769,994050048,0,90177536,18822471680,0.9971440720420308,0.9808550110561316,0.98,0.94,85,43,-1,0,0,0,0,,0.0,0.0,85,0
80951753999,0,oracle_growth,spill,proactive_target_headroom,18728099840,2667577344,2815858769,998244352,0,88080384,18816180224,0.9968107742604445,0.9786207171812884,0.98,0.94,85,42,217,21,1,4194304,4194304,CPU,3.0477870594371447e-12,1.917501818181818e-05,0,0
80951753999,0,oracle_growth,spill,proactive_target_headroom,18719711232,2659188736,2815858769,1006632960,0,85983232,18805694464,0.9962552779578009,0.9748968940565499,0.98,0.94,85,41,215,49,2,8388608,8388608,CPU,3.6468540538441045e-12,3.824003636363636e-05,0,0
80951753999,0,oracle_growth,spill,proactive_target_headroom,18711322624,2650800128,2815858769,1015021568,0,83886080,18795208704,0.9956997816551572,0.9711730709318114,0.98,0.94,85,40,187,62,55,8388608,8388608,CPU,3.6468540538441045e-12,3.824003636363636e-05,0,0
80951753999,0,oracle_growth,spill,proactive_target_headroom,18677768192,2617245696,2815858769,1048576000,0,81788928,18759557120,0.9938110942261686,0.9585120723077003,0.98,0.94,85,39,133,252,227,33554432,33554432,CPU,4.013587765515169e-12,0.00014309076136363635,0,0
80951753999,0,oracle_growth,spill,proactive_target_headroom,18654699520,2594177024,2815858769,1071644672,0,79691776,18734391296,0.9924779030998239,0.9495748968083279,0.98,0.94,85,38,190,175,113,23068672,23068672,CPU,4.171037673950195e-12,0.0001049676,0,0
80951753999,0,oracle_growth,spill,proactive_target_headroom,18551939072,2491416576,2815858769,1174405120,0,77594624,18629533696,0.986922940073387,0.9123366655609424,0.98,0.94,85,37,194,771,216,102760448,102760448,CPU,4.177119840275158e-12,0.00043800276136363636,0,0
80951753999,0,oracle_growth,admission,value_ranked_working_set,18551939072,2491416576,2815858769,1174405120,0,77594624,18629533696,0.986922940073387,0.9123366655609424,0.98,0.94,85,37,-1,0,0,0,0,,0.0,0.0,4,44
80951753999,0,oracle_growth,reload,value_ranked_admission,18625339392,2564816896,2815858769,1105199104,0,0,18625339392,0.9867007415523296,0.910847136311047,0.98,0.94,44,0,190,175,113,23068672,23068672,CPU,0.0,0.0,0,0
80951753999,0,oracle_growth,reload,value_ranked_admission,18625339392,2564816896,2815858769,1105199104,0,0,18625339392,0.9867007415523296,0.910847136311047,0.98,0.94,44,0,195,157,144,20971520,20971520,CPU,0.0,0.0,0,0
80951753999,0,oracle_growth,reload,value_ranked_admission,18625339392,2564816896,2815858769,1105199104,0,0,18625339392,0.9867007415523296,0.910847136311047,0.98,0.94,44,0,199,150,135,20971520,20971520,CPU,0.0,0.0,0,0
80951753999,0,oracle_growth,reload,value_ranked_admission,18625339392,2564816896,2815858769,1105199104,0,0,18625339392,0.9867007415523296,0.910847136311047,0.98,0.94,44,0,217,21,1,4194304,4194304,CPU,0.0,0.0,0,0
81252933566,0,oracle_growth,trigger,forecast_above_trigger,18799403008,2738880512,2815858769,1105199104,0,94371840,18893774848,1.0009214469000078,1.0061770083043535,0.98,0.94,89,45,-1,0,0,0,0,,0.0,0.0,89,0
81252933566,0,oracle_growth,spill,proactive_target_headroom,18797305856,2736783360,2815858769,1107296256,0,92274688,18889580544,1.0006992483789503,1.0046874790544582,0.98,0.94,89,44,220,12,2,2097152,2097152,CPU,2.2989533164284446e-12,9.642509090909091e-06,0,0
81252933566,0,oracle_growth,spill,proactive_target_headroom,18793111552,2732589056,2815858769,1111490560,0,90177536,18883289088,1.000365950597364,1.002453185179615,0.98,0.94,89,43,217,25,5,4194304,4194304,CPU,3.0477870594371447e-12,1.917501818181818e-05,0,0
81252933566,0,oracle_growth,spill,proactive_target_headroom,18751168512,2690646016,2815858769,1153433600,0,88080384,18839248896,0.9980328661262606,0.9868131280557132,0.98,0.94,89,42,103,312,286,41943040,41943040,CPU,3.790064291520552e-12,0.00016691515909090908,0,0
81252933566,0,oracle_growth,spill,proactive_target_headroom,18732294144,2671771648,2815858769,1172307968,0,85983232,18818277376,0.9969218735209733,0.9793654818062362,0.98,0.94,89,41,218,136,3,18874368,18874368,CPU,4.096154299649325e-12,8.590258181818181e-05,0,0
81252933566,0,oracle_growth,spill,proactive_target_headroom,18711322624,2650800128,2815858769,1193279488,0,83886080,18795208704,0.9956997816551572,0.9711730709318114,0.98,0.94,89,40,199,154,139,20971520,20971520,CPU,4.136999776540709e-12,9.543509090909091e-05,0,0
81252933566,0,oracle_growth,spill,proactive_target_headroom,18688253952,2627731456,2815858769,1216348160,0,81788928,18770042880,0.9943665905288124,0.9622358954324388,0.98,0.94,89,39,195,161,148,23068672,23068672,CPU,4.171037673950195e-12,0.0001049676,0,0
81252933566,0,oracle_growth,spill,proactive_target_headroom,18663088128,2602565632,2815858769,1241513984,0,79691776,18742779904,0.9929223001419388,0.9525539553081187,0.98,0.94,89,38,192,183,64,25165824,25165824,CPU,4.1998389717582225e-12,0.0001145001090909091,0,0
81252933566,0,oracle_growth,spill,proactive_target_headroom,18637922304,2577399808,2815858769,1266679808,0,77594624,18715516928,0.9914780097550652,0.9428720151837985,0.98,0.94,89,37,170,190,65,25165824,25165824,CPU,4.1998389717582225e-12,0.0001145001090909091,0,0
81252933566,0,oracle_growth,spill,proactive_target_headroom,18612756480,2552233984,2815858769,1291845632,0,75497472,18688253952,0.9900337193681916,0.9331900750594783,0.98,0.94,89,36,190,179,117,25165824,25165824,CPU,4.1998389717582225e-12,0.0001145001090909091,0,0
81252933566,0,oracle_growth,admission,value_ranked_working_set,18612756480,2552233984,2815858769,1291845632,0,75497472,18688253952,0.9900337193681916,0.9331900750594783,0.98,0.94,89,36,-1,0,0,0,0,,0.0,0.0,1,52
81252933566,0,oracle_growth,reload,value_ranked_admission,18633728000,2573205504,2815858769,1275068416,0,0,18633728000,0.9871451385944444,0.9138261948108378,0.98,0.94,52,0,193,114,42,16777216,16777216,CPU,0.0,0.0,0,0
81573188562,0,oracle_growth,trigger,forecast_above_trigger,18809888768,2749366272,2815858769,1275068416,0,81788928,18891677696,1.0008103476394792,1.0054322436794059,0.98,0.94,91,39,-1,0,0,0,0,,0.0,0.0,91,0
81573188562,0,oracle_growth,spill,proactive_target_headroom,18793111552,2732589056,2815858769,1291845632,0,79691776,18872803328,0.9998104542947205,0.9987293620548765,0.98,0.94,91,38,193,118,46,16777216,16777216,CPU,4.046232050115411e-12,7.637007272727272e-05,0,0
81573188562,0,oracle_growth,spill,proactive_target_headroom,18763751424,2703228928,2815858769,1321205760,0,77594624,18841346048,0.9981439653867894,0.987557892680661,0.98,0.94,91,37,149,217,211,29360128,29360128,CPU,4.2459210482510655e-12,0.00013356512727272728,0,0
81573188562,0,oracle_growth,spill,proactive_target_headroom,18730196992,2669674496,2815858769,1354760192,0,75497472,18805694464,0.9962552779578009,0.9748968940565499,0.98,0.94,91,36,126,253,219,33554432,33554432,CPU,4.28116028321618e-12,0.00015263014545454544,0,0
81573188562,0,oracle_growth,spill,proactive_target_headroom,18694545408,2634022912,2815858769,1390411776,0,73400320,18767945728,0.9942554912682836,0.9614911308074912,0.98,0.94,91,35,212,258,11,35651584,35651584,CPU,4.295843297784979e-12,0.00016216265454545455,0,0
81573188562,0,oracle_growth,spill,proactive_target_headroom,18656796672,2596274176,2815858769,1428160512,0,71303168,18728099840,0.9921446053182377,0.9473406029334847,0.98,0.94,91,34,152,273,89,37748736,37748736,CPU,4.30898073187285e-12,0.00017169516363636363,0,0
81573188562,0,oracle_growth,spill,proactive_target_headroom,18619047936,2558525440,2815858769,1465909248,0,69206016,18688253952,0.9900337193681916,0.9331900750594783,0.98,0.94,91,33,114,277,243,37748736,37748736,CPU,4.30898073187285e-12,0.00017169516363636363,0,0
81573188562,0,oracle_growth,admission,value_ranked_working_set,18619047936,2558525440,2815858769,1465909248,0,69206016,18688253952,0.9900337193681916,0.9331900750594783,0.98,0.94,91,33,-1,0,0,0,0,,0.0,0.0,1,57
81573188562,0,oracle_growth,reload,value_ranked_admission,18648408064,2587885568,2815858769,1449132032,0,0,18648408064,0.9879228334181456,0.9190395471854718,0.98,0.94,57,0,193,118,46,16777216,16777216,CPU,0.0,0.0,0,0
81789836122,0,oracle_growth,trigger,forecast_above_trigger,18770042880,2709520384,2815858769,1449132032,0,77594624,18847637504,0.9984772631683756,0.989792186555504,0.98,0.94,96,39,-1,0,0,0,0,,0.0,0.0,96,0
81789836122,0,oracle_growth,spill,proactive_target_headroom,18765848576,2705326080,2815858769,1453326336,0,75497472,18841346048,0.9981439653867894,0.987557892680661,0.98,0.94,96,38,224,28,4,4194304,4194304,CPU,3.0477870594371447e-12,1.917501818181818e-05,0,0
81789836122,0,oracle_growth,spill,proactive_target_headroom,18761654272,2701131776,2815858769,1457520640,0,73400320,18835054592,0.9978106676052032,0.9853235988058178,0.98,0.94,96,37,226,21,2,4194304,4194304,CPU,3.0477870594371447e-12,1.917501818181818e-05,0,0
81789836122,0,oracle_growth,spill,proactive_target_headroom,18757459968,2696937472,2815858769,1461714944,0,71303168,18828763136,0.997477369823617,0.9830893049309747,0.98,0.94,96,36,227,32,1,4194304,4194304,CPU,3.0477870594371447e-12,1.917501818181818e-05,0,0
81789836122,0,oracle_growth,spill,proactive_target_headroom,18709225472,2648702976,2815858769,1509949440,0,69206016,18778431488,0.9948109875709273,0.9652149539322297,0.98,0.94,96,35,108,366,293,48234496,48234496,CPU,3.2686845822767773e-12,0.0001645182818181818,0,0
81789836122,0,oracle_growth,spill,proactive_target_headroom,18700836864,2640314368,2815858769,1518338048,0,67108864,18767945728,0.9942554912682836,0.9614911308074912,0.98,0.94,96,34,225,58,2,8388608,8388608,CPU,3.6468540538441045e-12,3.824003636363636e-05,0,0
81789836122,0,oracle_growth,spill,proactive_target_headroom,18652602368,2592079872,2815858769,1566572544,0,67108864,18719711232,0.9917002082761227,0.9443615444336939,0.98,0.94,96,33,211,354,15,48234496,48234496,CPU,3.695034745182444e-12,0.00017822813863636362,0,0
81789836122,0,oracle_growth,spill,proactive_target_headroom,18577104896,2516582400,2815858769,1642070016,0,67108864,18644213760,0.9877006348970881,0.9175500179355763,0.98,0.94,96,32,136,562,386,75497472,75497472,CPU,3.97854760439709e-12,0.00030037028636363636,0,0
81789836122,0,oracle_growth,admission,value_ranked_working_set,18577104896,2516582400,2815858769,1642070016,0,67108864,18644213760,0.9877006348970881,0.9175500179355763,0.98,0.94,96,32,-1,0,0,0,0,,0.0,0.0,2,62
81789836122,0,oracle_growth,reload,value_ranked_admission,18644213760,2583691264,2815858769,1583349760,0,0,18644213760,0.9877006348970881,0.9175500179355763,0.98,0.94,62,0,152,273,89,37748736,37748736,CPU,0.0,0.0,0,0
81789836122,0,oracle_growth,reload,value_ranked_admission,18644213760,2583691264,2815858769,1583349760,0,0,18644213760,0.9877006348970881,0.9175500179355763,0.98,0.94,62,0,199,154,139,20971520,20971520,CPU,0.0,0.0,0,0
82705024196,0,oracle_growth,trigger,forecast_above_trigger,18799403008,2738880512,2815858769,1583349760,0,77594624,18876997632,1.000032652815778,1.000218891304772,0.98,0.94,100,38,-1,0,0,0,0,,0.0,0.0,100,0
82705024196,0,oracle_growth,spill,proactive_target_headroom,18797305856,2736783360,2815858769,1585446912,0,75497472,18872803328,0.9998104542947205,0.9987293620548765,0.98,0.94,100,37,229,13,11,2097152,2097152,CPU,2.2989533164284446e-12,9.642509090909091e-06,0,0
82705024196,0,oracle_growth,spill,proactive_target_headroom,18707128320,2646605824,2815858769,1675624448,0,75497472,18782625792,0.9950331860919848,0.9667044831821251,0.98,0.94,100,36,228,679,12,90177536,90177536,CPU,2.5575043283103635e-12,0.00023062943863636363,0,0
82705024196,0,oracle_growth,spill,proactive_target_headroom,18612756480,2552233984,2815858769,1769996288,0,73400320,18686156800,0.9899226201076629,0.9324453104345305,0.98,0.94,100,35,191,709,240,94371840,94371840,CPU,3.335835434231362e-12,0.0003218046818181818,0,0
82705024196,0,oracle_growth,admission,value_ranked_working_set,18612756480,2552233984,2815858769,1769996288,0,73400320,18686156800,0.9899226201076629,0.9324453104345305,0.98,0.94,100,35,-1,0,0,0,0,,0.0,0.0,1,64
82759218471,0,oracle_growth,trigger,forecast_above_trigger,18782625792,2722103296,2815858769,1769996288,0,75497472,18858123264,0.9990327594710193,0.9935160096802426,0.98,0.94,101,36,-1,0,0,0,0,,0.0,0.0,101,0
82759218471,0,oracle_growth,spill,proactive_target_headroom,18772140032,2711617536,2815858769,1780482048,0,73400320,18845540352,0.9983661639078468,0.9890474219305564,0.98,0.94,101,35,230,69,5,10485760,10485760,CPU,3.796620802445845e-12,4.777254545454545e-05,0,0
82759218471,0,oracle_growth,spill,proactive_target_headroom,18753265664,2692743168,2815858769,1799356416,0,71303168,18824568832,0.9972551713025595,0.9815997756810793,0.98,0.94,101,34,193,134,62,18874368,18874368,CPU,4.096154299649325e-12,8.590258181818181e-05,0,0
82759218471,0,oracle_growth,spill,proactive_target_headroom,18730196992,2669674496,2815858769,1822425088,0,69206016,18799403008,0.9959219801762147,0.9726626001817068,0.98,0.94,101,33,199,166,151,23068672,23068672,CPU,4.171037673950195e-12,0.0001049676,0,0
82759218471,0,oracle_growth,spill,proactive_target_headroom,18694545408,2634022912,2815858769,1858076672,0,67108864,18761654272,0.9939221934866974,0.9592568369326481,0.98,0.94,101,32,231,258,4,35651584,35651584,CPU,4.295843297784979e-12,0.00016216265454545455,0,0
82759218471,0,oracle_growth,spill,proactive_target_headroom,18656796672,2596274176,2815858769,1895825408,0,65011712,18721808384,0.9918113075366514,0.9451063090586416,0.98,0.94,101,31,152,285,101,37748736,37748736,CPU,4.30898073187285e-12,0.00017169516363636363,0,0
82759218471,0,oracle_growth,spill,proactive_target_headroom,18614853632,2554331136,2815858769,1937768448,0,62914560,18677768192,0.9894782230655479,0.9294662519347398,0.98,0.94,101,30,163,320,101,41943040,41943040,CPU,4.33150204745206e-12,0.00019076018181818182,0,0
82759218471,0,oracle_growth,admission,value_ranked_working_set,18614853632,2554331136,2815858769,1937768448,0,62914560,18677768192,0.9894782230655479,0.9294662519347398,0.98,0.94,101,30,-1,0,0,0,0,,0.0,0.0,1,70
82813412746,0,oracle_growth,admission,value_ranked_working_set,18621145088,2560622592,2815858769,1937768448,0,62914560,18684059648,0.9898115208471342,0.9317005458095828,0.98,0.94,101,30,-1,0,0,0,0,,0.0,0.0,1,70
82813412746,0,oracle_growth,reload,value_ranked_admission,18755362816,2694840320,2815858769,1916796928,0,0,18755362816,0.9935888957051112,0.9570225430578049,0.98,0.94,70,0,185,150,119,20971520,20971520,CPU,0.0,0.0,0,0
82867607021,0,oracle_growth,trigger,forecast_above_trigger,18755362816,2694840320,2815858769,1916796928,0,67108864,18822471680,0.9971440720420308,0.9808550110561316,0.98,0.94,103,33,-1,0,0,0,0,,0.0,0.0,103,0
82867607021,0,oracle_growth,spill,proactive_target_headroom,18744877056,2684354560,2815858769,1927282688,0,65011712,18809888768,0.9964774764788583,0.9763864233064453,0.98,0.94,103,32,236,78,1,10485760,10485760,CPU,3.796620802445845e-12,4.777254545454545e-05,0,0
82867607021,0,oracle_growth,spill,proactive_target_headroom,18723905536,2663383040,2815858769,1948254208,0,62914560,18786820096,0.9952553846130423,0.9681940124320205,0.98,0.94,103,31,185,151,120,20971520,20971520,CPU,4.136999776540709e-12,9.543509090909091e-05,0,0
82867607021,0,oracle_growth,spill,proactive_target_headroom,18640019456,2579496960,2815858769,2032140288,0,60817408,18700836864,0.990700314931364,0.9376586628091644,0.98,0.94,103,30,129,630,425,83886080,83886080,CPU,4.1586272996703694e-12,0.0003575722159090909,0,0
82867607021,0,oracle_growth,admission,value_ranked_working_set,18640019456,2579496960,2815858769,2032140288,0,60817408,18700836864,0.990700314931364,0.9376586628091644,0.98,0.94,103,30,-1,0,0,0,0,,0.0,0.0,1,72
82867607021,0,oracle_growth,reload,value_ranked_admission,18652602368,2592079872,2815858769,2027945984,0,0,18652602368,0.9881450319392031,0.9205290764353672,0.98,0.94,72,0,224,28,4,4194304,4194304,CPU,0.0,0.0,0,0
83083961447,0,oracle_growth,trigger,forecast_above_trigger,18786820096,2726297600,2815858769,2027945984,0,69206016,18856026112,0.9989216602104906,0.9927712450552949,0.98,0.94,106,34,-1,0,0,0,0,,0.0,0.0,106,0
83083961447,0,oracle_growth,spill,proactive_target_headroom,18782625792,2722103296,2815858769,2032140288,0,67108864,18849734656,0.9985883624289044,0.9905369511804518,0.98,0.94,106,33,224,32,8,4194304,4194304,CPU,3.0477870594371447e-12,1.917501818181818e-05,0,0
83083961447,0,oracle_growth,spill,proactive_target_headroom,18728099840,2667577344,2815858769,2086666240,0,67108864,18795208704,0.9956997816551572,0.9711730709318114,0.98,0.94,106,32,214,405,33,54525952,54525952,CPU,3.1263869542341964e-12,0.000170469225,0,0
83083961447,0,oracle_growth,spill,proactive_target_headroom,18721808384,2661285888,2815858769,2092957696,0,65011712,18786820096,0.9952553846130423,0.9681940124320205,0.98,0.94,106,31,238,46,3,6291456,6291456,CPU,3.4222039309414953e-12,2.8707527272727275e-05,0,0
83083961447,0,oracle_growth,spill,proactive_target_headroom,18677768192,2617245696,2815858769,2136997888,0,62914560,18740682752,0.9928112008814101,0.9518091906831709,0.98,0.94,106,30,172,326,101,44040192,44040192,CPU,4.341227160997627e-12,0.0002002926909090909,0,0
83083961447,0,oracle_growth,spill,proactive_target_headroom,18633728000,2573205504,2815858769,2181038080,0,60817408,18694545408,0.9903670171497778,0.9354243689343213,0.98,0.94,106,29,106,328,290,44040192,44040192,CPU,4.341227160997627e-12,0.0002002926909090909,0,0
83083961447,0,oracle_growth,admission,value_ranked_working_set,18633728000,2573205504,2815858769,2181038080,0,60817408,18694545408,0.9903670171497778,0.9354243689343213,0.98,0.94,106,29,-1,0,0,0,0,,0.0,0.0,1,76
83083961447,0,oracle_growth,reload,value_ranked_admission,18797305856,2736783360,2815858769,2170552320,0,0,18797305856,0.9958108809156859,0.971917835556759,0.98,0.94,76,0,236,78,1,10485760,10485760,CPU,0.0,0.0,0,0
83137944385,0,oracle_growth,trigger,forecast_above_trigger,18797305856,2736783360,2815858769,2170552320,0,67108864,18864414720,0.9993660572526055,0.9957503035550858,0.98,0.94,108,32,-1,0,0,0,0,,0.0,0.0,108,0
83137944385,0,oracle_growth,spill,proactive_target_headroom,18795208704,2734686208,2815858769,2172649472,0,65011712,18860220416,0.999143858731548,0.9942607743051903,0.98,0.94,108,31,241,13,1,2097152,2097152,CPU,2.2989533164284446e-12,9.642509090909091e-06,0,0
83137944385,0,oracle_growth,spill,proactive_target_headroom,18784722944,2724200448,2815858769,2183135232,0,62914560,18847637504,0.9984772631683756,0.989792186555504,0.98,0.94,108,30,236,79,2,10485760,10485760,CPU,3.796620802445845e-12,4.777254545454545e-05,0,0
83137944385,0,oracle_growth,spill,proactive_target_headroom,18736488448,2675965952,2815858769,2231369728,0,60817408,18797305856,0.9958108809156859,0.971917835556759,0.98,0.94,108,29,104,363,313,48234496,48234496,CPU,4.085855727845972e-12,0.00020564785227272726,0,0
83137944385,0,oracle_growth,spill,proactive_target_headroom,18688253952,2627731456,2815858769,2279604224,0,58720256,18746974208,0.9931444986629963,0.954043484558014,0.98,0.94,108,28,148,367,272,48234496,48234496,CPU,4.35824610970237e-12,0.00021935770909090909,0,0
83137944385,0,oracle_growth,spill,proactive_target_headroom,18640019456,2579496960,2815858769,2327838720,0,56623104,18696642560,0.9904781164103066,0.9361691335592691,0.98,0.94,108,27,178,356,103,48234496,48234496,CPU,4.35824610970237e-12,0.00021935770909090909,0,0
83137944385,0,oracle_growth,admission,value_ranked_working_set,18640019456,2579496960,2815858769,2327838720,0,56623104,18696642560,0.9904781164103066,0.9361691335592691,0.98,0.94,108,27,-1,0,0,0,0,,0.0,0.0,1,80
83137944385,0,oracle_growth,reload,value_ranked_admission,18650505216,2589982720,2815858769,2319450112,0,0,18650505216,0.9880339326786743,0.9197843118104195,0.98,0.94,80,0,225,58,2,8388608,8388608,CPU,0.0,0.0,0,0
83524903705,0,oracle_growth,trigger,forecast_above_trigger,18757459968,2696937472,2815858769,2319450112,0,62914560,18820374528,0.997032972781502,0.9801102464311838,0.98,0.94,111,31,-1,0,0,0,0,,0.0,0.0,111,0
83524903705,0,oracle_growth,spill,proactive_target_headroom,18755362816,2694840320,2815858769,2321547264,0,62914560,18818277376,0.9969218735209733,0.9793654818062362,0.98,0.94,111,30,242,4,3,2097152,2097152,CPU,1.7242149873213335e-12,3.615940909090909e-06,0,0
83524903705,0,oracle_growth,spill,proactive_target_headroom,18746974208,2686451712,2815858769,2329935872,0,60817408,18807791616,0.9963663772183297,0.9756416586814975,0.98,0.94,111,29,225,62,6,8388608,8388608,CPU,3.6468540538441045e-12,3.824003636363636e-05,0,0
83524903705,0,oracle_growth,spill,proactive_target_headroom,18658893824,2598371328,2815858769,2418016256,0,58720256,18717614080,0.9915891090155939,0.9436167798087461,0.98,0.94,111,28,91,665,653,88080384,88080384,CPU,3.885845351672828e-12,0.0003504159590909091,0,0
83524903705,0,oracle_growth,spill,proactive_target_headroom,18619047936,2558525440,2815858769,2457862144,0,56623104,18675671040,0.9893671238050192,0.928721487309792,0.98,0.94,111,27,244,300,1,39845888,39845888,CPU,4.320804422551936e-12,0.00018122767272727274,0,0
83524903705,0,oracle_growth,admission,value_ranked_working_set,18619047936,2558525440,2815858769,2457862144,0,56623104,18675671040,0.9893671238050192,0.928721487309792,0.98,0.94,111,27,-1,0,0,0,0,,0.0,0.0,1,83
83524903705,0,oracle_growth,reload,value_ranked_admission,18652602368,2592079872,2815858769,2428502016,0,0,18652602368,0.9881450319392031,0.9205290764353672,0.98,0.94,83,0,149,217,211,29360128,29360128,CPU,0.0,0.0,0,0
84275246193,0,oracle_growth,trigger,forecast_above_trigger,18830860288,2770337792,2815858769,2428502016,0,67108864,18897969152,1.0011436454210654,1.007666537554249,0.98,0.94,115,32,-1,0,0,0,0,,0.0,0.0,115,0
84275246193,0,oracle_growth,spill,proactive_target_headroom,18828763136,2768240640,2815858769,2430599168,0,65011712,18893774848,1.0009214469000078,1.0061770083043535,0.98,0.94,115,31,246,8,1,2097152,2097152,CPU,2.2989533164284446e-12,9.642509090909091e-06,0,0
84275246193,0,oracle_growth,spill,proactive_target_headroom,18826665984,2766143488,2815858769,2432696320,0,62914560,18889580544,1.0006992483789503,1.0046874790544582,0.98,0.94,115,30,248,10,1,2097152,2097152,CPU,2.2989533164284446e-12,9.642509090909091e-06,0,0
84275246193,0,oracle_growth,spill,proactive_target_headroom,18822471680,2761949184,2815858769,2436890624,0,60817408,18883289088,1.000365950597364,1.002453185179615,0.98,0.94,115,29,245,23,2,4194304,4194304,CPU,3.0477870594371447e-12,1.917501818181818e-05,0,0
84275246193,0,oracle_growth,spill,proactive_target_headroom,18702934016,2642411520,2815858769,2556428288,0,58720256,18761654272,0.9939221934866974,0.9592568369326481,0.98,0.94,115,28,156,907,289,119537664,119537664,CPU,3.3509917393747166e-12,0.0004075972636363636,0,0
84275246193,0,oracle_growth,spill,proactive_target_headroom,18589687808,2529165312,2815858769,2669674496,0,56623104,18646310912,0.9878117341576169,0.9182947825605241,0.98,0.94,115,27,197,861,255,113246208,113246208,CPU,3.6268079182333197e-12,0.0004183282113636364,0,0
84275246193,0,oracle_growth,admission,value_ranked_working_set,18589687808,2529165312,2815858769,2669674496,0,56623104,18646310912,0.9878117341576169,0.9182947825605241,0.98,0.94,115,27,-1,0,0,0,0,,0.0,0.0,2,86
84275246193,0,oracle_growth,reload,value_ranked_admission,18650505216,2589982720,2815858769,2613051392,0,0,18650505216,0.9880339326786743,0.9197843118104195,0.98,0.94,86,0,148,367,272,48234496,48234496,CPU,0.0,0.0,0,0
84275246193,0,oracle_growth,reload,value_ranked_admission,18650505216,2589982720,2815858769,2613051392,0,0,18650505216,0.9880339326786743,0.9197843118104195,0.98,0.94,86,0,225,62,6,8388608,8388608,CPU,0.0,0.0,0,0
85958123572,0,oracle_growth,admission,value_ranked_working_set,18577104896,2516582400,2815858769,2613051392,0,60817408,18637922304,0.987367337115502,0.9153157240607332,0.98,0.94,115,29,-1,0,0,0,0,,0.0,0.0,3,83
85958123572,0,oracle_growth,reload,value_ranked_admission,18644213760,2583691264,2815858769,2548039680,0,0,18644213760,0.9877006348970881,0.9175500179355763,0.98,0.94,83,0,178,356,103,48234496,48234496,CPU,0.0,0.0,0,0
85958123572,0,oracle_growth,reload,value_ranked_admission,18644213760,2583691264,2815858769,2548039680,0,0,18644213760,0.9877006348970881,0.9175500179355763,0.98,0.94,83,0,168,106,46,14680064,14680064,CPU,0.0,0.0,0,0
85958123572,0,oracle_growth,reload,value_ranked_admission,18644213760,2583691264,2815858769,2548039680,0,0,18644213760,0.9877006348970881,0.9175500179355763,0.98,0.94,83,0,242,4,3,2097152,2097152,CPU,0.0,0.0,0,0
89429451307,0,oracle_growth,trigger,forecast_above_trigger,18763751424,2703228928,2815858769,2548039680,0,62914560,18826665984,0.9973662705630882,0.982344540306027,0.98,0.94,113,30,-1,0,0,0,0,,0.0,0.0,113,0
89429451307,0,oracle_growth,spill,proactive_target_headroom,18751168512,2690646016,2815858769,2560622592,0,60817408,18811985920,0.9965885757393871,0.977131187931393,0.98,0.94,113,29,249,81,65,12582912,12582912,CPU,3.903597051447088e-12,5.7305054545454546e-05,0,0
89429451307,0,oracle_growth,spill,proactive_target_headroom,18734391296,2673868800,2815858769,2577399808,0,58720256,18793111552,0.9955886823946285,0.9704283063068636,0.98,0.94,113,28,225,128,72,16777216,16777216,CPU,4.046232050115411e-12,7.637007272727272e-05,0,0
89429451307,0,oracle_growth,spill,proactive_target_headroom,18713419776,2652897280,2815858769,2598371328,0,56623104,18770042880,0.9943665905288124,0.9622358954324388,0.98,0.94,113,27,168,152,92,20971520,20971520,CPU,4.136999776540709e-12,9.543509090909091e-05,0,0
89429451307,0,oracle_growth,spill,proactive_target_headroom,18673573888,2613051392,2815858769,2638217216,0,54525952,18728099840,0.9921446053182377,0.9473406029334847,0.98,0.94,113,26,149,289,283,39845888,39845888,CPU,4.320804422551936e-12,0.00018122767272727274,0,0
89429451307,0,oracle_growth,spill,proactive_target_headroom,18619047936,2558525440,2815858769,2692743168,0,52428800,18671476736,0.9891449252839617,0.9272319580598966,0.98,0.94,113,25,178,402,149,54525952,54525952,CPU,4.379047047008167e-12,0.00024795523636363635,0,0
89429451307,0,oracle_growth,admission,value_ranked_working_set,18619047936,2558525440,2815858769,2692743168,0,52428800,18671476736,0.9891449252839617,0.9272319580598966,0.98,0.94,113,25,-1,0,0,0,0,,0.0,0.0,1,87
89429451307,0,oracle_growth,reload,value_ranked_admission,18652602368,2592079872,2815858769,2659188736,0,0,18652602368,0.9881450319392031,0.9205290764353672,0.98,0.94,87,0,126,253,219,33554432,33554432,CPU,0.0,0.0,0,0
92687975460,0,oracle_growth,admission,value_ranked_working_set,18591784960,2531262464,2815858769,2659188736,0,48234496,18640019456,0.9874784363760307,0.9160604886856809,0.98,0.94,111,24,-1,0,0,0,0,,0.0,0.0,2,85
92687975460,0,oracle_growth,reload,value_ranked_admission,18656796672,2596274176,2815858769,2596274176,0,0,18656796672,0.9883672304602605,0.9220186056852626,0.98,0.94,85,0,178,402,149,54525952,54525952,CPU,0.0,0.0,0,0
92687975460,0,oracle_growth,reload,value_ranked_admission,18656796672,2596274176,2815858769,2596274176,0,0,18656796672,0.9883672304602605,0.9220186056852626,0.98,0.94,85,0,215,49,2,8388608,8388608,CPU,0.0,0.0,0,0
93094546889,0,oracle_growth,admission,value_ranked_working_set,18614853632,2554331136,2815858769,2596274176,0,50331648,18665185280,0.9888116275023755,0.9249976641850535,0.98,0.94,110,25,-1,0,0,0,0,,0.0,0.0,1,84
93094546889,0,oracle_growth,reload,value_ranked_admission,18654699520,2594177024,2815858769,2556428288,0,0,18654699520,0.9882561311997319,0.921273841060315,0.98,0.94,84,0,149,289,283,39845888,39845888,CPU,0.0,0.0,0,0
93477253898,0,oracle_growth,admission,value_ranked_working_set,18570813440,2510290944,2815858769,2556428288,0,50331648,18621145088,0.986478543031272,0.9093576070611515,0.98,0.94,109,25,-1,0,0,0,0,,0.0,0.0,2,82
93477253898,0,oracle_growth,reload,value_ranked_admission,18656796672,2596274176,2815858769,2474639360,0,0,18656796672,0.9883672304602605,0.9220186056852626,0.98,0.94,82,0,172,326,101,44040192,44040192,CPU,0.0,0.0,0,0
93477253898,0,oracle_growth,reload,value_ranked_admission,18656796672,2596274176,2815858769,2474639360,0,0,18656796672,0.9883672304602605,0.9220186056852626,0.98,0.94,82,0,152,285,101,37748736,37748736,CPU,0.0,0.0,0,0
93628138890,0,oracle_growth,admission,value_ranked_working_set,18595979264,2535456768,2815858769,2474639360,0,54525952,18650505216,0.9880339326786743,0.9197843118104195,0.98,0.94,108,26,-1,0,0,0,0,,0.0,0.0,2,80
93628138890,0,oracle_growth,reload,value_ranked_admission,18650505216,2589982720,2815858769,2422210560,0,0,18650505216,0.9880339326786743,0.9197843118104195,0.98,0.94,80,0,106,328,290,44040192,44040192,CPU,0.0,0.0,0,0
93628138890,0,oracle_growth,reload,value_ranked_admission,18650505216,2589982720,2815858769,2422210560,0,0,18650505216,0.9880339326786743,0.9197843118104195,0.98,0.94,80,0,187,62,55,8388608,8388608,CPU,0.0,0.0,0,0
93736802136,0,oracle_growth,admission,value_ranked_working_set,18547744768,2487222272,2815858769,2422210560,0,56623104,18604367872,0.9855897489470421,0.9033994900615699,0.98,0.94,107,27,-1,0,0,0,0,,0.0,0.0,3,77
93736802136,0,oracle_growth,reload,value_ranked_admission,18648408064,2587885568,2815858769,2327838720,0,0,18648408064,0.9879228334181456,0.9190395471854718,0.98,0.94,77,0,163,320,101,41943040,41943040,CPU,0.0,0.0,0,0
93736802136,0,oracle_growth,reload,value_ranked_admission,18648408064,2587885568,2815858769,2327838720,0,0,18648408064,0.9879228334181456,0.9190395471854718,0.98,0.94,77,0,244,300,1,39845888,39845888,CPU,0.0,0.0,0,0
93736802136,0,oracle_growth,reload,value_ranked_admission,18648408064,2587885568,2815858769,2327838720,0,0,18648408064,0.9879228334181456,0.9190395471854718,0.98,0.94,77,0,249,81,65,12582912,12582912,CPU,0.0,0.0,0,0
95065016761,0,oracle_growth,trigger,forecast_above_trigger,18759557120,2699034624,2815858769,2327838720,0,60817408,18820374528,0.997032972781502,0.9801102464311838,0.98,0.94,107,30,-1,0,0,0,0,,0.0,0.0,107,0
95065016761,0,oracle_growth,spill,proactive_target_headroom,18711322624,2650800128,2815858769,2376073216,0,60817408,18772140032,0.9944776897893411,0.9629806600573866,0.98,0.94,107,29,106,359,321,48234496,48234496,CPU,2.842334419371111e-13,1.3709856818181818e-05,0,0
95065016761,0,oracle_growth,spill,proactive_target_headroom,18698739712,2638217216,2815858769,2388656128,0,58720256,18757459968,0.99369999496564,0.9577673076827526,0.98,0.94,107,28,187,93,86,12582912,12582912,CPU,3.903597051447088e-12,5.7305054545454546e-05,0,0
95065016761,0,oracle_growth,spill,proactive_target_headroom,18585493504,2524971008,2815858769,2501902336,0,56623104,18642116608,0.9875895356365594,0.9168052533106287,0.98,0.94,107,27,209,853,202,113246208,113246208,CPU,3.905793142712806e-12,0.00045050730454545456,0,0
95065016761,0,oracle_growth,admission,value_ranked_working_set,18585493504,2524971008,2815858769,2501902336,0,56623104,18642116608,0.9875895356365594,0.9168052533106287,0.98,0.94,107,27,-1,0,0,0,0,,0.0,0.0,2,78
95065016761,0,oracle_growth,reload,value_ranked_admission,18650505216,2589982720,2815858769,2441084928,0,0,18650505216,0.9880339326786743,0.9197843118104195,0.98,0.94,78,0,114,277,243,37748736,37748736,CPU,0.0,0.0,0,0
95065016761,0,oracle_growth,reload,value_ranked_admission,18650505216,2589982720,2815858769,2441084928,0,0,18650505216,0.9880339326786743,0.9197843118104195,0.98,0.94,78,0,199,166,151,23068672,23068672,CPU,0.0,0.0,0,0
96212387747,0,oracle_growth,trigger,forecast_above_trigger,18761654272,2701131776,2815858769,2441084928,0,60817408,18822471680,0.9971440720420308,0.9808550110561316,0.98,0.94,107,29,-1,0,0,0,0,,0.0,0.0,107,0
96212387747,0,oracle_growth,spill,proactive_target_headroom,18742779904,2682257408,2815858769,2459959296,0,58720256,18801500160,0.9960330794367434,0.9734073648066545,0.98,0.94,107,28,249,140,124,18874368,18874368,CPU,3.328125368465077e-12,6.979584772727273e-05,0,0
96212387747,0,oracle_growth,spill,proactive_target_headroom,18545647616,2485125120,2815858769,2657091584,0,56623104,18602270720,0.9854786496865134,0.9026547254366222,0.98,0.94,107,27,233,1499,205,197132288,197132288,CPU,3.373619837053655e-12,0.000672124390909091,0,0
96212387747,0,oracle_growth,admission,value_ranked_working_set,18545647616,2485125120,2815858769,2657091584,0,56623104,18602270720,0.9854786496865134,0.9026547254366222,0.98,0.94,107,27,-1,0,0,0,0,,0.0,0.0,3,77
96212387747,0,oracle_growth,reload,value_ranked_admission,18644213760,2583691264,2815858769,2560622592,0,0,18644213760,0.9877006348970881,0.9175500179355763,0.98,0.94,77,0,231,258,4,35651584,35651584,CPU,0.0,0.0,0,0
96212387747,0,oracle_growth,reload,value_ranked_admission,18644213760,2583691264,2815858769,2560622592,0,0,18644213760,0.9877006348970881,0.9175500179355763,0.98,0.94,77,0,212,258,11,35651584,35651584,CPU,0.0,0.0,0,0
96212387747,0,oracle_growth,reload,value_ranked_admission,18644213760,2583691264,2815858769,2560622592,0,0,18644213760,0.9877006348970881,0.9175500179355763,0.98,0.94,77,0,192,183,64,25165824,25165824,CPU,0.0,0.0,0,0
96686450216,0,oracle_growth,admission,value_ranked_working_set,18610659328,2550136832,2815858769,2560622592,0,60817408,18671476736,0.9891449252839617,0.9272319580598966,0.98,0.94,106,29,-1,0,0,0,0,,0.0,0.0,2,75
96686450216,0,oracle_growth,reload,value_ranked_admission,18646310912,2585788416,2815858769,2529165312,0,0,18646310912,0.9878117341576169,0.9182947825605241,0.98,0.94,75,0,170,190,65,25165824,25165824,CPU,0.0,0.0,0,0
96686450216,0,oracle_growth,reload,value_ranked_admission,18646310912,2585788416,2815858769,2529165312,0,0,18646310912,0.9878117341576169,0.9182947825605241,0.98,0.94,75,0,238,46,3,6291456,6291456,CPU,0.0,0.0,0,0
96868103020,0,oracle_growth,admission,value_ranked_working_set,18558230528,2497708032,2815858769,2529165312,0,62914560,18621145088,0.986478543031272,0.9093576070611515,0.98,0.94,105,30,-1,0,0,0,0,,0.0,0.0,4,71
96868103020,0,oracle_growth,reload,value_ranked_admission,18640019456,2579496960,2815858769,2451570688,0,0,18640019456,0.9874784363760307,0.9160604886856809,0.98,0.94,71,0,190,179,117,25165824,25165824,CPU,0.0,0.0,0,0
96868103020,0,oracle_growth,reload,value_ranked_admission,18640019456,2579496960,2815858769,2451570688,0,0,18640019456,0.9874784363760307,0.9160604886856809,0.98,0.94,71,0,195,161,148,23068672,23068672,CPU,0.0,0.0,0,0
96868103020,0,oracle_growth,reload,value_ranked_admission,18640019456,2579496960,2815858769,2451570688,0,0,18640019456,0.9874784363760307,0.9160604886856809,0.98,0.94,71,0,168,152,92,20971520,20971520,CPU,0.0,0.0,0,0
96868103020,0,oracle_growth,reload,value_ranked_admission,18640019456,2579496960,2815858769,2451570688,0,0,18640019456,0.9874784363760307,0.9160604886856809,0.98,0.94,71,0,150,54,39,8388608,8388608,CPU,0.0,0.0,0,0
97352624137,0,oracle_growth,admission,value_ranked_working_set,18623242240,2562719744,2815858769,2451570688,0,62914560,18686156800,0.9899226201076629,0.9324453104345305,0.98,0.94,103,32,-1,0,0,0,0,,0.0,0.0,1,70
97352624137,0,oracle_growth,reload,value_ranked_admission,18646310912,2585788416,2815858769,2432696320,0,0,18646310912,0.9878117341576169,0.9182947825605241,0.98,0.94,70,0,193,134,62,18874368,18874368,CPU,0.0,0.0,0,0
97510931367,0,oracle_growth,admission,value_ranked_working_set,18451275776,2390753280,2815858769,2432696320,0,60817408,18512093184,0.9807013814837777,0.8706298465638708,0.98,0.94,101,31,-1,0,0,0,0,,0.0,0.0,3,67
97510931367,0,oracle_growth,reload,value_ranked_admission,18644213760,2583691264,2815858769,2243952640,0,0,18644213760,0.9877006348970881,0.9175500179355763,0.98,0.94,67,0,194,771,216,102760448,102760448,CPU,0.0,0.0,0,0
97510931367,0,oracle_growth,reload,value_ranked_admission,18644213760,2583691264,2815858769,2243952640,0,0,18644213760,0.9877006348970881,0.9175500179355763,0.98,0.94,67,0,129,630,425,83886080,83886080,CPU,0.0,0.0,0,0
97510931367,0,oracle_growth,reload,value_ranked_admission,18644213760,2583691264,2815858769,2243952640,0,0,18644213760,0.9877006348970881,0.9175500179355763,0.98,0.94,67,0,246,8,1,2097152,2097152,CPU,0.0,0.0,0,0
97537484262,0,oracle_growth,admission,value_ranked_working_set,18522578944,2462056448,2815858769,2243952640,0,67108864,18589687808,0.984812054123341,0.898186137686936,0.98,0.94,100,33,-1,0,0,0,0,,0.0,0.0,6,61
97537484262,0,oracle_growth,reload,value_ranked_admission,18629533696,2569011200,2815858769,2139095040,0,0,18629533696,0.986922940073387,0.9123366655609424,0.98,0.94,61,0,185,151,120,20971520,20971520,CPU,0.0,0.0,0,0
97537484262,0,oracle_growth,reload,value_ranked_admission,18629533696,2569011200,2815858769,2139095040,0,0,18629533696,0.986922940073387,0.9123366655609424,0.98,0.94,61,0,125,157,143,20971520,20971520,CPU,0.0,0.0,0,0
97537484262,0,oracle_growth,reload,value_ranked_admission,18629533696,2569011200,2815858769,2139095040,0,0,18629533696,0.986922940073387,0.9123366655609424,0.98,0.94,61,0,183,146,47,20971520,20971520,CPU,0.0,0.0,0,0
97537484262,0,oracle_growth,reload,value_ranked_admission,18629533696,2569011200,2815858769,2139095040,0,0,18629533696,0.986922940073387,0.9123366655609424,0.98,0.94,61,0,218,136,3,18874368,18874368,CPU,0.0,0.0,0,0
97537484262,0,oracle_growth,reload,value_ranked_admission,18629533696,2569011200,2815858769,2139095040,0,0,18629533696,0.986922940073387,0.9123366655609424,0.98,0.94,61,0,198,131,125,18874368,18874368,CPU,0.0,0.0,0,0
97537484262,0,oracle_growth,reload,value_ranked_admission,18629533696,2569011200,2815858769,2139095040,0,0,18629533696,0.986922940073387,0.9123366655609424,0.98,0.94,61,0,245,23,2,4194304,4194304,CPU,0.0,0.0,0,0
97643887802,0,oracle_growth,admission,value_ranked_working_set,18514190336,2453667840,2815858769,2139095040,0,79691776,18593882112,0.9850342526443985,0.8996756669368314,0.98,0.94,99,38,-1,0,0,0,0,,0.0,0.0,4,57
97643887802,0,oracle_growth,reload,value_ranked_admission,18621145088,2560622592,2815858769,2036334592,0,0,18621145088,0.986478543031272,0.9093576070611515,0.98,0.94,57,0,130,142,132,18874368,18874368,CPU,0.0,0.0,0,0
97643887802,0,oracle_growth,reload,value_ranked_admission,18621145088,2560622592,2815858769,2036334592,0,0,18621145088,0.986478543031272,0.9093576070611515,0.98,0.94,57,0,131,141,131,18874368,18874368,CPU,0.0,0.0,0,0
97643887802,0,oracle_growth,reload,value_ranked_admission,18621145088,2560622592,2815858769,2036334592,0,0,18621145088,0.986478543031272,0.9093576070611515,0.98,0.94,57,0,104,363,313,48234496,48234496,CPU,0.0,0.0,0,0
97643887802,0,oracle_growth,reload,value_ranked_admission,18621145088,2560622592,2815858769,2036334592,0,0,18621145088,0.986478543031272,0.9093576070611515,0.98,0.94,57,0,225,128,72,16777216,16777216,CPU,0.0,0.0,0,0
97930370044,0,oracle_growth,admission,value_ranked_working_set,18482733056,2422210560,2815858769,2036334592,0,79691776,18562424832,0.9833677637364674,0.8885041975626158,0.98,0.94,97,40,-1,0,0,0,0,,0.0,0.0,5,52
97930370044,0,oracle_growth,reload,value_ranked_admission,18627436544,2566914048,2815858769,1900019712,0,0,18627436544,0.9868118408128582,0.9115919009359947,0.98,0.94,52,0,133,252,227,33554432,33554432,CPU,0.0,0.0,0,0
97930370044,0,oracle_growth,reload,value_ranked_admission,18627436544,2566914048,2815858769,1900019712,0,0,18627436544,0.9868118408128582,0.9115919009359947,0.98,0.94,52,0,136,562,386,75497472,75497472,CPU,0.0,0.0,0,0
97930370044,0,oracle_growth,reload,value_ranked_admission,18627436544,2566914048,2815858769,1900019712,0,0,18627436544,0.9868118408128582,0.9115919009359947,0.98,0.94,52,0,187,93,86,12582912,12582912,CPU,0.0,0.0,0,0
97930370044,0,oracle_growth,reload,value_ranked_admission,18627436544,2566914048,2815858769,1900019712,0,0,18627436544,0.9868118408128582,0.9115919009359947,0.98,0.94,52,0,236,79,2,10485760,10485760,CPU,0.0,0.0,0,0
97930370044,0,oracle_growth,reload,value_ranked_admission,18627436544,2566914048,2815858769,1900019712,0,0,18627436544,0.9868118408128582,0.9115919009359947,0.98,0.94,52,0,224,32,8,4194304,4194304,CPU,0.0,0.0,0,0
98062140734,0,oracle_growth,admission,value_ranked_working_set,18474344448,2413821952,2815858769,1900019712,0,85983232,18560327680,0.9832566644759387,0.887759432937668,0.98,0.94,95,43,-1,0,0,0,0,,0.0,0.0,4,48
98062140734,0,oracle_growth,reload,value_ranked_admission,18621145088,2560622592,2815858769,1763704832,0,0,18621145088,0.986478543031272,0.9093576070611515,0.98,0.94,48,0,209,853,202,113246208,113246208,CPU,0.0,0.0,0,0
98062140734,0,oracle_growth,reload,value_ranked_admission,18621145088,2560622592,2815858769,1763704832,0,0,18621145088,0.986478543031272,0.9093576070611515,0.98,0.94,48,0,230,69,5,10485760,10485760,CPU,0.0,0.0,0,0
98062140734,0,oracle_growth,reload,value_ranked_admission,18621145088,2560622592,2815858769,1763704832,0,0,18621145088,0.986478543031272,0.9093576070611515,0.98,0.94,48,0,202,34,11,6291456,6291456,CPU,0.0,0.0,0,0
98062140734,0,oracle_growth,reload,value_ranked_admission,18621145088,2560622592,2815858769,1763704832,0,0,18621145088,0.986478543031272,0.9093576070611515,0.98,0.94,48,0,171,45,29,6291456,6291456,CPU,0.0,0.0,0,0
98304807422,0,oracle_growth,admission,value_ranked_working_set,18499510272,2438987776,2815858769,1763704832,0,92274688,18591784960,0.9849231533838697,0.8989309023118837,0.98,0.94,93,45,-1,0,0,0,0,,0.0,0.0,4,44
98304807422,0,oracle_growth,reload,value_ranked_admission,18606465024,2545942528,2815858769,1658847232,0,0,18606465024,0.9857008482075709,0.9041442546865176,0.98,0.94,44,0,91,665,653,88080384,88080384,CPU,0.0,0.0,0,0
98304807422,0,oracle_growth,reload,value_ranked_admission,18606465024,2545942528,2815858769,1658847232,0,0,18606465024,0.9857008482075709,0.9041442546865176,0.98,0.94,44,0,167,47,28,6291456,6291456,CPU,0.0,0.0,0,0
98304807422,0,oracle_growth,reload,value_ranked_admission,18606465024,2545942528,2815858769,1658847232,0,0,18606465024,0.9857008482075709,0.9041442546865176,0.98,0.94,44,0,158,33,8,6291456,6291456,CPU,0.0,0.0,0,0
98304807422,0,oracle_growth,reload,value_ranked_admission,18606465024,2545942528,2815858769,1658847232,0,0,18606465024,0.9857008482075709,0.9041442546865176,0.98,0.94,44,0,226,21,2,4194304,4194304,CPU,0.0,0.0,0,0
98330957555,0,oracle_growth,admission,value_ranked_working_set,18570813440,2510290944,2815858769,1658847232,0,98566144,18669379584,0.989033826023433,0.9264871934349489,0.98,0.94,92,48,-1,0,0,0,0,,0.0,0.0,4,40
98330957555,0,oracle_growth,reload,value_ranked_admission,18610659328,2550136832,2815858769,1629487104,0,0,18610659328,0.9859230467286284,0.905633783936413,0.98,0.94,40,0,249,140,124,18874368,18874368,CPU,0.0,0.0,0,0
98330957555,0,oracle_growth,reload,value_ranked_admission,18610659328,2550136832,2815858769,1629487104,0,0,18610659328,0.9859230467286284,0.905633783936413,0.98,0.94,40,0,227,32,1,4194304,4194304,CPU,0.0,0.0,0,0
98330957555,0,oracle_growth,reload,value_ranked_admission,18610659328,2550136832,2815858769,1629487104,0,0,18610659328,0.9859230467286284,0.905633783936413,0.98,0.94,40,0,217,25,5,4194304,4194304,CPU,0.0,0.0,0,0
98330957555,0,oracle_growth,reload,value_ranked_admission,18610659328,2550136832,2815858769,1629487104,0,0,18610659328,0.9859230467286284,0.905633783936413,0.98,0.94,40,0,248,10,1,2097152,2097152,CPU,0.0,0.0,0,0
98435558087,0,oracle_growth,admission,value_ranked_working_set,18516287488,2455764992,2815858769,1629487104,0,104857600,18621145088,0.986478543031272,0.9093576070611515,0.98,0.94,91,51,-1,0,0,0,0,,0.0,0.0,8,32
98435558087,0,oracle_growth,reload,value_ranked_admission,18595979264,2535456768,2815858769,1560281088,0,0,18595979264,0.9851453519049272,0.9004204315617791,0.98,0.94,32,0,103,312,286,41943040,41943040,CPU,0.0,0.0,0,0
98435558087,0,oracle_growth,reload,value_ranked_admission,18595979264,2535456768,2815858769,1560281088,0,0,18595979264,0.9851453519049272,0.9004204315617791,0.98,0.94,32,0,206,29,6,4194304,4194304,CPU,0.0,0.0,0,0
98435558087,0,oracle_growth,reload,value_ranked_admission,18595979264,2535456768,2815858769,1560281088,0,0,18595979264,0.9851453519049272,0.9004204315617791,0.98,0.94,32,0,204,20,5,4194304,4194304,CPU,0.0,0.0,0,0
98435558087,0,oracle_growth,reload,value_ranked_admission,18595979264,2535456768,2815858769,1560281088,0,0,18595979264,0.9851453519049272,0.9004204315617791,0.98,0.94,32,0,205,26,5,4194304,4194304,CPU,0.0,0.0,0,0
98435558087,0,oracle_growth,reload,value_ranked_admission,18595979264,2535456768,2815858769,1560281088,0,0,18595979264,0.9851453519049272,0.9004204315617791,0.98,0.94,32,0,176,24,13,4194304,4194304,CPU,0.0,0.0,0,0
98435558087,0,oracle_growth,reload,value_ranked_admission,18595979264,2535456768,2815858769,1560281088,0,0,18595979264,0.9851453519049272,0.9004204315617791,0.98,0.94,32,0,153,19,11,4194304,4194304,CPU,0.0,0.0,0,0
98435558087,0,oracle_growth,reload,value_ranked_admission,18595979264,2535456768,2815858769,1560281088,0,0,18595979264,0.9851453519049272,0.9004204315617791,0.98,0.94,32,0,155,20,11,4194304,4194304,CPU,0.0,0.0,0,0
98435558087,0,oracle_growth,reload,value_ranked_admission,18595979264,2535456768,2815858769,1560281088,0,0,18595979264,0.9851453519049272,0.9004204315617791,0.98,0.94,32,0,241,13,1,2097152,2097152,CPU,0.0,0.0,0,0
98655322033,0,oracle_growth,admission,value_ranked_working_set,18524676096,2464153600,2815858769,1560281088,0,113246208,18637922304,0.987367337115502,0.9153157240607332,0.98,0.94,89,57,-1,0,0,0,0,,0.0,0.0,6,26
98655322033,0,oracle_growth,reload,value_ranked_admission,18593882112,2533359616,2815858769,1501560832,0,0,18593882112,0.9850342526443985,0.8996756669368314,0.98,0.94,26,0,211,354,15,48234496,48234496,CPU,0.0,0.0,0,0
98655322033,0,oracle_growth,reload,value_ranked_admission,18593882112,2533359616,2815858769,1501560832,0,0,18593882112,0.9850342526443985,0.8996756669368314,0.98,0.94,26,0,229,13,11,2097152,2097152,CPU,0.0,0.0,0,0
98655322033,0,oracle_growth,reload,value_ranked_admission,18593882112,2533359616,2815858769,1501560832,0,0,18593882112,0.9850342526443985,0.8996756669368314,0.98,0.94,26,0,220,12,2,2097152,2097152,CPU,0.0,0.0,0,0
98655322033,0,oracle_growth,reload,value_ranked_admission,18593882112,2533359616,2815858769,1501560832,0,0,18593882112,0.9850342526443985,0.8996756669368314,0.98,0.94,26,0,203,15,7,2097152,2097152,CPU,0.0,0.0,0,0
98655322033,0,oracle_growth,reload,value_ranked_admission,18593882112,2533359616,2815858769,1501560832,0,0,18593882112,0.9850342526443985,0.8996756669368314,0.98,0.94,26,0,207,15,1,2097152,2097152,CPU,0.0,0.0,0,0
98655322033,0,oracle_growth,reload,value_ranked_admission,18593882112,2533359616,2815858769,1501560832,0,0,18593882112,0.9850342526443985,0.8996756669368314,0.98,0.94,26,0,208,11,1,2097152,2097152,CPU,0.0,0.0,0,0
98681648216,0,oracle_growth,admission,value_ranked_working_set,18419818496,2359296000,2815858769,1501560832,0,121634816,18541453312,0.98225677113118,0.8810565513131386,0.98,0.94,86,60,-1,0,0,0,0,,0.0,0.0,2,24
98681648216,0,oracle_growth,reload,value_ranked_admission,18589687808,2529165312,2815858769,1340080128,0,0,18589687808,0.984812054123341,0.898186137686936,0.98,0.94,24,0,197,861,255,113246208,113246208,CPU,0.0,0.0,0,0
98681648216,0,oracle_growth,reload,value_ranked_admission,18589687808,2529165312,2815858769,1340080128,0,0,18589687808,0.984812054123341,0.898186137686936,0.98,0.94,24,0,108,366,293,48234496,48234496,CPU,0.0,0.0,0,0
99001904112,0,oracle_growth,admission,value_ranked_working_set,18520481792,2459959296,2815858769,1340080128,0,115343360,18635825152,0.9872562378549732,0.9145709594357856,0.98,0.94,82,58,-1,0,0,0,0,,0.0,0.0,3,21
99001904112,0,oracle_growth,reload,value_ranked_admission,18585493504,2524971008,2815858769,1281359872,0,0,18585493504,0.9845898556022835,0.8966966084370406,0.98,0.94,21,0,214,405,33,54525952,54525952,CPU,0.0,0.0,0,0
99001904112,0,oracle_growth,reload,value_ranked_admission,18585493504,2524971008,2815858769,1281359872,0,0,18585493504,0.9845898556022835,0.8966966084370406,0.98,0.94,21,0,164,16,6,2097152,2097152,CPU,0.0,0.0,0,0
99001904112,0,oracle_growth,reload,value_ranked_admission,18585493504,2524971008,2815858769,1281359872,0,0,18585493504,0.9845898556022835,0.8966966084370406,0.98,0.94,21,0,157,13,9,2097152,2097152,CPU,0.0,0.0,0,0
99029315720,0,oracle_growth,admission,value_ranked_working_set,18470150144,2409627648,2815858769,1281359872,0,119537664,18589687808,0.984812054123341,0.898186137686936,0.98,0.94,81,60,-1,0,0,0,0,,0.0,0.0,2,19
99029315720,0,oracle_growth,reload,value_ranked_admission,18593882112,2533359616,2815858769,1170210816,0,0,18593882112,0.9850342526443985,0.8996756669368314,0.98,0.94,19,0,191,709,240,94371840,94371840,CPU,0.0,0.0,0,0
99029315720,0,oracle_growth,reload,value_ranked_admission,18593882112,2533359616,2815858769,1170210816,0,0,18593882112,0.9850342526443985,0.8996756669368314,0.98,0.94,19,0,189,116,43,16777216,16777216,CPU,0.0,0.0,0,0
99055678146,0,oracle_growth,admission,value_ranked_working_set,18564521984,2503999488,2815858769,1170210816,0,121634816,18686156800,0.9899226201076629,0.9324453104345305,0.98,0.94,80,61,-1,0,0,0,0,,0.0,0.0,1,18
99055678146,0,oracle_growth,reload,value_ranked_admission,18587590656,2527068160,2815858769,1151336448,0,0,18587590656,0.9847009548628123,0.8974413730619882,0.98,0.94,18,0,196,133,125,18874368,18874368,CPU,0.0,0.0,0,0
99299907393,0,oracle_growth,admission,value_ranked_working_set,18558230528,2497708032,2815858769,1151336448,0,117440512,18675671040,0.9893671238050192,0.928721487309792,0.98,0.94,77,59,-1,0,0,0,0,,0.0,0.0,1,17
99299907393,0,oracle_growth,reload,value_ranked_admission,18591784960,2531262464,2815858769,1126170624,0,0,18591784960,0.9849231533838697,0.8989309023118837,0.98,0.94,17,0,107,188,172,25165824,25165824,CPU,0.0,0.0,0,0
99336936507,0,oracle_growth,admission,value_ranked_working_set,18486927360,2426404864,2815858769,1126170624,0,119537664,18606465024,0.9857008482075709,0.9041442546865176,0.98,0.94,76,59,-1,0,0,0,0,,0.0,0.0,3,14
99336936507,0,oracle_growth,reload,value_ranked_admission,18711322624,2650800128,2815858769,1029701632,0,0,18711322624,0.9912558112340077,0.9413824859339031,0.98,0.94,14,0,77,420,411,56623104,56623104,CPU,0.0,0.0,0,0
99336936507,0,oracle_growth,reload,value_ranked_admission,18711322624,2650800128,2815858769,1029701632,0,0,18711322624,0.9912558112340077,0.9413824859339031,0.98,0.94,14,0,115,163,158,23068672,23068672,CPU,0.0,0.0,0,0
99336936507,0,oracle_growth,reload,value_ranked_admission,18711322624,2650800128,2815858769,1029701632,0,0,18711322624,0.9912558112340077,0.9413824859339031,0.98,0.94,14,0,186,124,26,16777216,16777216,CPU,0.0,0.0,0,0
99389807286,0,oracle_growth,admission,value_ranked_working_set,18558230528,2497708032,2815858769,1029701632,0,119537664,18677768192,0.9894782230655479,0.9294662519347398,0.98,0.94,75,61,-1,0,0,0,0,,0.0,0.0,1,13
99389807286,0,oracle_growth,reload,value_ranked_admission,18616950784,2556428288,2815858769,1000341504,0,0,18616950784,0.9862563445102146,0.9078680778112561,0.98,0.94,13,0,111,214,207,29360128,29360128,CPU,0.0,0.0,0,0
99503550352,0,oracle_growth,admission,value_ranked_working_set,18566619136,2506096640,2815858769,1000341504,0,117440512,18684059648,0.9898115208471342,0.9317005458095828,0.98,0.94,74,61,-1,0,0,0,0,,0.0,0.0,1,12
99503550352,0,oracle_growth,reload,value_ranked_admission,18587590656,2527068160,2815858769,985661440,0,0,18587590656,0.9847009548628123,0.8974413730619882,0.98,0.94,12,0,132,98,90,14680064,14680064,CPU,0.0,0.0,0,0
99558082510,0,oracle_growth,admission,value_ranked_working_set,18556133376,2495610880,2815858769,985661440,0,117440512,18673573888,0.9892560245444905,0.9279767226848443,0.98,0.94,72,60,-1,0,0,0,0,,0.0,0.0,1,11
99558082510,0,oracle_growth,reload,value_ranked_admission,18591784960,2531262464,2815858769,954204160,0,0,18591784960,0.9849231533838697,0.8989309023118837,0.98,0.94,11,0,173,232,119,31457280,31457280,CPU,0.0,0.0,0,0
99627125877,0,oracle_growth,admission,value_ranked_working_set,18522578944,2462056448,2815858769,954204160,0,117440512,18640019456,0.9874784363760307,0.9160604886856809,0.98,0.94,69,58,-1,0,0,0,0,,0.0,0.0,1,10
99627125877,0,oracle_growth,reload,value_ranked_admission,18575007744,2514485248,2815858769,910163968,0,0,18575007744,0.9840343592996399,0.892972785312302,0.98,0.94,10,0,118,331,248,44040192,44040192,CPU,0.0,0.0,0,0
99711681189,0,oracle_growth,admission,value_ranked_working_set,18522578944,2462056448,2815858769,910163968,0,119537664,18642116608,0.9875895356365594,0.9168052533106287,0.98,0.94,68,58,-1,0,0,0,0,,0.0,0.0,1,9
99711681189,0,oracle_growth,reload,value_ranked_admission,18602270720,2541748224,2815858769,849346560,0,0,18602270720,0.9854786496865134,0.9026547254366222,0.98,0.94,9,0,120,450,312,60817408,60817408,CPU,0.0,0.0,0,0
99792280918,0,oracle_growth,trigger,forecast_above_trigger,18702934016,2642411520,2815858769,849346560,0,121634816,18824568832,0.9972551713025595,0.9815997756810793,0.98,0.94,69,60,-1,0,0,0,0,,0.0,0.0,69,0
99792280918,0,oracle_growth,spill,proactive_target_headroom,18658893824,2598371328,2815858769,893386752,0,119537664,18778431488,0.9948109875709273,0.9652149539322297,0.98,0.94,69,59,118,336,253,44040192,44040192,CPU,5.426533951247033e-13,2.5036586363636362e-05,0,0
99792280918,0,oracle_growth,spill,proactive_target_headroom,18637922304,2577399808,2815858769,914358272,0,119537664,18757459968,0.99369999496564,0.9577673076827526,0.98,0.94,69,58,238,154,111,20971520,20971520,CPU,5.688374692743475e-13,1.1929386363636363e-05,0,0
99792280918,0,oracle_growth,spill,proactive_target_headroom,18577104896,2516582400,2815858769,975175680,0,119537664,18696642560,0.9904781164103066,0.9361691335592691,0.98,0.94,69,57,120,452,314,60817408,60817408,CPU,8.526118571481734e-13,5.185364318181818e-05,0,0
99924643332,0,oracle_growth,admission,value_ranked_working_set,18568716288,2508193792,2815858769,975175680,0,115343360,18684059648,0.9898115208471342,0.9317005458095828,0.98,0.94,68,56,-1,0,0,0,0,,0.0,0.0,1,11
99924643332,0,oracle_growth,reload,value_ranked_admission,18602270720,2541748224,2815858769,954204160,0,0,18602270720,0.9854786496865134,0.9026547254366222,0.98,0.94,11,0,238,154,111,20971520,20971520,CPU,0.0,0.0,0,0
100056411446,0,oracle_growth,admission,value_ranked_working_set,18514190336,2453667840,2815858769,954204160,0,113246208,18627436544,0.9868118408128582,0.9115919009359947,0.98,0.94,66,55,-1,0,0,0,0,,0.0,0.0,1,10
100056411446,0,oracle_growth,reload,value_ranked_admission,18709225472,2648702976,2815858769,878706688,0,0,18709225472,0.991144711973479,0.9406377213089553,0.98,0.94,10,0,122,566,286,75497472,75497472,CPU,0.0,0.0,0,0
100082931252,0,oracle_growth,trigger,forecast_above_trigger,18709225472,2648702976,2815858769,878706688,0,115343360,18824568832,0.9972551713025595,0.9815997756810793,0.98,0.94,67,57,-1,0,0,0,0,,0.0,0.0,67,0
100082931252,0,oracle_growth,spill,proactive_target_headroom,18633728000,2573205504,2815858769,954204160,0,115343360,18749071360,0.993255597923525,0.9547882491829618,0.98,0.94,67,56,122,567,287,75497472,75497472,CPU,1.989273802198545e-12,0.00015018514318181818,0,0
100082931252,0,oracle_growth,spill,proactive_target_headroom,18568716288,2508193792,2815858769,1019215872,0,115343360,18684059648,0.9898115208471342,0.9317005458095828,0.98,0.94,67,55,152,487,303,65011712,65011712,CPU,1.9893766148698646e-12,0.00012933277954545454,0,0
100374745185,0,oracle_growth,trigger,forecast_above_trigger,18807791616,2747269120,2815858769,1019215872,0,119537664,18927329280,1.0026990350684677,1.018093242303517,0.98,0.94,70,58,-1,0,0,0,0,,0.0,0.0,70,0
100374745185,0,oracle_growth,spill,proactive_target_headroom,18627436544,2566914048,2815858769,1199570944,0,119537664,18746974208,0.9931444986629963,0.954043484558014,0.98,0.94,70,57,162,1363,617,180355072,180355072,CPU,1.7047741700428484e-12,0.00030746466818181817,0,0
100374745185,0,oracle_growth,spill,proactive_target_headroom,18623242240,2562719744,2815858769,1203765248,0,117440512,18740682752,0.9928112008814101,0.9518091906831709,0.98,0.94,70,56,254,23,4,4194304,4194304,CPU,3.0477870594371447e-12,1.917501818181818e-05,0,0
100374745185,0,oracle_growth,spill,proactive_target_headroom,18551939072,2491416576,2815858769,1275068416,0,115343360,18667282432,0.9889227267629043,0.9257424288100011,0.98,0.94,70,55,172,539,314,71303168,71303168,CPU,3.3128122849897908e-12,0.00024316148181818183,0,0
100374745185,0,oracle_growth,admission,value_ranked_working_set,18551939072,2491416576,2815858769,1275068416,0,115343360,18667282432,0.9889227267629043,0.9257424288100011,0.98,0.94,70,55,-1,0,0,0,0,,0.0,0.0,1,14
100374745185,0,oracle_growth,reload,value_ranked_admission,18558230528,2497708032,2815858769,1270874112,0,0,18558230528,0.98314556521541,0.8870146683127204,0.98,0.94,14,0,254,23,4,4194304,4194304,CPU,0.0,0.0,0,0
100588013644,0,oracle_growth,trigger,forecast_above_trigger,18763751424,2703228928,2815858769,1270874112,0,119537664,18883289088,1.000365950597364,1.002453185179615,0.98,0.94,72,58,-1,0,0,0,0,,0.0,0.0,72,0
100588013644,0,oracle_growth,spill,proactive_target_headroom,18623242240,2562719744,2815858769,1411383296,0,119537664,18742779904,0.9929223001419388,0.9525539553081187,0.98,0.94,72,57,166,1060,624,140509184,140509184,CPU,1.4206991913845938e-12,0.0001996212840909091,0,0
100588013644,0,oracle_growth,spill,proactive_target_headroom,18619047936,2558525440,2815858769,1415577600,0,117440512,18736488448,0.9925890023603525,0.9503196614332755,0.98,0.94,72,56,254,31,12,4194304,4194304,CPU,3.0477870594371447e-12,1.917501818181818e-05,0,0
100588013644,0,oracle_growth,spill,proactive_target_headroom,18608562176,2548039680,2815858769,1426063360,0,115343360,18723905536,0.9919224067971801,0.9458510736835892,0.98,0.94,72,55,220,80,70,10485760,10485760,CPU,3.796620802445845e-12,4.777254545454545e-05,0,0
100588013644,0,oracle_growth,spill,proactive_target_headroom,18598076416,2537553920,2815858769,1436549120,0,113246208,18711322624,0.9912558112340077,0.9413824859339031,0.98,0.94,72,54,208,79,69,10485760,10485760,CPU,3.796620802445845e-12,4.777254545454545e-05,0,0
100588013644,0,oracle_growth,spill,proactive_target_headroom,18587590656,2527068160,2815858769,1447034880,0,111149056,18698739712,0.9905892156708354,0.9369138981842168,0.98,0.94,72,53,164,71,61,10485760,10485760,CPU,3.796620802445845e-12,4.777254545454545e-05,0,0
100588013644,0,oracle_growth,admission,value_ranked_working_set,18587590656,2527068160,2815858769,1447034880,0,111149056,18698739712,0.9905892156708354,0.9369138981842168,0.98,0.94,72,53,-1,0,0,0,0,,0.0,0.0,1,18
100588013644,0,oracle_growth,reload,value_ranked_admission,18711322624,2650800128,2815858769,1442840576,0,0,18711322624,0.9912558112340077,0.9413824859339031,0.98,0.94,18,0,254,31,12,4194304,4194304,CPU,0.0,0.0,0,0
100642106281,0,oracle_growth,trigger,forecast_above_trigger,18711322624,2650800128,2815858769,1442840576,0,115343360,18826665984,0.9973662705630882,0.982344540306027,0.98,0.94,73,55,-1,0,0,0,0,,0.0,0.0,73,0
100642106281,0,oracle_growth,spill,proactive_target_headroom,18707128320,2646605824,2815858769,1447034880,0,113246208,18820374528,0.997032972781502,0.9801102464311838,0.98,0.94,73,54,254,32,13,4194304,4194304,CPU,3.0477870594371447e-12,1.917501818181818e-05,0,0
100642106281,0,oracle_growth,spill,proactive_target_headroom,18696642560,2636120064,2815858769,1457520640,0,111149056,18807791616,0.9963663772183297,0.9756416586814975,0.98,0.94,73,53,157,69,65,10485760,10485760,CPU,3.796620802445845e-12,4.777254545454545e-05,0,0
100642106281,0,oracle_growth,spill,proactive_target_headroom,18684059648,2623537152,2815858769,1470103552,0,109051904,18793111552,0.9955886823946285,0.9704283063068636,0.98,0.94,73,52,248,91,82,12582912,12582912,CPU,3.903597051447088e-12,5.7305054545454546e-05,0,0
100642106281,0,oracle_growth,spill,proactive_target_headroom,18671476736,2610954240,2815858769,1482686464,0,106954752,18778431488,0.9948109875709273,0.9652149539322297,0.98,0.94,73,51,153,96,88,12582912,12582912,CPU,3.903597051447088e-12,5.7305054545454546e-05,0,0
100642106281,0,oracle_growth,spill,proactive_target_headroom,18658893824,2598371328,2815858769,1495269376,0,104857600,18763751424,0.9940332927472262,0.9600016015575957,0.98,0.94,73,50,241,90,78,12582912,12582912,CPU,3.903597051447088e-12,5.7305054545454546e-05,0,0
100642106281,0,oracle_growth,spill,proactive_target_headroom,18646310912,2585788416,2815858769,1507852288,0,102760448,18749071360,0.993255597923525,0.9547882491829618,0.98,0.94,73,49,229,82,80,12582912,12582912,CPU,3.903597051447088e-12,5.7305054545454546e-05,0,0
100642106281,0,oracle_growth,spill,proactive_target_headroom,18633728000,2573205504,2815858769,1520435200,0,100663296,18734391296,0.9924779030998239,0.9495748968083279,0.98,0.94,73,48,203,84,76,12582912,12582912,CPU,3.903597051447088e-12,5.7305054545454546e-05,0,0
100642106281,0,oracle_growth,spill,proactive_target_headroom,18621145088,2560622592,2815858769,1533018112,0,98566144,18719711232,0.9917002082761227,0.9443615444336939,0.98,0.94,73,47,207,84,70,12582912,12582912,CPU,3.903597051447088e-12,5.7305054545454546e-05,0,0
100642106281,0,oracle_growth,spill,proactive_target_headroom,18606465024,2545942528,2815858769,1547698176,0,96468992,18702934016,0.9908114141918928,0.9384034274341122,0.98,0.94,73,46,226,103,84,14680064,14680064,CPU,3.9838292381980204e-12,6.683756363636364e-05,0,0
101089793311,0,oracle_growth,trigger,forecast_above_trigger,18753265664,2692743168,2815858769,1547698176,0,98566144,18851831808,0.9986994616894331,0.9912817158053995,0.98,0.94,76,49,-1,0,0,0,0,,0.0,0.0,76,0
101089793311,0,oracle_growth,spill,proactive_target_headroom,18707128320,2646605824,2815858769,1593835520,0,98566144,18805694464,0.9962552779578009,0.9748968940565499,0.98,0.94,76,48,170,345,220,46137344,46137344,CPU,5.684798414056951e-13,2.622815e-05,0,0
101089793311,0,oracle_growth,spill,proactive_target_headroom,18702934016,2642411520,2815858769,1598029824,0,96468992,18799403008,0.9959219801762147,0.9726626001817068,0.98,0.94,76,47,261,23,5,4194304,4194304,CPU,3.0477870594371447e-12,1.917501818181818e-05,0,0
101089793311,0,oracle_growth,spill,proactive_target_headroom,18614853632,2554331136,2815858769,1686110208,0,96468992,18711322624,0.9912558112340077,0.9413824859339031,0.98,0.94,76,46,178,657,404,88080384,88080384,CPU,3.1258585907164076e-12,0.000275326825,0,0
101089793311,0,oracle_growth,spill,proactive_target_headroom,18602270720,2541748224,2815858769,1698693120,0,94371840,18696642560,0.9904781164103066,0.9361691335592691,0.98,0.94,76,45,260,90,15,12582912,12582912,CPU,3.903597051447088e-12,5.7305054545454546e-05,0,0
101089793311,0,oracle_growth,admission,value_ranked_working_set,18602270720,2541748224,2815858769,1698693120,0,94371840,18696642560,0.9904781164103066,0.9361691335592691,0.98,0.94,76,45,-1,0,0,0,0,,0.0,0.0,1,30
101089793311,0,oracle_growth,reload,value_ranked_admission,18614853632,2554331136,2815858769,1694498816,0,0,18614853632,0.9861452452496858,0.9071233131863085,0.98,0.94,30,0,261,23,5,4194304,4194304,CPU,0.0,0.0,0,0
101274748161,0,oracle_growth,trigger,forecast_above_trigger,18734391296,2673868800,2815858769,1694498816,0,102760448,18837151744,0.997921766865732,0.9860683634307655,0.98,0.94,79,49,-1,0,0,0,0,,0.0,0.0,79,0
101274748161,0,oracle_growth,spill,proactive_target_headroom,18730196992,2669674496,2815858769,1698693120,0,100663296,18830860288,0.9975884690841457,0.9838340695559223,0.98,0.94,79,48,261,30,12,4194304,4194304,CPU,3.0477870594371447e-12,1.917501818181818e-05,0,0
101274748161,0,oracle_growth,spill,proactive_target_headroom,18726002688,2665480192,2815858769,1702887424,0,98566144,18824568832,0.9972551713025595,0.9815997756810793,0.98,0.94,79,47,263,25,5,4194304,4194304,CPU,3.0477870594371447e-12,1.917501818181818e-05,0,0
101274748161,0,oracle_growth,spill,proactive_target_headroom,18698739712,2638217216,2815858769,1730150400,0,96468992,18795208704,0.9956997816551572,0.9711730709318114,0.98,0.94,79,46,236,198,121,27262976,27262976,CPU,3.4324272112412885e-12,0.00010077650227272727,0,0
101274748161,0,oracle_growth,spill,proactive_target_headroom,18681962496,2621440000,2815858769,1746927616,0,94371840,18776334336,0.9946998883103986,0.964470189307282,0.98,0.94,79,45,204,120,105,16777216,16777216,CPU,4.046232050115411e-12,7.637007272727272e-05,0,0
101274748161,0,oracle_growth,spill,proactive_target_headroom,18665185280,2604662784,2815858769,1763704832,0,92274688,18757459968,0.99369999496564,0.9577673076827526,0.98,0.94,79,44,205,126,105,16777216,16777216,CPU,4.046232050115411e-12,7.637007272727272e-05,0,0
101274748161,0,oracle_growth,spill,proactive_target_headroom,18648408064,2587885568,2815858769,1780482048,0,90177536,18738585600,0.9927001016208813,0.9510644260582233,0.98,0.94,79,43,176,124,113,16777216,16777216,CPU,4.046232050115411e-12,7.637007272727272e-05,0,0
101274748161,0,oracle_growth,spill,proactive_target_headroom,18631630848,2571108352,2815858769,1797259264,0,88080384,18719711232,0.9917002082761227,0.9443615444336939,0.98,0.94,79,42,155,120,111,16777216,16777216,CPU,4.046232050115411e-12,7.637007272727272e-05,0,0
101274748161,0,oracle_growth,spill,proactive_target_headroom,18614853632,2554331136,2815858769,1814036480,0,85983232,18700836864,0.990700314931364,0.9376586628091644,0.98,0.94,79,41,265,116,1,16777216,16777216,CPU,4.046232050115411e-12,7.637007272727272e-05,0,0
101274748161,0,oracle_growth,admission,value_ranked_working_set,18614853632,2554331136,2815858769,1814036480,0,85983232,18700836864,0.990700314931364,0.9376586628091644,0.98,0.94,79,41,-1,0,0,0,0,,0.0,0.0,1,37
101274748161,0,oracle_growth,reload,value_ranked_admission,18619047936,2558525440,2815858769,1809842176,0,0,18619047936,0.9863674437707433,0.9086128424362039,0.98,0.94,37,0,261,30,12,4194304,4194304,CPU,0.0,0.0,0,0
101756831537,0,oracle_growth,trigger,forecast_above_trigger,18803597312,2743074816,2815858769,1809842176,0,88080384,18891677696,1.0008103476394792,1.0054322436794059,0.98,0.94,80,43,-1,0,0,0,0,,0.0,0.0,80,0
101756831537,0,oracle_growth,spill,proactive_target_headroom,18772140032,2711617536,2815858769,1841299456,0,88080384,18860220416,0.999143858731548,0.9942607743051903,0.98,0.94,80,42,187,230,223,31457280,31457280,CPU,1.1372378378203421e-12,3.577440909090909e-05,0,0
101756831537,0,oracle_growth,spill,proactive_target_headroom,18734391296,2673868800,2815858769,1879048192,0,85983232,18820374528,0.997032972781502,0.9801102464311838,0.98,0.94,80,41,218,287,154,37748736,37748736,CPU,2.154490365936425e-12,8.584758181818182e-05,0,0
101756831537,0,oracle_growth,spill,proactive_target_headroom,18728099840,2667577344,2815858769,1885339648,0,83886080,18811985920,0.9965885757393871,0.977131187931393,0.98,0.94,80,40,261,48,30,6291456,6291456,CPU,3.4222039309414953e-12,2.8707527272727275e-05,0,0
101756831537,0,oracle_growth,spill,proactive_target_headroom,18707128320,2646605824,2815858769,1906311168,0,81788928,18788917248,0.995366483873571,0.9689387770569682,0.98,0.94,80,39,246,160,153,20971520,20971520,CPU,4.136999776540709e-12,9.543509090909091e-05,0,0
101756831537,0,oracle_growth,spill,proactive_target_headroom,18686156800,2625634304,2815858769,1927282688,0,79691776,18765848576,0.9941443920077548,0.9607463661825434,0.98,0.94,80,38,158,156,131,20971520,20971520,CPU,4.136999776540709e-12,9.543509090909091e-05,0,0
101756831537,0,oracle_growth,spill,proactive_target_headroom,18665185280,2604662784,2815858769,1948254208,0,77594624,18742779904,0.9929223001419388,0.9525539553081187,0.98,0.94,80,37,227,154,123,20971520,20971520,CPU,4.136999776540709e-12,9.543509090909091e-05,0,0
101756831537,0,oracle_growth,spill,proactive_target_headroom,18644213760,2583691264,2815858769,1969225728,0,75497472,18719711232,0.9917002082761227,0.9443615444336939,0.98,0.94,80,36,217,147,127,20971520,20971520,CPU,4.136999776540709e-12,9.543509090909091e-05,0,0
101756831537,0,oracle_growth,spill,proactive_target_headroom,18623242240,2562719744,2815858769,1990197248,0,73400320,18696642560,0.9904781164103066,0.9361691335592691,0.98,0.94,80,35,206,147,124,20971520,20971520,CPU,4.136999776540709e-12,9.543509090909091e-05,0,0
101756831537,0,oracle_growth,admission,value_ranked_working_set,18623242240,2562719744,2815858769,1990197248,0,73400320,18696642560,0.9904781164103066,0.9361691335592691,0.98,0.94,80,35,-1,0,0,0,0,,0.0,0.0,1,44
101756831537,0,oracle_growth,reload,value_ranked_admission,18839248896,2778726400,2815858769,1983905792,0,0,18839248896,0.9980328661262606,0.9868131280557132,0.98,0.94,44,0,261,48,30,6291456,6291456,CPU,0.0,0.0,0,0
101783555045,0,oracle_growth,trigger,forecast_above_trigger,18839248896,2778726400,2815858769,1983905792,0,77594624,18916843520,1.002143538765824,1.0143694191787784,0.98,0.94,81,37,-1,0,0,0,0,,0.0,0.0,81,0
101783555045,0,oracle_growth,spill,proactive_target_headroom,18830860288,2770337792,2815858769,1992294400,0,75497472,18906357760,1.0015880424631802,1.01064559605404,0.98,0.94,81,36,261,49,31,8388608,8388608,CPU,3.6468540538441045e-12,3.824003636363636e-05,0,0
101783555045,0,oracle_growth,spill,proactive_target_headroom,18807791616,2747269120,2815858769,2015363072,0,73400320,18881191936,1.0002548513368354,1.0017084205546674,0.98,0.94,81,35,245,175,154,23068672,23068672,CPU,4.171037673950195e-12,0.0001049676,0,0
101783555045,0,oracle_growth,spill,proactive_target_headroom,18784722944,2724200448,2815858769,2038431744,0,71303168,18856026112,0.9989216602104906,0.9927712450552949,0.98,0.94,81,34,224,170,146,23068672,23068672,CPU,4.171037673950195e-12,0.0001049676,0,0
101783555045,0,oracle_growth,spill,proactive_target_headroom,18761654272,2701131776,2815858769,2061500416,0,69206016,18830860288,0.9975884690841457,0.9838340695559223,0.98,0.94,81,33,202,167,144,23068672,23068672,CPU,4.171037673950195e-12,0.0001049676,0,0
101783555045,0,oracle_growth,spill,proactive_target_headroom,18738585600,2678063104,2815858769,2084569088,0,67108864,18805694464,0.9962552779578009,0.9748968940565499,0.98,0.94,81,32,167,171,152,23068672,23068672,CPU,4.171037673950195e-12,0.0001049676,0,0
101783555045,0,oracle_growth,spill,proactive_target_headroom,18713419776,2652897280,2815858769,2109734912,0,65011712,18778431488,0.9948109875709273,0.9652149539322297,0.98,0.94,81,31,171,178,162,25165824,25165824,CPU,4.1998389717582225e-12,0.0001145001090909091,0,0
101783555045,0,oracle_growth,spill,proactive_target_headroom,18684059648,2623537152,2815858769,2139095040,0,62914560,18746974208,0.9931444986629963,0.954043484558014,0.98,0.94,81,30,251,223,85,29360128,29360128,CPU,4.2459210482510655e-12,0.00013356512727272728,0,0
101783555045,0,oracle_growth,spill,proactive_target_headroom,18652602368,2592079872,2815858769,2170552320,0,60817408,18713419776,0.9913669104945365,0.9421272505588507,0.98,0.94,81,29,150,229,214,31457280,31457280,CPU,4.264641891826283e-12,0.00014309763636363636,0,0
101783555045,0,oracle_growth,spill,proactive_target_headroom,18614853632,2554331136,2815858769,2208301056,0,58720256,18673573888,0.9892560245444905,0.9279767226848443,0.98,0.94,81,28,198,283,277,37748736,37748736,CPU,4.30898073187285e-12,0.00017169516363636363,0,0
101783555045,0,oracle_growth,admission,value_ranked_working_set,18614853632,2554331136,2815858769,2208301056,0,58720256,18673573888,0.9892560245444905,0.9279767226848443,0.98,0.94,81,28,-1,0,0,0,0,,0.0,0.0,1,52
101783555045,0,oracle_growth,reload,value_ranked_admission,18652602368,2592079872,2815858769,2176843776,0,0,18652602368,0.9881450319392031,0.9205290764353672,0.98,0.94,52,0,150,229,214,31457280,31457280,CPU,0.0,0.0,0,0
102115606165,0,oracle_growth,trigger,forecast_above_trigger,18757459968,2696937472,2815858769,2176843776,0,62914560,18820374528,0.997032972781502,0.9801102464311838,0.98,0.94,83,31,-1,0,0,0,0,,0.0,0.0,83,0
102115606165,0,oracle_growth,spill,proactive_target_headroom,18679865344,2619342848,2815858769,2254438400,0,62914560,18742779904,0.9929223001419388,0.9525539553081187,0.98,0.94,83,30,258,579,56,77594624,77594624,CPU,1.4208975529494978e-12,0.00011025401136363637,0,0
102115606165,0,oracle_growth,spill,proactive_target_headroom,18671476736,2610954240,2815858769,2262827008,0,60817408,18732294144,0.9923668038392951,0.9488301321833801,0.98,0.94,83,29,269,54,3,8388608,8388608,CPU,3.6468540538441045e-12,3.824003636363636e-05,0,0
102115606165,0,oracle_growth,spill,proactive_target_headroom,18637922304,2577399808,2815858769,2296381440,0,58720256,18696642560,0.9904781164103066,0.9361691335592691,0.98,0.94,83,28,150,241,226,33554432,33554432,CPU,4.28116028321618e-12,0.00015263014545454544,0,0
102115606165,0,oracle_growth,admission,value_ranked_working_set,18637922304,2577399808,2815858769,2296381440,0,58720256,18696642560,0.9904781164103066,0.9361691335592691,0.98,0.94,83,28,-1,0,0,0,0,,0.0,0.0,1,54
102115606165,0,oracle_growth,reload,value_ranked_admission,18652602368,2592079872,2815858769,2287992832,0,0,18652602368,0.9881450319392031,0.9205290764353672,0.98,0.94,54,0,269,54,3,8388608,8388608,CPU,0.0,0.0,0,0
102286541235,0,oracle_growth,trigger,forecast_above_trigger,18874900480,2814377984,2815858769,2287992832,0,62914560,18937815040,1.0032545313711112,1.0218170654282555,0.98,0.94,85,31,-1,0,0,0,0,,0.0,0.0,85,0
102286541235,0,oracle_growth,spill,proactive_target_headroom,18772140032,2711617536,2815858769,2390753280,0,62914560,18835054592,0.9978106676052032,0.9853235988058178,0.98,0.94,85,30,237,774,418,102760448,102760448,CPU,2.8415781226361616e-12,0.0002920018409090909,0,0
102286541235,0,oracle_growth,spill,proactive_target_headroom,18763751424,2703228928,2815858769,2399141888,0,60817408,18824568832,0.9972551713025595,0.9815997756810793,0.98,0.94,85,29,269,60,9,8388608,8388608,CPU,3.6468540538441045e-12,3.824003636363636e-05,0,0
102286541235,0,oracle_growth,spill,proactive_target_headroom,18518384640,2457862144,2815858769,2644508672,0,58720256,18577104896,0.9841454585601686,0.8937175499372497,0.98,0.94,85,28,160,1869,688,245366784,245366784,CPU,3.6622448309176876e-12,0.0009062735204545455,0,0
102286541235,0,oracle_growth,admission,value_ranked_working_set,18518384640,2457862144,2815858769,2644508672,0,58720256,18577104896,0.9841454585601686,0.8937175499372497,0.98,0.94,85,28,-1,0,0,0,0,,0.0,0.0,4,53
102286541235,0,oracle_growth,reload,value_ranked_admission,18646310912,2585788416,2815858769,2522873856,0,0,18646310912,0.9878117341576169,0.9182947825605241,0.98,0.94,53,0,198,283,277,37748736,37748736,CPU,0.0,0.0,0,0
102286541235,0,oracle_growth,reload,value_ranked_admission,18646310912,2585788416,2815858769,2522873856,0,0,18646310912,0.9878117341576169,0.9182947825605241,0.98,0.94,53,0,150,241,226,33554432,33554432,CPU,0.0,0.0,0,0
102286541235,0,oracle_growth,reload,value_ranked_admission,18646310912,2585788416,2815858769,2522873856,0,0,18646310912,0.9878117341576169,0.9182947825605241,0.98,0.94,53,0,251,223,85,29360128,29360128,CPU,0.0,0.0,0,0
102286541235,0,oracle_growth,reload,value_ranked_admission,18646310912,2585788416,2815858769,2522873856,0,0,18646310912,0.9878117341576169,0.9182947825605241,0.98,0.94,53,0,246,160,153,20971520,20971520,CPU,0.0,0.0,0,0
102591523888,0,oracle_growth,trigger,forecast_above_trigger,18751168512,2690646016,2815858769,2522873856,0,73400320,18824568832,0.9972551713025595,0.9815997756810793,0.98,0.94,88,35,-1,0,0,0,0,,0.0,0.0,88,0
102591523888,0,oracle_growth,spill,proactive_target_headroom,18749071360,2688548864,2815858769,2524971008,0,71303168,18820374528,0.997032972781502,0.9801102464311838,0.98,0.94,88,34,272,14,6,2097152,2097152,CPU,1.0057920759374445e-12,4.218597727272727e-06,0,0
102591523888,0,oracle_growth,spill,proactive_target_headroom,18742779904,2682257408,2815858769,2531262464,0,69206016,18811985920,0.9965885757393871,0.977131187931393,0.98,0.94,88,33,273,40,5,6291456,6291456,CPU,3.4222039309414953e-12,2.8707527272727275e-05,0,0
102591523888,0,oracle_growth,spill,proactive_target_headroom,18719711232,2659188736,2815858769,2554331136,0,67108864,18786820096,0.9952553846130423,0.9681940124320205,0.98,0.94,88,32,246,170,163,23068672,23068672,CPU,4.171037673950195e-12,0.0001049676,0,0
102591523888,0,oracle_growth,spill,proactive_target_headroom,18688253952,2627731456,2815858769,2585788416,0,65011712,18753265664,0.9934777964445825,0.9562777784328572,0.98,0.94,88,31,251,233,95,31457280,31457280,CPU,4.264641891826283e-12,0.00014309763636363636,0,0
102591523888,0,oracle_growth,spill,proactive_target_headroom,18654699520,2594177024,2815858769,2619342848,0,62914560,18717614080,0.9915891090155939,0.9436167798087461,0.98,0.94,88,30,150,251,236,33554432,33554432,CPU,4.28116028321618e-12,0.00015263014545454544,0,0
102591523888,0,oracle_growth,spill,proactive_target_headroom,18614853632,2554331136,2815858769,2659188736,0,60817408,18675671040,0.9893671238050192,0.928721487309792,0.98,0.94,88,29,225,304,248,39845888,39845888,CPU,4.320804422551936e-12,0.00018122767272727274,0,0
102591523888,0,oracle_growth,admission,value_ranked_working_set,18614853632,2554331136,2815858769,2659188736,0,60817408,18675671040,0.9893671238050192,0.928721487309792,0.98,0.94,88,29,-1,0,0,0,0,,0.0,0.0,2,57
102591523888,0,oracle_growth,reload,value_ranked_admission,18644213760,2583691264,2815858769,2631925760,0,0,18644213760,0.9877006348970881,0.9175500179355763,0.98,0.94,57,0,171,178,162,25165824,25165824,CPU,0.0,0.0,0,0
102591523888,0,oracle_growth,reload,value_ranked_admission,18644213760,2583691264,2815858769,2631925760,0,0,18644213760,0.9877006348970881,0.9175500179355763,0.98,0.94,57,0,272,14,6,2097152,2097152,CPU,0.0,0.0,0,0
102719794716,0,oracle_growth,trigger,forecast_above_trigger,18767945728,2707423232,2815858769,2631925760,0,65011712,18832957440,0.9976995683446744,0.9845788341808701,0.98,0.94,89,32,-1,0,0,0,0,,0.0,0.0,89,0
102719794716,0,oracle_growth,spill,proactive_target_headroom,18763751424,2703228928,2815858769,2636120064,0,65011712,18828763136,0.997477369823617,0.9830893049309747,0.98,0.94,89,31,272,17,9,4194304,4194304,CPU,1.1429201472889293e-12,4.793754545454545e-06,0,0
102719794716,0,oracle_growth,spill,proactive_target_headroom,18738585600,2678063104,2815858769,2661285888,0,62914560,18801500160,0.9960330794367434,0.9734073648066545,0.98,0.94,89,30,171,181,165,25165824,25165824,CPU,4.1998389717582225e-12,0.0001145001090909091,0,0
102719794716,0,oracle_growth,spill,proactive_target_headroom,18698739712,2638217216,2815858769,2701131776,0,60817408,18759557120,0.9938110942261686,0.9585120723077003,0.98,0.94,89,29,198,296,290,39845888,39845888,CPU,4.320804422551936e-12,0.00018122767272727274,0,0
102719794716,0,oracle_growth,spill,proactive_target_headroom,18656796672,2596274176,2815858769,2743074816,0,58720256,18715516928,0.9914780097550652,0.9428720151837985,0.98,0.94,89,28,131,320,310,41943040,41943040,CPU,4.33150204745206e-12,0.00019076018181818182,0,0
102719794716,0,oracle_growth,spill,proactive_target_headroom,18614853632,2554331136,2815858769,2785017856,0,56623104,18671476736,0.9891449252839617,0.9272319580598966,0.98,0.94,89,27,262,313,58,41943040,41943040,CPU,4.33150204745206e-12,0.00019076018181818182,0,0
102719794716,0,oracle_growth,admission,value_ranked_working_set,18614853632,2554331136,2815858769,2785017856,0,56623104,18671476736,0.9891449252839617,0.9272319580598966,0.98,0.94,89,27,-1,0,0,0,0,,0.0,0.0,1,61
102719794716,0,oracle_growth,reload,value_ranked_admission,18650505216,2589982720,2815858769,2751463424,0,0,18650505216,0.9880339326786743,0.9197843118104195,0.98,0.94,61,0,150,251,236,33554432,33554432,CPU,0.0,0.0,0,0
102840659241,0,oracle_growth,trigger,forecast_above_trigger,18761654272,2701131776,2815858769,2751463424,0,60817408,18822471680,0.9971440720420308,0.9808550110561316,0.98,0.94,90,29,-1,0,0,0,0,,0.0,0.0,90,0
102840659241,0,oracle_growth,spill,proactive_target_headroom,18728099840,2667577344,2815858769,2785017856,0,58720256,18786820096,0.9952553846130423,0.9681940124320205,0.98,0.94,90,28,150,255,240,33554432,33554432,CPU,4.28116028321618e-12,0.00015263014545454544,0,0
102840659241,0,oracle_growth,spill,proactive_target_headroom,18684059648,2623537152,2815858769,2829058048,0,56623104,18740682752,0.9928112008814101,0.9518091906831709,0.98,0.94,90,27,193,328,256,44040192,44040192,CPU,4.341227160997627e-12,0.0002002926909090909,0,0
102840659241,0,oracle_growth,spill,proactive_target_headroom,18640019456,2579496960,2815858769,2873098240,0,54525952,18694545408,0.9903670171497778,0.9354243689343213,0.98,0.94,90,26,183,333,234,44040192,44040192,CPU,4.341227160997627e-12,0.0002002926909090909,0,0
102840659241,0,oracle_growth,admission,value_ranked_working_set,18640019456,2579496960,2815858769,2873098240,0,54525952,18694545408,0.9903670171497778,0.9354243689343213,0.98,0.94,90,26,-1,0,0,0,0,,0.0,0.0,1,63
102840659241,0,oracle_growth,reload,value_ranked_admission,18658893824,2598371328,2815858769,2862612480,0,0,18658893824,0.9884783297207893,0.9227633703102103,0.98,0.94,63,0,157,69,65,10485760,10485760,CPU,0.0,0.0,0,0
103263799484,0,oracle_growth,trigger,forecast_above_trigger,18765848576,2705326080,2815858769,2862612480,0,58720256,18824568832,0.9972551713025595,0.9815997756810793,0.98,0.94,92,29,-1,0,0,0,0,,0.0,0.0,92,0
103263799484,0,oracle_growth,spill,proactive_target_headroom,18644213760,2583691264,2815858769,2984247296,0,58720256,18702934016,0.9908114141918928,0.9384034274341122,0.98,0.94,92,28,253,920,113,121634816,121634816,CPU,8.524422922104502e-13,0.00010368666136363635,0,0
103263799484,0,oracle_growth,admission,value_ranked_working_set,18644213760,2583691264,2815858769,2984247296,0,58720256,18702934016,0.9908114141918928,0.9384034274341122,0.98,0.94,92,28,-1,0,0,0,0,,0.0,0.0,1,63
103263799484,0,oracle_growth,reload,value_ranked_admission,18652602368,2592079872,2815858769,2980052992,0,0,18652602368,0.9881450319392031,0.9205290764353672,0.98,0.94,63,0,272,17,9,4194304,4194304,CPU,0.0,0.0,0,0
103661433312,0,oracle_growth,trigger,forecast_above_trigger,18757459968,2696937472,2815858769,2980052992,0,62914560,18820374528,0.997032972781502,0.9801102464311838,0.98,0.94,94,31,-1,0,0,0,0,,0.0,0.0,94,0
103661433312,0,oracle_growth,spill,proactive_target_headroom,18648408064,2587885568,2815858769,3089104896,0,62914560,18711322624,0.9912558112340077,0.9413824859339031,0.98,0.94,94,30,252,821,139,109051904,109051904,CPU,8.524618573955722e-13,9.296258863636363e-05,0,0
103661433312,0,oracle_growth,spill,proactive_target_headroom,18589687808,2529165312,2815858769,3147825152,0,60817408,18650505216,0.9880339326786743,0.9197843118104195,0.98,0.94,94,29,277,448,25,58720256,58720256,CPU,1.0976308565528415e-12,6.675506363636364e-05,0,0
103661433312,0,oracle_growth,admission,value_ranked_working_set,18589687808,2529165312,2815858769,3147825152,0,60817408,18650505216,0.9880339326786743,0.9197843118104195,0.98,0.94,94,29,-1,0,0,0,0,,0.0,0.0,2,63
103661433312,0,oracle_growth,reload,value_ranked_admission,18694545408,2634022912,2815858769,3095396352,0,0,18694545408,0.9903670171497778,0.9354243689343213,0.98,0.94,63,0,193,328,256,44040192,44040192,CPU,0.0,0.0,0,0
103661433312,0,oracle_growth,reload,value_ranked_admission,18694545408,2634022912,2815858769,3095396352,0,0,18694545408,0.9903670171497778,0.9354243689343213,0.98,0.94,63,0,269,60,9,8388608,8388608,CPU,0.0,0.0,0,0
103923001407,0,oracle_growth,trigger,forecast_above_trigger,18755362816,2694840320,2815858769,3095396352,0,65011712,18820374528,0.997032972781502,0.9801102464311838,0.98,0.94,96,33,-1,0,0,0,0,,0.0,0.0,96,0
103923001407,0,oracle_growth,spill,proactive_target_headroom,18705031168,2644508672,2815858769,3145728000,0,65011712,18770042880,0.9943665905288124,0.9622358954324388,0.98,0.94,96,32,185,376,345,50331648,50331648,CPU,1.1369100122740776e-12,5.722255454545455e-05,0,0
103923001407,0,oracle_growth,spill,proactive_target_headroom,18679865344,2619342848,2815858769,3170893824,0,65011712,18744877056,0.9930333994024675,0.9532987199330664,0.98,0.94,96,31,283,177,5,25165824,25165824,CPU,3.128005067507426e-12,7.8718825e-05,0,0
103923001407,0,oracle_growth,spill,proactive_target_headroom,18673573888,2613051392,2815858769,3177185280,0,62914560,18736488448,0.9925890023603525,0.9503196614332755,0.98,0.94,96,30,278,47,24,6291456,6291456,CPU,3.4222039309414953e-12,2.8707527272727275e-05,0,0
103923001407,0,oracle_growth,spill,proactive_target_headroom,18667282432,2606759936,2815858769,3183476736,0,60817408,18728099840,0.9921446053182377,0.9473406029334847,0.98,0.94,96,29,279,35,21,6291456,6291456,CPU,3.4222039309414953e-12,2.8707527272727275e-05,0,0
103923001407,0,oracle_growth,spill,proactive_target_headroom,18658893824,2598371328,2815858769,3191865344,0,58720256,18717614080,0.9915891090155939,0.9436167798087461,0.98,0.94,96,28,281,53,12,8388608,8388608,CPU,3.6468540538441045e-12,3.824003636363636e-05,0,0
103923001407,0,oracle_growth,spill,proactive_target_headroom,18648408064,2587885568,2815858769,3202351104,0,56623104,18705031168,0.9909225134524215,0.9391481920590599,0.98,0.94,96,27,269,68,17,10485760,10485760,CPU,3.796620802445845e-12,4.777254545454545e-05,0,0
104215194881,0,oracle_growth,trigger,forecast_above_trigger,18772140032,2711617536,2815858769,3202351104,0,62914560,18835054592,0.9978106676052032,0.9853235988058178,0.98,0.94,99,30,-1,0,0,0,0,,0.0,0.0,99,0
104215194881,0,oracle_growth,spill,proactive_target_headroom,18767945728,2707423232,2815858769,3206545408,0,60817408,18828763136,0.997477369823617,0.9830893049309747,0.98,0.94,99,29,284,18,11,4194304,4194304,CPU,3.0477870594371447e-12,1.917501818181818e-05,0,0
104215194881,0,oracle_growth,spill,proactive_target_headroom,18751168512,2690646016,2815858769,3223322624,0,58720256,18809888768,0.9964774764788583,0.9763864233064453,0.98,0.94,99,28,157,118,114,16777216,16777216,CPU,4.046232050115411e-12,7.637007272727272e-05,0,0
104215194881,0,oracle_growth,spill,proactive_target_headroom,18717614080,2657091584,2815858769,3256877056,0,56623104,18774237184,0.9945887890498698,0.9637254246823342,0.98,0.94,99,27,286,244,1,33554432,33554432,CPU,4.28116028321618e-12,0.00015263014545454544,0,0
104215194881,0,oracle_growth,spill,proactive_target_headroom,18671476736,2610954240,2815858769,3303014400,0,54525952,18726002688,0.9920335060577089,0.946595838308537,0.98,0.94,99,26,193,347,275,46137344,46137344,CPU,4.350106612495754e-12,0.0002098252,0,0
104215194881,0,oracle_growth,spill,proactive_target_headroom,18625339392,2564816896,2815858769,3349151744,0,52428800,18677768192,0.9894782230655479,0.9294662519347398,0.98,0.94,99,25,285,342,2,46137344,46137344,CPU,4.350106612495754e-12,0.0002098252,0,0
104215194881,0,oracle_growth,admission,value_ranked_working_set,18625339392,2564816896,2815858769,3349151744,0,52428800,18677768192,0.9894782230655479,0.9294662519347398,0.98,0.94,99,25,-1,0,0,0,0,,0.0,0.0,1,73
104215194881,0,oracle_growth,reload,value_ranked_admission,18650505216,2589982720,2815858769,3323985920,0,0,18650505216,0.9880339326786743,0.9197843118104195,0.98,0.94,73,0,171,181,165,25165824,25165824,CPU,0.0,0.0,0,0
104269928352,0,oracle_growth,trigger,forecast_above_trigger,18847637504,2787115008,2815858769,3323985920,0,58720256,18906357760,1.0015880424631802,1.01064559605404,0.98,0.94,101,28,-1,0,0,0,0,,0.0,0.0,101,0
104269928352,0,oracle_growth,spill,proactive_target_headroom,18822471680,2761949184,2815858769,3349151744,0,56623104,18879094784,1.0001437520763066,1.0009636559297197,0.98,0.94,101,27,171,183,167,25165824,25165824,CPU,4.1998389717582225e-12,0.0001145001090909091,0,0
104269928352,0,oracle_growth,spill,proactive_target_headroom,18782625792,2722103296,2815858769,3388997632,0,54525952,18837151744,0.997921766865732,0.9860683634307655,0.98,0.94,101,26,288,302,1,39845888,39845888,CPU,4.320804422551936e-12,0.00018122767272727274,0,0
104269928352,0,oracle_growth,spill,proactive_target_headroom,18732294144,2671771648,2815858769,3439329280,0,52428800,18784722944,0.9951442853525135,0.9674492478070729,0.98,0.94,101,25,282,382,21,50331648,50331648,CPU,4.365734447132457e-12,0.0002288902181818182,0,0
104269928352,0,oracle_growth,spill,proactive_target_headroom,18679865344,2619342848,2815858769,3491758080,0,50331648,18730196992,0.9922557045787663,0.9480853675584324,0.98,0.94,101,24,270,387,73,52428800,52428800,CPU,4.372646758606384e-12,0.00023842272727272727,0,0
104269928352,0,oracle_growth,spill,proactive_target_headroom,18627436544,2566914048,2815858769,3544186880,0,48234496,18675671040,0.9893671238050192,0.928721487309792,0.98,0.94,101,23,280,392,31,52428800,52428800,CPU,4.372646758606384e-12,0.00023842272727272727,0,0
104269928352,0,oracle_growth,admission,value_ranked_working_set,18627436544,2566914048,2815858769,3544186880,0,48234496,18675671040,0.9893671238050192,0.928721487309792,0.98,0.94,101,23,-1,0,0,0,0,,0.0,0.0,1,77
104269928352,0,oracle_growth,reload,value_ranked_admission,18654699520,2594177024,2815858769,3519021056,0,0,18654699520,0.9882561311997319,0.921273841060315,0.98,0.94,77,0,171,183,167,25165824,25165824,CPU,0.0,0.0,0,0
104379951430,0,oracle_growth,trigger,forecast_above_trigger,18847637504,2787115008,2815858769,3519021056,0,54525952,18902163456,1.0013658439421227,1.0091560668041444,0.98,0.94,103,26,-1,0,0,0,0,,0.0,0.0,103,0
104379951430,0,oracle_growth,spill,proactive_target_headroom,18822471680,2761949184,2815858769,3544186880,0,52428800,18874900480,0.9999215535552491,0.9994741266798243,0.98,0.94,103,25,171,187,171,25165824,25165824,CPU,4.1998389717582225e-12,0.0001145001090909091,0,0
104379951430,0,oracle_growth,spill,proactive_target_headroom,18767945728,2707423232,2815858769,3598712832,0,50331648,18818277376,0.9969218735209733,0.9793654818062362,0.98,0.94,103,24,290,402,1,54525952,54525952,CPU,4.379047047008167e-12,0.00024795523636363635,0,0
104379951430,0,oracle_growth,spill,proactive_target_headroom,18711322624,2650800128,2815858769,3655335936,0,48234496,18759557120,0.9938110942261686,0.9585120723077003,0.98,0.94,103,23,215,420,373,56623104,56623104,CPU,4.3849901719526815e-12,0.00025748774545454546,0,0
104379951430,0,oracle_growth,spill,proactive_target_headroom,18654699520,2594177024,2815858769,3711959040,0,46137344,18700836864,0.990700314931364,0.9376586628091644,0.98,0.94,103,22,195,426,413,56623104,56623104,CPU,4.3849901719526815e-12,0.00025748774545454546,0,0
104379951430,0,oracle_growth,admission,value_ranked_working_set,18654699520,2594177024,2815858769,3711959040,0,46137344,18700836864,0.990700314931364,0.9376586628091644,0.98,0.94,103,22,-1,0,0,0,0,,0.0,0.0,1,80
104379951430,0,oracle_growth,reload,value_ranked_admission,18660990976,2600468480,2815858769,3707764736,0,0,18660990976,0.9885894289813181,0.923508134935158,0.98,0.94,80,0,284,18,11,4194304,4194304,CPU,0.0,0.0,0,0
104538797092,0,oracle_growth,trigger,forecast_above_trigger,18770042880,2709520384,2815858769,3707764736,0,52428800,18822471680,0.9971440720420308,0.9808550110561316,0.98,0.94,106,26,-1,0,0,0,0,,0.0,0.0,106,0
104538797092,0,oracle_growth,spill,proactive_target_headroom,18767945728,2707423232,2815858769,3709861888,0,50331648,18818277376,0.9969218735209733,0.9793654818062362,0.98,0.94,106,25,291,13,5,2097152,2097152,CPU,2.2989533164284446e-12,9.642509090909091e-06,0,0
104538797092,0,oracle_growth,spill,proactive_target_headroom,18707128320,2646605824,2815858769,3770679296,0,50331648,18757459968,0.99369999496564,0.9577673076827526,0.98,0.94,106,24,190,450,388,60817408,60817408,CPU,2.8420395238272445e-12,0.00017284547727272726,0,0
104538797092,0,oracle_growth,spill,proactive_target_headroom,18702934016,2642411520,2815858769,3774873600,0,48234496,18751168512,0.9933666971840537,0.9555330138079094,0.98,0.94,106,23,284,24,17,4194304,4194304,CPU,3.0477870594371447e-12,1.917501818181818e-05,0,0
104538797092,0,oracle_growth,spill,proactive_target_headroom,18486927360,2426404864,2815858769,3990880256,0,46137344,18533064704,0.9818123740890651,0.8780774928133478,0.98,0.94,106,22,267,1640,97,216006656,216006656,CPU,3.0952986616354727e-12,0.0006750964250000001,0,0
104538797092,0,oracle_growth,admission,value_ranked_working_set,18486927360,2426404864,2815858769,3990880256,0,46137344,18533064704,0.9818123740890651,0.8780774928133478,0.98,0.94,106,22,-1,0,0,0,0,,0.0,0.0,3,81
104538797092,0,oracle_growth,reload,value_ranked_admission,18660990976,2600468480,2815858769,3823108096,0,0,18660990976,0.9885894289813181,0.923508134935158,0.98,0.94,81,0,215,420,373,56623104,56623104,CPU,0.0,0.0,0,0
104538797092,0,oracle_growth,reload,value_ranked_admission,18660990976,2600468480,2815858769,3823108096,0,0,18660990976,0.9885894289813181,0.923508134935158,0.98,0.94,81,0,195,426,413,56623104,56623104,CPU,0.0,0.0,0,0
104538797092,0,oracle_growth,reload,value_ranked_admission,18660990976,2600468480,2815858769,3823108096,0,0,18660990976,0.9885894289813181,0.923508134935158,0.98,0.94,81,0,290,402,1,54525952,54525952,CPU,0.0,0.0,0,0
104651103825,0,oracle_growth,trigger,forecast_above_trigger,18765848576,2705326080,2815858769,3823108096,0,58720256,18824568832,0.9972551713025595,0.9815997756810793,0.98,0.94,109,28,-1,0,0,0,0,,0.0,0.0,109,0
104651103825,0,oracle_growth,spill,proactive_target_headroom,18554036224,2493513728,2815858769,4034920448,0,56623104,18610659328,0.9859230467286284,0.905633783936413,0.98,0.94,109,27,240,1612,497,211812352,211812352,CPU,3.0947162824518543e-12,0.0006619892250000001,0,0
104651103825,0,oracle_growth,admission,value_ranked_working_set,18554036224,2493513728,2815858769,4034920448,0,56623104,18610659328,0.9859230467286284,0.905633783936413,0.98,0.94,109,27,-1,0,0,0,0,,0.0,0.0,2,80
104651103825,0,oracle_growth,reload,value_ranked_admission,18646310912,2585788416,2815858769,3942645760,0,0,18646310912,0.9878117341576169,0.9182947825605241,0.98,0.94,80,0,270,387,73,52428800,52428800,CPU,0.0,0.0,0,0
104651103825,0,oracle_growth,reload,value_ranked_admission,18646310912,2585788416,2815858769,3942645760,0,0,18646310912,0.9878117341576169,0.9182947825605241,0.98,0.94,80,0,288,302,1,39845888,39845888,CPU,0.0,0.0,0,0
104862999538,0,oracle_growth,trigger,forecast_above_trigger,18797305856,2736783360,2815858769,3942645760,0,65011712,18862317568,0.9992549579920768,0.995005538930138,0.98,0.94,112,32,-1,0,0,0,0,,0.0,0.0,112,0
104862999538,0,oracle_growth,spill,proactive_target_headroom,18721808384,2661285888,2815858769,4018143232,0,65011712,18786820096,0.9952553846130423,0.9681940124320205,0.98,0.94,112,31,231,565,311,75497472,75497472,CPU,1.136727886970597e-12,8.582008181818182e-05,0,0
104862999538,0,oracle_growth,spill,proactive_target_headroom,18700836864,2640314368,2815858769,4039114752,0,62914560,18763751424,0.9940332927472262,0.9600016015575957,0.98,0.94,112,30,294,146,10,20971520,20971520,CPU,4.136999776540709e-12,9.543509090909091e-05,0,0
104862999538,0,oracle_growth,spill,proactive_target_headroom,18679865344,2619342848,2815858769,4060086272,0,60817408,18740682752,0.9928112008814101,0.9518091906831709,0.98,0.94,112,29,297,153,3,20971520,20971520,CPU,4.136999776540709e-12,9.543509090909091e-05,0,0
104862999538,0,oracle_growth,spill,proactive_target_headroom,18656796672,2596274176,2815858769,4083154944,0,58720256,18715516928,0.9914780097550652,0.9428720151837985,0.98,0.94,112,28,296,170,9,23068672,23068672,CPU,4.171037673950195e-12,0.0001049676,0,0
104862999538,0,oracle_growth,spill,proactive_target_headroom,18549841920,2489319424,2815858769,4190109696,0,56623104,18606465024,0.9857008482075709,0.9041442546865176,0.98,0.94,112,27,266,812,110,106954752,106954752,CPU,4.1803599862785606e-12,0.0004558762159090909,0,0
104862999538,0,oracle_growth,admission,value_ranked_working_set,18549841920,2489319424,2815858769,4190109696,0,56623104,18606465024,0.9857008482075709,0.9041442546865176,0.98,0.94,112,27,-1,0,0,0,0,,0.0,0.0,2,83
104862999538,0,oracle_growth,reload,value_ranked_admission,18648408064,2587885568,2815858769,4093640704,0,0,18648408064,0.9879228334181456,0.9190395471854718,0.98,0.94,83,0,280,392,31,52428800,52428800,CPU,0.0,0.0,0,0
104862999538,0,oracle_growth,reload,value_ranked_admission,18648408064,2587885568,2815858769,4093640704,0,0,18648408064,0.9879228334181456,0.9190395471854718,0.98,0.94,83,0,183,333,234,44040192,44040192,CPU,0.0,0.0,0,0
105384326395,0,oracle_growth,admission,value_ranked_working_set,18564521984,2503999488,2815858769,4093640704,0,58720256,18623242240,0.9865896422918008,0.9101023716860993,0.98,0.94,111,28,-1,0,0,0,0,,0.0,0.0,3,80
105384326395,0,oracle_growth,reload,value_ranked_admission,18646310912,2585788416,2815858769,4016046080,0,0,18646310912,0.9878117341576169,0.9182947825605241,0.98,0.94,80,0,282,382,21,50331648,50331648,CPU,0.0,0.0,0,0
105384326395,0,oracle_growth,reload,value_ranked_admission,18646310912,2585788416,2815858769,4016046080,0,0,18646310912,0.9878117341576169,0.9182947825605241,0.98,0.94,80,0,171,187,171,25165824,25165824,CPU,0.0,0.0,0,0
105384326395,0,oracle_growth,reload,value_ranked_admission,18646310912,2585788416,2815858769,4016046080,0,0,18646310912,0.9878117341576169,0.9182947825605241,0.98,0.94,80,0,291,13,5,2097152,2097152,CPU,0.0,0.0,0,0
105886375343,0,oracle_growth,admission,value_ranked_working_set,18524676096,2464153600,2815858769,4016046080,0,62914560,18587590656,0.9847009548628123,0.8974413730619882,0.98,0.94,110,30,-1,0,0,0,0,,0.0,0.0,3,77
105886375343,0,oracle_growth,reload,value_ranked_admission,18642116608,2581594112,2815858769,3902799872,0,0,18642116608,0.9875895356365594,0.9168052533106287,0.98,0.94,77,0,193,347,275,46137344,46137344,CPU,0.0,0.0,0,0
105886375343,0,oracle_growth,reload,value_ranked_admission,18642116608,2581594112,2815858769,3902799872,0,0,18642116608,0.9875895356365594,0.9168052533106287,0.98,0.94,77,0,285,342,2,46137344,46137344,CPU,0.0,0.0,0,0
105886375343,0,oracle_growth,reload,value_ranked_admission,18642116608,2581594112,2815858769,3902799872,0,0,18642116608,0.9875895356365594,0.9168052533106287,0.98,0.94,77,0,294,146,10,20971520,20971520,CPU,0.0,0.0,0,0
106188804593,0,oracle_growth,admission,value_ranked_working_set,18595979264,2535456768,2815858769,3902799872,0,67108864,18663088128,0.9887005282418467,0.9242528995601057,0.98,0.94,109,32,-1,0,0,0,0,,0.0,0.0,1,76
106188804593,0,oracle_growth,reload,value_ranked_admission,18640019456,2579496960,2815858769,3860856832,0,0,18640019456,0.9874784363760307,0.9160604886856809,0.98,0.94,76,0,131,320,310,41943040,41943040,CPU,0.0,0.0,0,0
107533155656,0,oracle_growth,admission,value_ranked_working_set,18564521984,2503999488,2815858769,3860856832,0,62914560,18627436544,0.9868118408128582,0.9115919009359947,0.98,0.94,107,31,-1,0,0,0,0,,0.0,0.0,2,74
107533155656,0,oracle_growth,reload,value_ranked_admission,18644213760,2583691264,2815858769,3785359360,0,0,18644213760,0.9877006348970881,0.9175500179355763,0.98,0.94,74,0,262,313,58,41943040,41943040,CPU,0.0,0.0,0,0
107533155656,0,oracle_growth,reload,value_ranked_admission,18644213760,2583691264,2815858769,3785359360,0,0,18644213760,0.9877006348970881,0.9175500179355763,0.98,0.94,74,0,286,244,1,33554432,33554432,CPU,0.0,0.0,0,0
107559737190,0,oracle_growth,admission,value_ranked_working_set,18566619136,2506096640,2815858769,3785359360,0,67108864,18633728000,0.9871451385944444,0.9138261948108378,0.98,0.94,106,32,-1,0,0,0,0,,0.0,0.0,3,71
107559737190,0,oracle_growth,reload,value_ranked_admission,18640019456,2579496960,2815858769,3718250496,0,0,18640019456,0.9874784363760307,0.9160604886856809,0.98,0.94,71,0,198,296,290,39845888,39845888,CPU,0.0,0.0,0,0
107559737190,0,oracle_growth,reload,value_ranked_admission,18640019456,2579496960,2815858769,3718250496,0,0,18640019456,0.9874784363760307,0.9160604886856809,0.98,0.94,71,0,296,170,9,23068672,23068672,CPU,0.0,0.0,0,0
107559737190,0,oracle_growth,reload,value_ranked_admission,18640019456,2579496960,2815858769,3718250496,0,0,18640019456,0.9874784363760307,0.9160604886856809,0.98,0.94,71,0,284,24,17,4194304,4194304,CPU,0.0,0.0,0,0
108780512977,0,oracle_growth,admission,value_ranked_working_set,18551939072,2491416576,2815858769,3718250496,0,60817408,18612756480,0.9860341459891571,0.9063785485613608,0.98,0.94,103,32,-1,0,0,0,0,,0.0,0.0,3,68
108780512977,0,oracle_growth,reload,value_ranked_admission,18648408064,2587885568,2815858769,3630170112,0,0,18648408064,0.9879228334181456,0.9190395471854718,0.98,0.94,68,0,225,304,248,39845888,39845888,CPU,0.0,0.0,0,0
108780512977,0,oracle_growth,reload,value_ranked_admission,18648408064,2587885568,2815858769,3630170112,0,0,18648408064,0.9879228334181456,0.9190395471854718,0.98,0.94,68,0,150,255,240,33554432,33554432,CPU,0.0,0.0,0,0
108780512977,0,oracle_growth,reload,value_ranked_admission,18648408064,2587885568,2815858769,3630170112,0,0,18648408064,0.9879228334181456,0.9190395471854718,0.98,0.94,68,0,226,103,84,14680064,14680064,CPU,0.0,0.0,0,0
108807713061,0,oracle_growth,admission,value_ranked_working_set,18505801728,2445279232,2815858769,3630170112,0,67108864,18572910592,0.9839232600391111,0.8922280206873543,0.98,0.94,101,33,-1,0,0,0,0,,0.0,0.0,5,63
108807713061,0,oracle_growth,reload,value_ranked_admission,18633728000,2573205504,2815858769,3506438144,0,0,18633728000,0.9871451385944444,0.9138261948108378,0.98,0.94,63,0,251,233,95,31457280,31457280,CPU,0.0,0.0,0,0
108807713061,0,oracle_growth,reload,value_ranked_admission,18633728000,2573205504,2815858769,3506438144,0,0,18633728000,0.9871451385944444,0.9138261948108378,0.98,0.94,63,0,246,170,163,23068672,23068672,CPU,0.0,0.0,0,0
108807713061,0,oracle_growth,reload,value_ranked_admission,18633728000,2573205504,2815858769,3506438144,0,0,18633728000,0.9871451385944444,0.9138261948108378,0.98,0.94,63,0,245,175,154,23068672,23068672,CPU,0.0,0.0,0,0
108807713061,0,oracle_growth,reload,value_ranked_admission,18633728000,2573205504,2815858769,3506438144,0,0,18633728000,0.9871451385944444,0.9138261948108378,0.98,0.94,63,0,224,170,146,23068672,23068672,CPU,0.0,0.0,0,0
108807713061,0,oracle_growth,reload,value_ranked_admission,18633728000,2573205504,2815858769,3506438144,0,0,18633728000,0.9871451385944444,0.9138261948108378,0.98,0.94,63,0,202,167,144,23068672,23068672,CPU,0.0,0.0,0,0
109093404654,0,oracle_growth,admission,value_ranked_working_set,18623242240,2562719744,2815858769,3506438144,0,75497472,18698739712,0.9905892156708354,0.9369138981842168,0.98,0.94,100,37,-1,0,0,0,0,,0.0,0.0,1,62
109093404654,0,oracle_growth,reload,value_ranked_admission,18633728000,2573205504,2815858769,3500146688,0,0,18633728000,0.9871451385944444,0.9138261948108378,0.98,0.94,62,0,278,47,24,6291456,6291456,CPU,0.0,0.0,0,0
109119758792,0,oracle_growth,admission,value_ranked_working_set,18507898880,2447376384,2815858769,3500146688,0,77594624,18585493504,0.9845898556022835,0.8966966084370406,0.98,0.94,99,37,-1,0,0,0,0,,0.0,0.0,2,60
109119758792,0,oracle_growth,reload,value_ranked_admission,18633728000,2573205504,2815858769,3382706176,0,0,18633728000,0.9871451385944444,0.9138261948108378,0.98,0.94,60,0,266,812,110,106954752,106954752,CPU,0.0,0.0,0,0
109119758792,0,oracle_growth,reload,value_ranked_admission,18633728000,2573205504,2815858769,3382706176,0,0,18633728000,0.9871451385944444,0.9138261948108378,0.98,0.94,60,0,269,68,17,10485760,10485760,CPU,0.0,0.0,0,0
109464060061,0,oracle_growth,admission,value_ranked_working_set,18564521984,2503999488,2815858769,3382706176,0,75497472,18640019456,0.9874784363760307,0.9160604886856809,0.98,0.94,97,37,-1,0,0,0,0,,0.0,0.0,3,57
109464060061,0,oracle_growth,reload,value_ranked_admission,18629533696,2569011200,2815858769,3321888768,0,0,18629533696,0.986922940073387,0.9123366655609424,0.98,0.94,57,0,167,171,152,23068672,23068672,CPU,0.0,0.0,0,0
109464060061,0,oracle_growth,reload,value_ranked_admission,18629533696,2569011200,2815858769,3321888768,0,0,18629533696,0.986922940073387,0.9123366655609424,0.98,0.94,57,0,297,153,3,20971520,20971520,CPU,0.0,0.0,0,0
109464060061,0,oracle_growth,reload,value_ranked_admission,18629533696,2569011200,2815858769,3321888768,0,0,18629533696,0.986922940073387,0.9123366655609424,0.98,0.94,57,0,157,118,114,16777216,16777216,CPU,0.0,0.0,0,0
109542842521,0,oracle_growth,admission,value_ranked_working_set,18530967552,2470445056,2815858769,3321888768,0,79691776,18610659328,0.9859230467286284,0.905633783936413,0.98,0.94,96,39,-1,0,0,0,0,,0.0,0.0,4,53
109542842521,0,oracle_growth,reload,value_ranked_admission,18619047936,2558525440,2815858769,3238002688,0,0,18619047936,0.9863674437707433,0.9086128424362039,0.98,0.94,53,0,158,156,131,20971520,20971520,CPU,0.0,0.0,0,0
109542842521,0,oracle_growth,reload,value_ranked_admission,18619047936,2558525440,2815858769,3238002688,0,0,18619047936,0.9863674437707433,0.9086128424362039,0.98,0.94,53,0,227,154,123,20971520,20971520,CPU,0.0,0.0,0,0
109542842521,0,oracle_growth,reload,value_ranked_admission,18619047936,2558525440,2815858769,3238002688,0,0,18619047936,0.9863674437707433,0.9086128424362039,0.98,0.94,53,0,217,147,127,20971520,20971520,CPU,0.0,0.0,0,0
109542842521,0,oracle_growth,reload,value_ranked_admission,18619047936,2558525440,2815858769,3238002688,0,0,18619047936,0.9863674437707433,0.9086128424362039,0.98,0.94,53,0,206,147,124,20971520,20971520,CPU,0.0,0.0,0,0
109569103341,0,oracle_growth,admission,value_ranked_working_set,18539356160,2478833664,2815858769,3238002688,0,88080384,18627436544,0.9868118408128582,0.9115919009359947,0.98,0.94,95,42,-1,0,0,0,0,,0.0,0.0,4,49
109569103341,0,oracle_growth,reload,value_ranked_admission,18614853632,2554331136,2815858769,3170893824,0,0,18614853632,0.9861452452496858,0.9071233131863085,0.98,0.94,49,0,204,120,105,16777216,16777216,CPU,0.0,0.0,0,0
109569103341,0,oracle_growth,reload,value_ranked_admission,18614853632,2554331136,2815858769,3170893824,0,0,18614853632,0.9861452452496858,0.9071233131863085,0.98,0.94,49,0,205,126,105,16777216,16777216,CPU,0.0,0.0,0,0
109569103341,0,oracle_growth,reload,value_ranked_admission,18614853632,2554331136,2815858769,3170893824,0,0,18614853632,0.9861452452496858,0.9071233131863085,0.98,0.94,49,0,176,124,113,16777216,16777216,CPU,0.0,0.0,0,0
109569103341,0,oracle_growth,reload,value_ranked_admission,18614853632,2554331136,2815858769,3170893824,0,0,18614853632,0.9861452452496858,0.9071233131863085,0.98,0.94,49,0,155,120,111,16777216,16777216,CPU,0.0,0.0,0,0
109853446745,0,oracle_growth,admission,value_ranked_working_set,18509996032,2449473536,2815858769,3170893824,0,94371840,18604367872,0.9855897489470421,0.9033994900615699,0.98,0.94,94,45,-1,0,0,0,0,,0.0,0.0,7,42
109853446745,0,oracle_growth,reload,value_ranked_admission,18602270720,2541748224,2815858769,3082813440,0,0,18602270720,0.9854786496865134,0.9026547254366222,0.98,0.94,42,0,265,116,1,16777216,16777216,CPU,0.0,0.0,0,0
109853446745,0,oracle_growth,reload,value_ranked_admission,18602270720,2541748224,2815858769,3082813440,0,0,18602270720,0.9854786496865134,0.9026547254366222,0.98,0.94,42,0,260,90,15,12582912,12582912,CPU,0.0,0.0,0,0
109853446745,0,oracle_growth,reload,value_ranked_admission,18602270720,2541748224,2815858769,3082813440,0,0,18602270720,0.9854786496865134,0.9026547254366222,0.98,0.94,42,0,248,91,82,12582912,12582912,CPU,0.0,0.0,0,0
109853446745,0,oracle_growth,reload,value_ranked_admission,18602270720,2541748224,2815858769,3082813440,0,0,18602270720,0.9854786496865134,0.9026547254366222,0.98,0.94,42,0,153,96,88,12582912,12582912,CPU,0.0,0.0,0,0
109853446745,0,oracle_growth,reload,value_ranked_admission,18602270720,2541748224,2815858769,3082813440,0,0,18602270720,0.9854786496865134,0.9026547254366222,0.98,0.94,42,0,241,90,78,12582912,12582912,CPU,0.0,0.0,0,0
109853446745,0,oracle_growth,reload,value_ranked_admission,18602270720,2541748224,2815858769,3082813440,0,0,18602270720,0.9854786496865134,0.9026547254366222,0.98,0.94,42,0,229,82,80,12582912,12582912,CPU,0.0,0.0,0,0
109853446745,0,oracle_growth,reload,value_ranked_admission,18602270720,2541748224,2815858769,3082813440,0,0,18602270720,0.9854786496865134,0.9026547254366222,0.98,0.94,42,0,281,53,12,8388608,8388608,CPU,0.0,0.0,0,0
110450016541,0,oracle_growth,trigger,forecast_above_trigger,18717614080,2657091584,2815858769,3082813440,0,102760448,18820374528,0.997032972781502,0.9801102464311838,0.98,0.94,93,51,-1,0,0,0,0,,0.0,0.0,93,0
110450016541,0,oracle_growth,spill,proactive_target_headroom,18686156800,2625634304,2815858769,3114270720,0,102760448,18788917248,0.995366483873571,0.9689387770569682,0.98,0.94,93,50,224,229,205,31457280,31457280,CPU,3.1274040540059405e-12,9.8379625e-05,0,0
110450016541,0,oracle_growth,spill,proactive_target_headroom,18648408064,2587885568,2815858769,3152019456,0,102760448,18751168512,0.9933666971840537,0.9555330138079094,0.98,0.94,93,49,296,274,113,37748736,37748736,CPU,3.4112764127326736e-12,0.00012877137272727273,0,0
110450016541,0,oracle_growth,spill,proactive_target_headroom,18637922304,2577399808,2815858769,3162505216,0,100663296,18738585600,0.9927001016208813,0.9510644260582233,0.98,0.94,93,48,281,75,34,10485760,10485760,CPU,3.796620802445845e-12,4.777254545454545e-05,0,0
110450016541,0,oracle_growth,spill,proactive_target_headroom,18625339392,2564816896,2815858769,3175088128,0,98566144,18723905536,0.9919224067971801,0.9458510736835892,0.98,0.94,93,47,278,96,73,12582912,12582912,CPU,3.903597051447088e-12,5.7305054545454546e-05,0,0
110450016541,0,oracle_growth,spill,proactive_target_headroom,18610659328,2550136832,2815858769,3189768192,0,96468992,18707128320,0.9910336127129502,0.9398929566840076,0.98,0.94,93,46,260,112,37,14680064,14680064,CPU,3.9838292381980204e-12,6.683756363636364e-05,0,0
110996044336,0,oracle_growth,admission,value_ranked_working_set,18610659328,2550136832,2815858769,3189768192,0,90177536,18700836864,0.990700314931364,0.9376586628091644,0.98,0.94,91,44,-1,0,0,0,0,,0.0,0.0,1,46
110996044336,0,oracle_growth,reload,value_ranked_admission,18629533696,2569011200,2815858769,3185573888,0,0,18629533696,0.986922940073387,0.9123366655609424,0.98,0.94,46,0,263,25,5,4194304,4194304,CPU,0.0,0.0,0,0
111095223835,0,oracle_growth,admission,value_ranked_working_set,18480635904,2420113408,2815858769,3185573888,0,92274688,18572910592,0.9839232600391111,0.8922280206873543,0.98,0.94,90,44,-1,0,0,0,0,,0.0,0.0,10,36
111095223835,0,oracle_growth,reload,value_ranked_admission,18604367872,2543845376,2815858769,3076521984,0,0,18604367872,0.9855897489470421,0.9033994900615699,0.98,0.94,36,0,260,112,37,14680064,14680064,CPU,0.0,0.0,0,0
111095223835,0,oracle_growth,reload,value_ranked_admission,18604367872,2543845376,2815858769,3076521984,0,0,18604367872,0.9855897489470421,0.9033994900615699,0.98,0.94,36,0,278,96,73,12582912,12582912,CPU,0.0,0.0,0,0
111095223835,0,oracle_growth,reload,value_ranked_admission,18604367872,2543845376,2815858769,3076521984,0,0,18604367872,0.9855897489470421,0.9033994900615699,0.98,0.94,36,0,203,84,76,12582912,12582912,CPU,0.0,0.0,0,0
111095223835,0,oracle_growth,reload,value_ranked_admission,18604367872,2543845376,2815858769,3076521984,0,0,18604367872,0.9855897489470421,0.9033994900615699,0.98,0.94,36,0,207,84,70,12582912,12582912,CPU,0.0,0.0,0,0
111095223835,0,oracle_growth,reload,value_ranked_admission,18604367872,2543845376,2815858769,3076521984,0,0,18604367872,0.9855897489470421,0.9033994900615699,0.98,0.94,36,0,281,75,34,10485760,10485760,CPU,0.0,0.0,0,0
111095223835,0,oracle_growth,reload,value_ranked_admission,18604367872,2543845376,2815858769,3076521984,0,0,18604367872,0.9855897489470421,0.9033994900615699,0.98,0.94,36,0,220,80,70,10485760,10485760,CPU,0.0,0.0,0,0
111095223835,0,oracle_growth,reload,value_ranked_admission,18604367872,2543845376,2815858769,3076521984,0,0,18604367872,0.9855897489470421,0.9033994900615699,0.98,0.94,36,0,208,79,69,10485760,10485760,CPU,0.0,0.0,0,0
111095223835,0,oracle_growth,reload,value_ranked_admission,18604367872,2543845376,2815858769,3076521984,0,0,18604367872,0.9855897489470421,0.9033994900615699,0.98,0.94,36,0,164,71,61,10485760,10485760,CPU,0.0,0.0,0,0
111095223835,0,oracle_growth,reload,value_ranked_admission,18604367872,2543845376,2815858769,3076521984,0,0,18604367872,0.9855897489470421,0.9033994900615699,0.98,0.94,36,0,261,49,31,8388608,8388608,CPU,0.0,0.0,0,0
111095223835,0,oracle_growth,reload,value_ranked_admission,18604367872,2543845376,2815858769,3076521984,0,0,18604367872,0.9855897489470421,0.9033994900615699,0.98,0.94,36,0,279,35,21,6291456,6291456,CPU,0.0,0.0,0,0
111537516406,0,oracle_growth,admission,value_ranked_working_set,18530967552,2470445056,2815858769,3076521984,0,104857600,18635825152,0.9872562378549732,0.9145709594357856,0.98,0.94,89,53,-1,0,0,0,0,,0.0,0.0,4,32
111537516406,0,oracle_growth,reload,value_ranked_admission,18602270720,2541748224,2815858769,3013607424,0,0,18602270720,0.9854786496865134,0.9026547254366222,0.98,0.94,32,0,236,198,121,27262976,27262976,CPU,0.0,0.0,0,0
111537516406,0,oracle_growth,reload,value_ranked_admission,18602270720,2541748224,2815858769,3013607424,0,0,18602270720,0.9854786496865134,0.9026547254366222,0.98,0.94,32,0,273,40,5,6291456,6291456,CPU,0.0,0.0,0,0
111537516406,0,oracle_growth,reload,value_ranked_admission,18602270720,2541748224,2815858769,3013607424,0,0,18602270720,0.9854786496865134,0.9026547254366222,0.98,0.94,32,0,283,177,5,25165824,25165824,CPU,0.0,0.0,0,0
111537516406,0,oracle_growth,reload,value_ranked_admission,18602270720,2541748224,2815858769,3013607424,0,0,18602270720,0.9854786496865134,0.9026547254366222,0.98,0.94,32,0,254,32,13,4194304,4194304,CPU,0.0,0.0,0,0
111618168016,0,oracle_growth,admission,value_ranked_working_set,18524676096,2464153600,2815858769,3013607424,0,106954752,18631630848,0.9870340393339158,0.9130814301858902,0.98,0.94,87,55,-1,0,0,0,0,,0.0,0.0,2,30
111618168016,0,oracle_growth,reload,value_ranked_admission,18600173568,2539651072,2815858769,2944401408,0,0,18600173568,0.9853675504259847,0.9019099608116745,0.98,0.94,30,0,296,274,113,37748736,37748736,CPU,0.0,0.0,0,0
111618168016,0,oracle_growth,reload,value_ranked_admission,18600173568,2539651072,2815858769,2944401408,0,0,18600173568,0.9853675504259847,0.9019099608116745,0.98,0.94,30,0,224,229,205,31457280,31457280,CPU,0.0,0.0,0,0
111698819626,0,oracle_growth,admission,value_ranked_working_set,18564521984,2503999488,2815858769,2944401408,0,106954752,18671476736,0.9891449252839617,0.9272319580598966,0.98,0.94,86,56,-1,0,0,0,0,,0.0,0.0,1,29
111698819626,0,oracle_growth,reload,value_ranked_admission,18600173568,2539651072,2815858769,2912944128,0,0,18600173568,0.9853675504259847,0.9019099608116745,0.98,0.94,29,0,187,230,223,31457280,31457280,CPU,0.0,0.0,0,0
111751995998,0,oracle_growth,admission,value_ranked_working_set,18524676096,2464153600,2815858769,2912944128,0,106954752,18631630848,0.9870340393339158,0.9130814301858902,0.98,0.94,85,56,-1,0,0,0,0,,0.0,0.0,1,28
111751995998,0,oracle_growth,reload,value_ranked_admission,18604367872,2543845376,2815858769,2841640960,0,0,18604367872,0.9855897489470421,0.9033994900615699,0.98,0.94,28,0,172,539,314,71303168,71303168,CPU,0.0,0.0,0,0
111831565916,0,oracle_growth,admission,value_ranked_working_set,18556133376,2495610880,2815858769,2841640960,0,106954752,18663088128,0.9887005282418467,0.9242528995601057,0.98,0.94,83,55,-1,0,0,0,0,,0.0,0.0,1,27
111831565916,0,oracle_growth,reload,value_ranked_admission,18598076416,2537553920,2815858769,2803892224,0,0,18598076416,0.9852564511654559,0.9011651961867267,0.98,0.94,27,0,218,287,154,37748736,37748736,CPU,0.0,0.0,0,0
111884786661,0,oracle_growth,admission,value_ranked_working_set,18539356160,2478833664,2815858769,2803892224,0,106954752,18646310912,0.9878117341576169,0.9182947825605241,0.98,0.94,81,54,-1,0,0,0,0,,0.0,0.0,1,26
111884786661,0,oracle_growth,reload,value_ranked_admission,18606465024,2545942528,2815858769,2743074816,0,0,18606465024,0.9857008482075709,0.9041442546865176,0.98,0.94,26,0,190,450,388,60817408,60817408,CPU,0.0,0.0,0,0
111938796004,0,oracle_growth,admission,value_ranked_working_set,18543550464,2483027968,2815858769,2743074816,0,104857600,18648408064,0.9879228334181456,0.9190395471854718,0.98,0.94,79,53,-1,0,0,0,0,,0.0,0.0,1,25
111938796004,0,oracle_growth,reload,value_ranked_admission,18608562176,2548039680,2815858769,2692743168,0,0,18608562176,0.9858119474680996,0.9048890193114654,0.98,0.94,25,0,185,376,345,50331648,50331648,CPU,0.0,0.0,0,0
112074370385,0,oracle_growth,admission,value_ranked_working_set,18543550464,2483027968,2815858769,2692743168,0,102760448,18646310912,0.9878117341576169,0.9182947825605241,0.98,0.94,77,52,-1,0,0,0,0,,0.0,0.0,1,24
112074370385,0,oracle_growth,reload,value_ranked_admission,18610659328,2550136832,2815858769,2634022912,0,0,18610659328,0.9859230467286284,0.905633783936413,0.98,0.94,24,0,277,448,25,58720256,58720256,CPU,0.0,0.0,0,0
112103007997,0,oracle_growth,admission,value_ranked_working_set,18451275776,2390753280,2815858769,2634022912,0,102760448,18554036224,0.9829233666943524,0.8855251390628249,0.98,0.94,75,51,-1,0,0,0,0,,0.0,0.0,1,23
112103007997,0,oracle_growth,reload,value_ranked_admission,18581299200,2520776704,2815858769,2514485248,0,0,18581299200,0.9843676570812261,0.8952070791871451,0.98,0.94,23,0,156,907,289,119537664,119537664,CPU,0.0,0.0,0,0
112188046382,0,oracle_growth,admission,value_ranked_working_set,18463858688,2403336192,2815858769,2514485248,0,104857600,18568716288,0.9837010615180536,0.8907384914374589,0.98,0.94,73,50,-1,0,0,0,0,,0.0,0.0,2,21
112188046382,0,oracle_growth,reload,value_ranked_admission,18606465024,2545942528,2815858769,2380267520,0,0,18606465024,0.9857008482075709,0.9041442546865176,0.98,0.94,21,0,178,657,404,88080384,88080384,CPU,0.0,0.0,0,0
112188046382,0,oracle_growth,reload,value_ranked_admission,18606465024,2545942528,2815858769,2380267520,0,0,18606465024,0.9857008482075709,0.9041442546865176,0.98,0.94,21,0,170,345,220,46137344,46137344,CPU,0.0,0.0,0,0
112407437581,0,oracle_growth,admission,value_ranked_working_set,18398846976,2338324480,2815858769,2380267520,0,98566144,18497413120,0.9799236866600766,0.8654164941892368,0.98,0.94,71,50,-1,0,0,0,0,,0.0,0.0,1,20
112407437581,0,oracle_growth,reload,value_ranked_admission,18610659328,2550136832,2815858769,2183135232,0,0,18610659328,0.9859230467286284,0.905633783936413,0.98,0.94,20,0,233,1499,205,197132288,197132288,CPU,0.0,0.0,0,0
112435901223,0,oracle_growth,admission,value_ranked_working_set,18489024512,2428502016,2815858769,2183135232,0,98566144,18587590656,0.9847009548628123,0.8974413730619882,0.98,0.94,70,50,-1,0,0,0,0,,0.0,0.0,1,19
112435901223,0,oracle_growth,reload,value_ranked_admission,18604367872,2543845376,2815858769,2074083328,0,0,18604367872,0.9855897489470421,0.9033994900615699,0.98,0.94,19,0,29,829,756,109051904,109051904,CPU,0.0,0.0,0,0
112488711473,0,oracle_growth,admission,value_ranked_working_set,18522578944,2462056448,2815858769,2074083328,0,100663296,18623242240,0.9865896422918008,0.9101023716860993,0.98,0.94,69,50,-1,0,0,0,0,,0.0,0.0,1,18
112488711473,0,oracle_growth,reload,value_ranked_admission,18598076416,2537553920,2815858769,2009071616,0,0,18598076416,0.9852564511654559,0.9011651961867267,0.98,0.94,18,0,152,487,303,65011712,65011712,CPU,0.0,0.0,0,0
112673207015,0,oracle_growth,admission,value_ranked_working_set,18535161856,2474639360,2815858769,2009071616,0,94371840,18629533696,0.986922940073387,0.9123366655609424,0.98,0.94,67,49,-1,0,0,0,0,,0.0,0.0,1,17
112673207015,0,oracle_growth,reload,value_ranked_admission,18614853632,2554331136,2815858769,1933574144,0,0,18614853632,0.9861452452496858,0.9071233131863085,0.98,0.94,17,0,122,567,287,75497472,75497472,CPU,0.0,0.0,0,0
112725931867,0,oracle_growth,admission,value_ranked_working_set,18270920704,2210398208,2815858769,1933574144,0,94371840,18365292544,0.9729244332467661,0.8184963228175312,0.98,0.94,64,47,-1,0,0,0,0,,0.0,0.0,2,15
112725931867,0,oracle_growth,reload,value_ranked_admission,18610659328,2550136832,2815858769,1598029824,0,0,18610659328,0.9859230467286284,0.905633783936413,0.98,0.94,15,0,160,1869,688,245366784,245366784,CPU,0.0,0.0,0,0
112725931867,0,oracle_growth,reload,value_ranked_admission,18610659328,2550136832,2815858769,1598029824,0,0,18610659328,0.9859230467286284,0.905633783936413,0.98,0.94,15,0,228,679,12,90177536,90177536,CPU,0.0,0.0,0,0
112788815962,0,oracle_growth,admission,value_ranked_working_set,18522578944,2462056448,2815858769,1598029824,0,96468992,18619047936,0.9863674437707433,0.9086128424362039,0.98,0.94,63,48,-1,0,0,0,0,,0.0,0.0,1,14
112788815962,0,oracle_growth,reload,value_ranked_admission,18602270720,2541748224,2815858769,1520435200,0,0,18602270720,0.9854786496865134,0.9026547254366222,0.98,0.94,14,0,258,579,56,77594624,77594624,CPU,0.0,0.0,0,0
112880911382,0,oracle_growth,admission,value_ranked_working_set,18547744768,2487222272,2815858769,1520435200,0,92274688,18640019456,0.9874784363760307,0.9160604886856809,0.98,0.94,62,48,-1,0,0,0,0,,0.0,0.0,1,13
112880911382,0,oracle_growth,reload,value_ranked_admission,18619047936,2558525440,2815858769,1455423488,0,0,18619047936,0.9863674437707433,0.9086128424362039,0.98,0.94,13,0,105,492,232,65011712,65011712,CPU,0.0,0.0,0,0
112948449968,0,oracle_growth,admission,value_ranked_working_set,18547744768,2487222272,2815858769,1455423488,0,90177536,18637922304,0.987367337115502,0.9153157240607332,0.98,0.94,61,48,-1,0,0,0,0,,0.0,0.0,1,12
112948449968,0,oracle_growth,reload,value_ranked_admission,18619047936,2558525440,2815858769,1394606080,0,0,18619047936,0.9863674437707433,0.9086128424362039,0.98,0.94,12,0,120,452,314,60817408,60817408,CPU,0.0,0.0,0,0
113003226848,0,oracle_growth,admission,value_ranked_working_set,18470150144,2409627648,2815858769,1394606080,0,90177536,18560327680,0.9832566644759387,0.887759432937668,0.98,0.94,59,47,-1,0,0,0,0,,0.0,0.0,1,11
113003226848,0,oracle_growth,reload,value_ranked_admission,18581299200,2520776704,2815858769,1291845632,0,0,18581299200,0.9843676570812261,0.8952070791871451,0.98,0.94,11,0,237,774,418,102760448,102760448,CPU,0.0,0.0,0,0
113030615288,0,oracle_growth,admission,value_ranked_working_set,18520481792,2459959296,2815858769,1291845632,0,90177536,18610659328,0.9859230467286284,0.905633783936413,0.98,0.94,58,47,-1,0,0,0,0,,0.0,0.0,1,10
113030615288,0,oracle_growth,reload,value_ranked_admission,18616950784,2556428288,2815858769,1195376640,0,0,18616950784,0.9862563445102146,0.9078680778112561,0.98,0.94,10,0,119,729,434,96468992,96468992,CPU,0.0,0.0,0,0
113085392168,0,oracle_growth,admission,value_ranked_working_set,18535161856,2474639360,2815858769,1195376640,0,90177536,18625339392,0.9867007415523296,0.910847136311047,0.98,0.94,57,47,-1,0,0,0,0,,0.0,0.0,1,9
113085392168,0,oracle_growth,reload,value_ranked_admission,18616950784,2556428288,2815858769,1119879168,0,0,18616950784,0.9862563445102146,0.9078680778112561,0.98,0.94,9,0,231,565,311,75497472,75497472,CPU,0.0,0.0,0,0
113112780608,0,oracle_growth,admission,value_ranked_working_set,18369486848,2308964352,2815858769,1119879168,0,90177536,18459664384,0.9779238999705593,0.8520107309401781,0.98,0.94,56,47,-1,0,0,0,0,,0.0,0.0,1,8
113112780608,0,oracle_growth,reload,value_ranked_admission,18593882112,2533359616,2815858769,903872512,0,0,18593882112,0.9850342526443985,0.8996756669368314,0.98,0.94,8,0,267,1640,97,216006656,216006656,CPU,0.0,0.0,0,0
113192212392,0,oracle_growth,admission,value_ranked_working_set,18428207104,2367684608,2815858769,903872512,0,90177536,18518384640,0.9810346792653639,0.8728641404387139,0.98,0.94,54,46,-1,0,0,0,0,,0.0,0.0,1,7
113192212392,0,oracle_growth,reload,value_ranked_admission,18612756480,2552233984,2815858769,723517440,0,0,18612756480,0.9860341459891571,0.9063785485613608,0.98,0.94,7,0,162,1363,617,180355072,180355072,CPU,0.0,0.0,0,0
113271683943,0,oracle_growth,admission,value_ranked_working_set,18518384640,2457862144,2815858769,723517440,0,90177536,18608562176,0.9858119474680996,0.9048890193114654,0.98,0.94,53,46,-1,0,0,0,0,,0.0,0.0,2,5
113271683943,0,oracle_growth,reload,value_ranked_admission,18619047936,2558525440,2815858769,631242752,0,0,18619047936,0.9863674437707433,0.9086128424362039,0.98,0.94,5,0,118,336,253,44040192,44040192,CPU,0.0,0.0,0,0
113271683943,0,oracle_growth,reload,value_ranked_admission,18619047936,2558525440,2815858769,631242752,0,0,18619047936,0.9863674437707433,0.9086128424362039,0.98,0.94,5,0,106,359,321,48234496,48234496,CPU,0.0,0.0,0,0
113330377501,0,oracle_growth,admission,value_ranked_working_set,18379972608,2319450112,2815858769,631242752,0,90177536,18470150144,0.978479396273203,0.8557345540649166,0.98,0.94,49,44,-1,0,0,0,0,,0.0,0.0,1,4
113330377501,0,oracle_growth,reload,value_ranked_admission,18598076416,2537553920,2815858769,419430400,0,0,18598076416,0.9852564511654559,0.9011651961867267,0.98,0.94,4,0,240,1612,497,211812352,211812352,CPU,0.0,0.0,0,0
113357044621,0,oracle_growth,admission,value_ranked_working_set,18417721344,2357198848,2815858769,419430400,0,90177536,18507898880,0.9804791829627203,0.8691403173139753,0.98,0.94,48,44,-1,0,0,0,0,,0.0,0.0,2,2
113357044621,0,oracle_growth,reload,value_ranked_admission,18612756480,2552233984,2815858769,230686720,0,0,18612756480,0.9860341459891571,0.9063785485613608,0.98,0.94,2,0,166,1060,624,140509184,140509184,CPU,0.0,0.0,0,0
113357044621,0,oracle_growth,reload,value_ranked_admission,18612756480,2552233984,2815858769,230686720,0,0,18612756480,0.9860341459891571,0.9063785485613608,0.98,0.94,2,0,213,354,1,48234496,48234496,CPU,0.0,0.0,0,0
113411274761,0,oracle_growth,admission,value_ranked_working_set,18356903936,2296381440,2815858769,230686720,0,88080384,18444984320,0.9771462051468581,0.8467973785655442,0.98,0.94,46,44,-1,0,0,0,0,,0.0,0.0,2,0
113411274761,0,oracle_growth,reload,value_ranked_admission,18593882112,2533359616,2815858769,0,0,0,18593882112,0.9850342526443985,0.8996756669368314,0.98,0.94,0,0,252,821,139,109051904,109051904,CPU,0.0,0.0,0,0
113411274761,0,oracle_growth,reload,value_ranked_admission,18593882112,2533359616,2815858769,0,0,0,18593882112,0.9850342526443985,0.8996756669368314,0.98,0.94,0,0,253,920,113,121634816,121634816,CPU,0.0,0.0,0,0
