instance id,request id,model,input,output,arrival,end_time,latency,queuing_delay,TTFT,TPOT,ITL,npu_cache_hit,storage_cache_hit,prefix_cache_hit
0,9,meta-llama/Llama-3.1-70B,70,71,2026970074,2087919879,60949805,20084700,60949805,0,[],0,0,0
0,26,meta-llama/Llama-3.1-70B,8,25,3250691133,3708365428,457674295,14071566,36300246,26335878,"[21567930, 21567930, 82018727, 21579982, 24776834, 21694746, 21694746, 21694746, 22431299, 31577037, 21795012, 21795012, 21795012, 21795012, 21795012, 21795012]",0,0,0
0,15,meta-llama/Llama-3.1-70B,12,52,2622246507,3730126983,1107880476,55675792,78892187,26384315,"[20776664, 20776664, 21564585, 21012673, 21012673, 23114981, 36467527, 21197006, 21197006, 21197006, 23233592, 100456203, 27063562, 32672005, 21521586, 21521586, 21521586, 21521586, 21521586, 21521586, 22752342, 22228680, 21567930, 21567930, 82018727, 21579982, 24776834, 21694746, 21694746, 21694746, 22431299, 31577037, 21795012, 21795012, 21795012, 21795012, 21795012, 21795012, 21761555]",0,0,0
0,2,meta-llama/Llama-3.1-70B,30,128,1479613520,3838536768,2358923248,2935986,24758772,24063551,"[20526323, 20526323, 20526323, 20526323, 21029824, 21294656, 22104379, 20866658, 20866658, 20866658, 20866658, 20866658, 20866658, 20866658, 20866658, 20960902, 20913325, 20913325, 20913325, 20913325, 22768135, 20366546, 20366546, 20366546, 20366546, 20366546, 40865105, 20448196, 20448196, 20448196, 20448196, 20448196, 20448196, 20448196, 20448196, 20448196, 20448196, 20448196, 20448196, 20448196, 20448196, 20448196, 25368092, 20506643, 20506643, 20506643, 20506643, 20506643, 20506643, 20506643, 21394902, 92969985, 23216395, 20776664, 20776664, 21564585, 21012673, 21012673, 23114981, 36467527, 21197006, 21197006, 21197006, 23233592, 100456203, 27063562, 32672005, 21521586, 21521586, 21521586, 21521586, 21521586, 21521586, 22752342, 22228680, 21567930, 21567930, 82018727, 21579982, 24776834, 21694746, 21694746, 21694746, 22431299, 31577037, 21795012, 21795012, 21795012, 21795012, 21795012, 21795012, 21761555, 21681957, 21681957, 21681957, 21681957, 21681957]",0,0,0
0,31,meta-llama/Llama-3.1-70B,23,37,3529630331,3860998300,331367969,16387988,47965025,21800226,"[21795012, 21795012, 21795012, 21795012, 21795012, 21795012, 21761555, 21681957, 21681957, 21681957, 21681957, 21681957, 22461532]",0,0,0
0,11,meta-llama/Llama-3.1-70B,134,205,2379405751,4186419490,1807013739,15237068,40605160,25234408,"[20506643, 20506643, 20506643, 20506643, 20506643, 20506643, 20506643, 21394902, 92969985, 23216395, 20776664, 20776664, 21564585, 21012673, 21012673, 23114981, 36467527, 21197006, 21197006, 21197006, 23233592, 100456203, 27063562, 32672005, 21521586, 21521586, 21521586, 21521586, 21521586, 21521586, 22752342, 22228680, 21567930, 21567930, 82018727, 21579982, 24776834, 21694746, 21694746, 21694746, 22431299, 31577037, 21795012, 21795012, 21795012, 21795012, 21795012, 21795012, 21761555, 21681957, 21681957, 21681957, 21681957, 21681957, 22461532, 21694746, 21694746, 21694746, 21694746, 21694746, 21694746, 21694746, 21694746, 21694746, 21694746, 21694746, 21694746, 21694746, 21694746, 21694746]",0,0,0
0,4,meta-llama/Llama-3.1-70B,14,140,1587870262,4688333121,3100462859,19637146,40931802,24476248,"[22104379, 20866658, 20866658, 20866658, 20866658, 20866658, 20866658, 20866658, 20866658, 20960902, 20913325, 20913325, 20913325, 20913325, 22768135, 20366546, 20366546, 20366546, 20366546, 20366546, 40865105, 20448196, 20448196, 20448196, 20448196, 20448196, 20448196, 20448196, 20448196, 20448196, 20448196, 20448196, 20448196, 20448196, 20448196, 20448196, 25368092, 20506643, 20506643, 20506643, 20506643, 20506643, 20506643, 20506643, 21394902, 92969985, 23216395, 20776664, 20776664, 21564585, 21012673, 21012673, 23114981, 36467527, 21197006, 21197006, 21197006, 23233592, 100456203, 27063562, 32672005, 21521586, 21521586, 21521586, 21521586, 21521586, 21521586, 22752342, 22228680, 21567930, 21567930, 82018727, 21579982, 24776834, 21694746, 21694746, 21694746, 22431299, 31577037, 21795012, 21795012, 21795012, 21795012, 21795012, 21795012, 21761555, 21681957, 21681957, 21681957, 21681957, 21681957, 22461532, 21694746, 21694746, 21694746, 21694746, 21694746, 21694746, 21694746, 21694746, 21694746, 21694746, 21694746, 21694746, 21694746, 21694746, 21694746, 22588565, 21694746, 21694746, 21694746, 21694746, 21694746, 21694746, 22431299, 21681957, 31917928, 21795012, 21795012, 21795012, 21795012, 91289503, 41040913, 22133280, 31481662]",0,0,0
0,19,meta-llama/Llama-3.1-70B,352,435,2823890667,4936069774,2112179107,5506267,41973794,25246406,"[21197006, 21197006, 21197006, 23233592, 100456203, 27063562, 32672005, 21521586, 21521586, 21521586, 21521586, 21521586, 21521586, 22752342, 22228680, 21567930, 21567930, 82018727, 21579982, 24776834, 21694746, 21694746, 21694746, 22431299, 31577037, 21795012, 21795012, 21795012, 21795012, 21795012, 21795012, 21761555, 21681957, 21681957, 21681957, 21681957, 21681957, 22461532, 21694746, 21694746, 21694746, 21694746, 21694746, 21694746, 21694746, 21694746, 21694746, 21694746, 21694746, 21694746, 21694746, 21694746, 21694746, 22588565, 21694746, 21694746, 21694746, 21694746, 21694746, 21694746, 22431299, 21681957, 31917928, 21795012, 21795012, 21795012, 21795012, 91289503, 41040913, 22133280, 31481662, 22345324, 22345324, 22345324, 22345324, 22345324, 22345324, 22345324, 22345324, 22345324, 23487793, 23140944]",0,0,0
0,32,meta-llama/Llama-3.1-70B,224,290,3536356724,5117385157,1581028433,9661595,41238632,23689073,"[21795012, 21795012, 21795012, 21795012, 21795012, 21795012, 21761555, 21681957, 21681957, 21681957, 21681957, 21681957, 22461532, 21694746, 21694746, 21694746, 21694746, 21694746, 21694746, 21694746, 21694746, 21694746, 21694746, 21694746, 21694746, 21694746, 21694746, 21694746, 22588565, 21694746, 21694746, 21694746, 21694746, 21694746, 21694746, 22431299, 21681957, 31917928, 21795012, 21795012, 21795012, 21795012, 91289503, 41040913, 22133280, 31481662, 22345324, 22345324, 22345324, 22345324, 22345324, 22345324, 22345324, 22345324, 22345324, 23487793, 23140944, 22284637, 22284637, 22284637, 22284637, 24477684, 22325890, 22967379, 22405882]",0,0,0
0,43,meta-llama/Llama-3.1-70B,24,48,4880823975,5440178293,559354318,8617062,32104855,22923889,"[23140944, 22284637, 22284637, 22284637, 22284637, 24477684, 22325890, 22967379, 22405882, 22330690, 29221500, 22405882, 22405882, 23374110, 23603584, 22431436, 22431436, 22431436, 22431436, 22431436, 22431436, 22431436, 22431436]",0,0,0
0,37,meta-llama/Llama-3.1-70B,170,217,4382628210,5552273098,1169644888,661577,32579505,24718812,"[21795012, 21795012, 21795012, 21795012, 91289503, 41040913, 22133280, 31481662, 22345324, 22345324, 22345324, 22345324, 22345324, 22345324, 22345324, 22345324, 22345324, 23487793, 23140944, 22284637, 22284637, 22284637, 22284637, 24477684, 22325890, 22967379, 22405882, 22330690, 29221500, 22405882, 22405882, 23374110, 23603584, 22431436, 22431436, 22431436, 22431436, 22431436, 22431436, 22431436, 22431436, 22418961, 22418961, 22418961, 22418961, 22418961]",0,0,0
0,38,meta-llama/Llama-3.1-70B,1065,1110,4497903286,5619487384,1121584098,4484477,95773980,23313866,"[41040913, 22133280, 31481662, 22345324, 22345324, 22345324, 22345324, 22345324, 22345324, 22345324, 22345324, 22345324, 23487793, 23140944, 22284637, 22284637, 22284637, 22284637, 24477684, 22325890, 22967379, 22405882, 22330690, 29221500, 22405882, 22405882, 23374110, 23603584, 22431436, 22431436, 22431436, 22431436, 22431436, 22431436, 22431436, 22431436, 22418961, 22418961, 22418961, 22418961, 22418961, 22404762, 22404762, 22404762]",0,0,0
0,27,meta-llama/Llama-3.1-70B,955,1051,3322894048,5641818074,2318924026,7233191,89251918,23470232,"[21579982, 24776834, 21694746, 21694746, 21694746, 22431299, 31577037, 21795012, 21795012, 21795012, 21795012, 21795012, 21795012, 21761555, 21681957, 21681957, 21681957, 21681957, 21681957, 22461532, 21694746, 21694746, 21694746, 21694746, 21694746, 21694746, 21694746, 21694746, 21694746, 21694746, 21694746, 21694746, 21694746, 21694746, 21694746, 22588565, 21694746, 21694746, 21694746, 21694746, 21694746, 21694746, 22431299, 21681957, 31917928, 21795012, 21795012, 21795012, 21795012, 91289503, 41040913, 22133280, 31481662, 22345324, 22345324, 22345324, 22345324, 22345324, 22345324, 22345324, 22345324, 22345324, 23487793, 23140944, 22284637, 22284637, 22284637, 22284637, 24477684, 22325890, 22967379, 22405882, 22330690, 29221500, 22405882, 22405882, 23374110, 23603584, 22431436, 22431436, 22431436, 22431436, 22431436, 22431436, 22431436, 22431436, 22418961, 22418961, 22418961, 22418961, 22418961, 22404762, 22404762, 22404762, 22330690]",0,0,0
0,23,meta-llama/Llama-3.1-70B,91,216,3013730478,6020669143,3006938665,39414796,66478358,23713389,"[32672005, 21521586, 21521586, 21521586, 21521586, 21521586, 21521586, 22752342, 22228680, 21567930, 21567930, 82018727, 21579982, 24776834, 21694746, 21694746, 21694746, 22431299, 31577037, 21795012, 21795012, 21795012, 21795012, 21795012, 21795012, 21761555, 21681957, 21681957, 21681957, 21681957, 21681957, 22461532, 21694746, 21694746, 21694746, 21694746, 21694746, 21694746, 21694746, 21694746, 21694746, 21694746, 21694746, 21694746, 21694746, 21694746, 21694746, 22588565, 21694746, 21694746, 21694746, 21694746, 21694746, 21694746, 22431299, 21681957, 31917928, 21795012, 21795012, 21795012, 21795012, 91289503, 41040913, 22133280, 31481662, 22345324, 22345324, 22345324, 22345324, 22345324, 22345324, 22345324, 22345324, 22345324, 23487793, 23140944, 22284637, 22284637, 22284637, 22284637, 24477684, 22325890, 22967379, 22405882, 22330690, 29221500, 22405882, 22405882, 23374110, 23603584, 22431436, 22431436, 22431436, 22431436, 22431436, 22431436, 22431436, 22431436, 22418961, 22418961, 22418961, 22418961, 22418961, 22404762, 22404762, 22404762, 22330690, 22285357, 22285357, 22285357, 22285357, 22285357, 22285357, 22285357, 22285357, 22285357, 22285357, 22285357, 22285357, 22285357, 22285357, 22285357, 22285357, 22285357]",0,0,0
0,5,meta-llama/Llama-3.1-70B,3,190,1604829891,6065362511,4460532620,2677517,23972173,23852475,"[22104379, 20866658, 20866658, 20866658, 20866658, 20866658, 20866658, 20866658, 20866658, 20960902, 20913325, 20913325, 20913325, 20913325, 22768135, 20366546, 20366546, 20366546, 20366546, 20366546, 40865105, 20448196, 20448196, 20448196, 20448196, 20448196, 20448196, 20448196, 20448196, 20448196, 20448196, 20448196, 20448196, 20448196, 20448196, 20448196, 25368092, 20506643, 20506643, 20506643, 20506643, 20506643, 20506643, 20506643, 21394902, 92969985, 23216395, 20776664, 20776664, 21564585, 21012673, 21012673, 23114981, 36467527, 21197006, 21197006, 21197006, 23233592, 100456203, 27063562, 32672005, 21521586, 21521586, 21521586, 21521586, 21521586, 21521586, 22752342, 22228680, 21567930, 21567930, 82018727, 21579982, 24776834, 21694746, 21694746, 21694746, 22431299, 31577037, 21795012, 21795012, 21795012, 21795012, 21795012, 21795012, 21761555, 21681957, 21681957, 21681957, 21681957, 21681957, 22461532, 21694746, 21694746, 21694746, 21694746, 21694746, 21694746, 21694746, 21694746, 21694746, 21694746, 21694746, 21694746, 21694746, 21694746, 21694746, 22588565, 21694746, 21694746, 21694746, 21694746, 21694746, 21694746, 22431299, 21681957, 31917928, 21795012, 21795012, 21795012, 21795012, 91289503, 41040913, 22133280, 31481662, 22345324, 22345324, 22345324, 22345324, 22345324, 22345324, 22345324, 22345324, 22345324, 23487793, 23140944, 22284637, 22284637, 22284637, 22284637, 24477684, 22325890, 22967379, 22405882, 22330690, 29221500, 22405882, 22405882, 23374110, 23603584, 22431436, 22431436, 22431436, 22431436, 22431436, 22431436, 22431436, 22431436, 22418961, 22418961, 22418961, 22418961, 22418961, 22404762, 22404762, 22404762, 22330690, 22285357, 22285357, 22285357, 22285357, 22285357, 22285357, 22285357, 22285357, 22285357, 22285357, 22285357, 22285357, 22285357, 22285357, 22285357, 22285357, 22285357, 22346684, 22346684]",0,0,0
0,47,meta-llama/Llama-3.1-70B,181,255,5130161078,6795791151,1665630073,9554769,38776269,22285668,"[22405882, 22405882, 23374110, 23603584, 22431436, 22431436, 22431436, 22431436, 22431436, 22431436, 22431436, 22431436, 22418961, 22418961, 22418961, 22418961, 22418961, 22404762, 22404762, 22404762, 22330690, 22285357, 22285357, 22285357, 22285357, 22285357, 22285357, 22285357, 22285357, 22285357, 22285357, 22285357, 22285357, 22285357, 22285357, 22285357, 22285357, 22285357, 22346684, 22346684, 22136320, 22136320, 22136320, 22136320, 22136320, 22136320, 22136320, 22136320, 22136320, 22136320, 22133280, 22133280, 22133280, 22133280, 22133280, 22133280, 22133280, 22133280, 22133280, 22133280, 22133280, 22133280, 22133280, 22133280, 22133280, 22133280, 22133280, 22133280, 22133280, 22133280, 22133280, 22133280, 22133280]",0,0,0
0,34,meta-llama/Llama-3.1-70B,15,130,4170788537,6862071342,2691282805,15630953,38219518,23272484,"[21694746, 21694746, 21694746, 21694746, 21694746, 21694746, 22431299, 21681957, 31917928, 21795012, 21795012, 21795012, 21795012, 91289503, 41040913, 22133280, 31481662, 22345324, 22345324, 22345324, 22345324, 22345324, 22345324, 22345324, 22345324, 22345324, 23487793, 23140944, 22284637, 22284637, 22284637, 22284637, 24477684, 22325890, 22967379, 22405882, 22330690, 29221500, 22405882, 22405882, 23374110, 23603584, 22431436, 22431436, 22431436, 22431436, 22431436, 22431436, 22431436, 22431436, 22418961, 22418961, 22418961, 22418961, 22418961, 22404762, 22404762, 22404762, 22330690, 22285357, 22285357, 22285357, 22285357, 22285357, 22285357, 22285357, 22285357, 22285357, 22285357, 22285357, 22285357, 22285357, 22285357, 22285357, 22285357, 22285357, 22346684, 22346684, 22136320, 22136320, 22136320, 22136320, 22136320, 22136320, 22136320, 22136320, 22136320, 22136320, 22133280, 22133280, 22133280, 22133280, 22133280, 22133280, 22133280, 22133280, 22133280, 22133280, 22133280, 22133280, 22133280, 22133280, 22133280, 22133280, 22133280, 22133280, 22133280, 22133280, 22133280, 22133280, 22133280, 22093397, 22093397, 22093397]",0,0,0
0,35,meta-llama/Llama-3.1-70B,7,142,4336021694,7451477940,3115456246,3154837,25586136,23058732,"[21681957, 31917928, 21795012, 21795012, 21795012, 21795012, 91289503, 41040913, 22133280, 31481662, 22345324, 22345324, 22345324, 22345324, 22345324, 22345324, 22345324, 22345324, 22345324, 23487793, 23140944, 22284637, 22284637, 22284637, 22284637, 24477684, 22325890, 22967379, 22405882, 22330690, 29221500, 22405882, 22405882, 23374110, 23603584, 22431436, 22431436, 22431436, 22431436, 22431436, 22431436, 22431436, 22431436, 22418961, 22418961, 22418961, 22418961, 22418961, 22404762, 22404762, 22404762, 22330690, 22285357, 22285357, 22285357, 22285357, 22285357, 22285357, 22285357, 22285357, 22285357, 22285357, 22285357, 22285357, 22285357, 22285357, 22285357, 22285357, 22285357, 22346684, 22346684, 22136320, 22136320, 22136320, 22136320, 22136320, 22136320, 22136320, 22136320, 22136320, 22136320, 22133280, 22133280, 22133280, 22133280, 22133280, 22133280, 22133280, 22133280, 22133280, 22133280, 22133280, 22133280, 22133280, 22133280, 22133280, 22133280, 22133280, 22133280, 22133280, 22133280, 22133280, 22133280, 22133280, 22093397, 22093397, 22093397, 21829874, 21829874, 21829874, 21829874, 21829874, 21829874, 21829874, 21829874, 21829874, 21829874, 21829874, 21829874, 21829874, 21829874, 21829874, 21829874, 21829874, 21829874, 21829874, 21829874, 21829874, 21829874, 21829874, 21829874, 21829874, 21829874, 21829874]",0,0,0
0,6,meta-llama/Llama-3.1-70B,43,293,1610813767,7473271032,5862457265,17988297,40092676,23382990,"[20866658, 20866658, 20866658, 20866658, 20866658, 20866658, 20866658, 20866658, 20960902, 20913325, 20913325, 20913325, 20913325, 22768135, 20366546, 20366546, 20366546, 20366546, 20366546, 40865105, 20448196, 20448196, 20448196, 20448196, 20448196, 20448196, 20448196, 20448196, 20448196, 20448196, 20448196, 20448196, 20448196, 20448196, 20448196, 25368092, 20506643, 20506643, 20506643, 20506643, 20506643, 20506643, 20506643, 21394902, 92969985, 23216395, 20776664, 20776664, 21564585, 21012673, 21012673, 23114981, 36467527, 21197006, 21197006, 21197006, 23233592, 100456203, 27063562, 32672005, 21521586, 21521586, 21521586, 21521586, 21521586, 21521586, 22752342, 22228680, 21567930, 21567930, 82018727, 21579982, 24776834, 21694746, 21694746, 21694746, 22431299, 31577037, 21795012, 21795012, 21795012, 21795012, 21795012, 21795012, 21761555, 21681957, 21681957, 21681957, 21681957, 21681957, 22461532, 21694746, 21694746, 21694746, 21694746, 21694746, 21694746, 21694746, 21694746, 21694746, 21694746, 21694746, 21694746, 21694746, 21694746, 21694746, 22588565, 21694746, 21694746, 21694746, 21694746, 21694746, 21694746, 22431299, 21681957, 31917928, 21795012, 21795012, 21795012, 21795012, 91289503, 41040913, 22133280, 31481662, 22345324, 22345324, 22345324, 22345324, 22345324, 22345324, 22345324, 22345324, 22345324, 23487793, 23140944, 22284637, 22284637, 22284637, 22284637, 24477684, 22325890, 22967379, 22405882, 22330690, 29221500, 22405882, 22405882, 23374110, 23603584, 22431436, 22431436, 22431436, 22431436, 22431436, 22431436, 22431436, 22431436, 22418961, 22418961, 22418961, 22418961, 22418961, 22404762, 22404762, 22404762, 22330690, 22285357, 22285357, 22285357, 22285357, 22285357, 22285357, 22285357, 22285357, 22285357, 22285357, 22285357, 22285357, 22285357, 22285357, 22285357, 22285357, 22285357, 22346684, 22346684, 22136320, 22136320, 22136320, 22136320, 22136320, 22136320, 22136320, 22136320, 22136320, 22136320, 22133280, 22133280, 22133280, 22133280, 22133280, 22133280, 22133280, 22133280, 22133280, 22133280, 22133280, 22133280, 22133280, 22133280, 22133280, 22133280, 22133280, 22133280, 22133280, 22133280, 22133280, 22133280, 22133280, 22093397, 22093397, 22093397, 21829874, 21829874, 21829874, 21829874, 21829874, 21829874, 21829874, 21829874, 21829874, 21829874, 21829874, 21829874, 21829874, 21829874, 21829874, 21829874, 21829874, 21829874, 21829874, 21829874, 21829874, 21829874, 21829874, 21829874, 21829874, 21829874, 21829874, 21793092]",0,0,0
0,10,meta-llama/Llama-3.1-70B,340,572,2029050004,7516792222,5487742218,18004770,58869875,23501611,"[20448196, 20448196, 20448196, 20448196, 20448196, 20448196, 20448196, 20448196, 20448196, 20448196, 20448196, 20448196, 20448196, 20448196, 20448196, 25368092, 20506643, 20506643, 20506643, 20506643, 20506643, 20506643, 20506643, 21394902, 92969985, 23216395, 20776664, 20776664, 21564585, 21012673, 21012673, 23114981, 36467527, 21197006, 21197006, 21197006, 23233592, 100456203, 27063562, 32672005, 21521586, 21521586, 21521586, 21521586, 21521586, 21521586, 22752342, 22228680, 21567930, 21567930, 82018727, 21579982, 24776834, 21694746, 21694746, 21694746, 22431299, 31577037, 21795012, 21795012, 21795012, 21795012, 21795012, 21795012, 21761555, 21681957, 21681957, 21681957, 21681957, 21681957, 22461532, 21694746, 21694746, 21694746, 21694746, 21694746, 21694746, 21694746, 21694746, 21694746, 21694746, 21694746, 21694746, 21694746, 21694746, 21694746, 22588565, 21694746, 21694746, 21694746, 21694746, 21694746, 21694746, 22431299, 21681957, 31917928, 21795012, 21795012, 21795012, 21795012, 91289503, 41040913, 22133280, 31481662, 22345324, 22345324, 22345324, 22345324, 22345324, 22345324, 22345324, 22345324, 22345324, 23487793, 23140944, 22284637, 22284637, 22284637, 22284637, 24477684, 22325890, 22967379, 22405882, 22330690, 29221500, 22405882, 22405882, 23374110, 23603584, 22431436, 22431436, 22431436, 22431436, 22431436, 22431436, 22431436, 22431436, 22418961, 22418961, 22418961, 22418961, 22418961, 22404762, 22404762, 22404762, 22330690, 22285357, 22285357, 22285357, 22285357, 22285357, 22285357, 22285357, 22285357, 22285357, 22285357, 22285357, 22285357, 22285357, 22285357, 22285357, 22285357, 22285357, 22346684, 22346684, 22136320, 22136320, 22136320, 22136320, 22136320, 22136320, 22136320, 22136320, 22136320, 22136320, 22133280, 22133280, 22133280, 22133280, 22133280, 22133280, 22133280, 22133280, 22133280, 22133280, 22133280, 22133280, 22133280, 22133280, 22133280, 22133280, 22133280, 22133280, 22133280, 22133280, 22133280, 22133280, 22133280, 22093397, 22093397, 22093397, 21829874, 21829874, 21829874, 21829874, 21829874, 21829874, 21829874, 21829874, 21829874, 21829874, 21829874, 21829874, 21829874, 21829874, 21829874, 21829874, 21829874, 21829874, 21829874, 21829874, 21829874, 21829874, 21829874, 21829874, 21829874, 21829874, 21829874, 21793092, 21760595, 21760595]",0,0,0
0,24,meta-llama/Llama-3.1-70B,266,463,3074623946,7625195047,4550571101,5584890,38256895,23022011,"[21521586, 21521586, 21521586, 21521586, 21521586, 21521586, 22752342, 22228680, 21567930, 21567930, 82018727, 21579982, 24776834, 21694746, 21694746, 21694746, 22431299, 31577037, 21795012, 21795012, 21795012, 21795012, 21795012, 21795012, 21761555, 21681957, 21681957, 21681957, 21681957, 21681957, 22461532, 21694746, 21694746, 21694746, 21694746, 21694746, 21694746, 21694746, 21694746, 21694746, 21694746, 21694746, 21694746, 21694746, 21694746, 21694746, 22588565, 21694746, 21694746, 21694746, 21694746, 21694746, 21694746, 22431299, 21681957, 31917928, 21795012, 21795012, 21795012, 21795012, 91289503, 41040913, 22133280, 31481662, 22345324, 22345324, 22345324, 22345324, 22345324, 22345324, 22345324, 22345324, 22345324, 23487793, 23140944, 22284637, 22284637, 22284637, 22284637, 24477684, 22325890, 22967379, 22405882, 22330690, 29221500, 22405882, 22405882, 23374110, 23603584, 22431436, 22431436, 22431436, 22431436, 22431436, 22431436, 22431436, 22431436, 22418961, 22418961, 22418961, 22418961, 22418961, 22404762, 22404762, 22404762, 22330690, 22285357, 22285357, 22285357, 22285357, 22285357, 22285357, 22285357, 22285357, 22285357, 22285357, 22285357, 22285357, 22285357, 22285357, 22285357, 22285357, 22285357, 22346684, 22346684, 22136320, 22136320, 22136320, 22136320, 22136320, 22136320, 22136320, 22136320, 22136320, 22136320, 22133280, 22133280, 22133280, 22133280, 22133280, 22133280, 22133280, 22133280, 22133280, 22133280, 22133280, 22133280, 22133280, 22133280, 22133280, 22133280, 22133280, 22133280, 22133280, 22133280, 22133280, 22133280, 22133280, 22093397, 22093397, 22093397, 21829874, 21829874, 21829874, 21829874, 21829874, 21829874, 21829874, 21829874, 21829874, 21829874, 21829874, 21829874, 21829874, 21829874, 21829874, 21829874, 21829874, 21829874, 21829874, 21829874, 21829874, 21829874, 21829874, 21829874, 21829874, 21829874, 21829874, 21793092, 21760595, 21760595, 21680277, 21680277, 21680277, 21680277, 21681717]",0,0,0
0,8,meta-llama/Llama-3.1-70B,61,310,1903845068,7755368163,5851523095,18608841,41376976,23428008,"[20366546, 20366546, 20366546, 20366546, 20366546, 40865105, 20448196, 20448196, 20448196, 20448196, 20448196, 20448196, 20448196, 20448196, 20448196, 20448196, 20448196, 20448196, 20448196, 20448196, 20448196, 25368092, 20506643, 20506643, 20506643, 20506643, 20506643, 20506643, 20506643, 21394902, 92969985, 23216395, 20776664, 20776664, 21564585, 21012673, 21012673, 23114981, 36467527, 21197006, 21197006, 21197006, 23233592, 100456203, 27063562, 32672005, 21521586, 21521586, 21521586, 21521586, 21521586, 21521586, 22752342, 22228680, 21567930, 21567930, 82018727, 21579982, 24776834, 21694746, 21694746, 21694746, 22431299, 31577037, 21795012, 21795012, 21795012, 21795012, 21795012, 21795012, 21761555, 21681957, 21681957, 21681957, 21681957, 21681957, 22461532, 21694746, 21694746, 21694746, 21694746, 21694746, 21694746, 21694746, 21694746, 21694746, 21694746, 21694746, 21694746, 21694746, 21694746, 21694746, 22588565, 21694746, 21694746, 21694746, 21694746, 21694746, 21694746, 22431299, 21681957, 31917928, 21795012, 21795012, 21795012, 21795012, 91289503, 41040913, 22133280, 31481662, 22345324, 22345324, 22345324, 22345324, 22345324, 22345324, 22345324, 22345324, 22345324, 23487793, 23140944, 22284637, 22284637, 22284637, 22284637, 24477684, 22325890, 22967379, 22405882, 22330690, 29221500, 22405882, 22405882, 23374110, 23603584, 22431436, 22431436, 22431436, 22431436, 22431436, 22431436, 22431436, 22431436, 22418961, 22418961, 22418961, 22418961, 22418961, 22404762, 22404762, 22404762, 22330690, 22285357, 22285357, 22285357, 22285357, 22285357, 22285357, 22285357, 22285357, 22285357, 22285357, 22285357, 22285357, 22285357, 22285357, 22285357, 22285357, 22285357, 22346684, 22346684, 22136320, 22136320, 22136320, 22136320, 22136320, 22136320, 22136320, 22136320, 22136320, 22136320, 22133280, 22133280, 22133280, 22133280, 22133280, 22133280, 22133280, 22133280, 22133280, 22133280, 22133280, 22133280, 22133280, 22133280, 22133280, 22133280, 22133280, 22133280, 22133280, 22133280, 22133280, 22133280, 22133280, 22093397, 22093397, 22093397, 21829874, 21829874, 21829874, 21829874, 21829874, 21829874, 21829874, 21829874, 21829874, 21829874, 21829874, 21829874, 21829874, 21829874, 21829874, 21829874, 21829874, 21829874, 21829874, 21829874, 21829874, 21829874, 21829874, 21829874, 21829874, 21829874, 21829874, 21793092, 21760595, 21760595, 21680277, 21680277, 21680277, 21680277, 21681717, 21695066, 21695066, 21695066, 21695066, 21696426, 21696426]",0,0,0
0,20,meta-llama/Llama-3.1-70B,54,262,2918527754,7798626203,4880098449,10927725,34161317,23410324,"[100456203, 27063562, 32672005, 21521586, 21521586, 21521586, 21521586, 21521586, 21521586, 22752342, 22228680, 21567930, 21567930, 82018727, 21579982, 24776834, 21694746, 21694746, 21694746, 22431299, 31577037, 21795012, 21795012, 21795012, 21795012, 21795012, 21795012, 21761555, 21681957, 21681957, 21681957, 21681957, 21681957, 22461532, 21694746, 21694746, 21694746, 21694746, 21694746, 21694746, 21694746, 21694746, 21694746, 21694746, 21694746, 21694746, 21694746, 21694746, 21694746, 22588565, 21694746, 21694746, 21694746, 21694746, 21694746, 21694746, 22431299, 21681957, 31917928, 21795012, 21795012, 21795012, 21795012, 91289503, 41040913, 22133280, 31481662, 22345324, 22345324, 22345324, 22345324, 22345324, 22345324, 22345324, 22345324, 22345324, 23487793, 23140944, 22284637, 22284637, 22284637, 22284637, 24477684, 22325890, 22967379, 22405882, 22330690, 29221500, 22405882, 22405882, 23374110, 23603584, 22431436, 22431436, 22431436, 22431436, 22431436, 22431436, 22431436, 22431436, 22418961, 22418961, 22418961, 22418961, 22418961, 22404762, 22404762, 22404762, 22330690, 22285357, 22285357, 22285357, 22285357, 22285357, 22285357, 22285357, 22285357, 22285357, 22285357, 22285357, 22285357, 22285357, 22285357, 22285357, 22285357, 22285357, 22346684, 22346684, 22136320, 22136320, 22136320, 22136320, 22136320, 22136320, 22136320, 22136320, 22136320, 22136320, 22133280, 22133280, 22133280, 22133280, 22133280, 22133280, 22133280, 22133280, 22133280, 22133280, 22133280, 22133280, 22133280, 22133280, 22133280, 22133280, 22133280, 22133280, 22133280, 22133280, 22133280, 22133280, 22133280, 22093397, 22093397, 22093397, 21829874, 21829874, 21829874, 21829874, 21829874, 21829874, 21829874, 21829874, 21829874, 21829874, 21829874, 21829874, 21829874, 21829874, 21829874, 21829874, 21829874, 21829874, 21829874, 21829874, 21829874, 21829874, 21829874, 21829874, 21829874, 21829874, 21829874, 21793092, 21760595, 21760595, 21680277, 21680277, 21680277, 21680277, 21681717, 21695066, 21695066, 21695066, 21695066, 21696426, 21696426, 21629020, 21629020]",0,0,0
0,25,meta-llama/Llama-3.1-70B,27,232,3228417547,7949688877,4721271330,13592810,36345152,22965324,"[22228680, 21567930, 21567930, 82018727, 21579982, 24776834, 21694746, 21694746, 21694746, 22431299, 31577037, 21795012, 21795012, 21795012, 21795012, 21795012, 21795012, 21761555, 21681957, 21681957, 21681957, 21681957, 21681957, 22461532, 21694746, 21694746, 21694746, 21694746, 21694746, 21694746, 21694746, 21694746, 21694746, 21694746, 21694746, 21694746, 21694746, 21694746, 21694746, 22588565, 21694746, 21694746, 21694746, 21694746, 21694746, 21694746, 22431299, 21681957, 31917928, 21795012, 21795012, 21795012, 21795012, 91289503, 41040913, 22133280, 31481662, 22345324, 22345324, 22345324, 22345324, 22345324, 22345324, 22345324, 22345324, 22345324, 23487793, 23140944, 22284637, 22284637, 22284637, 22284637, 24477684, 22325890, 22967379, 22405882, 22330690, 29221500, 22405882, 22405882, 23374110, 23603584, 22431436, 22431436, 22431436, 22431436, 22431436, 22431436, 22431436, 22431436, 22418961, 22418961, 22418961, 22418961, 22418961, 22404762, 22404762, 22404762, 22330690, 22285357, 22285357, 22285357, 22285357, 22285357, 22285357, 22285357, 22285357, 22285357, 22285357, 22285357, 22285357, 22285357, 22285357, 22285357, 22285357, 22285357, 22346684, 22346684, 22136320, 22136320, 22136320, 22136320, 22136320, 22136320, 22136320, 22136320, 22136320, 22136320, 22133280, 22133280, 22133280, 22133280, 22133280, 22133280, 22133280, 22133280, 22133280, 22133280, 22133280, 22133280, 22133280, 22133280, 22133280, 22133280, 22133280, 22133280, 22133280, 22133280, 22133280, 22133280, 22133280, 22093397, 22093397, 22093397, 21829874, 21829874, 21829874, 21829874, 21829874, 21829874, 21829874, 21829874, 21829874, 21829874, 21829874, 21829874, 21829874, 21829874, 21829874, 21829874, 21829874, 21829874, 21829874, 21829874, 21829874, 21829874, 21829874, 21829874, 21829874, 21829874, 21829874, 21793092, 21760595, 21760595, 21680277, 21680277, 21680277, 21680277, 21681717, 21695066, 21695066, 21695066, 21695066, 21696426, 21696426, 21629020, 21629020, 21580382, 21580382, 21580382, 21580382, 21580382, 21580382, 21580382]",0,0,0
0,7,meta-llama/Llama-3.1-70B,7,284,1811936853,8251666777,6439729924,5902854,26863756,23235022,"[20913325, 20913325, 20913325, 20913325, 22768135, 20366546, 20366546, 20366546, 20366546, 20366546, 40865105, 20448196, 20448196, 20448196, 20448196, 20448196, 20448196, 20448196, 20448196, 20448196, 20448196, 20448196, 20448196, 20448196, 20448196, 20448196, 25368092, 20506643, 20506643, 20506643, 20506643, 20506643, 20506643, 20506643, 21394902, 92969985, 23216395, 20776664, 20776664, 21564585, 21012673, 21012673, 23114981, 36467527, 21197006, 21197006, 21197006, 23233592, 100456203, 27063562, 32672005, 21521586, 21521586, 21521586, 21521586, 21521586, 21521586, 22752342, 22228680, 21567930, 21567930, 82018727, 21579982, 24776834, 21694746, 21694746, 21694746, 22431299, 31577037, 21795012, 21795012, 21795012, 21795012, 21795012, 21795012, 21761555, 21681957, 21681957, 21681957, 21681957, 21681957, 22461532, 21694746, 21694746, 21694746, 21694746, 21694746, 21694746, 21694746, 21694746, 21694746, 21694746, 21694746, 21694746, 21694746, 21694746, 21694746, 22588565, 21694746, 21694746, 21694746, 21694746, 21694746, 21694746, 22431299, 21681957, 31917928, 21795012, 21795012, 21795012, 21795012, 91289503, 41040913, 22133280, 31481662, 22345324, 22345324, 22345324, 22345324, 22345324, 22345324, 22345324, 22345324, 22345324, 23487793, 23140944, 22284637, 22284637, 22284637, 22284637, 24477684, 22325890, 22967379, 22405882, 22330690, 29221500, 22405882, 22405882, 23374110, 23603584, 22431436, 22431436, 22431436, 22431436, 22431436, 22431436, 22431436, 22431436, 22418961, 22418961, 22418961, 22418961, 22418961, 22404762, 22404762, 22404762, 22330690, 22285357, 22285357, 22285357, 22285357, 22285357, 22285357, 22285357, 22285357, 22285357, 22285357, 22285357, 22285357, 22285357, 22285357, 22285357, 22285357, 22285357, 22346684, 22346684, 22136320, 22136320, 22136320, 22136320, 22136320, 22136320, 22136320, 22136320, 22136320, 22136320, 22133280, 22133280, 22133280, 22133280, 22133280, 22133280, 22133280, 22133280, 22133280, 22133280, 22133280, 22133280, 22133280, 22133280, 22133280, 22133280, 22133280, 22133280, 22133280, 22133280, 22133280, 22133280, 22133280, 22093397, 22093397, 22093397, 21829874, 21829874, 21829874, 21829874, 21829874, 21829874, 21829874, 21829874, 21829874, 21829874, 21829874, 21829874, 21829874, 21829874, 21829874, 21829874, 21829874, 21829874, 21829874, 21829874, 21829874, 21829874, 21829874, 21829874, 21829874, 21829874, 21829874, 21793092, 21760595, 21760595, 21680277, 21680277, 21680277, 21680277, 21681717, 21695066, 21695066, 21695066, 21695066, 21696426, 21696426, 21629020, 21629020, 21580382, 21580382, 21580382, 21580382, 21580382, 21580382, 21580382, 21569850, 21569850, 21569850, 21569850, 21569850, 21569850, 21569850, 21569850, 21569850, 21569850, 21569850, 21569850, 21569850, 21569850]",0,0,0
0,28,meta-llama/Llama-3.1-70B,20,233,3412644520,8251666777,4839022257,21081428,45858262,22609264,"[21694746, 21694746, 21694746, 22431299, 31577037, 21795012, 21795012, 21795012, 21795012, 21795012, 21795012, 21761555, 21681957, 21681957, 21681957, 21681957, 21681957, 22461532, 21694746, 21694746, 21694746, 21694746, 21694746, 21694746, 21694746, 21694746, 21694746, 21694746, 21694746, 21694746, 21694746, 21694746, 21694746, 22588565, 21694746, 21694746, 21694746, 21694746, 21694746, 21694746, 22431299, 21681957, 31917928, 21795012, 21795012, 21795012, 21795012, 91289503, 41040913, 22133280, 31481662, 22345324, 22345324, 22345324, 22345324, 22345324, 22345324, 22345324, 22345324, 22345324, 23487793, 23140944, 22284637, 22284637, 22284637, 22284637, 24477684, 22325890, 22967379, 22405882, 22330690, 29221500, 22405882, 22405882, 23374110, 23603584, 22431436, 22431436, 22431436, 22431436, 22431436, 22431436, 22431436, 22431436, 22418961, 22418961, 22418961, 22418961, 22418961, 22404762, 22404762, 22404762, 22330690, 22285357, 22285357, 22285357, 22285357, 22285357, 22285357, 22285357, 22285357, 22285357, 22285357, 22285357, 22285357, 22285357, 22285357, 22285357, 22285357, 22285357, 22346684, 22346684, 22136320, 22136320, 22136320, 22136320, 22136320, 22136320, 22136320, 22136320, 22136320, 22136320, 22133280, 22133280, 22133280, 22133280, 22133280, 22133280, 22133280, 22133280, 22133280, 22133280, 22133280, 22133280, 22133280, 22133280, 22133280, 22133280, 22133280, 22133280, 22133280, 22133280, 22133280, 22133280, 22133280, 22093397, 22093397, 22093397, 21829874, 21829874, 21829874, 21829874, 21829874, 21829874, 21829874, 21829874, 21829874, 21829874, 21829874, 21829874, 21829874, 21829874, 21829874, 21829874, 21829874, 21829874, 21829874, 21829874, 21829874, 21829874, 21829874, 21829874, 21829874, 21829874, 21829874, 21793092, 21760595, 21760595, 21680277, 21680277, 21680277, 21680277, 21681717, 21695066, 21695066, 21695066, 21695066, 21696426, 21696426, 21629020, 21629020, 21580382, 21580382, 21580382, 21580382, 21580382, 21580382, 21580382, 21569850, 21569850, 21569850, 21569850, 21569850, 21569850, 21569850, 21569850, 21569850, 21569850, 21569850, 21569850, 21569850, 21569850]",0,0,0
0,33,meta-llama/Llama-3.1-70B,12,209,3833725503,8294714589,4460989086,4811265,27272797,22621001,"[21694746, 21694746, 21694746, 21694746, 21694746, 21694746, 21694746, 21694746, 21694746, 21694746, 21694746, 21694746, 21694746, 21694746, 21694746, 22588565, 21694746, 21694746, 21694746, 21694746, 21694746, 21694746, 22431299, 21681957, 31917928, 21795012, 21795012, 21795012, 21795012, 91289503, 41040913, 22133280, 31481662, 22345324, 22345324, 22345324, 22345324, 22345324, 22345324, 22345324, 22345324, 22345324, 23487793, 23140944, 22284637, 22284637, 22284637, 22284637, 24477684, 22325890, 22967379, 22405882, 22330690, 29221500, 22405882, 22405882, 23374110, 23603584, 22431436, 22431436, 22431436, 22431436, 22431436, 22431436, 22431436, 22431436, 22418961, 22418961, 22418961, 22418961, 22418961, 22404762, 22404762, 22404762, 22330690, 22285357, 22285357, 22285357, 22285357, 22285357, 22285357, 22285357, 22285357, 22285357, 22285357, 22285357, 22285357, 22285357, 22285357, 22285357, 22285357, 22285357, 22346684, 22346684, 22136320, 22136320, 22136320, 22136320, 22136320, 22136320, 22136320, 22136320, 22136320, 22136320, 22133280, 22133280, 22133280, 22133280, 22133280, 22133280, 22133280, 22133280, 22133280, 22133280, 22133280, 22133280, 22133280, 22133280, 22133280, 22133280, 22133280, 22133280, 22133280, 22133280, 22133280, 22133280, 22133280, 22093397, 22093397, 22093397, 21829874, 21829874, 21829874, 21829874, 21829874, 21829874, 21829874, 21829874, 21829874, 21829874, 21829874, 21829874, 21829874, 21829874, 21829874, 21829874, 21829874, 21829874, 21829874, 21829874, 21829874, 21829874, 21829874, 21829874, 21829874, 21829874, 21829874, 21793092, 21760595, 21760595, 21680277, 21680277, 21680277, 21680277, 21681717, 21695066, 21695066, 21695066, 21695066, 21696426, 21696426, 21629020, 21629020, 21580382, 21580382, 21580382, 21580382, 21580382, 21580382, 21580382, 21569850, 21569850, 21569850, 21569850, 21569850, 21569850, 21569850, 21569850, 21569850, 21569850, 21569850, 21569850, 21569850, 21569850, 21523906, 21523906]",0,0,0
0,14,meta-llama/Llama-3.1-70B,42,298,2601985365,8594948495,5992963130,75936934,99153329,23112979,"[20776664, 20776664, 21564585, 21012673, 21012673, 23114981, 36467527, 21197006, 21197006, 21197006, 23233592, 100456203, 27063562, 32672005, 21521586, 21521586, 21521586, 21521586, 21521586, 21521586, 22752342, 22228680, 21567930, 21567930, 82018727, 21579982, 24776834, 21694746, 21694746, 21694746, 22431299, 31577037, 21795012, 21795012, 21795012, 21795012, 21795012, 21795012, 21761555, 21681957, 21681957, 21681957, 21681957, 21681957, 22461532, 21694746, 21694746, 21694746, 21694746, 21694746, 21694746, 21694746, 21694746, 21694746, 21694746, 21694746, 21694746, 21694746, 21694746, 21694746, 22588565, 21694746, 21694746, 21694746, 21694746, 21694746, 21694746, 22431299, 21681957, 31917928, 21795012, 21795012, 21795012, 21795012, 91289503, 41040913, 22133280, 31481662, 22345324, 22345324, 22345324, 22345324, 22345324, 22345324, 22345324, 22345324, 22345324, 23487793, 23140944, 22284637, 22284637, 22284637, 22284637, 24477684, 22325890, 22967379, 22405882, 22330690, 29221500, 22405882, 22405882, 23374110, 23603584, 22431436, 22431436, 22431436, 22431436, 22431436, 22431436, 22431436, 22431436, 22418961, 22418961, 22418961, 22418961, 22418961, 22404762, 22404762, 22404762, 22330690, 22285357, 22285357, 22285357, 22285357, 22285357, 22285357, 22285357, 22285357, 22285357, 22285357, 22285357, 22285357, 22285357, 22285357, 22285357, 22285357, 22285357, 22346684, 22346684, 22136320, 22136320, 22136320, 22136320, 22136320, 22136320, 22136320, 22136320, 22136320, 22136320, 22133280, 22133280, 22133280, 22133280, 22133280, 22133280, 22133280, 22133280, 22133280, 22133280, 22133280, 22133280, 22133280, 22133280, 22133280, 22133280, 22133280, 22133280, 22133280, 22133280, 22133280, 22133280, 22133280, 22093397, 22093397, 22093397, 21829874, 21829874, 21829874, 21829874, 21829874, 21829874, 21829874, 21829874, 21829874, 21829874, 21829874, 21829874, 21829874, 21829874, 21829874, 21829874, 21829874, 21829874, 21829874, 21829874, 21829874, 21829874, 21829874, 21829874, 21829874, 21829874, 21829874, 21793092, 21760595, 21760595, 21680277, 21680277, 21680277, 21680277, 21681717, 21695066, 21695066, 21695066, 21695066, 21696426, 21696426, 21629020, 21629020, 21580382, 21580382, 21580382, 21580382, 21580382, 21580382, 21580382, 21569850, 21569850, 21569850, 21569850, 21569850, 21569850, 21569850, 21569850, 21569850, 21569850, 21569850, 21569850, 21569850, 21569850, 21523906, 21523906, 21445279, 21445279, 21445279, 21445279, 21445279, 21445279, 21445279, 21445279, 21445279, 21445279, 21445279, 21445279, 21445279, 21445279]",0,0,0
0,45,meta-llama/Llama-3.1-70B,60,229,5019395331,8745002994,3725607663,5812991,30290675,21995934,"[22325890, 22967379, 22405882, 22330690, 29221500, 22405882, 22405882, 23374110, 23603584, 22431436, 22431436, 22431436, 22431436, 22431436, 22431436, 22431436, 22431436, 22418961, 22418961, 22418961, 22418961, 22418961, 22404762, 22404762, 22404762, 22330690, 22285357, 22285357, 22285357, 22285357, 22285357, 22285357, 22285357, 22285357, 22285357, 22285357, 22285357, 22285357, 22285357, 22285357, 22285357, 22285357, 22285357, 22346684, 22346684, 22136320, 22136320, 22136320, 22136320, 22136320, 22136320, 22136320, 22136320, 22136320, 22136320, 22133280, 22133280, 22133280, 22133280, 22133280, 22133280, 22133280, 22133280, 22133280, 22133280, 22133280, 22133280, 22133280, 22133280, 22133280, 22133280, 22133280, 22133280, 22133280, 22133280, 22133280, 22133280, 22133280, 22093397, 22093397, 22093397, 21829874, 21829874, 21829874, 21829874, 21829874, 21829874, 21829874, 21829874, 21829874, 21829874, 21829874, 21829874, 21829874, 21829874, 21829874, 21829874, 21829874, 21829874, 21829874, 21829874, 21829874, 21829874, 21829874, 21829874, 21829874, 21829874, 21829874, 21793092, 21760595, 21760595, 21680277, 21680277, 21680277, 21680277, 21681717, 21695066, 21695066, 21695066, 21695066, 21696426, 21696426, 21629020, 21629020, 21580382, 21580382, 21580382, 21580382, 21580382, 21580382, 21580382, 21569850, 21569850, 21569850, 21569850, 21569850, 21569850, 21569850, 21569850, 21569850, 21569850, 21569850, 21569850, 21569850, 21569850, 21523906, 21523906, 21445279, 21445279, 21445279, 21445279, 21445279, 21445279, 21445279, 21445279, 21445279, 21445279, 21445279, 21445279, 21445279, 21445279, 21436357, 21436357, 21436357, 21436357, 21436357, 21436357, 21436357]",0,0,0
0,0,meta-llama/Llama-3.1-70B,299,648,1046926808,9001814130,7954887322,73192,32121621,22766568,"[19977399, 19977399, 19977399, 19977399, 19977399, 19977399, 19977399, 19977399, 19977399, 19977399, 19977399, 19977399, 19977399, 19977399, 21555961, 20452306, 20452306, 20452306, 20452306, 20452306, 21822786, 20526323, 20526323, 20526323, 20526323, 21029824, 21294656, 22104379, 20866658, 20866658, 20866658, 20866658, 20866658, 20866658, 20866658, 20866658, 20960902, 20913325, 20913325, 20913325, 20913325, 22768135, 20366546, 20366546, 20366546, 20366546, 20366546, 40865105, 20448196, 20448196, 20448196, 20448196, 20448196, 20448196, 20448196, 20448196, 20448196, 20448196, 20448196, 20448196, 20448196, 20448196, 20448196, 25368092, 20506643, 20506643, 20506643, 20506643, 20506643, 20506643, 20506643, 21394902, 92969985, 23216395, 20776664, 20776664, 21564585, 21012673, 21012673, 23114981, 36467527, 21197006, 21197006, 21197006, 23233592, 100456203, 27063562, 32672005, 21521586, 21521586, 21521586, 21521586, 21521586, 21521586, 22752342, 22228680, 21567930, 21567930, 82018727, 21579982, 24776834, 21694746, 21694746, 21694746, 22431299, 31577037, 21795012, 21795012, 21795012, 21795012, 21795012, 21795012, 21761555, 21681957, 21681957, 21681957, 21681957, 21681957, 22461532, 21694746, 21694746, 21694746, 21694746, 21694746, 21694746, 21694746, 21694746, 21694746, 21694746, 21694746, 21694746, 21694746, 21694746, 21694746, 22588565, 21694746, 21694746, 21694746, 21694746, 21694746, 21694746, 22431299, 21681957, 31917928, 21795012, 21795012, 21795012, 21795012, 91289503, 41040913, 22133280, 31481662, 22345324, 22345324, 22345324, 22345324, 22345324, 22345324, 22345324, 22345324, 22345324, 23487793, 23140944, 22284637, 22284637, 22284637, 22284637, 24477684, 22325890, 22967379, 22405882, 22330690, 29221500, 22405882, 22405882, 23374110, 23603584, 22431436, 22431436, 22431436, 22431436, 22431436, 22431436, 22431436, 22431436, 22418961, 22418961, 22418961, 22418961, 22418961, 22404762, 22404762, 22404762, 22330690, 22285357, 22285357, 22285357, 22285357, 22285357, 22285357, 22285357, 22285357, 22285357, 22285357, 22285357, 22285357, 22285357, 22285357, 22285357, 22285357, 22285357, 22346684, 22346684, 22136320, 22136320, 22136320, 22136320, 22136320, 22136320, 22136320, 22136320, 22136320, 22136320, 22133280, 22133280, 22133280, 22133280, 22133280, 22133280, 22133280, 22133280, 22133280, 22133280, 22133280, 22133280, 22133280, 22133280, 22133280, 22133280, 22133280, 22133280, 22133280, 22133280, 22133280, 22133280, 22133280, 22093397, 22093397, 22093397, 21829874, 21829874, 21829874, 21829874, 21829874, 21829874, 21829874, 21829874, 21829874, 21829874, 21829874, 21829874, 21829874, 21829874, 21829874, 21829874, 21829874, 21829874, 21829874, 21829874, 21829874, 21829874, 21829874, 21829874, 21829874, 21829874, 21829874, 21793092, 21760595, 21760595, 21680277, 21680277, 21680277, 21680277, 21681717, 21695066, 21695066, 21695066, 21695066, 21696426, 21696426, 21629020, 21629020, 21580382, 21580382, 21580382, 21580382, 21580382, 21580382, 21580382, 21569850, 21569850, 21569850, 21569850, 21569850, 21569850, 21569850, 21569850, 21569850, 21569850, 21569850, 21569850, 21569850, 21569850, 21523906, 21523906, 21445279, 21445279, 21445279, 21445279, 21445279, 21445279, 21445279, 21445279, 21445279, 21445279, 21445279, 21445279, 21445279, 21445279, 21436357, 21436357, 21436357, 21436357, 21436357, 21436357, 21436357, 21400928, 21400928, 21400928, 21400928, 21400928, 21400928, 21400928, 21400928, 21400928, 21400928, 21400928, 21400928]",0,0,0
0,36,meta-llama/Llama-3.1-70B,61,270,4372350479,9087223574,4714873095,10939308,42857236,22461614,"[21795012, 21795012, 21795012, 21795012, 91289503, 41040913, 22133280, 31481662, 22345324, 22345324, 22345324, 22345324, 22345324, 22345324, 22345324, 22345324, 22345324, 23487793, 23140944, 22284637, 22284637, 22284637, 22284637, 24477684, 22325890, 22967379, 22405882, 22330690, 29221500, 22405882, 22405882, 23374110, 23603584, 22431436, 22431436, 22431436, 22431436, 22431436, 22431436, 22431436, 22431436, 22418961, 22418961, 22418961, 22418961, 22418961, 22404762, 22404762, 22404762, 22330690, 22285357, 22285357, 22285357, 22285357, 22285357, 22285357, 22285357, 22285357, 22285357, 22285357, 22285357, 22285357, 22285357, 22285357, 22285357, 22285357, 22285357, 22346684, 22346684, 22136320, 22136320, 22136320, 22136320, 22136320, 22136320, 22136320, 22136320, 22136320, 22136320, 22133280, 22133280, 22133280, 22133280, 22133280, 22133280, 22133280, 22133280, 22133280, 22133280, 22133280, 22133280, 22133280, 22133280, 22133280, 22133280, 22133280, 22133280, 22133280, 22133280, 22133280, 22133280, 22133280, 22093397, 22093397, 22093397, 21829874, 21829874, 21829874, 21829874, 21829874, 21829874, 21829874, 21829874, 21829874, 21829874, 21829874, 21829874, 21829874, 21829874, 21829874, 21829874, 21829874, 21829874, 21829874, 21829874, 21829874, 21829874, 21829874, 21829874, 21829874, 21829874, 21829874, 21793092, 21760595, 21760595, 21680277, 21680277, 21680277, 21680277, 21681717, 21695066, 21695066, 21695066, 21695066, 21696426, 21696426, 21629020, 21629020, 21580382, 21580382, 21580382, 21580382, 21580382, 21580382, 21580382, 21569850, 21569850, 21569850, 21569850, 21569850, 21569850, 21569850, 21569850, 21569850, 21569850, 21569850, 21569850, 21569850, 21569850, 21523906, 21523906, 21445279, 21445279, 21445279, 21445279, 21445279, 21445279, 21445279, 21445279, 21445279, 21445279, 21445279, 21445279, 21445279, 21445279, 21436357, 21436357, 21436357, 21436357, 21436357, 21436357, 21436357, 21400928, 21400928, 21400928, 21400928, 21400928, 21400928, 21400928, 21400928, 21400928, 21400928, 21400928, 21400928, 21352361, 21352361, 21352361, 21352361]",0,0,0
0,17,meta-llama/Llama-3.1-70B,9,291,2732914662,9215008970,6482094308,9777360,31341945,22956414,"[21012673, 21012673, 23114981, 36467527, 21197006, 21197006, 21197006, 23233592, 100456203, 27063562, 32672005, 21521586, 21521586, 21521586, 21521586, 21521586, 21521586, 22752342, 22228680, 21567930, 21567930, 82018727, 21579982, 24776834, 21694746, 21694746, 21694746, 22431299, 31577037, 21795012, 21795012, 21795012, 21795012, 21795012, 21795012, 21761555, 21681957, 21681957, 21681957, 21681957, 21681957, 22461532, 21694746, 21694746, 21694746, 21694746, 21694746, 21694746, 21694746, 21694746, 21694746, 21694746, 21694746, 21694746, 21694746, 21694746, 21694746, 22588565, 21694746, 21694746, 21694746, 21694746, 21694746, 21694746, 22431299, 21681957, 31917928, 21795012, 21795012, 21795012, 21795012, 91289503, 41040913, 22133280, 31481662, 22345324, 22345324, 22345324, 22345324, 22345324, 22345324, 22345324, 22345324, 22345324, 23487793, 23140944, 22284637, 22284637, 22284637, 22284637, 24477684, 22325890, 22967379, 22405882, 22330690, 29221500, 22405882, 22405882, 23374110, 23603584, 22431436, 22431436, 22431436, 22431436, 22431436, 22431436, 22431436, 22431436, 22418961, 22418961, 22418961, 22418961, 22418961, 22404762, 22404762, 22404762, 22330690, 22285357, 22285357, 22285357, 22285357, 22285357, 22285357, 22285357, 22285357, 22285357, 22285357, 22285357, 22285357, 22285357, 22285357, 22285357, 22285357, 22285357, 22346684, 22346684, 22136320, 22136320, 22136320, 22136320, 22136320, 22136320, 22136320, 22136320, 22136320, 22136320, 22133280, 22133280, 22133280, 22133280, 22133280, 22133280, 22133280, 22133280, 22133280, 22133280, 22133280, 22133280, 22133280, 22133280, 22133280, 22133280, 22133280, 22133280, 22133280, 22133280, 22133280, 22133280, 22133280, 22093397, 22093397, 22093397, 21829874, 21829874, 21829874, 21829874, 21829874, 21829874, 21829874, 21829874, 21829874, 21829874, 21829874, 21829874, 21829874, 21829874, 21829874, 21829874, 21829874, 21829874, 21829874, 21829874, 21829874, 21829874, 21829874, 21829874, 21829874, 21829874, 21829874, 21793092, 21760595, 21760595, 21680277, 21680277, 21680277, 21680277, 21681717, 21695066, 21695066, 21695066, 21695066, 21696426, 21696426, 21629020, 21629020, 21580382, 21580382, 21580382, 21580382, 21580382, 21580382, 21580382, 21569850, 21569850, 21569850, 21569850, 21569850, 21569850, 21569850, 21569850, 21569850, 21569850, 21569850, 21569850, 21569850, 21569850, 21523906, 21523906, 21445279, 21445279, 21445279, 21445279, 21445279, 21445279, 21445279, 21445279, 21445279, 21445279, 21445279, 21445279, 21445279, 21445279, 21436357, 21436357, 21436357, 21436357, 21436357, 21436357, 21436357, 21400928, 21400928, 21400928, 21400928, 21400928, 21400928, 21400928, 21400928, 21400928, 21400928, 21400928, 21400928, 21352361, 21352361, 21352361, 21352361, 21297566, 21297566, 21297566, 21297566, 21297566, 21297566]",0,0,0
0,49,meta-llama/Llama-3.1-70B,22,204,5229722316,9215008970,3985286654,7400905,31004489,21846862,"[22431436, 22431436, 22431436, 22431436, 22431436, 22431436, 22431436, 22431436, 22418961, 22418961, 22418961, 22418961, 22418961, 22404762, 22404762, 22404762, 22330690, 22285357, 22285357, 22285357, 22285357, 22285357, 22285357, 22285357, 22285357, 22285357, 22285357, 22285357, 22285357, 22285357, 22285357, 22285357, 22285357, 22285357, 22346684, 22346684, 22136320, 22136320, 22136320, 22136320, 22136320, 22136320, 22136320, 22136320, 22136320, 22136320, 22133280, 22133280, 22133280, 22133280, 22133280, 22133280, 22133280, 22133280, 22133280, 22133280, 22133280, 22133280, 22133280, 22133280, 22133280, 22133280, 22133280, 22133280, 22133280, 22133280, 22133280, 22133280, 22133280, 22093397, 22093397, 22093397, 21829874, 21829874, 21829874, 21829874, 21829874, 21829874, 21829874, 21829874, 21829874, 21829874, 21829874, 21829874, 21829874, 21829874, 21829874, 21829874, 21829874, 21829874, 21829874, 21829874, 21829874, 21829874, 21829874, 21829874, 21829874, 21829874, 21829874, 21793092, 21760595, 21760595, 21680277, 21680277, 21680277, 21680277, 21681717, 21695066, 21695066, 21695066, 21695066, 21696426, 21696426, 21629020, 21629020, 21580382, 21580382, 21580382, 21580382, 21580382, 21580382, 21580382, 21569850, 21569850, 21569850, 21569850, 21569850, 21569850, 21569850, 21569850, 21569850, 21569850, 21569850, 21569850, 21569850, 21569850, 21523906, 21523906, 21445279, 21445279, 21445279, 21445279, 21445279, 21445279, 21445279, 21445279, 21445279, 21445279, 21445279, 21445279, 21445279, 21445279, 21436357, 21436357, 21436357, 21436357, 21436357, 21436357, 21436357, 21400928, 21400928, 21400928, 21400928, 21400928, 21400928, 21400928, 21400928, 21400928, 21400928, 21400928, 21400928, 21352361, 21352361, 21352361, 21352361, 21297566, 21297566, 21297566, 21297566, 21297566, 21297566]",0,0,0
0,40,meta-llama/Llama-3.1-70B,343,556,4568927593,9299088462,4730160869,24749673,65790586,22001746,"[22133280, 31481662, 22345324, 22345324, 22345324, 22345324, 22345324, 22345324, 22345324, 22345324, 22345324, 23487793, 23140944, 22284637, 22284637, 22284637, 22284637, 24477684, 22325890, 22967379, 22405882, 22330690, 29221500, 22405882, 22405882, 23374110, 23603584, 22431436, 22431436, 22431436, 22431436, 22431436, 22431436, 22431436, 22431436, 22418961, 22418961, 22418961, 22418961, 22418961, 22404762, 22404762, 22404762, 22330690, 22285357, 22285357, 22285357, 22285357, 22285357, 22285357, 22285357, 22285357, 22285357, 22285357, 22285357, 22285357, 22285357, 22285357, 22285357, 22285357, 22285357, 22346684, 22346684, 22136320, 22136320, 22136320, 22136320, 22136320, 22136320, 22136320, 22136320, 22136320, 22136320, 22133280, 22133280, 22133280, 22133280, 22133280, 22133280, 22133280, 22133280, 22133280, 22133280, 22133280, 22133280, 22133280, 22133280, 22133280, 22133280, 22133280, 22133280, 22133280, 22133280, 22133280, 22133280, 22133280, 22093397, 22093397, 22093397, 21829874, 21829874, 21829874, 21829874, 21829874, 21829874, 21829874, 21829874, 21829874, 21829874, 21829874, 21829874, 21829874, 21829874, 21829874, 21829874, 21829874, 21829874, 21829874, 21829874, 21829874, 21829874, 21829874, 21829874, 21829874, 21829874, 21829874, 21793092, 21760595, 21760595, 21680277, 21680277, 21680277, 21680277, 21681717, 21695066, 21695066, 21695066, 21695066, 21696426, 21696426, 21629020, 21629020, 21580382, 21580382, 21580382, 21580382, 21580382, 21580382, 21580382, 21569850, 21569850, 21569850, 21569850, 21569850, 21569850, 21569850, 21569850, 21569850, 21569850, 21569850, 21569850, 21569850, 21569850, 21523906, 21523906, 21445279, 21445279, 21445279, 21445279, 21445279, 21445279, 21445279, 21445279, 21445279, 21445279, 21445279, 21445279, 21445279, 21445279, 21436357, 21436357, 21436357, 21436357, 21436357, 21436357, 21436357, 21400928, 21400928, 21400928, 21400928, 21400928, 21400928, 21400928, 21400928, 21400928, 21400928, 21400928, 21400928, 21352361, 21352361, 21352361, 21352361, 21297566, 21297566, 21297566, 21297566, 21297566, 21297566, 21019873, 21019873, 21019873, 21019873]",0,0,0
0,41,meta-llama/Llama-3.1-70B,3,216,4637282315,9340667230,4703384915,19569144,51050806,21944972,"[22345324, 22345324, 22345324, 22345324, 22345324, 22345324, 22345324, 22345324, 22345324, 23487793, 23140944, 22284637, 22284637, 22284637, 22284637, 24477684, 22325890, 22967379, 22405882, 22330690, 29221500, 22405882, 22405882, 23374110, 23603584, 22431436, 22431436, 22431436, 22431436, 22431436, 22431436, 22431436, 22431436, 22418961, 22418961, 22418961, 22418961, 22418961, 22404762, 22404762, 22404762, 22330690, 22285357, 22285357, 22285357, 22285357, 22285357, 22285357, 22285357, 22285357, 22285357, 22285357, 22285357, 22285357, 22285357, 22285357, 22285357, 22285357, 22285357, 22346684, 22346684, 22136320, 22136320, 22136320, 22136320, 22136320, 22136320, 22136320, 22136320, 22136320, 22136320, 22133280, 22133280, 22133280, 22133280, 22133280, 22133280, 22133280, 22133280, 22133280, 22133280, 22133280, 22133280, 22133280, 22133280, 22133280, 22133280, 22133280, 22133280, 22133280, 22133280, 22133280, 22133280, 22133280, 22093397, 22093397, 22093397, 21829874, 21829874, 21829874, 21829874, 21829874, 21829874, 21829874, 21829874, 21829874, 21829874, 21829874, 21829874, 21829874, 21829874, 21829874, 21829874, 21829874, 21829874, 21829874, 21829874, 21829874, 21829874, 21829874, 21829874, 21829874, 21829874, 21829874, 21793092, 21760595, 21760595, 21680277, 21680277, 21680277, 21680277, 21681717, 21695066, 21695066, 21695066, 21695066, 21696426, 21696426, 21629020, 21629020, 21580382, 21580382, 21580382, 21580382, 21580382, 21580382, 21580382, 21569850, 21569850, 21569850, 21569850, 21569850, 21569850, 21569850, 21569850, 21569850, 21569850, 21569850, 21569850, 21569850, 21569850, 21523906, 21523906, 21445279, 21445279, 21445279, 21445279, 21445279, 21445279, 21445279, 21445279, 21445279, 21445279, 21445279, 21445279, 21445279, 21445279, 21436357, 21436357, 21436357, 21436357, 21436357, 21436357, 21436357, 21400928, 21400928, 21400928, 21400928, 21400928, 21400928, 21400928, 21400928, 21400928, 21400928, 21400928, 21400928, 21352361, 21352361, 21352361, 21352361, 21297566, 21297566, 21297566, 21297566, 21297566, 21297566, 21019873, 21019873, 21019873, 21019873, 20789384, 20789384]",0,0,0
0,13,meta-llama/Llama-3.1-70B,1118,1413,2581917467,9402633358,6820715891,3034847,96004832,22873166,"[23216395, 20776664, 20776664, 21564585, 21012673, 21012673, 23114981, 36467527, 21197006, 21197006, 21197006, 23233592, 100456203, 27063562, 32672005, 21521586, 21521586, 21521586, 21521586, 21521586, 21521586, 22752342, 22228680, 21567930, 21567930, 82018727, 21579982, 24776834, 21694746, 21694746, 21694746, 22431299, 31577037, 21795012, 21795012, 21795012, 21795012, 21795012, 21795012, 21761555, 21681957, 21681957, 21681957, 21681957, 21681957, 22461532, 21694746, 21694746, 21694746, 21694746, 21694746, 21694746, 21694746, 21694746, 21694746, 21694746, 21694746, 21694746, 21694746, 21694746, 21694746, 22588565, 21694746, 21694746, 21694746, 21694746, 21694746, 21694746, 22431299, 21681957, 31917928, 21795012, 21795012, 21795012, 21795012, 91289503, 41040913, 22133280, 31481662, 22345324, 22345324, 22345324, 22345324, 22345324, 22345324, 22345324, 22345324, 22345324, 23487793, 23140944, 22284637, 22284637, 22284637, 22284637, 24477684, 22325890, 22967379, 22405882, 22330690, 29221500, 22405882, 22405882, 23374110, 23603584, 22431436, 22431436, 22431436, 22431436, 22431436, 22431436, 22431436, 22431436, 22418961, 22418961, 22418961, 22418961, 22418961, 22404762, 22404762, 22404762, 22330690, 22285357, 22285357, 22285357, 22285357, 22285357, 22285357, 22285357, 22285357, 22285357, 22285357, 22285357, 22285357, 22285357, 22285357, 22285357, 22285357, 22285357, 22346684, 22346684, 22136320, 22136320, 22136320, 22136320, 22136320, 22136320, 22136320, 22136320, 22136320, 22136320, 22133280, 22133280, 22133280, 22133280, 22133280, 22133280, 22133280, 22133280, 22133280, 22133280, 22133280, 22133280, 22133280, 22133280, 22133280, 22133280, 22133280, 22133280, 22133280, 22133280, 22133280, 22133280, 22133280, 22093397, 22093397, 22093397, 21829874, 21829874, 21829874, 21829874, 21829874, 21829874, 21829874, 21829874, 21829874, 21829874, 21829874, 21829874, 21829874, 21829874, 21829874, 21829874, 21829874, 21829874, 21829874, 21829874, 21829874, 21829874, 21829874, 21829874, 21829874, 21829874, 21829874, 21793092, 21760595, 21760595, 21680277, 21680277, 21680277, 21680277, 21681717, 21695066, 21695066, 21695066, 21695066, 21696426, 21696426, 21629020, 21629020, 21580382, 21580382, 21580382, 21580382, 21580382, 21580382, 21580382, 21569850, 21569850, 21569850, 21569850, 21569850, 21569850, 21569850, 21569850, 21569850, 21569850, 21569850, 21569850, 21569850, 21569850, 21523906, 21523906, 21445279, 21445279, 21445279, 21445279, 21445279, 21445279, 21445279, 21445279, 21445279, 21445279, 21445279, 21445279, 21445279, 21445279, 21436357, 21436357, 21436357, 21436357, 21436357, 21436357, 21436357, 21400928, 21400928, 21400928, 21400928, 21400928, 21400928, 21400928, 21400928, 21400928, 21400928, 21400928, 21400928, 21352361, 21352361, 21352361, 21352361, 21297566, 21297566, 21297566, 21297566, 21297566, 21297566, 21019873, 21019873, 21019873, 21019873, 20789384, 20789384, 20655376, 20655376, 20655376]",0,0,0
0,30,meta-llama/Llama-3.1-70B,7,274,3510934206,9485317486,5974383280,12652814,35084113,22328192,"[31577037, 21795012, 21795012, 21795012, 21795012, 21795012, 21795012, 21761555, 21681957, 21681957, 21681957, 21681957, 21681957, 22461532, 21694746, 21694746, 21694746, 21694746, 21694746, 21694746, 21694746, 21694746, 21694746, 21694746, 21694746, 21694746, 21694746, 21694746, 21694746, 22588565, 21694746, 21694746, 21694746, 21694746, 21694746, 21694746, 22431299, 21681957, 31917928, 21795012, 21795012, 21795012, 21795012, 91289503, 41040913, 22133280, 31481662, 22345324, 22345324, 22345324, 22345324, 22345324, 22345324, 22345324, 22345324, 22345324, 23487793, 23140944, 22284637, 22284637, 22284637, 22284637, 24477684, 22325890, 22967379, 22405882, 22330690, 29221500, 22405882, 22405882, 23374110, 23603584, 22431436, 22431436, 22431436, 22431436, 22431436, 22431436, 22431436, 22431436, 22418961, 22418961, 22418961, 22418961, 22418961, 22404762, 22404762, 22404762, 22330690, 22285357, 22285357, 22285357, 22285357, 22285357, 22285357, 22285357, 22285357, 22285357, 22285357, 22285357, 22285357, 22285357, 22285357, 22285357, 22285357, 22285357, 22346684, 22346684, 22136320, 22136320, 22136320, 22136320, 22136320, 22136320, 22136320, 22136320, 22136320, 22136320, 22133280, 22133280, 22133280, 22133280, 22133280, 22133280, 22133280, 22133280, 22133280, 22133280, 22133280, 22133280, 22133280, 22133280, 22133280, 22133280, 22133280, 22133280, 22133280, 22133280, 22133280, 22133280, 22133280, 22093397, 22093397, 22093397, 21829874, 21829874, 21829874, 21829874, 21829874, 21829874, 21829874, 21829874, 21829874, 21829874, 21829874, 21829874, 21829874, 21829874, 21829874, 21829874, 21829874, 21829874, 21829874, 21829874, 21829874, 21829874, 21829874, 21829874, 21829874, 21829874, 21829874, 21793092, 21760595, 21760595, 21680277, 21680277, 21680277, 21680277, 21681717, 21695066, 21695066, 21695066, 21695066, 21696426, 21696426, 21629020, 21629020, 21580382, 21580382, 21580382, 21580382, 21580382, 21580382, 21580382, 21569850, 21569850, 21569850, 21569850, 21569850, 21569850, 21569850, 21569850, 21569850, 21569850, 21569850, 21569850, 21569850, 21569850, 21523906, 21523906, 21445279, 21445279, 21445279, 21445279, 21445279, 21445279, 21445279, 21445279, 21445279, 21445279, 21445279, 21445279, 21445279, 21445279, 21436357, 21436357, 21436357, 21436357, 21436357, 21436357, 21436357, 21400928, 21400928, 21400928, 21400928, 21400928, 21400928, 21400928, 21400928, 21400928, 21400928, 21400928, 21400928, 21352361, 21352361, 21352361, 21352361, 21297566, 21297566, 21297566, 21297566, 21297566, 21297566, 21019873, 21019873, 21019873, 21019873, 20789384, 20789384, 20655376, 20655376, 20655376, 20671032, 20671032, 20671032, 20671032]",0,0,0
0,18,meta-llama/Llama-3.1-70B,53,359,2789468368,9774164254,6984695886,16813585,39928566,22769728,"[36467527, 21197006, 21197006, 21197006, 23233592, 100456203, 27063562, 32672005, 21521586, 21521586, 21521586, 21521586, 21521586, 21521586, 22752342, 22228680, 21567930, 21567930, 82018727, 21579982, 24776834, 21694746, 21694746, 21694746, 22431299, 31577037, 21795012, 21795012, 21795012, 21795012, 21795012, 21795012, 21761555, 21681957, 21681957, 21681957, 21681957, 21681957, 22461532, 21694746, 21694746, 21694746, 21694746, 21694746, 21694746, 21694746, 21694746, 21694746, 21694746, 21694746, 21694746, 21694746, 21694746, 21694746, 22588565, 21694746, 21694746, 21694746, 21694746, 21694746, 21694746, 22431299, 21681957, 31917928, 21795012, 21795012, 21795012, 21795012, 91289503, 41040913, 22133280, 31481662, 22345324, 22345324, 22345324, 22345324, 22345324, 22345324, 22345324, 22345324, 22345324, 23487793, 23140944, 22284637, 22284637, 22284637, 22284637, 24477684, 22325890, 22967379, 22405882, 22330690, 29221500, 22405882, 22405882, 23374110, 23603584, 22431436, 22431436, 22431436, 22431436, 22431436, 22431436, 22431436, 22431436, 22418961, 22418961, 22418961, 22418961, 22418961, 22404762, 22404762, 22404762, 22330690, 22285357, 22285357, 22285357, 22285357, 22285357, 22285357, 22285357, 22285357, 22285357, 22285357, 22285357, 22285357, 22285357, 22285357, 22285357, 22285357, 22285357, 22346684, 22346684, 22136320, 22136320, 22136320, 22136320, 22136320, 22136320, 22136320, 22136320, 22136320, 22136320, 22133280, 22133280, 22133280, 22133280, 22133280, 22133280, 22133280, 22133280, 22133280, 22133280, 22133280, 22133280, 22133280, 22133280, 22133280, 22133280, 22133280, 22133280, 22133280, 22133280, 22133280, 22133280, 22133280, 22093397, 22093397, 22093397, 21829874, 21829874, 21829874, 21829874, 21829874, 21829874, 21829874, 21829874, 21829874, 21829874, 21829874, 21829874, 21829874, 21829874, 21829874, 21829874, 21829874, 21829874, 21829874, 21829874, 21829874, 21829874, 21829874, 21829874, 21829874, 21829874, 21829874, 21793092, 21760595, 21760595, 21680277, 21680277, 21680277, 21680277, 21681717, 21695066, 21695066, 21695066, 21695066, 21696426, 21696426, 21629020, 21629020, 21580382, 21580382, 21580382, 21580382, 21580382, 21580382, 21580382, 21569850, 21569850, 21569850, 21569850, 21569850, 21569850, 21569850, 21569850, 21569850, 21569850, 21569850, 21569850, 21569850, 21569850, 21523906, 21523906, 21445279, 21445279, 21445279, 21445279, 21445279, 21445279, 21445279, 21445279, 21445279, 21445279, 21445279, 21445279, 21445279, 21445279, 21436357, 21436357, 21436357, 21436357, 21436357, 21436357, 21436357, 21400928, 21400928, 21400928, 21400928, 21400928, 21400928, 21400928, 21400928, 21400928, 21400928, 21400928, 21400928, 21352361, 21352361, 21352361, 21352361, 21297566, 21297566, 21297566, 21297566, 21297566, 21297566, 21019873, 21019873, 21019873, 21019873, 20789384, 20789384, 20655376, 20655376, 20655376, 20671032, 20671032, 20671032, 20671032, 20631912, 20631912, 20631912, 20631912, 20631912, 20631912, 20631912, 20631912, 20631912, 20631912, 20631912, 20631912, 20631912, 20631912]",0,0,0
0,12,meta-llama/Llama-3.1-70B,9,342,2558048705,10165347616,7607298911,5508707,26903609,22832515,"[92969985, 23216395, 20776664, 20776664, 21564585, 21012673, 21012673, 23114981, 36467527, 21197006, 21197006, 21197006, 23233592, 100456203, 27063562, 32672005, 21521586, 21521586, 21521586, 21521586, 21521586, 21521586, 22752342, 22228680, 21567930, 21567930, 82018727, 21579982, 24776834, 21694746, 21694746, 21694746, 22431299, 31577037, 21795012, 21795012, 21795012, 21795012, 21795012, 21795012, 21761555, 21681957, 21681957, 21681957, 21681957, 21681957, 22461532, 21694746, 21694746, 21694746, 21694746, 21694746, 21694746, 21694746, 21694746, 21694746, 21694746, 21694746, 21694746, 21694746, 21694746, 21694746, 22588565, 21694746, 21694746, 21694746, 21694746, 21694746, 21694746, 22431299, 21681957, 31917928, 21795012, 21795012, 21795012, 21795012, 91289503, 41040913, 22133280, 31481662, 22345324, 22345324, 22345324, 22345324, 22345324, 22345324, 22345324, 22345324, 22345324, 23487793, 23140944, 22284637, 22284637, 22284637, 22284637, 24477684, 22325890, 22967379, 22405882, 22330690, 29221500, 22405882, 22405882, 23374110, 23603584, 22431436, 22431436, 22431436, 22431436, 22431436, 22431436, 22431436, 22431436, 22418961, 22418961, 22418961, 22418961, 22418961, 22404762, 22404762, 22404762, 22330690, 22285357, 22285357, 22285357, 22285357, 22285357, 22285357, 22285357, 22285357, 22285357, 22285357, 22285357, 22285357, 22285357, 22285357, 22285357, 22285357, 22285357, 22346684, 22346684, 22136320, 22136320, 22136320, 22136320, 22136320, 22136320, 22136320, 22136320, 22136320, 22136320, 22133280, 22133280, 22133280, 22133280, 22133280, 22133280, 22133280, 22133280, 22133280, 22133280, 22133280, 22133280, 22133280, 22133280, 22133280, 22133280, 22133280, 22133280, 22133280, 22133280, 22133280, 22133280, 22133280, 22093397, 22093397, 22093397, 21829874, 21829874, 21829874, 21829874, 21829874, 21829874, 21829874, 21829874, 21829874, 21829874, 21829874, 21829874, 21829874, 21829874, 21829874, 21829874, 21829874, 21829874, 21829874, 21829874, 21829874, 21829874, 21829874, 21829874, 21829874, 21829874, 21829874, 21793092, 21760595, 21760595, 21680277, 21680277, 21680277, 21680277, 21681717, 21695066, 21695066, 21695066, 21695066, 21696426, 21696426, 21629020, 21629020, 21580382, 21580382, 21580382, 21580382, 21580382, 21580382, 21580382, 21569850, 21569850, 21569850, 21569850, 21569850, 21569850, 21569850, 21569850, 21569850, 21569850, 21569850, 21569850, 21569850, 21569850, 21523906, 21523906, 21445279, 21445279, 21445279, 21445279, 21445279, 21445279, 21445279, 21445279, 21445279, 21445279, 21445279, 21445279, 21445279, 21445279, 21436357, 21436357, 21436357, 21436357, 21436357, 21436357, 21436357, 21400928, 21400928, 21400928, 21400928, 21400928, 21400928, 21400928, 21400928, 21400928, 21400928, 21400928, 21400928, 21352361, 21352361, 21352361, 21352361, 21297566, 21297566, 21297566, 21297566, 21297566, 21297566, 21019873, 21019873, 21019873, 21019873, 20789384, 20789384, 20655376, 20655376, 20655376, 20671032, 20671032, 20671032, 20671032, 20631912, 20631912, 20631912, 20631912, 20631912, 20631912, 20631912, 20631912, 20631912, 20631912, 20631912, 20631912, 20631912, 20631912, 20588598, 20588598, 20588598, 20588598, 20588598, 20588598, 20588598, 20588598, 20588598, 20588598, 20588598, 20588598, 20588598, 20588598, 20588598, 20588598, 20588598, 20588598, 20588598]",0,0,0
0,48,meta-llama/Llama-3.1-70B,19,263,5209283457,10473173661,5263890204,4465654,27839764,21547532,"[23603584, 22431436, 22431436, 22431436, 22431436, 22431436, 22431436, 22431436, 22431436, 22418961, 22418961, 22418961, 22418961, 22418961, 22404762, 22404762, 22404762, 22330690, 22285357, 22285357, 22285357, 22285357, 22285357, 22285357, 22285357, 22285357, 22285357, 22285357, 22285357, 22285357, 22285357, 22285357, 22285357, 22285357, 22285357, 22346684, 22346684, 22136320, 22136320, 22136320, 22136320, 22136320, 22136320, 22136320, 22136320, 22136320, 22136320, 22133280, 22133280, 22133280, 22133280, 22133280, 22133280, 22133280, 22133280, 22133280, 22133280, 22133280, 22133280, 22133280, 22133280, 22133280, 22133280, 22133280, 22133280, 22133280, 22133280, 22133280, 22133280, 22133280, 22093397, 22093397, 22093397, 21829874, 21829874, 21829874, 21829874, 21829874, 21829874, 21829874, 21829874, 21829874, 21829874, 21829874, 21829874, 21829874, 21829874, 21829874, 21829874, 21829874, 21829874, 21829874, 21829874, 21829874, 21829874, 21829874, 21829874, 21829874, 21829874, 21829874, 21793092, 21760595, 21760595, 21680277, 21680277, 21680277, 21680277, 21681717, 21695066, 21695066, 21695066, 21695066, 21696426, 21696426, 21629020, 21629020, 21580382, 21580382, 21580382, 21580382, 21580382, 21580382, 21580382, 21569850, 21569850, 21569850, 21569850, 21569850, 21569850, 21569850, 21569850, 21569850, 21569850, 21569850, 21569850, 21569850, 21569850, 21523906, 21523906, 21445279, 21445279, 21445279, 21445279, 21445279, 21445279, 21445279, 21445279, 21445279, 21445279, 21445279, 21445279, 21445279, 21445279, 21436357, 21436357, 21436357, 21436357, 21436357, 21436357, 21436357, 21400928, 21400928, 21400928, 21400928, 21400928, 21400928, 21400928, 21400928, 21400928, 21400928, 21400928, 21400928, 21352361, 21352361, 21352361, 21352361, 21297566, 21297566, 21297566, 21297566, 21297566, 21297566, 21019873, 21019873, 21019873, 21019873, 20789384, 20789384, 20655376, 20655376, 20655376, 20671032, 20671032, 20671032, 20671032, 20631912, 20631912, 20631912, 20631912, 20631912, 20631912, 20631912, 20631912, 20631912, 20631912, 20631912, 20631912, 20631912, 20631912, 20588598, 20588598, 20588598, 20588598, 20588598, 20588598, 20588598, 20588598, 20588598, 20588598, 20588598, 20588598, 20588598, 20588598, 20588598, 20588598, 20588598, 20588598, 20588598, 20519123, 20521923, 20521923, 20521923, 20521923, 20521923, 20521923, 20521923, 20521923, 20521923, 20521923, 20521923, 20521923, 20521923, 20521923]",0,0,0
0,46,meta-llama/Llama-3.1-70B,8,290,5056749989,11128009213,6071259224,15261907,38229286,21469857,"[22405882, 22330690, 29221500, 22405882, 22405882, 23374110, 23603584, 22431436, 22431436, 22431436, 22431436, 22431436, 22431436, 22431436, 22431436, 22418961, 22418961, 22418961, 22418961, 22418961, 22404762, 22404762, 22404762, 22330690, 22285357, 22285357, 22285357, 22285357, 22285357, 22285357, 22285357, 22285357, 22285357, 22285357, 22285357, 22285357, 22285357, 22285357, 22285357, 22285357, 22285357, 22346684, 22346684, 22136320, 22136320, 22136320, 22136320, 22136320, 22136320, 22136320, 22136320, 22136320, 22136320, 22133280, 22133280, 22133280, 22133280, 22133280, 22133280, 22133280, 22133280, 22133280, 22133280, 22133280, 22133280, 22133280, 22133280, 22133280, 22133280, 22133280, 22133280, 22133280, 22133280, 22133280, 22133280, 22133280, 22093397, 22093397, 22093397, 21829874, 21829874, 21829874, 21829874, 21829874, 21829874, 21829874, 21829874, 21829874, 21829874, 21829874, 21829874, 21829874, 21829874, 21829874, 21829874, 21829874, 21829874, 21829874, 21829874, 21829874, 21829874, 21829874, 21829874, 21829874, 21829874, 21829874, 21793092, 21760595, 21760595, 21680277, 21680277, 21680277, 21680277, 21681717, 21695066, 21695066, 21695066, 21695066, 21696426, 21696426, 21629020, 21629020, 21580382, 21580382, 21580382, 21580382, 21580382, 21580382, 21580382, 21569850, 21569850, 21569850, 21569850, 21569850, 21569850, 21569850, 21569850, 21569850, 21569850, 21569850, 21569850, 21569850, 21569850, 21523906, 21523906, 21445279, 21445279, 21445279, 21445279, 21445279, 21445279, 21445279, 21445279, 21445279, 21445279, 21445279, 21445279, 21445279, 21445279, 21436357, 21436357, 21436357, 21436357, 21436357, 21436357, 21436357, 21400928, 21400928, 21400928, 21400928, 21400928, 21400928, 21400928, 21400928, 21400928, 21400928, 21400928, 21400928, 21352361, 21352361, 21352361, 21352361, 21297566, 21297566, 21297566, 21297566, 21297566, 21297566, 21019873, 21019873, 21019873, 21019873, 20789384, 20789384, 20655376, 20655376, 20655376, 20671032, 20671032, 20671032, 20671032, 20631912, 20631912, 20631912, 20631912, 20631912, 20631912, 20631912, 20631912, 20631912, 20631912, 20631912, 20631912, 20631912, 20631912, 20588598, 20588598, 20588598, 20588598, 20588598, 20588598, 20588598, 20588598, 20588598, 20588598, 20588598, 20588598, 20588598, 20588598, 20588598, 20588598, 20588598, 20588598, 20588598, 20519123, 20521923, 20521923, 20521923, 20521923, 20521923, 20521923, 20521923, 20521923, 20521923, 20521923, 20521923, 20521923, 20521923, 20521923, 20463636, 20463636, 20463636, 20463636, 20463636, 20463636, 20463636, 20463636, 20463636, 20463636, 20463636, 20463636, 20463636, 20463636, 20463636, 20463636, 20463636, 20463636, 20463636, 20463636, 20463636, 20463636, 20463636, 20463636, 20463636, 20463636, 20463636, 20463636, 20463636, 20463636, 20463236, 20463236]",0,0,0
0,21,meta-llama/Llama-3.1-70B,1199,1604,2933551206,11923862507,8990311301,19137865,119594068,21957220,"[27063562, 32672005, 21521586, 21521586, 21521586, 21521586, 21521586, 21521586, 22752342, 22228680, 21567930, 21567930, 82018727, 21579982, 24776834, 21694746, 21694746, 21694746, 22431299, 31577037, 21795012, 21795012, 21795012, 21795012, 21795012, 21795012, 21761555, 21681957, 21681957, 21681957, 21681957, 21681957, 22461532, 21694746, 21694746, 21694746, 21694746, 21694746, 21694746, 21694746, 21694746, 21694746, 21694746, 21694746, 21694746, 21694746, 21694746, 21694746, 22588565, 21694746, 21694746, 21694746, 21694746, 21694746, 21694746, 22431299, 21681957, 31917928, 21795012, 21795012, 21795012, 21795012, 91289503, 41040913, 22133280, 31481662, 22345324, 22345324, 22345324, 22345324, 22345324, 22345324, 22345324, 22345324, 22345324, 23487793, 23140944, 22284637, 22284637, 22284637, 22284637, 24477684, 22325890, 22967379, 22405882, 22330690, 29221500, 22405882, 22405882, 23374110, 23603584, 22431436, 22431436, 22431436, 22431436, 22431436, 22431436, 22431436, 22431436, 22418961, 22418961, 22418961, 22418961, 22418961, 22404762, 22404762, 22404762, 22330690, 22285357, 22285357, 22285357, 22285357, 22285357, 22285357, 22285357, 22285357, 22285357, 22285357, 22285357, 22285357, 22285357, 22285357, 22285357, 22285357, 22285357, 22346684, 22346684, 22136320, 22136320, 22136320, 22136320, 22136320, 22136320, 22136320, 22136320, 22136320, 22136320, 22133280, 22133280, 22133280, 22133280, 22133280, 22133280, 22133280, 22133280, 22133280, 22133280, 22133280, 22133280, 22133280, 22133280, 22133280, 22133280, 22133280, 22133280, 22133280, 22133280, 22133280, 22133280, 22133280, 22093397, 22093397, 22093397, 21829874, 21829874, 21829874, 21829874, 21829874, 21829874, 21829874, 21829874, 21829874, 21829874, 21829874, 21829874, 21829874, 21829874, 21829874, 21829874, 21829874, 21829874, 21829874, 21829874, 21829874, 21829874, 21829874, 21829874, 21829874, 21829874, 21829874, 21793092, 21760595, 21760595, 21680277, 21680277, 21680277, 21680277, 21681717, 21695066, 21695066, 21695066, 21695066, 21696426, 21696426, 21629020, 21629020, 21580382, 21580382, 21580382, 21580382, 21580382, 21580382, 21580382, 21569850, 21569850, 21569850, 21569850, 21569850, 21569850, 21569850, 21569850, 21569850, 21569850, 21569850, 21569850, 21569850, 21569850, 21523906, 21523906, 21445279, 21445279, 21445279, 21445279, 21445279, 21445279, 21445279, 21445279, 21445279, 21445279, 21445279, 21445279, 21445279, 21445279, 21436357, 21436357, 21436357, 21436357, 21436357, 21436357, 21436357, 21400928, 21400928, 21400928, 21400928, 21400928, 21400928, 21400928, 21400928, 21400928, 21400928, 21400928, 21400928, 21352361, 21352361, 21352361, 21352361, 21297566, 21297566, 21297566, 21297566, 21297566, 21297566, 21019873, 21019873, 21019873, 21019873, 20789384, 20789384, 20655376, 20655376, 20655376, 20671032, 20671032, 20671032, 20671032, 20631912, 20631912, 20631912, 20631912, 20631912, 20631912, 20631912, 20631912, 20631912, 20631912, 20631912, 20631912, 20631912, 20631912, 20588598, 20588598, 20588598, 20588598, 20588598, 20588598, 20588598, 20588598, 20588598, 20588598, 20588598, 20588598, 20588598, 20588598, 20588598, 20588598, 20588598, 20588598, 20588598, 20519123, 20521923, 20521923, 20521923, 20521923, 20521923, 20521923, 20521923, 20521923, 20521923, 20521923, 20521923, 20521923, 20521923, 20521923, 20463636, 20463636, 20463636, 20463636, 20463636, 20463636, 20463636, 20463636, 20463636, 20463636, 20463636, 20463636, 20463636, 20463636, 20463636, 20463636, 20463636, 20463636, 20463636, 20463636, 20463636, 20463636, 20463636, 20463636, 20463636, 20463636, 20463636, 20463636, 20463636, 20463636, 20463236, 20463236, 20398306, 20398306, 20398306, 20398306, 20398306, 20398306, 20398306, 20398306, 20398306, 20398306, 20398306, 20398306, 20398306, 20398306, 20398306, 20398306, 20398306, 20398306, 20398306, 20398306, 20398306, 20398306, 20398306, 20398306, 20398306, 20398306, 20398306, 20398306, 20398306, 20398306, 20398306, 20398306, 20398306, 20398306, 20398306, 20398306, 20398306, 20557986, 20557986]",0,0,0
0,39,meta-llama/Llama-3.1-70B,42,392,4555912370,12112604432,7556692062,37764896,78805809,21426608,"[22133280, 31481662, 22345324, 22345324, 22345324, 22345324, 22345324, 22345324, 22345324, 22345324, 22345324, 23487793, 23140944, 22284637, 22284637, 22284637, 22284637, 24477684, 22325890, 22967379, 22405882, 22330690, 29221500, 22405882, 22405882, 23374110, 23603584, 22431436, 22431436, 22431436, 22431436, 22431436, 22431436, 22431436, 22431436, 22418961, 22418961, 22418961, 22418961, 22418961, 22404762, 22404762, 22404762, 22330690, 22285357, 22285357, 22285357, 22285357, 22285357, 22285357, 22285357, 22285357, 22285357, 22285357, 22285357, 22285357, 22285357, 22285357, 22285357, 22285357, 22285357, 22346684, 22346684, 22136320, 22136320, 22136320, 22136320, 22136320, 22136320, 22136320, 22136320, 22136320, 22136320, 22133280, 22133280, 22133280, 22133280, 22133280, 22133280, 22133280, 22133280, 22133280, 22133280, 22133280, 22133280, 22133280, 22133280, 22133280, 22133280, 22133280, 22133280, 22133280, 22133280, 22133280, 22133280, 22133280, 22093397, 22093397, 22093397, 21829874, 21829874, 21829874, 21829874, 21829874, 21829874, 21829874, 21829874, 21829874, 21829874, 21829874, 21829874, 21829874, 21829874, 21829874, 21829874, 21829874, 21829874, 21829874, 21829874, 21829874, 21829874, 21829874, 21829874, 21829874, 21829874, 21829874, 21793092, 21760595, 21760595, 21680277, 21680277, 21680277, 21680277, 21681717, 21695066, 21695066, 21695066, 21695066, 21696426, 21696426, 21629020, 21629020, 21580382, 21580382, 21580382, 21580382, 21580382, 21580382, 21580382, 21569850, 21569850, 21569850, 21569850, 21569850, 21569850, 21569850, 21569850, 21569850, 21569850, 21569850, 21569850, 21569850, 21569850, 21523906, 21523906, 21445279, 21445279, 21445279, 21445279, 21445279, 21445279, 21445279, 21445279, 21445279, 21445279, 21445279, 21445279, 21445279, 21445279, 21436357, 21436357, 21436357, 21436357, 21436357, 21436357, 21436357, 21400928, 21400928, 21400928, 21400928, 21400928, 21400928, 21400928, 21400928, 21400928, 21400928, 21400928, 21400928, 21352361, 21352361, 21352361, 21352361, 21297566, 21297566, 21297566, 21297566, 21297566, 21297566, 21019873, 21019873, 21019873, 21019873, 20789384, 20789384, 20655376, 20655376, 20655376, 20671032, 20671032, 20671032, 20671032, 20631912, 20631912, 20631912, 20631912, 20631912, 20631912, 20631912, 20631912, 20631912, 20631912, 20631912, 20631912, 20631912, 20631912, 20588598, 20588598, 20588598, 20588598, 20588598, 20588598, 20588598, 20588598, 20588598, 20588598, 20588598, 20588598, 20588598, 20588598, 20588598, 20588598, 20588598, 20588598, 20588598, 20519123, 20521923, 20521923, 20521923, 20521923, 20521923, 20521923, 20521923, 20521923, 20521923, 20521923, 20521923, 20521923, 20521923, 20521923, 20463636, 20463636, 20463636, 20463636, 20463636, 20463636, 20463636, 20463636, 20463636, 20463636, 20463636, 20463636, 20463636, 20463636, 20463636, 20463636, 20463636, 20463636, 20463636, 20463636, 20463636, 20463636, 20463636, 20463636, 20463636, 20463636, 20463636, 20463636, 20463636, 20463636, 20463236, 20463236, 20398306, 20398306, 20398306, 20398306, 20398306, 20398306, 20398306, 20398306, 20398306, 20398306, 20398306, 20398306, 20398306, 20398306, 20398306, 20398306, 20398306, 20398306, 20398306, 20398306, 20398306, 20398306, 20398306, 20398306, 20398306, 20398306, 20398306, 20398306, 20398306, 20398306, 20398306, 20398306, 20398306, 20398306, 20398306, 20398306, 20398306, 20557986, 20557986, 20971325, 20971325, 20971325, 20971325, 20971325, 20971325, 20971325, 20971325, 20971325]",0,0,0
0,16,meta-llama/Llama-3.1-70B,13,490,2658521879,13185131750,10526609871,19400420,42616815,22025195,"[20776664, 20776664, 21564585, 21012673, 21012673, 23114981, 36467527, 21197006, 21197006, 21197006, 23233592, 100456203, 27063562, 32672005, 21521586, 21521586, 21521586, 21521586, 21521586, 21521586, 22752342, 22228680, 21567930, 21567930, 82018727, 21579982, 24776834, 21694746, 21694746, 21694746, 22431299, 31577037, 21795012, 21795012, 21795012, 21795012, 21795012, 21795012, 21761555, 21681957, 21681957, 21681957, 21681957, 21681957, 22461532, 21694746, 21694746, 21694746, 21694746, 21694746, 21694746, 21694746, 21694746, 21694746, 21694746, 21694746, 21694746, 21694746, 21694746, 21694746, 22588565, 21694746, 21694746, 21694746, 21694746, 21694746, 21694746, 22431299, 21681957, 31917928, 21795012, 21795012, 21795012, 21795012, 91289503, 41040913, 22133280, 31481662, 22345324, 22345324, 22345324, 22345324, 22345324, 22345324, 22345324, 22345324, 22345324, 23487793, 23140944, 22284637, 22284637, 22284637, 22284637, 24477684, 22325890, 22967379, 22405882, 22330690, 29221500, 22405882, 22405882, 23374110, 23603584, 22431436, 22431436, 22431436, 22431436, 22431436, 22431436, 22431436, 22431436, 22418961, 22418961, 22418961, 22418961, 22418961, 22404762, 22404762, 22404762, 22330690, 22285357, 22285357, 22285357, 22285357, 22285357, 22285357, 22285357, 22285357, 22285357, 22285357, 22285357, 22285357, 22285357, 22285357, 22285357, 22285357, 22285357, 22346684, 22346684, 22136320, 22136320, 22136320, 22136320, 22136320, 22136320, 22136320, 22136320, 22136320, 22136320, 22133280, 22133280, 22133280, 22133280, 22133280, 22133280, 22133280, 22133280, 22133280, 22133280, 22133280, 22133280, 22133280, 22133280, 22133280, 22133280, 22133280, 22133280, 22133280, 22133280, 22133280, 22133280, 22133280, 22093397, 22093397, 22093397, 21829874, 21829874, 21829874, 21829874, 21829874, 21829874, 21829874, 21829874, 21829874, 21829874, 21829874, 21829874, 21829874, 21829874, 21829874, 21829874, 21829874, 21829874, 21829874, 21829874, 21829874, 21829874, 21829874, 21829874, 21829874, 21829874, 21829874, 21793092, 21760595, 21760595, 21680277, 21680277, 21680277, 21680277, 21681717, 21695066, 21695066, 21695066, 21695066, 21696426, 21696426, 21629020, 21629020, 21580382, 21580382, 21580382, 21580382, 21580382, 21580382, 21580382, 21569850, 21569850, 21569850, 21569850, 21569850, 21569850, 21569850, 21569850, 21569850, 21569850, 21569850, 21569850, 21569850, 21569850, 21523906, 21523906, 21445279, 21445279, 21445279, 21445279, 21445279, 21445279, 21445279, 21445279, 21445279, 21445279, 21445279, 21445279, 21445279, 21445279, 21436357, 21436357, 21436357, 21436357, 21436357, 21436357, 21436357, 21400928, 21400928, 21400928, 21400928, 21400928, 21400928, 21400928, 21400928, 21400928, 21400928, 21400928, 21400928, 21352361, 21352361, 21352361, 21352361, 21297566, 21297566, 21297566, 21297566, 21297566, 21297566, 21019873, 21019873, 21019873, 21019873, 20789384, 20789384, 20655376, 20655376, 20655376, 20671032, 20671032, 20671032, 20671032, 20631912, 20631912, 20631912, 20631912, 20631912, 20631912, 20631912, 20631912, 20631912, 20631912, 20631912, 20631912, 20631912, 20631912, 20588598, 20588598, 20588598, 20588598, 20588598, 20588598, 20588598, 20588598, 20588598, 20588598, 20588598, 20588598, 20588598, 20588598, 20588598, 20588598, 20588598, 20588598, 20588598, 20519123, 20521923, 20521923, 20521923, 20521923, 20521923, 20521923, 20521923, 20521923, 20521923, 20521923, 20521923, 20521923, 20521923, 20521923, 20463636, 20463636, 20463636, 20463636, 20463636, 20463636, 20463636, 20463636, 20463636, 20463636, 20463636, 20463636, 20463636, 20463636, 20463636, 20463636, 20463636, 20463636, 20463636, 20463636, 20463636, 20463636, 20463636, 20463636, 20463636, 20463636, 20463636, 20463636, 20463636, 20463636, 20463236, 20463236, 20398306, 20398306, 20398306, 20398306, 20398306, 20398306, 20398306, 20398306, 20398306, 20398306, 20398306, 20398306, 20398306, 20398306, 20398306, 20398306, 20398306, 20398306, 20398306, 20398306, 20398306, 20398306, 20398306, 20398306, 20398306, 20398306, 20398306, 20398306, 20398306, 20398306, 20398306, 20398306, 20398306, 20398306, 20398306, 20398306, 20398306, 20557986, 20557986, 20971325, 20971325, 20971325, 20971325, 20971325, 20971325, 20971325, 20971325, 20971325, 21027538, 21027538, 21027538, 21027538, 21027538, 21027538, 21027538, 21027538, 21027538, 21027538, 21027538, 21027538, 21027538, 21027538, 21027538, 21027538, 21027538, 21027538, 21027538, 21027538, 21027538, 21027538, 21027538, 21027538, 21027538, 21027538, 21027538, 21027538, 21027538, 21027538, 21027538, 21027538, 21027538, 21027538, 21027538, 21027538, 21027538, 21027538, 21027538, 21027538, 21027538, 21027538, 21027538, 21042898, 21042898, 21042898, 21042898, 21042898, 21042898, 21042898, 21042898]",0,0,0
0,42,meta-llama/Llama-3.1-70B,225,641,4640781687,13542326604,8901544917,16069772,47551434,21334924,"[22345324, 22345324, 22345324, 22345324, 22345324, 22345324, 22345324, 22345324, 22345324, 23487793, 23140944, 22284637, 22284637, 22284637, 22284637, 24477684, 22325890, 22967379, 22405882, 22330690, 29221500, 22405882, 22405882, 23374110, 23603584, 22431436, 22431436, 22431436, 22431436, 22431436, 22431436, 22431436, 22431436, 22418961, 22418961, 22418961, 22418961, 22418961, 22404762, 22404762, 22404762, 22330690, 22285357, 22285357, 22285357, 22285357, 22285357, 22285357, 22285357, 22285357, 22285357, 22285357, 22285357, 22285357, 22285357, 22285357, 22285357, 22285357, 22285357, 22346684, 22346684, 22136320, 22136320, 22136320, 22136320, 22136320, 22136320, 22136320, 22136320, 22136320, 22136320, 22133280, 22133280, 22133280, 22133280, 22133280, 22133280, 22133280, 22133280, 22133280, 22133280, 22133280, 22133280, 22133280, 22133280, 22133280, 22133280, 22133280, 22133280, 22133280, 22133280, 22133280, 22133280, 22133280, 22093397, 22093397, 22093397, 21829874, 21829874, 21829874, 21829874, 21829874, 21829874, 21829874, 21829874, 21829874, 21829874, 21829874, 21829874, 21829874, 21829874, 21829874, 21829874, 21829874, 21829874, 21829874, 21829874, 21829874, 21829874, 21829874, 21829874, 21829874, 21829874, 21829874, 21793092, 21760595, 21760595, 21680277, 21680277, 21680277, 21680277, 21681717, 21695066, 21695066, 21695066, 21695066, 21696426, 21696426, 21629020, 21629020, 21580382, 21580382, 21580382, 21580382, 21580382, 21580382, 21580382, 21569850, 21569850, 21569850, 21569850, 21569850, 21569850, 21569850, 21569850, 21569850, 21569850, 21569850, 21569850, 21569850, 21569850, 21523906, 21523906, 21445279, 21445279, 21445279, 21445279, 21445279, 21445279, 21445279, 21445279, 21445279, 21445279, 21445279, 21445279, 21445279, 21445279, 21436357, 21436357, 21436357, 21436357, 21436357, 21436357, 21436357, 21400928, 21400928, 21400928, 21400928, 21400928, 21400928, 21400928, 21400928, 21400928, 21400928, 21400928, 21400928, 21352361, 21352361, 21352361, 21352361, 21297566, 21297566, 21297566, 21297566, 21297566, 21297566, 21019873, 21019873, 21019873, 21019873, 20789384, 20789384, 20655376, 20655376, 20655376, 20671032, 20671032, 20671032, 20671032, 20631912, 20631912, 20631912, 20631912, 20631912, 20631912, 20631912, 20631912, 20631912, 20631912, 20631912, 20631912, 20631912, 20631912, 20588598, 20588598, 20588598, 20588598, 20588598, 20588598, 20588598, 20588598, 20588598, 20588598, 20588598, 20588598, 20588598, 20588598, 20588598, 20588598, 20588598, 20588598, 20588598, 20519123, 20521923, 20521923, 20521923, 20521923, 20521923, 20521923, 20521923, 20521923, 20521923, 20521923, 20521923, 20521923, 20521923, 20521923, 20463636, 20463636, 20463636, 20463636, 20463636, 20463636, 20463636, 20463636, 20463636, 20463636, 20463636, 20463636, 20463636, 20463636, 20463636, 20463636, 20463636, 20463636, 20463636, 20463636, 20463636, 20463636, 20463636, 20463636, 20463636, 20463636, 20463636, 20463636, 20463636, 20463636, 20463236, 20463236, 20398306, 20398306, 20398306, 20398306, 20398306, 20398306, 20398306, 20398306, 20398306, 20398306, 20398306, 20398306, 20398306, 20398306, 20398306, 20398306, 20398306, 20398306, 20398306, 20398306, 20398306, 20398306, 20398306, 20398306, 20398306, 20398306, 20398306, 20398306, 20398306, 20398306, 20398306, 20398306, 20398306, 20398306, 20398306, 20398306, 20398306, 20557986, 20557986, 20971325, 20971325, 20971325, 20971325, 20971325, 20971325, 20971325, 20971325, 20971325, 21027538, 21027538, 21027538, 21027538, 21027538, 21027538, 21027538, 21027538, 21027538, 21027538, 21027538, 21027538, 21027538, 21027538, 21027538, 21027538, 21027538, 21027538, 21027538, 21027538, 21027538, 21027538, 21027538, 21027538, 21027538, 21027538, 21027538, 21027538, 21027538, 21027538, 21027538, 21027538, 21027538, 21027538, 21027538, 21027538, 21027538, 21027538, 21027538, 21027538, 21027538, 21027538, 21027538, 21042898, 21042898, 21042898, 21042898, 21042898, 21042898, 21042898, 21042898, 21011462, 21011462, 21011462, 21011462, 21011462, 21011462, 21011462, 21011462, 21011462, 21011462, 21011462, 21011462, 21011462, 21011462, 21011462, 21011462, 21011462]",0,0,0
0,44,meta-llama/Llama-3.1-70B,16,422,4910769752,13563300779,8652531027,2159078,25300022,21301804,"[22284637, 22284637, 22284637, 22284637, 24477684, 22325890, 22967379, 22405882, 22330690, 29221500, 22405882, 22405882, 23374110, 23603584, 22431436, 22431436, 22431436, 22431436, 22431436, 22431436, 22431436, 22431436, 22418961, 22418961, 22418961, 22418961, 22418961, 22404762, 22404762, 22404762, 22330690, 22285357, 22285357, 22285357, 22285357, 22285357, 22285357, 22285357, 22285357, 22285357, 22285357, 22285357, 22285357, 22285357, 22285357, 22285357, 22285357, 22285357, 22346684, 22346684, 22136320, 22136320, 22136320, 22136320, 22136320, 22136320, 22136320, 22136320, 22136320, 22136320, 22133280, 22133280, 22133280, 22133280, 22133280, 22133280, 22133280, 22133280, 22133280, 22133280, 22133280, 22133280, 22133280, 22133280, 22133280, 22133280, 22133280, 22133280, 22133280, 22133280, 22133280, 22133280, 22133280, 22093397, 22093397, 22093397, 21829874, 21829874, 21829874, 21829874, 21829874, 21829874, 21829874, 21829874, 21829874, 21829874, 21829874, 21829874, 21829874, 21829874, 21829874, 21829874, 21829874, 21829874, 21829874, 21829874, 21829874, 21829874, 21829874, 21829874, 21829874, 21829874, 21829874, 21793092, 21760595, 21760595, 21680277, 21680277, 21680277, 21680277, 21681717, 21695066, 21695066, 21695066, 21695066, 21696426, 21696426, 21629020, 21629020, 21580382, 21580382, 21580382, 21580382, 21580382, 21580382, 21580382, 21569850, 21569850, 21569850, 21569850, 21569850, 21569850, 21569850, 21569850, 21569850, 21569850, 21569850, 21569850, 21569850, 21569850, 21523906, 21523906, 21445279, 21445279, 21445279, 21445279, 21445279, 21445279, 21445279, 21445279, 21445279, 21445279, 21445279, 21445279, 21445279, 21445279, 21436357, 21436357, 21436357, 21436357, 21436357, 21436357, 21436357, 21400928, 21400928, 21400928, 21400928, 21400928, 21400928, 21400928, 21400928, 21400928, 21400928, 21400928, 21400928, 21352361, 21352361, 21352361, 21352361, 21297566, 21297566, 21297566, 21297566, 21297566, 21297566, 21019873, 21019873, 21019873, 21019873, 20789384, 20789384, 20655376, 20655376, 20655376, 20671032, 20671032, 20671032, 20671032, 20631912, 20631912, 20631912, 20631912, 20631912, 20631912, 20631912, 20631912, 20631912, 20631912, 20631912, 20631912, 20631912, 20631912, 20588598, 20588598, 20588598, 20588598, 20588598, 20588598, 20588598, 20588598, 20588598, 20588598, 20588598, 20588598, 20588598, 20588598, 20588598, 20588598, 20588598, 20588598, 20588598, 20519123, 20521923, 20521923, 20521923, 20521923, 20521923, 20521923, 20521923, 20521923, 20521923, 20521923, 20521923, 20521923, 20521923, 20521923, 20463636, 20463636, 20463636, 20463636, 20463636, 20463636, 20463636, 20463636, 20463636, 20463636, 20463636, 20463636, 20463636, 20463636, 20463636, 20463636, 20463636, 20463636, 20463636, 20463636, 20463636, 20463636, 20463636, 20463636, 20463636, 20463636, 20463636, 20463636, 20463636, 20463636, 20463236, 20463236, 20398306, 20398306, 20398306, 20398306, 20398306, 20398306, 20398306, 20398306, 20398306, 20398306, 20398306, 20398306, 20398306, 20398306, 20398306, 20398306, 20398306, 20398306, 20398306, 20398306, 20398306, 20398306, 20398306, 20398306, 20398306, 20398306, 20398306, 20398306, 20398306, 20398306, 20398306, 20398306, 20398306, 20398306, 20398306, 20398306, 20398306, 20557986, 20557986, 20971325, 20971325, 20971325, 20971325, 20971325, 20971325, 20971325, 20971325, 20971325, 21027538, 21027538, 21027538, 21027538, 21027538, 21027538, 21027538, 21027538, 21027538, 21027538, 21027538, 21027538, 21027538, 21027538, 21027538, 21027538, 21027538, 21027538, 21027538, 21027538, 21027538, 21027538, 21027538, 21027538, 21027538, 21027538, 21027538, 21027538, 21027538, 21027538, 21027538, 21027538, 21027538, 21027538, 21027538, 21027538, 21027538, 21027538, 21027538, 21027538, 21027538, 21027538, 21027538, 21042898, 21042898, 21042898, 21042898, 21042898, 21042898, 21042898, 21042898, 21011462, 21011462, 21011462, 21011462, 21011462, 21011462, 21011462, 21011462, 21011462, 21011462, 21011462, 21011462, 21011462, 21011462, 21011462, 21011462, 21011462, 20974175]",0,0,0
0,3,meta-llama/Llama-3.1-70B,14,574,1570907775,13918153951,12347246176,15569809,36599633,22022623,"[21294656, 22104379, 20866658, 20866658, 20866658, 20866658, 20866658, 20866658, 20866658, 20866658, 20960902, 20913325, 20913325, 20913325, 20913325, 22768135, 20366546, 20366546, 20366546, 20366546, 20366546, 40865105, 20448196, 20448196, 20448196, 20448196, 20448196, 20448196, 20448196, 20448196, 20448196, 20448196, 20448196, 20448196, 20448196, 20448196, 20448196, 25368092, 20506643, 20506643, 20506643, 20506643, 20506643, 20506643, 20506643, 21394902, 92969985, 23216395, 20776664, 20776664, 21564585, 21012673, 21012673, 23114981, 36467527, 21197006, 21197006, 21197006, 23233592, 100456203, 27063562, 32672005, 21521586, 21521586, 21521586, 21521586, 21521586, 21521586, 22752342, 22228680, 21567930, 21567930, 82018727, 21579982, 24776834, 21694746, 21694746, 21694746, 22431299, 31577037, 21795012, 21795012, 21795012, 21795012, 21795012, 21795012, 21761555, 21681957, 21681957, 21681957, 21681957, 21681957, 22461532, 21694746, 21694746, 21694746, 21694746, 21694746, 21694746, 21694746, 21694746, 21694746, 21694746, 21694746, 21694746, 21694746, 21694746, 21694746, 22588565, 21694746, 21694746, 21694746, 21694746, 21694746, 21694746, 22431299, 21681957, 31917928, 21795012, 21795012, 21795012, 21795012, 91289503, 41040913, 22133280, 31481662, 22345324, 22345324, 22345324, 22345324, 22345324, 22345324, 22345324, 22345324, 22345324, 23487793, 23140944, 22284637, 22284637, 22284637, 22284637, 24477684, 22325890, 22967379, 22405882, 22330690, 29221500, 22405882, 22405882, 23374110, 23603584, 22431436, 22431436, 22431436, 22431436, 22431436, 22431436, 22431436, 22431436, 22418961, 22418961, 22418961, 22418961, 22418961, 22404762, 22404762, 22404762, 22330690, 22285357, 22285357, 22285357, 22285357, 22285357, 22285357, 22285357, 22285357, 22285357, 22285357, 22285357, 22285357, 22285357, 22285357, 22285357, 22285357, 22285357, 22346684, 22346684, 22136320, 22136320, 22136320, 22136320, 22136320, 22136320, 22136320, 22136320, 22136320, 22136320, 22133280, 22133280, 22133280, 22133280, 22133280, 22133280, 22133280, 22133280, 22133280, 22133280, 22133280, 22133280, 22133280, 22133280, 22133280, 22133280, 22133280, 22133280, 22133280, 22133280, 22133280, 22133280, 22133280, 22093397, 22093397, 22093397, 21829874, 21829874, 21829874, 21829874, 21829874, 21829874, 21829874, 21829874, 21829874, 21829874, 21829874, 21829874, 21829874, 21829874, 21829874, 21829874, 21829874, 21829874, 21829874, 21829874, 21829874, 21829874, 21829874, 21829874, 21829874, 21829874, 21829874, 21793092, 21760595, 21760595, 21680277, 21680277, 21680277, 21680277, 21681717, 21695066, 21695066, 21695066, 21695066, 21696426, 21696426, 21629020, 21629020, 21580382, 21580382, 21580382, 21580382, 21580382, 21580382, 21580382, 21569850, 21569850, 21569850, 21569850, 21569850, 21569850, 21569850, 21569850, 21569850, 21569850, 21569850, 21569850, 21569850, 21569850, 21523906, 21523906, 21445279, 21445279, 21445279, 21445279, 21445279, 21445279, 21445279, 21445279, 21445279, 21445279, 21445279, 21445279, 21445279, 21445279, 21436357, 21436357, 21436357, 21436357, 21436357, 21436357, 21436357, 21400928, 21400928, 21400928, 21400928, 21400928, 21400928, 21400928, 21400928, 21400928, 21400928, 21400928, 21400928, 21352361, 21352361, 21352361, 21352361, 21297566, 21297566, 21297566, 21297566, 21297566, 21297566, 21019873, 21019873, 21019873, 21019873, 20789384, 20789384, 20655376, 20655376, 20655376, 20671032, 20671032, 20671032, 20671032, 20631912, 20631912, 20631912, 20631912, 20631912, 20631912, 20631912, 20631912, 20631912, 20631912, 20631912, 20631912, 20631912, 20631912, 20588598, 20588598, 20588598, 20588598, 20588598, 20588598, 20588598, 20588598, 20588598, 20588598, 20588598, 20588598, 20588598, 20588598, 20588598, 20588598, 20588598, 20588598, 20588598, 20519123, 20521923, 20521923, 20521923, 20521923, 20521923, 20521923, 20521923, 20521923, 20521923, 20521923, 20521923, 20521923, 20521923, 20521923, 20463636, 20463636, 20463636, 20463636, 20463636, 20463636, 20463636, 20463636, 20463636, 20463636, 20463636, 20463636, 20463636, 20463636, 20463636, 20463636, 20463636, 20463636, 20463636, 20463636, 20463636, 20463636, 20463636, 20463636, 20463636, 20463636, 20463636, 20463636, 20463636, 20463636, 20463236, 20463236, 20398306, 20398306, 20398306, 20398306, 20398306, 20398306, 20398306, 20398306, 20398306, 20398306, 20398306, 20398306, 20398306, 20398306, 20398306, 20398306, 20398306, 20398306, 20398306, 20398306, 20398306, 20398306, 20398306, 20398306, 20398306, 20398306, 20398306, 20398306, 20398306, 20398306, 20398306, 20398306, 20398306, 20398306, 20398306, 20398306, 20398306, 20557986, 20557986, 20971325, 20971325, 20971325, 20971325, 20971325, 20971325, 20971325, 20971325, 20971325, 21027538, 21027538, 21027538, 21027538, 21027538, 21027538, 21027538, 21027538, 21027538, 21027538, 21027538, 21027538, 21027538, 21027538, 21027538, 21027538, 21027538, 21027538, 21027538, 21027538, 21027538, 21027538, 21027538, 21027538, 21027538, 21027538, 21027538, 21027538, 21027538, 21027538, 21027538, 21027538, 21027538, 21027538, 21027538, 21027538, 21027538, 21027538, 21027538, 21027538, 21027538, 21027538, 21027538, 21042898, 21042898, 21042898, 21042898, 21042898, 21042898, 21042898, 21042898, 21011462, 21011462, 21011462, 21011462, 21011462, 21011462, 21011462, 21011462, 21011462, 21011462, 21011462, 21011462, 21011462, 21011462, 21011462, 21011462, 21011462, 20974175, 20873716, 20873716, 20873716, 20873716, 20873716, 20873716, 20873716, 20873716, 20873716, 20873716, 20873716, 20873716, 20873716, 20873716, 20873716, 20873716, 20873716]",0,0,0
0,22,meta-llama/Llama-3.1-70B,64,624,2968102757,15195302534,12227199777,85042517,112106079,21672797,"[32672005, 21521586, 21521586, 21521586, 21521586, 21521586, 21521586, 22752342, 22228680, 21567930, 21567930, 82018727, 21579982, 24776834, 21694746, 21694746, 21694746, 22431299, 31577037, 21795012, 21795012, 21795012, 21795012, 21795012, 21795012, 21761555, 21681957, 21681957, 21681957, 21681957, 21681957, 22461532, 21694746, 21694746, 21694746, 21694746, 21694746, 21694746, 21694746, 21694746, 21694746, 21694746, 21694746, 21694746, 21694746, 21694746, 21694746, 22588565, 21694746, 21694746, 21694746, 21694746, 21694746, 21694746, 22431299, 21681957, 31917928, 21795012, 21795012, 21795012, 21795012, 91289503, 41040913, 22133280, 31481662, 22345324, 22345324, 22345324, 22345324, 22345324, 22345324, 22345324, 22345324, 22345324, 23487793, 23140944, 22284637, 22284637, 22284637, 22284637, 24477684, 22325890, 22967379, 22405882, 22330690, 29221500, 22405882, 22405882, 23374110, 23603584, 22431436, 22431436, 22431436, 22431436, 22431436, 22431436, 22431436, 22431436, 22418961, 22418961, 22418961, 22418961, 22418961, 22404762, 22404762, 22404762, 22330690, 22285357, 22285357, 22285357, 22285357, 22285357, 22285357, 22285357, 22285357, 22285357, 22285357, 22285357, 22285357, 22285357, 22285357, 22285357, 22285357, 22285357, 22346684, 22346684, 22136320, 22136320, 22136320, 22136320, 22136320, 22136320, 22136320, 22136320, 22136320, 22136320, 22133280, 22133280, 22133280, 22133280, 22133280, 22133280, 22133280, 22133280, 22133280, 22133280, 22133280, 22133280, 22133280, 22133280, 22133280, 22133280, 22133280, 22133280, 22133280, 22133280, 22133280, 22133280, 22133280, 22093397, 22093397, 22093397, 21829874, 21829874, 21829874, 21829874, 21829874, 21829874, 21829874, 21829874, 21829874, 21829874, 21829874, 21829874, 21829874, 21829874, 21829874, 21829874, 21829874, 21829874, 21829874, 21829874, 21829874, 21829874, 21829874, 21829874, 21829874, 21829874, 21829874, 21793092, 21760595, 21760595, 21680277, 21680277, 21680277, 21680277, 21681717, 21695066, 21695066, 21695066, 21695066, 21696426, 21696426, 21629020, 21629020, 21580382, 21580382, 21580382, 21580382, 21580382, 21580382, 21580382, 21569850, 21569850, 21569850, 21569850, 21569850, 21569850, 21569850, 21569850, 21569850, 21569850, 21569850, 21569850, 21569850, 21569850, 21523906, 21523906, 21445279, 21445279, 21445279, 21445279, 21445279, 21445279, 21445279, 21445279, 21445279, 21445279, 21445279, 21445279, 21445279, 21445279, 21436357, 21436357, 21436357, 21436357, 21436357, 21436357, 21436357, 21400928, 21400928, 21400928, 21400928, 21400928, 21400928, 21400928, 21400928, 21400928, 21400928, 21400928, 21400928, 21352361, 21352361, 21352361, 21352361, 21297566, 21297566, 21297566, 21297566, 21297566, 21297566, 21019873, 21019873, 21019873, 21019873, 20789384, 20789384, 20655376, 20655376, 20655376, 20671032, 20671032, 20671032, 20671032, 20631912, 20631912, 20631912, 20631912, 20631912, 20631912, 20631912, 20631912, 20631912, 20631912, 20631912, 20631912, 20631912, 20631912, 20588598, 20588598, 20588598, 20588598, 20588598, 20588598, 20588598, 20588598, 20588598, 20588598, 20588598, 20588598, 20588598, 20588598, 20588598, 20588598, 20588598, 20588598, 20588598, 20519123, 20521923, 20521923, 20521923, 20521923, 20521923, 20521923, 20521923, 20521923, 20521923, 20521923, 20521923, 20521923, 20521923, 20521923, 20463636, 20463636, 20463636, 20463636, 20463636, 20463636, 20463636, 20463636, 20463636, 20463636, 20463636, 20463636, 20463636, 20463636, 20463636, 20463636, 20463636, 20463636, 20463636, 20463636, 20463636, 20463636, 20463636, 20463636, 20463636, 20463636, 20463636, 20463636, 20463636, 20463636, 20463236, 20463236, 20398306, 20398306, 20398306, 20398306, 20398306, 20398306, 20398306, 20398306, 20398306, 20398306, 20398306, 20398306, 20398306, 20398306, 20398306, 20398306, 20398306, 20398306, 20398306, 20398306, 20398306, 20398306, 20398306, 20398306, 20398306, 20398306, 20398306, 20398306, 20398306, 20398306, 20398306, 20398306, 20398306, 20398306, 20398306, 20398306, 20398306, 20557986, 20557986, 20971325, 20971325, 20971325, 20971325, 20971325, 20971325, 20971325, 20971325, 20971325, 21027538, 21027538, 21027538, 21027538, 21027538, 21027538, 21027538, 21027538, 21027538, 21027538, 21027538, 21027538, 21027538, 21027538, 21027538, 21027538, 21027538, 21027538, 21027538, 21027538, 21027538, 21027538, 21027538, 21027538, 21027538, 21027538, 21027538, 21027538, 21027538, 21027538, 21027538, 21027538, 21027538, 21027538, 21027538, 21027538, 21027538, 21027538, 21027538, 21027538, 21027538, 21027538, 21027538, 21042898, 21042898, 21042898, 21042898, 21042898, 21042898, 21042898, 21042898, 21011462, 21011462, 21011462, 21011462, 21011462, 21011462, 21011462, 21011462, 21011462, 21011462, 21011462, 21011462, 21011462, 21011462, 21011462, 21011462, 21011462, 20974175, 20873716, 20873716, 20873716, 20873716, 20873716, 20873716, 20873716, 20873716, 20873716, 20873716, 20873716, 20873716, 20873716, 20873716, 20873716, 20873716, 20873716, 20847923, 20847923, 20847923, 20847923, 20847923, 20847923, 20847923, 20847923, 20847923, 20847923, 20847923, 20847923, 20958643, 20958643, 20958643, 20958643, 20958643, 20958643, 20958643, 20958643, 20958643, 20958643, 20958643, 20958643, 20958643, 20958643, 20958643, 20958643, 20958643, 20958643, 20958643, 20958643, 20958643, 20958643, 20958643, 20958643, 20958643, 20958643, 20958643, 20958643, 20958643, 20958643, 20958643, 20958643, 20958643, 20958643, 20958643, 20958643, 20958643, 20958643, 20958643, 20958643, 20958643, 20958643, 20958643, 20958643, 20958643, 20958643, 20958643, 20958643, 20958643]",0,0,0
0,1,meta-llama/Llama-3.1-70B,3,665,1347938951,15823439554,14475500603,10793064,32349025,21850456,"[20452306, 20452306, 20452306, 20452306, 20452306, 21822786, 20526323, 20526323, 20526323, 20526323, 21029824, 21294656, 22104379, 20866658, 20866658, 20866658, 20866658, 20866658, 20866658, 20866658, 20866658, 20960902, 20913325, 20913325, 20913325, 20913325, 22768135, 20366546, 20366546, 20366546, 20366546, 20366546, 40865105, 20448196, 20448196, 20448196, 20448196, 20448196, 20448196, 20448196, 20448196, 20448196, 20448196, 20448196, 20448196, 20448196, 20448196, 20448196, 25368092, 20506643, 20506643, 20506643, 20506643, 20506643, 20506643, 20506643, 21394902, 92969985, 23216395, 20776664, 20776664, 21564585, 21012673, 21012673, 23114981, 36467527, 21197006, 21197006, 21197006, 23233592, 100456203, 27063562, 32672005, 21521586, 21521586, 21521586, 21521586, 21521586, 21521586, 22752342, 22228680, 21567930, 21567930, 82018727, 21579982, 24776834, 21694746, 21694746, 21694746, 22431299, 31577037, 21795012, 21795012, 21795012, 21795012, 21795012, 21795012, 21761555, 21681957, 21681957, 21681957, 21681957, 21681957, 22461532, 21694746, 21694746, 21694746, 21694746, 21694746, 21694746, 21694746, 21694746, 21694746, 21694746, 21694746, 21694746, 21694746, 21694746, 21694746, 22588565, 21694746, 21694746, 21694746, 21694746, 21694746, 21694746, 22431299, 21681957, 31917928, 21795012, 21795012, 21795012, 21795012, 91289503, 41040913, 22133280, 31481662, 22345324, 22345324, 22345324, 22345324, 22345324, 22345324, 22345324, 22345324, 22345324, 23487793, 23140944, 22284637, 22284637, 22284637, 22284637, 24477684, 22325890, 22967379, 22405882, 22330690, 29221500, 22405882, 22405882, 23374110, 23603584, 22431436, 22431436, 22431436, 22431436, 22431436, 22431436, 22431436, 22431436, 22418961, 22418961, 22418961, 22418961, 22418961, 22404762, 22404762, 22404762, 22330690, 22285357, 22285357, 22285357, 22285357, 22285357, 22285357, 22285357, 22285357, 22285357, 22285357, 22285357, 22285357, 22285357, 22285357, 22285357, 22285357, 22285357, 22346684, 22346684, 22136320, 22136320, 22136320, 22136320, 22136320, 22136320, 22136320, 22136320, 22136320, 22136320, 22133280, 22133280, 22133280, 22133280, 22133280, 22133280, 22133280, 22133280, 22133280, 22133280, 22133280, 22133280, 22133280, 22133280, 22133280, 22133280, 22133280, 22133280, 22133280, 22133280, 22133280, 22133280, 22133280, 22093397, 22093397, 22093397, 21829874, 21829874, 21829874, 21829874, 21829874, 21829874, 21829874, 21829874, 21829874, 21829874, 21829874, 21829874, 21829874, 21829874, 21829874, 21829874, 21829874, 21829874, 21829874, 21829874, 21829874, 21829874, 21829874, 21829874, 21829874, 21829874, 21829874, 21793092, 21760595, 21760595, 21680277, 21680277, 21680277, 21680277, 21681717, 21695066, 21695066, 21695066, 21695066, 21696426, 21696426, 21629020, 21629020, 21580382, 21580382, 21580382, 21580382, 21580382, 21580382, 21580382, 21569850, 21569850, 21569850, 21569850, 21569850, 21569850, 21569850, 21569850, 21569850, 21569850, 21569850, 21569850, 21569850, 21569850, 21523906, 21523906, 21445279, 21445279, 21445279, 21445279, 21445279, 21445279, 21445279, 21445279, 21445279, 21445279, 21445279, 21445279, 21445279, 21445279, 21436357, 21436357, 21436357, 21436357, 21436357, 21436357, 21436357, 21400928, 21400928, 21400928, 21400928, 21400928, 21400928, 21400928, 21400928, 21400928, 21400928, 21400928, 21400928, 21352361, 21352361, 21352361, 21352361, 21297566, 21297566, 21297566, 21297566, 21297566, 21297566, 21019873, 21019873, 21019873, 21019873, 20789384, 20789384, 20655376, 20655376, 20655376, 20671032, 20671032, 20671032, 20671032, 20631912, 20631912, 20631912, 20631912, 20631912, 20631912, 20631912, 20631912, 20631912, 20631912, 20631912, 20631912, 20631912, 20631912, 20588598, 20588598, 20588598, 20588598, 20588598, 20588598, 20588598, 20588598, 20588598, 20588598, 20588598, 20588598, 20588598, 20588598, 20588598, 20588598, 20588598, 20588598, 20588598, 20519123, 20521923, 20521923, 20521923, 20521923, 20521923, 20521923, 20521923, 20521923, 20521923, 20521923, 20521923, 20521923, 20521923, 20521923, 20463636, 20463636, 20463636, 20463636, 20463636, 20463636, 20463636, 20463636, 20463636, 20463636, 20463636, 20463636, 20463636, 20463636, 20463636, 20463636, 20463636, 20463636, 20463636, 20463636, 20463636, 20463636, 20463636, 20463636, 20463636, 20463636, 20463636, 20463636, 20463636, 20463636, 20463236, 20463236, 20398306, 20398306, 20398306, 20398306, 20398306, 20398306, 20398306, 20398306, 20398306, 20398306, 20398306, 20398306, 20398306, 20398306, 20398306, 20398306, 20398306, 20398306, 20398306, 20398306, 20398306, 20398306, 20398306, 20398306, 20398306, 20398306, 20398306, 20398306, 20398306, 20398306, 20398306, 20398306, 20398306, 20398306, 20398306, 20398306, 20398306, 20557986, 20557986, 20971325, 20971325, 20971325, 20971325, 20971325, 20971325, 20971325, 20971325, 20971325, 21027538, 21027538, 21027538, 21027538, 21027538, 21027538, 21027538, 21027538, 21027538, 21027538, 21027538, 21027538, 21027538, 21027538, 21027538, 21027538, 21027538, 21027538, 21027538, 21027538, 21027538, 21027538, 21027538, 21027538, 21027538, 21027538, 21027538, 21027538, 21027538, 21027538, 21027538, 21027538, 21027538, 21027538, 21027538, 21027538, 21027538, 21027538, 21027538, 21027538, 21027538, 21027538, 21027538, 21042898, 21042898, 21042898, 21042898, 21042898, 21042898, 21042898, 21042898, 21011462, 21011462, 21011462, 21011462, 21011462, 21011462, 21011462, 21011462, 21011462, 21011462, 21011462, 21011462, 21011462, 21011462, 21011462, 21011462, 21011462, 20974175, 20873716, 20873716, 20873716, 20873716, 20873716, 20873716, 20873716, 20873716, 20873716, 20873716, 20873716, 20873716, 20873716, 20873716, 20873716, 20873716, 20873716, 20847923, 20847923, 20847923, 20847923, 20847923, 20847923, 20847923, 20847923, 20847923, 20847923, 20847923, 20847923, 20958643, 20958643, 20958643, 20958643, 20958643, 20958643, 20958643, 20958643, 20958643, 20958643, 20958643, 20958643, 20958643, 20958643, 20958643, 20958643, 20958643, 20958643, 20958643, 20958643, 20958643, 20958643, 20958643, 20958643, 20958643, 20958643, 20958643, 20958643, 20958643, 20958643, 20958643, 20958643, 20958643, 20958643, 20958643, 20958643, 20958643, 20958643, 20958643, 20958643, 20958643, 20958643, 20958643, 20958643, 20958643, 20958643, 20958643, 20958643, 20958643, 20877186, 20877186, 20877186, 20877186, 20877186, 20877186, 20877186, 20877186, 20877186, 20877186, 20877186, 20877186, 20877186, 20877186, 20991026, 20991026, 20991026, 20991026, 20991026, 20991026, 20991026, 20991026, 20991026, 20991026, 20991026, 20991026, 20991026, 20991026, 20991026, 20991026]",0,0,0
0,29,meta-llama/Llama-3.1-70B,73,840,3417400904,19826053563,16408652659,16325044,41101878,21367559,"[21694746, 21694746, 21694746, 22431299, 31577037, 21795012, 21795012, 21795012, 21795012, 21795012, 21795012, 21761555, 21681957, 21681957, 21681957, 21681957, 21681957, 22461532, 21694746, 21694746, 21694746, 21694746, 21694746, 21694746, 21694746, 21694746, 21694746, 21694746, 21694746, 21694746, 21694746, 21694746, 21694746, 22588565, 21694746, 21694746, 21694746, 21694746, 21694746, 21694746, 22431299, 21681957, 31917928, 21795012, 21795012, 21795012, 21795012, 91289503, 41040913, 22133280, 31481662, 22345324, 22345324, 22345324, 22345324, 22345324, 22345324, 22345324, 22345324, 22345324, 23487793, 23140944, 22284637, 22284637, 22284637, 22284637, 24477684, 22325890, 22967379, 22405882, 22330690, 29221500, 22405882, 22405882, 23374110, 23603584, 22431436, 22431436, 22431436, 22431436, 22431436, 22431436, 22431436, 22431436, 22418961, 22418961, 22418961, 22418961, 22418961, 22404762, 22404762, 22404762, 22330690, 22285357, 22285357, 22285357, 22285357, 22285357, 22285357, 22285357, 22285357, 22285357, 22285357, 22285357, 22285357, 22285357, 22285357, 22285357, 22285357, 22285357, 22346684, 22346684, 22136320, 22136320, 22136320, 22136320, 22136320, 22136320, 22136320, 22136320, 22136320, 22136320, 22133280, 22133280, 22133280, 22133280, 22133280, 22133280, 22133280, 22133280, 22133280, 22133280, 22133280, 22133280, 22133280, 22133280, 22133280, 22133280, 22133280, 22133280, 22133280, 22133280, 22133280, 22133280, 22133280, 22093397, 22093397, 22093397, 21829874, 21829874, 21829874, 21829874, 21829874, 21829874, 21829874, 21829874, 21829874, 21829874, 21829874, 21829874, 21829874, 21829874, 21829874, 21829874, 21829874, 21829874, 21829874, 21829874, 21829874, 21829874, 21829874, 21829874, 21829874, 21829874, 21829874, 21793092, 21760595, 21760595, 21680277, 21680277, 21680277, 21680277, 21681717, 21695066, 21695066, 21695066, 21695066, 21696426, 21696426, 21629020, 21629020, 21580382, 21580382, 21580382, 21580382, 21580382, 21580382, 21580382, 21569850, 21569850, 21569850, 21569850, 21569850, 21569850, 21569850, 21569850, 21569850, 21569850, 21569850, 21569850, 21569850, 21569850, 21523906, 21523906, 21445279, 21445279, 21445279, 21445279, 21445279, 21445279, 21445279, 21445279, 21445279, 21445279, 21445279, 21445279, 21445279, 21445279, 21436357, 21436357, 21436357, 21436357, 21436357, 21436357, 21436357, 21400928, 21400928, 21400928, 21400928, 21400928, 21400928, 21400928, 21400928, 21400928, 21400928, 21400928, 21400928, 21352361, 21352361, 21352361, 21352361, 21297566, 21297566, 21297566, 21297566, 21297566, 21297566, 21019873, 21019873, 21019873, 21019873, 20789384, 20789384, 20655376, 20655376, 20655376, 20671032, 20671032, 20671032, 20671032, 20631912, 20631912, 20631912, 20631912, 20631912, 20631912, 20631912, 20631912, 20631912, 20631912, 20631912, 20631912, 20631912, 20631912, 20588598, 20588598, 20588598, 20588598, 20588598, 20588598, 20588598, 20588598, 20588598, 20588598, 20588598, 20588598, 20588598, 20588598, 20588598, 20588598, 20588598, 20588598, 20588598, 20519123, 20521923, 20521923, 20521923, 20521923, 20521923, 20521923, 20521923, 20521923, 20521923, 20521923, 20521923, 20521923, 20521923, 20521923, 20463636, 20463636, 20463636, 20463636, 20463636, 20463636, 20463636, 20463636, 20463636, 20463636, 20463636, 20463636, 20463636, 20463636, 20463636, 20463636, 20463636, 20463636, 20463636, 20463636, 20463636, 20463636, 20463636, 20463636, 20463636, 20463636, 20463636, 20463636, 20463636, 20463636, 20463236, 20463236, 20398306, 20398306, 20398306, 20398306, 20398306, 20398306, 20398306, 20398306, 20398306, 20398306, 20398306, 20398306, 20398306, 20398306, 20398306, 20398306, 20398306, 20398306, 20398306, 20398306, 20398306, 20398306, 20398306, 20398306, 20398306, 20398306, 20398306, 20398306, 20398306, 20398306, 20398306, 20398306, 20398306, 20398306, 20398306, 20398306, 20398306, 20557986, 20557986, 20971325, 20971325, 20971325, 20971325, 20971325, 20971325, 20971325, 20971325, 20971325, 21027538, 21027538, 21027538, 21027538, 21027538, 21027538, 21027538, 21027538, 21027538, 21027538, 21027538, 21027538, 21027538, 21027538, 21027538, 21027538, 21027538, 21027538, 21027538, 21027538, 21027538, 21027538, 21027538, 21027538, 21027538, 21027538, 21027538, 21027538, 21027538, 21027538, 21027538, 21027538, 21027538, 21027538, 21027538, 21027538, 21027538, 21027538, 21027538, 21027538, 21027538, 21027538, 21027538, 21042898, 21042898, 21042898, 21042898, 21042898, 21042898, 21042898, 21042898, 21011462, 21011462, 21011462, 21011462, 21011462, 21011462, 21011462, 21011462, 21011462, 21011462, 21011462, 21011462, 21011462, 21011462, 21011462, 21011462, 21011462, 20974175, 20873716, 20873716, 20873716, 20873716, 20873716, 20873716, 20873716, 20873716, 20873716, 20873716, 20873716, 20873716, 20873716, 20873716, 20873716, 20873716, 20873716, 20847923, 20847923, 20847923, 20847923, 20847923, 20847923, 20847923, 20847923, 20847923, 20847923, 20847923, 20847923, 20958643, 20958643, 20958643, 20958643, 20958643, 20958643, 20958643, 20958643, 20958643, 20958643, 20958643, 20958643, 20958643, 20958643, 20958643, 20958643, 20958643, 20958643, 20958643, 20958643, 20958643, 20958643, 20958643, 20958643, 20958643, 20958643, 20958643, 20958643, 20958643, 20958643, 20958643, 20958643, 20958643, 20958643, 20958643, 20958643, 20958643, 20958643, 20958643, 20958643, 20958643, 20958643, 20958643, 20958643, 20958643, 20958643, 20958643, 20958643, 20958643, 20877186, 20877186, 20877186, 20877186, 20877186, 20877186, 20877186, 20877186, 20877186, 20877186, 20877186, 20877186, 20877186, 20877186, 20991026, 20991026, 20991026, 20991026, 20991026, 20991026, 20991026, 20991026, 20991026, 20991026, 20991026, 20991026, 20991026, 20991026, 20991026, 20991026, 20804359, 20804359, 20804359, 20804359, 20804359, 20804359, 20804359, 20804359, 20804359, 20804359, 20804359, 20804359, 20804359, 20804359, 20804359, 20804359, 20804359, 20804359, 20804359, 20804359, 20804359, 20804359, 20804359, 20804359, 20804359, 20804359, 20804359, 20804359, 20804359, 20804359, 20804359, 20804359, 20804359, 20804359, 20804359, 20804359, 20804359, 20804359, 20804359, 20804359, 20804359, 20804359, 20804359, 20804359, 20804359, 20804359, 20804359, 20804359, 20804359, 20804359, 20804359, 20804359, 20804359, 20804359, 20804359, 20804359, 20940039, 20940039, 20940039, 20940039, 20940039, 20940039, 20940039, 20940039, 20940039, 20940039, 20940039, 20940039, 20940039, 20940039, 20940039, 20940039, 20940039, 20940039, 20940039, 20940039, 20940039, 20940039, 20940039, 20940039, 20940039, 20940039, 20940039, 20940039, 20940039, 20940039, 20940039, 20940039, 20940039, 20940039, 20940039, 20940039, 20940039, 20940039, 20940039, 20940039, 20940039, 20940039, 20940039, 20940039, 20940039, 20940039, 20940039, 20940039, 20940039, 20940039, 20940039, 20940039, 20940039, 20940039, 20940039, 20940039, 20940039, 20940039, 20940039, 20940039, 20940039, 20940039, 20940039, 20940039, 21077239, 21077239, 21077239, 21077239, 21077239, 21077239, 21077239, 21077239, 21077239, 21077239, 21077239, 21077239, 21077239, 21077239, 21077239, 21077239, 21077239, 21077239, 21077239, 21077239, 21077239, 21077239, 21077239, 21077239, 21077239, 21077239, 21077239, 21077239, 21077239, 21077239, 21077239, 21077239, 21077239, 21077239, 21077239, 21077239, 21077239, 21077239, 21077239, 21077239, 21077239, 21077239, 21077239, 21077239, 21077239, 21077239, 21077239, 21077239, 21077239, 21077239, 21077239, 21077239, 21077239, 21077239, 21077239, 21077239, 21077239, 21077239, 21077239, 21077239, 21077239, 21077239, 21077239, 21077239, 21209159, 21209159, 21209159, 21209159, 21209159, 21209159, 21209159]",0,0,0
0,50,meta-llama/Llama-3.1-70B,1607,1609,20229722316,20380013509,150291193,331247,127484834,22806359,[22806359],0,0,0
0,51,meta-llama/Llama-3.1-70B,29,73,20579003029,21656817187,1077814158,10480,21155219,24573463,"[19445079, 19445079, 19445079, 19445079, 19445079, 19445079, 19445079, 21567675, 20278306, 20278306, 20278306, 20278306, 20278306, 20278306, 20278306, 20278306, 20278306, 20278306, 20278306, 20278306, 20278306, 128489026, 20847923, 20847923, 20847923, 20847923, 20847923, 22224169, 20757876, 20757876, 20757876, 85321775, 20974175, 20974175, 20974175, 20974175, 20974175, 20974175, 20974175, 20974175, 21744088, 21570291, 21701741]",0,0,0
0,65,meta-llama/Llama-3.1-70B,598,641,21989489444,22995579134,1006089690,11118729,65675216,22390820,"[20666792, 31051310, 23604731, 20785304, 20785304, 20785304, 20785304, 20785304, 20785304, 57569668, 21120177, 21120177, 21120177, 21120177, 21120177, 21120177, 21120177, 21120177, 21120177, 21120177, 21120177, 21120177, 21120177, 21120177, 21120177, 21120177, 21120177, 21120177, 21935835, 21294286, 21294286, 21294286, 21294286, 21294286, 21294286, 23154432, 22629995, 21432197, 21432197, 21432197, 21432197, 21432197]",0,0,0
0,62,meta-llama/Llama-3.1-70B,8,76,21735930675,23405569520,1669638845,14625437,35899513,24384169,"[20516643, 20516643, 20516643, 20516643, 20516643, 20516643, 20516643, 21600221, 20589238, 42972025, 54556487, 20666792, 31051310, 23604731, 20785304, 20785304, 20785304, 20785304, 20785304, 20785304, 57569668, 21120177, 21120177, 21120177, 21120177, 21120177, 21120177, 21120177, 21120177, 21120177, 21120177, 21120177, 21120177, 21120177, 21120177, 21120177, 21120177, 21120177, 21120177, 21935835, 21294286, 21294286, 21294286, 21294286, 21294286, 21294286, 23154432, 22629995, 21432197, 21432197, 21432197, 21432197, 21432197, 21396928, 21396928, 34531621, 21432197, 21432197, 21432197, 21432197, 31736995, 21443679, 21443679, 21443679, 21443679, 21443679, 107980731]",0,0,0
0,61,meta-llama/Llama-3.1-70B,11,84,21704274631,23493027419,1788752788,24878351,46281481,24200990,"[21274076, 20516643, 20516643, 20516643, 20516643, 20516643, 20516643, 20516643, 21600221, 20589238, 42972025, 54556487, 20666792, 31051310, 23604731, 20785304, 20785304, 20785304, 20785304, 20785304, 20785304, 57569668, 21120177, 21120177, 21120177, 21120177, 21120177, 21120177, 21120177, 21120177, 21120177, 21120177, 21120177, 21120177, 21120177, 21120177, 21120177, 21120177, 21120177, 21120177, 21935835, 21294286, 21294286, 21294286, 21294286, 21294286, 21294286, 23154432, 22629995, 21432197, 21432197, 21432197, 21432197, 21432197, 21396928, 21396928, 34531621, 21432197, 21432197, 21432197, 21432197, 31736995, 21443679, 21443679, 21443679, 21443679, 21443679, 107980731, 21445279, 22196727, 22287448, 21528445]",0,0,0
0,53,meta-llama/Llama-3.1-70B,1615,1718,21008737007,23648464208,2639727201,12722447,141211473,24495252,"[20847923, 20847923, 20847923, 20847923, 20847923, 22224169, 20757876, 20757876, 20757876, 85321775, 20974175, 20974175, 20974175, 20974175, 20974175, 20974175, 20974175, 20974175, 21744088, 21570291, 21701741, 72335795, 21403130, 21274076, 20516643, 20516643, 20516643, 20516643, 20516643, 20516643, 20516643, 21600221, 20589238, 42972025, 54556487, 20666792, 31051310, 23604731, 20785304, 20785304, 20785304, 20785304, 20785304, 20785304, 57569668, 21120177, 21120177, 21120177, 21120177, 21120177, 21120177, 21120177, 21120177, 21120177, 21120177, 21120177, 21120177, 21120177, 21120177, 21120177, 21120177, 21120177, 21120177, 21935835, 21294286, 21294286, 21294286, 21294286, 21294286, 21294286, 23154432, 22629995, 21432197, 21432197, 21432197, 21432197, 21432197, 21396928, 21396928, 34531621, 21432197, 21432197, 21432197, 21432197, 31736995, 21443679, 21443679, 21443679, 21443679, 21443679, 107980731, 21445279, 22196727, 22287448, 21528445, 26017689, 21569850, 21569850, 21569850, 21569850, 21569850, 21569850]",0,0,0
0,80,meta-llama/Llama-3.1-70B,111,127,23490970819,23872828909,381858090,2056600,28074289,23585586,"[21569850, 21569850, 21569850, 21569850, 21569850, 21569850, 21526045, 21526045, 34835991, 21567370, 21567370, 21567370, 27494416, 21579422, 32700672]",0,0,0
0,69,meta-llama/Llama-3.1-70B,598,678,22252715911,24270059034,2017343123,2483406,60053074,24775823,"[21120177, 21120177, 21120177, 21120177, 21120177, 21120177, 21120177, 21120177, 21120177, 21120177, 21120177, 21120177, 21120177, 21120177, 21120177, 21120177, 21120177, 21120177, 21935835, 21294286, 21294286, 21294286, 21294286, 21294286, 21294286, 23154432, 22629995, 21432197, 21432197, 21432197, 21432197, 21432197, 21396928, 21396928, 34531621, 21432197, 21432197, 21432197, 21432197, 31736995, 21443679, 21443679, 21443679, 21443679, 21443679, 107980731, 21445279, 22196727, 22287448, 21528445, 26017689, 21569850, 21569850, 21569850, 21569850, 21569850, 21569850, 21526045, 21526045, 34835991, 21567370, 21567370, 21567370, 27494416, 21579422, 32700672, 86481424, 22457576, 21680277, 21680277, 21680277, 29695245, 21760035, 21760035, 21760035, 21760035, 62923445, 21795732, 21795732]",0,0,0
0,71,meta-llama/Llama-3.1-70B,42,96,22834078921,24270059034,1435980113,8554801,31709233,26495676,"[22629995, 21432197, 21432197, 21432197, 21432197, 21432197, 21396928, 21396928, 34531621, 21432197, 21432197, 21432197, 21432197, 31736995, 21443679, 21443679, 21443679, 21443679, 21443679, 107980731, 21445279, 22196727, 22287448, 21528445, 26017689, 21569850, 21569850, 21569850, 21569850, 21569850, 21569850, 21526045, 21526045, 34835991, 21567370, 21567370, 21567370, 27494416, 21579422, 32700672, 86481424, 22457576, 21680277, 21680277, 21680277, 29695245, 21760035, 21760035, 21760035, 21760035, 62923445, 21795732, 21795732]",0,0,0
0,55,meta-llama/Llama-3.1-70B,1021,1140,21325057647,24356780142,3031722495,13628245,98950020,24854004,"[20974175, 20974175, 20974175, 20974175, 20974175, 20974175, 20974175, 20974175, 21744088, 21570291, 21701741, 72335795, 21403130, 21274076, 20516643, 20516643, 20516643, 20516643, 20516643, 20516643, 20516643, 21600221, 20589238, 42972025, 54556487, 20666792, 31051310, 23604731, 20785304, 20785304, 20785304, 20785304, 20785304, 20785304, 57569668, 21120177, 21120177, 21120177, 21120177, 21120177, 21120177, 21120177, 21120177, 21120177, 21120177, 21120177, 21120177, 21120177, 21120177, 21120177, 21120177, 21120177, 21120177, 21935835, 21294286, 21294286, 21294286, 21294286, 21294286, 21294286, 23154432, 22629995, 21432197, 21432197, 21432197, 21432197, 21432197, 21396928, 21396928, 34531621, 21432197, 21432197, 21432197, 21432197, 31736995, 21443679, 21443679, 21443679, 21443679, 21443679, 107980731, 21445279, 22196727, 22287448, 21528445, 26017689, 21569850, 21569850, 21569850, 21569850, 21569850, 21569850, 21526045, 21526045, 34835991, 21567370, 21567370, 21567370, 27494416, 21579422, 32700672, 86481424, 22457576, 21680277, 21680277, 21680277, 29695245, 21760035, 21760035, 21760035, 21760035, 62923445, 21795732, 21795732, 21680277, 21680277, 21680277, 21680277]",0,0,0
0,81,meta-llama/Llama-3.1-70B,298,352,23689823776,25024814803,1334991027,1692522,36528513,24499292,"[21567370, 21567370, 21567370, 27494416, 21579422, 32700672, 86481424, 22457576, 21680277, 21680277, 21680277, 29695245, 21760035, 21760035, 21760035, 21760035, 62923445, 21795732, 21795732, 21680277, 21680277, 21680277, 21680277, 21695066, 23188625, 21680277, 21680277, 22603471, 21795732, 21795732, 21795732, 21795732, 21795732, 23373324, 21829874, 21829874, 21829874, 21829874, 21829874, 25845356, 22093397, 22093397, 22093397, 23037691, 22133280, 22133280, 22133280, 22133280, 22133280, 22133280, 23032025, 22345324, 22345324]",0,0,0
0,87,meta-llama/Llama-3.1-70B,226,268,24041570415,25024814803,983244388,5238325,34933570,23129532,"[21760035, 21760035, 21760035, 21760035, 62923445, 21795732, 21795732, 21680277, 21680277, 21680277, 21680277, 21695066, 23188625, 21680277, 21680277, 22603471, 21795732, 21795732, 21795732, 21795732, 21795732, 23373324, 21829874, 21829874, 21829874, 21829874, 21829874, 25845356, 22093397, 22093397, 22093397, 23037691, 22133280, 22133280, 22133280, 22133280, 22133280, 22133280, 23032025, 22345324, 22345324]",0,0,0
0,82,meta-llama/Llama-3.1-70B,165,216,23787453895,25061862487,1274408592,3600504,31094920,24866273,"[21579422, 32700672, 86481424, 22457576, 21680277, 21680277, 21680277, 29695245, 21760035, 21760035, 21760035, 21760035, 62923445, 21795732, 21795732, 21680277, 21680277, 21680277, 21680277, 21695066, 23188625, 21680277, 21680277, 22603471, 21795732, 21795732, 21795732, 21795732, 21795732, 23373324, 21829874, 21829874, 21829874, 21829874, 21829874, 25845356, 22093397, 22093397, 22093397, 23037691, 22133280, 22133280, 22133280, 22133280, 22133280, 22133280, 23032025, 22345324, 22345324, 37047684]",0,0,0
0,57,meta-llama/Llama-3.1-70B,8,186,21589266729,25890718925,4301452196,2534338,24278426,24164823,"[21570291, 21701741, 72335795, 21403130, 21274076, 20516643, 20516643, 20516643, 20516643, 20516643, 20516643, 20516643, 21600221, 20589238, 42972025, 54556487, 20666792, 31051310, 23604731, 20785304, 20785304, 20785304, 20785304, 20785304, 20785304, 57569668, 21120177, 21120177, 21120177, 21120177, 21120177, 21120177, 21120177, 21120177, 21120177, 21120177, 21120177, 21120177, 21120177, 21120177, 21120177, 21120177, 21120177, 21120177, 21935835, 21294286, 21294286, 21294286, 21294286, 21294286, 21294286, 23154432, 22629995, 21432197, 21432197, 21432197, 21432197, 21432197, 21396928, 21396928, 34531621, 21432197, 21432197, 21432197, 21432197, 31736995, 21443679, 21443679, 21443679, 21443679, 21443679, 107980731, 21445279, 22196727, 22287448, 21528445, 26017689, 21569850, 21569850, 21569850, 21569850, 21569850, 21569850, 21526045, 21526045, 34835991, 21567370, 21567370, 21567370, 27494416, 21579422, 32700672, 86481424, 22457576, 21680277, 21680277, 21680277, 29695245, 21760035, 21760035, 21760035, 21760035, 62923445, 21795732, 21795732, 21680277, 21680277, 21680277, 21680277, 21695066, 23188625, 21680277, 21680277, 22603471, 21795732, 21795732, 21795732, 21795732, 21795732, 23373324, 21829874, 21829874, 21829874, 21829874, 21829874, 25845356, 22093397, 22093397, 22093397, 23037691, 22133280, 22133280, 22133280, 22133280, 22133280, 22133280, 23032025, 22345324, 22345324, 37047684, 22093397, 23113761, 22133280, 22133280, 26269296, 22285357, 22285357, 22285357, 22285357, 22285357, 22285357, 22285357, 22284637, 22284637, 22284637, 22284637, 22284637, 22284637, 22284637, 22284637, 22284637, 22284637, 22284637, 22284637, 22284637, 22284637, 22284637, 22284637, 22284637, 22284637, 22284637, 22284637, 22284637, 22284637, 22284637, 22284637, 22284637]",0,0,0
0,84,meta-llama/Llama-3.1-70B,9,96,23834202581,25913064249,2078861668,5925656,38626328,23723666,"[86481424, 22457576, 21680277, 21680277, 21680277, 29695245, 21760035, 21760035, 21760035, 21760035, 62923445, 21795732, 21795732, 21680277, 21680277, 21680277, 21680277, 21695066, 23188625, 21680277, 21680277, 22603471, 21795732, 21795732, 21795732, 21795732, 21795732, 23373324, 21829874, 21829874, 21829874, 21829874, 21829874, 25845356, 22093397, 22093397, 22093397, 23037691, 22133280, 22133280, 22133280, 22133280, 22133280, 22133280, 23032025, 22345324, 22345324, 37047684, 22093397, 23113761, 22133280, 22133280, 26269296, 22285357, 22285357, 22285357, 22285357, 22285357, 22285357, 22285357, 22284637, 22284637, 22284637, 22284637, 22284637, 22284637, 22284637, 22284637, 22284637, 22284637, 22284637, 22284637, 22284637, 22284637, 22284637, 22284637, 22284637, 22284637, 22284637, 22284637, 22284637, 22284637, 22284637, 22284637, 22284637, 22345324]",0,0,0
0,88,meta-llama/Llama-3.1-70B,703,796,24143059350,26289330009,2146270659,20484775,83408220,22422417,"[21795732, 21795732, 21680277, 21680277, 21680277, 21680277, 21695066, 23188625, 21680277, 21680277, 22603471, 21795732, 21795732, 21795732, 21795732, 21795732, 23373324, 21829874, 21829874, 21829874, 21829874, 21829874, 25845356, 22093397, 22093397, 22093397, 23037691, 22133280, 22133280, 22133280, 22133280, 22133280, 22133280, 23032025, 22345324, 22345324, 37047684, 22093397, 23113761, 22133280, 22133280, 26269296, 22285357, 22285357, 22285357, 22285357, 22285357, 22285357, 22285357, 22284637, 22284637, 22284637, 22284637, 22284637, 22284637, 22284637, 22284637, 22284637, 22284637, 22284637, 22284637, 22284637, 22284637, 22284637, 22284637, 22284637, 22284637, 22284637, 22284637, 22284637, 22284637, 22284637, 22284637, 22284637, 22345324, 22133280, 22133280, 22133280, 22133280, 22133280, 22133280, 22133280, 22133280, 22133280, 22133280, 22133280, 22133280, 22133280, 22133280, 22133280, 22133280, 22133280]",0,0,0
0,85,meta-llama/Llama-3.1-70B,1020,1141,23871451416,26687011155,2815559739,1377493,87858917,22730840,"[22457576, 21680277, 21680277, 21680277, 29695245, 21760035, 21760035, 21760035, 21760035, 62923445, 21795732, 21795732, 21680277, 21680277, 21680277, 21680277, 21695066, 23188625, 21680277, 21680277, 22603471, 21795732, 21795732, 21795732, 21795732, 21795732, 23373324, 21829874, 21829874, 21829874, 21829874, 21829874, 25845356, 22093397, 22093397, 22093397, 23037691, 22133280, 22133280, 22133280, 22133280, 22133280, 22133280, 23032025, 22345324, 22345324, 37047684, 22093397, 23113761, 22133280, 22133280, 26269296, 22285357, 22285357, 22285357, 22285357, 22285357, 22285357, 22285357, 22284637, 22284637, 22284637, 22284637, 22284637, 22284637, 22284637, 22284637, 22284637, 22284637, 22284637, 22284637, 22284637, 22284637, 22284637, 22284637, 22284637, 22284637, 22284637, 22284637, 22284637, 22284637, 22284637, 22284637, 22284637, 22345324, 22133280, 22133280, 22133280, 22133280, 22133280, 22133280, 22133280, 22133280, 22133280, 22133280, 22133280, 22133280, 22133280, 22133280, 22133280, 22133280, 22133280, 22093397, 22093397, 22093397, 22093397, 22093397, 22093397, 22093397, 22093397, 22093397, 22093397, 22093397, 22093397, 22093397, 22093397, 22093397, 22093397, 22093397, 22093397]",0,0,0
0,68,meta-llama/Llama-3.1-70B,16,210,22244968325,26817990399,4573022074,10230992,67800660,23343116,"[21120177, 21120177, 21120177, 21120177, 21120177, 21120177, 21120177, 21120177, 21120177, 21120177, 21120177, 21120177, 21120177, 21120177, 21120177, 21120177, 21120177, 21120177, 21935835, 21294286, 21294286, 21294286, 21294286, 21294286, 21294286, 23154432, 22629995, 21432197, 21432197, 21432197, 21432197, 21432197, 21396928, 21396928, 34531621, 21432197, 21432197, 21432197, 21432197, 31736995, 21443679, 21443679, 21443679, 21443679, 21443679, 107980731, 21445279, 22196727, 22287448, 21528445, 26017689, 21569850, 21569850, 21569850, 21569850, 21569850, 21569850, 21526045, 21526045, 34835991, 21567370, 21567370, 21567370, 27494416, 21579422, 32700672, 86481424, 22457576, 21680277, 21680277, 21680277, 29695245, 21760035, 21760035, 21760035, 21760035, 62923445, 21795732, 21795732, 21680277, 21680277, 21680277, 21680277, 21695066, 23188625, 21680277, 21680277, 22603471, 21795732, 21795732, 21795732, 21795732, 21795732, 23373324, 21829874, 21829874, 21829874, 21829874, 21829874, 25845356, 22093397, 22093397, 22093397, 23037691, 22133280, 22133280, 22133280, 22133280, 22133280, 22133280, 23032025, 22345324, 22345324, 37047684, 22093397, 23113761, 22133280, 22133280, 26269296, 22285357, 22285357, 22285357, 22285357, 22285357, 22285357, 22285357, 22284637, 22284637, 22284637, 22284637, 22284637, 22284637, 22284637, 22284637, 22284637, 22284637, 22284637, 22284637, 22284637, 22284637, 22284637, 22284637, 22284637, 22284637, 22284637, 22284637, 22284637, 22284637, 22284637, 22284637, 22284637, 22345324, 22133280, 22133280, 22133280, 22133280, 22133280, 22133280, 22133280, 22133280, 22133280, 22133280, 22133280, 22133280, 22133280, 22133280, 22133280, 22133280, 22133280, 22093397, 22093397, 22093397, 22093397, 22093397, 22093397, 22093397, 22093397, 22093397, 22093397, 22093397, 22093397, 22093397, 22093397, 22093397, 22093397, 22093397, 22093397, 21829874, 21829874, 21829874, 21829874, 21829874, 21829874]",0,0,0
0,58,meta-llama/Llama-3.1-70B,21,242,21611080198,26861581863,5250501665,2464957,24035248,23756665,"[21701741, 72335795, 21403130, 21274076, 20516643, 20516643, 20516643, 20516643, 20516643, 20516643, 20516643, 21600221, 20589238, 42972025, 54556487, 20666792, 31051310, 23604731, 20785304, 20785304, 20785304, 20785304, 20785304, 20785304, 57569668, 21120177, 21120177, 21120177, 21120177, 21120177, 21120177, 21120177, 21120177, 21120177, 21120177, 21120177, 21120177, 21120177, 21120177, 21120177, 21120177, 21120177, 21120177, 21935835, 21294286, 21294286, 21294286, 21294286, 21294286, 21294286, 23154432, 22629995, 21432197, 21432197, 21432197, 21432197, 21432197, 21396928, 21396928, 34531621, 21432197, 21432197, 21432197, 21432197, 31736995, 21443679, 21443679, 21443679, 21443679, 21443679, 107980731, 21445279, 22196727, 22287448, 21528445, 26017689, 21569850, 21569850, 21569850, 21569850, 21569850, 21569850, 21526045, 21526045, 34835991, 21567370, 21567370, 21567370, 27494416, 21579422, 32700672, 86481424, 22457576, 21680277, 21680277, 21680277, 29695245, 21760035, 21760035, 21760035, 21760035, 62923445, 21795732, 21795732, 21680277, 21680277, 21680277, 21680277, 21695066, 23188625, 21680277, 21680277, 22603471, 21795732, 21795732, 21795732, 21795732, 21795732, 23373324, 21829874, 21829874, 21829874, 21829874, 21829874, 25845356, 22093397, 22093397, 22093397, 23037691, 22133280, 22133280, 22133280, 22133280, 22133280, 22133280, 23032025, 22345324, 22345324, 37047684, 22093397, 23113761, 22133280, 22133280, 26269296, 22285357, 22285357, 22285357, 22285357, 22285357, 22285357, 22285357, 22284637, 22284637, 22284637, 22284637, 22284637, 22284637, 22284637, 22284637, 22284637, 22284637, 22284637, 22284637, 22284637, 22284637, 22284637, 22284637, 22284637, 22284637, 22284637, 22284637, 22284637, 22284637, 22284637, 22284637, 22284637, 22345324, 22133280, 22133280, 22133280, 22133280, 22133280, 22133280, 22133280, 22133280, 22133280, 22133280, 22133280, 22133280, 22133280, 22133280, 22133280, 22133280, 22133280, 22093397, 22093397, 22093397, 22093397, 22093397, 22093397, 22093397, 22093397, 22093397, 22093397, 22093397, 22093397, 22093397, 22093397, 22093397, 22093397, 22093397, 22093397, 21829874, 21829874, 21829874, 21829874, 21829874, 21829874, 21795732, 21795732]",0,0,0
0,99,meta-llama/Llama-3.1-70B,49,141,25136063599,27187982388,2051918789,15272606,41541902,22092053,"[22285357, 22285357, 22285357, 22285357, 22285357, 22285357, 22285357, 22284637, 22284637, 22284637, 22284637, 22284637, 22284637, 22284637, 22284637, 22284637, 22284637, 22284637, 22284637, 22284637, 22284637, 22284637, 22284637, 22284637, 22284637, 22284637, 22284637, 22284637, 22284637, 22284637, 22284637, 22284637, 22345324, 22133280, 22133280, 22133280, 22133280, 22133280, 22133280, 22133280, 22133280, 22133280, 22133280, 22133280, 22133280, 22133280, 22133280, 22133280, 22133280, 22133280, 22093397, 22093397, 22093397, 22093397, 22093397, 22093397, 22093397, 22093397, 22093397, 22093397, 22093397, 22093397, 22093397, 22093397, 22093397, 22093397, 22093397, 22093397, 21829874, 21829874, 21829874, 21829874, 21829874, 21829874, 21795732, 21795732, 21760035, 21760035, 21760035, 21760035, 21760035, 21760035, 21760035, 21760035, 21760035, 21760035, 21760035, 21760035, 21760035, 21760035, 21760035]",0,0,0
0,73,meta-llama/Llama-3.1-70B,19,205,22856786607,27231342942,4374556335,9001547,31631542,23475269,"[21432197, 21432197, 21432197, 21432197, 21432197, 21396928, 21396928, 34531621, 21432197, 21432197, 21432197, 21432197, 31736995, 21443679, 21443679, 21443679, 21443679, 21443679, 107980731, 21445279, 22196727, 22287448, 21528445, 26017689, 21569850, 21569850, 21569850, 21569850, 21569850, 21569850, 21526045, 21526045, 34835991, 21567370, 21567370, 21567370, 27494416, 21579422, 32700672, 86481424, 22457576, 21680277, 21680277, 21680277, 29695245, 21760035, 21760035, 21760035, 21760035, 62923445, 21795732, 21795732, 21680277, 21680277, 21680277, 21680277, 21695066, 23188625, 21680277, 21680277, 22603471, 21795732, 21795732, 21795732, 21795732, 21795732, 23373324, 21829874, 21829874, 21829874, 21829874, 21829874, 25845356, 22093397, 22093397, 22093397, 23037691, 22133280, 22133280, 22133280, 22133280, 22133280, 22133280, 23032025, 22345324, 22345324, 37047684, 22093397, 23113761, 22133280, 22133280, 26269296, 22285357, 22285357, 22285357, 22285357, 22285357, 22285357, 22285357, 22284637, 22284637, 22284637, 22284637, 22284637, 22284637, 22284637, 22284637, 22284637, 22284637, 22284637, 22284637, 22284637, 22284637, 22284637, 22284637, 22284637, 22284637, 22284637, 22284637, 22284637, 22284637, 22284637, 22284637, 22284637, 22345324, 22133280, 22133280, 22133280, 22133280, 22133280, 22133280, 22133280, 22133280, 22133280, 22133280, 22133280, 22133280, 22133280, 22133280, 22133280, 22133280, 22133280, 22093397, 22093397, 22093397, 22093397, 22093397, 22093397, 22093397, 22093397, 22093397, 22093397, 22093397, 22093397, 22093397, 22093397, 22093397, 22093397, 22093397, 22093397, 21829874, 21829874, 21829874, 21829874, 21829874, 21829874, 21795732, 21795732, 21760035, 21760035, 21760035, 21760035, 21760035, 21760035, 21760035, 21760035, 21760035, 21760035, 21760035, 21760035, 21760035, 21760035, 21760035, 21680277, 21680277]",0,0,0
0,76,meta-llama/Llama-3.1-70B,1293,1462,23279052164,27274735794,3995683630,18536625,126517356,23030751,"[21445279, 22196727, 22287448, 21528445, 26017689, 21569850, 21569850, 21569850, 21569850, 21569850, 21569850, 21526045, 21526045, 34835991, 21567370, 21567370, 21567370, 27494416, 21579422, 32700672, 86481424, 22457576, 21680277, 21680277, 21680277, 29695245, 21760035, 21760035, 21760035, 21760035, 62923445, 21795732, 21795732, 21680277, 21680277, 21680277, 21680277, 21695066, 23188625, 21680277, 21680277, 22603471, 21795732, 21795732, 21795732, 21795732, 21795732, 23373324, 21829874, 21829874, 21829874, 21829874, 21829874, 25845356, 22093397, 22093397, 22093397, 23037691, 22133280, 22133280, 22133280, 22133280, 22133280, 22133280, 23032025, 22345324, 22345324, 37047684, 22093397, 23113761, 22133280, 22133280, 26269296, 22285357, 22285357, 22285357, 22285357, 22285357, 22285357, 22285357, 22284637, 22284637, 22284637, 22284637, 22284637, 22284637, 22284637, 22284637, 22284637, 22284637, 22284637, 22284637, 22284637, 22284637, 22284637, 22284637, 22284637, 22284637, 22284637, 22284637, 22284637, 22284637, 22284637, 22284637, 22284637, 22345324, 22133280, 22133280, 22133280, 22133280, 22133280, 22133280, 22133280, 22133280, 22133280, 22133280, 22133280, 22133280, 22133280, 22133280, 22133280, 22133280, 22133280, 22093397, 22093397, 22093397, 22093397, 22093397, 22093397, 22093397, 22093397, 22093397, 22093397, 22093397, 22093397, 22093397, 22093397, 22093397, 22093397, 22093397, 22093397, 21829874, 21829874, 21829874, 21829874, 21829874, 21829874, 21795732, 21795732, 21760035, 21760035, 21760035, 21760035, 21760035, 21760035, 21760035, 21760035, 21760035, 21760035, 21760035, 21760035, 21760035, 21760035, 21760035, 21680277, 21680277, 21696426, 21696426]",0,0,0
0,75,meta-llama/Llama-3.1-70B,256,442,23148485874,27512639174,4364153300,10147525,41884520,23363615,"[21443679, 21443679, 21443679, 21443679, 21443679, 107980731, 21445279, 22196727, 22287448, 21528445, 26017689, 21569850, 21569850, 21569850, 21569850, 21569850, 21569850, 21526045, 21526045, 34835991, 21567370, 21567370, 21567370, 27494416, 21579422, 32700672, 86481424, 22457576, 21680277, 21680277, 21680277, 29695245, 21760035, 21760035, 21760035, 21760035, 62923445, 21795732, 21795732, 21680277, 21680277, 21680277, 21680277, 21695066, 23188625, 21680277, 21680277, 22603471, 21795732, 21795732, 21795732, 21795732, 21795732, 23373324, 21829874, 21829874, 21829874, 21829874, 21829874, 25845356, 22093397, 22093397, 22093397, 23037691, 22133280, 22133280, 22133280, 22133280, 22133280, 22133280, 23032025, 22345324, 22345324, 37047684, 22093397, 23113761, 22133280, 22133280, 26269296, 22285357, 22285357, 22285357, 22285357, 22285357, 22285357, 22285357, 22284637, 22284637, 22284637, 22284637, 22284637, 22284637, 22284637, 22284637, 22284637, 22284637, 22284637, 22284637, 22284637, 22284637, 22284637, 22284637, 22284637, 22284637, 22284637, 22284637, 22284637, 22284637, 22284637, 22284637, 22284637, 22345324, 22133280, 22133280, 22133280, 22133280, 22133280, 22133280, 22133280, 22133280, 22133280, 22133280, 22133280, 22133280, 22133280, 22133280, 22133280, 22133280, 22133280, 22093397, 22093397, 22093397, 22093397, 22093397, 22093397, 22093397, 22093397, 22093397, 22093397, 22093397, 22093397, 22093397, 22093397, 22093397, 22093397, 22093397, 22093397, 21829874, 21829874, 21829874, 21829874, 21829874, 21829874, 21795732, 21795732, 21760035, 21760035, 21760035, 21760035, 21760035, 21760035, 21760035, 21760035, 21760035, 21760035, 21760035, 21760035, 21760035, 21760035, 21760035, 21680277, 21680277, 21696426, 21696426, 21627580, 21627580, 21627580, 21627580, 21627580, 21627580, 21627580, 21627580, 21627580, 21627580, 21627580]",0,0,0
0,70,meta-llama/Llama-3.1-70B,10,220,22686130544,27577377440,4891246896,6801627,28737462,23265595,"[21294286, 21294286, 21294286, 21294286, 21294286, 21294286, 23154432, 22629995, 21432197, 21432197, 21432197, 21432197, 21432197, 21396928, 21396928, 34531621, 21432197, 21432197, 21432197, 21432197, 31736995, 21443679, 21443679, 21443679, 21443679, 21443679, 107980731, 21445279, 22196727, 22287448, 21528445, 26017689, 21569850, 21569850, 21569850, 21569850, 21569850, 21569850, 21526045, 21526045, 34835991, 21567370, 21567370, 21567370, 27494416, 21579422, 32700672, 86481424, 22457576, 21680277, 21680277, 21680277, 29695245, 21760035, 21760035, 21760035, 21760035, 62923445, 21795732, 21795732, 21680277, 21680277, 21680277, 21680277, 21695066, 23188625, 21680277, 21680277, 22603471, 21795732, 21795732, 21795732, 21795732, 21795732, 23373324, 21829874, 21829874, 21829874, 21829874, 21829874, 25845356, 22093397, 22093397, 22093397, 23037691, 22133280, 22133280, 22133280, 22133280, 22133280, 22133280, 23032025, 22345324, 22345324, 37047684, 22093397, 23113761, 22133280, 22133280, 26269296, 22285357, 22285357, 22285357, 22285357, 22285357, 22285357, 22285357, 22284637, 22284637, 22284637, 22284637, 22284637, 22284637, 22284637, 22284637, 22284637, 22284637, 22284637, 22284637, 22284637, 22284637, 22284637, 22284637, 22284637, 22284637, 22284637, 22284637, 22284637, 22284637, 22284637, 22284637, 22284637, 22345324, 22133280, 22133280, 22133280, 22133280, 22133280, 22133280, 22133280, 22133280, 22133280, 22133280, 22133280, 22133280, 22133280, 22133280, 22133280, 22133280, 22133280, 22093397, 22093397, 22093397, 22093397, 22093397, 22093397, 22093397, 22093397, 22093397, 22093397, 22093397, 22093397, 22093397, 22093397, 22093397, 22093397, 22093397, 22093397, 21829874, 21829874, 21829874, 21829874, 21829874, 21829874, 21795732, 21795732, 21760035, 21760035, 21760035, 21760035, 21760035, 21760035, 21760035, 21760035, 21760035, 21760035, 21760035, 21760035, 21760035, 21760035, 21760035, 21680277, 21680277, 21696426, 21696426, 21627580, 21627580, 21627580, 21627580, 21627580, 21627580, 21627580, 21627580, 21627580, 21627580, 21627580, 21579422, 21579422, 21579422]",0,0,0
0,97,meta-llama/Llama-3.1-70B,21,134,25077707403,27577377440,2499670037,6248481,29362242,22056319,"[22133280, 22133280, 26269296, 22285357, 22285357, 22285357, 22285357, 22285357, 22285357, 22285357, 22284637, 22284637, 22284637, 22284637, 22284637, 22284637, 22284637, 22284637, 22284637, 22284637, 22284637, 22284637, 22284637, 22284637, 22284637, 22284637, 22284637, 22284637, 22284637, 22284637, 22284637, 22284637, 22284637, 22284637, 22284637, 22345324, 22133280, 22133280, 22133280, 22133280, 22133280, 22133280, 22133280, 22133280, 22133280, 22133280, 22133280, 22133280, 22133280, 22133280, 22133280, 22133280, 22133280, 22093397, 22093397, 22093397, 22093397, 22093397, 22093397, 22093397, 22093397, 22093397, 22093397, 22093397, 22093397, 22093397, 22093397, 22093397, 22093397, 22093397, 22093397, 21829874, 21829874, 21829874, 21829874, 21829874, 21829874, 21795732, 21795732, 21760035, 21760035, 21760035, 21760035, 21760035, 21760035, 21760035, 21760035, 21760035, 21760035, 21760035, 21760035, 21760035, 21760035, 21760035, 21680277, 21680277, 21696426, 21696426, 21627580, 21627580, 21627580, 21627580, 21627580, 21627580, 21627580, 21627580, 21627580, 21627580, 21627580, 21579422, 21579422, 21579422]",0,0,0
0,93,meta-llama/Llama-3.1-70B,107,259,24705880302,28072493275,3366612973,3248910,29094266,22102772,"[22093397, 22093397, 22093397, 23037691, 22133280, 22133280, 22133280, 22133280, 22133280, 22133280, 23032025, 22345324, 22345324, 37047684, 22093397, 23113761, 22133280, 22133280, 26269296, 22285357, 22285357, 22285357, 22285357, 22285357, 22285357, 22285357, 22284637, 22284637, 22284637, 22284637, 22284637, 22284637, 22284637, 22284637, 22284637, 22284637, 22284637, 22284637, 22284637, 22284637, 22284637, 22284637, 22284637, 22284637, 22284637, 22284637, 22284637, 22284637, 22284637, 22284637, 22284637, 22345324, 22133280, 22133280, 22133280, 22133280, 22133280, 22133280, 22133280, 22133280, 22133280, 22133280, 22133280, 22133280, 22133280, 22133280, 22133280, 22133280, 22133280, 22093397, 22093397, 22093397, 22093397, 22093397, 22093397, 22093397, 22093397, 22093397, 22093397, 22093397, 22093397, 22093397, 22093397, 22093397, 22093397, 22093397, 22093397, 21829874, 21829874, 21829874, 21829874, 21829874, 21829874, 21795732, 21795732, 21760035, 21760035, 21760035, 21760035, 21760035, 21760035, 21760035, 21760035, 21760035, 21760035, 21760035, 21760035, 21760035, 21760035, 21760035, 21680277, 21680277, 21696426, 21696426, 21627580, 21627580, 21627580, 21627580, 21627580, 21627580, 21627580, 21627580, 21627580, 21627580, 21627580, 21579422, 21579422, 21579422, 21526045, 21526045, 21526045, 21526045, 21526045, 21526045, 21526045, 21526045, 21526045, 21526045, 21526045, 21526045, 21526045, 21526045, 21526045, 21526045, 21528445, 21528445, 21528445, 21528445, 21528445, 21528445, 21528445]",0,0,0
0,66,meta-llama/Llama-3.1-70B,250,512,22067730152,28115541087,6047810935,8101300,39152610,23021679,"[23604731, 20785304, 20785304, 20785304, 20785304, 20785304, 20785304, 57569668, 21120177, 21120177, 21120177, 21120177, 21120177, 21120177, 21120177, 21120177, 21120177, 21120177, 21120177, 21120177, 21120177, 21120177, 21120177, 21120177, 21120177, 21120177, 21935835, 21294286, 21294286, 21294286, 21294286, 21294286, 21294286, 23154432, 22629995, 21432197, 21432197, 21432197, 21432197, 21432197, 21396928, 21396928, 34531621, 21432197, 21432197, 21432197, 21432197, 31736995, 21443679, 21443679, 21443679, 21443679, 21443679, 107980731, 21445279, 22196727, 22287448, 21528445, 26017689, 21569850, 21569850, 21569850, 21569850, 21569850, 21569850, 21526045, 21526045, 34835991, 21567370, 21567370, 21567370, 27494416, 21579422, 32700672, 86481424, 22457576, 21680277, 21680277, 21680277, 29695245, 21760035, 21760035, 21760035, 21760035, 62923445, 21795732, 21795732, 21680277, 21680277, 21680277, 21680277, 21695066, 23188625, 21680277, 21680277, 22603471, 21795732, 21795732, 21795732, 21795732, 21795732, 23373324, 21829874, 21829874, 21829874, 21829874, 21829874, 25845356, 22093397, 22093397, 22093397, 23037691, 22133280, 22133280, 22133280, 22133280, 22133280, 22133280, 23032025, 22345324, 22345324, 37047684, 22093397, 23113761, 22133280, 22133280, 26269296, 22285357, 22285357, 22285357, 22285357, 22285357, 22285357, 22285357, 22284637, 22284637, 22284637, 22284637, 22284637, 22284637, 22284637, 22284637, 22284637, 22284637, 22284637, 22284637, 22284637, 22284637, 22284637, 22284637, 22284637, 22284637, 22284637, 22284637, 22284637, 22284637, 22284637, 22284637, 22284637, 22345324, 22133280, 22133280, 22133280, 22133280, 22133280, 22133280, 22133280, 22133280, 22133280, 22133280, 22133280, 22133280, 22133280, 22133280, 22133280, 22133280, 22133280, 22093397, 22093397, 22093397, 22093397, 22093397, 22093397, 22093397, 22093397, 22093397, 22093397, 22093397, 22093397, 22093397, 22093397, 22093397, 22093397, 22093397, 22093397, 21829874, 21829874, 21829874, 21829874, 21829874, 21829874, 21795732, 21795732, 21760035, 21760035, 21760035, 21760035, 21760035, 21760035, 21760035, 21760035, 21760035, 21760035, 21760035, 21760035, 21760035, 21760035, 21760035, 21680277, 21680277, 21696426, 21696426, 21627580, 21627580, 21627580, 21627580, 21627580, 21627580, 21627580, 21627580, 21627580, 21627580, 21627580, 21579422, 21579422, 21579422, 21526045, 21526045, 21526045, 21526045, 21526045, 21526045, 21526045, 21526045, 21526045, 21526045, 21526045, 21526045, 21526045, 21526045, 21526045, 21526045, 21528445, 21528445, 21528445, 21528445, 21528445, 21528445, 21528445, 21523906, 21523906]",0,0,0
0,74,meta-llama/Llama-3.1-70B,284,516,23025776284,28394329714,5368553430,12596706,47128327,23036472,"[21432197, 21432197, 21432197, 21432197, 31736995, 21443679, 21443679, 21443679, 21443679, 21443679, 107980731, 21445279, 22196727, 22287448, 21528445, 26017689, 21569850, 21569850, 21569850, 21569850, 21569850, 21569850, 21526045, 21526045, 34835991, 21567370, 21567370, 21567370, 27494416, 21579422, 32700672, 86481424, 22457576, 21680277, 21680277, 21680277, 29695245, 21760035, 21760035, 21760035, 21760035, 62923445, 21795732, 21795732, 21680277, 21680277, 21680277, 21680277, 21695066, 23188625, 21680277, 21680277, 22603471, 21795732, 21795732, 21795732, 21795732, 21795732, 23373324, 21829874, 21829874, 21829874, 21829874, 21829874, 25845356, 22093397, 22093397, 22093397, 23037691, 22133280, 22133280, 22133280, 22133280, 22133280, 22133280, 23032025, 22345324, 22345324, 37047684, 22093397, 23113761, 22133280, 22133280, 26269296, 22285357, 22285357, 22285357, 22285357, 22285357, 22285357, 22285357, 22284637, 22284637, 22284637, 22284637, 22284637, 22284637, 22284637, 22284637, 22284637, 22284637, 22284637, 22284637, 22284637, 22284637, 22284637, 22284637, 22284637, 22284637, 22284637, 22284637, 22284637, 22284637, 22284637, 22284637, 22284637, 22345324, 22133280, 22133280, 22133280, 22133280, 22133280, 22133280, 22133280, 22133280, 22133280, 22133280, 22133280, 22133280, 22133280, 22133280, 22133280, 22133280, 22133280, 22093397, 22093397, 22093397, 22093397, 22093397, 22093397, 22093397, 22093397, 22093397, 22093397, 22093397, 22093397, 22093397, 22093397, 22093397, 22093397, 22093397, 22093397, 21829874, 21829874, 21829874, 21829874, 21829874, 21829874, 21795732, 21795732, 21760035, 21760035, 21760035, 21760035, 21760035, 21760035, 21760035, 21760035, 21760035, 21760035, 21760035, 21760035, 21760035, 21760035, 21760035, 21680277, 21680277, 21696426, 21696426, 21627580, 21627580, 21627580, 21627580, 21627580, 21627580, 21627580, 21627580, 21627580, 21627580, 21627580, 21579422, 21579422, 21579422, 21526045, 21526045, 21526045, 21526045, 21526045, 21526045, 21526045, 21526045, 21526045, 21526045, 21526045, 21526045, 21526045, 21526045, 21526045, 21526045, 21528445, 21528445, 21528445, 21528445, 21528445, 21528445, 21528445, 21523906, 21523906, 21445279, 21445279, 21445279, 21445279, 21445279, 21445279, 21445279, 21445279, 21445279, 21445279, 21445279, 21445279, 21445279]",0,0,0
0,60,meta-llama/Llama-3.1-70B,841,1149,21655061602,28780142380,7125080778,1755585,74091380,22967392,"[21403130, 21274076, 20516643, 20516643, 20516643, 20516643, 20516643, 20516643, 20516643, 21600221, 20589238, 42972025, 54556487, 20666792, 31051310, 23604731, 20785304, 20785304, 20785304, 20785304, 20785304, 20785304, 57569668, 21120177, 21120177, 21120177, 21120177, 21120177, 21120177, 21120177, 21120177, 21120177, 21120177, 21120177, 21120177, 21120177, 21120177, 21120177, 21120177, 21120177, 21120177, 21935835, 21294286, 21294286, 21294286, 21294286, 21294286, 21294286, 23154432, 22629995, 21432197, 21432197, 21432197, 21432197, 21432197, 21396928, 21396928, 34531621, 21432197, 21432197, 21432197, 21432197, 31736995, 21443679, 21443679, 21443679, 21443679, 21443679, 107980731, 21445279, 22196727, 22287448, 21528445, 26017689, 21569850, 21569850, 21569850, 21569850, 21569850, 21569850, 21526045, 21526045, 34835991, 21567370, 21567370, 21567370, 27494416, 21579422, 32700672, 86481424, 22457576, 21680277, 21680277, 21680277, 29695245, 21760035, 21760035, 21760035, 21760035, 62923445, 21795732, 21795732, 21680277, 21680277, 21680277, 21680277, 21695066, 23188625, 21680277, 21680277, 22603471, 21795732, 21795732, 21795732, 21795732, 21795732, 23373324, 21829874, 21829874, 21829874, 21829874, 21829874, 25845356, 22093397, 22093397, 22093397, 23037691, 22133280, 22133280, 22133280, 22133280, 22133280, 22133280, 23032025, 22345324, 22345324, 37047684, 22093397, 23113761, 22133280, 22133280, 26269296, 22285357, 22285357, 22285357, 22285357, 22285357, 22285357, 22285357, 22284637, 22284637, 22284637, 22284637, 22284637, 22284637, 22284637, 22284637, 22284637, 22284637, 22284637, 22284637, 22284637, 22284637, 22284637, 22284637, 22284637, 22284637, 22284637, 22284637, 22284637, 22284637, 22284637, 22284637, 22284637, 22345324, 22133280, 22133280, 22133280, 22133280, 22133280, 22133280, 22133280, 22133280, 22133280, 22133280, 22133280, 22133280, 22133280, 22133280, 22133280, 22133280, 22133280, 22093397, 22093397, 22093397, 22093397, 22093397, 22093397, 22093397, 22093397, 22093397, 22093397, 22093397, 22093397, 22093397, 22093397, 22093397, 22093397, 22093397, 22093397, 21829874, 21829874, 21829874, 21829874, 21829874, 21829874, 21795732, 21795732, 21760035, 21760035, 21760035, 21760035, 21760035, 21760035, 21760035, 21760035, 21760035, 21760035, 21760035, 21760035, 21760035, 21760035, 21760035, 21680277, 21680277, 21696426, 21696426, 21627580, 21627580, 21627580, 21627580, 21627580, 21627580, 21627580, 21627580, 21627580, 21627580, 21627580, 21579422, 21579422, 21579422, 21526045, 21526045, 21526045, 21526045, 21526045, 21526045, 21526045, 21526045, 21526045, 21526045, 21526045, 21526045, 21526045, 21526045, 21526045, 21526045, 21528445, 21528445, 21528445, 21528445, 21528445, 21528445, 21528445, 21523906, 21523906, 21445279, 21445279, 21445279, 21445279, 21445279, 21445279, 21445279, 21445279, 21445279, 21445279, 21445279, 21445279, 21445279, 21434037, 21434037, 21434037, 21434037, 21434037, 21434037, 21434037, 21434037, 21434037, 21434037, 21434037, 21434037, 21434037, 21434037, 21434037, 21434037, 21434037, 21434037]",0,0,0
0,52,meta-llama/Llama-3.1-70B,29,375,20728227566,28822936236,8094708670,8046235,29613910,23377086,"[20278306, 20278306, 20278306, 20278306, 20278306, 20278306, 20278306, 20278306, 20278306, 20278306, 20278306, 20278306, 20278306, 128489026, 20847923, 20847923, 20847923, 20847923, 20847923, 22224169, 20757876, 20757876, 20757876, 85321775, 20974175, 20974175, 20974175, 20974175, 20974175, 20974175, 20974175, 20974175, 21744088, 21570291, 21701741, 72335795, 21403130, 21274076, 20516643, 20516643, 20516643, 20516643, 20516643, 20516643, 20516643, 21600221, 20589238, 42972025, 54556487, 20666792, 31051310, 23604731, 20785304, 20785304, 20785304, 20785304, 20785304, 20785304, 57569668, 21120177, 21120177, 21120177, 21120177, 21120177, 21120177, 21120177, 21120177, 21120177, 21120177, 21120177, 21120177, 21120177, 21120177, 21120177, 21120177, 21120177, 21120177, 21935835, 21294286, 21294286, 21294286, 21294286, 21294286, 21294286, 23154432, 22629995, 21432197, 21432197, 21432197, 21432197, 21432197, 21396928, 21396928, 34531621, 21432197, 21432197, 21432197, 21432197, 31736995, 21443679, 21443679, 21443679, 21443679, 21443679, 107980731, 21445279, 22196727, 22287448, 21528445, 26017689, 21569850, 21569850, 21569850, 21569850, 21569850, 21569850, 21526045, 21526045, 34835991, 21567370, 21567370, 21567370, 27494416, 21579422, 32700672, 86481424, 22457576, 21680277, 21680277, 21680277, 29695245, 21760035, 21760035, 21760035, 21760035, 62923445, 21795732, 21795732, 21680277, 21680277, 21680277, 21680277, 21695066, 23188625, 21680277, 21680277, 22603471, 21795732, 21795732, 21795732, 21795732, 21795732, 23373324, 21829874, 21829874, 21829874, 21829874, 21829874, 25845356, 22093397, 22093397, 22093397, 23037691, 22133280, 22133280, 22133280, 22133280, 22133280, 22133280, 23032025, 22345324, 22345324, 37047684, 22093397, 23113761, 22133280, 22133280, 26269296, 22285357, 22285357, 22285357, 22285357, 22285357, 22285357, 22285357, 22284637, 22284637, 22284637, 22284637, 22284637, 22284637, 22284637, 22284637, 22284637, 22284637, 22284637, 22284637, 22284637, 22284637, 22284637, 22284637, 22284637, 22284637, 22284637, 22284637, 22284637, 22284637, 22284637, 22284637, 22284637, 22345324, 22133280, 22133280, 22133280, 22133280, 22133280, 22133280, 22133280, 22133280, 22133280, 22133280, 22133280, 22133280, 22133280, 22133280, 22133280, 22133280, 22133280, 22093397, 22093397, 22093397, 22093397, 22093397, 22093397, 22093397, 22093397, 22093397, 22093397, 22093397, 22093397, 22093397, 22093397, 22093397, 22093397, 22093397, 22093397, 21829874, 21829874, 21829874, 21829874, 21829874, 21829874, 21795732, 21795732, 21760035, 21760035, 21760035, 21760035, 21760035, 21760035, 21760035, 21760035, 21760035, 21760035, 21760035, 21760035, 21760035, 21760035, 21760035, 21680277, 21680277, 21696426, 21696426, 21627580, 21627580, 21627580, 21627580, 21627580, 21627580, 21627580, 21627580, 21627580, 21627580, 21627580, 21579422, 21579422, 21579422, 21526045, 21526045, 21526045, 21526045, 21526045, 21526045, 21526045, 21526045, 21526045, 21526045, 21526045, 21526045, 21526045, 21526045, 21526045, 21526045, 21528445, 21528445, 21528445, 21528445, 21528445, 21528445, 21528445, 21523906, 21523906, 21445279, 21445279, 21445279, 21445279, 21445279, 21445279, 21445279, 21445279, 21445279, 21445279, 21445279, 21445279, 21445279, 21434037, 21434037, 21434037, 21434037, 21434037, 21434037, 21434037, 21434037, 21434037, 21434037, 21434037, 21434037, 21434037, 21434037, 21434037, 21434037, 21434037, 21434037, 21396928, 21396928]",0,0,0
0,56,meta-llama/Llama-3.1-70B,17,349,21580001184,29228526375,7648525191,11799883,33543971,23005985,"[21570291, 21701741, 72335795, 21403130, 21274076, 20516643, 20516643, 20516643, 20516643, 20516643, 20516643, 20516643, 21600221, 20589238, 42972025, 54556487, 20666792, 31051310, 23604731, 20785304, 20785304, 20785304, 20785304, 20785304, 20785304, 57569668, 21120177, 21120177, 21120177, 21120177, 21120177, 21120177, 21120177, 21120177, 21120177, 21120177, 21120177, 21120177, 21120177, 21120177, 21120177, 21120177, 21120177, 21120177, 21935835, 21294286, 21294286, 21294286, 21294286, 21294286, 21294286, 23154432, 22629995, 21432197, 21432197, 21432197, 21432197, 21432197, 21396928, 21396928, 34531621, 21432197, 21432197, 21432197, 21432197, 31736995, 21443679, 21443679, 21443679, 21443679, 21443679, 107980731, 21445279, 22196727, 22287448, 21528445, 26017689, 21569850, 21569850, 21569850, 21569850, 21569850, 21569850, 21526045, 21526045, 34835991, 21567370, 21567370, 21567370, 27494416, 21579422, 32700672, 86481424, 22457576, 21680277, 21680277, 21680277, 29695245, 21760035, 21760035, 21760035, 21760035, 62923445, 21795732, 21795732, 21680277, 21680277, 21680277, 21680277, 21695066, 23188625, 21680277, 21680277, 22603471, 21795732, 21795732, 21795732, 21795732, 21795732, 23373324, 21829874, 21829874, 21829874, 21829874, 21829874, 25845356, 22093397, 22093397, 22093397, 23037691, 22133280, 22133280, 22133280, 22133280, 22133280, 22133280, 23032025, 22345324, 22345324, 37047684, 22093397, 23113761, 22133280, 22133280, 26269296, 22285357, 22285357, 22285357, 22285357, 22285357, 22285357, 22285357, 22284637, 22284637, 22284637, 22284637, 22284637, 22284637, 22284637, 22284637, 22284637, 22284637, 22284637, 22284637, 22284637, 22284637, 22284637, 22284637, 22284637, 22284637, 22284637, 22284637, 22284637, 22284637, 22284637, 22284637, 22284637, 22345324, 22133280, 22133280, 22133280, 22133280, 22133280, 22133280, 22133280, 22133280, 22133280, 22133280, 22133280, 22133280, 22133280, 22133280, 22133280, 22133280, 22133280, 22093397, 22093397, 22093397, 22093397, 22093397, 22093397, 22093397, 22093397, 22093397, 22093397, 22093397, 22093397, 22093397, 22093397, 22093397, 22093397, 22093397, 22093397, 21829874, 21829874, 21829874, 21829874, 21829874, 21829874, 21795732, 21795732, 21760035, 21760035, 21760035, 21760035, 21760035, 21760035, 21760035, 21760035, 21760035, 21760035, 21760035, 21760035, 21760035, 21760035, 21760035, 21680277, 21680277, 21696426, 21696426, 21627580, 21627580, 21627580, 21627580, 21627580, 21627580, 21627580, 21627580, 21627580, 21627580, 21627580, 21579422, 21579422, 21579422, 21526045, 21526045, 21526045, 21526045, 21526045, 21526045, 21526045, 21526045, 21526045, 21526045, 21526045, 21526045, 21526045, 21526045, 21526045, 21526045, 21528445, 21528445, 21528445, 21528445, 21528445, 21528445, 21528445, 21523906, 21523906, 21445279, 21445279, 21445279, 21445279, 21445279, 21445279, 21445279, 21445279, 21445279, 21445279, 21445279, 21445279, 21445279, 21434037, 21434037, 21434037, 21434037, 21434037, 21434037, 21434037, 21434037, 21434037, 21434037, 21434037, 21434037, 21434037, 21434037, 21434037, 21434037, 21434037, 21434037, 21396928, 21396928, 21345081, 21345081, 21345081, 21345081, 21345081, 21345081, 21345081, 21345081, 21345081, 21345081, 21345081, 21345081, 21349881, 21349881, 21349881, 21349881, 21349881, 21349881, 21349881]",0,0,0
0,92,meta-llama/Llama-3.1-70B,40,253,24562841027,29249820661,4686979634,13765491,37138815,21933211,"[21829874, 21829874, 21829874, 21829874, 21829874, 25845356, 22093397, 22093397, 22093397, 23037691, 22133280, 22133280, 22133280, 22133280, 22133280, 22133280, 23032025, 22345324, 22345324, 37047684, 22093397, 23113761, 22133280, 22133280, 26269296, 22285357, 22285357, 22285357, 22285357, 22285357, 22285357, 22285357, 22284637, 22284637, 22284637, 22284637, 22284637, 22284637, 22284637, 22284637, 22284637, 22284637, 22284637, 22284637, 22284637, 22284637, 22284637, 22284637, 22284637, 22284637, 22284637, 22284637, 22284637, 22284637, 22284637, 22284637, 22284637, 22345324, 22133280, 22133280, 22133280, 22133280, 22133280, 22133280, 22133280, 22133280, 22133280, 22133280, 22133280, 22133280, 22133280, 22133280, 22133280, 22133280, 22133280, 22093397, 22093397, 22093397, 22093397, 22093397, 22093397, 22093397, 22093397, 22093397, 22093397, 22093397, 22093397, 22093397, 22093397, 22093397, 22093397, 22093397, 22093397, 21829874, 21829874, 21829874, 21829874, 21829874, 21829874, 21795732, 21795732, 21760035, 21760035, 21760035, 21760035, 21760035, 21760035, 21760035, 21760035, 21760035, 21760035, 21760035, 21760035, 21760035, 21760035, 21760035, 21680277, 21680277, 21696426, 21696426, 21627580, 21627580, 21627580, 21627580, 21627580, 21627580, 21627580, 21627580, 21627580, 21627580, 21627580, 21579422, 21579422, 21579422, 21526045, 21526045, 21526045, 21526045, 21526045, 21526045, 21526045, 21526045, 21526045, 21526045, 21526045, 21526045, 21526045, 21526045, 21526045, 21526045, 21528445, 21528445, 21528445, 21528445, 21528445, 21528445, 21528445, 21523906, 21523906, 21445279, 21445279, 21445279, 21445279, 21445279, 21445279, 21445279, 21445279, 21445279, 21445279, 21445279, 21445279, 21445279, 21434037, 21434037, 21434037, 21434037, 21434037, 21434037, 21434037, 21434037, 21434037, 21434037, 21434037, 21434037, 21434037, 21434037, 21434037, 21434037, 21434037, 21434037, 21396928, 21396928, 21345081, 21345081, 21345081, 21345081, 21345081, 21345081, 21345081, 21345081, 21345081, 21345081, 21345081, 21345081, 21349881, 21349881, 21349881, 21349881, 21349881, 21349881, 21349881, 21294286]",0,0,0
0,67,meta-llama/Llama-3.1-70B,77,404,22082919966,29524382962,7441462996,23962796,47567527,22680660,"[20785304, 20785304, 20785304, 20785304, 20785304, 20785304, 57569668, 21120177, 21120177, 21120177, 21120177, 21120177, 21120177, 21120177, 21120177, 21120177, 21120177, 21120177, 21120177, 21120177, 21120177, 21120177, 21120177, 21120177, 21120177, 21935835, 21294286, 21294286, 21294286, 21294286, 21294286, 21294286, 23154432, 22629995, 21432197, 21432197, 21432197, 21432197, 21432197, 21396928, 21396928, 34531621, 21432197, 21432197, 21432197, 21432197, 31736995, 21443679, 21443679, 21443679, 21443679, 21443679, 107980731, 21445279, 22196727, 22287448, 21528445, 26017689, 21569850, 21569850, 21569850, 21569850, 21569850, 21569850, 21526045, 21526045, 34835991, 21567370, 21567370, 21567370, 27494416, 21579422, 32700672, 86481424, 22457576, 21680277, 21680277, 21680277, 29695245, 21760035, 21760035, 21760035, 21760035, 62923445, 21795732, 21795732, 21680277, 21680277, 21680277, 21680277, 21695066, 23188625, 21680277, 21680277, 22603471, 21795732, 21795732, 21795732, 21795732, 21795732, 23373324, 21829874, 21829874, 21829874, 21829874, 21829874, 25845356, 22093397, 22093397, 22093397, 23037691, 22133280, 22133280, 22133280, 22133280, 22133280, 22133280, 23032025, 22345324, 22345324, 37047684, 22093397, 23113761, 22133280, 22133280, 26269296, 22285357, 22285357, 22285357, 22285357, 22285357, 22285357, 22285357, 22284637, 22284637, 22284637, 22284637, 22284637, 22284637, 22284637, 22284637, 22284637, 22284637, 22284637, 22284637, 22284637, 22284637, 22284637, 22284637, 22284637, 22284637, 22284637, 22284637, 22284637, 22284637, 22284637, 22284637, 22284637, 22345324, 22133280, 22133280, 22133280, 22133280, 22133280, 22133280, 22133280, 22133280, 22133280, 22133280, 22133280, 22133280, 22133280, 22133280, 22133280, 22133280, 22133280, 22093397, 22093397, 22093397, 22093397, 22093397, 22093397, 22093397, 22093397, 22093397, 22093397, 22093397, 22093397, 22093397, 22093397, 22093397, 22093397, 22093397, 22093397, 21829874, 21829874, 21829874, 21829874, 21829874, 21829874, 21795732, 21795732, 21760035, 21760035, 21760035, 21760035, 21760035, 21760035, 21760035, 21760035, 21760035, 21760035, 21760035, 21760035, 21760035, 21760035, 21760035, 21680277, 21680277, 21696426, 21696426, 21627580, 21627580, 21627580, 21627580, 21627580, 21627580, 21627580, 21627580, 21627580, 21627580, 21627580, 21579422, 21579422, 21579422, 21526045, 21526045, 21526045, 21526045, 21526045, 21526045, 21526045, 21526045, 21526045, 21526045, 21526045, 21526045, 21526045, 21526045, 21526045, 21526045, 21528445, 21528445, 21528445, 21528445, 21528445, 21528445, 21528445, 21523906, 21523906, 21445279, 21445279, 21445279, 21445279, 21445279, 21445279, 21445279, 21445279, 21445279, 21445279, 21445279, 21445279, 21445279, 21434037, 21434037, 21434037, 21434037, 21434037, 21434037, 21434037, 21434037, 21434037, 21434037, 21434037, 21434037, 21434037, 21434037, 21434037, 21434037, 21434037, 21434037, 21396928, 21396928, 21345081, 21345081, 21345081, 21345081, 21345081, 21345081, 21345081, 21345081, 21345081, 21345081, 21345081, 21345081, 21349881, 21349881, 21349881, 21349881, 21349881, 21349881, 21349881, 21294286, 21120177, 21120177, 21120177, 21120177, 21120177, 21120177, 21120177, 21120177, 21120177, 21120177, 21120177, 21120177, 21120177]",0,0,0
0,86,meta-llama/Llama-3.1-70B,11,263,23910782837,29524382962,5613600125,48527496,70985072,22082131,"[21680277, 21680277, 21680277, 29695245, 21760035, 21760035, 21760035, 21760035, 62923445, 21795732, 21795732, 21680277, 21680277, 21680277, 21680277, 21695066, 23188625, 21680277, 21680277, 22603471, 21795732, 21795732, 21795732, 21795732, 21795732, 23373324, 21829874, 21829874, 21829874, 21829874, 21829874, 25845356, 22093397, 22093397, 22093397, 23037691, 22133280, 22133280, 22133280, 22133280, 22133280, 22133280, 23032025, 22345324, 22345324, 37047684, 22093397, 23113761, 22133280, 22133280, 26269296, 22285357, 22285357, 22285357, 22285357, 22285357, 22285357, 22285357, 22284637, 22284637, 22284637, 22284637, 22284637, 22284637, 22284637, 22284637, 22284637, 22284637, 22284637, 22284637, 22284637, 22284637, 22284637, 22284637, 22284637, 22284637, 22284637, 22284637, 22284637, 22284637, 22284637, 22284637, 22284637, 22345324, 22133280, 22133280, 22133280, 22133280, 22133280, 22133280, 22133280, 22133280, 22133280, 22133280, 22133280, 22133280, 22133280, 22133280, 22133280, 22133280, 22133280, 22093397, 22093397, 22093397, 22093397, 22093397, 22093397, 22093397, 22093397, 22093397, 22093397, 22093397, 22093397, 22093397, 22093397, 22093397, 22093397, 22093397, 22093397, 21829874, 21829874, 21829874, 21829874, 21829874, 21829874, 21795732, 21795732, 21760035, 21760035, 21760035, 21760035, 21760035, 21760035, 21760035, 21760035, 21760035, 21760035, 21760035, 21760035, 21760035, 21760035, 21760035, 21680277, 21680277, 21696426, 21696426, 21627580, 21627580, 21627580, 21627580, 21627580, 21627580, 21627580, 21627580, 21627580, 21627580, 21627580, 21579422, 21579422, 21579422, 21526045, 21526045, 21526045, 21526045, 21526045, 21526045, 21526045, 21526045, 21526045, 21526045, 21526045, 21526045, 21526045, 21526045, 21526045, 21526045, 21528445, 21528445, 21528445, 21528445, 21528445, 21528445, 21528445, 21523906, 21523906, 21445279, 21445279, 21445279, 21445279, 21445279, 21445279, 21445279, 21445279, 21445279, 21445279, 21445279, 21445279, 21445279, 21434037, 21434037, 21434037, 21434037, 21434037, 21434037, 21434037, 21434037, 21434037, 21434037, 21434037, 21434037, 21434037, 21434037, 21434037, 21434037, 21434037, 21434037, 21396928, 21396928, 21345081, 21345081, 21345081, 21345081, 21345081, 21345081, 21345081, 21345081, 21345081, 21345081, 21345081, 21345081, 21349881, 21349881, 21349881, 21349881, 21349881, 21349881, 21349881, 21294286, 21120177, 21120177, 21120177, 21120177, 21120177, 21120177, 21120177, 21120177, 21120177, 21120177, 21120177, 21120177, 21120177]",0,0,0
0,96,meta-llama/Llama-3.1-70B,322,542,25003739520,29815377218,4811637698,21075283,58122967,21705546,"[22093397, 23113761, 22133280, 22133280, 26269296, 22285357, 22285357, 22285357, 22285357, 22285357, 22285357, 22285357, 22284637, 22284637, 22284637, 22284637, 22284637, 22284637, 22284637, 22284637, 22284637, 22284637, 22284637, 22284637, 22284637, 22284637, 22284637, 22284637, 22284637, 22284637, 22284637, 22284637, 22284637, 22284637, 22284637, 22284637, 22284637, 22345324, 22133280, 22133280, 22133280, 22133280, 22133280, 22133280, 22133280, 22133280, 22133280, 22133280, 22133280, 22133280, 22133280, 22133280, 22133280, 22133280, 22133280, 22093397, 22093397, 22093397, 22093397, 22093397, 22093397, 22093397, 22093397, 22093397, 22093397, 22093397, 22093397, 22093397, 22093397, 22093397, 22093397, 22093397, 22093397, 21829874, 21829874, 21829874, 21829874, 21829874, 21829874, 21795732, 21795732, 21760035, 21760035, 21760035, 21760035, 21760035, 21760035, 21760035, 21760035, 21760035, 21760035, 21760035, 21760035, 21760035, 21760035, 21760035, 21680277, 21680277, 21696426, 21696426, 21627580, 21627580, 21627580, 21627580, 21627580, 21627580, 21627580, 21627580, 21627580, 21627580, 21627580, 21579422, 21579422, 21579422, 21526045, 21526045, 21526045, 21526045, 21526045, 21526045, 21526045, 21526045, 21526045, 21526045, 21526045, 21526045, 21526045, 21526045, 21526045, 21526045, 21528445, 21528445, 21528445, 21528445, 21528445, 21528445, 21528445, 21523906, 21523906, 21445279, 21445279, 21445279, 21445279, 21445279, 21445279, 21445279, 21445279, 21445279, 21445279, 21445279, 21445279, 21445279, 21434037, 21434037, 21434037, 21434037, 21434037, 21434037, 21434037, 21434037, 21434037, 21434037, 21434037, 21434037, 21434037, 21434037, 21434037, 21434037, 21434037, 21434037, 21396928, 21396928, 21345081, 21345081, 21345081, 21345081, 21345081, 21345081, 21345081, 21345081, 21345081, 21345081, 21345081, 21345081, 21349881, 21349881, 21349881, 21349881, 21349881, 21349881, 21349881, 21294286, 21120177, 21120177, 21120177, 21120177, 21120177, 21120177, 21120177, 21120177, 21120177, 21120177, 21120177, 21120177, 21120177, 20785304, 20785304, 20785304, 20785304, 20785304, 20785304, 20785304, 20785304, 20785304, 20785304, 20785304, 20785304, 20785304, 20785304]",0,0,0
0,72,meta-llama/Llama-3.1-70B,8,316,22856232865,29836026834,6979793969,9555289,32185284,22630647,"[21432197, 21432197, 21432197, 21432197, 21432197, 21396928, 21396928, 34531621, 21432197, 21432197, 21432197, 21432197, 31736995, 21443679, 21443679, 21443679, 21443679, 21443679, 107980731, 21445279, 22196727, 22287448, 21528445, 26017689, 21569850, 21569850, 21569850, 21569850, 21569850, 21569850, 21526045, 21526045, 34835991, 21567370, 21567370, 21567370, 27494416, 21579422, 32700672, 86481424, 22457576, 21680277, 21680277, 21680277, 29695245, 21760035, 21760035, 21760035, 21760035, 62923445, 21795732, 21795732, 21680277, 21680277, 21680277, 21680277, 21695066, 23188625, 21680277, 21680277, 22603471, 21795732, 21795732, 21795732, 21795732, 21795732, 23373324, 21829874, 21829874, 21829874, 21829874, 21829874, 25845356, 22093397, 22093397, 22093397, 23037691, 22133280, 22133280, 22133280, 22133280, 22133280, 22133280, 23032025, 22345324, 22345324, 37047684, 22093397, 23113761, 22133280, 22133280, 26269296, 22285357, 22285357, 22285357, 22285357, 22285357, 22285357, 22285357, 22284637, 22284637, 22284637, 22284637, 22284637, 22284637, 22284637, 22284637, 22284637, 22284637, 22284637, 22284637, 22284637, 22284637, 22284637, 22284637, 22284637, 22284637, 22284637, 22284637, 22284637, 22284637, 22284637, 22284637, 22284637, 22345324, 22133280, 22133280, 22133280, 22133280, 22133280, 22133280, 22133280, 22133280, 22133280, 22133280, 22133280, 22133280, 22133280, 22133280, 22133280, 22133280, 22133280, 22093397, 22093397, 22093397, 22093397, 22093397, 22093397, 22093397, 22093397, 22093397, 22093397, 22093397, 22093397, 22093397, 22093397, 22093397, 22093397, 22093397, 22093397, 21829874, 21829874, 21829874, 21829874, 21829874, 21829874, 21795732, 21795732, 21760035, 21760035, 21760035, 21760035, 21760035, 21760035, 21760035, 21760035, 21760035, 21760035, 21760035, 21760035, 21760035, 21760035, 21760035, 21680277, 21680277, 21696426, 21696426, 21627580, 21627580, 21627580, 21627580, 21627580, 21627580, 21627580, 21627580, 21627580, 21627580, 21627580, 21579422, 21579422, 21579422, 21526045, 21526045, 21526045, 21526045, 21526045, 21526045, 21526045, 21526045, 21526045, 21526045, 21526045, 21526045, 21526045, 21526045, 21526045, 21526045, 21528445, 21528445, 21528445, 21528445, 21528445, 21528445, 21528445, 21523906, 21523906, 21445279, 21445279, 21445279, 21445279, 21445279, 21445279, 21445279, 21445279, 21445279, 21445279, 21445279, 21445279, 21445279, 21434037, 21434037, 21434037, 21434037, 21434037, 21434037, 21434037, 21434037, 21434037, 21434037, 21434037, 21434037, 21434037, 21434037, 21434037, 21434037, 21434037, 21434037, 21396928, 21396928, 21345081, 21345081, 21345081, 21345081, 21345081, 21345081, 21345081, 21345081, 21345081, 21345081, 21345081, 21345081, 21349881, 21349881, 21349881, 21349881, 21349881, 21349881, 21349881, 21294286, 21120177, 21120177, 21120177, 21120177, 21120177, 21120177, 21120177, 21120177, 21120177, 21120177, 21120177, 21120177, 21120177, 20785304, 20785304, 20785304, 20785304, 20785304, 20785304, 20785304, 20785304, 20785304, 20785304, 20785304, 20785304, 20785304, 20785304, 20649616]",0,0,0
0,89,meta-llama/Llama-3.1-70B,32,307,24361284541,30352696634,5991412093,17190667,40379292,21719097,"[21680277, 21680277, 22603471, 21795732, 21795732, 21795732, 21795732, 21795732, 23373324, 21829874, 21829874, 21829874, 21829874, 21829874, 25845356, 22093397, 22093397, 22093397, 23037691, 22133280, 22133280, 22133280, 22133280, 22133280, 22133280, 23032025, 22345324, 22345324, 37047684, 22093397, 23113761, 22133280, 22133280, 26269296, 22285357, 22285357, 22285357, 22285357, 22285357, 22285357, 22285357, 22284637, 22284637, 22284637, 22284637, 22284637, 22284637, 22284637, 22284637, 22284637, 22284637, 22284637, 22284637, 22284637, 22284637, 22284637, 22284637, 22284637, 22284637, 22284637, 22284637, 22284637, 22284637, 22284637, 22284637, 22284637, 22345324, 22133280, 22133280, 22133280, 22133280, 22133280, 22133280, 22133280, 22133280, 22133280, 22133280, 22133280, 22133280, 22133280, 22133280, 22133280, 22133280, 22133280, 22093397, 22093397, 22093397, 22093397, 22093397, 22093397, 22093397, 22093397, 22093397, 22093397, 22093397, 22093397, 22093397, 22093397, 22093397, 22093397, 22093397, 22093397, 21829874, 21829874, 21829874, 21829874, 21829874, 21829874, 21795732, 21795732, 21760035, 21760035, 21760035, 21760035, 21760035, 21760035, 21760035, 21760035, 21760035, 21760035, 21760035, 21760035, 21760035, 21760035, 21760035, 21680277, 21680277, 21696426, 21696426, 21627580, 21627580, 21627580, 21627580, 21627580, 21627580, 21627580, 21627580, 21627580, 21627580, 21627580, 21579422, 21579422, 21579422, 21526045, 21526045, 21526045, 21526045, 21526045, 21526045, 21526045, 21526045, 21526045, 21526045, 21526045, 21526045, 21526045, 21526045, 21526045, 21526045, 21528445, 21528445, 21528445, 21528445, 21528445, 21528445, 21528445, 21523906, 21523906, 21445279, 21445279, 21445279, 21445279, 21445279, 21445279, 21445279, 21445279, 21445279, 21445279, 21445279, 21445279, 21445279, 21434037, 21434037, 21434037, 21434037, 21434037, 21434037, 21434037, 21434037, 21434037, 21434037, 21434037, 21434037, 21434037, 21434037, 21434037, 21434037, 21434037, 21434037, 21396928, 21396928, 21345081, 21345081, 21345081, 21345081, 21345081, 21345081, 21345081, 21345081, 21345081, 21345081, 21345081, 21345081, 21349881, 21349881, 21349881, 21349881, 21349881, 21349881, 21349881, 21294286, 21120177, 21120177, 21120177, 21120177, 21120177, 21120177, 21120177, 21120177, 21120177, 21120177, 21120177, 21120177, 21120177, 20785304, 20785304, 20785304, 20785304, 20785304, 20785304, 20785304, 20785304, 20785304, 20785304, 20785304, 20785304, 20785304, 20785304, 20649616, 20666792, 20666792, 20666792, 20666792, 20666792, 20666792, 20666792, 20666792, 20666792, 20666792, 20666792, 20666792, 20666792, 20666792, 20666792, 20666792, 20666792, 20666792, 20666792, 20666792, 20666792, 20666792, 20666792, 20666792, 20666792]",0,0,0
0,94,meta-llama/Llama-3.1-70B,19,312,24788269051,31116069698,6327800647,12985708,36023399,21547182,"[22133280, 22133280, 22133280, 22133280, 22133280, 22133280, 23032025, 22345324, 22345324, 37047684, 22093397, 23113761, 22133280, 22133280, 26269296, 22285357, 22285357, 22285357, 22285357, 22285357, 22285357, 22285357, 22284637, 22284637, 22284637, 22284637, 22284637, 22284637, 22284637, 22284637, 22284637, 22284637, 22284637, 22284637, 22284637, 22284637, 22284637, 22284637, 22284637, 22284637, 22284637, 22284637, 22284637, 22284637, 22284637, 22284637, 22284637, 22345324, 22133280, 22133280, 22133280, 22133280, 22133280, 22133280, 22133280, 22133280, 22133280, 22133280, 22133280, 22133280, 22133280, 22133280, 22133280, 22133280, 22133280, 22093397, 22093397, 22093397, 22093397, 22093397, 22093397, 22093397, 22093397, 22093397, 22093397, 22093397, 22093397, 22093397, 22093397, 22093397, 22093397, 22093397, 22093397, 21829874, 21829874, 21829874, 21829874, 21829874, 21829874, 21795732, 21795732, 21760035, 21760035, 21760035, 21760035, 21760035, 21760035, 21760035, 21760035, 21760035, 21760035, 21760035, 21760035, 21760035, 21760035, 21760035, 21680277, 21680277, 21696426, 21696426, 21627580, 21627580, 21627580, 21627580, 21627580, 21627580, 21627580, 21627580, 21627580, 21627580, 21627580, 21579422, 21579422, 21579422, 21526045, 21526045, 21526045, 21526045, 21526045, 21526045, 21526045, 21526045, 21526045, 21526045, 21526045, 21526045, 21526045, 21526045, 21526045, 21526045, 21528445, 21528445, 21528445, 21528445, 21528445, 21528445, 21528445, 21523906, 21523906, 21445279, 21445279, 21445279, 21445279, 21445279, 21445279, 21445279, 21445279, 21445279, 21445279, 21445279, 21445279, 21445279, 21434037, 21434037, 21434037, 21434037, 21434037, 21434037, 21434037, 21434037, 21434037, 21434037, 21434037, 21434037, 21434037, 21434037, 21434037, 21434037, 21434037, 21434037, 21396928, 21396928, 21345081, 21345081, 21345081, 21345081, 21345081, 21345081, 21345081, 21345081, 21345081, 21345081, 21345081, 21345081, 21349881, 21349881, 21349881, 21349881, 21349881, 21349881, 21349881, 21294286, 21120177, 21120177, 21120177, 21120177, 21120177, 21120177, 21120177, 21120177, 21120177, 21120177, 21120177, 21120177, 21120177, 20785304, 20785304, 20785304, 20785304, 20785304, 20785304, 20785304, 20785304, 20785304, 20785304, 20785304, 20785304, 20785304, 20785304, 20649616, 20666792, 20666792, 20666792, 20666792, 20666792, 20666792, 20666792, 20666792, 20666792, 20666792, 20666792, 20666792, 20666792, 20666792, 20666792, 20666792, 20666792, 20666792, 20666792, 20666792, 20666792, 20666792, 20666792, 20666792, 20666792, 20629352, 20629352, 20629352, 20631912, 20631912, 20631912, 20631912, 20631912, 20631912, 20631912, 20631912, 20631912, 20631912, 20631912, 20631912, 20631912, 20631912, 20631912, 20631912, 20631912, 20631912, 20631912, 20631912, 20631912, 20631912, 20631912, 20631912, 20631912, 20631912, 20631912, 20631912, 20631912, 20631912, 20631912, 20631912, 20631912, 20631912]",0,0,0
0,54,meta-llama/Llama-3.1-70B,37,477,21233952206,31198424090,9964471884,20235889,42460058,22601393,"[20757876, 20757876, 20757876, 85321775, 20974175, 20974175, 20974175, 20974175, 20974175, 20974175, 20974175, 20974175, 21744088, 21570291, 21701741, 72335795, 21403130, 21274076, 20516643, 20516643, 20516643, 20516643, 20516643, 20516643, 20516643, 21600221, 20589238, 42972025, 54556487, 20666792, 31051310, 23604731, 20785304, 20785304, 20785304, 20785304, 20785304, 20785304, 57569668, 21120177, 21120177, 21120177, 21120177, 21120177, 21120177, 21120177, 21120177, 21120177, 21120177, 21120177, 21120177, 21120177, 21120177, 21120177, 21120177, 21120177, 21120177, 21935835, 21294286, 21294286, 21294286, 21294286, 21294286, 21294286, 23154432, 22629995, 21432197, 21432197, 21432197, 21432197, 21432197, 21396928, 21396928, 34531621, 21432197, 21432197, 21432197, 21432197, 31736995, 21443679, 21443679, 21443679, 21443679, 21443679, 107980731, 21445279, 22196727, 22287448, 21528445, 26017689, 21569850, 21569850, 21569850, 21569850, 21569850, 21569850, 21526045, 21526045, 34835991, 21567370, 21567370, 21567370, 27494416, 21579422, 32700672, 86481424, 22457576, 21680277, 21680277, 21680277, 29695245, 21760035, 21760035, 21760035, 21760035, 62923445, 21795732, 21795732, 21680277, 21680277, 21680277, 21680277, 21695066, 23188625, 21680277, 21680277, 22603471, 21795732, 21795732, 21795732, 21795732, 21795732, 23373324, 21829874, 21829874, 21829874, 21829874, 21829874, 25845356, 22093397, 22093397, 22093397, 23037691, 22133280, 22133280, 22133280, 22133280, 22133280, 22133280, 23032025, 22345324, 22345324, 37047684, 22093397, 23113761, 22133280, 22133280, 26269296, 22285357, 22285357, 22285357, 22285357, 22285357, 22285357, 22285357, 22284637, 22284637, 22284637, 22284637, 22284637, 22284637, 22284637, 22284637, 22284637, 22284637, 22284637, 22284637, 22284637, 22284637, 22284637, 22284637, 22284637, 22284637, 22284637, 22284637, 22284637, 22284637, 22284637, 22284637, 22284637, 22345324, 22133280, 22133280, 22133280, 22133280, 22133280, 22133280, 22133280, 22133280, 22133280, 22133280, 22133280, 22133280, 22133280, 22133280, 22133280, 22133280, 22133280, 22093397, 22093397, 22093397, 22093397, 22093397, 22093397, 22093397, 22093397, 22093397, 22093397, 22093397, 22093397, 22093397, 22093397, 22093397, 22093397, 22093397, 22093397, 21829874, 21829874, 21829874, 21829874, 21829874, 21829874, 21795732, 21795732, 21760035, 21760035, 21760035, 21760035, 21760035, 21760035, 21760035, 21760035, 21760035, 21760035, 21760035, 21760035, 21760035, 21760035, 21760035, 21680277, 21680277, 21696426, 21696426, 21627580, 21627580, 21627580, 21627580, 21627580, 21627580, 21627580, 21627580, 21627580, 21627580, 21627580, 21579422, 21579422, 21579422, 21526045, 21526045, 21526045, 21526045, 21526045, 21526045, 21526045, 21526045, 21526045, 21526045, 21526045, 21526045, 21526045, 21526045, 21526045, 21526045, 21528445, 21528445, 21528445, 21528445, 21528445, 21528445, 21528445, 21523906, 21523906, 21445279, 21445279, 21445279, 21445279, 21445279, 21445279, 21445279, 21445279, 21445279, 21445279, 21445279, 21445279, 21445279, 21434037, 21434037, 21434037, 21434037, 21434037, 21434037, 21434037, 21434037, 21434037, 21434037, 21434037, 21434037, 21434037, 21434037, 21434037, 21434037, 21434037, 21434037, 21396928, 21396928, 21345081, 21345081, 21345081, 21345081, 21345081, 21345081, 21345081, 21345081, 21345081, 21345081, 21345081, 21345081, 21349881, 21349881, 21349881, 21349881, 21349881, 21349881, 21349881, 21294286, 21120177, 21120177, 21120177, 21120177, 21120177, 21120177, 21120177, 21120177, 21120177, 21120177, 21120177, 21120177, 21120177, 20785304, 20785304, 20785304, 20785304, 20785304, 20785304, 20785304, 20785304, 20785304, 20785304, 20785304, 20785304, 20785304, 20785304, 20649616, 20666792, 20666792, 20666792, 20666792, 20666792, 20666792, 20666792, 20666792, 20666792, 20666792, 20666792, 20666792, 20666792, 20666792, 20666792, 20666792, 20666792, 20666792, 20666792, 20666792, 20666792, 20666792, 20666792, 20666792, 20666792, 20629352, 20629352, 20629352, 20631912, 20631912, 20631912, 20631912, 20631912, 20631912, 20631912, 20631912, 20631912, 20631912, 20631912, 20631912, 20631912, 20631912, 20631912, 20631912, 20631912, 20631912, 20631912, 20631912, 20631912, 20631912, 20631912, 20631912, 20631912, 20631912, 20631912, 20631912, 20631912, 20631912, 20631912, 20631912, 20631912, 20631912, 20588598, 20588598, 20588598, 20588598]",0,0,0
0,79,meta-llama/Llama-3.1-70B,17,370,23478655809,31259981459,7781325650,14371610,40389299,21991296,"[21569850, 21569850, 21569850, 21569850, 21569850, 21569850, 21526045, 21526045, 34835991, 21567370, 21567370, 21567370, 27494416, 21579422, 32700672, 86481424, 22457576, 21680277, 21680277, 21680277, 29695245, 21760035, 21760035, 21760035, 21760035, 62923445, 21795732, 21795732, 21680277, 21680277, 21680277, 21680277, 21695066, 23188625, 21680277, 21680277, 22603471, 21795732, 21795732, 21795732, 21795732, 21795732, 23373324, 21829874, 21829874, 21829874, 21829874, 21829874, 25845356, 22093397, 22093397, 22093397, 23037691, 22133280, 22133280, 22133280, 22133280, 22133280, 22133280, 23032025, 22345324, 22345324, 37047684, 22093397, 23113761, 22133280, 22133280, 26269296, 22285357, 22285357, 22285357, 22285357, 22285357, 22285357, 22285357, 22284637, 22284637, 22284637, 22284637, 22284637, 22284637, 22284637, 22284637, 22284637, 22284637, 22284637, 22284637, 22284637, 22284637, 22284637, 22284637, 22284637, 22284637, 22284637, 22284637, 22284637, 22284637, 22284637, 22284637, 22284637, 22345324, 22133280, 22133280, 22133280, 22133280, 22133280, 22133280, 22133280, 22133280, 22133280, 22133280, 22133280, 22133280, 22133280, 22133280, 22133280, 22133280, 22133280, 22093397, 22093397, 22093397, 22093397, 22093397, 22093397, 22093397, 22093397, 22093397, 22093397, 22093397, 22093397, 22093397, 22093397, 22093397, 22093397, 22093397, 22093397, 21829874, 21829874, 21829874, 21829874, 21829874, 21829874, 21795732, 21795732, 21760035, 21760035, 21760035, 21760035, 21760035, 21760035, 21760035, 21760035, 21760035, 21760035, 21760035, 21760035, 21760035, 21760035, 21760035, 21680277, 21680277, 21696426, 21696426, 21627580, 21627580, 21627580, 21627580, 21627580, 21627580, 21627580, 21627580, 21627580, 21627580, 21627580, 21579422, 21579422, 21579422, 21526045, 21526045, 21526045, 21526045, 21526045, 21526045, 21526045, 21526045, 21526045, 21526045, 21526045, 21526045, 21526045, 21526045, 21526045, 21526045, 21528445, 21528445, 21528445, 21528445, 21528445, 21528445, 21528445, 21523906, 21523906, 21445279, 21445279, 21445279, 21445279, 21445279, 21445279, 21445279, 21445279, 21445279, 21445279, 21445279, 21445279, 21445279, 21434037, 21434037, 21434037, 21434037, 21434037, 21434037, 21434037, 21434037, 21434037, 21434037, 21434037, 21434037, 21434037, 21434037, 21434037, 21434037, 21434037, 21434037, 21396928, 21396928, 21345081, 21345081, 21345081, 21345081, 21345081, 21345081, 21345081, 21345081, 21345081, 21345081, 21345081, 21345081, 21349881, 21349881, 21349881, 21349881, 21349881, 21349881, 21349881, 21294286, 21120177, 21120177, 21120177, 21120177, 21120177, 21120177, 21120177, 21120177, 21120177, 21120177, 21120177, 21120177, 21120177, 20785304, 20785304, 20785304, 20785304, 20785304, 20785304, 20785304, 20785304, 20785304, 20785304, 20785304, 20785304, 20785304, 20785304, 20649616, 20666792, 20666792, 20666792, 20666792, 20666792, 20666792, 20666792, 20666792, 20666792, 20666792, 20666792, 20666792, 20666792, 20666792, 20666792, 20666792, 20666792, 20666792, 20666792, 20666792, 20666792, 20666792, 20666792, 20666792, 20666792, 20629352, 20629352, 20629352, 20631912, 20631912, 20631912, 20631912, 20631912, 20631912, 20631912, 20631912, 20631912, 20631912, 20631912, 20631912, 20631912, 20631912, 20631912, 20631912, 20631912, 20631912, 20631912, 20631912, 20631912, 20631912, 20631912, 20631912, 20631912, 20631912, 20631912, 20631912, 20631912, 20631912, 20631912, 20631912, 20631912, 20631912, 20588598, 20588598, 20588598, 20588598, 20519123, 20519123, 20519123]",0,0,0
0,83,meta-llama/Llama-3.1-70B,257,616,23827635775,31689699575,7862063800,12492462,45193134,21834834,"[86481424, 22457576, 21680277, 21680277, 21680277, 29695245, 21760035, 21760035, 21760035, 21760035, 62923445, 21795732, 21795732, 21680277, 21680277, 21680277, 21680277, 21695066, 23188625, 21680277, 21680277, 22603471, 21795732, 21795732, 21795732, 21795732, 21795732, 23373324, 21829874, 21829874, 21829874, 21829874, 21829874, 25845356, 22093397, 22093397, 22093397, 23037691, 22133280, 22133280, 22133280, 22133280, 22133280, 22133280, 23032025, 22345324, 22345324, 37047684, 22093397, 23113761, 22133280, 22133280, 26269296, 22285357, 22285357, 22285357, 22285357, 22285357, 22285357, 22285357, 22284637, 22284637, 22284637, 22284637, 22284637, 22284637, 22284637, 22284637, 22284637, 22284637, 22284637, 22284637, 22284637, 22284637, 22284637, 22284637, 22284637, 22284637, 22284637, 22284637, 22284637, 22284637, 22284637, 22284637, 22284637, 22345324, 22133280, 22133280, 22133280, 22133280, 22133280, 22133280, 22133280, 22133280, 22133280, 22133280, 22133280, 22133280, 22133280, 22133280, 22133280, 22133280, 22133280, 22093397, 22093397, 22093397, 22093397, 22093397, 22093397, 22093397, 22093397, 22093397, 22093397, 22093397, 22093397, 22093397, 22093397, 22093397, 22093397, 22093397, 22093397, 21829874, 21829874, 21829874, 21829874, 21829874, 21829874, 21795732, 21795732, 21760035, 21760035, 21760035, 21760035, 21760035, 21760035, 21760035, 21760035, 21760035, 21760035, 21760035, 21760035, 21760035, 21760035, 21760035, 21680277, 21680277, 21696426, 21696426, 21627580, 21627580, 21627580, 21627580, 21627580, 21627580, 21627580, 21627580, 21627580, 21627580, 21627580, 21579422, 21579422, 21579422, 21526045, 21526045, 21526045, 21526045, 21526045, 21526045, 21526045, 21526045, 21526045, 21526045, 21526045, 21526045, 21526045, 21526045, 21526045, 21526045, 21528445, 21528445, 21528445, 21528445, 21528445, 21528445, 21528445, 21523906, 21523906, 21445279, 21445279, 21445279, 21445279, 21445279, 21445279, 21445279, 21445279, 21445279, 21445279, 21445279, 21445279, 21445279, 21434037, 21434037, 21434037, 21434037, 21434037, 21434037, 21434037, 21434037, 21434037, 21434037, 21434037, 21434037, 21434037, 21434037, 21434037, 21434037, 21434037, 21434037, 21396928, 21396928, 21345081, 21345081, 21345081, 21345081, 21345081, 21345081, 21345081, 21345081, 21345081, 21345081, 21345081, 21345081, 21349881, 21349881, 21349881, 21349881, 21349881, 21349881, 21349881, 21294286, 21120177, 21120177, 21120177, 21120177, 21120177, 21120177, 21120177, 21120177, 21120177, 21120177, 21120177, 21120177, 21120177, 20785304, 20785304, 20785304, 20785304, 20785304, 20785304, 20785304, 20785304, 20785304, 20785304, 20785304, 20785304, 20785304, 20785304, 20649616, 20666792, 20666792, 20666792, 20666792, 20666792, 20666792, 20666792, 20666792, 20666792, 20666792, 20666792, 20666792, 20666792, 20666792, 20666792, 20666792, 20666792, 20666792, 20666792, 20666792, 20666792, 20666792, 20666792, 20666792, 20666792, 20629352, 20629352, 20629352, 20631912, 20631912, 20631912, 20631912, 20631912, 20631912, 20631912, 20631912, 20631912, 20631912, 20631912, 20631912, 20631912, 20631912, 20631912, 20631912, 20631912, 20631912, 20631912, 20631912, 20631912, 20631912, 20631912, 20631912, 20631912, 20631912, 20631912, 20631912, 20631912, 20631912, 20631912, 20631912, 20631912, 20631912, 20588598, 20588598, 20588598, 20588598, 20519123, 20519123, 20519123, 20462116, 20462116, 20462116, 20462116, 20462116, 20462116, 20462116, 20462116, 20462116, 20462116, 20462116, 20462116, 20463636, 20463636, 20463636, 20463636, 20463636, 20463636, 20463636, 20463636, 20463636]",0,0,0
0,78,meta-llama/Llama-3.1-70B,11,397,23434266542,31893479275,8459212733,14944984,37232432,21875273,"[21528445, 26017689, 21569850, 21569850, 21569850, 21569850, 21569850, 21569850, 21526045, 21526045, 34835991, 21567370, 21567370, 21567370, 27494416, 21579422, 32700672, 86481424, 22457576, 21680277, 21680277, 21680277, 29695245, 21760035, 21760035, 21760035, 21760035, 62923445, 21795732, 21795732, 21680277, 21680277, 21680277, 21680277, 21695066, 23188625, 21680277, 21680277, 22603471, 21795732, 21795732, 21795732, 21795732, 21795732, 23373324, 21829874, 21829874, 21829874, 21829874, 21829874, 25845356, 22093397, 22093397, 22093397, 23037691, 22133280, 22133280, 22133280, 22133280, 22133280, 22133280, 23032025, 22345324, 22345324, 37047684, 22093397, 23113761, 22133280, 22133280, 26269296, 22285357, 22285357, 22285357, 22285357, 22285357, 22285357, 22285357, 22284637, 22284637, 22284637, 22284637, 22284637, 22284637, 22284637, 22284637, 22284637, 22284637, 22284637, 22284637, 22284637, 22284637, 22284637, 22284637, 22284637, 22284637, 22284637, 22284637, 22284637, 22284637, 22284637, 22284637, 22284637, 22345324, 22133280, 22133280, 22133280, 22133280, 22133280, 22133280, 22133280, 22133280, 22133280, 22133280, 22133280, 22133280, 22133280, 22133280, 22133280, 22133280, 22133280, 22093397, 22093397, 22093397, 22093397, 22093397, 22093397, 22093397, 22093397, 22093397, 22093397, 22093397, 22093397, 22093397, 22093397, 22093397, 22093397, 22093397, 22093397, 21829874, 21829874, 21829874, 21829874, 21829874, 21829874, 21795732, 21795732, 21760035, 21760035, 21760035, 21760035, 21760035, 21760035, 21760035, 21760035, 21760035, 21760035, 21760035, 21760035, 21760035, 21760035, 21760035, 21680277, 21680277, 21696426, 21696426, 21627580, 21627580, 21627580, 21627580, 21627580, 21627580, 21627580, 21627580, 21627580, 21627580, 21627580, 21579422, 21579422, 21579422, 21526045, 21526045, 21526045, 21526045, 21526045, 21526045, 21526045, 21526045, 21526045, 21526045, 21526045, 21526045, 21526045, 21526045, 21526045, 21526045, 21528445, 21528445, 21528445, 21528445, 21528445, 21528445, 21528445, 21523906, 21523906, 21445279, 21445279, 21445279, 21445279, 21445279, 21445279, 21445279, 21445279, 21445279, 21445279, 21445279, 21445279, 21445279, 21434037, 21434037, 21434037, 21434037, 21434037, 21434037, 21434037, 21434037, 21434037, 21434037, 21434037, 21434037, 21434037, 21434037, 21434037, 21434037, 21434037, 21434037, 21396928, 21396928, 21345081, 21345081, 21345081, 21345081, 21345081, 21345081, 21345081, 21345081, 21345081, 21345081, 21345081, 21345081, 21349881, 21349881, 21349881, 21349881, 21349881, 21349881, 21349881, 21294286, 21120177, 21120177, 21120177, 21120177, 21120177, 21120177, 21120177, 21120177, 21120177, 21120177, 21120177, 21120177, 21120177, 20785304, 20785304, 20785304, 20785304, 20785304, 20785304, 20785304, 20785304, 20785304, 20785304, 20785304, 20785304, 20785304, 20785304, 20649616, 20666792, 20666792, 20666792, 20666792, 20666792, 20666792, 20666792, 20666792, 20666792, 20666792, 20666792, 20666792, 20666792, 20666792, 20666792, 20666792, 20666792, 20666792, 20666792, 20666792, 20666792, 20666792, 20666792, 20666792, 20666792, 20629352, 20629352, 20629352, 20631912, 20631912, 20631912, 20631912, 20631912, 20631912, 20631912, 20631912, 20631912, 20631912, 20631912, 20631912, 20631912, 20631912, 20631912, 20631912, 20631912, 20631912, 20631912, 20631912, 20631912, 20631912, 20631912, 20631912, 20631912, 20631912, 20631912, 20631912, 20631912, 20631912, 20631912, 20631912, 20631912, 20631912, 20588598, 20588598, 20588598, 20588598, 20519123, 20519123, 20519123, 20462116, 20462116, 20462116, 20462116, 20462116, 20462116, 20462116, 20462116, 20462116, 20462116, 20462116, 20462116, 20463636, 20463636, 20463636, 20463636, 20463636, 20463636, 20463636, 20463636, 20463636, 20378386, 20378386, 20378386, 20378386, 20378386, 20378386, 20378386, 20378386, 20376306, 20376306]",0,0,0
0,90,meta-llama/Llama-3.1-70B,4,368,24425191154,32249991800,7824800646,19833233,42436704,21439019,"[21795732, 21795732, 21795732, 21795732, 21795732, 23373324, 21829874, 21829874, 21829874, 21829874, 21829874, 25845356, 22093397, 22093397, 22093397, 23037691, 22133280, 22133280, 22133280, 22133280, 22133280, 22133280, 23032025, 22345324, 22345324, 37047684, 22093397, 23113761, 22133280, 22133280, 26269296, 22285357, 22285357, 22285357, 22285357, 22285357, 22285357, 22285357, 22284637, 22284637, 22284637, 22284637, 22284637, 22284637, 22284637, 22284637, 22284637, 22284637, 22284637, 22284637, 22284637, 22284637, 22284637, 22284637, 22284637, 22284637, 22284637, 22284637, 22284637, 22284637, 22284637, 22284637, 22284637, 22345324, 22133280, 22133280, 22133280, 22133280, 22133280, 22133280, 22133280, 22133280, 22133280, 22133280, 22133280, 22133280, 22133280, 22133280, 22133280, 22133280, 22133280, 22093397, 22093397, 22093397, 22093397, 22093397, 22093397, 22093397, 22093397, 22093397, 22093397, 22093397, 22093397, 22093397, 22093397, 22093397, 22093397, 22093397, 22093397, 21829874, 21829874, 21829874, 21829874, 21829874, 21829874, 21795732, 21795732, 21760035, 21760035, 21760035, 21760035, 21760035, 21760035, 21760035, 21760035, 21760035, 21760035, 21760035, 21760035, 21760035, 21760035, 21760035, 21680277, 21680277, 21696426, 21696426, 21627580, 21627580, 21627580, 21627580, 21627580, 21627580, 21627580, 21627580, 21627580, 21627580, 21627580, 21579422, 21579422, 21579422, 21526045, 21526045, 21526045, 21526045, 21526045, 21526045, 21526045, 21526045, 21526045, 21526045, 21526045, 21526045, 21526045, 21526045, 21526045, 21526045, 21528445, 21528445, 21528445, 21528445, 21528445, 21528445, 21528445, 21523906, 21523906, 21445279, 21445279, 21445279, 21445279, 21445279, 21445279, 21445279, 21445279, 21445279, 21445279, 21445279, 21445279, 21445279, 21434037, 21434037, 21434037, 21434037, 21434037, 21434037, 21434037, 21434037, 21434037, 21434037, 21434037, 21434037, 21434037, 21434037, 21434037, 21434037, 21434037, 21434037, 21396928, 21396928, 21345081, 21345081, 21345081, 21345081, 21345081, 21345081, 21345081, 21345081, 21345081, 21345081, 21345081, 21345081, 21349881, 21349881, 21349881, 21349881, 21349881, 21349881, 21349881, 21294286, 21120177, 21120177, 21120177, 21120177, 21120177, 21120177, 21120177, 21120177, 21120177, 21120177, 21120177, 21120177, 21120177, 20785304, 20785304, 20785304, 20785304, 20785304, 20785304, 20785304, 20785304, 20785304, 20785304, 20785304, 20785304, 20785304, 20785304, 20649616, 20666792, 20666792, 20666792, 20666792, 20666792, 20666792, 20666792, 20666792, 20666792, 20666792, 20666792, 20666792, 20666792, 20666792, 20666792, 20666792, 20666792, 20666792, 20666792, 20666792, 20666792, 20666792, 20666792, 20666792, 20666792, 20629352, 20629352, 20629352, 20631912, 20631912, 20631912, 20631912, 20631912, 20631912, 20631912, 20631912, 20631912, 20631912, 20631912, 20631912, 20631912, 20631912, 20631912, 20631912, 20631912, 20631912, 20631912, 20631912, 20631912, 20631912, 20631912, 20631912, 20631912, 20631912, 20631912, 20631912, 20631912, 20631912, 20631912, 20631912, 20631912, 20631912, 20588598, 20588598, 20588598, 20588598, 20519123, 20519123, 20519123, 20462116, 20462116, 20462116, 20462116, 20462116, 20462116, 20462116, 20462116, 20462116, 20462116, 20462116, 20462116, 20463636, 20463636, 20463636, 20463636, 20463636, 20463636, 20463636, 20463636, 20463636, 20378386, 20378386, 20378386, 20378386, 20378386, 20378386, 20378386, 20378386, 20376306, 20376306, 20971325, 20971325, 20971325, 20971325, 20971325, 20971325, 20971325, 20971325, 20971325, 20971325, 20971325, 20971325, 20971325, 20971325, 20971325, 20971325, 20971325]",0,0,0
0,77,meta-llama/Llama-3.1-70B,9,431,23426573616,32628487484,9201913868,441183,22637910,21803505,"[22287448, 21528445, 26017689, 21569850, 21569850, 21569850, 21569850, 21569850, 21569850, 21526045, 21526045, 34835991, 21567370, 21567370, 21567370, 27494416, 21579422, 32700672, 86481424, 22457576, 21680277, 21680277, 21680277, 29695245, 21760035, 21760035, 21760035, 21760035, 62923445, 21795732, 21795732, 21680277, 21680277, 21680277, 21680277, 21695066, 23188625, 21680277, 21680277, 22603471, 21795732, 21795732, 21795732, 21795732, 21795732, 23373324, 21829874, 21829874, 21829874, 21829874, 21829874, 25845356, 22093397, 22093397, 22093397, 23037691, 22133280, 22133280, 22133280, 22133280, 22133280, 22133280, 23032025, 22345324, 22345324, 37047684, 22093397, 23113761, 22133280, 22133280, 26269296, 22285357, 22285357, 22285357, 22285357, 22285357, 22285357, 22285357, 22284637, 22284637, 22284637, 22284637, 22284637, 22284637, 22284637, 22284637, 22284637, 22284637, 22284637, 22284637, 22284637, 22284637, 22284637, 22284637, 22284637, 22284637, 22284637, 22284637, 22284637, 22284637, 22284637, 22284637, 22284637, 22345324, 22133280, 22133280, 22133280, 22133280, 22133280, 22133280, 22133280, 22133280, 22133280, 22133280, 22133280, 22133280, 22133280, 22133280, 22133280, 22133280, 22133280, 22093397, 22093397, 22093397, 22093397, 22093397, 22093397, 22093397, 22093397, 22093397, 22093397, 22093397, 22093397, 22093397, 22093397, 22093397, 22093397, 22093397, 22093397, 21829874, 21829874, 21829874, 21829874, 21829874, 21829874, 21795732, 21795732, 21760035, 21760035, 21760035, 21760035, 21760035, 21760035, 21760035, 21760035, 21760035, 21760035, 21760035, 21760035, 21760035, 21760035, 21760035, 21680277, 21680277, 21696426, 21696426, 21627580, 21627580, 21627580, 21627580, 21627580, 21627580, 21627580, 21627580, 21627580, 21627580, 21627580, 21579422, 21579422, 21579422, 21526045, 21526045, 21526045, 21526045, 21526045, 21526045, 21526045, 21526045, 21526045, 21526045, 21526045, 21526045, 21526045, 21526045, 21526045, 21526045, 21528445, 21528445, 21528445, 21528445, 21528445, 21528445, 21528445, 21523906, 21523906, 21445279, 21445279, 21445279, 21445279, 21445279, 21445279, 21445279, 21445279, 21445279, 21445279, 21445279, 21445279, 21445279, 21434037, 21434037, 21434037, 21434037, 21434037, 21434037, 21434037, 21434037, 21434037, 21434037, 21434037, 21434037, 21434037, 21434037, 21434037, 21434037, 21434037, 21434037, 21396928, 21396928, 21345081, 21345081, 21345081, 21345081, 21345081, 21345081, 21345081, 21345081, 21345081, 21345081, 21345081, 21345081, 21349881, 21349881, 21349881, 21349881, 21349881, 21349881, 21349881, 21294286, 21120177, 21120177, 21120177, 21120177, 21120177, 21120177, 21120177, 21120177, 21120177, 21120177, 21120177, 21120177, 21120177, 20785304, 20785304, 20785304, 20785304, 20785304, 20785304, 20785304, 20785304, 20785304, 20785304, 20785304, 20785304, 20785304, 20785304, 20649616, 20666792, 20666792, 20666792, 20666792, 20666792, 20666792, 20666792, 20666792, 20666792, 20666792, 20666792, 20666792, 20666792, 20666792, 20666792, 20666792, 20666792, 20666792, 20666792, 20666792, 20666792, 20666792, 20666792, 20666792, 20666792, 20629352, 20629352, 20629352, 20631912, 20631912, 20631912, 20631912, 20631912, 20631912, 20631912, 20631912, 20631912, 20631912, 20631912, 20631912, 20631912, 20631912, 20631912, 20631912, 20631912, 20631912, 20631912, 20631912, 20631912, 20631912, 20631912, 20631912, 20631912, 20631912, 20631912, 20631912, 20631912, 20631912, 20631912, 20631912, 20631912, 20631912, 20588598, 20588598, 20588598, 20588598, 20519123, 20519123, 20519123, 20462116, 20462116, 20462116, 20462116, 20462116, 20462116, 20462116, 20462116, 20462116, 20462116, 20462116, 20462116, 20463636, 20463636, 20463636, 20463636, 20463636, 20463636, 20463636, 20463636, 20463636, 20378386, 20378386, 20378386, 20378386, 20378386, 20378386, 20378386, 20378386, 20376306, 20376306, 20971325, 20971325, 20971325, 20971325, 20971325, 20971325, 20971325, 20971325, 20971325, 20971325, 20971325, 20971325, 20971325, 20971325, 20971325, 20971325, 20971325, 21027538, 21027538, 21027538, 21027538, 21027538, 21027538, 21027538, 21027538, 21027538, 21027538, 21027538, 21027538, 21027538, 21027538, 21027538, 21027538, 21027538, 21027538]",0,0,0
0,63,meta-llama/Llama-3.1-70B,15,505,21912386461,32775567718,10863181257,3060228,24660449,22164664,"[20589238, 42972025, 54556487, 20666792, 31051310, 23604731, 20785304, 20785304, 20785304, 20785304, 20785304, 20785304, 57569668, 21120177, 21120177, 21120177, 21120177, 21120177, 21120177, 21120177, 21120177, 21120177, 21120177, 21120177, 21120177, 21120177, 21120177, 21120177, 21120177, 21120177, 21120177, 21935835, 21294286, 21294286, 21294286, 21294286, 21294286, 21294286, 23154432, 22629995, 21432197, 21432197, 21432197, 21432197, 21432197, 21396928, 21396928, 34531621, 21432197, 21432197, 21432197, 21432197, 31736995, 21443679, 21443679, 21443679, 21443679, 21443679, 107980731, 21445279, 22196727, 22287448, 21528445, 26017689, 21569850, 21569850, 21569850, 21569850, 21569850, 21569850, 21526045, 21526045, 34835991, 21567370, 21567370, 21567370, 27494416, 21579422, 32700672, 86481424, 22457576, 21680277, 21680277, 21680277, 29695245, 21760035, 21760035, 21760035, 21760035, 62923445, 21795732, 21795732, 21680277, 21680277, 21680277, 21680277, 21695066, 23188625, 21680277, 21680277, 22603471, 21795732, 21795732, 21795732, 21795732, 21795732, 23373324, 21829874, 21829874, 21829874, 21829874, 21829874, 25845356, 22093397, 22093397, 22093397, 23037691, 22133280, 22133280, 22133280, 22133280, 22133280, 22133280, 23032025, 22345324, 22345324, 37047684, 22093397, 23113761, 22133280, 22133280, 26269296, 22285357, 22285357, 22285357, 22285357, 22285357, 22285357, 22285357, 22284637, 22284637, 22284637, 22284637, 22284637, 22284637, 22284637, 22284637, 22284637, 22284637, 22284637, 22284637, 22284637, 22284637, 22284637, 22284637, 22284637, 22284637, 22284637, 22284637, 22284637, 22284637, 22284637, 22284637, 22284637, 22345324, 22133280, 22133280, 22133280, 22133280, 22133280, 22133280, 22133280, 22133280, 22133280, 22133280, 22133280, 22133280, 22133280, 22133280, 22133280, 22133280, 22133280, 22093397, 22093397, 22093397, 22093397, 22093397, 22093397, 22093397, 22093397, 22093397, 22093397, 22093397, 22093397, 22093397, 22093397, 22093397, 22093397, 22093397, 22093397, 21829874, 21829874, 21829874, 21829874, 21829874, 21829874, 21795732, 21795732, 21760035, 21760035, 21760035, 21760035, 21760035, 21760035, 21760035, 21760035, 21760035, 21760035, 21760035, 21760035, 21760035, 21760035, 21760035, 21680277, 21680277, 21696426, 21696426, 21627580, 21627580, 21627580, 21627580, 21627580, 21627580, 21627580, 21627580, 21627580, 21627580, 21627580, 21579422, 21579422, 21579422, 21526045, 21526045, 21526045, 21526045, 21526045, 21526045, 21526045, 21526045, 21526045, 21526045, 21526045, 21526045, 21526045, 21526045, 21526045, 21526045, 21528445, 21528445, 21528445, 21528445, 21528445, 21528445, 21528445, 21523906, 21523906, 21445279, 21445279, 21445279, 21445279, 21445279, 21445279, 21445279, 21445279, 21445279, 21445279, 21445279, 21445279, 21445279, 21434037, 21434037, 21434037, 21434037, 21434037, 21434037, 21434037, 21434037, 21434037, 21434037, 21434037, 21434037, 21434037, 21434037, 21434037, 21434037, 21434037, 21434037, 21396928, 21396928, 21345081, 21345081, 21345081, 21345081, 21345081, 21345081, 21345081, 21345081, 21345081, 21345081, 21345081, 21345081, 21349881, 21349881, 21349881, 21349881, 21349881, 21349881, 21349881, 21294286, 21120177, 21120177, 21120177, 21120177, 21120177, 21120177, 21120177, 21120177, 21120177, 21120177, 21120177, 21120177, 21120177, 20785304, 20785304, 20785304, 20785304, 20785304, 20785304, 20785304, 20785304, 20785304, 20785304, 20785304, 20785304, 20785304, 20785304, 20649616, 20666792, 20666792, 20666792, 20666792, 20666792, 20666792, 20666792, 20666792, 20666792, 20666792, 20666792, 20666792, 20666792, 20666792, 20666792, 20666792, 20666792, 20666792, 20666792, 20666792, 20666792, 20666792, 20666792, 20666792, 20666792, 20629352, 20629352, 20629352, 20631912, 20631912, 20631912, 20631912, 20631912, 20631912, 20631912, 20631912, 20631912, 20631912, 20631912, 20631912, 20631912, 20631912, 20631912, 20631912, 20631912, 20631912, 20631912, 20631912, 20631912, 20631912, 20631912, 20631912, 20631912, 20631912, 20631912, 20631912, 20631912, 20631912, 20631912, 20631912, 20631912, 20631912, 20588598, 20588598, 20588598, 20588598, 20519123, 20519123, 20519123, 20462116, 20462116, 20462116, 20462116, 20462116, 20462116, 20462116, 20462116, 20462116, 20462116, 20462116, 20462116, 20463636, 20463636, 20463636, 20463636, 20463636, 20463636, 20463636, 20463636, 20463636, 20378386, 20378386, 20378386, 20378386, 20378386, 20378386, 20378386, 20378386, 20376306, 20376306, 20971325, 20971325, 20971325, 20971325, 20971325, 20971325, 20971325, 20971325, 20971325, 20971325, 20971325, 20971325, 20971325, 20971325, 20971325, 20971325, 20971325, 21027538, 21027538, 21027538, 21027538, 21027538, 21027538, 21027538, 21027538, 21027538, 21027538, 21027538, 21027538, 21027538, 21027538, 21027538, 21027538, 21027538, 21027538, 21011462, 21011462, 21011462, 21011462, 21011462, 21011462, 21011462]",0,0,0
0,98,meta-llama/Llama-3.1-70B,67,468,25133488822,33677457243,8543968421,17847383,44116679,21249629,"[22285357, 22285357, 22285357, 22285357, 22285357, 22285357, 22285357, 22284637, 22284637, 22284637, 22284637, 22284637, 22284637, 22284637, 22284637, 22284637, 22284637, 22284637, 22284637, 22284637, 22284637, 22284637, 22284637, 22284637, 22284637, 22284637, 22284637, 22284637, 22284637, 22284637, 22284637, 22284637, 22345324, 22133280, 22133280, 22133280, 22133280, 22133280, 22133280, 22133280, 22133280, 22133280, 22133280, 22133280, 22133280, 22133280, 22133280, 22133280, 22133280, 22133280, 22093397, 22093397, 22093397, 22093397, 22093397, 22093397, 22093397, 22093397, 22093397, 22093397, 22093397, 22093397, 22093397, 22093397, 22093397, 22093397, 22093397, 22093397, 21829874, 21829874, 21829874, 21829874, 21829874, 21829874, 21795732, 21795732, 21760035, 21760035, 21760035, 21760035, 21760035, 21760035, 21760035, 21760035, 21760035, 21760035, 21760035, 21760035, 21760035, 21760035, 21760035, 21680277, 21680277, 21696426, 21696426, 21627580, 21627580, 21627580, 21627580, 21627580, 21627580, 21627580, 21627580, 21627580, 21627580, 21627580, 21579422, 21579422, 21579422, 21526045, 21526045, 21526045, 21526045, 21526045, 21526045, 21526045, 21526045, 21526045, 21526045, 21526045, 21526045, 21526045, 21526045, 21526045, 21526045, 21528445, 21528445, 21528445, 21528445, 21528445, 21528445, 21528445, 21523906, 21523906, 21445279, 21445279, 21445279, 21445279, 21445279, 21445279, 21445279, 21445279, 21445279, 21445279, 21445279, 21445279, 21445279, 21434037, 21434037, 21434037, 21434037, 21434037, 21434037, 21434037, 21434037, 21434037, 21434037, 21434037, 21434037, 21434037, 21434037, 21434037, 21434037, 21434037, 21434037, 21396928, 21396928, 21345081, 21345081, 21345081, 21345081, 21345081, 21345081, 21345081, 21345081, 21345081, 21345081, 21345081, 21345081, 21349881, 21349881, 21349881, 21349881, 21349881, 21349881, 21349881, 21294286, 21120177, 21120177, 21120177, 21120177, 21120177, 21120177, 21120177, 21120177, 21120177, 21120177, 21120177, 21120177, 21120177, 20785304, 20785304, 20785304, 20785304, 20785304, 20785304, 20785304, 20785304, 20785304, 20785304, 20785304, 20785304, 20785304, 20785304, 20649616, 20666792, 20666792, 20666792, 20666792, 20666792, 20666792, 20666792, 20666792, 20666792, 20666792, 20666792, 20666792, 20666792, 20666792, 20666792, 20666792, 20666792, 20666792, 20666792, 20666792, 20666792, 20666792, 20666792, 20666792, 20666792, 20629352, 20629352, 20629352, 20631912, 20631912, 20631912, 20631912, 20631912, 20631912, 20631912, 20631912, 20631912, 20631912, 20631912, 20631912, 20631912, 20631912, 20631912, 20631912, 20631912, 20631912, 20631912, 20631912, 20631912, 20631912, 20631912, 20631912, 20631912, 20631912, 20631912, 20631912, 20631912, 20631912, 20631912, 20631912, 20631912, 20631912, 20588598, 20588598, 20588598, 20588598, 20519123, 20519123, 20519123, 20462116, 20462116, 20462116, 20462116, 20462116, 20462116, 20462116, 20462116, 20462116, 20462116, 20462116, 20462116, 20463636, 20463636, 20463636, 20463636, 20463636, 20463636, 20463636, 20463636, 20463636, 20378386, 20378386, 20378386, 20378386, 20378386, 20378386, 20378386, 20378386, 20376306, 20376306, 20971325, 20971325, 20971325, 20971325, 20971325, 20971325, 20971325, 20971325, 20971325, 20971325, 20971325, 20971325, 20971325, 20971325, 20971325, 20971325, 20971325, 21027538, 21027538, 21027538, 21027538, 21027538, 21027538, 21027538, 21027538, 21027538, 21027538, 21027538, 21027538, 21027538, 21027538, 21027538, 21027538, 21027538, 21027538, 21011462, 21011462, 21011462, 21011462, 21011462, 21011462, 21011462, 20974175, 20974175, 20974175, 20974175, 20974175, 20974175, 20974175, 20974175, 20974175, 20974175, 20974175, 20974175, 20974175, 20974175, 20974175, 20974175, 20974175, 20974175, 20974175, 20974175, 20974175, 20974175, 20974175, 20974175, 20974175, 20974175, 20974175, 20974175, 20974175, 20974175, 20974175, 20974175, 20974175, 20974175, 20974175, 20974175, 20974175, 20974175, 20974175, 20974175, 20974175, 20974175, 20974175]",0,0,0
0,64,meta-llama/Llama-3.1-70B,443,1015,21956509160,34533634399,12577125239,1126988,44099013,21949257,"[54556487, 20666792, 31051310, 23604731, 20785304, 20785304, 20785304, 20785304, 20785304, 20785304, 57569668, 21120177, 21120177, 21120177, 21120177, 21120177, 21120177, 21120177, 21120177, 21120177, 21120177, 21120177, 21120177, 21120177, 21120177, 21120177, 21120177, 21120177, 21120177, 21935835, 21294286, 21294286, 21294286, 21294286, 21294286, 21294286, 23154432, 22629995, 21432197, 21432197, 21432197, 21432197, 21432197, 21396928, 21396928, 34531621, 21432197, 21432197, 21432197, 21432197, 31736995, 21443679, 21443679, 21443679, 21443679, 21443679, 107980731, 21445279, 22196727, 22287448, 21528445, 26017689, 21569850, 21569850, 21569850, 21569850, 21569850, 21569850, 21526045, 21526045, 34835991, 21567370, 21567370, 21567370, 27494416, 21579422, 32700672, 86481424, 22457576, 21680277, 21680277, 21680277, 29695245, 21760035, 21760035, 21760035, 21760035, 62923445, 21795732, 21795732, 21680277, 21680277, 21680277, 21680277, 21695066, 23188625, 21680277, 21680277, 22603471, 21795732, 21795732, 21795732, 21795732, 21795732, 23373324, 21829874, 21829874, 21829874, 21829874, 21829874, 25845356, 22093397, 22093397, 22093397, 23037691, 22133280, 22133280, 22133280, 22133280, 22133280, 22133280, 23032025, 22345324, 22345324, 37047684, 22093397, 23113761, 22133280, 22133280, 26269296, 22285357, 22285357, 22285357, 22285357, 22285357, 22285357, 22285357, 22284637, 22284637, 22284637, 22284637, 22284637, 22284637, 22284637, 22284637, 22284637, 22284637, 22284637, 22284637, 22284637, 22284637, 22284637, 22284637, 22284637, 22284637, 22284637, 22284637, 22284637, 22284637, 22284637, 22284637, 22284637, 22345324, 22133280, 22133280, 22133280, 22133280, 22133280, 22133280, 22133280, 22133280, 22133280, 22133280, 22133280, 22133280, 22133280, 22133280, 22133280, 22133280, 22133280, 22093397, 22093397, 22093397, 22093397, 22093397, 22093397, 22093397, 22093397, 22093397, 22093397, 22093397, 22093397, 22093397, 22093397, 22093397, 22093397, 22093397, 22093397, 21829874, 21829874, 21829874, 21829874, 21829874, 21829874, 21795732, 21795732, 21760035, 21760035, 21760035, 21760035, 21760035, 21760035, 21760035, 21760035, 21760035, 21760035, 21760035, 21760035, 21760035, 21760035, 21760035, 21680277, 21680277, 21696426, 21696426, 21627580, 21627580, 21627580, 21627580, 21627580, 21627580, 21627580, 21627580, 21627580, 21627580, 21627580, 21579422, 21579422, 21579422, 21526045, 21526045, 21526045, 21526045, 21526045, 21526045, 21526045, 21526045, 21526045, 21526045, 21526045, 21526045, 21526045, 21526045, 21526045, 21526045, 21528445, 21528445, 21528445, 21528445, 21528445, 21528445, 21528445, 21523906, 21523906, 21445279, 21445279, 21445279, 21445279, 21445279, 21445279, 21445279, 21445279, 21445279, 21445279, 21445279, 21445279, 21445279, 21434037, 21434037, 21434037, 21434037, 21434037, 21434037, 21434037, 21434037, 21434037, 21434037, 21434037, 21434037, 21434037, 21434037, 21434037, 21434037, 21434037, 21434037, 21396928, 21396928, 21345081, 21345081, 21345081, 21345081, 21345081, 21345081, 21345081, 21345081, 21345081, 21345081, 21345081, 21345081, 21349881, 21349881, 21349881, 21349881, 21349881, 21349881, 21349881, 21294286, 21120177, 21120177, 21120177, 21120177, 21120177, 21120177, 21120177, 21120177, 21120177, 21120177, 21120177, 21120177, 21120177, 20785304, 20785304, 20785304, 20785304, 20785304, 20785304, 20785304, 20785304, 20785304, 20785304, 20785304, 20785304, 20785304, 20785304, 20649616, 20666792, 20666792, 20666792, 20666792, 20666792, 20666792, 20666792, 20666792, 20666792, 20666792, 20666792, 20666792, 20666792, 20666792, 20666792, 20666792, 20666792, 20666792, 20666792, 20666792, 20666792, 20666792, 20666792, 20666792, 20666792, 20629352, 20629352, 20629352, 20631912, 20631912, 20631912, 20631912, 20631912, 20631912, 20631912, 20631912, 20631912, 20631912, 20631912, 20631912, 20631912, 20631912, 20631912, 20631912, 20631912, 20631912, 20631912, 20631912, 20631912, 20631912, 20631912, 20631912, 20631912, 20631912, 20631912, 20631912, 20631912, 20631912, 20631912, 20631912, 20631912, 20631912, 20588598, 20588598, 20588598, 20588598, 20519123, 20519123, 20519123, 20462116, 20462116, 20462116, 20462116, 20462116, 20462116, 20462116, 20462116, 20462116, 20462116, 20462116, 20462116, 20463636, 20463636, 20463636, 20463636, 20463636, 20463636, 20463636, 20463636, 20463636, 20378386, 20378386, 20378386, 20378386, 20378386, 20378386, 20378386, 20378386, 20376306, 20376306, 20971325, 20971325, 20971325, 20971325, 20971325, 20971325, 20971325, 20971325, 20971325, 20971325, 20971325, 20971325, 20971325, 20971325, 20971325, 20971325, 20971325, 21027538, 21027538, 21027538, 21027538, 21027538, 21027538, 21027538, 21027538, 21027538, 21027538, 21027538, 21027538, 21027538, 21027538, 21027538, 21027538, 21027538, 21027538, 21011462, 21011462, 21011462, 21011462, 21011462, 21011462, 21011462, 20974175, 20974175, 20974175, 20974175, 20974175, 20974175, 20974175, 20974175, 20974175, 20974175, 20974175, 20974175, 20974175, 20974175, 20974175, 20974175, 20974175, 20974175, 20974175, 20974175, 20974175, 20974175, 20974175, 20974175, 20974175, 20974175, 20974175, 20974175, 20974175, 20974175, 20974175, 20974175, 20974175, 20974175, 20974175, 20974175, 20974175, 20974175, 20974175, 20974175, 20974175, 20974175, 20974175, 20881796, 20881796, 20881796, 20881796, 20881796, 20881796, 20881796, 20881796, 20881796, 20881796, 20881796, 20881796, 20881796, 20881796, 20881796, 20881796, 20881796, 20881796, 20881796, 20881796, 20881796, 20881796, 20881796, 20881796, 20881796, 20881796, 20881796, 20881796, 20881796, 20881796, 20881796, 20881796, 20881796, 20881796, 20881796, 20881796, 20881796, 20881796, 20889636, 20889636, 20889636]",0,0,0
0,59,meta-llama/Llama-3.1-70B,25,625,21615708394,34846353244,13230644850,19407052,41108793,22019258,"[72335795, 21403130, 21274076, 20516643, 20516643, 20516643, 20516643, 20516643, 20516643, 20516643, 21600221, 20589238, 42972025, 54556487, 20666792, 31051310, 23604731, 20785304, 20785304, 20785304, 20785304, 20785304, 20785304, 57569668, 21120177, 21120177, 21120177, 21120177, 21120177, 21120177, 21120177, 21120177, 21120177, 21120177, 21120177, 21120177, 21120177, 21120177, 21120177, 21120177, 21120177, 21120177, 21935835, 21294286, 21294286, 21294286, 21294286, 21294286, 21294286, 23154432, 22629995, 21432197, 21432197, 21432197, 21432197, 21432197, 21396928, 21396928, 34531621, 21432197, 21432197, 21432197, 21432197, 31736995, 21443679, 21443679, 21443679, 21443679, 21443679, 107980731, 21445279, 22196727, 22287448, 21528445, 26017689, 21569850, 21569850, 21569850, 21569850, 21569850, 21569850, 21526045, 21526045, 34835991, 21567370, 21567370, 21567370, 27494416, 21579422, 32700672, 86481424, 22457576, 21680277, 21680277, 21680277, 29695245, 21760035, 21760035, 21760035, 21760035, 62923445, 21795732, 21795732, 21680277, 21680277, 21680277, 21680277, 21695066, 23188625, 21680277, 21680277, 22603471, 21795732, 21795732, 21795732, 21795732, 21795732, 23373324, 21829874, 21829874, 21829874, 21829874, 21829874, 25845356, 22093397, 22093397, 22093397, 23037691, 22133280, 22133280, 22133280, 22133280, 22133280, 22133280, 23032025, 22345324, 22345324, 37047684, 22093397, 23113761, 22133280, 22133280, 26269296, 22285357, 22285357, 22285357, 22285357, 22285357, 22285357, 22285357, 22284637, 22284637, 22284637, 22284637, 22284637, 22284637, 22284637, 22284637, 22284637, 22284637, 22284637, 22284637, 22284637, 22284637, 22284637, 22284637, 22284637, 22284637, 22284637, 22284637, 22284637, 22284637, 22284637, 22284637, 22284637, 22345324, 22133280, 22133280, 22133280, 22133280, 22133280, 22133280, 22133280, 22133280, 22133280, 22133280, 22133280, 22133280, 22133280, 22133280, 22133280, 22133280, 22133280, 22093397, 22093397, 22093397, 22093397, 22093397, 22093397, 22093397, 22093397, 22093397, 22093397, 22093397, 22093397, 22093397, 22093397, 22093397, 22093397, 22093397, 22093397, 21829874, 21829874, 21829874, 21829874, 21829874, 21829874, 21795732, 21795732, 21760035, 21760035, 21760035, 21760035, 21760035, 21760035, 21760035, 21760035, 21760035, 21760035, 21760035, 21760035, 21760035, 21760035, 21760035, 21680277, 21680277, 21696426, 21696426, 21627580, 21627580, 21627580, 21627580, 21627580, 21627580, 21627580, 21627580, 21627580, 21627580, 21627580, 21579422, 21579422, 21579422, 21526045, 21526045, 21526045, 21526045, 21526045, 21526045, 21526045, 21526045, 21526045, 21526045, 21526045, 21526045, 21526045, 21526045, 21526045, 21526045, 21528445, 21528445, 21528445, 21528445, 21528445, 21528445, 21528445, 21523906, 21523906, 21445279, 21445279, 21445279, 21445279, 21445279, 21445279, 21445279, 21445279, 21445279, 21445279, 21445279, 21445279, 21445279, 21434037, 21434037, 21434037, 21434037, 21434037, 21434037, 21434037, 21434037, 21434037, 21434037, 21434037, 21434037, 21434037, 21434037, 21434037, 21434037, 21434037, 21434037, 21396928, 21396928, 21345081, 21345081, 21345081, 21345081, 21345081, 21345081, 21345081, 21345081, 21345081, 21345081, 21345081, 21345081, 21349881, 21349881, 21349881, 21349881, 21349881, 21349881, 21349881, 21294286, 21120177, 21120177, 21120177, 21120177, 21120177, 21120177, 21120177, 21120177, 21120177, 21120177, 21120177, 21120177, 21120177, 20785304, 20785304, 20785304, 20785304, 20785304, 20785304, 20785304, 20785304, 20785304, 20785304, 20785304, 20785304, 20785304, 20785304, 20649616, 20666792, 20666792, 20666792, 20666792, 20666792, 20666792, 20666792, 20666792, 20666792, 20666792, 20666792, 20666792, 20666792, 20666792, 20666792, 20666792, 20666792, 20666792, 20666792, 20666792, 20666792, 20666792, 20666792, 20666792, 20666792, 20629352, 20629352, 20629352, 20631912, 20631912, 20631912, 20631912, 20631912, 20631912, 20631912, 20631912, 20631912, 20631912, 20631912, 20631912, 20631912, 20631912, 20631912, 20631912, 20631912, 20631912, 20631912, 20631912, 20631912, 20631912, 20631912, 20631912, 20631912, 20631912, 20631912, 20631912, 20631912, 20631912, 20631912, 20631912, 20631912, 20631912, 20588598, 20588598, 20588598, 20588598, 20519123, 20519123, 20519123, 20462116, 20462116, 20462116, 20462116, 20462116, 20462116, 20462116, 20462116, 20462116, 20462116, 20462116, 20462116, 20463636, 20463636, 20463636, 20463636, 20463636, 20463636, 20463636, 20463636, 20463636, 20378386, 20378386, 20378386, 20378386, 20378386, 20378386, 20378386, 20378386, 20376306, 20376306, 20971325, 20971325, 20971325, 20971325, 20971325, 20971325, 20971325, 20971325, 20971325, 20971325, 20971325, 20971325, 20971325, 20971325, 20971325, 20971325, 20971325, 21027538, 21027538, 21027538, 21027538, 21027538, 21027538, 21027538, 21027538, 21027538, 21027538, 21027538, 21027538, 21027538, 21027538, 21027538, 21027538, 21027538, 21027538, 21011462, 21011462, 21011462, 21011462, 21011462, 21011462, 21011462, 20974175, 20974175, 20974175, 20974175, 20974175, 20974175, 20974175, 20974175, 20974175, 20974175, 20974175, 20974175, 20974175, 20974175, 20974175, 20974175, 20974175, 20974175, 20974175, 20974175, 20974175, 20974175, 20974175, 20974175, 20974175, 20974175, 20974175, 20974175, 20974175, 20974175, 20974175, 20974175, 20974175, 20974175, 20974175, 20974175, 20974175, 20974175, 20974175, 20974175, 20974175, 20974175, 20974175, 20881796, 20881796, 20881796, 20881796, 20881796, 20881796, 20881796, 20881796, 20881796, 20881796, 20881796, 20881796, 20881796, 20881796, 20881796, 20881796, 20881796, 20881796, 20881796, 20881796, 20881796, 20881796, 20881796, 20881796, 20881796, 20881796, 20881796, 20881796, 20881796, 20881796, 20881796, 20881796, 20881796, 20881796, 20881796, 20881796, 20881796, 20881796, 20889636, 20889636, 20889636, 20847923, 20847923, 20847923, 20847923, 20847923, 20847923, 20847923, 20847923, 20847923, 20847923, 20847923, 20847923, 20847923, 20847923, 20847923]",0,0,0
0,95,meta-llama/Llama-3.1-70B,16,561,24935658047,36512247404,11576589357,21434083,44466108,21198755,"[22345324, 22345324, 37047684, 22093397, 23113761, 22133280, 22133280, 26269296, 22285357, 22285357, 22285357, 22285357, 22285357, 22285357, 22285357, 22284637, 22284637, 22284637, 22284637, 22284637, 22284637, 22284637, 22284637, 22284637, 22284637, 22284637, 22284637, 22284637, 22284637, 22284637, 22284637, 22284637, 22284637, 22284637, 22284637, 22284637, 22284637, 22284637, 22284637, 22284637, 22345324, 22133280, 22133280, 22133280, 22133280, 22133280, 22133280, 22133280, 22133280, 22133280, 22133280, 22133280, 22133280, 22133280, 22133280, 22133280, 22133280, 22133280, 22093397, 22093397, 22093397, 22093397, 22093397, 22093397, 22093397, 22093397, 22093397, 22093397, 22093397, 22093397, 22093397, 22093397, 22093397, 22093397, 22093397, 22093397, 21829874, 21829874, 21829874, 21829874, 21829874, 21829874, 21795732, 21795732, 21760035, 21760035, 21760035, 21760035, 21760035, 21760035, 21760035, 21760035, 21760035, 21760035, 21760035, 21760035, 21760035, 21760035, 21760035, 21680277, 21680277, 21696426, 21696426, 21627580, 21627580, 21627580, 21627580, 21627580, 21627580, 21627580, 21627580, 21627580, 21627580, 21627580, 21579422, 21579422, 21579422, 21526045, 21526045, 21526045, 21526045, 21526045, 21526045, 21526045, 21526045, 21526045, 21526045, 21526045, 21526045, 21526045, 21526045, 21526045, 21526045, 21528445, 21528445, 21528445, 21528445, 21528445, 21528445, 21528445, 21523906, 21523906, 21445279, 21445279, 21445279, 21445279, 21445279, 21445279, 21445279, 21445279, 21445279, 21445279, 21445279, 21445279, 21445279, 21434037, 21434037, 21434037, 21434037, 21434037, 21434037, 21434037, 21434037, 21434037, 21434037, 21434037, 21434037, 21434037, 21434037, 21434037, 21434037, 21434037, 21434037, 21396928, 21396928, 21345081, 21345081, 21345081, 21345081, 21345081, 21345081, 21345081, 21345081, 21345081, 21345081, 21345081, 21345081, 21349881, 21349881, 21349881, 21349881, 21349881, 21349881, 21349881, 21294286, 21120177, 21120177, 21120177, 21120177, 21120177, 21120177, 21120177, 21120177, 21120177, 21120177, 21120177, 21120177, 21120177, 20785304, 20785304, 20785304, 20785304, 20785304, 20785304, 20785304, 20785304, 20785304, 20785304, 20785304, 20785304, 20785304, 20785304, 20649616, 20666792, 20666792, 20666792, 20666792, 20666792, 20666792, 20666792, 20666792, 20666792, 20666792, 20666792, 20666792, 20666792, 20666792, 20666792, 20666792, 20666792, 20666792, 20666792, 20666792, 20666792, 20666792, 20666792, 20666792, 20666792, 20629352, 20629352, 20629352, 20631912, 20631912, 20631912, 20631912, 20631912, 20631912, 20631912, 20631912, 20631912, 20631912, 20631912, 20631912, 20631912, 20631912, 20631912, 20631912, 20631912, 20631912, 20631912, 20631912, 20631912, 20631912, 20631912, 20631912, 20631912, 20631912, 20631912, 20631912, 20631912, 20631912, 20631912, 20631912, 20631912, 20631912, 20588598, 20588598, 20588598, 20588598, 20519123, 20519123, 20519123, 20462116, 20462116, 20462116, 20462116, 20462116, 20462116, 20462116, 20462116, 20462116, 20462116, 20462116, 20462116, 20463636, 20463636, 20463636, 20463636, 20463636, 20463636, 20463636, 20463636, 20463636, 20378386, 20378386, 20378386, 20378386, 20378386, 20378386, 20378386, 20378386, 20376306, 20376306, 20971325, 20971325, 20971325, 20971325, 20971325, 20971325, 20971325, 20971325, 20971325, 20971325, 20971325, 20971325, 20971325, 20971325, 20971325, 20971325, 20971325, 21027538, 21027538, 21027538, 21027538, 21027538, 21027538, 21027538, 21027538, 21027538, 21027538, 21027538, 21027538, 21027538, 21027538, 21027538, 21027538, 21027538, 21027538, 21011462, 21011462, 21011462, 21011462, 21011462, 21011462, 21011462, 20974175, 20974175, 20974175, 20974175, 20974175, 20974175, 20974175, 20974175, 20974175, 20974175, 20974175, 20974175, 20974175, 20974175, 20974175, 20974175, 20974175, 20974175, 20974175, 20974175, 20974175, 20974175, 20974175, 20974175, 20974175, 20974175, 20974175, 20974175, 20974175, 20974175, 20974175, 20974175, 20974175, 20974175, 20974175, 20974175, 20974175, 20974175, 20974175, 20974175, 20974175, 20974175, 20974175, 20881796, 20881796, 20881796, 20881796, 20881796, 20881796, 20881796, 20881796, 20881796, 20881796, 20881796, 20881796, 20881796, 20881796, 20881796, 20881796, 20881796, 20881796, 20881796, 20881796, 20881796, 20881796, 20881796, 20881796, 20881796, 20881796, 20881796, 20881796, 20881796, 20881796, 20881796, 20881796, 20881796, 20881796, 20881796, 20881796, 20881796, 20881796, 20889636, 20889636, 20889636, 20847923, 20847923, 20847923, 20847923, 20847923, 20847923, 20847923, 20847923, 20847923, 20847923, 20847923, 20847923, 20847923, 20847923, 20847923, 20741426, 20741426, 20741426, 20741426, 20741426, 20741426, 20741426, 20741426, 20741426, 20741426, 20741426, 20741426, 20741426, 20741426, 20741426, 20741426, 20741426, 20741426, 20741426, 20741426, 20741426, 20741426, 20741426, 20856866, 20856866, 20856866, 20856866, 20856866, 20856866, 20856866, 20856866, 20856866, 20856866, 20856866, 20856866, 20856866, 20856866, 20856866, 20856866, 20856866, 20856866, 20856866, 20856866, 20856866, 20856866, 20856866, 20856866, 20856866, 20856866, 20856866, 20856866, 20856866, 20856866, 20856866, 20856866, 20856866, 20856866, 20856866, 20856866, 20856866, 20856866, 20856866, 20856866, 20856866, 20856866, 20856866, 20856866, 20856866, 20856866, 20856866, 20856866, 20856866, 20856866, 20856866, 20856866, 20856866, 20856866, 20856866, 20856866, 20856866]",0,0,0
0,91,meta-llama/Llama-3.1-70B,12,679,24437928393,38563690305,14125761912,7095994,29699465,21165258,"[21795732, 21795732, 21795732, 21795732, 21795732, 23373324, 21829874, 21829874, 21829874, 21829874, 21829874, 25845356, 22093397, 22093397, 22093397, 23037691, 22133280, 22133280, 22133280, 22133280, 22133280, 22133280, 23032025, 22345324, 22345324, 37047684, 22093397, 23113761, 22133280, 22133280, 26269296, 22285357, 22285357, 22285357, 22285357, 22285357, 22285357, 22285357, 22284637, 22284637, 22284637, 22284637, 22284637, 22284637, 22284637, 22284637, 22284637, 22284637, 22284637, 22284637, 22284637, 22284637, 22284637, 22284637, 22284637, 22284637, 22284637, 22284637, 22284637, 22284637, 22284637, 22284637, 22284637, 22345324, 22133280, 22133280, 22133280, 22133280, 22133280, 22133280, 22133280, 22133280, 22133280, 22133280, 22133280, 22133280, 22133280, 22133280, 22133280, 22133280, 22133280, 22093397, 22093397, 22093397, 22093397, 22093397, 22093397, 22093397, 22093397, 22093397, 22093397, 22093397, 22093397, 22093397, 22093397, 22093397, 22093397, 22093397, 22093397, 21829874, 21829874, 21829874, 21829874, 21829874, 21829874, 21795732, 21795732, 21760035, 21760035, 21760035, 21760035, 21760035, 21760035, 21760035, 21760035, 21760035, 21760035, 21760035, 21760035, 21760035, 21760035, 21760035, 21680277, 21680277, 21696426, 21696426, 21627580, 21627580, 21627580, 21627580, 21627580, 21627580, 21627580, 21627580, 21627580, 21627580, 21627580, 21579422, 21579422, 21579422, 21526045, 21526045, 21526045, 21526045, 21526045, 21526045, 21526045, 21526045, 21526045, 21526045, 21526045, 21526045, 21526045, 21526045, 21526045, 21526045, 21528445, 21528445, 21528445, 21528445, 21528445, 21528445, 21528445, 21523906, 21523906, 21445279, 21445279, 21445279, 21445279, 21445279, 21445279, 21445279, 21445279, 21445279, 21445279, 21445279, 21445279, 21445279, 21434037, 21434037, 21434037, 21434037, 21434037, 21434037, 21434037, 21434037, 21434037, 21434037, 21434037, 21434037, 21434037, 21434037, 21434037, 21434037, 21434037, 21434037, 21396928, 21396928, 21345081, 21345081, 21345081, 21345081, 21345081, 21345081, 21345081, 21345081, 21345081, 21345081, 21345081, 21345081, 21349881, 21349881, 21349881, 21349881, 21349881, 21349881, 21349881, 21294286, 21120177, 21120177, 21120177, 21120177, 21120177, 21120177, 21120177, 21120177, 21120177, 21120177, 21120177, 21120177, 21120177, 20785304, 20785304, 20785304, 20785304, 20785304, 20785304, 20785304, 20785304, 20785304, 20785304, 20785304, 20785304, 20785304, 20785304, 20649616, 20666792, 20666792, 20666792, 20666792, 20666792, 20666792, 20666792, 20666792, 20666792, 20666792, 20666792, 20666792, 20666792, 20666792, 20666792, 20666792, 20666792, 20666792, 20666792, 20666792, 20666792, 20666792, 20666792, 20666792, 20666792, 20629352, 20629352, 20629352, 20631912, 20631912, 20631912, 20631912, 20631912, 20631912, 20631912, 20631912, 20631912, 20631912, 20631912, 20631912, 20631912, 20631912, 20631912, 20631912, 20631912, 20631912, 20631912, 20631912, 20631912, 20631912, 20631912, 20631912, 20631912, 20631912, 20631912, 20631912, 20631912, 20631912, 20631912, 20631912, 20631912, 20631912, 20588598, 20588598, 20588598, 20588598, 20519123, 20519123, 20519123, 20462116, 20462116, 20462116, 20462116, 20462116, 20462116, 20462116, 20462116, 20462116, 20462116, 20462116, 20462116, 20463636, 20463636, 20463636, 20463636, 20463636, 20463636, 20463636, 20463636, 20463636, 20378386, 20378386, 20378386, 20378386, 20378386, 20378386, 20378386, 20378386, 20376306, 20376306, 20971325, 20971325, 20971325, 20971325, 20971325, 20971325, 20971325, 20971325, 20971325, 20971325, 20971325, 20971325, 20971325, 20971325, 20971325, 20971325, 20971325, 21027538, 21027538, 21027538, 21027538, 21027538, 21027538, 21027538, 21027538, 21027538, 21027538, 21027538, 21027538, 21027538, 21027538, 21027538, 21027538, 21027538, 21027538, 21011462, 21011462, 21011462, 21011462, 21011462, 21011462, 21011462, 20974175, 20974175, 20974175, 20974175, 20974175, 20974175, 20974175, 20974175, 20974175, 20974175, 20974175, 20974175, 20974175, 20974175, 20974175, 20974175, 20974175, 20974175, 20974175, 20974175, 20974175, 20974175, 20974175, 20974175, 20974175, 20974175, 20974175, 20974175, 20974175, 20974175, 20974175, 20974175, 20974175, 20974175, 20974175, 20974175, 20974175, 20974175, 20974175, 20974175, 20974175, 20974175, 20974175, 20881796, 20881796, 20881796, 20881796, 20881796, 20881796, 20881796, 20881796, 20881796, 20881796, 20881796, 20881796, 20881796, 20881796, 20881796, 20881796, 20881796, 20881796, 20881796, 20881796, 20881796, 20881796, 20881796, 20881796, 20881796, 20881796, 20881796, 20881796, 20881796, 20881796, 20881796, 20881796, 20881796, 20881796, 20881796, 20881796, 20881796, 20881796, 20889636, 20889636, 20889636, 20847923, 20847923, 20847923, 20847923, 20847923, 20847923, 20847923, 20847923, 20847923, 20847923, 20847923, 20847923, 20847923, 20847923, 20847923, 20741426, 20741426, 20741426, 20741426, 20741426, 20741426, 20741426, 20741426, 20741426, 20741426, 20741426, 20741426, 20741426, 20741426, 20741426, 20741426, 20741426, 20741426, 20741426, 20741426, 20741426, 20741426, 20741426, 20856866, 20856866, 20856866, 20856866, 20856866, 20856866, 20856866, 20856866, 20856866, 20856866, 20856866, 20856866, 20856866, 20856866, 20856866, 20856866, 20856866, 20856866, 20856866, 20856866, 20856866, 20856866, 20856866, 20856866, 20856866, 20856866, 20856866, 20856866, 20856866, 20856866, 20856866, 20856866, 20856866, 20856866, 20856866, 20856866, 20856866, 20856866, 20856866, 20856866, 20856866, 20856866, 20856866, 20856866, 20856866, 20856866, 20856866, 20856866, 20856866, 20856866, 20856866, 20856866, 20856866, 20856866, 20856866, 20856866, 20856866, 20670119, 20670119, 20670119, 20670119, 20670119, 20670119, 20670119, 20670119, 20670119, 20670119, 20670119, 20670119, 20670119, 20670119, 20670119, 20670119, 20670119, 20670119, 20670119, 20670119, 20670119, 20670119, 20670119, 20670119, 20670119, 20670119, 20670119, 20670119, 20670119, 20670119, 20670119, 20670119, 20670119, 20670119, 20670119, 20670119, 20670119, 20670119, 20670119, 20670119, 20670119, 20670119, 20670119, 20670119, 20670119, 20670119, 20670119, 20670119, 20670119, 20670119, 20670119, 20670119, 20670119, 20670119, 20670119, 20670119, 20670119, 20670119, 20670119, 20670119, 20670119, 20804359, 20804359, 20804359, 20804359, 20804359, 20804359, 20804359, 20804359, 20804359, 20804359, 20804359, 20804359, 20804359, 20804359, 20804359, 20804359, 20804359, 20804359, 20804359, 20804359, 20804359, 20804359, 20804359, 20804359, 20804359, 20804359, 20804359, 20804359, 20804359, 20804359, 20804359, 20804359, 20804359, 20804359, 20804359, 20804359, 20804359, 20804359]",0,0,0
0,100,meta-llama/Llama-3.1-70B,4,28,40136063599,40658685800,522622201,626706,21208115,21800612,"[30931455, 20526323, 20526323, 20526323, 20526323, 21570886, 22287342, 20788815, 20788815, 20788815, 30398570, 20834662, 20834662, 20834662, 20834662, 20834662, 20834662, 20834662, 20834662, 20834662, 20834662, 22058882, 21348594]",0,0,0
0,102,meta-llama/Llama-3.1-70B,258,286,40150673710,40765331143,614657433,6598004,37529459,21375110,"[20526323, 20526323, 20526323, 20526323, 21570886, 22287342, 20788815, 20788815, 20788815, 30398570, 20834662, 20834662, 20834662, 20834662, 20834662, 20834662, 20834662, 20834662, 20834662, 20834662, 22058882, 21348594, 20866658, 20866658, 23085377, 20913325, 20913325]",0,0,0
0,113,meta-llama/Llama-3.1-70B,1,10,40906919404,41153467888,246548484,53778731,81886420,20582758,"[20582758, 20582758, 20582758, 20582758, 20582758, 20582758, 20582758, 20582758]",0,0,0
0,121,meta-llama/Llama-3.1-70B,1,10,42127042283,42338450129,211407846,8289048,29920134,22685964,"[21207246, 21207246, 21207246, 21207246, 21207246, 21207246, 21271566, 32972670]",0,0,0
0,101,meta-llama/Llama-3.1-70B,14,127,40147480342,42806730515,2659250173,9791372,40722827,23379708,"[20526323, 20526323, 20526323, 20526323, 21570886, 22287342, 20788815, 20788815, 20788815, 30398570, 20834662, 20834662, 20834662, 20834662, 20834662, 20834662, 20834662, 20834662, 20834662, 20834662, 22058882, 21348594, 20866658, 20866658, 23085377, 20913325, 20913325, 20866658, 20866658, 20866658, 132767018, 28107689, 20582758, 20582758, 20582758, 20582758, 20582758, 20582758, 20582758, 20582758, 20512163, 22156143, 20582758, 20582758, 20582758, 20582758, 20582758, 20582758, 20582758, 21177433, 20623992, 20623992, 20623992, 20623992, 21699227, 20663592, 20663592, 20663592, 20663592, 20663592, 20663592, 20663592, 20663592, 20663592, 85819398, 20647136, 20647136, 20647136, 20647136, 23790543, 34259260, 21013313, 21013313, 21013313, 21013313, 21013313, 21013313, 21013313, 21013313, 21013313, 25960799, 21116257, 21116257, 21631086, 21207246, 21207246, 21207246, 21207246, 21207246, 21207246, 21271566, 32972670, 21271566, 21271566, 21271566, 21271566, 21271566, 21271566, 21271566, 21271566, 21271566, 43263885, 36227939, 22840774, 21443679, 23919459, 21523426, 21523426, 21523426, 21523426, 21523426, 21523426]",0,0,0
0,110,meta-llama/Llama-3.1-70B,7,96,40847114112,42994149717,2147035605,113584023,141691712,22787998,"[20582758, 20582758, 20582758, 20582758, 20582758, 20582758, 20582758, 20582758, 20512163, 22156143, 20582758, 20582758, 20582758, 20582758, 20582758, 20582758, 20582758, 21177433, 20623992, 20623992, 20623992, 20623992, 21699227, 20663592, 20663592, 20663592, 20663592, 20663592, 20663592, 20663592, 20663592, 20663592, 85819398, 20647136, 20647136, 20647136, 20647136, 23790543, 34259260, 21013313, 21013313, 21013313, 21013313, 21013313, 21013313, 21013313, 21013313, 21013313, 25960799, 21116257, 21116257, 21631086, 21207246, 21207246, 21207246, 21207246, 21207246, 21207246, 21271566, 32972670, 21271566, 21271566, 21271566, 21271566, 21271566, 21271566, 21271566, 21271566, 21271566, 43263885, 36227939, 22840774, 21443679, 23919459, 21523426, 21523426, 21523426, 21523426, 21523426, 21523426, 21443679, 36834967, 21523426, 21523426, 21523426, 21523426, 21523426, 21523426]",0,0,0
0,116,meta-llama/Llama-3.1-70B,17,88,41437852539,43110297220,1672444681,6036362,27735589,23495844,"[20663592, 20663592, 20663592, 20663592, 20663592, 20663592, 20663592, 20663592, 20663592, 85819398, 20647136, 20647136, 20647136, 20647136, 23790543, 34259260, 21013313, 21013313, 21013313, 21013313, 21013313, 21013313, 21013313, 21013313, 21013313, 25960799, 21116257, 21116257, 21631086, 21207246, 21207246, 21207246, 21207246, 21207246, 21207246, 21271566, 32972670, 21271566, 21271566, 21271566, 21271566, 21271566, 21271566, 21271566, 21271566, 21271566, 43263885, 36227939, 22840774, 21443679, 23919459, 21523426, 21523426, 21523426, 21523426, 21523426, 21523426, 21443679, 36834967, 21523426, 21523426, 21523426, 21523426, 21523426, 21523426, 21443679, 21443679, 30208055, 21526045, 21526045]",0,0,0
0,123,meta-llama/Llama-3.1-70B,432,465,42518201376,43334535214,816333838,11692847,54956732,23793034,"[36227939, 22840774, 21443679, 23919459, 21523426, 21523426, 21523426, 21523426, 21523426, 21523426, 21443679, 36834967, 21523426, 21523426, 21523426, 21523426, 21523426, 21523426, 21443679, 21443679, 30208055, 21526045, 21526045, 22262310, 21526045, 22227960, 22754332, 47347387, 23034762, 21695066, 21695066, 21695066]",0,0,0
0,112,meta-llama/Llama-3.1-70B,179,303,40889338569,43910711235,3021372666,71359566,99467255,23755328,"[20582758, 20582758, 20582758, 20582758, 20582758, 20582758, 20582758, 20582758, 20512163, 22156143, 20582758, 20582758, 20582758, 20582758, 20582758, 20582758, 20582758, 21177433, 20623992, 20623992, 20623992, 20623992, 21699227, 20663592, 20663592, 20663592, 20663592, 20663592, 20663592, 20663592, 20663592, 20663592, 85819398, 20647136, 20647136, 20647136, 20647136, 23790543, 34259260, 21013313, 21013313, 21013313, 21013313, 21013313, 21013313, 21013313, 21013313, 21013313, 25960799, 21116257, 21116257, 21631086, 21207246, 21207246, 21207246, 21207246, 21207246, 21207246, 21271566, 32972670, 21271566, 21271566, 21271566, 21271566, 21271566, 21271566, 21271566, 21271566, 21271566, 43263885, 36227939, 22840774, 21443679, 23919459, 21523426, 21523426, 21523426, 21523426, 21523426, 21523426, 21443679, 36834967, 21523426, 21523426, 21523426, 21523426, 21523426, 21523426, 21443679, 21443679, 30208055, 21526045, 21526045, 22262310, 21526045, 22227960, 22754332, 47347387, 23034762, 21695066, 21695066, 21695066, 21627580, 21627580, 21627580, 21627580, 21627580, 21627580, 21627580, 21627580, 21627580, 28667270, 45755153, 21680277, 30581360, 21760035, 21760035, 21760035, 21760035, 54806222, 69337631, 21829874, 21829874]",0,0,0
0,137,meta-llama/Llama-3.1-70B,470,489,43547864283,44085077091,537212808,9986421,55741574,26748401,"[21680277, 30581360, 21760035, 21760035, 21760035, 21760035, 54806222, 69337631, 21829874, 21829874, 21795732, 21795732, 21795732, 21795732, 21795732, 21795732, 21795732, 21795732]",0,0,0
0,142,meta-llama/Llama-3.1-70B,1,10,44472596508,44832539392,359942884,9658173,31914447,41003554,"[22684687, 22093397, 22093397, 86554234, 103316085, 25928055, 22408202, 22950380]",0,0,0
0,107,meta-llama/Llama-3.1-70B,16,197,40627430486,45101437816,4474007330,9906720,31255314,24681955,"[20866658, 20866658, 23085377, 20913325, 20913325, 20866658, 20866658, 20866658, 132767018, 28107689, 20582758, 20582758, 20582758, 20582758, 20582758, 20582758, 20582758, 20582758, 20512163, 22156143, 20582758, 20582758, 20582758, 20582758, 20582758, 20582758, 20582758, 21177433, 20623992, 20623992, 20623992, 20623992, 21699227, 20663592, 20663592, 20663592, 20663592, 20663592, 20663592, 20663592, 20663592, 20663592, 85819398, 20647136, 20647136, 20647136, 20647136, 23790543, 34259260, 21013313, 21013313, 21013313, 21013313, 21013313, 21013313, 21013313, 21013313, 21013313, 25960799, 21116257, 21116257, 21631086, 21207246, 21207246, 21207246, 21207246, 21207246, 21207246, 21271566, 32972670, 21271566, 21271566, 21271566, 21271566, 21271566, 21271566, 21271566, 21271566, 21271566, 43263885, 36227939, 22840774, 21443679, 23919459, 21523426, 21523426, 21523426, 21523426, 21523426, 21523426, 21443679, 36834967, 21523426, 21523426, 21523426, 21523426, 21523426, 21523426, 21443679, 21443679, 30208055, 21526045, 21526045, 22262310, 21526045, 22227960, 22754332, 47347387, 23034762, 21695066, 21695066, 21695066, 21627580, 21627580, 21627580, 21627580, 21627580, 21627580, 21627580, 21627580, 21627580, 28667270, 45755153, 21680277, 30581360, 21760035, 21760035, 21760035, 21760035, 54806222, 69337631, 21829874, 21829874, 21795732, 21795732, 21795732, 21795732, 21795732, 21795732, 21795732, 21795732, 21760035, 21760035, 21760035, 26770437, 21795732, 21795732, 21795732, 21795732, 21795732, 21795732, 21795732, 21795732, 21795732, 21793092, 21793092, 21793092, 21793092, 21793092, 22256274, 22684687, 22093397, 22093397, 86554234, 103316085, 25928055, 22408202, 22950380, 22408202, 22408202, 22408202, 22408202, 22408202, 22408202, 22408202, 22408202, 22408202, 22408202, 22408202, 22408202]",0,0,0
0,109,meta-llama/Llama-3.1-70B,1627,1800,40821133597,45123766826,4302633229,6797520,139564538,24203887,"[28107689, 20582758, 20582758, 20582758, 20582758, 20582758, 20582758, 20582758, 20582758, 20512163, 22156143, 20582758, 20582758, 20582758, 20582758, 20582758, 20582758, 20582758, 21177433, 20623992, 20623992, 20623992, 20623992, 21699227, 20663592, 20663592, 20663592, 20663592, 20663592, 20663592, 20663592, 20663592, 20663592, 85819398, 20647136, 20647136, 20647136, 20647136, 23790543, 34259260, 21013313, 21013313, 21013313, 21013313, 21013313, 21013313, 21013313, 21013313, 21013313, 25960799, 21116257, 21116257, 21631086, 21207246, 21207246, 21207246, 21207246, 21207246, 21207246, 21271566, 32972670, 21271566, 21271566, 21271566, 21271566, 21271566, 21271566, 21271566, 21271566, 21271566, 43263885, 36227939, 22840774, 21443679, 23919459, 21523426, 21523426, 21523426, 21523426, 21523426, 21523426, 21443679, 36834967, 21523426, 21523426, 21523426, 21523426, 21523426, 21523426, 21443679, 21443679, 30208055, 21526045, 21526045, 22262310, 21526045, 22227960, 22754332, 47347387, 23034762, 21695066, 21695066, 21695066, 21627580, 21627580, 21627580, 21627580, 21627580, 21627580, 21627580, 21627580, 21627580, 28667270, 45755153, 21680277, 30581360, 21760035, 21760035, 21760035, 21760035, 54806222, 69337631, 21829874, 21829874, 21795732, 21795732, 21795732, 21795732, 21795732, 21795732, 21795732, 21795732, 21760035, 21760035, 21760035, 26770437, 21795732, 21795732, 21795732, 21795732, 21795732, 21795732, 21795732, 21795732, 21795732, 21793092, 21793092, 21793092, 21793092, 21793092, 22256274, 22684687, 22093397, 22093397, 86554234, 103316085, 25928055, 22408202, 22950380, 22408202, 22408202, 22408202, 22408202, 22408202, 22408202, 22408202, 22408202, 22408202, 22408202, 22408202, 22408202, 22329010]",0,0,0
0,117,meta-llama/Llama-3.1-70B,1021,1170,41643004512,45346617516,3703613004,8555944,94375342,24386740,"[20647136, 20647136, 20647136, 20647136, 23790543, 34259260, 21013313, 21013313, 21013313, 21013313, 21013313, 21013313, 21013313, 21013313, 21013313, 25960799, 21116257, 21116257, 21631086, 21207246, 21207246, 21207246, 21207246, 21207246, 21207246, 21271566, 32972670, 21271566, 21271566, 21271566, 21271566, 21271566, 21271566, 21271566, 21271566, 21271566, 43263885, 36227939, 22840774, 21443679, 23919459, 21523426, 21523426, 21523426, 21523426, 21523426, 21523426, 21443679, 36834967, 21523426, 21523426, 21523426, 21523426, 21523426, 21523426, 21443679, 21443679, 30208055, 21526045, 21526045, 22262310, 21526045, 22227960, 22754332, 47347387, 23034762, 21695066, 21695066, 21695066, 21627580, 21627580, 21627580, 21627580, 21627580, 21627580, 21627580, 21627580, 21627580, 28667270, 45755153, 21680277, 30581360, 21760035, 21760035, 21760035, 21760035, 54806222, 69337631, 21829874, 21829874, 21795732, 21795732, 21795732, 21795732, 21795732, 21795732, 21795732, 21795732, 21760035, 21760035, 21760035, 26770437, 21795732, 21795732, 21795732, 21795732, 21795732, 21795732, 21795732, 21795732, 21795732, 21793092, 21793092, 21793092, 21793092, 21793092, 22256274, 22684687, 22093397, 22093397, 86554234, 103316085, 25928055, 22408202, 22950380, 22408202, 22408202, 22408202, 22408202, 22408202, 22408202, 22408202, 22408202, 22408202, 22408202, 22408202, 22408202, 22329010, 22284637, 22284637, 22284637, 22284637, 22284637, 22284637, 22284637, 22284637, 22286797, 22286797]",0,0,0
0,115,meta-llama/Llama-3.1-70B,5,170,41337503120,45368962840,4031459720,2712380,23889813,24436401,"[20623992, 20623992, 20623992, 20623992, 21699227, 20663592, 20663592, 20663592, 20663592, 20663592, 20663592, 20663592, 20663592, 20663592, 85819398, 20647136, 20647136, 20647136, 20647136, 23790543, 34259260, 21013313, 21013313, 21013313, 21013313, 21013313, 21013313, 21013313, 21013313, 21013313, 25960799, 21116257, 21116257, 21631086, 21207246, 21207246, 21207246, 21207246, 21207246, 21207246, 21271566, 32972670, 21271566, 21271566, 21271566, 21271566, 21271566, 21271566, 21271566, 21271566, 21271566, 43263885, 36227939, 22840774, 21443679, 23919459, 21523426, 21523426, 21523426, 21523426, 21523426, 21523426, 21443679, 36834967, 21523426, 21523426, 21523426, 21523426, 21523426, 21523426, 21443679, 21443679, 30208055, 21526045, 21526045, 22262310, 21526045, 22227960, 22754332, 47347387, 23034762, 21695066, 21695066, 21695066, 21627580, 21627580, 21627580, 21627580, 21627580, 21627580, 21627580, 21627580, 21627580, 28667270, 45755153, 21680277, 30581360, 21760035, 21760035, 21760035, 21760035, 54806222, 69337631, 21829874, 21829874, 21795732, 21795732, 21795732, 21795732, 21795732, 21795732, 21795732, 21795732, 21760035, 21760035, 21760035, 26770437, 21795732, 21795732, 21795732, 21795732, 21795732, 21795732, 21795732, 21795732, 21795732, 21793092, 21793092, 21793092, 21793092, 21793092, 22256274, 22684687, 22093397, 22093397, 86554234, 103316085, 25928055, 22408202, 22950380, 22408202, 22408202, 22408202, 22408202, 22408202, 22408202, 22408202, 22408202, 22408202, 22408202, 22408202, 22408202, 22329010, 22284637, 22284637, 22284637, 22284637, 22284637, 22284637, 22284637, 22284637, 22286797, 22286797, 22345324]",0,0,0
0,132,meta-llama/Llama-3.1-70B,8,99,43143438162,45457495960,2314057798,10647413,32875373,25346471,"[22754332, 47347387, 23034762, 21695066, 21695066, 21695066, 21627580, 21627580, 21627580, 21627580, 21627580, 21627580, 21627580, 21627580, 21627580, 28667270, 45755153, 21680277, 30581360, 21760035, 21760035, 21760035, 21760035, 54806222, 69337631, 21829874, 21829874, 21795732, 21795732, 21795732, 21795732, 21795732, 21795732, 21795732, 21795732, 21760035, 21760035, 21760035, 26770437, 21795732, 21795732, 21795732, 21795732, 21795732, 21795732, 21795732, 21795732, 21795732, 21793092, 21793092, 21793092, 21793092, 21793092, 22256274, 22684687, 22093397, 22093397, 86554234, 103316085, 25928055, 22408202, 22950380, 22408202, 22408202, 22408202, 22408202, 22408202, 22408202, 22408202, 22408202, 22408202, 22408202, 22408202, 22408202, 22329010, 22284637, 22284637, 22284637, 22284637, 22284637, 22284637, 22284637, 22284637, 22286797, 22286797, 22345324, 22133280, 22133280, 22133280, 22133280]",0,0,0
0,127,meta-llama/Llama-3.1-70B,66,187,42649708106,45634246336,2984538230,3962394,27881853,24638803,"[21523426, 21523426, 21523426, 21523426, 21523426, 21523426, 21443679, 36834967, 21523426, 21523426, 21523426, 21523426, 21523426, 21523426, 21443679, 21443679, 30208055, 21526045, 21526045, 22262310, 21526045, 22227960, 22754332, 47347387, 23034762, 21695066, 21695066, 21695066, 21627580, 21627580, 21627580, 21627580, 21627580, 21627580, 21627580, 21627580, 21627580, 28667270, 45755153, 21680277, 30581360, 21760035, 21760035, 21760035, 21760035, 54806222, 69337631, 21829874, 21829874, 21795732, 21795732, 21795732, 21795732, 21795732, 21795732, 21795732, 21795732, 21760035, 21760035, 21760035, 26770437, 21795732, 21795732, 21795732, 21795732, 21795732, 21795732, 21795732, 21795732, 21795732, 21793092, 21793092, 21793092, 21793092, 21793092, 22256274, 22684687, 22093397, 22093397, 86554234, 103316085, 25928055, 22408202, 22950380, 22408202, 22408202, 22408202, 22408202, 22408202, 22408202, 22408202, 22408202, 22408202, 22408202, 22408202, 22408202, 22329010, 22284637, 22284637, 22284637, 22284637, 22284637, 22284637, 22284637, 22284637, 22286797, 22286797, 22345324, 22133280, 22133280, 22133280, 22133280, 22093397, 22093397, 22093397, 22093397, 22093397, 22093397, 22094997, 22094997]",0,0,0
0,128,meta-llama/Llama-3.1-70B,360,474,42820091078,45656075090,2835984012,8083116,44918083,24699698,"[21523426, 21523426, 21523426, 21523426, 21523426, 21523426, 21443679, 21443679, 30208055, 21526045, 21526045, 22262310, 21526045, 22227960, 22754332, 47347387, 23034762, 21695066, 21695066, 21695066, 21627580, 21627580, 21627580, 21627580, 21627580, 21627580, 21627580, 21627580, 21627580, 28667270, 45755153, 21680277, 30581360, 21760035, 21760035, 21760035, 21760035, 54806222, 69337631, 21829874, 21829874, 21795732, 21795732, 21795732, 21795732, 21795732, 21795732, 21795732, 21795732, 21760035, 21760035, 21760035, 26770437, 21795732, 21795732, 21795732, 21795732, 21795732, 21795732, 21795732, 21795732, 21795732, 21793092, 21793092, 21793092, 21793092, 21793092, 22256274, 22684687, 22093397, 22093397, 86554234, 103316085, 25928055, 22408202, 22950380, 22408202, 22408202, 22408202, 22408202, 22408202, 22408202, 22408202, 22408202, 22408202, 22408202, 22408202, 22408202, 22329010, 22284637, 22284637, 22284637, 22284637, 22284637, 22284637, 22284637, 22284637, 22286797, 22286797, 22345324, 22133280, 22133280, 22133280, 22133280, 22093397, 22093397, 22093397, 22093397, 22093397, 22093397, 22094997, 22094997, 21828754]",0,0,0
0,139,meta-llama/Llama-3.1-70B,584,663,43742418260,45721454366,1979036106,489374,55295596,24663339,"[69337631, 21829874, 21829874, 21795732, 21795732, 21795732, 21795732, 21795732, 21795732, 21795732, 21795732, 21760035, 21760035, 21760035, 26770437, 21795732, 21795732, 21795732, 21795732, 21795732, 21795732, 21795732, 21795732, 21795732, 21793092, 21793092, 21793092, 21793092, 21793092, 22256274, 22684687, 22093397, 22093397, 86554234, 103316085, 25928055, 22408202, 22950380, 22408202, 22408202, 22408202, 22408202, 22408202, 22408202, 22408202, 22408202, 22408202, 22408202, 22408202, 22408202, 22329010, 22284637, 22284637, 22284637, 22284637, 22284637, 22284637, 22284637, 22284637, 22286797, 22286797, 22345324, 22133280, 22133280, 22133280, 22133280, 22093397, 22093397, 22093397, 22093397, 22093397, 22093397, 22094997, 22094997, 21828754, 21793092, 21793092, 21793092]",0,0,0
0,111,meta-llama/Llama-3.1-70B,7,219,40855124539,46004338741,5149214202,105573596,133681285,23770298,"[20582758, 20582758, 20582758, 20582758, 20582758, 20582758, 20582758, 20582758, 20512163, 22156143, 20582758, 20582758, 20582758, 20582758, 20582758, 20582758, 20582758, 21177433, 20623992, 20623992, 20623992, 20623992, 21699227, 20663592, 20663592, 20663592, 20663592, 20663592, 20663592, 20663592, 20663592, 20663592, 85819398, 20647136, 20647136, 20647136, 20647136, 23790543, 34259260, 21013313, 21013313, 21013313, 21013313, 21013313, 21013313, 21013313, 21013313, 21013313, 25960799, 21116257, 21116257, 21631086, 21207246, 21207246, 21207246, 21207246, 21207246, 21207246, 21271566, 32972670, 21271566, 21271566, 21271566, 21271566, 21271566, 21271566, 21271566, 21271566, 21271566, 43263885, 36227939, 22840774, 21443679, 23919459, 21523426, 21523426, 21523426, 21523426, 21523426, 21523426, 21443679, 36834967, 21523426, 21523426, 21523426, 21523426, 21523426, 21523426, 21443679, 21443679, 30208055, 21526045, 21526045, 22262310, 21526045, 22227960, 22754332, 47347387, 23034762, 21695066, 21695066, 21695066, 21627580, 21627580, 21627580, 21627580, 21627580, 21627580, 21627580, 21627580, 21627580, 28667270, 45755153, 21680277, 30581360, 21760035, 21760035, 21760035, 21760035, 54806222, 69337631, 21829874, 21829874, 21795732, 21795732, 21795732, 21795732, 21795732, 21795732, 21795732, 21795732, 21760035, 21760035, 21760035, 26770437, 21795732, 21795732, 21795732, 21795732, 21795732, 21795732, 21795732, 21795732, 21795732, 21793092, 21793092, 21793092, 21793092, 21793092, 22256274, 22684687, 22093397, 22093397, 86554234, 103316085, 25928055, 22408202, 22950380, 22408202, 22408202, 22408202, 22408202, 22408202, 22408202, 22408202, 22408202, 22408202, 22408202, 22408202, 22408202, 22329010, 22284637, 22284637, 22284637, 22284637, 22284637, 22284637, 22284637, 22284637, 22286797, 22286797, 22345324, 22133280, 22133280, 22133280, 22133280, 22093397, 22093397, 22093397, 22093397, 22093397, 22093397, 22094997, 22094997, 21828754, 21793092, 21793092, 21793092, 21760035, 21760035, 21760035, 21760035, 21760035, 21760035, 21760595, 21760595, 21760595, 21760595, 21760595, 21760595, 21760595]",0,0,0
0,105,meta-llama/Llama-3.1-70B,260,496,40360630052,46047702175,5687072123,15903082,46301652,24003278,"[20834662, 20834662, 20834662, 20834662, 20834662, 20834662, 20834662, 20834662, 20834662, 20834662, 22058882, 21348594, 20866658, 20866658, 23085377, 20913325, 20913325, 20866658, 20866658, 20866658, 132767018, 28107689, 20582758, 20582758, 20582758, 20582758, 20582758, 20582758, 20582758, 20582758, 20512163, 22156143, 20582758, 20582758, 20582758, 20582758, 20582758, 20582758, 20582758, 21177433, 20623992, 20623992, 20623992, 20623992, 21699227, 20663592, 20663592, 20663592, 20663592, 20663592, 20663592, 20663592, 20663592, 20663592, 85819398, 20647136, 20647136, 20647136, 20647136, 23790543, 34259260, 21013313, 21013313, 21013313, 21013313, 21013313, 21013313, 21013313, 21013313, 21013313, 25960799, 21116257, 21116257, 21631086, 21207246, 21207246, 21207246, 21207246, 21207246, 21207246, 21271566, 32972670, 21271566, 21271566, 21271566, 21271566, 21271566, 21271566, 21271566, 21271566, 21271566, 43263885, 36227939, 22840774, 21443679, 23919459, 21523426, 21523426, 21523426, 21523426, 21523426, 21523426, 21443679, 36834967, 21523426, 21523426, 21523426, 21523426, 21523426, 21523426, 21443679, 21443679, 30208055, 21526045, 21526045, 22262310, 21526045, 22227960, 22754332, 47347387, 23034762, 21695066, 21695066, 21695066, 21627580, 21627580, 21627580, 21627580, 21627580, 21627580, 21627580, 21627580, 21627580, 28667270, 45755153, 21680277, 30581360, 21760035, 21760035, 21760035, 21760035, 54806222, 69337631, 21829874, 21829874, 21795732, 21795732, 21795732, 21795732, 21795732, 21795732, 21795732, 21795732, 21760035, 21760035, 21760035, 26770437, 21795732, 21795732, 21795732, 21795732, 21795732, 21795732, 21795732, 21795732, 21795732, 21793092, 21793092, 21793092, 21793092, 21793092, 22256274, 22684687, 22093397, 22093397, 86554234, 103316085, 25928055, 22408202, 22950380, 22408202, 22408202, 22408202, 22408202, 22408202, 22408202, 22408202, 22408202, 22408202, 22408202, 22408202, 22408202, 22329010, 22284637, 22284637, 22284637, 22284637, 22284637, 22284637, 22284637, 22284637, 22286797, 22286797, 22345324, 22133280, 22133280, 22133280, 22133280, 22093397, 22093397, 22093397, 22093397, 22093397, 22093397, 22094997, 22094997, 21828754, 21793092, 21793092, 21793092, 21760035, 21760035, 21760035, 21760035, 21760035, 21760035, 21760595, 21760595, 21760595, 21760595, 21760595, 21760595, 21760595, 21681717, 21681717]",0,0,0
0,143,meta-llama/Llama-3.1-70B,14,100,44501602637,46546719973,2045117336,2908318,25593005,23759109,"[22093397, 22093397, 86554234, 103316085, 25928055, 22408202, 22950380, 22408202, 22408202, 22408202, 22408202, 22408202, 22408202, 22408202, 22408202, 22408202, 22408202, 22408202, 22408202, 22329010, 22284637, 22284637, 22284637, 22284637, 22284637, 22284637, 22284637, 22284637, 22286797, 22286797, 22345324, 22133280, 22133280, 22133280, 22133280, 22093397, 22093397, 22093397, 22093397, 22093397, 22093397, 22094997, 22094997, 21828754, 21793092, 21793092, 21793092, 21760035, 21760035, 21760035, 21760035, 21760035, 21760035, 21760595, 21760595, 21760595, 21760595, 21760595, 21760595, 21760595, 21681717, 21681717, 21696426, 21696426, 21696426, 21696426, 21696426, 21696426, 21696426, 21696426, 21696426, 21696426, 21696426, 21696426, 21696426, 21696426, 21696426, 21696426, 21696426, 21696426, 21696426, 21696426, 21696426, 21696426, 21696426]",0,0,0
0,130,meta-llama/Llama-3.1-70B,10,179,43017923215,47044187433,4026264218,19113860,49321915,23672275,"[21526045, 21526045, 22262310, 21526045, 22227960, 22754332, 47347387, 23034762, 21695066, 21695066, 21695066, 21627580, 21627580, 21627580, 21627580, 21627580, 21627580, 21627580, 21627580, 21627580, 28667270, 45755153, 21680277, 30581360, 21760035, 21760035, 21760035, 21760035, 54806222, 69337631, 21829874, 21829874, 21795732, 21795732, 21795732, 21795732, 21795732, 21795732, 21795732, 21795732, 21760035, 21760035, 21760035, 26770437, 21795732, 21795732, 21795732, 21795732, 21795732, 21795732, 21795732, 21795732, 21795732, 21793092, 21793092, 21793092, 21793092, 21793092, 22256274, 22684687, 22093397, 22093397, 86554234, 103316085, 25928055, 22408202, 22950380, 22408202, 22408202, 22408202, 22408202, 22408202, 22408202, 22408202, 22408202, 22408202, 22408202, 22408202, 22408202, 22329010, 22284637, 22284637, 22284637, 22284637, 22284637, 22284637, 22284637, 22284637, 22286797, 22286797, 22345324, 22133280, 22133280, 22133280, 22133280, 22093397, 22093397, 22093397, 22093397, 22093397, 22093397, 22094997, 22094997, 21828754, 21793092, 21793092, 21793092, 21760035, 21760035, 21760035, 21760035, 21760035, 21760035, 21760595, 21760595, 21760595, 21760595, 21760595, 21760595, 21760595, 21681717, 21681717, 21696426, 21696426, 21696426, 21696426, 21696426, 21696426, 21696426, 21696426, 21696426, 21696426, 21696426, 21696426, 21696426, 21696426, 21696426, 21696426, 21696426, 21696426, 21696426, 21696426, 21696426, 21696426, 21696426, 21629020, 21629020, 21629020, 21629020, 21629020, 21629020, 21629020, 21629020, 21629020, 21629020, 21629020, 21629020, 21629020, 21629020, 21629020, 21629020, 21629020, 21629020, 21629020, 21629020, 21629020, 21629020, 21629020]",0,0,0
0,125,meta-llama/Llama-3.1-70B,14,213,42568133663,47260032053,4691898390,5024445,41252384,23488111,"[22840774, 21443679, 23919459, 21523426, 21523426, 21523426, 21523426, 21523426, 21523426, 21443679, 36834967, 21523426, 21523426, 21523426, 21523426, 21523426, 21523426, 21443679, 21443679, 30208055, 21526045, 21526045, 22262310, 21526045, 22227960, 22754332, 47347387, 23034762, 21695066, 21695066, 21695066, 21627580, 21627580, 21627580, 21627580, 21627580, 21627580, 21627580, 21627580, 21627580, 28667270, 45755153, 21680277, 30581360, 21760035, 21760035, 21760035, 21760035, 54806222, 69337631, 21829874, 21829874, 21795732, 21795732, 21795732, 21795732, 21795732, 21795732, 21795732, 21795732, 21760035, 21760035, 21760035, 26770437, 21795732, 21795732, 21795732, 21795732, 21795732, 21795732, 21795732, 21795732, 21795732, 21793092, 21793092, 21793092, 21793092, 21793092, 22256274, 22684687, 22093397, 22093397, 86554234, 103316085, 25928055, 22408202, 22950380, 22408202, 22408202, 22408202, 22408202, 22408202, 22408202, 22408202, 22408202, 22408202, 22408202, 22408202, 22408202, 22329010, 22284637, 22284637, 22284637, 22284637, 22284637, 22284637, 22284637, 22284637, 22286797, 22286797, 22345324, 22133280, 22133280, 22133280, 22133280, 22093397, 22093397, 22093397, 22093397, 22093397, 22093397, 22094997, 22094997, 21828754, 21793092, 21793092, 21793092, 21760035, 21760035, 21760035, 21760035, 21760035, 21760035, 21760595, 21760595, 21760595, 21760595, 21760595, 21760595, 21760595, 21681717, 21681717, 21696426, 21696426, 21696426, 21696426, 21696426, 21696426, 21696426, 21696426, 21696426, 21696426, 21696426, 21696426, 21696426, 21696426, 21696426, 21696426, 21696426, 21696426, 21696426, 21696426, 21696426, 21696426, 21696426, 21629020, 21629020, 21629020, 21629020, 21629020, 21629020, 21629020, 21629020, 21629020, 21629020, 21629020, 21629020, 21629020, 21629020, 21629020, 21629020, 21629020, 21629020, 21629020, 21629020, 21629020, 21629020, 21629020, 21584462, 21584462, 21584462, 21584462, 21584462, 21584462, 21584462, 21584462, 21584462, 21584462]",0,0,0
0,103,meta-llama/Llama-3.1-70B,26,326,40251846665,47324749283,7072902618,18461796,40032682,23521304,"[22287342, 20788815, 20788815, 20788815, 30398570, 20834662, 20834662, 20834662, 20834662, 20834662, 20834662, 20834662, 20834662, 20834662, 20834662, 22058882, 21348594, 20866658, 20866658, 23085377, 20913325, 20913325, 20866658, 20866658, 20866658, 132767018, 28107689, 20582758, 20582758, 20582758, 20582758, 20582758, 20582758, 20582758, 20582758, 20512163, 22156143, 20582758, 20582758, 20582758, 20582758, 20582758, 20582758, 20582758, 21177433, 20623992, 20623992, 20623992, 20623992, 21699227, 20663592, 20663592, 20663592, 20663592, 20663592, 20663592, 20663592, 20663592, 20663592, 85819398, 20647136, 20647136, 20647136, 20647136, 23790543, 34259260, 21013313, 21013313, 21013313, 21013313, 21013313, 21013313, 21013313, 21013313, 21013313, 25960799, 21116257, 21116257, 21631086, 21207246, 21207246, 21207246, 21207246, 21207246, 21207246, 21271566, 32972670, 21271566, 21271566, 21271566, 21271566, 21271566, 21271566, 21271566, 21271566, 21271566, 43263885, 36227939, 22840774, 21443679, 23919459, 21523426, 21523426, 21523426, 21523426, 21523426, 21523426, 21443679, 36834967, 21523426, 21523426, 21523426, 21523426, 21523426, 21523426, 21443679, 21443679, 30208055, 21526045, 21526045, 22262310, 21526045, 22227960, 22754332, 47347387, 23034762, 21695066, 21695066, 21695066, 21627580, 21627580, 21627580, 21627580, 21627580, 21627580, 21627580, 21627580, 21627580, 28667270, 45755153, 21680277, 30581360, 21760035, 21760035, 21760035, 21760035, 54806222, 69337631, 21829874, 21829874, 21795732, 21795732, 21795732, 21795732, 21795732, 21795732, 21795732, 21795732, 21760035, 21760035, 21760035, 26770437, 21795732, 21795732, 21795732, 21795732, 21795732, 21795732, 21795732, 21795732, 21795732, 21793092, 21793092, 21793092, 21793092, 21793092, 22256274, 22684687, 22093397, 22093397, 86554234, 103316085, 25928055, 22408202, 22950380, 22408202, 22408202, 22408202, 22408202, 22408202, 22408202, 22408202, 22408202, 22408202, 22408202, 22408202, 22408202, 22329010, 22284637, 22284637, 22284637, 22284637, 22284637, 22284637, 22284637, 22284637, 22286797, 22286797, 22345324, 22133280, 22133280, 22133280, 22133280, 22093397, 22093397, 22093397, 22093397, 22093397, 22093397, 22094997, 22094997, 21828754, 21793092, 21793092, 21793092, 21760035, 21760035, 21760035, 21760035, 21760035, 21760035, 21760595, 21760595, 21760595, 21760595, 21760595, 21760595, 21760595, 21681717, 21681717, 21696426, 21696426, 21696426, 21696426, 21696426, 21696426, 21696426, 21696426, 21696426, 21696426, 21696426, 21696426, 21696426, 21696426, 21696426, 21696426, 21696426, 21696426, 21696426, 21696426, 21696426, 21696426, 21696426, 21629020, 21629020, 21629020, 21629020, 21629020, 21629020, 21629020, 21629020, 21629020, 21629020, 21629020, 21629020, 21629020, 21629020, 21629020, 21629020, 21629020, 21629020, 21629020, 21629020, 21629020, 21629020, 21629020, 21584462, 21584462, 21584462, 21584462, 21584462, 21584462, 21584462, 21584462, 21584462, 21584462, 21572410, 21572410, 21572410]",0,0,0
0,118,meta-llama/Llama-3.1-70B,83,338,41805801406,47755345383,5949543977,14166992,37957535,23273962,"[34259260, 21013313, 21013313, 21013313, 21013313, 21013313, 21013313, 21013313, 21013313, 21013313, 25960799, 21116257, 21116257, 21631086, 21207246, 21207246, 21207246, 21207246, 21207246, 21207246, 21271566, 32972670, 21271566, 21271566, 21271566, 21271566, 21271566, 21271566, 21271566, 21271566, 21271566, 43263885, 36227939, 22840774, 21443679, 23919459, 21523426, 21523426, 21523426, 21523426, 21523426, 21523426, 21443679, 36834967, 21523426, 21523426, 21523426, 21523426, 21523426, 21523426, 21443679, 21443679, 30208055, 21526045, 21526045, 22262310, 21526045, 22227960, 22754332, 47347387, 23034762, 21695066, 21695066, 21695066, 21627580, 21627580, 21627580, 21627580, 21627580, 21627580, 21627580, 21627580, 21627580, 28667270, 45755153, 21680277, 30581360, 21760035, 21760035, 21760035, 21760035, 54806222, 69337631, 21829874, 21829874, 21795732, 21795732, 21795732, 21795732, 21795732, 21795732, 21795732, 21795732, 21760035, 21760035, 21760035, 26770437, 21795732, 21795732, 21795732, 21795732, 21795732, 21795732, 21795732, 21795732, 21795732, 21793092, 21793092, 21793092, 21793092, 21793092, 22256274, 22684687, 22093397, 22093397, 86554234, 103316085, 25928055, 22408202, 22950380, 22408202, 22408202, 22408202, 22408202, 22408202, 22408202, 22408202, 22408202, 22408202, 22408202, 22408202, 22408202, 22329010, 22284637, 22284637, 22284637, 22284637, 22284637, 22284637, 22284637, 22284637, 22286797, 22286797, 22345324, 22133280, 22133280, 22133280, 22133280, 22093397, 22093397, 22093397, 22093397, 22093397, 22093397, 22094997, 22094997, 21828754, 21793092, 21793092, 21793092, 21760035, 21760035, 21760035, 21760035, 21760035, 21760035, 21760595, 21760595, 21760595, 21760595, 21760595, 21760595, 21760595, 21681717, 21681717, 21696426, 21696426, 21696426, 21696426, 21696426, 21696426, 21696426, 21696426, 21696426, 21696426, 21696426, 21696426, 21696426, 21696426, 21696426, 21696426, 21696426, 21696426, 21696426, 21696426, 21696426, 21696426, 21696426, 21629020, 21629020, 21629020, 21629020, 21629020, 21629020, 21629020, 21629020, 21629020, 21629020, 21629020, 21629020, 21629020, 21629020, 21629020, 21629020, 21629020, 21629020, 21629020, 21629020, 21629020, 21629020, 21629020, 21584462, 21584462, 21584462, 21584462, 21584462, 21584462, 21584462, 21584462, 21584462, 21584462, 21572410, 21572410, 21572410, 21529805, 21529805, 21529805, 21529805, 21529805, 21529805, 21529805, 21529805, 21529805, 21529805, 21529805, 21529805, 21529805, 21529805, 21529805, 21529805, 21529805, 21529805, 21529805, 21529805]",0,0,0
0,108,meta-llama/Llama-3.1-70B,73,378,40680258683,47862967313,7182708630,20160433,43245810,23485075,"[20913325, 20913325, 20866658, 20866658, 20866658, 132767018, 28107689, 20582758, 20582758, 20582758, 20582758, 20582758, 20582758, 20582758, 20582758, 20512163, 22156143, 20582758, 20582758, 20582758, 20582758, 20582758, 20582758, 20582758, 21177433, 20623992, 20623992, 20623992, 20623992, 21699227, 20663592, 20663592, 20663592, 20663592, 20663592, 20663592, 20663592, 20663592, 20663592, 85819398, 20647136, 20647136, 20647136, 20647136, 23790543, 34259260, 21013313, 21013313, 21013313, 21013313, 21013313, 21013313, 21013313, 21013313, 21013313, 25960799, 21116257, 21116257, 21631086, 21207246, 21207246, 21207246, 21207246, 21207246, 21207246, 21271566, 32972670, 21271566, 21271566, 21271566, 21271566, 21271566, 21271566, 21271566, 21271566, 21271566, 43263885, 36227939, 22840774, 21443679, 23919459, 21523426, 21523426, 21523426, 21523426, 21523426, 21523426, 21443679, 36834967, 21523426, 21523426, 21523426, 21523426, 21523426, 21523426, 21443679, 21443679, 30208055, 21526045, 21526045, 22262310, 21526045, 22227960, 22754332, 47347387, 23034762, 21695066, 21695066, 21695066, 21627580, 21627580, 21627580, 21627580, 21627580, 21627580, 21627580, 21627580, 21627580, 28667270, 45755153, 21680277, 30581360, 21760035, 21760035, 21760035, 21760035, 54806222, 69337631, 21829874, 21829874, 21795732, 21795732, 21795732, 21795732, 21795732, 21795732, 21795732, 21795732, 21760035, 21760035, 21760035, 26770437, 21795732, 21795732, 21795732, 21795732, 21795732, 21795732, 21795732, 21795732, 21795732, 21793092, 21793092, 21793092, 21793092, 21793092, 22256274, 22684687, 22093397, 22093397, 86554234, 103316085, 25928055, 22408202, 22950380, 22408202, 22408202, 22408202, 22408202, 22408202, 22408202, 22408202, 22408202, 22408202, 22408202, 22408202, 22408202, 22329010, 22284637, 22284637, 22284637, 22284637, 22284637, 22284637, 22284637, 22284637, 22286797, 22286797, 22345324, 22133280, 22133280, 22133280, 22133280, 22093397, 22093397, 22093397, 22093397, 22093397, 22093397, 22094997, 22094997, 21828754, 21793092, 21793092, 21793092, 21760035, 21760035, 21760035, 21760035, 21760035, 21760035, 21760595, 21760595, 21760595, 21760595, 21760595, 21760595, 21760595, 21681717, 21681717, 21696426, 21696426, 21696426, 21696426, 21696426, 21696426, 21696426, 21696426, 21696426, 21696426, 21696426, 21696426, 21696426, 21696426, 21696426, 21696426, 21696426, 21696426, 21696426, 21696426, 21696426, 21696426, 21696426, 21629020, 21629020, 21629020, 21629020, 21629020, 21629020, 21629020, 21629020, 21629020, 21629020, 21629020, 21629020, 21629020, 21629020, 21629020, 21629020, 21629020, 21629020, 21629020, 21629020, 21629020, 21629020, 21629020, 21584462, 21584462, 21584462, 21584462, 21584462, 21584462, 21584462, 21584462, 21584462, 21584462, 21572410, 21572410, 21572410, 21529805, 21529805, 21529805, 21529805, 21529805, 21529805, 21529805, 21529805, 21529805, 21529805, 21529805, 21529805, 21529805, 21529805, 21529805, 21529805, 21529805, 21529805, 21529805, 21529805, 21524386, 21524386, 21524386, 21524386, 21524386]",0,0,0
0,141,meta-llama/Llama-3.1-70B,136,299,44144395522,47862967313,3718571791,5961674,32732111,22752096,"[21795732, 21795732, 21795732, 21795732, 21795732, 21795732, 21795732, 21795732, 21795732, 21793092, 21793092, 21793092, 21793092, 21793092, 22256274, 22684687, 22093397, 22093397, 86554234, 103316085, 25928055, 22408202, 22950380, 22408202, 22408202, 22408202, 22408202, 22408202, 22408202, 22408202, 22408202, 22408202, 22408202, 22408202, 22408202, 22329010, 22284637, 22284637, 22284637, 22284637, 22284637, 22284637, 22284637, 22284637, 22286797, 22286797, 22345324, 22133280, 22133280, 22133280, 22133280, 22093397, 22093397, 22093397, 22093397, 22093397, 22093397, 22094997, 22094997, 21828754, 21793092, 21793092, 21793092, 21760035, 21760035, 21760035, 21760035, 21760035, 21760035, 21760595, 21760595, 21760595, 21760595, 21760595, 21760595, 21760595, 21681717, 21681717, 21696426, 21696426, 21696426, 21696426, 21696426, 21696426, 21696426, 21696426, 21696426, 21696426, 21696426, 21696426, 21696426, 21696426, 21696426, 21696426, 21696426, 21696426, 21696426, 21696426, 21696426, 21696426, 21696426, 21629020, 21629020, 21629020, 21629020, 21629020, 21629020, 21629020, 21629020, 21629020, 21629020, 21629020, 21629020, 21629020, 21629020, 21629020, 21629020, 21629020, 21629020, 21629020, 21629020, 21629020, 21629020, 21629020, 21584462, 21584462, 21584462, 21584462, 21584462, 21584462, 21584462, 21584462, 21584462, 21584462, 21572410, 21572410, 21572410, 21529805, 21529805, 21529805, 21529805, 21529805, 21529805, 21529805, 21529805, 21529805, 21529805, 21529805, 21529805, 21529805, 21529805, 21529805, 21529805, 21529805, 21529805, 21529805, 21529805, 21524386, 21524386, 21524386, 21524386, 21524386]",0,0,0
0,104,meta-llama/Llama-3.1-70B,50,378,40289586335,47948725861,7659139526,2293012,24580354,23347275,"[20788815, 20788815, 20788815, 30398570, 20834662, 20834662, 20834662, 20834662, 20834662, 20834662, 20834662, 20834662, 20834662, 20834662, 22058882, 21348594, 20866658, 20866658, 23085377, 20913325, 20913325, 20866658, 20866658, 20866658, 132767018, 28107689, 20582758, 20582758, 20582758, 20582758, 20582758, 20582758, 20582758, 20582758, 20512163, 22156143, 20582758, 20582758, 20582758, 20582758, 20582758, 20582758, 20582758, 21177433, 20623992, 20623992, 20623992, 20623992, 21699227, 20663592, 20663592, 20663592, 20663592, 20663592, 20663592, 20663592, 20663592, 20663592, 85819398, 20647136, 20647136, 20647136, 20647136, 23790543, 34259260, 21013313, 21013313, 21013313, 21013313, 21013313, 21013313, 21013313, 21013313, 21013313, 25960799, 21116257, 21116257, 21631086, 21207246, 21207246, 21207246, 21207246, 21207246, 21207246, 21271566, 32972670, 21271566, 21271566, 21271566, 21271566, 21271566, 21271566, 21271566, 21271566, 21271566, 43263885, 36227939, 22840774, 21443679, 23919459, 21523426, 21523426, 21523426, 21523426, 21523426, 21523426, 21443679, 36834967, 21523426, 21523426, 21523426, 21523426, 21523426, 21523426, 21443679, 21443679, 30208055, 21526045, 21526045, 22262310, 21526045, 22227960, 22754332, 47347387, 23034762, 21695066, 21695066, 21695066, 21627580, 21627580, 21627580, 21627580, 21627580, 21627580, 21627580, 21627580, 21627580, 28667270, 45755153, 21680277, 30581360, 21760035, 21760035, 21760035, 21760035, 54806222, 69337631, 21829874, 21829874, 21795732, 21795732, 21795732, 21795732, 21795732, 21795732, 21795732, 21795732, 21760035, 21760035, 21760035, 26770437, 21795732, 21795732, 21795732, 21795732, 21795732, 21795732, 21795732, 21795732, 21795732, 21793092, 21793092, 21793092, 21793092, 21793092, 22256274, 22684687, 22093397, 22093397, 86554234, 103316085, 25928055, 22408202, 22950380, 22408202, 22408202, 22408202, 22408202, 22408202, 22408202, 22408202, 22408202, 22408202, 22408202, 22408202, 22408202, 22329010, 22284637, 22284637, 22284637, 22284637, 22284637, 22284637, 22284637, 22284637, 22286797, 22286797, 22345324, 22133280, 22133280, 22133280, 22133280, 22093397, 22093397, 22093397, 22093397, 22093397, 22093397, 22094997, 22094997, 21828754, 21793092, 21793092, 21793092, 21760035, 21760035, 21760035, 21760035, 21760035, 21760035, 21760595, 21760595, 21760595, 21760595, 21760595, 21760595, 21760595, 21681717, 21681717, 21696426, 21696426, 21696426, 21696426, 21696426, 21696426, 21696426, 21696426, 21696426, 21696426, 21696426, 21696426, 21696426, 21696426, 21696426, 21696426, 21696426, 21696426, 21696426, 21696426, 21696426, 21696426, 21696426, 21629020, 21629020, 21629020, 21629020, 21629020, 21629020, 21629020, 21629020, 21629020, 21629020, 21629020, 21629020, 21629020, 21629020, 21629020, 21629020, 21629020, 21629020, 21629020, 21629020, 21629020, 21629020, 21629020, 21584462, 21584462, 21584462, 21584462, 21584462, 21584462, 21584462, 21584462, 21584462, 21584462, 21572410, 21572410, 21572410, 21529805, 21529805, 21529805, 21529805, 21529805, 21529805, 21529805, 21529805, 21529805, 21529805, 21529805, 21529805, 21529805, 21529805, 21529805, 21529805, 21529805, 21529805, 21529805, 21529805, 21524386, 21524386, 21524386, 21524386, 21524386, 21439637, 21439637, 21439637, 21439637]",0,0,0
0,124,meta-llama/Llama-3.1-70B,332,563,42556474447,47948725861,5392251414,16683661,52911600,23214520,"[22840774, 21443679, 23919459, 21523426, 21523426, 21523426, 21523426, 21523426, 21523426, 21443679, 36834967, 21523426, 21523426, 21523426, 21523426, 21523426, 21523426, 21443679, 21443679, 30208055, 21526045, 21526045, 22262310, 21526045, 22227960, 22754332, 47347387, 23034762, 21695066, 21695066, 21695066, 21627580, 21627580, 21627580, 21627580, 21627580, 21627580, 21627580, 21627580, 21627580, 28667270, 45755153, 21680277, 30581360, 21760035, 21760035, 21760035, 21760035, 54806222, 69337631, 21829874, 21829874, 21795732, 21795732, 21795732, 21795732, 21795732, 21795732, 21795732, 21795732, 21760035, 21760035, 21760035, 26770437, 21795732, 21795732, 21795732, 21795732, 21795732, 21795732, 21795732, 21795732, 21795732, 21793092, 21793092, 21793092, 21793092, 21793092, 22256274, 22684687, 22093397, 22093397, 86554234, 103316085, 25928055, 22408202, 22950380, 22408202, 22408202, 22408202, 22408202, 22408202, 22408202, 22408202, 22408202, 22408202, 22408202, 22408202, 22408202, 22329010, 22284637, 22284637, 22284637, 22284637, 22284637, 22284637, 22284637, 22284637, 22286797, 22286797, 22345324, 22133280, 22133280, 22133280, 22133280, 22093397, 22093397, 22093397, 22093397, 22093397, 22093397, 22094997, 22094997, 21828754, 21793092, 21793092, 21793092, 21760035, 21760035, 21760035, 21760035, 21760035, 21760035, 21760595, 21760595, 21760595, 21760595, 21760595, 21760595, 21760595, 21681717, 21681717, 21696426, 21696426, 21696426, 21696426, 21696426, 21696426, 21696426, 21696426, 21696426, 21696426, 21696426, 21696426, 21696426, 21696426, 21696426, 21696426, 21696426, 21696426, 21696426, 21696426, 21696426, 21696426, 21696426, 21629020, 21629020, 21629020, 21629020, 21629020, 21629020, 21629020, 21629020, 21629020, 21629020, 21629020, 21629020, 21629020, 21629020, 21629020, 21629020, 21629020, 21629020, 21629020, 21629020, 21629020, 21629020, 21629020, 21584462, 21584462, 21584462, 21584462, 21584462, 21584462, 21584462, 21584462, 21584462, 21584462, 21572410, 21572410, 21572410, 21529805, 21529805, 21529805, 21529805, 21529805, 21529805, 21529805, 21529805, 21529805, 21529805, 21529805, 21529805, 21529805, 21529805, 21529805, 21529805, 21529805, 21529805, 21529805, 21529805, 21524386, 21524386, 21524386, 21524386, 21524386, 21439637, 21439637, 21439637, 21439637]",0,0,0
0,106,meta-llama/Llama-3.1-70B,38,360,40598756604,48140940310,7542183706,16521720,38580602,23375710,"[21348594, 20866658, 20866658, 23085377, 20913325, 20913325, 20866658, 20866658, 20866658, 132767018, 28107689, 20582758, 20582758, 20582758, 20582758, 20582758, 20582758, 20582758, 20582758, 20512163, 22156143, 20582758, 20582758, 20582758, 20582758, 20582758, 20582758, 20582758, 21177433, 20623992, 20623992, 20623992, 20623992, 21699227, 20663592, 20663592, 20663592, 20663592, 20663592, 20663592, 20663592, 20663592, 20663592, 85819398, 20647136, 20647136, 20647136, 20647136, 23790543, 34259260, 21013313, 21013313, 21013313, 21013313, 21013313, 21013313, 21013313, 21013313, 21013313, 25960799, 21116257, 21116257, 21631086, 21207246, 21207246, 21207246, 21207246, 21207246, 21207246, 21271566, 32972670, 21271566, 21271566, 21271566, 21271566, 21271566, 21271566, 21271566, 21271566, 21271566, 43263885, 36227939, 22840774, 21443679, 23919459, 21523426, 21523426, 21523426, 21523426, 21523426, 21523426, 21443679, 36834967, 21523426, 21523426, 21523426, 21523426, 21523426, 21523426, 21443679, 21443679, 30208055, 21526045, 21526045, 22262310, 21526045, 22227960, 22754332, 47347387, 23034762, 21695066, 21695066, 21695066, 21627580, 21627580, 21627580, 21627580, 21627580, 21627580, 21627580, 21627580, 21627580, 28667270, 45755153, 21680277, 30581360, 21760035, 21760035, 21760035, 21760035, 54806222, 69337631, 21829874, 21829874, 21795732, 21795732, 21795732, 21795732, 21795732, 21795732, 21795732, 21795732, 21760035, 21760035, 21760035, 26770437, 21795732, 21795732, 21795732, 21795732, 21795732, 21795732, 21795732, 21795732, 21795732, 21793092, 21793092, 21793092, 21793092, 21793092, 22256274, 22684687, 22093397, 22093397, 86554234, 103316085, 25928055, 22408202, 22950380, 22408202, 22408202, 22408202, 22408202, 22408202, 22408202, 22408202, 22408202, 22408202, 22408202, 22408202, 22408202, 22329010, 22284637, 22284637, 22284637, 22284637, 22284637, 22284637, 22284637, 22284637, 22286797, 22286797, 22345324, 22133280, 22133280, 22133280, 22133280, 22093397, 22093397, 22093397, 22093397, 22093397, 22093397, 22094997, 22094997, 21828754, 21793092, 21793092, 21793092, 21760035, 21760035, 21760035, 21760035, 21760035, 21760035, 21760595, 21760595, 21760595, 21760595, 21760595, 21760595, 21760595, 21681717, 21681717, 21696426, 21696426, 21696426, 21696426, 21696426, 21696426, 21696426, 21696426, 21696426, 21696426, 21696426, 21696426, 21696426, 21696426, 21696426, 21696426, 21696426, 21696426, 21696426, 21696426, 21696426, 21696426, 21696426, 21629020, 21629020, 21629020, 21629020, 21629020, 21629020, 21629020, 21629020, 21629020, 21629020, 21629020, 21629020, 21629020, 21629020, 21629020, 21629020, 21629020, 21629020, 21629020, 21629020, 21629020, 21629020, 21629020, 21584462, 21584462, 21584462, 21584462, 21584462, 21584462, 21584462, 21584462, 21584462, 21584462, 21572410, 21572410, 21572410, 21529805, 21529805, 21529805, 21529805, 21529805, 21529805, 21529805, 21529805, 21529805, 21529805, 21529805, 21529805, 21529805, 21529805, 21529805, 21529805, 21529805, 21529805, 21529805, 21529805, 21524386, 21524386, 21524386, 21524386, 21524386, 21439637, 21439637, 21439637, 21439637, 21357161, 21357161, 21357161, 21357161, 21357161, 21357161, 21357161, 21357161, 21357161]",0,0,0
0,126,meta-llama/Llama-3.1-70B,34,278,42594002337,48247433740,5653431403,15383710,38224484,23107847,"[21443679, 23919459, 21523426, 21523426, 21523426, 21523426, 21523426, 21523426, 21443679, 36834967, 21523426, 21523426, 21523426, 21523426, 21523426, 21523426, 21443679, 21443679, 30208055, 21526045, 21526045, 22262310, 21526045, 22227960, 22754332, 47347387, 23034762, 21695066, 21695066, 21695066, 21627580, 21627580, 21627580, 21627580, 21627580, 21627580, 21627580, 21627580, 21627580, 28667270, 45755153, 21680277, 30581360, 21760035, 21760035, 21760035, 21760035, 54806222, 69337631, 21829874, 21829874, 21795732, 21795732, 21795732, 21795732, 21795732, 21795732, 21795732, 21795732, 21760035, 21760035, 21760035, 26770437, 21795732, 21795732, 21795732, 21795732, 21795732, 21795732, 21795732, 21795732, 21795732, 21793092, 21793092, 21793092, 21793092, 21793092, 22256274, 22684687, 22093397, 22093397, 86554234, 103316085, 25928055, 22408202, 22950380, 22408202, 22408202, 22408202, 22408202, 22408202, 22408202, 22408202, 22408202, 22408202, 22408202, 22408202, 22408202, 22329010, 22284637, 22284637, 22284637, 22284637, 22284637, 22284637, 22284637, 22284637, 22286797, 22286797, 22345324, 22133280, 22133280, 22133280, 22133280, 22093397, 22093397, 22093397, 22093397, 22093397, 22093397, 22094997, 22094997, 21828754, 21793092, 21793092, 21793092, 21760035, 21760035, 21760035, 21760035, 21760035, 21760035, 21760595, 21760595, 21760595, 21760595, 21760595, 21760595, 21760595, 21681717, 21681717, 21696426, 21696426, 21696426, 21696426, 21696426, 21696426, 21696426, 21696426, 21696426, 21696426, 21696426, 21696426, 21696426, 21696426, 21696426, 21696426, 21696426, 21696426, 21696426, 21696426, 21696426, 21696426, 21696426, 21629020, 21629020, 21629020, 21629020, 21629020, 21629020, 21629020, 21629020, 21629020, 21629020, 21629020, 21629020, 21629020, 21629020, 21629020, 21629020, 21629020, 21629020, 21629020, 21629020, 21629020, 21629020, 21629020, 21584462, 21584462, 21584462, 21584462, 21584462, 21584462, 21584462, 21584462, 21584462, 21584462, 21572410, 21572410, 21572410, 21529805, 21529805, 21529805, 21529805, 21529805, 21529805, 21529805, 21529805, 21529805, 21529805, 21529805, 21529805, 21529805, 21529805, 21529805, 21529805, 21529805, 21529805, 21529805, 21529805, 21524386, 21524386, 21524386, 21524386, 21524386, 21439637, 21439637, 21439637, 21439637, 21357161, 21357161, 21357161, 21357161, 21357161, 21357161, 21357161, 21357161, 21357161, 21298686, 21298686, 21298686, 21298686, 21298686]",0,0,0
0,133,meta-llama/Llama-3.1-70B,25,267,43168554895,48734763651,5566208756,7758640,30512972,22969692,"[47347387, 23034762, 21695066, 21695066, 21695066, 21627580, 21627580, 21627580, 21627580, 21627580, 21627580, 21627580, 21627580, 21627580, 28667270, 45755153, 21680277, 30581360, 21760035, 21760035, 21760035, 21760035, 54806222, 69337631, 21829874, 21829874, 21795732, 21795732, 21795732, 21795732, 21795732, 21795732, 21795732, 21795732, 21760035, 21760035, 21760035, 26770437, 21795732, 21795732, 21795732, 21795732, 21795732, 21795732, 21795732, 21795732, 21795732, 21793092, 21793092, 21793092, 21793092, 21793092, 22256274, 22684687, 22093397, 22093397, 86554234, 103316085, 25928055, 22408202, 22950380, 22408202, 22408202, 22408202, 22408202, 22408202, 22408202, 22408202, 22408202, 22408202, 22408202, 22408202, 22408202, 22329010, 22284637, 22284637, 22284637, 22284637, 22284637, 22284637, 22284637, 22284637, 22286797, 22286797, 22345324, 22133280, 22133280, 22133280, 22133280, 22093397, 22093397, 22093397, 22093397, 22093397, 22093397, 22094997, 22094997, 21828754, 21793092, 21793092, 21793092, 21760035, 21760035, 21760035, 21760035, 21760035, 21760035, 21760595, 21760595, 21760595, 21760595, 21760595, 21760595, 21760595, 21681717, 21681717, 21696426, 21696426, 21696426, 21696426, 21696426, 21696426, 21696426, 21696426, 21696426, 21696426, 21696426, 21696426, 21696426, 21696426, 21696426, 21696426, 21696426, 21696426, 21696426, 21696426, 21696426, 21696426, 21696426, 21629020, 21629020, 21629020, 21629020, 21629020, 21629020, 21629020, 21629020, 21629020, 21629020, 21629020, 21629020, 21629020, 21629020, 21629020, 21629020, 21629020, 21629020, 21629020, 21629020, 21629020, 21629020, 21629020, 21584462, 21584462, 21584462, 21584462, 21584462, 21584462, 21584462, 21584462, 21584462, 21584462, 21572410, 21572410, 21572410, 21529805, 21529805, 21529805, 21529805, 21529805, 21529805, 21529805, 21529805, 21529805, 21529805, 21529805, 21529805, 21529805, 21529805, 21529805, 21529805, 21529805, 21529805, 21529805, 21529805, 21524386, 21524386, 21524386, 21524386, 21524386, 21439637, 21439637, 21439637, 21439637, 21357161, 21357161, 21357161, 21357161, 21357161, 21357161, 21357161, 21357161, 21357161, 21298686, 21298686, 21298686, 21298686, 21298686, 21188257, 21188257, 21188257, 21188257, 21188257, 21188257, 21188257, 21188257, 21188257, 21188257, 21188257, 21188257, 21188257, 21188257, 21188257, 21188257, 21188257, 21188257, 21188257, 21188257, 21188257, 21188257, 21188257]",0,0,0
0,122,meta-llama/Llama-3.1-70B,280,574,42291777112,49050125346,6758348234,13700347,46673017,22906741,"[21271566, 21271566, 21271566, 21271566, 21271566, 21271566, 21271566, 21271566, 21271566, 43263885, 36227939, 22840774, 21443679, 23919459, 21523426, 21523426, 21523426, 21523426, 21523426, 21523426, 21443679, 36834967, 21523426, 21523426, 21523426, 21523426, 21523426, 21523426, 21443679, 21443679, 30208055, 21526045, 21526045, 22262310, 21526045, 22227960, 22754332, 47347387, 23034762, 21695066, 21695066, 21695066, 21627580, 21627580, 21627580, 21627580, 21627580, 21627580, 21627580, 21627580, 21627580, 28667270, 45755153, 21680277, 30581360, 21760035, 21760035, 21760035, 21760035, 54806222, 69337631, 21829874, 21829874, 21795732, 21795732, 21795732, 21795732, 21795732, 21795732, 21795732, 21795732, 21760035, 21760035, 21760035, 26770437, 21795732, 21795732, 21795732, 21795732, 21795732, 21795732, 21795732, 21795732, 21795732, 21793092, 21793092, 21793092, 21793092, 21793092, 22256274, 22684687, 22093397, 22093397, 86554234, 103316085, 25928055, 22408202, 22950380, 22408202, 22408202, 22408202, 22408202, 22408202, 22408202, 22408202, 22408202, 22408202, 22408202, 22408202, 22408202, 22329010, 22284637, 22284637, 22284637, 22284637, 22284637, 22284637, 22284637, 22284637, 22286797, 22286797, 22345324, 22133280, 22133280, 22133280, 22133280, 22093397, 22093397, 22093397, 22093397, 22093397, 22093397, 22094997, 22094997, 21828754, 21793092, 21793092, 21793092, 21760035, 21760035, 21760035, 21760035, 21760035, 21760035, 21760595, 21760595, 21760595, 21760595, 21760595, 21760595, 21760595, 21681717, 21681717, 21696426, 21696426, 21696426, 21696426, 21696426, 21696426, 21696426, 21696426, 21696426, 21696426, 21696426, 21696426, 21696426, 21696426, 21696426, 21696426, 21696426, 21696426, 21696426, 21696426, 21696426, 21696426, 21696426, 21629020, 21629020, 21629020, 21629020, 21629020, 21629020, 21629020, 21629020, 21629020, 21629020, 21629020, 21629020, 21629020, 21629020, 21629020, 21629020, 21629020, 21629020, 21629020, 21629020, 21629020, 21629020, 21629020, 21584462, 21584462, 21584462, 21584462, 21584462, 21584462, 21584462, 21584462, 21584462, 21584462, 21572410, 21572410, 21572410, 21529805, 21529805, 21529805, 21529805, 21529805, 21529805, 21529805, 21529805, 21529805, 21529805, 21529805, 21529805, 21529805, 21529805, 21529805, 21529805, 21529805, 21529805, 21529805, 21529805, 21524386, 21524386, 21524386, 21524386, 21524386, 21439637, 21439637, 21439637, 21439637, 21357161, 21357161, 21357161, 21357161, 21357161, 21357161, 21357161, 21357161, 21357161, 21298686, 21298686, 21298686, 21298686, 21298686, 21188257, 21188257, 21188257, 21188257, 21188257, 21188257, 21188257, 21188257, 21188257, 21188257, 21188257, 21188257, 21188257, 21188257, 21188257, 21188257, 21188257, 21188257, 21188257, 21188257, 21188257, 21188257, 21188257, 21024113, 21024113, 21024113, 21024113, 21024113, 21024113, 21024113, 21024113, 21024113, 21024113, 21024113, 21024113, 21024113, 21024113, 21024113]",0,0,0
0,120,meta-llama/Llama-3.1-70B,138,455,42049532293,49299663234,7250130941,17605725,43566524,22805583,"[21116257, 21116257, 21631086, 21207246, 21207246, 21207246, 21207246, 21207246, 21207246, 21271566, 32972670, 21271566, 21271566, 21271566, 21271566, 21271566, 21271566, 21271566, 21271566, 21271566, 43263885, 36227939, 22840774, 21443679, 23919459, 21523426, 21523426, 21523426, 21523426, 21523426, 21523426, 21443679, 36834967, 21523426, 21523426, 21523426, 21523426, 21523426, 21523426, 21443679, 21443679, 30208055, 21526045, 21526045, 22262310, 21526045, 22227960, 22754332, 47347387, 23034762, 21695066, 21695066, 21695066, 21627580, 21627580, 21627580, 21627580, 21627580, 21627580, 21627580, 21627580, 21627580, 28667270, 45755153, 21680277, 30581360, 21760035, 21760035, 21760035, 21760035, 54806222, 69337631, 21829874, 21829874, 21795732, 21795732, 21795732, 21795732, 21795732, 21795732, 21795732, 21795732, 21760035, 21760035, 21760035, 26770437, 21795732, 21795732, 21795732, 21795732, 21795732, 21795732, 21795732, 21795732, 21795732, 21793092, 21793092, 21793092, 21793092, 21793092, 22256274, 22684687, 22093397, 22093397, 86554234, 103316085, 25928055, 22408202, 22950380, 22408202, 22408202, 22408202, 22408202, 22408202, 22408202, 22408202, 22408202, 22408202, 22408202, 22408202, 22408202, 22329010, 22284637, 22284637, 22284637, 22284637, 22284637, 22284637, 22284637, 22284637, 22286797, 22286797, 22345324, 22133280, 22133280, 22133280, 22133280, 22093397, 22093397, 22093397, 22093397, 22093397, 22093397, 22094997, 22094997, 21828754, 21793092, 21793092, 21793092, 21760035, 21760035, 21760035, 21760035, 21760035, 21760035, 21760595, 21760595, 21760595, 21760595, 21760595, 21760595, 21760595, 21681717, 21681717, 21696426, 21696426, 21696426, 21696426, 21696426, 21696426, 21696426, 21696426, 21696426, 21696426, 21696426, 21696426, 21696426, 21696426, 21696426, 21696426, 21696426, 21696426, 21696426, 21696426, 21696426, 21696426, 21696426, 21629020, 21629020, 21629020, 21629020, 21629020, 21629020, 21629020, 21629020, 21629020, 21629020, 21629020, 21629020, 21629020, 21629020, 21629020, 21629020, 21629020, 21629020, 21629020, 21629020, 21629020, 21629020, 21629020, 21584462, 21584462, 21584462, 21584462, 21584462, 21584462, 21584462, 21584462, 21584462, 21584462, 21572410, 21572410, 21572410, 21529805, 21529805, 21529805, 21529805, 21529805, 21529805, 21529805, 21529805, 21529805, 21529805, 21529805, 21529805, 21529805, 21529805, 21529805, 21529805, 21529805, 21529805, 21529805, 21529805, 21524386, 21524386, 21524386, 21524386, 21524386, 21439637, 21439637, 21439637, 21439637, 21357161, 21357161, 21357161, 21357161, 21357161, 21357161, 21357161, 21357161, 21357161, 21298686, 21298686, 21298686, 21298686, 21298686, 21188257, 21188257, 21188257, 21188257, 21188257, 21188257, 21188257, 21188257, 21188257, 21188257, 21188257, 21188257, 21188257, 21188257, 21188257, 21188257, 21188257, 21188257, 21188257, 21188257, 21188257, 21188257, 21188257, 21024113, 21024113, 21024113, 21024113, 21024113, 21024113, 21024113, 21024113, 21024113, 21024113, 21024113, 21024113, 21024113, 21024113, 21024113, 20794824, 20794824, 20794824, 20794824, 20794824, 20794824, 20794824, 20794824, 20794824, 20794824, 20794824, 20794824]",0,0,0
0,146,meta-llama/Llama-3.1-70B,218,439,44639686577,49506242594,4866556017,18250093,121566178,21568135,"[25928055, 22408202, 22950380, 22408202, 22408202, 22408202, 22408202, 22408202, 22408202, 22408202, 22408202, 22408202, 22408202, 22408202, 22408202, 22329010, 22284637, 22284637, 22284637, 22284637, 22284637, 22284637, 22284637, 22284637, 22286797, 22286797, 22345324, 22133280, 22133280, 22133280, 22133280, 22093397, 22093397, 22093397, 22093397, 22093397, 22093397, 22094997, 22094997, 21828754, 21793092, 21793092, 21793092, 21760035, 21760035, 21760035, 21760035, 21760035, 21760035, 21760595, 21760595, 21760595, 21760595, 21760595, 21760595, 21760595, 21681717, 21681717, 21696426, 21696426, 21696426, 21696426, 21696426, 21696426, 21696426, 21696426, 21696426, 21696426, 21696426, 21696426, 21696426, 21696426, 21696426, 21696426, 21696426, 21696426, 21696426, 21696426, 21696426, 21696426, 21696426, 21629020, 21629020, 21629020, 21629020, 21629020, 21629020, 21629020, 21629020, 21629020, 21629020, 21629020, 21629020, 21629020, 21629020, 21629020, 21629020, 21629020, 21629020, 21629020, 21629020, 21629020, 21629020, 21629020, 21584462, 21584462, 21584462, 21584462, 21584462, 21584462, 21584462, 21584462, 21584462, 21584462, 21572410, 21572410, 21572410, 21529805, 21529805, 21529805, 21529805, 21529805, 21529805, 21529805, 21529805, 21529805, 21529805, 21529805, 21529805, 21529805, 21529805, 21529805, 21529805, 21529805, 21529805, 21529805, 21529805, 21524386, 21524386, 21524386, 21524386, 21524386, 21439637, 21439637, 21439637, 21439637, 21357161, 21357161, 21357161, 21357161, 21357161, 21357161, 21357161, 21357161, 21357161, 21298686, 21298686, 21298686, 21298686, 21298686, 21188257, 21188257, 21188257, 21188257, 21188257, 21188257, 21188257, 21188257, 21188257, 21188257, 21188257, 21188257, 21188257, 21188257, 21188257, 21188257, 21188257, 21188257, 21188257, 21188257, 21188257, 21188257, 21188257, 21024113, 21024113, 21024113, 21024113, 21024113, 21024113, 21024113, 21024113, 21024113, 21024113, 21024113, 21024113, 21024113, 21024113, 21024113, 20794824, 20794824, 20794824, 20794824, 20794824, 20794824, 20794824, 20794824, 20794824, 20794824, 20794824, 20794824, 20657936, 20657936, 20657936, 20657936, 20657936, 20657936, 20657936, 20657936, 20657936, 20657936]",0,0,0
0,114,meta-llama/Llama-3.1-70B,34,421,41172414412,49940470346,8768055934,1565639,23721782,22653715,"[20582758, 20582758, 20582758, 20582758, 20582758, 20582758, 20582758, 21177433, 20623992, 20623992, 20623992, 20623992, 21699227, 20663592, 20663592, 20663592, 20663592, 20663592, 20663592, 20663592, 20663592, 20663592, 85819398, 20647136, 20647136, 20647136, 20647136, 23790543, 34259260, 21013313, 21013313, 21013313, 21013313, 21013313, 21013313, 21013313, 21013313, 21013313, 25960799, 21116257, 21116257, 21631086, 21207246, 21207246, 21207246, 21207246, 21207246, 21207246, 21271566, 32972670, 21271566, 21271566, 21271566, 21271566, 21271566, 21271566, 21271566, 21271566, 21271566, 43263885, 36227939, 22840774, 21443679, 23919459, 21523426, 21523426, 21523426, 21523426, 21523426, 21523426, 21443679, 36834967, 21523426, 21523426, 21523426, 21523426, 21523426, 21523426, 21443679, 21443679, 30208055, 21526045, 21526045, 22262310, 21526045, 22227960, 22754332, 47347387, 23034762, 21695066, 21695066, 21695066, 21627580, 21627580, 21627580, 21627580, 21627580, 21627580, 21627580, 21627580, 21627580, 28667270, 45755153, 21680277, 30581360, 21760035, 21760035, 21760035, 21760035, 54806222, 69337631, 21829874, 21829874, 21795732, 21795732, 21795732, 21795732, 21795732, 21795732, 21795732, 21795732, 21760035, 21760035, 21760035, 26770437, 21795732, 21795732, 21795732, 21795732, 21795732, 21795732, 21795732, 21795732, 21795732, 21793092, 21793092, 21793092, 21793092, 21793092, 22256274, 22684687, 22093397, 22093397, 86554234, 103316085, 25928055, 22408202, 22950380, 22408202, 22408202, 22408202, 22408202, 22408202, 22408202, 22408202, 22408202, 22408202, 22408202, 22408202, 22408202, 22329010, 22284637, 22284637, 22284637, 22284637, 22284637, 22284637, 22284637, 22284637, 22286797, 22286797, 22345324, 22133280, 22133280, 22133280, 22133280, 22093397, 22093397, 22093397, 22093397, 22093397, 22093397, 22094997, 22094997, 21828754, 21793092, 21793092, 21793092, 21760035, 21760035, 21760035, 21760035, 21760035, 21760035, 21760595, 21760595, 21760595, 21760595, 21760595, 21760595, 21760595, 21681717, 21681717, 21696426, 21696426, 21696426, 21696426, 21696426, 21696426, 21696426, 21696426, 21696426, 21696426, 21696426, 21696426, 21696426, 21696426, 21696426, 21696426, 21696426, 21696426, 21696426, 21696426, 21696426, 21696426, 21696426, 21629020, 21629020, 21629020, 21629020, 21629020, 21629020, 21629020, 21629020, 21629020, 21629020, 21629020, 21629020, 21629020, 21629020, 21629020, 21629020, 21629020, 21629020, 21629020, 21629020, 21629020, 21629020, 21629020, 21584462, 21584462, 21584462, 21584462, 21584462, 21584462, 21584462, 21584462, 21584462, 21584462, 21572410, 21572410, 21572410, 21529805, 21529805, 21529805, 21529805, 21529805, 21529805, 21529805, 21529805, 21529805, 21529805, 21529805, 21529805, 21529805, 21529805, 21529805, 21529805, 21529805, 21529805, 21529805, 21529805, 21524386, 21524386, 21524386, 21524386, 21524386, 21439637, 21439637, 21439637, 21439637, 21357161, 21357161, 21357161, 21357161, 21357161, 21357161, 21357161, 21357161, 21357161, 21298686, 21298686, 21298686, 21298686, 21298686, 21188257, 21188257, 21188257, 21188257, 21188257, 21188257, 21188257, 21188257, 21188257, 21188257, 21188257, 21188257, 21188257, 21188257, 21188257, 21188257, 21188257, 21188257, 21188257, 21188257, 21188257, 21188257, 21188257, 21024113, 21024113, 21024113, 21024113, 21024113, 21024113, 21024113, 21024113, 21024113, 21024113, 21024113, 21024113, 21024113, 21024113, 21024113, 20794824, 20794824, 20794824, 20794824, 20794824, 20794824, 20794824, 20794824, 20794824, 20794824, 20794824, 20794824, 20657936, 20657936, 20657936, 20657936, 20657936, 20657936, 20657936, 20657936, 20657936, 20657936, 20676552, 20676552, 20676552, 20677672, 20677672, 20677672, 20677672, 20677672, 20677672, 20677672, 20677672, 20677672, 20677672, 20677672, 20677672, 20677672, 20677672, 20677672, 20677672, 20677672, 20677672]",0,0,0
0,134,meta-llama/Llama-3.1-70B,500,803,43181322934,50023033834,6841710900,17744933,65092320,22439134,"[23034762, 21695066, 21695066, 21695066, 21627580, 21627580, 21627580, 21627580, 21627580, 21627580, 21627580, 21627580, 21627580, 28667270, 45755153, 21680277, 30581360, 21760035, 21760035, 21760035, 21760035, 54806222, 69337631, 21829874, 21829874, 21795732, 21795732, 21795732, 21795732, 21795732, 21795732, 21795732, 21795732, 21760035, 21760035, 21760035, 26770437, 21795732, 21795732, 21795732, 21795732, 21795732, 21795732, 21795732, 21795732, 21795732, 21793092, 21793092, 21793092, 21793092, 21793092, 22256274, 22684687, 22093397, 22093397, 86554234, 103316085, 25928055, 22408202, 22950380, 22408202, 22408202, 22408202, 22408202, 22408202, 22408202, 22408202, 22408202, 22408202, 22408202, 22408202, 22408202, 22329010, 22284637, 22284637, 22284637, 22284637, 22284637, 22284637, 22284637, 22284637, 22286797, 22286797, 22345324, 22133280, 22133280, 22133280, 22133280, 22093397, 22093397, 22093397, 22093397, 22093397, 22093397, 22094997, 22094997, 21828754, 21793092, 21793092, 21793092, 21760035, 21760035, 21760035, 21760035, 21760035, 21760035, 21760595, 21760595, 21760595, 21760595, 21760595, 21760595, 21760595, 21681717, 21681717, 21696426, 21696426, 21696426, 21696426, 21696426, 21696426, 21696426, 21696426, 21696426, 21696426, 21696426, 21696426, 21696426, 21696426, 21696426, 21696426, 21696426, 21696426, 21696426, 21696426, 21696426, 21696426, 21696426, 21629020, 21629020, 21629020, 21629020, 21629020, 21629020, 21629020, 21629020, 21629020, 21629020, 21629020, 21629020, 21629020, 21629020, 21629020, 21629020, 21629020, 21629020, 21629020, 21629020, 21629020, 21629020, 21629020, 21584462, 21584462, 21584462, 21584462, 21584462, 21584462, 21584462, 21584462, 21584462, 21584462, 21572410, 21572410, 21572410, 21529805, 21529805, 21529805, 21529805, 21529805, 21529805, 21529805, 21529805, 21529805, 21529805, 21529805, 21529805, 21529805, 21529805, 21529805, 21529805, 21529805, 21529805, 21529805, 21529805, 21524386, 21524386, 21524386, 21524386, 21524386, 21439637, 21439637, 21439637, 21439637, 21357161, 21357161, 21357161, 21357161, 21357161, 21357161, 21357161, 21357161, 21357161, 21298686, 21298686, 21298686, 21298686, 21298686, 21188257, 21188257, 21188257, 21188257, 21188257, 21188257, 21188257, 21188257, 21188257, 21188257, 21188257, 21188257, 21188257, 21188257, 21188257, 21188257, 21188257, 21188257, 21188257, 21188257, 21188257, 21188257, 21188257, 21024113, 21024113, 21024113, 21024113, 21024113, 21024113, 21024113, 21024113, 21024113, 21024113, 21024113, 21024113, 21024113, 21024113, 21024113, 20794824, 20794824, 20794824, 20794824, 20794824, 20794824, 20794824, 20794824, 20794824, 20794824, 20794824, 20794824, 20657936, 20657936, 20657936, 20657936, 20657936, 20657936, 20657936, 20657936, 20657936, 20657936, 20676552, 20676552, 20676552, 20677672, 20677672, 20677672, 20677672, 20677672, 20677672, 20677672, 20677672, 20677672, 20677672, 20677672, 20677672, 20677672, 20677672, 20677672, 20677672, 20677672, 20677672, 20640872, 20640872, 20640872, 20640872]",0,0,0
0,135,meta-llama/Llama-3.1-70B,31,338,43222513791,50126004824,6903491033,23901463,46936225,22407041,"[21695066, 21695066, 21695066, 21627580, 21627580, 21627580, 21627580, 21627580, 21627580, 21627580, 21627580, 21627580, 28667270, 45755153, 21680277, 30581360, 21760035, 21760035, 21760035, 21760035, 54806222, 69337631, 21829874, 21829874, 21795732, 21795732, 21795732, 21795732, 21795732, 21795732, 21795732, 21795732, 21760035, 21760035, 21760035, 26770437, 21795732, 21795732, 21795732, 21795732, 21795732, 21795732, 21795732, 21795732, 21795732, 21793092, 21793092, 21793092, 21793092, 21793092, 22256274, 22684687, 22093397, 22093397, 86554234, 103316085, 25928055, 22408202, 22950380, 22408202, 22408202, 22408202, 22408202, 22408202, 22408202, 22408202, 22408202, 22408202, 22408202, 22408202, 22408202, 22329010, 22284637, 22284637, 22284637, 22284637, 22284637, 22284637, 22284637, 22284637, 22286797, 22286797, 22345324, 22133280, 22133280, 22133280, 22133280, 22093397, 22093397, 22093397, 22093397, 22093397, 22093397, 22094997, 22094997, 21828754, 21793092, 21793092, 21793092, 21760035, 21760035, 21760035, 21760035, 21760035, 21760035, 21760595, 21760595, 21760595, 21760595, 21760595, 21760595, 21760595, 21681717, 21681717, 21696426, 21696426, 21696426, 21696426, 21696426, 21696426, 21696426, 21696426, 21696426, 21696426, 21696426, 21696426, 21696426, 21696426, 21696426, 21696426, 21696426, 21696426, 21696426, 21696426, 21696426, 21696426, 21696426, 21629020, 21629020, 21629020, 21629020, 21629020, 21629020, 21629020, 21629020, 21629020, 21629020, 21629020, 21629020, 21629020, 21629020, 21629020, 21629020, 21629020, 21629020, 21629020, 21629020, 21629020, 21629020, 21629020, 21584462, 21584462, 21584462, 21584462, 21584462, 21584462, 21584462, 21584462, 21584462, 21584462, 21572410, 21572410, 21572410, 21529805, 21529805, 21529805, 21529805, 21529805, 21529805, 21529805, 21529805, 21529805, 21529805, 21529805, 21529805, 21529805, 21529805, 21529805, 21529805, 21529805, 21529805, 21529805, 21529805, 21524386, 21524386, 21524386, 21524386, 21524386, 21439637, 21439637, 21439637, 21439637, 21357161, 21357161, 21357161, 21357161, 21357161, 21357161, 21357161, 21357161, 21357161, 21298686, 21298686, 21298686, 21298686, 21298686, 21188257, 21188257, 21188257, 21188257, 21188257, 21188257, 21188257, 21188257, 21188257, 21188257, 21188257, 21188257, 21188257, 21188257, 21188257, 21188257, 21188257, 21188257, 21188257, 21188257, 21188257, 21188257, 21188257, 21024113, 21024113, 21024113, 21024113, 21024113, 21024113, 21024113, 21024113, 21024113, 21024113, 21024113, 21024113, 21024113, 21024113, 21024113, 20794824, 20794824, 20794824, 20794824, 20794824, 20794824, 20794824, 20794824, 20794824, 20794824, 20794824, 20794824, 20657936, 20657936, 20657936, 20657936, 20657936, 20657936, 20657936, 20657936, 20657936, 20657936, 20676552, 20676552, 20676552, 20677672, 20677672, 20677672, 20677672, 20677672, 20677672, 20677672, 20677672, 20677672, 20677672, 20677672, 20677672, 20677672, 20677672, 20677672, 20677672, 20677672, 20677672, 20640872, 20640872, 20640872, 20640872, 20594198, 20594198, 20594198, 20594198, 20594198]",0,0,0
0,145,meta-llama/Llama-3.1-70B,197,449,44606161610,50146529627,5540368017,51775060,155091145,21455286,"[25928055, 22408202, 22950380, 22408202, 22408202, 22408202, 22408202, 22408202, 22408202, 22408202, 22408202, 22408202, 22408202, 22408202, 22408202, 22329010, 22284637, 22284637, 22284637, 22284637, 22284637, 22284637, 22284637, 22284637, 22286797, 22286797, 22345324, 22133280, 22133280, 22133280, 22133280, 22093397, 22093397, 22093397, 22093397, 22093397, 22093397, 22094997, 22094997, 21828754, 21793092, 21793092, 21793092, 21760035, 21760035, 21760035, 21760035, 21760035, 21760035, 21760595, 21760595, 21760595, 21760595, 21760595, 21760595, 21760595, 21681717, 21681717, 21696426, 21696426, 21696426, 21696426, 21696426, 21696426, 21696426, 21696426, 21696426, 21696426, 21696426, 21696426, 21696426, 21696426, 21696426, 21696426, 21696426, 21696426, 21696426, 21696426, 21696426, 21696426, 21696426, 21629020, 21629020, 21629020, 21629020, 21629020, 21629020, 21629020, 21629020, 21629020, 21629020, 21629020, 21629020, 21629020, 21629020, 21629020, 21629020, 21629020, 21629020, 21629020, 21629020, 21629020, 21629020, 21629020, 21584462, 21584462, 21584462, 21584462, 21584462, 21584462, 21584462, 21584462, 21584462, 21584462, 21572410, 21572410, 21572410, 21529805, 21529805, 21529805, 21529805, 21529805, 21529805, 21529805, 21529805, 21529805, 21529805, 21529805, 21529805, 21529805, 21529805, 21529805, 21529805, 21529805, 21529805, 21529805, 21529805, 21524386, 21524386, 21524386, 21524386, 21524386, 21439637, 21439637, 21439637, 21439637, 21357161, 21357161, 21357161, 21357161, 21357161, 21357161, 21357161, 21357161, 21357161, 21298686, 21298686, 21298686, 21298686, 21298686, 21188257, 21188257, 21188257, 21188257, 21188257, 21188257, 21188257, 21188257, 21188257, 21188257, 21188257, 21188257, 21188257, 21188257, 21188257, 21188257, 21188257, 21188257, 21188257, 21188257, 21188257, 21188257, 21188257, 21024113, 21024113, 21024113, 21024113, 21024113, 21024113, 21024113, 21024113, 21024113, 21024113, 21024113, 21024113, 21024113, 21024113, 21024113, 20794824, 20794824, 20794824, 20794824, 20794824, 20794824, 20794824, 20794824, 20794824, 20794824, 20794824, 20794824, 20657936, 20657936, 20657936, 20657936, 20657936, 20657936, 20657936, 20657936, 20657936, 20657936, 20676552, 20676552, 20676552, 20677672, 20677672, 20677672, 20677672, 20677672, 20677672, 20677672, 20677672, 20677672, 20677672, 20677672, 20677672, 20677672, 20677672, 20677672, 20677672, 20677672, 20677672, 20640872, 20640872, 20640872, 20640872, 20594198, 20594198, 20594198, 20594198, 20594198, 20524803]",0,0,0
0,144,meta-llama/Llama-3.1-70B,1009,1293,44570368564,50787075063,6216706499,1013872,87568106,21657732,"[103316085, 25928055, 22408202, 22950380, 22408202, 22408202, 22408202, 22408202, 22408202, 22408202, 22408202, 22408202, 22408202, 22408202, 22408202, 22408202, 22329010, 22284637, 22284637, 22284637, 22284637, 22284637, 22284637, 22284637, 22284637, 22286797, 22286797, 22345324, 22133280, 22133280, 22133280, 22133280, 22093397, 22093397, 22093397, 22093397, 22093397, 22093397, 22094997, 22094997, 21828754, 21793092, 21793092, 21793092, 21760035, 21760035, 21760035, 21760035, 21760035, 21760035, 21760595, 21760595, 21760595, 21760595, 21760595, 21760595, 21760595, 21681717, 21681717, 21696426, 21696426, 21696426, 21696426, 21696426, 21696426, 21696426, 21696426, 21696426, 21696426, 21696426, 21696426, 21696426, 21696426, 21696426, 21696426, 21696426, 21696426, 21696426, 21696426, 21696426, 21696426, 21696426, 21629020, 21629020, 21629020, 21629020, 21629020, 21629020, 21629020, 21629020, 21629020, 21629020, 21629020, 21629020, 21629020, 21629020, 21629020, 21629020, 21629020, 21629020, 21629020, 21629020, 21629020, 21629020, 21629020, 21584462, 21584462, 21584462, 21584462, 21584462, 21584462, 21584462, 21584462, 21584462, 21584462, 21572410, 21572410, 21572410, 21529805, 21529805, 21529805, 21529805, 21529805, 21529805, 21529805, 21529805, 21529805, 21529805, 21529805, 21529805, 21529805, 21529805, 21529805, 21529805, 21529805, 21529805, 21529805, 21529805, 21524386, 21524386, 21524386, 21524386, 21524386, 21439637, 21439637, 21439637, 21439637, 21357161, 21357161, 21357161, 21357161, 21357161, 21357161, 21357161, 21357161, 21357161, 21298686, 21298686, 21298686, 21298686, 21298686, 21188257, 21188257, 21188257, 21188257, 21188257, 21188257, 21188257, 21188257, 21188257, 21188257, 21188257, 21188257, 21188257, 21188257, 21188257, 21188257, 21188257, 21188257, 21188257, 21188257, 21188257, 21188257, 21188257, 21024113, 21024113, 21024113, 21024113, 21024113, 21024113, 21024113, 21024113, 21024113, 21024113, 21024113, 21024113, 21024113, 21024113, 21024113, 20794824, 20794824, 20794824, 20794824, 20794824, 20794824, 20794824, 20794824, 20794824, 20794824, 20794824, 20794824, 20657936, 20657936, 20657936, 20657936, 20657936, 20657936, 20657936, 20657936, 20657936, 20657936, 20676552, 20676552, 20676552, 20677672, 20677672, 20677672, 20677672, 20677672, 20677672, 20677672, 20677672, 20677672, 20677672, 20677672, 20677672, 20677672, 20677672, 20677672, 20677672, 20677672, 20677672, 20640872, 20640872, 20640872, 20640872, 20594198, 20594198, 20594198, 20594198, 20594198, 20524803, 20662756, 20662756, 20662756, 20662756, 20662756, 20662756, 20662756, 20662756, 20662756, 20662756, 20662756, 20662756, 20662756, 20662756, 20662756, 20662756, 20662756, 20662756, 20662756, 20662756, 20662756, 20662756, 20662756, 20662756, 20662756, 20662756, 20662756, 20662756, 20662756, 20662756, 20662756]",0,0,0
0,140,meta-llama/Llama-3.1-70B,774,1095,43787615709,50869307007,7081691298,10098147,79435778,21882048,"[21829874, 21829874, 21795732, 21795732, 21795732, 21795732, 21795732, 21795732, 21795732, 21795732, 21760035, 21760035, 21760035, 26770437, 21795732, 21795732, 21795732, 21795732, 21795732, 21795732, 21795732, 21795732, 21795732, 21793092, 21793092, 21793092, 21793092, 21793092, 22256274, 22684687, 22093397, 22093397, 86554234, 103316085, 25928055, 22408202, 22950380, 22408202, 22408202, 22408202, 22408202, 22408202, 22408202, 22408202, 22408202, 22408202, 22408202, 22408202, 22408202, 22329010, 22284637, 22284637, 22284637, 22284637, 22284637, 22284637, 22284637, 22284637, 22286797, 22286797, 22345324, 22133280, 22133280, 22133280, 22133280, 22093397, 22093397, 22093397, 22093397, 22093397, 22093397, 22094997, 22094997, 21828754, 21793092, 21793092, 21793092, 21760035, 21760035, 21760035, 21760035, 21760035, 21760035, 21760595, 21760595, 21760595, 21760595, 21760595, 21760595, 21760595, 21681717, 21681717, 21696426, 21696426, 21696426, 21696426, 21696426, 21696426, 21696426, 21696426, 21696426, 21696426, 21696426, 21696426, 21696426, 21696426, 21696426, 21696426, 21696426, 21696426, 21696426, 21696426, 21696426, 21696426, 21696426, 21629020, 21629020, 21629020, 21629020, 21629020, 21629020, 21629020, 21629020, 21629020, 21629020, 21629020, 21629020, 21629020, 21629020, 21629020, 21629020, 21629020, 21629020, 21629020, 21629020, 21629020, 21629020, 21629020, 21584462, 21584462, 21584462, 21584462, 21584462, 21584462, 21584462, 21584462, 21584462, 21584462, 21572410, 21572410, 21572410, 21529805, 21529805, 21529805, 21529805, 21529805, 21529805, 21529805, 21529805, 21529805, 21529805, 21529805, 21529805, 21529805, 21529805, 21529805, 21529805, 21529805, 21529805, 21529805, 21529805, 21524386, 21524386, 21524386, 21524386, 21524386, 21439637, 21439637, 21439637, 21439637, 21357161, 21357161, 21357161, 21357161, 21357161, 21357161, 21357161, 21357161, 21357161, 21298686, 21298686, 21298686, 21298686, 21298686, 21188257, 21188257, 21188257, 21188257, 21188257, 21188257, 21188257, 21188257, 21188257, 21188257, 21188257, 21188257, 21188257, 21188257, 21188257, 21188257, 21188257, 21188257, 21188257, 21188257, 21188257, 21188257, 21188257, 21024113, 21024113, 21024113, 21024113, 21024113, 21024113, 21024113, 21024113, 21024113, 21024113, 21024113, 21024113, 21024113, 21024113, 21024113, 20794824, 20794824, 20794824, 20794824, 20794824, 20794824, 20794824, 20794824, 20794824, 20794824, 20794824, 20794824, 20657936, 20657936, 20657936, 20657936, 20657936, 20657936, 20657936, 20657936, 20657936, 20657936, 20676552, 20676552, 20676552, 20677672, 20677672, 20677672, 20677672, 20677672, 20677672, 20677672, 20677672, 20677672, 20677672, 20677672, 20677672, 20677672, 20677672, 20677672, 20677672, 20677672, 20677672, 20640872, 20640872, 20640872, 20640872, 20594198, 20594198, 20594198, 20594198, 20594198, 20524803, 20662756, 20662756, 20662756, 20662756, 20662756, 20662756, 20662756, 20662756, 20662756, 20662756, 20662756, 20662756, 20662756, 20662756, 20662756, 20662756, 20662756, 20662756, 20662756, 20662756, 20662756, 20662756, 20662756, 20662756, 20662756, 20662756, 20662756, 20662756, 20662756, 20662756, 20662756, 20557986, 20557986, 20557986, 20557986]",0,0,0
0,119,meta-llama/Llama-3.1-70B,295,735,41826450953,51649480112,9823029159,17307988,51567248,22258455,"[21013313, 21013313, 21013313, 21013313, 21013313, 21013313, 21013313, 21013313, 21013313, 25960799, 21116257, 21116257, 21631086, 21207246, 21207246, 21207246, 21207246, 21207246, 21207246, 21271566, 32972670, 21271566, 21271566, 21271566, 21271566, 21271566, 21271566, 21271566, 21271566, 21271566, 43263885, 36227939, 22840774, 21443679, 23919459, 21523426, 21523426, 21523426, 21523426, 21523426, 21523426, 21443679, 36834967, 21523426, 21523426, 21523426, 21523426, 21523426, 21523426, 21443679, 21443679, 30208055, 21526045, 21526045, 22262310, 21526045, 22227960, 22754332, 47347387, 23034762, 21695066, 21695066, 21695066, 21627580, 21627580, 21627580, 21627580, 21627580, 21627580, 21627580, 21627580, 21627580, 28667270, 45755153, 21680277, 30581360, 21760035, 21760035, 21760035, 21760035, 54806222, 69337631, 21829874, 21829874, 21795732, 21795732, 21795732, 21795732, 21795732, 21795732, 21795732, 21795732, 21760035, 21760035, 21760035, 26770437, 21795732, 21795732, 21795732, 21795732, 21795732, 21795732, 21795732, 21795732, 21795732, 21793092, 21793092, 21793092, 21793092, 21793092, 22256274, 22684687, 22093397, 22093397, 86554234, 103316085, 25928055, 22408202, 22950380, 22408202, 22408202, 22408202, 22408202, 22408202, 22408202, 22408202, 22408202, 22408202, 22408202, 22408202, 22408202, 22329010, 22284637, 22284637, 22284637, 22284637, 22284637, 22284637, 22284637, 22284637, 22286797, 22286797, 22345324, 22133280, 22133280, 22133280, 22133280, 22093397, 22093397, 22093397, 22093397, 22093397, 22093397, 22094997, 22094997, 21828754, 21793092, 21793092, 21793092, 21760035, 21760035, 21760035, 21760035, 21760035, 21760035, 21760595, 21760595, 21760595, 21760595, 21760595, 21760595, 21760595, 21681717, 21681717, 21696426, 21696426, 21696426, 21696426, 21696426, 21696426, 21696426, 21696426, 21696426, 21696426, 21696426, 21696426, 21696426, 21696426, 21696426, 21696426, 21696426, 21696426, 21696426, 21696426, 21696426, 21696426, 21696426, 21629020, 21629020, 21629020, 21629020, 21629020, 21629020, 21629020, 21629020, 21629020, 21629020, 21629020, 21629020, 21629020, 21629020, 21629020, 21629020, 21629020, 21629020, 21629020, 21629020, 21629020, 21629020, 21629020, 21584462, 21584462, 21584462, 21584462, 21584462, 21584462, 21584462, 21584462, 21584462, 21584462, 21572410, 21572410, 21572410, 21529805, 21529805, 21529805, 21529805, 21529805, 21529805, 21529805, 21529805, 21529805, 21529805, 21529805, 21529805, 21529805, 21529805, 21529805, 21529805, 21529805, 21529805, 21529805, 21529805, 21524386, 21524386, 21524386, 21524386, 21524386, 21439637, 21439637, 21439637, 21439637, 21357161, 21357161, 21357161, 21357161, 21357161, 21357161, 21357161, 21357161, 21357161, 21298686, 21298686, 21298686, 21298686, 21298686, 21188257, 21188257, 21188257, 21188257, 21188257, 21188257, 21188257, 21188257, 21188257, 21188257, 21188257, 21188257, 21188257, 21188257, 21188257, 21188257, 21188257, 21188257, 21188257, 21188257, 21188257, 21188257, 21188257, 21024113, 21024113, 21024113, 21024113, 21024113, 21024113, 21024113, 21024113, 21024113, 21024113, 21024113, 21024113, 21024113, 21024113, 21024113, 20794824, 20794824, 20794824, 20794824, 20794824, 20794824, 20794824, 20794824, 20794824, 20794824, 20794824, 20794824, 20657936, 20657936, 20657936, 20657936, 20657936, 20657936, 20657936, 20657936, 20657936, 20657936, 20676552, 20676552, 20676552, 20677672, 20677672, 20677672, 20677672, 20677672, 20677672, 20677672, 20677672, 20677672, 20677672, 20677672, 20677672, 20677672, 20677672, 20677672, 20677672, 20677672, 20677672, 20640872, 20640872, 20640872, 20640872, 20594198, 20594198, 20594198, 20594198, 20594198, 20524803, 20662756, 20662756, 20662756, 20662756, 20662756, 20662756, 20662756, 20662756, 20662756, 20662756, 20662756, 20662756, 20662756, 20662756, 20662756, 20662756, 20662756, 20662756, 20662756, 20662756, 20662756, 20662756, 20662756, 20662756, 20662756, 20662756, 20662756, 20662756, 20662756, 20662756, 20662756, 20557986, 20557986, 20557986, 20557986, 21083405, 21083405, 21083405, 21083405, 21083405, 21083405, 21083405, 21083405, 21083405, 21083405, 21083405, 21083405, 21083405, 21083405, 21083405, 21083405, 21083405, 21083405, 21083405, 21083405, 21083405, 21083405, 21083405, 21083405, 21083405, 21083405, 21091325, 21091325, 21091325, 21091325, 21091325, 21091325, 21091325, 21091325, 21091325, 21091325, 21091325]",0,0,0
0,147,meta-llama/Llama-3.1-70B,805,1150,44643445024,52091382730,7447937706,14491646,117807731,21308517,"[25928055, 22408202, 22950380, 22408202, 22408202, 22408202, 22408202, 22408202, 22408202, 22408202, 22408202, 22408202, 22408202, 22408202, 22408202, 22329010, 22284637, 22284637, 22284637, 22284637, 22284637, 22284637, 22284637, 22284637, 22286797, 22286797, 22345324, 22133280, 22133280, 22133280, 22133280, 22093397, 22093397, 22093397, 22093397, 22093397, 22093397, 22094997, 22094997, 21828754, 21793092, 21793092, 21793092, 21760035, 21760035, 21760035, 21760035, 21760035, 21760035, 21760595, 21760595, 21760595, 21760595, 21760595, 21760595, 21760595, 21681717, 21681717, 21696426, 21696426, 21696426, 21696426, 21696426, 21696426, 21696426, 21696426, 21696426, 21696426, 21696426, 21696426, 21696426, 21696426, 21696426, 21696426, 21696426, 21696426, 21696426, 21696426, 21696426, 21696426, 21696426, 21629020, 21629020, 21629020, 21629020, 21629020, 21629020, 21629020, 21629020, 21629020, 21629020, 21629020, 21629020, 21629020, 21629020, 21629020, 21629020, 21629020, 21629020, 21629020, 21629020, 21629020, 21629020, 21629020, 21584462, 21584462, 21584462, 21584462, 21584462, 21584462, 21584462, 21584462, 21584462, 21584462, 21572410, 21572410, 21572410, 21529805, 21529805, 21529805, 21529805, 21529805, 21529805, 21529805, 21529805, 21529805, 21529805, 21529805, 21529805, 21529805, 21529805, 21529805, 21529805, 21529805, 21529805, 21529805, 21529805, 21524386, 21524386, 21524386, 21524386, 21524386, 21439637, 21439637, 21439637, 21439637, 21357161, 21357161, 21357161, 21357161, 21357161, 21357161, 21357161, 21357161, 21357161, 21298686, 21298686, 21298686, 21298686, 21298686, 21188257, 21188257, 21188257, 21188257, 21188257, 21188257, 21188257, 21188257, 21188257, 21188257, 21188257, 21188257, 21188257, 21188257, 21188257, 21188257, 21188257, 21188257, 21188257, 21188257, 21188257, 21188257, 21188257, 21024113, 21024113, 21024113, 21024113, 21024113, 21024113, 21024113, 21024113, 21024113, 21024113, 21024113, 21024113, 21024113, 21024113, 21024113, 20794824, 20794824, 20794824, 20794824, 20794824, 20794824, 20794824, 20794824, 20794824, 20794824, 20794824, 20794824, 20657936, 20657936, 20657936, 20657936, 20657936, 20657936, 20657936, 20657936, 20657936, 20657936, 20676552, 20676552, 20676552, 20677672, 20677672, 20677672, 20677672, 20677672, 20677672, 20677672, 20677672, 20677672, 20677672, 20677672, 20677672, 20677672, 20677672, 20677672, 20677672, 20677672, 20677672, 20640872, 20640872, 20640872, 20640872, 20594198, 20594198, 20594198, 20594198, 20594198, 20524803, 20662756, 20662756, 20662756, 20662756, 20662756, 20662756, 20662756, 20662756, 20662756, 20662756, 20662756, 20662756, 20662756, 20662756, 20662756, 20662756, 20662756, 20662756, 20662756, 20662756, 20662756, 20662756, 20662756, 20662756, 20662756, 20662756, 20662756, 20662756, 20662756, 20662756, 20662756, 20557986, 20557986, 20557986, 20557986, 21083405, 21083405, 21083405, 21083405, 21083405, 21083405, 21083405, 21083405, 21083405, 21083405, 21083405, 21083405, 21083405, 21083405, 21083405, 21083405, 21083405, 21083405, 21083405, 21083405, 21083405, 21083405, 21083405, 21083405, 21083405, 21083405, 21091325, 21091325, 21091325, 21091325, 21091325, 21091325, 21091325, 21091325, 21091325, 21091325, 21091325, 21042898, 21042898, 21042898, 21042898, 21042898, 21042898, 21042898, 21042898, 21042898, 21042898, 21043058, 21043058, 21043058, 21043058, 21043058, 21043058, 21043058, 21043058, 21043058, 21043058, 21043058]",0,0,0
0,136,meta-llama/Llama-3.1-70B,176,576,43508825903,52343478034,8834652131,20357531,49024801,22019116,"[45755153, 21680277, 30581360, 21760035, 21760035, 21760035, 21760035, 54806222, 69337631, 21829874, 21829874, 21795732, 21795732, 21795732, 21795732, 21795732, 21795732, 21795732, 21795732, 21760035, 21760035, 21760035, 26770437, 21795732, 21795732, 21795732, 21795732, 21795732, 21795732, 21795732, 21795732, 21795732, 21793092, 21793092, 21793092, 21793092, 21793092, 22256274, 22684687, 22093397, 22093397, 86554234, 103316085, 25928055, 22408202, 22950380, 22408202, 22408202, 22408202, 22408202, 22408202, 22408202, 22408202, 22408202, 22408202, 22408202, 22408202, 22408202, 22329010, 22284637, 22284637, 22284637, 22284637, 22284637, 22284637, 22284637, 22284637, 22286797, 22286797, 22345324, 22133280, 22133280, 22133280, 22133280, 22093397, 22093397, 22093397, 22093397, 22093397, 22093397, 22094997, 22094997, 21828754, 21793092, 21793092, 21793092, 21760035, 21760035, 21760035, 21760035, 21760035, 21760035, 21760595, 21760595, 21760595, 21760595, 21760595, 21760595, 21760595, 21681717, 21681717, 21696426, 21696426, 21696426, 21696426, 21696426, 21696426, 21696426, 21696426, 21696426, 21696426, 21696426, 21696426, 21696426, 21696426, 21696426, 21696426, 21696426, 21696426, 21696426, 21696426, 21696426, 21696426, 21696426, 21629020, 21629020, 21629020, 21629020, 21629020, 21629020, 21629020, 21629020, 21629020, 21629020, 21629020, 21629020, 21629020, 21629020, 21629020, 21629020, 21629020, 21629020, 21629020, 21629020, 21629020, 21629020, 21629020, 21584462, 21584462, 21584462, 21584462, 21584462, 21584462, 21584462, 21584462, 21584462, 21584462, 21572410, 21572410, 21572410, 21529805, 21529805, 21529805, 21529805, 21529805, 21529805, 21529805, 21529805, 21529805, 21529805, 21529805, 21529805, 21529805, 21529805, 21529805, 21529805, 21529805, 21529805, 21529805, 21529805, 21524386, 21524386, 21524386, 21524386, 21524386, 21439637, 21439637, 21439637, 21439637, 21357161, 21357161, 21357161, 21357161, 21357161, 21357161, 21357161, 21357161, 21357161, 21298686, 21298686, 21298686, 21298686, 21298686, 21188257, 21188257, 21188257, 21188257, 21188257, 21188257, 21188257, 21188257, 21188257, 21188257, 21188257, 21188257, 21188257, 21188257, 21188257, 21188257, 21188257, 21188257, 21188257, 21188257, 21188257, 21188257, 21188257, 21024113, 21024113, 21024113, 21024113, 21024113, 21024113, 21024113, 21024113, 21024113, 21024113, 21024113, 21024113, 21024113, 21024113, 21024113, 20794824, 20794824, 20794824, 20794824, 20794824, 20794824, 20794824, 20794824, 20794824, 20794824, 20794824, 20794824, 20657936, 20657936, 20657936, 20657936, 20657936, 20657936, 20657936, 20657936, 20657936, 20657936, 20676552, 20676552, 20676552, 20677672, 20677672, 20677672, 20677672, 20677672, 20677672, 20677672, 20677672, 20677672, 20677672, 20677672, 20677672, 20677672, 20677672, 20677672, 20677672, 20677672, 20677672, 20640872, 20640872, 20640872, 20640872, 20594198, 20594198, 20594198, 20594198, 20594198, 20524803, 20662756, 20662756, 20662756, 20662756, 20662756, 20662756, 20662756, 20662756, 20662756, 20662756, 20662756, 20662756, 20662756, 20662756, 20662756, 20662756, 20662756, 20662756, 20662756, 20662756, 20662756, 20662756, 20662756, 20662756, 20662756, 20662756, 20662756, 20662756, 20662756, 20662756, 20662756, 20557986, 20557986, 20557986, 20557986, 21083405, 21083405, 21083405, 21083405, 21083405, 21083405, 21083405, 21083405, 21083405, 21083405, 21083405, 21083405, 21083405, 21083405, 21083405, 21083405, 21083405, 21083405, 21083405, 21083405, 21083405, 21083405, 21083405, 21083405, 21083405, 21083405, 21091325, 21091325, 21091325, 21091325, 21091325, 21091325, 21091325, 21091325, 21091325, 21091325, 21091325, 21042898, 21042898, 21042898, 21042898, 21042898, 21042898, 21042898, 21042898, 21042898, 21042898, 21043058, 21043058, 21043058, 21043058, 21043058, 21043058, 21043058, 21043058, 21043058, 21043058, 21043058, 21007942, 21007942, 21007942, 21007942, 21007942, 21007942, 21007942, 21007942, 21007942, 21007942, 21007942, 21007942]",0,0,0
0,129,meta-llama/Llama-3.1-70B,205,645,43017225575,52741814079,9724588504,19811500,50019555,22037742,"[21526045, 21526045, 22262310, 21526045, 22227960, 22754332, 47347387, 23034762, 21695066, 21695066, 21695066, 21627580, 21627580, 21627580, 21627580, 21627580, 21627580, 21627580, 21627580, 21627580, 28667270, 45755153, 21680277, 30581360, 21760035, 21760035, 21760035, 21760035, 54806222, 69337631, 21829874, 21829874, 21795732, 21795732, 21795732, 21795732, 21795732, 21795732, 21795732, 21795732, 21760035, 21760035, 21760035, 26770437, 21795732, 21795732, 21795732, 21795732, 21795732, 21795732, 21795732, 21795732, 21795732, 21793092, 21793092, 21793092, 21793092, 21793092, 22256274, 22684687, 22093397, 22093397, 86554234, 103316085, 25928055, 22408202, 22950380, 22408202, 22408202, 22408202, 22408202, 22408202, 22408202, 22408202, 22408202, 22408202, 22408202, 22408202, 22408202, 22329010, 22284637, 22284637, 22284637, 22284637, 22284637, 22284637, 22284637, 22284637, 22286797, 22286797, 22345324, 22133280, 22133280, 22133280, 22133280, 22093397, 22093397, 22093397, 22093397, 22093397, 22093397, 22094997, 22094997, 21828754, 21793092, 21793092, 21793092, 21760035, 21760035, 21760035, 21760035, 21760035, 21760035, 21760595, 21760595, 21760595, 21760595, 21760595, 21760595, 21760595, 21681717, 21681717, 21696426, 21696426, 21696426, 21696426, 21696426, 21696426, 21696426, 21696426, 21696426, 21696426, 21696426, 21696426, 21696426, 21696426, 21696426, 21696426, 21696426, 21696426, 21696426, 21696426, 21696426, 21696426, 21696426, 21629020, 21629020, 21629020, 21629020, 21629020, 21629020, 21629020, 21629020, 21629020, 21629020, 21629020, 21629020, 21629020, 21629020, 21629020, 21629020, 21629020, 21629020, 21629020, 21629020, 21629020, 21629020, 21629020, 21584462, 21584462, 21584462, 21584462, 21584462, 21584462, 21584462, 21584462, 21584462, 21584462, 21572410, 21572410, 21572410, 21529805, 21529805, 21529805, 21529805, 21529805, 21529805, 21529805, 21529805, 21529805, 21529805, 21529805, 21529805, 21529805, 21529805, 21529805, 21529805, 21529805, 21529805, 21529805, 21529805, 21524386, 21524386, 21524386, 21524386, 21524386, 21439637, 21439637, 21439637, 21439637, 21357161, 21357161, 21357161, 21357161, 21357161, 21357161, 21357161, 21357161, 21357161, 21298686, 21298686, 21298686, 21298686, 21298686, 21188257, 21188257, 21188257, 21188257, 21188257, 21188257, 21188257, 21188257, 21188257, 21188257, 21188257, 21188257, 21188257, 21188257, 21188257, 21188257, 21188257, 21188257, 21188257, 21188257, 21188257, 21188257, 21188257, 21024113, 21024113, 21024113, 21024113, 21024113, 21024113, 21024113, 21024113, 21024113, 21024113, 21024113, 21024113, 21024113, 21024113, 21024113, 20794824, 20794824, 20794824, 20794824, 20794824, 20794824, 20794824, 20794824, 20794824, 20794824, 20794824, 20794824, 20657936, 20657936, 20657936, 20657936, 20657936, 20657936, 20657936, 20657936, 20657936, 20657936, 20676552, 20676552, 20676552, 20677672, 20677672, 20677672, 20677672, 20677672, 20677672, 20677672, 20677672, 20677672, 20677672, 20677672, 20677672, 20677672, 20677672, 20677672, 20677672, 20677672, 20677672, 20640872, 20640872, 20640872, 20640872, 20594198, 20594198, 20594198, 20594198, 20594198, 20524803, 20662756, 20662756, 20662756, 20662756, 20662756, 20662756, 20662756, 20662756, 20662756, 20662756, 20662756, 20662756, 20662756, 20662756, 20662756, 20662756, 20662756, 20662756, 20662756, 20662756, 20662756, 20662756, 20662756, 20662756, 20662756, 20662756, 20662756, 20662756, 20662756, 20662756, 20662756, 20557986, 20557986, 20557986, 20557986, 21083405, 21083405, 21083405, 21083405, 21083405, 21083405, 21083405, 21083405, 21083405, 21083405, 21083405, 21083405, 21083405, 21083405, 21083405, 21083405, 21083405, 21083405, 21083405, 21083405, 21083405, 21083405, 21083405, 21083405, 21083405, 21083405, 21091325, 21091325, 21091325, 21091325, 21091325, 21091325, 21091325, 21091325, 21091325, 21091325, 21091325, 21042898, 21042898, 21042898, 21042898, 21042898, 21042898, 21042898, 21042898, 21042898, 21042898, 21043058, 21043058, 21043058, 21043058, 21043058, 21043058, 21043058, 21043058, 21043058, 21043058, 21043058, 21007942, 21007942, 21007942, 21007942, 21007942, 21007942, 21007942, 21007942, 21007942, 21007942, 21007942, 21007942, 20965055, 20965055, 20965055, 20965055, 20965055, 20965055, 20965055, 20965055, 20965055, 20965055, 20965055, 20965055, 20965055, 20965055, 20965055, 20965055, 20965055, 20965055, 20965055]",0,0,0
0,131,meta-llama/Llama-3.1-70B,10,509,43089410830,54032529271,10943118441,20886390,43148700,21887489,"[21526045, 22227960, 22754332, 47347387, 23034762, 21695066, 21695066, 21695066, 21627580, 21627580, 21627580, 21627580, 21627580, 21627580, 21627580, 21627580, 21627580, 28667270, 45755153, 21680277, 30581360, 21760035, 21760035, 21760035, 21760035, 54806222, 69337631, 21829874, 21829874, 21795732, 21795732, 21795732, 21795732, 21795732, 21795732, 21795732, 21795732, 21760035, 21760035, 21760035, 26770437, 21795732, 21795732, 21795732, 21795732, 21795732, 21795732, 21795732, 21795732, 21795732, 21793092, 21793092, 21793092, 21793092, 21793092, 22256274, 22684687, 22093397, 22093397, 86554234, 103316085, 25928055, 22408202, 22950380, 22408202, 22408202, 22408202, 22408202, 22408202, 22408202, 22408202, 22408202, 22408202, 22408202, 22408202, 22408202, 22329010, 22284637, 22284637, 22284637, 22284637, 22284637, 22284637, 22284637, 22284637, 22286797, 22286797, 22345324, 22133280, 22133280, 22133280, 22133280, 22093397, 22093397, 22093397, 22093397, 22093397, 22093397, 22094997, 22094997, 21828754, 21793092, 21793092, 21793092, 21760035, 21760035, 21760035, 21760035, 21760035, 21760035, 21760595, 21760595, 21760595, 21760595, 21760595, 21760595, 21760595, 21681717, 21681717, 21696426, 21696426, 21696426, 21696426, 21696426, 21696426, 21696426, 21696426, 21696426, 21696426, 21696426, 21696426, 21696426, 21696426, 21696426, 21696426, 21696426, 21696426, 21696426, 21696426, 21696426, 21696426, 21696426, 21629020, 21629020, 21629020, 21629020, 21629020, 21629020, 21629020, 21629020, 21629020, 21629020, 21629020, 21629020, 21629020, 21629020, 21629020, 21629020, 21629020, 21629020, 21629020, 21629020, 21629020, 21629020, 21629020, 21584462, 21584462, 21584462, 21584462, 21584462, 21584462, 21584462, 21584462, 21584462, 21584462, 21572410, 21572410, 21572410, 21529805, 21529805, 21529805, 21529805, 21529805, 21529805, 21529805, 21529805, 21529805, 21529805, 21529805, 21529805, 21529805, 21529805, 21529805, 21529805, 21529805, 21529805, 21529805, 21529805, 21524386, 21524386, 21524386, 21524386, 21524386, 21439637, 21439637, 21439637, 21439637, 21357161, 21357161, 21357161, 21357161, 21357161, 21357161, 21357161, 21357161, 21357161, 21298686, 21298686, 21298686, 21298686, 21298686, 21188257, 21188257, 21188257, 21188257, 21188257, 21188257, 21188257, 21188257, 21188257, 21188257, 21188257, 21188257, 21188257, 21188257, 21188257, 21188257, 21188257, 21188257, 21188257, 21188257, 21188257, 21188257, 21188257, 21024113, 21024113, 21024113, 21024113, 21024113, 21024113, 21024113, 21024113, 21024113, 21024113, 21024113, 21024113, 21024113, 21024113, 21024113, 20794824, 20794824, 20794824, 20794824, 20794824, 20794824, 20794824, 20794824, 20794824, 20794824, 20794824, 20794824, 20657936, 20657936, 20657936, 20657936, 20657936, 20657936, 20657936, 20657936, 20657936, 20657936, 20676552, 20676552, 20676552, 20677672, 20677672, 20677672, 20677672, 20677672, 20677672, 20677672, 20677672, 20677672, 20677672, 20677672, 20677672, 20677672, 20677672, 20677672, 20677672, 20677672, 20677672, 20640872, 20640872, 20640872, 20640872, 20594198, 20594198, 20594198, 20594198, 20594198, 20524803, 20662756, 20662756, 20662756, 20662756, 20662756, 20662756, 20662756, 20662756, 20662756, 20662756, 20662756, 20662756, 20662756, 20662756, 20662756, 20662756, 20662756, 20662756, 20662756, 20662756, 20662756, 20662756, 20662756, 20662756, 20662756, 20662756, 20662756, 20662756, 20662756, 20662756, 20662756, 20557986, 20557986, 20557986, 20557986, 21083405, 21083405, 21083405, 21083405, 21083405, 21083405, 21083405, 21083405, 21083405, 21083405, 21083405, 21083405, 21083405, 21083405, 21083405, 21083405, 21083405, 21083405, 21083405, 21083405, 21083405, 21083405, 21083405, 21083405, 21083405, 21083405, 21091325, 21091325, 21091325, 21091325, 21091325, 21091325, 21091325, 21091325, 21091325, 21091325, 21091325, 21042898, 21042898, 21042898, 21042898, 21042898, 21042898, 21042898, 21042898, 21042898, 21042898, 21043058, 21043058, 21043058, 21043058, 21043058, 21043058, 21043058, 21043058, 21043058, 21043058, 21043058, 21007942, 21007942, 21007942, 21007942, 21007942, 21007942, 21007942, 21007942, 21007942, 21007942, 21007942, 21007942, 20965055, 20965055, 20965055, 20965055, 20965055, 20965055, 20965055, 20965055, 20965055, 20965055, 20965055, 20965055, 20965055, 20965055, 20965055, 20965055, 20965055, 20965055, 20965055, 20774996, 20774996, 20774996, 20774996, 20774996, 20774996, 20774996, 20774996, 20774996, 20774996, 20774996, 20774996, 20774996, 20774996, 20774996, 20774996, 20774996, 20774996, 20774996, 20774996, 20774996, 20774996, 20774996, 20774996, 20774996, 20774996, 20774996, 20774996, 20774996, 20774996, 20774996, 20774996, 20774996, 20774996, 20774996, 20873716, 20873716, 20873716, 20873716, 20873716, 20873716, 20873716, 20873716, 20873716, 20873716, 20873716, 20873716, 20873716, 20873716, 20873716, 20873716, 20873716, 20873716, 20873716, 20873716, 20873716, 20873716, 20873716, 20873716, 20873716, 20873716, 20873716]",0,0,0
0,138,meta-llama/Llama-3.1-70B,200,757,43621009563,55685272628,12064263065,4276571,34857931,21635620,"[21760035, 21760035, 21760035, 21760035, 54806222, 69337631, 21829874, 21829874, 21795732, 21795732, 21795732, 21795732, 21795732, 21795732, 21795732, 21795732, 21760035, 21760035, 21760035, 26770437, 21795732, 21795732, 21795732, 21795732, 21795732, 21795732, 21795732, 21795732, 21795732, 21793092, 21793092, 21793092, 21793092, 21793092, 22256274, 22684687, 22093397, 22093397, 86554234, 103316085, 25928055, 22408202, 22950380, 22408202, 22408202, 22408202, 22408202, 22408202, 22408202, 22408202, 22408202, 22408202, 22408202, 22408202, 22408202, 22329010, 22284637, 22284637, 22284637, 22284637, 22284637, 22284637, 22284637, 22284637, 22286797, 22286797, 22345324, 22133280, 22133280, 22133280, 22133280, 22093397, 22093397, 22093397, 22093397, 22093397, 22093397, 22094997, 22094997, 21828754, 21793092, 21793092, 21793092, 21760035, 21760035, 21760035, 21760035, 21760035, 21760035, 21760595, 21760595, 21760595, 21760595, 21760595, 21760595, 21760595, 21681717, 21681717, 21696426, 21696426, 21696426, 21696426, 21696426, 21696426, 21696426, 21696426, 21696426, 21696426, 21696426, 21696426, 21696426, 21696426, 21696426, 21696426, 21696426, 21696426, 21696426, 21696426, 21696426, 21696426, 21696426, 21629020, 21629020, 21629020, 21629020, 21629020, 21629020, 21629020, 21629020, 21629020, 21629020, 21629020, 21629020, 21629020, 21629020, 21629020, 21629020, 21629020, 21629020, 21629020, 21629020, 21629020, 21629020, 21629020, 21584462, 21584462, 21584462, 21584462, 21584462, 21584462, 21584462, 21584462, 21584462, 21584462, 21572410, 21572410, 21572410, 21529805, 21529805, 21529805, 21529805, 21529805, 21529805, 21529805, 21529805, 21529805, 21529805, 21529805, 21529805, 21529805, 21529805, 21529805, 21529805, 21529805, 21529805, 21529805, 21529805, 21524386, 21524386, 21524386, 21524386, 21524386, 21439637, 21439637, 21439637, 21439637, 21357161, 21357161, 21357161, 21357161, 21357161, 21357161, 21357161, 21357161, 21357161, 21298686, 21298686, 21298686, 21298686, 21298686, 21188257, 21188257, 21188257, 21188257, 21188257, 21188257, 21188257, 21188257, 21188257, 21188257, 21188257, 21188257, 21188257, 21188257, 21188257, 21188257, 21188257, 21188257, 21188257, 21188257, 21188257, 21188257, 21188257, 21024113, 21024113, 21024113, 21024113, 21024113, 21024113, 21024113, 21024113, 21024113, 21024113, 21024113, 21024113, 21024113, 21024113, 21024113, 20794824, 20794824, 20794824, 20794824, 20794824, 20794824, 20794824, 20794824, 20794824, 20794824, 20794824, 20794824, 20657936, 20657936, 20657936, 20657936, 20657936, 20657936, 20657936, 20657936, 20657936, 20657936, 20676552, 20676552, 20676552, 20677672, 20677672, 20677672, 20677672, 20677672, 20677672, 20677672, 20677672, 20677672, 20677672, 20677672, 20677672, 20677672, 20677672, 20677672, 20677672, 20677672, 20677672, 20640872, 20640872, 20640872, 20640872, 20594198, 20594198, 20594198, 20594198, 20594198, 20524803, 20662756, 20662756, 20662756, 20662756, 20662756, 20662756, 20662756, 20662756, 20662756, 20662756, 20662756, 20662756, 20662756, 20662756, 20662756, 20662756, 20662756, 20662756, 20662756, 20662756, 20662756, 20662756, 20662756, 20662756, 20662756, 20662756, 20662756, 20662756, 20662756, 20662756, 20662756, 20557986, 20557986, 20557986, 20557986, 21083405, 21083405, 21083405, 21083405, 21083405, 21083405, 21083405, 21083405, 21083405, 21083405, 21083405, 21083405, 21083405, 21083405, 21083405, 21083405, 21083405, 21083405, 21083405, 21083405, 21083405, 21083405, 21083405, 21083405, 21083405, 21083405, 21091325, 21091325, 21091325, 21091325, 21091325, 21091325, 21091325, 21091325, 21091325, 21091325, 21091325, 21042898, 21042898, 21042898, 21042898, 21042898, 21042898, 21042898, 21042898, 21042898, 21042898, 21043058, 21043058, 21043058, 21043058, 21043058, 21043058, 21043058, 21043058, 21043058, 21043058, 21043058, 21007942, 21007942, 21007942, 21007942, 21007942, 21007942, 21007942, 21007942, 21007942, 21007942, 21007942, 21007942, 20965055, 20965055, 20965055, 20965055, 20965055, 20965055, 20965055, 20965055, 20965055, 20965055, 20965055, 20965055, 20965055, 20965055, 20965055, 20965055, 20965055, 20965055, 20965055, 20774996, 20774996, 20774996, 20774996, 20774996, 20774996, 20774996, 20774996, 20774996, 20774996, 20774996, 20774996, 20774996, 20774996, 20774996, 20774996, 20774996, 20774996, 20774996, 20774996, 20774996, 20774996, 20774996, 20774996, 20774996, 20774996, 20774996, 20774996, 20774996, 20774996, 20774996, 20774996, 20774996, 20774996, 20774996, 20873716, 20873716, 20873716, 20873716, 20873716, 20873716, 20873716, 20873716, 20873716, 20873716, 20873716, 20873716, 20873716, 20873716, 20873716, 20873716, 20873716, 20873716, 20873716, 20873716, 20873716, 20873716, 20873716, 20873716, 20873716, 20873716, 20873716, 20847923, 20847923, 20847923, 20847923, 20847923, 20847923, 20847923, 20847923, 20847923, 20847923, 20847923, 20847923, 20847923, 20847923, 20847923, 20847923, 20847923, 20847923, 20847923, 20847923, 20847923, 20847923, 20847923, 20847923, 20847923, 20847923, 20847923, 20958643, 20958643, 20958643, 20958643, 20958643, 20958643, 20958643, 20958643, 20958643, 20958643, 20958643, 20958643, 20958643, 20958643, 20958643, 20958643, 20958643, 20958643, 20958643, 20958643, 20958643, 20958643, 20958643, 20958643, 20958643, 20958643, 20958643, 20958643, 20958643, 20958643, 20958643, 20958643, 20958643, 20958643, 20958643, 20958643, 20958643, 20958643, 20958643, 20958643, 20958643, 20958643, 20958643, 20958643, 20958643, 20958643, 20958643, 20958643, 20958643, 20958643, 20958643, 20958643]",0,0,0
0,148,meta-llama/Llama-3.1-70B,95,690,44737494231,57334668002,12597173771,23758524,49686579,21123715,"[22408202, 22950380, 22408202, 22408202, 22408202, 22408202, 22408202, 22408202, 22408202, 22408202, 22408202, 22408202, 22408202, 22408202, 22329010, 22284637, 22284637, 22284637, 22284637, 22284637, 22284637, 22284637, 22284637, 22286797, 22286797, 22345324, 22133280, 22133280, 22133280, 22133280, 22093397, 22093397, 22093397, 22093397, 22093397, 22093397, 22094997, 22094997, 21828754, 21793092, 21793092, 21793092, 21760035, 21760035, 21760035, 21760035, 21760035, 21760035, 21760595, 21760595, 21760595, 21760595, 21760595, 21760595, 21760595, 21681717, 21681717, 21696426, 21696426, 21696426, 21696426, 21696426, 21696426, 21696426, 21696426, 21696426, 21696426, 21696426, 21696426, 21696426, 21696426, 21696426, 21696426, 21696426, 21696426, 21696426, 21696426, 21696426, 21696426, 21696426, 21629020, 21629020, 21629020, 21629020, 21629020, 21629020, 21629020, 21629020, 21629020, 21629020, 21629020, 21629020, 21629020, 21629020, 21629020, 21629020, 21629020, 21629020, 21629020, 21629020, 21629020, 21629020, 21629020, 21584462, 21584462, 21584462, 21584462, 21584462, 21584462, 21584462, 21584462, 21584462, 21584462, 21572410, 21572410, 21572410, 21529805, 21529805, 21529805, 21529805, 21529805, 21529805, 21529805, 21529805, 21529805, 21529805, 21529805, 21529805, 21529805, 21529805, 21529805, 21529805, 21529805, 21529805, 21529805, 21529805, 21524386, 21524386, 21524386, 21524386, 21524386, 21439637, 21439637, 21439637, 21439637, 21357161, 21357161, 21357161, 21357161, 21357161, 21357161, 21357161, 21357161, 21357161, 21298686, 21298686, 21298686, 21298686, 21298686, 21188257, 21188257, 21188257, 21188257, 21188257, 21188257, 21188257, 21188257, 21188257, 21188257, 21188257, 21188257, 21188257, 21188257, 21188257, 21188257, 21188257, 21188257, 21188257, 21188257, 21188257, 21188257, 21188257, 21024113, 21024113, 21024113, 21024113, 21024113, 21024113, 21024113, 21024113, 21024113, 21024113, 21024113, 21024113, 21024113, 21024113, 21024113, 20794824, 20794824, 20794824, 20794824, 20794824, 20794824, 20794824, 20794824, 20794824, 20794824, 20794824, 20794824, 20657936, 20657936, 20657936, 20657936, 20657936, 20657936, 20657936, 20657936, 20657936, 20657936, 20676552, 20676552, 20676552, 20677672, 20677672, 20677672, 20677672, 20677672, 20677672, 20677672, 20677672, 20677672, 20677672, 20677672, 20677672, 20677672, 20677672, 20677672, 20677672, 20677672, 20677672, 20640872, 20640872, 20640872, 20640872, 20594198, 20594198, 20594198, 20594198, 20594198, 20524803, 20662756, 20662756, 20662756, 20662756, 20662756, 20662756, 20662756, 20662756, 20662756, 20662756, 20662756, 20662756, 20662756, 20662756, 20662756, 20662756, 20662756, 20662756, 20662756, 20662756, 20662756, 20662756, 20662756, 20662756, 20662756, 20662756, 20662756, 20662756, 20662756, 20662756, 20662756, 20557986, 20557986, 20557986, 20557986, 21083405, 21083405, 21083405, 21083405, 21083405, 21083405, 21083405, 21083405, 21083405, 21083405, 21083405, 21083405, 21083405, 21083405, 21083405, 21083405, 21083405, 21083405, 21083405, 21083405, 21083405, 21083405, 21083405, 21083405, 21083405, 21083405, 21091325, 21091325, 21091325, 21091325, 21091325, 21091325, 21091325, 21091325, 21091325, 21091325, 21091325, 21042898, 21042898, 21042898, 21042898, 21042898, 21042898, 21042898, 21042898, 21042898, 21042898, 21043058, 21043058, 21043058, 21043058, 21043058, 21043058, 21043058, 21043058, 21043058, 21043058, 21043058, 21007942, 21007942, 21007942, 21007942, 21007942, 21007942, 21007942, 21007942, 21007942, 21007942, 21007942, 21007942, 20965055, 20965055, 20965055, 20965055, 20965055, 20965055, 20965055, 20965055, 20965055, 20965055, 20965055, 20965055, 20965055, 20965055, 20965055, 20965055, 20965055, 20965055, 20965055, 20774996, 20774996, 20774996, 20774996, 20774996, 20774996, 20774996, 20774996, 20774996, 20774996, 20774996, 20774996, 20774996, 20774996, 20774996, 20774996, 20774996, 20774996, 20774996, 20774996, 20774996, 20774996, 20774996, 20774996, 20774996, 20774996, 20774996, 20774996, 20774996, 20774996, 20774996, 20774996, 20774996, 20774996, 20774996, 20873716, 20873716, 20873716, 20873716, 20873716, 20873716, 20873716, 20873716, 20873716, 20873716, 20873716, 20873716, 20873716, 20873716, 20873716, 20873716, 20873716, 20873716, 20873716, 20873716, 20873716, 20873716, 20873716, 20873716, 20873716, 20873716, 20873716, 20847923, 20847923, 20847923, 20847923, 20847923, 20847923, 20847923, 20847923, 20847923, 20847923, 20847923, 20847923, 20847923, 20847923, 20847923, 20847923, 20847923, 20847923, 20847923, 20847923, 20847923, 20847923, 20847923, 20847923, 20847923, 20847923, 20847923, 20958643, 20958643, 20958643, 20958643, 20958643, 20958643, 20958643, 20958643, 20958643, 20958643, 20958643, 20958643, 20958643, 20958643, 20958643, 20958643, 20958643, 20958643, 20958643, 20958643, 20958643, 20958643, 20958643, 20958643, 20958643, 20958643, 20958643, 20958643, 20958643, 20958643, 20958643, 20958643, 20958643, 20958643, 20958643, 20958643, 20958643, 20958643, 20958643, 20958643, 20958643, 20958643, 20958643, 20958643, 20958643, 20958643, 20958643, 20958643, 20958643, 20958643, 20958643, 20958643, 20856866, 20856866, 20856866, 20856866, 20856866, 20856866, 20856866, 20856866, 20856866, 20856866, 20856866, 20856866, 20877186, 20877186, 20877186, 20877186, 20877186, 20877186, 20877186, 20877186, 20877186, 20877186, 20877186, 20877186, 20877186, 20877186, 20877186, 20877186, 20877186, 20877186, 20877186, 20877186, 20877186, 20877186, 20877186, 20877186, 20877186, 20877186, 20877186, 20877186, 20877186, 20877186, 20877186, 20877186, 20877186, 20877186, 20877186, 20877186, 20877186, 20877186, 20877186, 20877186, 20877186, 20877186, 20877186, 20877186, 20877186, 20877186, 20877186, 20877186, 20877186, 20877186, 20877186, 20877186, 20877186, 20877186, 20877186, 20877186, 20877186, 20877186, 20877186, 20877186, 20877186, 20877186, 20877186, 20877186, 20991026, 20991026, 20991026]",0,0,0
0,149,meta-llama/Llama-3.1-70B,6,739,44807346194,60415278465,15607932271,2242818,25193198,21287894,"[22408202, 22408202, 22408202, 22408202, 22408202, 22408202, 22408202, 22408202, 22408202, 22408202, 22408202, 22408202, 22329010, 22284637, 22284637, 22284637, 22284637, 22284637, 22284637, 22284637, 22284637, 22286797, 22286797, 22345324, 22133280, 22133280, 22133280, 22133280, 22093397, 22093397, 22093397, 22093397, 22093397, 22093397, 22094997, 22094997, 21828754, 21793092, 21793092, 21793092, 21760035, 21760035, 21760035, 21760035, 21760035, 21760035, 21760595, 21760595, 21760595, 21760595, 21760595, 21760595, 21760595, 21681717, 21681717, 21696426, 21696426, 21696426, 21696426, 21696426, 21696426, 21696426, 21696426, 21696426, 21696426, 21696426, 21696426, 21696426, 21696426, 21696426, 21696426, 21696426, 21696426, 21696426, 21696426, 21696426, 21696426, 21696426, 21629020, 21629020, 21629020, 21629020, 21629020, 21629020, 21629020, 21629020, 21629020, 21629020, 21629020, 21629020, 21629020, 21629020, 21629020, 21629020, 21629020, 21629020, 21629020, 21629020, 21629020, 21629020, 21629020, 21584462, 21584462, 21584462, 21584462, 21584462, 21584462, 21584462, 21584462, 21584462, 21584462, 21572410, 21572410, 21572410, 21529805, 21529805, 21529805, 21529805, 21529805, 21529805, 21529805, 21529805, 21529805, 21529805, 21529805, 21529805, 21529805, 21529805, 21529805, 21529805, 21529805, 21529805, 21529805, 21529805, 21524386, 21524386, 21524386, 21524386, 21524386, 21439637, 21439637, 21439637, 21439637, 21357161, 21357161, 21357161, 21357161, 21357161, 21357161, 21357161, 21357161, 21357161, 21298686, 21298686, 21298686, 21298686, 21298686, 21188257, 21188257, 21188257, 21188257, 21188257, 21188257, 21188257, 21188257, 21188257, 21188257, 21188257, 21188257, 21188257, 21188257, 21188257, 21188257, 21188257, 21188257, 21188257, 21188257, 21188257, 21188257, 21188257, 21024113, 21024113, 21024113, 21024113, 21024113, 21024113, 21024113, 21024113, 21024113, 21024113, 21024113, 21024113, 21024113, 21024113, 21024113, 20794824, 20794824, 20794824, 20794824, 20794824, 20794824, 20794824, 20794824, 20794824, 20794824, 20794824, 20794824, 20657936, 20657936, 20657936, 20657936, 20657936, 20657936, 20657936, 20657936, 20657936, 20657936, 20676552, 20676552, 20676552, 20677672, 20677672, 20677672, 20677672, 20677672, 20677672, 20677672, 20677672, 20677672, 20677672, 20677672, 20677672, 20677672, 20677672, 20677672, 20677672, 20677672, 20677672, 20640872, 20640872, 20640872, 20640872, 20594198, 20594198, 20594198, 20594198, 20594198, 20524803, 20662756, 20662756, 20662756, 20662756, 20662756, 20662756, 20662756, 20662756, 20662756, 20662756, 20662756, 20662756, 20662756, 20662756, 20662756, 20662756, 20662756, 20662756, 20662756, 20662756, 20662756, 20662756, 20662756, 20662756, 20662756, 20662756, 20662756, 20662756, 20662756, 20662756, 20662756, 20557986, 20557986, 20557986, 20557986, 21083405, 21083405, 21083405, 21083405, 21083405, 21083405, 21083405, 21083405, 21083405, 21083405, 21083405, 21083405, 21083405, 21083405, 21083405, 21083405, 21083405, 21083405, 21083405, 21083405, 21083405, 21083405, 21083405, 21083405, 21083405, 21083405, 21091325, 21091325, 21091325, 21091325, 21091325, 21091325, 21091325, 21091325, 21091325, 21091325, 21091325, 21042898, 21042898, 21042898, 21042898, 21042898, 21042898, 21042898, 21042898, 21042898, 21042898, 21043058, 21043058, 21043058, 21043058, 21043058, 21043058, 21043058, 21043058, 21043058, 21043058, 21043058, 21007942, 21007942, 21007942, 21007942, 21007942, 21007942, 21007942, 21007942, 21007942, 21007942, 21007942, 21007942, 20965055, 20965055, 20965055, 20965055, 20965055, 20965055, 20965055, 20965055, 20965055, 20965055, 20965055, 20965055, 20965055, 20965055, 20965055, 20965055, 20965055, 20965055, 20965055, 20774996, 20774996, 20774996, 20774996, 20774996, 20774996, 20774996, 20774996, 20774996, 20774996, 20774996, 20774996, 20774996, 20774996, 20774996, 20774996, 20774996, 20774996, 20774996, 20774996, 20774996, 20774996, 20774996, 20774996, 20774996, 20774996, 20774996, 20774996, 20774996, 20774996, 20774996, 20774996, 20774996, 20774996, 20774996, 20873716, 20873716, 20873716, 20873716, 20873716, 20873716, 20873716, 20873716, 20873716, 20873716, 20873716, 20873716, 20873716, 20873716, 20873716, 20873716, 20873716, 20873716, 20873716, 20873716, 20873716, 20873716, 20873716, 20873716, 20873716, 20873716, 20873716, 20847923, 20847923, 20847923, 20847923, 20847923, 20847923, 20847923, 20847923, 20847923, 20847923, 20847923, 20847923, 20847923, 20847923, 20847923, 20847923, 20847923, 20847923, 20847923, 20847923, 20847923, 20847923, 20847923, 20847923, 20847923, 20847923, 20847923, 20958643, 20958643, 20958643, 20958643, 20958643, 20958643, 20958643, 20958643, 20958643, 20958643, 20958643, 20958643, 20958643, 20958643, 20958643, 20958643, 20958643, 20958643, 20958643, 20958643, 20958643, 20958643, 20958643, 20958643, 20958643, 20958643, 20958643, 20958643, 20958643, 20958643, 20958643, 20958643, 20958643, 20958643, 20958643, 20958643, 20958643, 20958643, 20958643, 20958643, 20958643, 20958643, 20958643, 20958643, 20958643, 20958643, 20958643, 20958643, 20958643, 20958643, 20958643, 20958643, 20856866, 20856866, 20856866, 20856866, 20856866, 20856866, 20856866, 20856866, 20856866, 20856866, 20856866, 20856866, 20877186, 20877186, 20877186, 20877186, 20877186, 20877186, 20877186, 20877186, 20877186, 20877186, 20877186, 20877186, 20877186, 20877186, 20877186, 20877186, 20877186, 20877186, 20877186, 20877186, 20877186, 20877186, 20877186, 20877186, 20877186, 20877186, 20877186, 20877186, 20877186, 20877186, 20877186, 20877186, 20877186, 20877186, 20877186, 20877186, 20877186, 20877186, 20877186, 20877186, 20877186, 20877186, 20877186, 20877186, 20877186, 20877186, 20877186, 20877186, 20877186, 20877186, 20877186, 20877186, 20877186, 20877186, 20877186, 20877186, 20877186, 20877186, 20877186, 20877186, 20877186, 20877186, 20877186, 20877186, 20991026, 20991026, 20991026, 20670119, 20670119, 20670119, 20670119, 20670119, 20670119, 20670119, 20670119, 20670119, 20670119, 20670119, 20670119, 20670119, 20670119, 20670119, 20670119, 20670119, 20670119, 20670119, 20670119, 20670119, 20670119, 20670119, 20670119, 20670119, 20670119, 20670119, 20670119, 20670119, 20670119, 20670119, 20670119, 20670119, 20670119, 20670119, 20670119, 20670119, 20670119, 20670119, 20670119, 20670119, 20670119, 20804359, 20804359, 20804359, 20804359, 20804359, 20804359, 20804359, 20804359, 20804359, 20804359, 20804359, 20804359, 20804359, 20804359, 20804359, 20804359, 20804359, 20804359, 20804359, 20804359, 20804359, 20804359, 20804359, 20804359, 20804359, 20804359, 20804359, 20804359, 20804359, 20804359, 20804359, 20804359, 20804359, 20804359, 20804359, 20804359, 20804359, 20804359, 20804359, 20804359, 20804359, 20804359, 20804359, 20804359, 20804359, 20804359, 20804359, 20804359, 20804359, 20804359, 20804359, 20804359, 20804359, 20804359, 20804359, 20804359, 20804359, 20804359, 20804359, 20804359, 20804359, 20804359, 20804359, 20804359, 20940039, 20940039, 20940039, 20940039, 20940039, 20940039, 20940039, 20940039, 20940039, 20940039, 20940039, 20940039, 20940039, 20940039, 25201529, 27218780, 20611716, 20611716, 20611716, 20611716, 20611716, 20733556, 20733556, 20733556, 20733556, 20733556, 21028218, 20793295, 145680516, 57480745, 20924125, 20924125, 20924125, 20924125]",0,0,0
0,151,meta-llama/Llama-3.1-70B,84,175,59812631302,62356032920,2543401618,14821220,40022749,27815320,"[27218780, 20611716, 20611716, 20611716, 20611716, 20611716, 20733556, 20733556, 20733556, 20733556, 20733556, 21028218, 20793295, 145680516, 57480745, 20924125, 20924125, 20924125, 20924125, 20915138, 20915138, 20915138, 20915138, 20915138, 20915138, 20915138, 20915138, 20915138, 20915138, 20862422, 20919885, 21701741, 20377666, 20377666, 20377666, 20377666, 34893911, 20458756, 20458756, 20458756, 20458756, 20458756, 97724453, 82805488, 63604889, 29615869, 20674472, 20674472, 21564941, 20654256, 20654256, 20654256, 82873383, 42938506, 22295961, 21188257, 21188257, 21188257, 21188257, 21188257, 21188257, 23520378, 21297566, 41299459, 26572210, 21436357, 21436357, 29520458, 21447759, 21447759, 21447759, 21447759, 41328815, 21529805, 67149800, 22353767, 21584462, 21584462, 35294506, 31612637, 21700906, 21700906, 21700906, 33942693, 21684597, 34460905, 21763235, 21763235, 21763235, 21763235]",0,0,0
0,177,meta-llama/Llama-3.1-70B,312,333,62040510171,62618601443,578091272,6371753,41666259,26821250,"[31612637, 21700906, 21700906, 21700906, 33942693, 21684597, 34460905, 21763235, 21763235, 21763235, 21763235, 21684597, 21684597, 21684597, 21684597, 21684597, 21684597, 21684597, 23197177, 87579167]",0,0,0
0,184,meta-llama/Llama-3.1-70B,17,22,62570574208,62731953572,161379364,48027235,74048988,21832594,"[21832594, 21832594, 21832594, 21832594]",0,0,0
0,179,meta-llama/Llama-3.1-70B,289,318,62177091845,62907839414,730747569,1799940,35742633,24821604,"[21684597, 34460905, 21763235, 21763235, 21763235, 21763235, 21684597, 21684597, 21684597, 21684597, 21684597, 21684597, 21684597, 23197177, 87579167, 26021753, 21832594, 21832594, 21832594, 21832594, 21795732, 21795732, 21795732, 21795732, 21795732, 23241994, 21832594, 21832594]",0,0,0
0,182,meta-llama/Llama-3.1-70B,1035,1070,62516816537,63396215090,879398553,14205739,101784906,22870989,"[26021753, 21832594, 21832594, 21832594, 21832594, 21795732, 21795732, 21795732, 21795732, 21795732, 23241994, 21832594, 21832594, 21795732, 21795732, 21795732, 21795732, 21795732, 21795732, 21795732, 25520316, 22486365, 22096917, 22096917, 22096917, 22096917, 41656216, 22136400, 22136400, 22136400, 22136400, 22136400, 24723023, 22349964]",0,0,0
0,181,meta-llama/Llama-3.1-70B,31,68,62502022096,63418349650,916327554,5803003,29000180,24647982,"[87579167, 26021753, 21832594, 21832594, 21832594, 21832594, 21795732, 21795732, 21795732, 21795732, 21795732, 23241994, 21832594, 21832594, 21795732, 21795732, 21795732, 21795732, 21795732, 21795732, 21795732, 25520316, 22486365, 22096917, 22096917, 22096917, 22096917, 41656216, 22136400, 22136400, 22136400, 22136400, 22136400, 24723023, 22349964, 22134560]",0,0,0
0,186,meta-llama/Llama-3.1-70B,98,127,63039026617,63764778336,725751719,21382921,46903237,24244588,"[22486365, 22096917, 22096917, 22096917, 22096917, 41656216, 22136400, 22136400, 22136400, 22136400, 22136400, 24723023, 22349964, 22134560, 22096917, 24408270, 22136400, 22136400, 45867244, 31151375, 22329010, 22329010, 22329010, 22329010, 22329010, 22329010, 22329010, 22329010]",0,0,0
0,189,meta-llama/Llama-3.1-70B,73,123,63346684034,64582913194,1236229160,2458069,27181092,24674450,"[22349964, 22134560, 22096917, 24408270, 22136400, 22136400, 45867244, 31151375, 22329010, 22329010, 22329010, 22329010, 22329010, 22329010, 22329010, 22329010, 22290157, 53885814, 22332210, 22332210, 22332210, 22332210, 22332210, 22332210, 22332210, 22332210, 23136725, 22407802, 22407802, 22407802, 23043043, 22417121, 65408869, 23058304, 22481119, 22481119, 22481119, 22481119, 23383993, 22570527, 22570527, 22570527, 22570527, 22570527, 22570527, 22570527, 22570527, 22570527, 22570527]",0,0,0
0,169,meta-llama/Llama-3.1-70B,408,538,61610410373,64852686622,3242276249,14884563,56184022,24698389,"[26572210, 21436357, 21436357, 29520458, 21447759, 21447759, 21447759, 21447759, 41328815, 21529805, 67149800, 22353767, 21584462, 21584462, 35294506, 31612637, 21700906, 21700906, 21700906, 33942693, 21684597, 34460905, 21763235, 21763235, 21763235, 21763235, 21684597, 21684597, 21684597, 21684597, 21684597, 21684597, 21684597, 23197177, 87579167, 26021753, 21832594, 21832594, 21832594, 21832594, 21795732, 21795732, 21795732, 21795732, 21795732, 23241994, 21832594, 21832594, 21795732, 21795732, 21795732, 21795732, 21795732, 21795732, 21795732, 25520316, 22486365, 22096917, 22096917, 22096917, 22096917, 41656216, 22136400, 22136400, 22136400, 22136400, 22136400, 24723023, 22349964, 22134560, 22096917, 24408270, 22136400, 22136400, 45867244, 31151375, 22329010, 22329010, 22329010, 22329010, 22329010, 22329010, 22329010, 22329010, 22290157, 53885814, 22332210, 22332210, 22332210, 22332210, 22332210, 22332210, 22332210, 22332210, 23136725, 22407802, 22407802, 22407802, 23043043, 22417121, 65408869, 23058304, 22481119, 22481119, 22481119, 22481119, 23383993, 22570527, 22570527, 22570527, 22570527, 22570527, 22570527, 22570527, 22570527, 22570527, 22570527, 22481119, 22481119, 22481119, 22481119, 22481119, 22481119, 22481119, 22481119, 22481119, 22481119, 22481119, 22481119]",0,0,0
0,173,meta-llama/Llama-3.1-70B,113,234,61837779571,64852686622,3014907051,13571242,54900057,24666724,"[21529805, 67149800, 22353767, 21584462, 21584462, 35294506, 31612637, 21700906, 21700906, 21700906, 33942693, 21684597, 34460905, 21763235, 21763235, 21763235, 21763235, 21684597, 21684597, 21684597, 21684597, 21684597, 21684597, 21684597, 23197177, 87579167, 26021753, 21832594, 21832594, 21832594, 21832594, 21795732, 21795732, 21795732, 21795732, 21795732, 23241994, 21832594, 21832594, 21795732, 21795732, 21795732, 21795732, 21795732, 21795732, 21795732, 25520316, 22486365, 22096917, 22096917, 22096917, 22096917, 41656216, 22136400, 22136400, 22136400, 22136400, 22136400, 24723023, 22349964, 22134560, 22096917, 24408270, 22136400, 22136400, 45867244, 31151375, 22329010, 22329010, 22329010, 22329010, 22329010, 22329010, 22329010, 22329010, 22290157, 53885814, 22332210, 22332210, 22332210, 22332210, 22332210, 22332210, 22332210, 22332210, 23136725, 22407802, 22407802, 22407802, 23043043, 22417121, 65408869, 23058304, 22481119, 22481119, 22481119, 22481119, 23383993, 22570527, 22570527, 22570527, 22570527, 22570527, 22570527, 22570527, 22570527, 22570527, 22570527, 22481119, 22481119, 22481119, 22481119, 22481119, 22481119, 22481119, 22481119, 22481119, 22481119, 22481119, 22481119]",0,0,0
0,161,meta-llama/Llama-3.1-70B,990,1162,60928602099,65345863284,4417261185,75734602,158540090,24904801,"[63604889, 29615869, 20674472, 20674472, 21564941, 20654256, 20654256, 20654256, 82873383, 42938506, 22295961, 21188257, 21188257, 21188257, 21188257, 21188257, 21188257, 23520378, 21297566, 41299459, 26572210, 21436357, 21436357, 29520458, 21447759, 21447759, 21447759, 21447759, 41328815, 21529805, 67149800, 22353767, 21584462, 21584462, 35294506, 31612637, 21700906, 21700906, 21700906, 33942693, 21684597, 34460905, 21763235, 21763235, 21763235, 21763235, 21684597, 21684597, 21684597, 21684597, 21684597, 21684597, 21684597, 23197177, 87579167, 26021753, 21832594, 21832594, 21832594, 21832594, 21795732, 21795732, 21795732, 21795732, 21795732, 23241994, 21832594, 21832594, 21795732, 21795732, 21795732, 21795732, 21795732, 21795732, 21795732, 25520316, 22486365, 22096917, 22096917, 22096917, 22096917, 41656216, 22136400, 22136400, 22136400, 22136400, 22136400, 24723023, 22349964, 22134560, 22096917, 24408270, 22136400, 22136400, 45867244, 31151375, 22329010, 22329010, 22329010, 22329010, 22329010, 22329010, 22329010, 22329010, 22290157, 53885814, 22332210, 22332210, 22332210, 22332210, 22332210, 22332210, 22332210, 22332210, 23136725, 22407802, 22407802, 22407802, 23043043, 22417121, 65408869, 23058304, 22481119, 22481119, 22481119, 22481119, 23383993, 22570527, 22570527, 22570527, 22570527, 22570527, 22570527, 22570527, 22570527, 22570527, 22570527, 22481119, 22481119, 22481119, 22481119, 22481119, 22481119, 22481119, 22481119, 22481119, 22481119, 22481119, 22481119, 22417121, 22417121, 22417121, 22417121, 22417121, 22417121, 22417121, 22417121, 22417121, 22417121, 22417121, 22417121, 22417121, 22417121, 22417121, 22417121, 22417121, 22417121, 22417121, 22417121, 22417121, 22417121]",0,0,0
0,154,meta-llama/Llama-3.1-70B,1807,2013,60111566044,65435494492,5323928448,16854660,162535176,25177528,"[57480745, 20924125, 20924125, 20924125, 20924125, 20915138, 20915138, 20915138, 20915138, 20915138, 20915138, 20915138, 20915138, 20915138, 20915138, 20862422, 20919885, 21701741, 20377666, 20377666, 20377666, 20377666, 34893911, 20458756, 20458756, 20458756, 20458756, 20458756, 97724453, 82805488, 63604889, 29615869, 20674472, 20674472, 21564941, 20654256, 20654256, 20654256, 82873383, 42938506, 22295961, 21188257, 21188257, 21188257, 21188257, 21188257, 21188257, 23520378, 21297566, 41299459, 26572210, 21436357, 21436357, 29520458, 21447759, 21447759, 21447759, 21447759, 41328815, 21529805, 67149800, 22353767, 21584462, 21584462, 35294506, 31612637, 21700906, 21700906, 21700906, 33942693, 21684597, 34460905, 21763235, 21763235, 21763235, 21763235, 21684597, 21684597, 21684597, 21684597, 21684597, 21684597, 21684597, 23197177, 87579167, 26021753, 21832594, 21832594, 21832594, 21832594, 21795732, 21795732, 21795732, 21795732, 21795732, 23241994, 21832594, 21832594, 21795732, 21795732, 21795732, 21795732, 21795732, 21795732, 21795732, 25520316, 22486365, 22096917, 22096917, 22096917, 22096917, 41656216, 22136400, 22136400, 22136400, 22136400, 22136400, 24723023, 22349964, 22134560, 22096917, 24408270, 22136400, 22136400, 45867244, 31151375, 22329010, 22329010, 22329010, 22329010, 22329010, 22329010, 22329010, 22329010, 22290157, 53885814, 22332210, 22332210, 22332210, 22332210, 22332210, 22332210, 22332210, 22332210, 23136725, 22407802, 22407802, 22407802, 23043043, 22417121, 65408869, 23058304, 22481119, 22481119, 22481119, 22481119, 23383993, 22570527, 22570527, 22570527, 22570527, 22570527, 22570527, 22570527, 22570527, 22570527, 22570527, 22481119, 22481119, 22481119, 22481119, 22481119, 22481119, 22481119, 22481119, 22481119, 22481119, 22481119, 22481119, 22417121, 22417121, 22417121, 22417121, 22417121, 22417121, 22417121, 22417121, 22417121, 22417121, 22417121, 22417121, 22417121, 22417121, 22417121, 22417121, 22417121, 22417121, 22417121, 22417121, 22417121, 22417121, 22407802, 22407802, 22407802, 22407802]",0,0,0
0,165,meta-llama/Llama-3.1-70B,987,1157,61305163426,65502481522,4197318096,76174,82949557,24345375,"[42938506, 22295961, 21188257, 21188257, 21188257, 21188257, 21188257, 21188257, 23520378, 21297566, 41299459, 26572210, 21436357, 21436357, 29520458, 21447759, 21447759, 21447759, 21447759, 41328815, 21529805, 67149800, 22353767, 21584462, 21584462, 35294506, 31612637, 21700906, 21700906, 21700906, 33942693, 21684597, 34460905, 21763235, 21763235, 21763235, 21763235, 21684597, 21684597, 21684597, 21684597, 21684597, 21684597, 21684597, 23197177, 87579167, 26021753, 21832594, 21832594, 21832594, 21832594, 21795732, 21795732, 21795732, 21795732, 21795732, 23241994, 21832594, 21832594, 21795732, 21795732, 21795732, 21795732, 21795732, 21795732, 21795732, 25520316, 22486365, 22096917, 22096917, 22096917, 22096917, 41656216, 22136400, 22136400, 22136400, 22136400, 22136400, 24723023, 22349964, 22134560, 22096917, 24408270, 22136400, 22136400, 45867244, 31151375, 22329010, 22329010, 22329010, 22329010, 22329010, 22329010, 22329010, 22329010, 22290157, 53885814, 22332210, 22332210, 22332210, 22332210, 22332210, 22332210, 22332210, 22332210, 23136725, 22407802, 22407802, 22407802, 23043043, 22417121, 65408869, 23058304, 22481119, 22481119, 22481119, 22481119, 23383993, 22570527, 22570527, 22570527, 22570527, 22570527, 22570527, 22570527, 22570527, 22570527, 22570527, 22481119, 22481119, 22481119, 22481119, 22481119, 22481119, 22481119, 22481119, 22481119, 22481119, 22481119, 22481119, 22417121, 22417121, 22417121, 22417121, 22417121, 22417121, 22417121, 22417121, 22417121, 22417121, 22417121, 22417121, 22417121, 22417121, 22417121, 22417121, 22417121, 22417121, 22417121, 22417121, 22417121, 22417121, 22407802, 22407802, 22407802, 22407802, 22329010, 22329010, 22329010]",0,0,0
0,168,meta-llama/Llama-3.1-70B,60,259,61571729344,66349433568,4777704224,8747648,32268026,23966849,"[21297566, 41299459, 26572210, 21436357, 21436357, 29520458, 21447759, 21447759, 21447759, 21447759, 41328815, 21529805, 67149800, 22353767, 21584462, 21584462, 35294506, 31612637, 21700906, 21700906, 21700906, 33942693, 21684597, 34460905, 21763235, 21763235, 21763235, 21763235, 21684597, 21684597, 21684597, 21684597, 21684597, 21684597, 21684597, 23197177, 87579167, 26021753, 21832594, 21832594, 21832594, 21832594, 21795732, 21795732, 21795732, 21795732, 21795732, 23241994, 21832594, 21832594, 21795732, 21795732, 21795732, 21795732, 21795732, 21795732, 21795732, 25520316, 22486365, 22096917, 22096917, 22096917, 22096917, 41656216, 22136400, 22136400, 22136400, 22136400, 22136400, 24723023, 22349964, 22134560, 22096917, 24408270, 22136400, 22136400, 45867244, 31151375, 22329010, 22329010, 22329010, 22329010, 22329010, 22329010, 22329010, 22329010, 22290157, 53885814, 22332210, 22332210, 22332210, 22332210, 22332210, 22332210, 22332210, 22332210, 23136725, 22407802, 22407802, 22407802, 23043043, 22417121, 65408869, 23058304, 22481119, 22481119, 22481119, 22481119, 23383993, 22570527, 22570527, 22570527, 22570527, 22570527, 22570527, 22570527, 22570527, 22570527, 22570527, 22481119, 22481119, 22481119, 22481119, 22481119, 22481119, 22481119, 22481119, 22481119, 22481119, 22481119, 22481119, 22417121, 22417121, 22417121, 22417121, 22417121, 22417121, 22417121, 22417121, 22417121, 22417121, 22417121, 22417121, 22417121, 22417121, 22417121, 22417121, 22417121, 22417121, 22417121, 22417121, 22417121, 22417121, 22407802, 22407802, 22407802, 22407802, 22329010, 22329010, 22329010, 22286797, 22286797, 22286797, 22286797, 22286797, 22286797, 22286797, 22286797, 22286797, 22286797, 22286797, 22286797, 22286797, 22286797, 22286797, 22286797, 22286797, 22286797, 22286797, 22286797, 22286797, 22286797, 22290157, 22290157, 22290157, 22290157, 22290157, 22290157, 22290157, 22290157, 22290157, 22290157, 22290157, 22290157, 22290157, 22290157, 22290157, 22290157]",0,0,0
0,155,meta-llama/Llama-3.1-70B,9,263,60127219130,66505883316,6378664186,1201574,146882090,24631549,"[57480745, 20924125, 20924125, 20924125, 20924125, 20915138, 20915138, 20915138, 20915138, 20915138, 20915138, 20915138, 20915138, 20915138, 20915138, 20862422, 20919885, 21701741, 20377666, 20377666, 20377666, 20377666, 34893911, 20458756, 20458756, 20458756, 20458756, 20458756, 97724453, 82805488, 63604889, 29615869, 20674472, 20674472, 21564941, 20654256, 20654256, 20654256, 82873383, 42938506, 22295961, 21188257, 21188257, 21188257, 21188257, 21188257, 21188257, 23520378, 21297566, 41299459, 26572210, 21436357, 21436357, 29520458, 21447759, 21447759, 21447759, 21447759, 41328815, 21529805, 67149800, 22353767, 21584462, 21584462, 35294506, 31612637, 21700906, 21700906, 21700906, 33942693, 21684597, 34460905, 21763235, 21763235, 21763235, 21763235, 21684597, 21684597, 21684597, 21684597, 21684597, 21684597, 21684597, 23197177, 87579167, 26021753, 21832594, 21832594, 21832594, 21832594, 21795732, 21795732, 21795732, 21795732, 21795732, 23241994, 21832594, 21832594, 21795732, 21795732, 21795732, 21795732, 21795732, 21795732, 21795732, 25520316, 22486365, 22096917, 22096917, 22096917, 22096917, 41656216, 22136400, 22136400, 22136400, 22136400, 22136400, 24723023, 22349964, 22134560, 22096917, 24408270, 22136400, 22136400, 45867244, 31151375, 22329010, 22329010, 22329010, 22329010, 22329010, 22329010, 22329010, 22329010, 22290157, 53885814, 22332210, 22332210, 22332210, 22332210, 22332210, 22332210, 22332210, 22332210, 23136725, 22407802, 22407802, 22407802, 23043043, 22417121, 65408869, 23058304, 22481119, 22481119, 22481119, 22481119, 23383993, 22570527, 22570527, 22570527, 22570527, 22570527, 22570527, 22570527, 22570527, 22570527, 22570527, 22481119, 22481119, 22481119, 22481119, 22481119, 22481119, 22481119, 22481119, 22481119, 22481119, 22481119, 22481119, 22417121, 22417121, 22417121, 22417121, 22417121, 22417121, 22417121, 22417121, 22417121, 22417121, 22417121, 22417121, 22417121, 22417121, 22417121, 22417121, 22417121, 22417121, 22417121, 22417121, 22417121, 22417121, 22407802, 22407802, 22407802, 22407802, 22329010, 22329010, 22329010, 22286797, 22286797, 22286797, 22286797, 22286797, 22286797, 22286797, 22286797, 22286797, 22286797, 22286797, 22286797, 22286797, 22286797, 22286797, 22286797, 22286797, 22286797, 22286797, 22286797, 22286797, 22286797, 22290157, 22290157, 22290157, 22290157, 22290157, 22290157, 22290157, 22290157, 22290157, 22290157, 22290157, 22290157, 22290157, 22290157, 22290157, 22290157, 22349964, 22349964, 22349964, 22349964, 22349964, 22349964, 22349964]",0,0,0
0,153,meta-llama/Llama-3.1-70B,8,283,60084179989,66926474916,6842294927,2419202,23447420,24886304,"[20793295, 145680516, 57480745, 20924125, 20924125, 20924125, 20924125, 20915138, 20915138, 20915138, 20915138, 20915138, 20915138, 20915138, 20915138, 20915138, 20915138, 20862422, 20919885, 21701741, 20377666, 20377666, 20377666, 20377666, 34893911, 20458756, 20458756, 20458756, 20458756, 20458756, 97724453, 82805488, 63604889, 29615869, 20674472, 20674472, 21564941, 20654256, 20654256, 20654256, 82873383, 42938506, 22295961, 21188257, 21188257, 21188257, 21188257, 21188257, 21188257, 23520378, 21297566, 41299459, 26572210, 21436357, 21436357, 29520458, 21447759, 21447759, 21447759, 21447759, 41328815, 21529805, 67149800, 22353767, 21584462, 21584462, 35294506, 31612637, 21700906, 21700906, 21700906, 33942693, 21684597, 34460905, 21763235, 21763235, 21763235, 21763235, 21684597, 21684597, 21684597, 21684597, 21684597, 21684597, 21684597, 23197177, 87579167, 26021753, 21832594, 21832594, 21832594, 21832594, 21795732, 21795732, 21795732, 21795732, 21795732, 23241994, 21832594, 21832594, 21795732, 21795732, 21795732, 21795732, 21795732, 21795732, 21795732, 25520316, 22486365, 22096917, 22096917, 22096917, 22096917, 41656216, 22136400, 22136400, 22136400, 22136400, 22136400, 24723023, 22349964, 22134560, 22096917, 24408270, 22136400, 22136400, 45867244, 31151375, 22329010, 22329010, 22329010, 22329010, 22329010, 22329010, 22329010, 22329010, 22290157, 53885814, 22332210, 22332210, 22332210, 22332210, 22332210, 22332210, 22332210, 22332210, 23136725, 22407802, 22407802, 22407802, 23043043, 22417121, 65408869, 23058304, 22481119, 22481119, 22481119, 22481119, 23383993, 22570527, 22570527, 22570527, 22570527, 22570527, 22570527, 22570527, 22570527, 22570527, 22570527, 22481119, 22481119, 22481119, 22481119, 22481119, 22481119, 22481119, 22481119, 22481119, 22481119, 22481119, 22481119, 22417121, 22417121, 22417121, 22417121, 22417121, 22417121, 22417121, 22417121, 22417121, 22417121, 22417121, 22417121, 22417121, 22417121, 22417121, 22417121, 22417121, 22417121, 22417121, 22417121, 22417121, 22417121, 22407802, 22407802, 22407802, 22407802, 22329010, 22329010, 22329010, 22286797, 22286797, 22286797, 22286797, 22286797, 22286797, 22286797, 22286797, 22286797, 22286797, 22286797, 22286797, 22286797, 22286797, 22286797, 22286797, 22286797, 22286797, 22286797, 22286797, 22286797, 22286797, 22290157, 22290157, 22290157, 22290157, 22290157, 22290157, 22290157, 22290157, 22290157, 22290157, 22290157, 22290157, 22290157, 22290157, 22290157, 22290157, 22349964, 22349964, 22349964, 22349964, 22349964, 22349964, 22349964, 22136400, 22136400, 22136400, 22136400, 22136400, 22136400, 22136400, 22136400, 22136400, 22136400, 22136400, 22136400, 22136400, 22136400, 22136400, 22136400, 22136400, 22136400, 22136400]",0,0,0
0,170,meta-llama/Llama-3.1-70B,125,347,61631053583,66926474916,5295421333,35540812,62113022,23680128,"[21436357, 21436357, 29520458, 21447759, 21447759, 21447759, 21447759, 41328815, 21529805, 67149800, 22353767, 21584462, 21584462, 35294506, 31612637, 21700906, 21700906, 21700906, 33942693, 21684597, 34460905, 21763235, 21763235, 21763235, 21763235, 21684597, 21684597, 21684597, 21684597, 21684597, 21684597, 21684597, 23197177, 87579167, 26021753, 21832594, 21832594, 21832594, 21832594, 21795732, 21795732, 21795732, 21795732, 21795732, 23241994, 21832594, 21832594, 21795732, 21795732, 21795732, 21795732, 21795732, 21795732, 21795732, 25520316, 22486365, 22096917, 22096917, 22096917, 22096917, 41656216, 22136400, 22136400, 22136400, 22136400, 22136400, 24723023, 22349964, 22134560, 22096917, 24408270, 22136400, 22136400, 45867244, 31151375, 22329010, 22329010, 22329010, 22329010, 22329010, 22329010, 22329010, 22329010, 22290157, 53885814, 22332210, 22332210, 22332210, 22332210, 22332210, 22332210, 22332210, 22332210, 23136725, 22407802, 22407802, 22407802, 23043043, 22417121, 65408869, 23058304, 22481119, 22481119, 22481119, 22481119, 23383993, 22570527, 22570527, 22570527, 22570527, 22570527, 22570527, 22570527, 22570527, 22570527, 22570527, 22481119, 22481119, 22481119, 22481119, 22481119, 22481119, 22481119, 22481119, 22481119, 22481119, 22481119, 22481119, 22417121, 22417121, 22417121, 22417121, 22417121, 22417121, 22417121, 22417121, 22417121, 22417121, 22417121, 22417121, 22417121, 22417121, 22417121, 22417121, 22417121, 22417121, 22417121, 22417121, 22417121, 22417121, 22407802, 22407802, 22407802, 22407802, 22329010, 22329010, 22329010, 22286797, 22286797, 22286797, 22286797, 22286797, 22286797, 22286797, 22286797, 22286797, 22286797, 22286797, 22286797, 22286797, 22286797, 22286797, 22286797, 22286797, 22286797, 22286797, 22286797, 22286797, 22286797, 22290157, 22290157, 22290157, 22290157, 22290157, 22290157, 22290157, 22290157, 22290157, 22290157, 22290157, 22290157, 22290157, 22290157, 22290157, 22290157, 22349964, 22349964, 22349964, 22349964, 22349964, 22349964, 22349964, 22136400, 22136400, 22136400, 22136400, 22136400, 22136400, 22136400, 22136400, 22136400, 22136400, 22136400, 22136400, 22136400, 22136400, 22136400, 22136400, 22136400, 22136400, 22136400]",0,0,0
0,196,meta-llama/Llama-3.1-70B,8,137,64099042284,67035637886,2936595602,10929834,33972877,22676740,"[22417121, 65408869, 23058304, 22481119, 22481119, 22481119, 22481119, 23383993, 22570527, 22570527, 22570527, 22570527, 22570527, 22570527, 22570527, 22570527, 22570527, 22570527, 22481119, 22481119, 22481119, 22481119, 22481119, 22481119, 22481119, 22481119, 22481119, 22481119, 22481119, 22481119, 22417121, 22417121, 22417121, 22417121, 22417121, 22417121, 22417121, 22417121, 22417121, 22417121, 22417121, 22417121, 22417121, 22417121, 22417121, 22417121, 22417121, 22417121, 22417121, 22417121, 22417121, 22417121, 22407802, 22407802, 22407802, 22407802, 22329010, 22329010, 22329010, 22286797, 22286797, 22286797, 22286797, 22286797, 22286797, 22286797, 22286797, 22286797, 22286797, 22286797, 22286797, 22286797, 22286797, 22286797, 22286797, 22286797, 22286797, 22286797, 22286797, 22286797, 22286797, 22290157, 22290157, 22290157, 22290157, 22290157, 22290157, 22290157, 22290157, 22290157, 22290157, 22290157, 22290157, 22290157, 22290157, 22290157, 22290157, 22349964, 22349964, 22349964, 22349964, 22349964, 22349964, 22349964, 22136400, 22136400, 22136400, 22136400, 22136400, 22136400, 22136400, 22136400, 22136400, 22136400, 22136400, 22136400, 22136400, 22136400, 22136400, 22136400, 22136400, 22136400, 22136400, 21832594, 21832594, 21832594, 21832594, 21832594]",0,0,0
0,163,meta-llama/Llama-3.1-70B,219,468,61104729270,67101032282,5996303012,46017808,75633677,23873666,"[20674472, 20674472, 21564941, 20654256, 20654256, 20654256, 82873383, 42938506, 22295961, 21188257, 21188257, 21188257, 21188257, 21188257, 21188257, 23520378, 21297566, 41299459, 26572210, 21436357, 21436357, 29520458, 21447759, 21447759, 21447759, 21447759, 41328815, 21529805, 67149800, 22353767, 21584462, 21584462, 35294506, 31612637, 21700906, 21700906, 21700906, 33942693, 21684597, 34460905, 21763235, 21763235, 21763235, 21763235, 21684597, 21684597, 21684597, 21684597, 21684597, 21684597, 21684597, 23197177, 87579167, 26021753, 21832594, 21832594, 21832594, 21832594, 21795732, 21795732, 21795732, 21795732, 21795732, 23241994, 21832594, 21832594, 21795732, 21795732, 21795732, 21795732, 21795732, 21795732, 21795732, 25520316, 22486365, 22096917, 22096917, 22096917, 22096917, 41656216, 22136400, 22136400, 22136400, 22136400, 22136400, 24723023, 22349964, 22134560, 22096917, 24408270, 22136400, 22136400, 45867244, 31151375, 22329010, 22329010, 22329010, 22329010, 22329010, 22329010, 22329010, 22329010, 22290157, 53885814, 22332210, 22332210, 22332210, 22332210, 22332210, 22332210, 22332210, 22332210, 23136725, 22407802, 22407802, 22407802, 23043043, 22417121, 65408869, 23058304, 22481119, 22481119, 22481119, 22481119, 23383993, 22570527, 22570527, 22570527, 22570527, 22570527, 22570527, 22570527, 22570527, 22570527, 22570527, 22481119, 22481119, 22481119, 22481119, 22481119, 22481119, 22481119, 22481119, 22481119, 22481119, 22481119, 22481119, 22417121, 22417121, 22417121, 22417121, 22417121, 22417121, 22417121, 22417121, 22417121, 22417121, 22417121, 22417121, 22417121, 22417121, 22417121, 22417121, 22417121, 22417121, 22417121, 22417121, 22417121, 22417121, 22407802, 22407802, 22407802, 22407802, 22329010, 22329010, 22329010, 22286797, 22286797, 22286797, 22286797, 22286797, 22286797, 22286797, 22286797, 22286797, 22286797, 22286797, 22286797, 22286797, 22286797, 22286797, 22286797, 22286797, 22286797, 22286797, 22286797, 22286797, 22286797, 22290157, 22290157, 22290157, 22290157, 22290157, 22290157, 22290157, 22290157, 22290157, 22290157, 22290157, 22290157, 22290157, 22290157, 22290157, 22290157, 22349964, 22349964, 22349964, 22349964, 22349964, 22349964, 22349964, 22136400, 22136400, 22136400, 22136400, 22136400, 22136400, 22136400, 22136400, 22136400, 22136400, 22136400, 22136400, 22136400, 22136400, 22136400, 22136400, 22136400, 22136400, 22136400, 21832594, 21832594, 21832594, 21832594, 21832594, 21798132, 21798132, 21798132]",0,0,0
0,152,meta-llama/Llama-3.1-70B,184,494,59845293894,67449274762,7603980868,7360157,34578937,24496446,"[20611716, 20611716, 20611716, 20611716, 20611716, 20733556, 20733556, 20733556, 20733556, 20733556, 21028218, 20793295, 145680516, 57480745, 20924125, 20924125, 20924125, 20924125, 20915138, 20915138, 20915138, 20915138, 20915138, 20915138, 20915138, 20915138, 20915138, 20915138, 20862422, 20919885, 21701741, 20377666, 20377666, 20377666, 20377666, 34893911, 20458756, 20458756, 20458756, 20458756, 20458756, 97724453, 82805488, 63604889, 29615869, 20674472, 20674472, 21564941, 20654256, 20654256, 20654256, 82873383, 42938506, 22295961, 21188257, 21188257, 21188257, 21188257, 21188257, 21188257, 23520378, 21297566, 41299459, 26572210, 21436357, 21436357, 29520458, 21447759, 21447759, 21447759, 21447759, 41328815, 21529805, 67149800, 22353767, 21584462, 21584462, 35294506, 31612637, 21700906, 21700906, 21700906, 33942693, 21684597, 34460905, 21763235, 21763235, 21763235, 21763235, 21684597, 21684597, 21684597, 21684597, 21684597, 21684597, 21684597, 23197177, 87579167, 26021753, 21832594, 21832594, 21832594, 21832594, 21795732, 21795732, 21795732, 21795732, 21795732, 23241994, 21832594, 21832594, 21795732, 21795732, 21795732, 21795732, 21795732, 21795732, 21795732, 25520316, 22486365, 22096917, 22096917, 22096917, 22096917, 41656216, 22136400, 22136400, 22136400, 22136400, 22136400, 24723023, 22349964, 22134560, 22096917, 24408270, 22136400, 22136400, 45867244, 31151375, 22329010, 22329010, 22329010, 22329010, 22329010, 22329010, 22329010, 22329010, 22290157, 53885814, 22332210, 22332210, 22332210, 22332210, 22332210, 22332210, 22332210, 22332210, 23136725, 22407802, 22407802, 22407802, 23043043, 22417121, 65408869, 23058304, 22481119, 22481119, 22481119, 22481119, 23383993, 22570527, 22570527, 22570527, 22570527, 22570527, 22570527, 22570527, 22570527, 22570527, 22570527, 22481119, 22481119, 22481119, 22481119, 22481119, 22481119, 22481119, 22481119, 22481119, 22481119, 22481119, 22481119, 22417121, 22417121, 22417121, 22417121, 22417121, 22417121, 22417121, 22417121, 22417121, 22417121, 22417121, 22417121, 22417121, 22417121, 22417121, 22417121, 22417121, 22417121, 22417121, 22417121, 22417121, 22417121, 22407802, 22407802, 22407802, 22407802, 22329010, 22329010, 22329010, 22286797, 22286797, 22286797, 22286797, 22286797, 22286797, 22286797, 22286797, 22286797, 22286797, 22286797, 22286797, 22286797, 22286797, 22286797, 22286797, 22286797, 22286797, 22286797, 22286797, 22286797, 22286797, 22290157, 22290157, 22290157, 22290157, 22290157, 22290157, 22290157, 22290157, 22290157, 22290157, 22290157, 22290157, 22290157, 22290157, 22290157, 22290157, 22349964, 22349964, 22349964, 22349964, 22349964, 22349964, 22349964, 22136400, 22136400, 22136400, 22136400, 22136400, 22136400, 22136400, 22136400, 22136400, 22136400, 22136400, 22136400, 22136400, 22136400, 22136400, 22136400, 22136400, 22136400, 22136400, 21832594, 21832594, 21832594, 21832594, 21832594, 21798132, 21798132, 21798132, 21765155, 21765155, 21765155, 21765155, 21765155, 21765155, 21765155, 21765155, 21765155, 21765155, 21765155, 21765155, 21765155, 21765155, 21765155, 21765155]",0,0,0
0,156,meta-llama/Llama-3.1-70B,618,919,60194446340,67557710147,7363263807,79654880,137135625,24087093,"[20924125, 20924125, 20924125, 20924125, 20915138, 20915138, 20915138, 20915138, 20915138, 20915138, 20915138, 20915138, 20915138, 20915138, 20862422, 20919885, 21701741, 20377666, 20377666, 20377666, 20377666, 34893911, 20458756, 20458756, 20458756, 20458756, 20458756, 97724453, 82805488, 63604889, 29615869, 20674472, 20674472, 21564941, 20654256, 20654256, 20654256, 82873383, 42938506, 22295961, 21188257, 21188257, 21188257, 21188257, 21188257, 21188257, 23520378, 21297566, 41299459, 26572210, 21436357, 21436357, 29520458, 21447759, 21447759, 21447759, 21447759, 41328815, 21529805, 67149800, 22353767, 21584462, 21584462, 35294506, 31612637, 21700906, 21700906, 21700906, 33942693, 21684597, 34460905, 21763235, 21763235, 21763235, 21763235, 21684597, 21684597, 21684597, 21684597, 21684597, 21684597, 21684597, 23197177, 87579167, 26021753, 21832594, 21832594, 21832594, 21832594, 21795732, 21795732, 21795732, 21795732, 21795732, 23241994, 21832594, 21832594, 21795732, 21795732, 21795732, 21795732, 21795732, 21795732, 21795732, 25520316, 22486365, 22096917, 22096917, 22096917, 22096917, 41656216, 22136400, 22136400, 22136400, 22136400, 22136400, 24723023, 22349964, 22134560, 22096917, 24408270, 22136400, 22136400, 45867244, 31151375, 22329010, 22329010, 22329010, 22329010, 22329010, 22329010, 22329010, 22329010, 22290157, 53885814, 22332210, 22332210, 22332210, 22332210, 22332210, 22332210, 22332210, 22332210, 23136725, 22407802, 22407802, 22407802, 23043043, 22417121, 65408869, 23058304, 22481119, 22481119, 22481119, 22481119, 23383993, 22570527, 22570527, 22570527, 22570527, 22570527, 22570527, 22570527, 22570527, 22570527, 22570527, 22481119, 22481119, 22481119, 22481119, 22481119, 22481119, 22481119, 22481119, 22481119, 22481119, 22481119, 22481119, 22417121, 22417121, 22417121, 22417121, 22417121, 22417121, 22417121, 22417121, 22417121, 22417121, 22417121, 22417121, 22417121, 22417121, 22417121, 22417121, 22417121, 22417121, 22417121, 22417121, 22417121, 22417121, 22407802, 22407802, 22407802, 22407802, 22329010, 22329010, 22329010, 22286797, 22286797, 22286797, 22286797, 22286797, 22286797, 22286797, 22286797, 22286797, 22286797, 22286797, 22286797, 22286797, 22286797, 22286797, 22286797, 22286797, 22286797, 22286797, 22286797, 22286797, 22286797, 22290157, 22290157, 22290157, 22290157, 22290157, 22290157, 22290157, 22290157, 22290157, 22290157, 22290157, 22290157, 22290157, 22290157, 22290157, 22290157, 22349964, 22349964, 22349964, 22349964, 22349964, 22349964, 22349964, 22136400, 22136400, 22136400, 22136400, 22136400, 22136400, 22136400, 22136400, 22136400, 22136400, 22136400, 22136400, 22136400, 22136400, 22136400, 22136400, 22136400, 22136400, 22136400, 21832594, 21832594, 21832594, 21832594, 21832594, 21798132, 21798132, 21798132, 21765155, 21765155, 21765155, 21765155, 21765155, 21765155, 21765155, 21765155, 21765155, 21765155, 21765155, 21765155, 21765155, 21765155, 21765155, 21765155, 21687077, 21687077, 21687077, 21687077, 21687077]",0,0,0
0,157,meta-llama/Llama-3.1-70B,4,290,60618850038,67557710147,6938860109,5579807,26442229,24254097,"[20919885, 21701741, 20377666, 20377666, 20377666, 20377666, 34893911, 20458756, 20458756, 20458756, 20458756, 20458756, 97724453, 82805488, 63604889, 29615869, 20674472, 20674472, 21564941, 20654256, 20654256, 20654256, 82873383, 42938506, 22295961, 21188257, 21188257, 21188257, 21188257, 21188257, 21188257, 23520378, 21297566, 41299459, 26572210, 21436357, 21436357, 29520458, 21447759, 21447759, 21447759, 21447759, 41328815, 21529805, 67149800, 22353767, 21584462, 21584462, 35294506, 31612637, 21700906, 21700906, 21700906, 33942693, 21684597, 34460905, 21763235, 21763235, 21763235, 21763235, 21684597, 21684597, 21684597, 21684597, 21684597, 21684597, 21684597, 23197177, 87579167, 26021753, 21832594, 21832594, 21832594, 21832594, 21795732, 21795732, 21795732, 21795732, 21795732, 23241994, 21832594, 21832594, 21795732, 21795732, 21795732, 21795732, 21795732, 21795732, 21795732, 25520316, 22486365, 22096917, 22096917, 22096917, 22096917, 41656216, 22136400, 22136400, 22136400, 22136400, 22136400, 24723023, 22349964, 22134560, 22096917, 24408270, 22136400, 22136400, 45867244, 31151375, 22329010, 22329010, 22329010, 22329010, 22329010, 22329010, 22329010, 22329010, 22290157, 53885814, 22332210, 22332210, 22332210, 22332210, 22332210, 22332210, 22332210, 22332210, 23136725, 22407802, 22407802, 22407802, 23043043, 22417121, 65408869, 23058304, 22481119, 22481119, 22481119, 22481119, 23383993, 22570527, 22570527, 22570527, 22570527, 22570527, 22570527, 22570527, 22570527, 22570527, 22570527, 22481119, 22481119, 22481119, 22481119, 22481119, 22481119, 22481119, 22481119, 22481119, 22481119, 22481119, 22481119, 22417121, 22417121, 22417121, 22417121, 22417121, 22417121, 22417121, 22417121, 22417121, 22417121, 22417121, 22417121, 22417121, 22417121, 22417121, 22417121, 22417121, 22417121, 22417121, 22417121, 22417121, 22417121, 22407802, 22407802, 22407802, 22407802, 22329010, 22329010, 22329010, 22286797, 22286797, 22286797, 22286797, 22286797, 22286797, 22286797, 22286797, 22286797, 22286797, 22286797, 22286797, 22286797, 22286797, 22286797, 22286797, 22286797, 22286797, 22286797, 22286797, 22286797, 22286797, 22290157, 22290157, 22290157, 22290157, 22290157, 22290157, 22290157, 22290157, 22290157, 22290157, 22290157, 22290157, 22290157, 22290157, 22290157, 22290157, 22349964, 22349964, 22349964, 22349964, 22349964, 22349964, 22349964, 22136400, 22136400, 22136400, 22136400, 22136400, 22136400, 22136400, 22136400, 22136400, 22136400, 22136400, 22136400, 22136400, 22136400, 22136400, 22136400, 22136400, 22136400, 22136400, 21832594, 21832594, 21832594, 21832594, 21832594, 21798132, 21798132, 21798132, 21765155, 21765155, 21765155, 21765155, 21765155, 21765155, 21765155, 21765155, 21765155, 21765155, 21765155, 21765155, 21765155, 21765155, 21765155, 21765155, 21687077, 21687077, 21687077, 21687077, 21687077]",0,0,0
0,167,meta-llama/Llama-3.1-70B,19,281,61391364865,67579344047,6187979182,39686624,61982585,23471251,"[21188257, 21188257, 21188257, 21188257, 21188257, 21188257, 23520378, 21297566, 41299459, 26572210, 21436357, 21436357, 29520458, 21447759, 21447759, 21447759, 21447759, 41328815, 21529805, 67149800, 22353767, 21584462, 21584462, 35294506, 31612637, 21700906, 21700906, 21700906, 33942693, 21684597, 34460905, 21763235, 21763235, 21763235, 21763235, 21684597, 21684597, 21684597, 21684597, 21684597, 21684597, 21684597, 23197177, 87579167, 26021753, 21832594, 21832594, 21832594, 21832594, 21795732, 21795732, 21795732, 21795732, 21795732, 23241994, 21832594, 21832594, 21795732, 21795732, 21795732, 21795732, 21795732, 21795732, 21795732, 25520316, 22486365, 22096917, 22096917, 22096917, 22096917, 41656216, 22136400, 22136400, 22136400, 22136400, 22136400, 24723023, 22349964, 22134560, 22096917, 24408270, 22136400, 22136400, 45867244, 31151375, 22329010, 22329010, 22329010, 22329010, 22329010, 22329010, 22329010, 22329010, 22290157, 53885814, 22332210, 22332210, 22332210, 22332210, 22332210, 22332210, 22332210, 22332210, 23136725, 22407802, 22407802, 22407802, 23043043, 22417121, 65408869, 23058304, 22481119, 22481119, 22481119, 22481119, 23383993, 22570527, 22570527, 22570527, 22570527, 22570527, 22570527, 22570527, 22570527, 22570527, 22570527, 22481119, 22481119, 22481119, 22481119, 22481119, 22481119, 22481119, 22481119, 22481119, 22481119, 22481119, 22481119, 22417121, 22417121, 22417121, 22417121, 22417121, 22417121, 22417121, 22417121, 22417121, 22417121, 22417121, 22417121, 22417121, 22417121, 22417121, 22417121, 22417121, 22417121, 22417121, 22417121, 22417121, 22417121, 22407802, 22407802, 22407802, 22407802, 22329010, 22329010, 22329010, 22286797, 22286797, 22286797, 22286797, 22286797, 22286797, 22286797, 22286797, 22286797, 22286797, 22286797, 22286797, 22286797, 22286797, 22286797, 22286797, 22286797, 22286797, 22286797, 22286797, 22286797, 22286797, 22290157, 22290157, 22290157, 22290157, 22290157, 22290157, 22290157, 22290157, 22290157, 22290157, 22290157, 22290157, 22290157, 22290157, 22290157, 22290157, 22349964, 22349964, 22349964, 22349964, 22349964, 22349964, 22349964, 22136400, 22136400, 22136400, 22136400, 22136400, 22136400, 22136400, 22136400, 22136400, 22136400, 22136400, 22136400, 22136400, 22136400, 22136400, 22136400, 22136400, 22136400, 22136400, 21832594, 21832594, 21832594, 21832594, 21832594, 21798132, 21798132, 21798132, 21765155, 21765155, 21765155, 21765155, 21765155, 21765155, 21765155, 21765155, 21765155, 21765155, 21765155, 21765155, 21765155, 21765155, 21765155, 21765155, 21687077, 21687077, 21687077, 21687077, 21687077, 21633900]",0,0,0
0,174,meta-llama/Llama-3.1-70B,284,533,61839452265,67687265157,5847812892,11898548,53227363,23365264,"[21529805, 67149800, 22353767, 21584462, 21584462, 35294506, 31612637, 21700906, 21700906, 21700906, 33942693, 21684597, 34460905, 21763235, 21763235, 21763235, 21763235, 21684597, 21684597, 21684597, 21684597, 21684597, 21684597, 21684597, 23197177, 87579167, 26021753, 21832594, 21832594, 21832594, 21832594, 21795732, 21795732, 21795732, 21795732, 21795732, 23241994, 21832594, 21832594, 21795732, 21795732, 21795732, 21795732, 21795732, 21795732, 21795732, 25520316, 22486365, 22096917, 22096917, 22096917, 22096917, 41656216, 22136400, 22136400, 22136400, 22136400, 22136400, 24723023, 22349964, 22134560, 22096917, 24408270, 22136400, 22136400, 45867244, 31151375, 22329010, 22329010, 22329010, 22329010, 22329010, 22329010, 22329010, 22329010, 22290157, 53885814, 22332210, 22332210, 22332210, 22332210, 22332210, 22332210, 22332210, 22332210, 23136725, 22407802, 22407802, 22407802, 23043043, 22417121, 65408869, 23058304, 22481119, 22481119, 22481119, 22481119, 23383993, 22570527, 22570527, 22570527, 22570527, 22570527, 22570527, 22570527, 22570527, 22570527, 22570527, 22481119, 22481119, 22481119, 22481119, 22481119, 22481119, 22481119, 22481119, 22481119, 22481119, 22481119, 22481119, 22417121, 22417121, 22417121, 22417121, 22417121, 22417121, 22417121, 22417121, 22417121, 22417121, 22417121, 22417121, 22417121, 22417121, 22417121, 22417121, 22417121, 22417121, 22417121, 22417121, 22417121, 22417121, 22407802, 22407802, 22407802, 22407802, 22329010, 22329010, 22329010, 22286797, 22286797, 22286797, 22286797, 22286797, 22286797, 22286797, 22286797, 22286797, 22286797, 22286797, 22286797, 22286797, 22286797, 22286797, 22286797, 22286797, 22286797, 22286797, 22286797, 22286797, 22286797, 22290157, 22290157, 22290157, 22290157, 22290157, 22290157, 22290157, 22290157, 22290157, 22290157, 22290157, 22290157, 22290157, 22290157, 22290157, 22290157, 22349964, 22349964, 22349964, 22349964, 22349964, 22349964, 22349964, 22136400, 22136400, 22136400, 22136400, 22136400, 22136400, 22136400, 22136400, 22136400, 22136400, 22136400, 22136400, 22136400, 22136400, 22136400, 22136400, 22136400, 22136400, 22136400, 21832594, 21832594, 21832594, 21832594, 21832594, 21798132, 21798132, 21798132, 21765155, 21765155, 21765155, 21765155, 21765155, 21765155, 21765155, 21765155, 21765155, 21765155, 21765155, 21765155, 21765155, 21765155, 21765155, 21765155, 21687077, 21687077, 21687077, 21687077, 21687077, 21633900, 21584222, 21584222, 21584222, 21584222, 21584222]",0,0,0
0,164,meta-llama/Llama-3.1-70B,10,305,61204779644,68161891617,6957111973,16932247,38497188,23532703,"[20654256, 20654256, 20654256, 82873383, 42938506, 22295961, 21188257, 21188257, 21188257, 21188257, 21188257, 21188257, 23520378, 21297566, 41299459, 26572210, 21436357, 21436357, 29520458, 21447759, 21447759, 21447759, 21447759, 41328815, 21529805, 67149800, 22353767, 21584462, 21584462, 35294506, 31612637, 21700906, 21700906, 21700906, 33942693, 21684597, 34460905, 21763235, 21763235, 21763235, 21763235, 21684597, 21684597, 21684597, 21684597, 21684597, 21684597, 21684597, 23197177, 87579167, 26021753, 21832594, 21832594, 21832594, 21832594, 21795732, 21795732, 21795732, 21795732, 21795732, 23241994, 21832594, 21832594, 21795732, 21795732, 21795732, 21795732, 21795732, 21795732, 21795732, 25520316, 22486365, 22096917, 22096917, 22096917, 22096917, 41656216, 22136400, 22136400, 22136400, 22136400, 22136400, 24723023, 22349964, 22134560, 22096917, 24408270, 22136400, 22136400, 45867244, 31151375, 22329010, 22329010, 22329010, 22329010, 22329010, 22329010, 22329010, 22329010, 22290157, 53885814, 22332210, 22332210, 22332210, 22332210, 22332210, 22332210, 22332210, 22332210, 23136725, 22407802, 22407802, 22407802, 23043043, 22417121, 65408869, 23058304, 22481119, 22481119, 22481119, 22481119, 23383993, 22570527, 22570527, 22570527, 22570527, 22570527, 22570527, 22570527, 22570527, 22570527, 22570527, 22481119, 22481119, 22481119, 22481119, 22481119, 22481119, 22481119, 22481119, 22481119, 22481119, 22481119, 22481119, 22417121, 22417121, 22417121, 22417121, 22417121, 22417121, 22417121, 22417121, 22417121, 22417121, 22417121, 22417121, 22417121, 22417121, 22417121, 22417121, 22417121, 22417121, 22417121, 22417121, 22417121, 22417121, 22407802, 22407802, 22407802, 22407802, 22329010, 22329010, 22329010, 22286797, 22286797, 22286797, 22286797, 22286797, 22286797, 22286797, 22286797, 22286797, 22286797, 22286797, 22286797, 22286797, 22286797, 22286797, 22286797, 22286797, 22286797, 22286797, 22286797, 22286797, 22286797, 22290157, 22290157, 22290157, 22290157, 22290157, 22290157, 22290157, 22290157, 22290157, 22290157, 22290157, 22290157, 22290157, 22290157, 22290157, 22290157, 22349964, 22349964, 22349964, 22349964, 22349964, 22349964, 22349964, 22136400, 22136400, 22136400, 22136400, 22136400, 22136400, 22136400, 22136400, 22136400, 22136400, 22136400, 22136400, 22136400, 22136400, 22136400, 22136400, 22136400, 22136400, 22136400, 21832594, 21832594, 21832594, 21832594, 21832594, 21798132, 21798132, 21798132, 21765155, 21765155, 21765155, 21765155, 21765155, 21765155, 21765155, 21765155, 21765155, 21765155, 21765155, 21765155, 21765155, 21765155, 21765155, 21765155, 21687077, 21687077, 21687077, 21687077, 21687077, 21633900, 21584222, 21584222, 21584222, 21584222, 21584222, 21573930, 21573930, 21573930, 21573930, 21573930, 21573930, 21573930, 21573930, 21573930, 21573930, 21573930, 21573930, 21573930, 21573930, 21573930, 21573930, 21573930, 21573930, 21573930, 21573930, 21573930, 21573930]",0,0,0
0,187,meta-llama/Llama-3.1-70B,7,234,63068859354,68248028757,5179169403,17070500,39556865,22741648,"[22096917, 22096917, 22096917, 22096917, 41656216, 22136400, 22136400, 22136400, 22136400, 22136400, 24723023, 22349964, 22134560, 22096917, 24408270, 22136400, 22136400, 45867244, 31151375, 22329010, 22329010, 22329010, 22329010, 22329010, 22329010, 22329010, 22329010, 22290157, 53885814, 22332210, 22332210, 22332210, 22332210, 22332210, 22332210, 22332210, 22332210, 23136725, 22407802, 22407802, 22407802, 23043043, 22417121, 65408869, 23058304, 22481119, 22481119, 22481119, 22481119, 23383993, 22570527, 22570527, 22570527, 22570527, 22570527, 22570527, 22570527, 22570527, 22570527, 22570527, 22481119, 22481119, 22481119, 22481119, 22481119, 22481119, 22481119, 22481119, 22481119, 22481119, 22481119, 22481119, 22417121, 22417121, 22417121, 22417121, 22417121, 22417121, 22417121, 22417121, 22417121, 22417121, 22417121, 22417121, 22417121, 22417121, 22417121, 22417121, 22417121, 22417121, 22417121, 22417121, 22417121, 22417121, 22407802, 22407802, 22407802, 22407802, 22329010, 22329010, 22329010, 22286797, 22286797, 22286797, 22286797, 22286797, 22286797, 22286797, 22286797, 22286797, 22286797, 22286797, 22286797, 22286797, 22286797, 22286797, 22286797, 22286797, 22286797, 22286797, 22286797, 22286797, 22286797, 22290157, 22290157, 22290157, 22290157, 22290157, 22290157, 22290157, 22290157, 22290157, 22290157, 22290157, 22290157, 22290157, 22290157, 22290157, 22290157, 22349964, 22349964, 22349964, 22349964, 22349964, 22349964, 22349964, 22136400, 22136400, 22136400, 22136400, 22136400, 22136400, 22136400, 22136400, 22136400, 22136400, 22136400, 22136400, 22136400, 22136400, 22136400, 22136400, 22136400, 22136400, 22136400, 21832594, 21832594, 21832594, 21832594, 21832594, 21798132, 21798132, 21798132, 21765155, 21765155, 21765155, 21765155, 21765155, 21765155, 21765155, 21765155, 21765155, 21765155, 21765155, 21765155, 21765155, 21765155, 21765155, 21765155, 21687077, 21687077, 21687077, 21687077, 21687077, 21633900, 21584222, 21584222, 21584222, 21584222, 21584222, 21573930, 21573930, 21573930, 21573930, 21573930, 21573930, 21573930, 21573930, 21573930, 21573930, 21573930, 21573930, 21573930, 21573930, 21573930, 21573930, 21573930, 21573930, 21573930, 21573930, 21573930, 21573930, 21534285, 21534285, 21534285, 21534285]",0,0,0
0,180,meta-llama/Llama-3.1-70B,278,542,62225987715,68291087929,6065100214,8531360,42992265,22897748,"[21763235, 21763235, 21763235, 21763235, 21684597, 21684597, 21684597, 21684597, 21684597, 21684597, 21684597, 23197177, 87579167, 26021753, 21832594, 21832594, 21832594, 21832594, 21795732, 21795732, 21795732, 21795732, 21795732, 23241994, 21832594, 21832594, 21795732, 21795732, 21795732, 21795732, 21795732, 21795732, 21795732, 25520316, 22486365, 22096917, 22096917, 22096917, 22096917, 41656216, 22136400, 22136400, 22136400, 22136400, 22136400, 24723023, 22349964, 22134560, 22096917, 24408270, 22136400, 22136400, 45867244, 31151375, 22329010, 22329010, 22329010, 22329010, 22329010, 22329010, 22329010, 22329010, 22290157, 53885814, 22332210, 22332210, 22332210, 22332210, 22332210, 22332210, 22332210, 22332210, 23136725, 22407802, 22407802, 22407802, 23043043, 22417121, 65408869, 23058304, 22481119, 22481119, 22481119, 22481119, 23383993, 22570527, 22570527, 22570527, 22570527, 22570527, 22570527, 22570527, 22570527, 22570527, 22570527, 22481119, 22481119, 22481119, 22481119, 22481119, 22481119, 22481119, 22481119, 22481119, 22481119, 22481119, 22481119, 22417121, 22417121, 22417121, 22417121, 22417121, 22417121, 22417121, 22417121, 22417121, 22417121, 22417121, 22417121, 22417121, 22417121, 22417121, 22417121, 22417121, 22417121, 22417121, 22417121, 22417121, 22417121, 22407802, 22407802, 22407802, 22407802, 22329010, 22329010, 22329010, 22286797, 22286797, 22286797, 22286797, 22286797, 22286797, 22286797, 22286797, 22286797, 22286797, 22286797, 22286797, 22286797, 22286797, 22286797, 22286797, 22286797, 22286797, 22286797, 22286797, 22286797, 22286797, 22290157, 22290157, 22290157, 22290157, 22290157, 22290157, 22290157, 22290157, 22290157, 22290157, 22290157, 22290157, 22290157, 22290157, 22290157, 22290157, 22349964, 22349964, 22349964, 22349964, 22349964, 22349964, 22349964, 22136400, 22136400, 22136400, 22136400, 22136400, 22136400, 22136400, 22136400, 22136400, 22136400, 22136400, 22136400, 22136400, 22136400, 22136400, 22136400, 22136400, 22136400, 22136400, 21832594, 21832594, 21832594, 21832594, 21832594, 21798132, 21798132, 21798132, 21765155, 21765155, 21765155, 21765155, 21765155, 21765155, 21765155, 21765155, 21765155, 21765155, 21765155, 21765155, 21765155, 21765155, 21765155, 21765155, 21687077, 21687077, 21687077, 21687077, 21687077, 21633900, 21584222, 21584222, 21584222, 21584222, 21584222, 21573930, 21573930, 21573930, 21573930, 21573930, 21573930, 21573930, 21573930, 21573930, 21573930, 21573930, 21573930, 21573930, 21573930, 21573930, 21573930, 21573930, 21573930, 21573930, 21573930, 21573930, 21573930, 21534285, 21534285, 21534285, 21534285, 21529586, 21529586]",0,0,0
0,194,meta-llama/Llama-3.1-70B,555,786,63768097851,68956060218,5187962367,18970642,72856456,22239590,"[22332210, 22332210, 22332210, 22332210, 22332210, 22332210, 22332210, 22332210, 23136725, 22407802, 22407802, 22407802, 23043043, 22417121, 65408869, 23058304, 22481119, 22481119, 22481119, 22481119, 23383993, 22570527, 22570527, 22570527, 22570527, 22570527, 22570527, 22570527, 22570527, 22570527, 22570527, 22481119, 22481119, 22481119, 22481119, 22481119, 22481119, 22481119, 22481119, 22481119, 22481119, 22481119, 22481119, 22417121, 22417121, 22417121, 22417121, 22417121, 22417121, 22417121, 22417121, 22417121, 22417121, 22417121, 22417121, 22417121, 22417121, 22417121, 22417121, 22417121, 22417121, 22417121, 22417121, 22417121, 22417121, 22407802, 22407802, 22407802, 22407802, 22329010, 22329010, 22329010, 22286797, 22286797, 22286797, 22286797, 22286797, 22286797, 22286797, 22286797, 22286797, 22286797, 22286797, 22286797, 22286797, 22286797, 22286797, 22286797, 22286797, 22286797, 22286797, 22286797, 22286797, 22286797, 22290157, 22290157, 22290157, 22290157, 22290157, 22290157, 22290157, 22290157, 22290157, 22290157, 22290157, 22290157, 22290157, 22290157, 22290157, 22290157, 22349964, 22349964, 22349964, 22349964, 22349964, 22349964, 22349964, 22136400, 22136400, 22136400, 22136400, 22136400, 22136400, 22136400, 22136400, 22136400, 22136400, 22136400, 22136400, 22136400, 22136400, 22136400, 22136400, 22136400, 22136400, 22136400, 21832594, 21832594, 21832594, 21832594, 21832594, 21798132, 21798132, 21798132, 21765155, 21765155, 21765155, 21765155, 21765155, 21765155, 21765155, 21765155, 21765155, 21765155, 21765155, 21765155, 21765155, 21765155, 21765155, 21765155, 21687077, 21687077, 21687077, 21687077, 21687077, 21633900, 21584222, 21584222, 21584222, 21584222, 21584222, 21573930, 21573930, 21573930, 21573930, 21573930, 21573930, 21573930, 21573930, 21573930, 21573930, 21573930, 21573930, 21573930, 21573930, 21573930, 21573930, 21573930, 21573930, 21573930, 21573930, 21573930, 21573930, 21534285, 21534285, 21534285, 21534285, 21529586, 21529586, 21450719, 21450719, 21450719, 21450719, 21450719, 21450719, 21450719, 21450719, 21450719, 21450719, 21450719, 21450719, 21450719, 21450719, 21450719, 21450719, 21450719, 21450719, 21450719, 21450719, 21450719, 21450719, 21450719, 21450719, 21450719, 21450719, 21450719, 21450719, 21450719, 21450719, 21450719]",0,0,0
0,199,meta-llama/Llama-3.1-70B,15,232,64312850237,69106147197,4793296960,20973694,44357687,21985829,"[22570527, 22570527, 22570527, 22570527, 22570527, 22570527, 22570527, 22570527, 22570527, 22570527, 22481119, 22481119, 22481119, 22481119, 22481119, 22481119, 22481119, 22481119, 22481119, 22481119, 22481119, 22481119, 22417121, 22417121, 22417121, 22417121, 22417121, 22417121, 22417121, 22417121, 22417121, 22417121, 22417121, 22417121, 22417121, 22417121, 22417121, 22417121, 22417121, 22417121, 22417121, 22417121, 22417121, 22417121, 22407802, 22407802, 22407802, 22407802, 22329010, 22329010, 22329010, 22286797, 22286797, 22286797, 22286797, 22286797, 22286797, 22286797, 22286797, 22286797, 22286797, 22286797, 22286797, 22286797, 22286797, 22286797, 22286797, 22286797, 22286797, 22286797, 22286797, 22286797, 22286797, 22290157, 22290157, 22290157, 22290157, 22290157, 22290157, 22290157, 22290157, 22290157, 22290157, 22290157, 22290157, 22290157, 22290157, 22290157, 22290157, 22349964, 22349964, 22349964, 22349964, 22349964, 22349964, 22349964, 22136400, 22136400, 22136400, 22136400, 22136400, 22136400, 22136400, 22136400, 22136400, 22136400, 22136400, 22136400, 22136400, 22136400, 22136400, 22136400, 22136400, 22136400, 22136400, 21832594, 21832594, 21832594, 21832594, 21832594, 21798132, 21798132, 21798132, 21765155, 21765155, 21765155, 21765155, 21765155, 21765155, 21765155, 21765155, 21765155, 21765155, 21765155, 21765155, 21765155, 21765155, 21765155, 21765155, 21687077, 21687077, 21687077, 21687077, 21687077, 21633900, 21584222, 21584222, 21584222, 21584222, 21584222, 21573930, 21573930, 21573930, 21573930, 21573930, 21573930, 21573930, 21573930, 21573930, 21573930, 21573930, 21573930, 21573930, 21573930, 21573930, 21573930, 21573930, 21573930, 21573930, 21573930, 21573930, 21573930, 21534285, 21534285, 21534285, 21534285, 21529586, 21529586, 21450719, 21450719, 21450719, 21450719, 21450719, 21450719, 21450719, 21450719, 21450719, 21450719, 21450719, 21450719, 21450719, 21450719, 21450719, 21450719, 21450719, 21450719, 21450719, 21450719, 21450719, 21450719, 21450719, 21450719, 21450719, 21450719, 21450719, 21450719, 21450719, 21450719, 21450719, 21440997, 21440997, 21440997, 21440997, 21440997, 21440997, 21440997]",0,0,0
0,191,meta-llama/Llama-3.1-70B,469,721,63503125211,69170359821,5667234610,6002426,51869670,22371971,"[31151375, 22329010, 22329010, 22329010, 22329010, 22329010, 22329010, 22329010, 22329010, 22290157, 53885814, 22332210, 22332210, 22332210, 22332210, 22332210, 22332210, 22332210, 22332210, 23136725, 22407802, 22407802, 22407802, 23043043, 22417121, 65408869, 23058304, 22481119, 22481119, 22481119, 22481119, 23383993, 22570527, 22570527, 22570527, 22570527, 22570527, 22570527, 22570527, 22570527, 22570527, 22570527, 22481119, 22481119, 22481119, 22481119, 22481119, 22481119, 22481119, 22481119, 22481119, 22481119, 22481119, 22481119, 22417121, 22417121, 22417121, 22417121, 22417121, 22417121, 22417121, 22417121, 22417121, 22417121, 22417121, 22417121, 22417121, 22417121, 22417121, 22417121, 22417121, 22417121, 22417121, 22417121, 22417121, 22417121, 22407802, 22407802, 22407802, 22407802, 22329010, 22329010, 22329010, 22286797, 22286797, 22286797, 22286797, 22286797, 22286797, 22286797, 22286797, 22286797, 22286797, 22286797, 22286797, 22286797, 22286797, 22286797, 22286797, 22286797, 22286797, 22286797, 22286797, 22286797, 22286797, 22290157, 22290157, 22290157, 22290157, 22290157, 22290157, 22290157, 22290157, 22290157, 22290157, 22290157, 22290157, 22290157, 22290157, 22290157, 22290157, 22349964, 22349964, 22349964, 22349964, 22349964, 22349964, 22349964, 22136400, 22136400, 22136400, 22136400, 22136400, 22136400, 22136400, 22136400, 22136400, 22136400, 22136400, 22136400, 22136400, 22136400, 22136400, 22136400, 22136400, 22136400, 22136400, 21832594, 21832594, 21832594, 21832594, 21832594, 21798132, 21798132, 21798132, 21765155, 21765155, 21765155, 21765155, 21765155, 21765155, 21765155, 21765155, 21765155, 21765155, 21765155, 21765155, 21765155, 21765155, 21765155, 21765155, 21687077, 21687077, 21687077, 21687077, 21687077, 21633900, 21584222, 21584222, 21584222, 21584222, 21584222, 21573930, 21573930, 21573930, 21573930, 21573930, 21573930, 21573930, 21573930, 21573930, 21573930, 21573930, 21573930, 21573930, 21573930, 21573930, 21573930, 21573930, 21573930, 21573930, 21573930, 21573930, 21573930, 21534285, 21534285, 21534285, 21534285, 21529586, 21529586, 21450719, 21450719, 21450719, 21450719, 21450719, 21450719, 21450719, 21450719, 21450719, 21450719, 21450719, 21450719, 21450719, 21450719, 21450719, 21450719, 21450719, 21450719, 21450719, 21450719, 21450719, 21450719, 21450719, 21450719, 21450719, 21450719, 21450719, 21450719, 21450719, 21450719, 21450719, 21440997, 21440997, 21440997, 21440997, 21440997, 21440997, 21440997, 21404208, 21404208, 21404208]",0,0,0
0,172,meta-llama/Llama-3.1-70B,225,551,61724594398,69234440184,7509845786,11444921,40965379,22981170,"[21447759, 21447759, 21447759, 21447759, 41328815, 21529805, 67149800, 22353767, 21584462, 21584462, 35294506, 31612637, 21700906, 21700906, 21700906, 33942693, 21684597, 34460905, 21763235, 21763235, 21763235, 21763235, 21684597, 21684597, 21684597, 21684597, 21684597, 21684597, 21684597, 23197177, 87579167, 26021753, 21832594, 21832594, 21832594, 21832594, 21795732, 21795732, 21795732, 21795732, 21795732, 23241994, 21832594, 21832594, 21795732, 21795732, 21795732, 21795732, 21795732, 21795732, 21795732, 25520316, 22486365, 22096917, 22096917, 22096917, 22096917, 41656216, 22136400, 22136400, 22136400, 22136400, 22136400, 24723023, 22349964, 22134560, 22096917, 24408270, 22136400, 22136400, 45867244, 31151375, 22329010, 22329010, 22329010, 22329010, 22329010, 22329010, 22329010, 22329010, 22290157, 53885814, 22332210, 22332210, 22332210, 22332210, 22332210, 22332210, 22332210, 22332210, 23136725, 22407802, 22407802, 22407802, 23043043, 22417121, 65408869, 23058304, 22481119, 22481119, 22481119, 22481119, 23383993, 22570527, 22570527, 22570527, 22570527, 22570527, 22570527, 22570527, 22570527, 22570527, 22570527, 22481119, 22481119, 22481119, 22481119, 22481119, 22481119, 22481119, 22481119, 22481119, 22481119, 22481119, 22481119, 22417121, 22417121, 22417121, 22417121, 22417121, 22417121, 22417121, 22417121, 22417121, 22417121, 22417121, 22417121, 22417121, 22417121, 22417121, 22417121, 22417121, 22417121, 22417121, 22417121, 22417121, 22417121, 22407802, 22407802, 22407802, 22407802, 22329010, 22329010, 22329010, 22286797, 22286797, 22286797, 22286797, 22286797, 22286797, 22286797, 22286797, 22286797, 22286797, 22286797, 22286797, 22286797, 22286797, 22286797, 22286797, 22286797, 22286797, 22286797, 22286797, 22286797, 22286797, 22290157, 22290157, 22290157, 22290157, 22290157, 22290157, 22290157, 22290157, 22290157, 22290157, 22290157, 22290157, 22290157, 22290157, 22290157, 22290157, 22349964, 22349964, 22349964, 22349964, 22349964, 22349964, 22349964, 22136400, 22136400, 22136400, 22136400, 22136400, 22136400, 22136400, 22136400, 22136400, 22136400, 22136400, 22136400, 22136400, 22136400, 22136400, 22136400, 22136400, 22136400, 22136400, 21832594, 21832594, 21832594, 21832594, 21832594, 21798132, 21798132, 21798132, 21765155, 21765155, 21765155, 21765155, 21765155, 21765155, 21765155, 21765155, 21765155, 21765155, 21765155, 21765155, 21765155, 21765155, 21765155, 21765155, 21687077, 21687077, 21687077, 21687077, 21687077, 21633900, 21584222, 21584222, 21584222, 21584222, 21584222, 21573930, 21573930, 21573930, 21573930, 21573930, 21573930, 21573930, 21573930, 21573930, 21573930, 21573930, 21573930, 21573930, 21573930, 21573930, 21573930, 21573930, 21573930, 21573930, 21573930, 21573930, 21573930, 21534285, 21534285, 21534285, 21534285, 21529586, 21529586, 21450719, 21450719, 21450719, 21450719, 21450719, 21450719, 21450719, 21450719, 21450719, 21450719, 21450719, 21450719, 21450719, 21450719, 21450719, 21450719, 21450719, 21450719, 21450719, 21450719, 21450719, 21450719, 21450719, 21450719, 21450719, 21450719, 21450719, 21450719, 21450719, 21450719, 21450719, 21440997, 21440997, 21440997, 21440997, 21440997, 21440997, 21440997, 21404208, 21404208, 21404208, 21360121, 21360121, 21360121]",0,0,0
0,150,meta-llama/Llama-3.1-70B,15,426,59807346194,69596633126,9789286932,20106328,45307857,23765802,"[27218780, 20611716, 20611716, 20611716, 20611716, 20611716, 20733556, 20733556, 20733556, 20733556, 20733556, 21028218, 20793295, 145680516, 57480745, 20924125, 20924125, 20924125, 20924125, 20915138, 20915138, 20915138, 20915138, 20915138, 20915138, 20915138, 20915138, 20915138, 20915138, 20862422, 20919885, 21701741, 20377666, 20377666, 20377666, 20377666, 34893911, 20458756, 20458756, 20458756, 20458756, 20458756, 97724453, 82805488, 63604889, 29615869, 20674472, 20674472, 21564941, 20654256, 20654256, 20654256, 82873383, 42938506, 22295961, 21188257, 21188257, 21188257, 21188257, 21188257, 21188257, 23520378, 21297566, 41299459, 26572210, 21436357, 21436357, 29520458, 21447759, 21447759, 21447759, 21447759, 41328815, 21529805, 67149800, 22353767, 21584462, 21584462, 35294506, 31612637, 21700906, 21700906, 21700906, 33942693, 21684597, 34460905, 21763235, 21763235, 21763235, 21763235, 21684597, 21684597, 21684597, 21684597, 21684597, 21684597, 21684597, 23197177, 87579167, 26021753, 21832594, 21832594, 21832594, 21832594, 21795732, 21795732, 21795732, 21795732, 21795732, 23241994, 21832594, 21832594, 21795732, 21795732, 21795732, 21795732, 21795732, 21795732, 21795732, 25520316, 22486365, 22096917, 22096917, 22096917, 22096917, 41656216, 22136400, 22136400, 22136400, 22136400, 22136400, 24723023, 22349964, 22134560, 22096917, 24408270, 22136400, 22136400, 45867244, 31151375, 22329010, 22329010, 22329010, 22329010, 22329010, 22329010, 22329010, 22329010, 22290157, 53885814, 22332210, 22332210, 22332210, 22332210, 22332210, 22332210, 22332210, 22332210, 23136725, 22407802, 22407802, 22407802, 23043043, 22417121, 65408869, 23058304, 22481119, 22481119, 22481119, 22481119, 23383993, 22570527, 22570527, 22570527, 22570527, 22570527, 22570527, 22570527, 22570527, 22570527, 22570527, 22481119, 22481119, 22481119, 22481119, 22481119, 22481119, 22481119, 22481119, 22481119, 22481119, 22481119, 22481119, 22417121, 22417121, 22417121, 22417121, 22417121, 22417121, 22417121, 22417121, 22417121, 22417121, 22417121, 22417121, 22417121, 22417121, 22417121, 22417121, 22417121, 22417121, 22417121, 22417121, 22417121, 22417121, 22407802, 22407802, 22407802, 22407802, 22329010, 22329010, 22329010, 22286797, 22286797, 22286797, 22286797, 22286797, 22286797, 22286797, 22286797, 22286797, 22286797, 22286797, 22286797, 22286797, 22286797, 22286797, 22286797, 22286797, 22286797, 22286797, 22286797, 22286797, 22286797, 22290157, 22290157, 22290157, 22290157, 22290157, 22290157, 22290157, 22290157, 22290157, 22290157, 22290157, 22290157, 22290157, 22290157, 22290157, 22290157, 22349964, 22349964, 22349964, 22349964, 22349964, 22349964, 22349964, 22136400, 22136400, 22136400, 22136400, 22136400, 22136400, 22136400, 22136400, 22136400, 22136400, 22136400, 22136400, 22136400, 22136400, 22136400, 22136400, 22136400, 22136400, 22136400, 21832594, 21832594, 21832594, 21832594, 21832594, 21798132, 21798132, 21798132, 21765155, 21765155, 21765155, 21765155, 21765155, 21765155, 21765155, 21765155, 21765155, 21765155, 21765155, 21765155, 21765155, 21765155, 21765155, 21765155, 21687077, 21687077, 21687077, 21687077, 21687077, 21633900, 21584222, 21584222, 21584222, 21584222, 21584222, 21573930, 21573930, 21573930, 21573930, 21573930, 21573930, 21573930, 21573930, 21573930, 21573930, 21573930, 21573930, 21573930, 21573930, 21573930, 21573930, 21573930, 21573930, 21573930, 21573930, 21573930, 21573930, 21534285, 21534285, 21534285, 21534285, 21529586, 21529586, 21450719, 21450719, 21450719, 21450719, 21450719, 21450719, 21450719, 21450719, 21450719, 21450719, 21450719, 21450719, 21450719, 21450719, 21450719, 21450719, 21450719, 21450719, 21450719, 21450719, 21450719, 21450719, 21450719, 21450719, 21450719, 21450719, 21450719, 21450719, 21450719, 21450719, 21450719, 21440997, 21440997, 21440997, 21440997, 21440997, 21440997, 21440997, 21404208, 21404208, 21404208, 21360121, 21360121, 21360121, 21302766, 21302766, 21302766, 21306046, 21306046, 21306046, 21306046, 21306046, 21306046, 21306046, 21306046, 21306046, 21306046, 21306046, 21306046, 21306046, 21306046]",0,0,0
0,176,meta-llama/Llama-3.1-70B,11,350,61936897737,69681475114,7744577377,44461496,66815263,22715272,"[21584462, 21584462, 35294506, 31612637, 21700906, 21700906, 21700906, 33942693, 21684597, 34460905, 21763235, 21763235, 21763235, 21763235, 21684597, 21684597, 21684597, 21684597, 21684597, 21684597, 21684597, 23197177, 87579167, 26021753, 21832594, 21832594, 21832594, 21832594, 21795732, 21795732, 21795732, 21795732, 21795732, 23241994, 21832594, 21832594, 21795732, 21795732, 21795732, 21795732, 21795732, 21795732, 21795732, 25520316, 22486365, 22096917, 22096917, 22096917, 22096917, 41656216, 22136400, 22136400, 22136400, 22136400, 22136400, 24723023, 22349964, 22134560, 22096917, 24408270, 22136400, 22136400, 45867244, 31151375, 22329010, 22329010, 22329010, 22329010, 22329010, 22329010, 22329010, 22329010, 22290157, 53885814, 22332210, 22332210, 22332210, 22332210, 22332210, 22332210, 22332210, 22332210, 23136725, 22407802, 22407802, 22407802, 23043043, 22417121, 65408869, 23058304, 22481119, 22481119, 22481119, 22481119, 23383993, 22570527, 22570527, 22570527, 22570527, 22570527, 22570527, 22570527, 22570527, 22570527, 22570527, 22481119, 22481119, 22481119, 22481119, 22481119, 22481119, 22481119, 22481119, 22481119, 22481119, 22481119, 22481119, 22417121, 22417121, 22417121, 22417121, 22417121, 22417121, 22417121, 22417121, 22417121, 22417121, 22417121, 22417121, 22417121, 22417121, 22417121, 22417121, 22417121, 22417121, 22417121, 22417121, 22417121, 22417121, 22407802, 22407802, 22407802, 22407802, 22329010, 22329010, 22329010, 22286797, 22286797, 22286797, 22286797, 22286797, 22286797, 22286797, 22286797, 22286797, 22286797, 22286797, 22286797, 22286797, 22286797, 22286797, 22286797, 22286797, 22286797, 22286797, 22286797, 22286797, 22286797, 22290157, 22290157, 22290157, 22290157, 22290157, 22290157, 22290157, 22290157, 22290157, 22290157, 22290157, 22290157, 22290157, 22290157, 22290157, 22290157, 22349964, 22349964, 22349964, 22349964, 22349964, 22349964, 22349964, 22136400, 22136400, 22136400, 22136400, 22136400, 22136400, 22136400, 22136400, 22136400, 22136400, 22136400, 22136400, 22136400, 22136400, 22136400, 22136400, 22136400, 22136400, 22136400, 21832594, 21832594, 21832594, 21832594, 21832594, 21798132, 21798132, 21798132, 21765155, 21765155, 21765155, 21765155, 21765155, 21765155, 21765155, 21765155, 21765155, 21765155, 21765155, 21765155, 21765155, 21765155, 21765155, 21765155, 21687077, 21687077, 21687077, 21687077, 21687077, 21633900, 21584222, 21584222, 21584222, 21584222, 21584222, 21573930, 21573930, 21573930, 21573930, 21573930, 21573930, 21573930, 21573930, 21573930, 21573930, 21573930, 21573930, 21573930, 21573930, 21573930, 21573930, 21573930, 21573930, 21573930, 21573930, 21573930, 21573930, 21534285, 21534285, 21534285, 21534285, 21529586, 21529586, 21450719, 21450719, 21450719, 21450719, 21450719, 21450719, 21450719, 21450719, 21450719, 21450719, 21450719, 21450719, 21450719, 21450719, 21450719, 21450719, 21450719, 21450719, 21450719, 21450719, 21450719, 21450719, 21450719, 21450719, 21450719, 21450719, 21450719, 21450719, 21450719, 21450719, 21450719, 21440997, 21440997, 21440997, 21440997, 21440997, 21440997, 21440997, 21404208, 21404208, 21404208, 21360121, 21360121, 21360121, 21302766, 21302766, 21302766, 21306046, 21306046, 21306046, 21306046, 21306046, 21306046, 21306046, 21306046, 21306046, 21306046, 21306046, 21306046, 21306046, 21306046, 21210497, 21210497, 21210497, 21210497]",0,0,0
0,171,meta-llama/Llama-3.1-70B,16,380,61635216558,69975853016,8340636458,31377837,57950047,22817317,"[21436357, 21436357, 29520458, 21447759, 21447759, 21447759, 21447759, 41328815, 21529805, 67149800, 22353767, 21584462, 21584462, 35294506, 31612637, 21700906, 21700906, 21700906, 33942693, 21684597, 34460905, 21763235, 21763235, 21763235, 21763235, 21684597, 21684597, 21684597, 21684597, 21684597, 21684597, 21684597, 23197177, 87579167, 26021753, 21832594, 21832594, 21832594, 21832594, 21795732, 21795732, 21795732, 21795732, 21795732, 23241994, 21832594, 21832594, 21795732, 21795732, 21795732, 21795732, 21795732, 21795732, 21795732, 25520316, 22486365, 22096917, 22096917, 22096917, 22096917, 41656216, 22136400, 22136400, 22136400, 22136400, 22136400, 24723023, 22349964, 22134560, 22096917, 24408270, 22136400, 22136400, 45867244, 31151375, 22329010, 22329010, 22329010, 22329010, 22329010, 22329010, 22329010, 22329010, 22290157, 53885814, 22332210, 22332210, 22332210, 22332210, 22332210, 22332210, 22332210, 22332210, 23136725, 22407802, 22407802, 22407802, 23043043, 22417121, 65408869, 23058304, 22481119, 22481119, 22481119, 22481119, 23383993, 22570527, 22570527, 22570527, 22570527, 22570527, 22570527, 22570527, 22570527, 22570527, 22570527, 22481119, 22481119, 22481119, 22481119, 22481119, 22481119, 22481119, 22481119, 22481119, 22481119, 22481119, 22481119, 22417121, 22417121, 22417121, 22417121, 22417121, 22417121, 22417121, 22417121, 22417121, 22417121, 22417121, 22417121, 22417121, 22417121, 22417121, 22417121, 22417121, 22417121, 22417121, 22417121, 22417121, 22417121, 22407802, 22407802, 22407802, 22407802, 22329010, 22329010, 22329010, 22286797, 22286797, 22286797, 22286797, 22286797, 22286797, 22286797, 22286797, 22286797, 22286797, 22286797, 22286797, 22286797, 22286797, 22286797, 22286797, 22286797, 22286797, 22286797, 22286797, 22286797, 22286797, 22290157, 22290157, 22290157, 22290157, 22290157, 22290157, 22290157, 22290157, 22290157, 22290157, 22290157, 22290157, 22290157, 22290157, 22290157, 22290157, 22349964, 22349964, 22349964, 22349964, 22349964, 22349964, 22349964, 22136400, 22136400, 22136400, 22136400, 22136400, 22136400, 22136400, 22136400, 22136400, 22136400, 22136400, 22136400, 22136400, 22136400, 22136400, 22136400, 22136400, 22136400, 22136400, 21832594, 21832594, 21832594, 21832594, 21832594, 21798132, 21798132, 21798132, 21765155, 21765155, 21765155, 21765155, 21765155, 21765155, 21765155, 21765155, 21765155, 21765155, 21765155, 21765155, 21765155, 21765155, 21765155, 21765155, 21687077, 21687077, 21687077, 21687077, 21687077, 21633900, 21584222, 21584222, 21584222, 21584222, 21584222, 21573930, 21573930, 21573930, 21573930, 21573930, 21573930, 21573930, 21573930, 21573930, 21573930, 21573930, 21573930, 21573930, 21573930, 21573930, 21573930, 21573930, 21573930, 21573930, 21573930, 21573930, 21573930, 21534285, 21534285, 21534285, 21534285, 21529586, 21529586, 21450719, 21450719, 21450719, 21450719, 21450719, 21450719, 21450719, 21450719, 21450719, 21450719, 21450719, 21450719, 21450719, 21450719, 21450719, 21450719, 21450719, 21450719, 21450719, 21450719, 21450719, 21450719, 21450719, 21450719, 21450719, 21450719, 21450719, 21450719, 21450719, 21450719, 21450719, 21440997, 21440997, 21440997, 21440997, 21440997, 21440997, 21440997, 21404208, 21404208, 21404208, 21360121, 21360121, 21360121, 21302766, 21302766, 21302766, 21306046, 21306046, 21306046, 21306046, 21306046, 21306046, 21306046, 21306046, 21306046, 21306046, 21306046, 21306046, 21306046, 21306046, 21210497, 21210497, 21210497, 21210497, 21026993, 21026993, 21026993, 21026993, 21026993, 21026993, 21026993, 21026993, 21026993, 21026993, 21026993, 21026993, 21026993, 21026993]",0,0,0
0,197,meta-llama/Llama-3.1-70B,606,874,64140446934,70059047352,5918600418,14985348,80394217,21865940,"[23058304, 22481119, 22481119, 22481119, 22481119, 23383993, 22570527, 22570527, 22570527, 22570527, 22570527, 22570527, 22570527, 22570527, 22570527, 22570527, 22481119, 22481119, 22481119, 22481119, 22481119, 22481119, 22481119, 22481119, 22481119, 22481119, 22481119, 22481119, 22417121, 22417121, 22417121, 22417121, 22417121, 22417121, 22417121, 22417121, 22417121, 22417121, 22417121, 22417121, 22417121, 22417121, 22417121, 22417121, 22417121, 22417121, 22417121, 22417121, 22417121, 22417121, 22407802, 22407802, 22407802, 22407802, 22329010, 22329010, 22329010, 22286797, 22286797, 22286797, 22286797, 22286797, 22286797, 22286797, 22286797, 22286797, 22286797, 22286797, 22286797, 22286797, 22286797, 22286797, 22286797, 22286797, 22286797, 22286797, 22286797, 22286797, 22286797, 22290157, 22290157, 22290157, 22290157, 22290157, 22290157, 22290157, 22290157, 22290157, 22290157, 22290157, 22290157, 22290157, 22290157, 22290157, 22290157, 22349964, 22349964, 22349964, 22349964, 22349964, 22349964, 22349964, 22136400, 22136400, 22136400, 22136400, 22136400, 22136400, 22136400, 22136400, 22136400, 22136400, 22136400, 22136400, 22136400, 22136400, 22136400, 22136400, 22136400, 22136400, 22136400, 21832594, 21832594, 21832594, 21832594, 21832594, 21798132, 21798132, 21798132, 21765155, 21765155, 21765155, 21765155, 21765155, 21765155, 21765155, 21765155, 21765155, 21765155, 21765155, 21765155, 21765155, 21765155, 21765155, 21765155, 21687077, 21687077, 21687077, 21687077, 21687077, 21633900, 21584222, 21584222, 21584222, 21584222, 21584222, 21573930, 21573930, 21573930, 21573930, 21573930, 21573930, 21573930, 21573930, 21573930, 21573930, 21573930, 21573930, 21573930, 21573930, 21573930, 21573930, 21573930, 21573930, 21573930, 21573930, 21573930, 21573930, 21534285, 21534285, 21534285, 21534285, 21529586, 21529586, 21450719, 21450719, 21450719, 21450719, 21450719, 21450719, 21450719, 21450719, 21450719, 21450719, 21450719, 21450719, 21450719, 21450719, 21450719, 21450719, 21450719, 21450719, 21450719, 21450719, 21450719, 21450719, 21450719, 21450719, 21450719, 21450719, 21450719, 21450719, 21450719, 21450719, 21450719, 21440997, 21440997, 21440997, 21440997, 21440997, 21440997, 21440997, 21404208, 21404208, 21404208, 21360121, 21360121, 21360121, 21302766, 21302766, 21302766, 21306046, 21306046, 21306046, 21306046, 21306046, 21306046, 21306046, 21306046, 21306046, 21306046, 21306046, 21306046, 21306046, 21306046, 21210497, 21210497, 21210497, 21210497, 21026993, 21026993, 21026993, 21026993, 21026993, 21026993, 21026993, 21026993, 21026993, 21026993, 21026993, 21026993, 21026993, 21026993, 20798584, 20798584, 20798584, 20798584]",0,0,0
0,175,meta-llama/Llama-3.1-70B,763,1144,61911215323,70534281480,8623066157,2994110,70143910,22507690,"[22353767, 21584462, 21584462, 35294506, 31612637, 21700906, 21700906, 21700906, 33942693, 21684597, 34460905, 21763235, 21763235, 21763235, 21763235, 21684597, 21684597, 21684597, 21684597, 21684597, 21684597, 21684597, 23197177, 87579167, 26021753, 21832594, 21832594, 21832594, 21832594, 21795732, 21795732, 21795732, 21795732, 21795732, 23241994, 21832594, 21832594, 21795732, 21795732, 21795732, 21795732, 21795732, 21795732, 21795732, 25520316, 22486365, 22096917, 22096917, 22096917, 22096917, 41656216, 22136400, 22136400, 22136400, 22136400, 22136400, 24723023, 22349964, 22134560, 22096917, 24408270, 22136400, 22136400, 45867244, 31151375, 22329010, 22329010, 22329010, 22329010, 22329010, 22329010, 22329010, 22329010, 22290157, 53885814, 22332210, 22332210, 22332210, 22332210, 22332210, 22332210, 22332210, 22332210, 23136725, 22407802, 22407802, 22407802, 23043043, 22417121, 65408869, 23058304, 22481119, 22481119, 22481119, 22481119, 23383993, 22570527, 22570527, 22570527, 22570527, 22570527, 22570527, 22570527, 22570527, 22570527, 22570527, 22481119, 22481119, 22481119, 22481119, 22481119, 22481119, 22481119, 22481119, 22481119, 22481119, 22481119, 22481119, 22417121, 22417121, 22417121, 22417121, 22417121, 22417121, 22417121, 22417121, 22417121, 22417121, 22417121, 22417121, 22417121, 22417121, 22417121, 22417121, 22417121, 22417121, 22417121, 22417121, 22417121, 22417121, 22407802, 22407802, 22407802, 22407802, 22329010, 22329010, 22329010, 22286797, 22286797, 22286797, 22286797, 22286797, 22286797, 22286797, 22286797, 22286797, 22286797, 22286797, 22286797, 22286797, 22286797, 22286797, 22286797, 22286797, 22286797, 22286797, 22286797, 22286797, 22286797, 22290157, 22290157, 22290157, 22290157, 22290157, 22290157, 22290157, 22290157, 22290157, 22290157, 22290157, 22290157, 22290157, 22290157, 22290157, 22290157, 22349964, 22349964, 22349964, 22349964, 22349964, 22349964, 22349964, 22136400, 22136400, 22136400, 22136400, 22136400, 22136400, 22136400, 22136400, 22136400, 22136400, 22136400, 22136400, 22136400, 22136400, 22136400, 22136400, 22136400, 22136400, 22136400, 21832594, 21832594, 21832594, 21832594, 21832594, 21798132, 21798132, 21798132, 21765155, 21765155, 21765155, 21765155, 21765155, 21765155, 21765155, 21765155, 21765155, 21765155, 21765155, 21765155, 21765155, 21765155, 21765155, 21765155, 21687077, 21687077, 21687077, 21687077, 21687077, 21633900, 21584222, 21584222, 21584222, 21584222, 21584222, 21573930, 21573930, 21573930, 21573930, 21573930, 21573930, 21573930, 21573930, 21573930, 21573930, 21573930, 21573930, 21573930, 21573930, 21573930, 21573930, 21573930, 21573930, 21573930, 21573930, 21573930, 21573930, 21534285, 21534285, 21534285, 21534285, 21529586, 21529586, 21450719, 21450719, 21450719, 21450719, 21450719, 21450719, 21450719, 21450719, 21450719, 21450719, 21450719, 21450719, 21450719, 21450719, 21450719, 21450719, 21450719, 21450719, 21450719, 21450719, 21450719, 21450719, 21450719, 21450719, 21450719, 21450719, 21450719, 21450719, 21450719, 21450719, 21450719, 21440997, 21440997, 21440997, 21440997, 21440997, 21440997, 21440997, 21404208, 21404208, 21404208, 21360121, 21360121, 21360121, 21302766, 21302766, 21302766, 21306046, 21306046, 21306046, 21306046, 21306046, 21306046, 21306046, 21306046, 21306046, 21306046, 21306046, 21306046, 21306046, 21306046, 21210497, 21210497, 21210497, 21210497, 21026993, 21026993, 21026993, 21026993, 21026993, 21026993, 21026993, 21026993, 21026993, 21026993, 21026993, 21026993, 21026993, 21026993, 20798584, 20798584, 20798584, 20798584, 20661696, 20661696, 20662416, 20662416, 20662416, 20662416, 20662416, 20662416, 20662416, 20662416, 20662416, 20662416, 20662416, 20662416, 20662416, 20662416, 20662416, 20662416, 20662416, 20662416, 20662416, 20662416, 20662416]",0,0,0
0,185,meta-llama/Llama-3.1-70B,31,380,62829193247,70596314496,7767121249,11738985,34980979,22218793,"[21832594, 21832594, 21795732, 21795732, 21795732, 21795732, 21795732, 21795732, 21795732, 25520316, 22486365, 22096917, 22096917, 22096917, 22096917, 41656216, 22136400, 22136400, 22136400, 22136400, 22136400, 24723023, 22349964, 22134560, 22096917, 24408270, 22136400, 22136400, 45867244, 31151375, 22329010, 22329010, 22329010, 22329010, 22329010, 22329010, 22329010, 22329010, 22290157, 53885814, 22332210, 22332210, 22332210, 22332210, 22332210, 22332210, 22332210, 22332210, 23136725, 22407802, 22407802, 22407802, 23043043, 22417121, 65408869, 23058304, 22481119, 22481119, 22481119, 22481119, 23383993, 22570527, 22570527, 22570527, 22570527, 22570527, 22570527, 22570527, 22570527, 22570527, 22570527, 22481119, 22481119, 22481119, 22481119, 22481119, 22481119, 22481119, 22481119, 22481119, 22481119, 22481119, 22481119, 22417121, 22417121, 22417121, 22417121, 22417121, 22417121, 22417121, 22417121, 22417121, 22417121, 22417121, 22417121, 22417121, 22417121, 22417121, 22417121, 22417121, 22417121, 22417121, 22417121, 22417121, 22417121, 22407802, 22407802, 22407802, 22407802, 22329010, 22329010, 22329010, 22286797, 22286797, 22286797, 22286797, 22286797, 22286797, 22286797, 22286797, 22286797, 22286797, 22286797, 22286797, 22286797, 22286797, 22286797, 22286797, 22286797, 22286797, 22286797, 22286797, 22286797, 22286797, 22290157, 22290157, 22290157, 22290157, 22290157, 22290157, 22290157, 22290157, 22290157, 22290157, 22290157, 22290157, 22290157, 22290157, 22290157, 22290157, 22349964, 22349964, 22349964, 22349964, 22349964, 22349964, 22349964, 22136400, 22136400, 22136400, 22136400, 22136400, 22136400, 22136400, 22136400, 22136400, 22136400, 22136400, 22136400, 22136400, 22136400, 22136400, 22136400, 22136400, 22136400, 22136400, 21832594, 21832594, 21832594, 21832594, 21832594, 21798132, 21798132, 21798132, 21765155, 21765155, 21765155, 21765155, 21765155, 21765155, 21765155, 21765155, 21765155, 21765155, 21765155, 21765155, 21765155, 21765155, 21765155, 21765155, 21687077, 21687077, 21687077, 21687077, 21687077, 21633900, 21584222, 21584222, 21584222, 21584222, 21584222, 21573930, 21573930, 21573930, 21573930, 21573930, 21573930, 21573930, 21573930, 21573930, 21573930, 21573930, 21573930, 21573930, 21573930, 21573930, 21573930, 21573930, 21573930, 21573930, 21573930, 21573930, 21573930, 21534285, 21534285, 21534285, 21534285, 21529586, 21529586, 21450719, 21450719, 21450719, 21450719, 21450719, 21450719, 21450719, 21450719, 21450719, 21450719, 21450719, 21450719, 21450719, 21450719, 21450719, 21450719, 21450719, 21450719, 21450719, 21450719, 21450719, 21450719, 21450719, 21450719, 21450719, 21450719, 21450719, 21450719, 21450719, 21450719, 21450719, 21440997, 21440997, 21440997, 21440997, 21440997, 21440997, 21440997, 21404208, 21404208, 21404208, 21360121, 21360121, 21360121, 21302766, 21302766, 21302766, 21306046, 21306046, 21306046, 21306046, 21306046, 21306046, 21306046, 21306046, 21306046, 21306046, 21306046, 21306046, 21306046, 21306046, 21210497, 21210497, 21210497, 21210497, 21026993, 21026993, 21026993, 21026993, 21026993, 21026993, 21026993, 21026993, 21026993, 21026993, 21026993, 21026993, 21026993, 21026993, 20798584, 20798584, 20798584, 20798584, 20661696, 20661696, 20662416, 20662416, 20662416, 20662416, 20662416, 20662416, 20662416, 20662416, 20662416, 20662416, 20662416, 20662416, 20662416, 20662416, 20662416, 20662416, 20662416, 20662416, 20662416, 20662416, 20662416, 20677672, 20677672, 20677672]",0,0,0
0,198,meta-llama/Llama-3.1-70B,6,323,64183403695,71091681984,6908278289,37437456,60495760,21670197,"[22481119, 22481119, 22481119, 22481119, 23383993, 22570527, 22570527, 22570527, 22570527, 22570527, 22570527, 22570527, 22570527, 22570527, 22570527, 22481119, 22481119, 22481119, 22481119, 22481119, 22481119, 22481119, 22481119, 22481119, 22481119, 22481119, 22481119, 22417121, 22417121, 22417121, 22417121, 22417121, 22417121, 22417121, 22417121, 22417121, 22417121, 22417121, 22417121, 22417121, 22417121, 22417121, 22417121, 22417121, 22417121, 22417121, 22417121, 22417121, 22417121, 22407802, 22407802, 22407802, 22407802, 22329010, 22329010, 22329010, 22286797, 22286797, 22286797, 22286797, 22286797, 22286797, 22286797, 22286797, 22286797, 22286797, 22286797, 22286797, 22286797, 22286797, 22286797, 22286797, 22286797, 22286797, 22286797, 22286797, 22286797, 22286797, 22290157, 22290157, 22290157, 22290157, 22290157, 22290157, 22290157, 22290157, 22290157, 22290157, 22290157, 22290157, 22290157, 22290157, 22290157, 22290157, 22349964, 22349964, 22349964, 22349964, 22349964, 22349964, 22349964, 22136400, 22136400, 22136400, 22136400, 22136400, 22136400, 22136400, 22136400, 22136400, 22136400, 22136400, 22136400, 22136400, 22136400, 22136400, 22136400, 22136400, 22136400, 22136400, 21832594, 21832594, 21832594, 21832594, 21832594, 21798132, 21798132, 21798132, 21765155, 21765155, 21765155, 21765155, 21765155, 21765155, 21765155, 21765155, 21765155, 21765155, 21765155, 21765155, 21765155, 21765155, 21765155, 21765155, 21687077, 21687077, 21687077, 21687077, 21687077, 21633900, 21584222, 21584222, 21584222, 21584222, 21584222, 21573930, 21573930, 21573930, 21573930, 21573930, 21573930, 21573930, 21573930, 21573930, 21573930, 21573930, 21573930, 21573930, 21573930, 21573930, 21573930, 21573930, 21573930, 21573930, 21573930, 21573930, 21573930, 21534285, 21534285, 21534285, 21534285, 21529586, 21529586, 21450719, 21450719, 21450719, 21450719, 21450719, 21450719, 21450719, 21450719, 21450719, 21450719, 21450719, 21450719, 21450719, 21450719, 21450719, 21450719, 21450719, 21450719, 21450719, 21450719, 21450719, 21450719, 21450719, 21450719, 21450719, 21450719, 21450719, 21450719, 21450719, 21450719, 21450719, 21440997, 21440997, 21440997, 21440997, 21440997, 21440997, 21440997, 21404208, 21404208, 21404208, 21360121, 21360121, 21360121, 21302766, 21302766, 21302766, 21306046, 21306046, 21306046, 21306046, 21306046, 21306046, 21306046, 21306046, 21306046, 21306046, 21306046, 21306046, 21306046, 21306046, 21210497, 21210497, 21210497, 21210497, 21026993, 21026993, 21026993, 21026993, 21026993, 21026993, 21026993, 21026993, 21026993, 21026993, 21026993, 21026993, 21026993, 21026993, 20798584, 20798584, 20798584, 20798584, 20661696, 20661696, 20662416, 20662416, 20662416, 20662416, 20662416, 20662416, 20662416, 20662416, 20662416, 20662416, 20662416, 20662416, 20662416, 20662416, 20662416, 20662416, 20662416, 20662416, 20662416, 20662416, 20662416, 20677672, 20677672, 20677672, 20640312, 20640312, 20640312, 20640312, 20640312, 20640312, 20640312, 20640312, 20640312, 20640312, 20640312, 20640312, 20640312, 20640312, 20640312, 20640312, 20640312, 20640312, 20640312, 20640312, 20640312, 20640312, 20640312, 20640312]",0,0,0
0,178,meta-llama/Llama-3.1-70B,253,668,62059670593,71339241160,9279570567,22505837,54118474,22283700,"[21700906, 21700906, 21700906, 33942693, 21684597, 34460905, 21763235, 21763235, 21763235, 21763235, 21684597, 21684597, 21684597, 21684597, 21684597, 21684597, 21684597, 23197177, 87579167, 26021753, 21832594, 21832594, 21832594, 21832594, 21795732, 21795732, 21795732, 21795732, 21795732, 23241994, 21832594, 21832594, 21795732, 21795732, 21795732, 21795732, 21795732, 21795732, 21795732, 25520316, 22486365, 22096917, 22096917, 22096917, 22096917, 41656216, 22136400, 22136400, 22136400, 22136400, 22136400, 24723023, 22349964, 22134560, 22096917, 24408270, 22136400, 22136400, 45867244, 31151375, 22329010, 22329010, 22329010, 22329010, 22329010, 22329010, 22329010, 22329010, 22290157, 53885814, 22332210, 22332210, 22332210, 22332210, 22332210, 22332210, 22332210, 22332210, 23136725, 22407802, 22407802, 22407802, 23043043, 22417121, 65408869, 23058304, 22481119, 22481119, 22481119, 22481119, 23383993, 22570527, 22570527, 22570527, 22570527, 22570527, 22570527, 22570527, 22570527, 22570527, 22570527, 22481119, 22481119, 22481119, 22481119, 22481119, 22481119, 22481119, 22481119, 22481119, 22481119, 22481119, 22481119, 22417121, 22417121, 22417121, 22417121, 22417121, 22417121, 22417121, 22417121, 22417121, 22417121, 22417121, 22417121, 22417121, 22417121, 22417121, 22417121, 22417121, 22417121, 22417121, 22417121, 22417121, 22417121, 22407802, 22407802, 22407802, 22407802, 22329010, 22329010, 22329010, 22286797, 22286797, 22286797, 22286797, 22286797, 22286797, 22286797, 22286797, 22286797, 22286797, 22286797, 22286797, 22286797, 22286797, 22286797, 22286797, 22286797, 22286797, 22286797, 22286797, 22286797, 22286797, 22290157, 22290157, 22290157, 22290157, 22290157, 22290157, 22290157, 22290157, 22290157, 22290157, 22290157, 22290157, 22290157, 22290157, 22290157, 22290157, 22349964, 22349964, 22349964, 22349964, 22349964, 22349964, 22349964, 22136400, 22136400, 22136400, 22136400, 22136400, 22136400, 22136400, 22136400, 22136400, 22136400, 22136400, 22136400, 22136400, 22136400, 22136400, 22136400, 22136400, 22136400, 22136400, 21832594, 21832594, 21832594, 21832594, 21832594, 21798132, 21798132, 21798132, 21765155, 21765155, 21765155, 21765155, 21765155, 21765155, 21765155, 21765155, 21765155, 21765155, 21765155, 21765155, 21765155, 21765155, 21765155, 21765155, 21687077, 21687077, 21687077, 21687077, 21687077, 21633900, 21584222, 21584222, 21584222, 21584222, 21584222, 21573930, 21573930, 21573930, 21573930, 21573930, 21573930, 21573930, 21573930, 21573930, 21573930, 21573930, 21573930, 21573930, 21573930, 21573930, 21573930, 21573930, 21573930, 21573930, 21573930, 21573930, 21573930, 21534285, 21534285, 21534285, 21534285, 21529586, 21529586, 21450719, 21450719, 21450719, 21450719, 21450719, 21450719, 21450719, 21450719, 21450719, 21450719, 21450719, 21450719, 21450719, 21450719, 21450719, 21450719, 21450719, 21450719, 21450719, 21450719, 21450719, 21450719, 21450719, 21450719, 21450719, 21450719, 21450719, 21450719, 21450719, 21450719, 21450719, 21440997, 21440997, 21440997, 21440997, 21440997, 21440997, 21440997, 21404208, 21404208, 21404208, 21360121, 21360121, 21360121, 21302766, 21302766, 21302766, 21306046, 21306046, 21306046, 21306046, 21306046, 21306046, 21306046, 21306046, 21306046, 21306046, 21306046, 21306046, 21306046, 21306046, 21210497, 21210497, 21210497, 21210497, 21026993, 21026993, 21026993, 21026993, 21026993, 21026993, 21026993, 21026993, 21026993, 21026993, 21026993, 21026993, 21026993, 21026993, 20798584, 20798584, 20798584, 20798584, 20661696, 20661696, 20662416, 20662416, 20662416, 20662416, 20662416, 20662416, 20662416, 20662416, 20662416, 20662416, 20662416, 20662416, 20662416, 20662416, 20662416, 20662416, 20662416, 20662416, 20662416, 20662416, 20662416, 20677672, 20677672, 20677672, 20640312, 20640312, 20640312, 20640312, 20640312, 20640312, 20640312, 20640312, 20640312, 20640312, 20640312, 20640312, 20640312, 20640312, 20640312, 20640312, 20640312, 20640312, 20640312, 20640312, 20640312, 20640312, 20640312, 20640312, 20596198, 20596198, 20636678, 20636678, 20636678, 20636678, 20636678, 20636678, 20636678, 20636678, 20636678, 20636678]",0,0,0
0,159,meta-llama/Llama-3.1-70B,336,800,60758080020,71463585658,10705505638,11344537,46238448,23022175,"[20458756, 20458756, 20458756, 20458756, 20458756, 97724453, 82805488, 63604889, 29615869, 20674472, 20674472, 21564941, 20654256, 20654256, 20654256, 82873383, 42938506, 22295961, 21188257, 21188257, 21188257, 21188257, 21188257, 21188257, 23520378, 21297566, 41299459, 26572210, 21436357, 21436357, 29520458, 21447759, 21447759, 21447759, 21447759, 41328815, 21529805, 67149800, 22353767, 21584462, 21584462, 35294506, 31612637, 21700906, 21700906, 21700906, 33942693, 21684597, 34460905, 21763235, 21763235, 21763235, 21763235, 21684597, 21684597, 21684597, 21684597, 21684597, 21684597, 21684597, 23197177, 87579167, 26021753, 21832594, 21832594, 21832594, 21832594, 21795732, 21795732, 21795732, 21795732, 21795732, 23241994, 21832594, 21832594, 21795732, 21795732, 21795732, 21795732, 21795732, 21795732, 21795732, 25520316, 22486365, 22096917, 22096917, 22096917, 22096917, 41656216, 22136400, 22136400, 22136400, 22136400, 22136400, 24723023, 22349964, 22134560, 22096917, 24408270, 22136400, 22136400, 45867244, 31151375, 22329010, 22329010, 22329010, 22329010, 22329010, 22329010, 22329010, 22329010, 22290157, 53885814, 22332210, 22332210, 22332210, 22332210, 22332210, 22332210, 22332210, 22332210, 23136725, 22407802, 22407802, 22407802, 23043043, 22417121, 65408869, 23058304, 22481119, 22481119, 22481119, 22481119, 23383993, 22570527, 22570527, 22570527, 22570527, 22570527, 22570527, 22570527, 22570527, 22570527, 22570527, 22481119, 22481119, 22481119, 22481119, 22481119, 22481119, 22481119, 22481119, 22481119, 22481119, 22481119, 22481119, 22417121, 22417121, 22417121, 22417121, 22417121, 22417121, 22417121, 22417121, 22417121, 22417121, 22417121, 22417121, 22417121, 22417121, 22417121, 22417121, 22417121, 22417121, 22417121, 22417121, 22417121, 22417121, 22407802, 22407802, 22407802, 22407802, 22329010, 22329010, 22329010, 22286797, 22286797, 22286797, 22286797, 22286797, 22286797, 22286797, 22286797, 22286797, 22286797, 22286797, 22286797, 22286797, 22286797, 22286797, 22286797, 22286797, 22286797, 22286797, 22286797, 22286797, 22286797, 22290157, 22290157, 22290157, 22290157, 22290157, 22290157, 22290157, 22290157, 22290157, 22290157, 22290157, 22290157, 22290157, 22290157, 22290157, 22290157, 22349964, 22349964, 22349964, 22349964, 22349964, 22349964, 22349964, 22136400, 22136400, 22136400, 22136400, 22136400, 22136400, 22136400, 22136400, 22136400, 22136400, 22136400, 22136400, 22136400, 22136400, 22136400, 22136400, 22136400, 22136400, 22136400, 21832594, 21832594, 21832594, 21832594, 21832594, 21798132, 21798132, 21798132, 21765155, 21765155, 21765155, 21765155, 21765155, 21765155, 21765155, 21765155, 21765155, 21765155, 21765155, 21765155, 21765155, 21765155, 21765155, 21765155, 21687077, 21687077, 21687077, 21687077, 21687077, 21633900, 21584222, 21584222, 21584222, 21584222, 21584222, 21573930, 21573930, 21573930, 21573930, 21573930, 21573930, 21573930, 21573930, 21573930, 21573930, 21573930, 21573930, 21573930, 21573930, 21573930, 21573930, 21573930, 21573930, 21573930, 21573930, 21573930, 21573930, 21534285, 21534285, 21534285, 21534285, 21529586, 21529586, 21450719, 21450719, 21450719, 21450719, 21450719, 21450719, 21450719, 21450719, 21450719, 21450719, 21450719, 21450719, 21450719, 21450719, 21450719, 21450719, 21450719, 21450719, 21450719, 21450719, 21450719, 21450719, 21450719, 21450719, 21450719, 21450719, 21450719, 21450719, 21450719, 21450719, 21450719, 21440997, 21440997, 21440997, 21440997, 21440997, 21440997, 21440997, 21404208, 21404208, 21404208, 21360121, 21360121, 21360121, 21302766, 21302766, 21302766, 21306046, 21306046, 21306046, 21306046, 21306046, 21306046, 21306046, 21306046, 21306046, 21306046, 21306046, 21306046, 21306046, 21306046, 21210497, 21210497, 21210497, 21210497, 21026993, 21026993, 21026993, 21026993, 21026993, 21026993, 21026993, 21026993, 21026993, 21026993, 21026993, 21026993, 21026993, 21026993, 20798584, 20798584, 20798584, 20798584, 20661696, 20661696, 20662416, 20662416, 20662416, 20662416, 20662416, 20662416, 20662416, 20662416, 20662416, 20662416, 20662416, 20662416, 20662416, 20662416, 20662416, 20662416, 20662416, 20662416, 20662416, 20662416, 20662416, 20677672, 20677672, 20677672, 20640312, 20640312, 20640312, 20640312, 20640312, 20640312, 20640312, 20640312, 20640312, 20640312, 20640312, 20640312, 20640312, 20640312, 20640312, 20640312, 20640312, 20640312, 20640312, 20640312, 20640312, 20640312, 20640312, 20640312, 20596198, 20596198, 20636678, 20636678, 20636678, 20636678, 20636678, 20636678, 20636678, 20636678, 20636678, 20636678, 20724083, 20724083, 20724083, 20724083, 20724083, 20724083]",0,0,0
0,193,meta-llama/Llama-3.1-70B,72,447,63540585529,71753125202,8212539673,14409352,45560727,21836842,"[22329010, 22329010, 22329010, 22329010, 22329010, 22329010, 22329010, 22329010, 22290157, 53885814, 22332210, 22332210, 22332210, 22332210, 22332210, 22332210, 22332210, 22332210, 23136725, 22407802, 22407802, 22407802, 23043043, 22417121, 65408869, 23058304, 22481119, 22481119, 22481119, 22481119, 23383993, 22570527, 22570527, 22570527, 22570527, 22570527, 22570527, 22570527, 22570527, 22570527, 22570527, 22481119, 22481119, 22481119, 22481119, 22481119, 22481119, 22481119, 22481119, 22481119, 22481119, 22481119, 22481119, 22417121, 22417121, 22417121, 22417121, 22417121, 22417121, 22417121, 22417121, 22417121, 22417121, 22417121, 22417121, 22417121, 22417121, 22417121, 22417121, 22417121, 22417121, 22417121, 22417121, 22417121, 22417121, 22407802, 22407802, 22407802, 22407802, 22329010, 22329010, 22329010, 22286797, 22286797, 22286797, 22286797, 22286797, 22286797, 22286797, 22286797, 22286797, 22286797, 22286797, 22286797, 22286797, 22286797, 22286797, 22286797, 22286797, 22286797, 22286797, 22286797, 22286797, 22286797, 22290157, 22290157, 22290157, 22290157, 22290157, 22290157, 22290157, 22290157, 22290157, 22290157, 22290157, 22290157, 22290157, 22290157, 22290157, 22290157, 22349964, 22349964, 22349964, 22349964, 22349964, 22349964, 22349964, 22136400, 22136400, 22136400, 22136400, 22136400, 22136400, 22136400, 22136400, 22136400, 22136400, 22136400, 22136400, 22136400, 22136400, 22136400, 22136400, 22136400, 22136400, 22136400, 21832594, 21832594, 21832594, 21832594, 21832594, 21798132, 21798132, 21798132, 21765155, 21765155, 21765155, 21765155, 21765155, 21765155, 21765155, 21765155, 21765155, 21765155, 21765155, 21765155, 21765155, 21765155, 21765155, 21765155, 21687077, 21687077, 21687077, 21687077, 21687077, 21633900, 21584222, 21584222, 21584222, 21584222, 21584222, 21573930, 21573930, 21573930, 21573930, 21573930, 21573930, 21573930, 21573930, 21573930, 21573930, 21573930, 21573930, 21573930, 21573930, 21573930, 21573930, 21573930, 21573930, 21573930, 21573930, 21573930, 21573930, 21534285, 21534285, 21534285, 21534285, 21529586, 21529586, 21450719, 21450719, 21450719, 21450719, 21450719, 21450719, 21450719, 21450719, 21450719, 21450719, 21450719, 21450719, 21450719, 21450719, 21450719, 21450719, 21450719, 21450719, 21450719, 21450719, 21450719, 21450719, 21450719, 21450719, 21450719, 21450719, 21450719, 21450719, 21450719, 21450719, 21450719, 21440997, 21440997, 21440997, 21440997, 21440997, 21440997, 21440997, 21404208, 21404208, 21404208, 21360121, 21360121, 21360121, 21302766, 21302766, 21302766, 21306046, 21306046, 21306046, 21306046, 21306046, 21306046, 21306046, 21306046, 21306046, 21306046, 21306046, 21306046, 21306046, 21306046, 21210497, 21210497, 21210497, 21210497, 21026993, 21026993, 21026993, 21026993, 21026993, 21026993, 21026993, 21026993, 21026993, 21026993, 21026993, 21026993, 21026993, 21026993, 20798584, 20798584, 20798584, 20798584, 20661696, 20661696, 20662416, 20662416, 20662416, 20662416, 20662416, 20662416, 20662416, 20662416, 20662416, 20662416, 20662416, 20662416, 20662416, 20662416, 20662416, 20662416, 20662416, 20662416, 20662416, 20662416, 20662416, 20677672, 20677672, 20677672, 20640312, 20640312, 20640312, 20640312, 20640312, 20640312, 20640312, 20640312, 20640312, 20640312, 20640312, 20640312, 20640312, 20640312, 20640312, 20640312, 20640312, 20640312, 20640312, 20640312, 20640312, 20640312, 20640312, 20640312, 20596198, 20596198, 20636678, 20636678, 20636678, 20636678, 20636678, 20636678, 20636678, 20636678, 20636678, 20636678, 20724083, 20724083, 20724083, 20724083, 20724083, 20724083, 20681396, 20681396, 20681396, 20681396, 20681396, 20681396, 20681396, 20681396, 20681396, 20681396, 20681396, 20681396, 20681396, 20681396]",0,0,0
0,188,meta-llama/Llama-3.1-70B,395,785,63176735627,71773724068,8596988441,20068260,61724476,21941552,"[22136400, 22136400, 22136400, 22136400, 22136400, 24723023, 22349964, 22134560, 22096917, 24408270, 22136400, 22136400, 45867244, 31151375, 22329010, 22329010, 22329010, 22329010, 22329010, 22329010, 22329010, 22329010, 22290157, 53885814, 22332210, 22332210, 22332210, 22332210, 22332210, 22332210, 22332210, 22332210, 23136725, 22407802, 22407802, 22407802, 23043043, 22417121, 65408869, 23058304, 22481119, 22481119, 22481119, 22481119, 23383993, 22570527, 22570527, 22570527, 22570527, 22570527, 22570527, 22570527, 22570527, 22570527, 22570527, 22481119, 22481119, 22481119, 22481119, 22481119, 22481119, 22481119, 22481119, 22481119, 22481119, 22481119, 22481119, 22417121, 22417121, 22417121, 22417121, 22417121, 22417121, 22417121, 22417121, 22417121, 22417121, 22417121, 22417121, 22417121, 22417121, 22417121, 22417121, 22417121, 22417121, 22417121, 22417121, 22417121, 22417121, 22407802, 22407802, 22407802, 22407802, 22329010, 22329010, 22329010, 22286797, 22286797, 22286797, 22286797, 22286797, 22286797, 22286797, 22286797, 22286797, 22286797, 22286797, 22286797, 22286797, 22286797, 22286797, 22286797, 22286797, 22286797, 22286797, 22286797, 22286797, 22286797, 22290157, 22290157, 22290157, 22290157, 22290157, 22290157, 22290157, 22290157, 22290157, 22290157, 22290157, 22290157, 22290157, 22290157, 22290157, 22290157, 22349964, 22349964, 22349964, 22349964, 22349964, 22349964, 22349964, 22136400, 22136400, 22136400, 22136400, 22136400, 22136400, 22136400, 22136400, 22136400, 22136400, 22136400, 22136400, 22136400, 22136400, 22136400, 22136400, 22136400, 22136400, 22136400, 21832594, 21832594, 21832594, 21832594, 21832594, 21798132, 21798132, 21798132, 21765155, 21765155, 21765155, 21765155, 21765155, 21765155, 21765155, 21765155, 21765155, 21765155, 21765155, 21765155, 21765155, 21765155, 21765155, 21765155, 21687077, 21687077, 21687077, 21687077, 21687077, 21633900, 21584222, 21584222, 21584222, 21584222, 21584222, 21573930, 21573930, 21573930, 21573930, 21573930, 21573930, 21573930, 21573930, 21573930, 21573930, 21573930, 21573930, 21573930, 21573930, 21573930, 21573930, 21573930, 21573930, 21573930, 21573930, 21573930, 21573930, 21534285, 21534285, 21534285, 21534285, 21529586, 21529586, 21450719, 21450719, 21450719, 21450719, 21450719, 21450719, 21450719, 21450719, 21450719, 21450719, 21450719, 21450719, 21450719, 21450719, 21450719, 21450719, 21450719, 21450719, 21450719, 21450719, 21450719, 21450719, 21450719, 21450719, 21450719, 21450719, 21450719, 21450719, 21450719, 21450719, 21450719, 21440997, 21440997, 21440997, 21440997, 21440997, 21440997, 21440997, 21404208, 21404208, 21404208, 21360121, 21360121, 21360121, 21302766, 21302766, 21302766, 21306046, 21306046, 21306046, 21306046, 21306046, 21306046, 21306046, 21306046, 21306046, 21306046, 21306046, 21306046, 21306046, 21306046, 21210497, 21210497, 21210497, 21210497, 21026993, 21026993, 21026993, 21026993, 21026993, 21026993, 21026993, 21026993, 21026993, 21026993, 21026993, 21026993, 21026993, 21026993, 20798584, 20798584, 20798584, 20798584, 20661696, 20661696, 20662416, 20662416, 20662416, 20662416, 20662416, 20662416, 20662416, 20662416, 20662416, 20662416, 20662416, 20662416, 20662416, 20662416, 20662416, 20662416, 20662416, 20662416, 20662416, 20662416, 20662416, 20677672, 20677672, 20677672, 20640312, 20640312, 20640312, 20640312, 20640312, 20640312, 20640312, 20640312, 20640312, 20640312, 20640312, 20640312, 20640312, 20640312, 20640312, 20640312, 20640312, 20640312, 20640312, 20640312, 20640312, 20640312, 20640312, 20640312, 20596198, 20596198, 20636678, 20636678, 20636678, 20636678, 20636678, 20636678, 20636678, 20636678, 20636678, 20636678, 20724083, 20724083, 20724083, 20724083, 20724083, 20724083, 20681396, 20681396, 20681396, 20681396, 20681396, 20681396, 20681396, 20681396, 20681396, 20681396, 20681396, 20681396, 20681396, 20681396, 20598866]",0,0,0
0,190,meta-llama/Llama-3.1-70B,62,460,63427697270,72153394238,8725696968,12749297,37157567,21885489,"[22136400, 22136400, 45867244, 31151375, 22329010, 22329010, 22329010, 22329010, 22329010, 22329010, 22329010, 22329010, 22290157, 53885814, 22332210, 22332210, 22332210, 22332210, 22332210, 22332210, 22332210, 22332210, 23136725, 22407802, 22407802, 22407802, 23043043, 22417121, 65408869, 23058304, 22481119, 22481119, 22481119, 22481119, 23383993, 22570527, 22570527, 22570527, 22570527, 22570527, 22570527, 22570527, 22570527, 22570527, 22570527, 22481119, 22481119, 22481119, 22481119, 22481119, 22481119, 22481119, 22481119, 22481119, 22481119, 22481119, 22481119, 22417121, 22417121, 22417121, 22417121, 22417121, 22417121, 22417121, 22417121, 22417121, 22417121, 22417121, 22417121, 22417121, 22417121, 22417121, 22417121, 22417121, 22417121, 22417121, 22417121, 22417121, 22417121, 22407802, 22407802, 22407802, 22407802, 22329010, 22329010, 22329010, 22286797, 22286797, 22286797, 22286797, 22286797, 22286797, 22286797, 22286797, 22286797, 22286797, 22286797, 22286797, 22286797, 22286797, 22286797, 22286797, 22286797, 22286797, 22286797, 22286797, 22286797, 22286797, 22290157, 22290157, 22290157, 22290157, 22290157, 22290157, 22290157, 22290157, 22290157, 22290157, 22290157, 22290157, 22290157, 22290157, 22290157, 22290157, 22349964, 22349964, 22349964, 22349964, 22349964, 22349964, 22349964, 22136400, 22136400, 22136400, 22136400, 22136400, 22136400, 22136400, 22136400, 22136400, 22136400, 22136400, 22136400, 22136400, 22136400, 22136400, 22136400, 22136400, 22136400, 22136400, 21832594, 21832594, 21832594, 21832594, 21832594, 21798132, 21798132, 21798132, 21765155, 21765155, 21765155, 21765155, 21765155, 21765155, 21765155, 21765155, 21765155, 21765155, 21765155, 21765155, 21765155, 21765155, 21765155, 21765155, 21687077, 21687077, 21687077, 21687077, 21687077, 21633900, 21584222, 21584222, 21584222, 21584222, 21584222, 21573930, 21573930, 21573930, 21573930, 21573930, 21573930, 21573930, 21573930, 21573930, 21573930, 21573930, 21573930, 21573930, 21573930, 21573930, 21573930, 21573930, 21573930, 21573930, 21573930, 21573930, 21573930, 21534285, 21534285, 21534285, 21534285, 21529586, 21529586, 21450719, 21450719, 21450719, 21450719, 21450719, 21450719, 21450719, 21450719, 21450719, 21450719, 21450719, 21450719, 21450719, 21450719, 21450719, 21450719, 21450719, 21450719, 21450719, 21450719, 21450719, 21450719, 21450719, 21450719, 21450719, 21450719, 21450719, 21450719, 21450719, 21450719, 21450719, 21440997, 21440997, 21440997, 21440997, 21440997, 21440997, 21440997, 21404208, 21404208, 21404208, 21360121, 21360121, 21360121, 21302766, 21302766, 21302766, 21306046, 21306046, 21306046, 21306046, 21306046, 21306046, 21306046, 21306046, 21306046, 21306046, 21306046, 21306046, 21306046, 21306046, 21210497, 21210497, 21210497, 21210497, 21026993, 21026993, 21026993, 21026993, 21026993, 21026993, 21026993, 21026993, 21026993, 21026993, 21026993, 21026993, 21026993, 21026993, 20798584, 20798584, 20798584, 20798584, 20661696, 20661696, 20662416, 20662416, 20662416, 20662416, 20662416, 20662416, 20662416, 20662416, 20662416, 20662416, 20662416, 20662416, 20662416, 20662416, 20662416, 20662416, 20662416, 20662416, 20662416, 20662416, 20662416, 20677672, 20677672, 20677672, 20640312, 20640312, 20640312, 20640312, 20640312, 20640312, 20640312, 20640312, 20640312, 20640312, 20640312, 20640312, 20640312, 20640312, 20640312, 20640312, 20640312, 20640312, 20640312, 20640312, 20640312, 20640312, 20640312, 20640312, 20596198, 20596198, 20636678, 20636678, 20636678, 20636678, 20636678, 20636678, 20636678, 20636678, 20636678, 20636678, 20724083, 20724083, 20724083, 20724083, 20724083, 20724083, 20681396, 20681396, 20681396, 20681396, 20681396, 20681396, 20681396, 20681396, 20681396, 20681396, 20681396, 20681396, 20681396, 20681396, 20598866, 21091565, 21091565, 21091565, 21091565, 21091565, 21091565, 21091565, 21093565, 21093565, 21093565, 21093565, 21093565, 21093565, 21093565, 21093565, 21093565, 21093565, 21093565]",0,0,0
0,158,meta-llama/Llama-3.1-70B,25,644,60646564519,74623397464,13976832945,19647633,41349374,22549326,"[20377666, 20377666, 20377666, 20377666, 34893911, 20458756, 20458756, 20458756, 20458756, 20458756, 97724453, 82805488, 63604889, 29615869, 20674472, 20674472, 21564941, 20654256, 20654256, 20654256, 82873383, 42938506, 22295961, 21188257, 21188257, 21188257, 21188257, 21188257, 21188257, 23520378, 21297566, 41299459, 26572210, 21436357, 21436357, 29520458, 21447759, 21447759, 21447759, 21447759, 41328815, 21529805, 67149800, 22353767, 21584462, 21584462, 35294506, 31612637, 21700906, 21700906, 21700906, 33942693, 21684597, 34460905, 21763235, 21763235, 21763235, 21763235, 21684597, 21684597, 21684597, 21684597, 21684597, 21684597, 21684597, 23197177, 87579167, 26021753, 21832594, 21832594, 21832594, 21832594, 21795732, 21795732, 21795732, 21795732, 21795732, 23241994, 21832594, 21832594, 21795732, 21795732, 21795732, 21795732, 21795732, 21795732, 21795732, 25520316, 22486365, 22096917, 22096917, 22096917, 22096917, 41656216, 22136400, 22136400, 22136400, 22136400, 22136400, 24723023, 22349964, 22134560, 22096917, 24408270, 22136400, 22136400, 45867244, 31151375, 22329010, 22329010, 22329010, 22329010, 22329010, 22329010, 22329010, 22329010, 22290157, 53885814, 22332210, 22332210, 22332210, 22332210, 22332210, 22332210, 22332210, 22332210, 23136725, 22407802, 22407802, 22407802, 23043043, 22417121, 65408869, 23058304, 22481119, 22481119, 22481119, 22481119, 23383993, 22570527, 22570527, 22570527, 22570527, 22570527, 22570527, 22570527, 22570527, 22570527, 22570527, 22481119, 22481119, 22481119, 22481119, 22481119, 22481119, 22481119, 22481119, 22481119, 22481119, 22481119, 22481119, 22417121, 22417121, 22417121, 22417121, 22417121, 22417121, 22417121, 22417121, 22417121, 22417121, 22417121, 22417121, 22417121, 22417121, 22417121, 22417121, 22417121, 22417121, 22417121, 22417121, 22417121, 22417121, 22407802, 22407802, 22407802, 22407802, 22329010, 22329010, 22329010, 22286797, 22286797, 22286797, 22286797, 22286797, 22286797, 22286797, 22286797, 22286797, 22286797, 22286797, 22286797, 22286797, 22286797, 22286797, 22286797, 22286797, 22286797, 22286797, 22286797, 22286797, 22286797, 22290157, 22290157, 22290157, 22290157, 22290157, 22290157, 22290157, 22290157, 22290157, 22290157, 22290157, 22290157, 22290157, 22290157, 22290157, 22290157, 22349964, 22349964, 22349964, 22349964, 22349964, 22349964, 22349964, 22136400, 22136400, 22136400, 22136400, 22136400, 22136400, 22136400, 22136400, 22136400, 22136400, 22136400, 22136400, 22136400, 22136400, 22136400, 22136400, 22136400, 22136400, 22136400, 21832594, 21832594, 21832594, 21832594, 21832594, 21798132, 21798132, 21798132, 21765155, 21765155, 21765155, 21765155, 21765155, 21765155, 21765155, 21765155, 21765155, 21765155, 21765155, 21765155, 21765155, 21765155, 21765155, 21765155, 21687077, 21687077, 21687077, 21687077, 21687077, 21633900, 21584222, 21584222, 21584222, 21584222, 21584222, 21573930, 21573930, 21573930, 21573930, 21573930, 21573930, 21573930, 21573930, 21573930, 21573930, 21573930, 21573930, 21573930, 21573930, 21573930, 21573930, 21573930, 21573930, 21573930, 21573930, 21573930, 21573930, 21534285, 21534285, 21534285, 21534285, 21529586, 21529586, 21450719, 21450719, 21450719, 21450719, 21450719, 21450719, 21450719, 21450719, 21450719, 21450719, 21450719, 21450719, 21450719, 21450719, 21450719, 21450719, 21450719, 21450719, 21450719, 21450719, 21450719, 21450719, 21450719, 21450719, 21450719, 21450719, 21450719, 21450719, 21450719, 21450719, 21450719, 21440997, 21440997, 21440997, 21440997, 21440997, 21440997, 21440997, 21404208, 21404208, 21404208, 21360121, 21360121, 21360121, 21302766, 21302766, 21302766, 21306046, 21306046, 21306046, 21306046, 21306046, 21306046, 21306046, 21306046, 21306046, 21306046, 21306046, 21306046, 21306046, 21306046, 21210497, 21210497, 21210497, 21210497, 21026993, 21026993, 21026993, 21026993, 21026993, 21026993, 21026993, 21026993, 21026993, 21026993, 21026993, 21026993, 21026993, 21026993, 20798584, 20798584, 20798584, 20798584, 20661696, 20661696, 20662416, 20662416, 20662416, 20662416, 20662416, 20662416, 20662416, 20662416, 20662416, 20662416, 20662416, 20662416, 20662416, 20662416, 20662416, 20662416, 20662416, 20662416, 20662416, 20662416, 20662416, 20677672, 20677672, 20677672, 20640312, 20640312, 20640312, 20640312, 20640312, 20640312, 20640312, 20640312, 20640312, 20640312, 20640312, 20640312, 20640312, 20640312, 20640312, 20640312, 20640312, 20640312, 20640312, 20640312, 20640312, 20640312, 20640312, 20640312, 20596198, 20596198, 20636678, 20636678, 20636678, 20636678, 20636678, 20636678, 20636678, 20636678, 20636678, 20636678, 20724083, 20724083, 20724083, 20724083, 20724083, 20724083, 20681396, 20681396, 20681396, 20681396, 20681396, 20681396, 20681396, 20681396, 20681396, 20681396, 20681396, 20681396, 20681396, 20681396, 20598866, 21091565, 21091565, 21091565, 21091565, 21091565, 21091565, 21091565, 21093565, 21093565, 21093565, 21093565, 21093565, 21093565, 21093565, 21093565, 21093565, 21093565, 21093565, 21050098, 21050098, 21050098, 21050098, 21050098, 21050098, 21050098, 21074978, 21074978, 21074978, 21074978, 21074978, 21074978, 21074978, 21074978, 21074978, 21074978, 21074978, 21074978, 21074978, 21074978, 21074978, 21074978, 21074978, 21074978, 21074978, 21074978, 21074978, 21074978, 21074978, 21074978, 21074978, 21074978, 21074978, 21074978, 21074978, 21074978, 21074978, 21074978, 21074978, 21074978, 21074978, 21074978, 21074978, 21074978, 21074978, 21074978, 21074978, 21074978, 21074978, 21074978, 21074978, 21074978, 21074978, 21074978, 21074978, 21074978, 21074978, 21074978, 21074978, 21074978, 21074978, 21074978, 21074978, 21074978, 21074978, 21074978, 21074978, 21074978, 21074978, 21074978, 21170738, 21170738, 21170738, 21170738, 21170738, 21170738, 21170738, 21170738, 21170738, 21170738, 21170738, 21170738, 21170738, 21170738, 21170738, 21170738, 21170738, 21170738, 21170738, 21170738, 21170738, 21170738, 21170738, 21170738, 21170738, 21170738, 21170738, 21170738, 21170738, 21170738, 21170738, 21170738, 21170738, 21170738, 21170738, 21170738, 21170738, 21170738, 21170738, 21170738, 21170738, 21170738, 21170738, 21170738, 21170738, 21170738]",0,0,0
0,162,meta-llama/Llama-3.1-70B,746,1369,61058876991,74982958718,13924081727,28265198,91870087,22238282,"[29615869, 20674472, 20674472, 21564941, 20654256, 20654256, 20654256, 82873383, 42938506, 22295961, 21188257, 21188257, 21188257, 21188257, 21188257, 21188257, 23520378, 21297566, 41299459, 26572210, 21436357, 21436357, 29520458, 21447759, 21447759, 21447759, 21447759, 41328815, 21529805, 67149800, 22353767, 21584462, 21584462, 35294506, 31612637, 21700906, 21700906, 21700906, 33942693, 21684597, 34460905, 21763235, 21763235, 21763235, 21763235, 21684597, 21684597, 21684597, 21684597, 21684597, 21684597, 21684597, 23197177, 87579167, 26021753, 21832594, 21832594, 21832594, 21832594, 21795732, 21795732, 21795732, 21795732, 21795732, 23241994, 21832594, 21832594, 21795732, 21795732, 21795732, 21795732, 21795732, 21795732, 21795732, 25520316, 22486365, 22096917, 22096917, 22096917, 22096917, 41656216, 22136400, 22136400, 22136400, 22136400, 22136400, 24723023, 22349964, 22134560, 22096917, 24408270, 22136400, 22136400, 45867244, 31151375, 22329010, 22329010, 22329010, 22329010, 22329010, 22329010, 22329010, 22329010, 22290157, 53885814, 22332210, 22332210, 22332210, 22332210, 22332210, 22332210, 22332210, 22332210, 23136725, 22407802, 22407802, 22407802, 23043043, 22417121, 65408869, 23058304, 22481119, 22481119, 22481119, 22481119, 23383993, 22570527, 22570527, 22570527, 22570527, 22570527, 22570527, 22570527, 22570527, 22570527, 22570527, 22481119, 22481119, 22481119, 22481119, 22481119, 22481119, 22481119, 22481119, 22481119, 22481119, 22481119, 22481119, 22417121, 22417121, 22417121, 22417121, 22417121, 22417121, 22417121, 22417121, 22417121, 22417121, 22417121, 22417121, 22417121, 22417121, 22417121, 22417121, 22417121, 22417121, 22417121, 22417121, 22417121, 22417121, 22407802, 22407802, 22407802, 22407802, 22329010, 22329010, 22329010, 22286797, 22286797, 22286797, 22286797, 22286797, 22286797, 22286797, 22286797, 22286797, 22286797, 22286797, 22286797, 22286797, 22286797, 22286797, 22286797, 22286797, 22286797, 22286797, 22286797, 22286797, 22286797, 22290157, 22290157, 22290157, 22290157, 22290157, 22290157, 22290157, 22290157, 22290157, 22290157, 22290157, 22290157, 22290157, 22290157, 22290157, 22290157, 22349964, 22349964, 22349964, 22349964, 22349964, 22349964, 22349964, 22136400, 22136400, 22136400, 22136400, 22136400, 22136400, 22136400, 22136400, 22136400, 22136400, 22136400, 22136400, 22136400, 22136400, 22136400, 22136400, 22136400, 22136400, 22136400, 21832594, 21832594, 21832594, 21832594, 21832594, 21798132, 21798132, 21798132, 21765155, 21765155, 21765155, 21765155, 21765155, 21765155, 21765155, 21765155, 21765155, 21765155, 21765155, 21765155, 21765155, 21765155, 21765155, 21765155, 21687077, 21687077, 21687077, 21687077, 21687077, 21633900, 21584222, 21584222, 21584222, 21584222, 21584222, 21573930, 21573930, 21573930, 21573930, 21573930, 21573930, 21573930, 21573930, 21573930, 21573930, 21573930, 21573930, 21573930, 21573930, 21573930, 21573930, 21573930, 21573930, 21573930, 21573930, 21573930, 21573930, 21534285, 21534285, 21534285, 21534285, 21529586, 21529586, 21450719, 21450719, 21450719, 21450719, 21450719, 21450719, 21450719, 21450719, 21450719, 21450719, 21450719, 21450719, 21450719, 21450719, 21450719, 21450719, 21450719, 21450719, 21450719, 21450719, 21450719, 21450719, 21450719, 21450719, 21450719, 21450719, 21450719, 21450719, 21450719, 21450719, 21450719, 21440997, 21440997, 21440997, 21440997, 21440997, 21440997, 21440997, 21404208, 21404208, 21404208, 21360121, 21360121, 21360121, 21302766, 21302766, 21302766, 21306046, 21306046, 21306046, 21306046, 21306046, 21306046, 21306046, 21306046, 21306046, 21306046, 21306046, 21306046, 21306046, 21306046, 21210497, 21210497, 21210497, 21210497, 21026993, 21026993, 21026993, 21026993, 21026993, 21026993, 21026993, 21026993, 21026993, 21026993, 21026993, 21026993, 21026993, 21026993, 20798584, 20798584, 20798584, 20798584, 20661696, 20661696, 20662416, 20662416, 20662416, 20662416, 20662416, 20662416, 20662416, 20662416, 20662416, 20662416, 20662416, 20662416, 20662416, 20662416, 20662416, 20662416, 20662416, 20662416, 20662416, 20662416, 20662416, 20677672, 20677672, 20677672, 20640312, 20640312, 20640312, 20640312, 20640312, 20640312, 20640312, 20640312, 20640312, 20640312, 20640312, 20640312, 20640312, 20640312, 20640312, 20640312, 20640312, 20640312, 20640312, 20640312, 20640312, 20640312, 20640312, 20640312, 20596198, 20596198, 20636678, 20636678, 20636678, 20636678, 20636678, 20636678, 20636678, 20636678, 20636678, 20636678, 20724083, 20724083, 20724083, 20724083, 20724083, 20724083, 20681396, 20681396, 20681396, 20681396, 20681396, 20681396, 20681396, 20681396, 20681396, 20681396, 20681396, 20681396, 20681396, 20681396, 20598866, 21091565, 21091565, 21091565, 21091565, 21091565, 21091565, 21091565, 21093565, 21093565, 21093565, 21093565, 21093565, 21093565, 21093565, 21093565, 21093565, 21093565, 21093565, 21050098, 21050098, 21050098, 21050098, 21050098, 21050098, 21050098, 21074978, 21074978, 21074978, 21074978, 21074978, 21074978, 21074978, 21074978, 21074978, 21074978, 21074978, 21074978, 21074978, 21074978, 21074978, 21074978, 21074978, 21074978, 21074978, 21074978, 21074978, 21074978, 21074978, 21074978, 21074978, 21074978, 21074978, 21074978, 21074978, 21074978, 21074978, 21074978, 21074978, 21074978, 21074978, 21074978, 21074978, 21074978, 21074978, 21074978, 21074978, 21074978, 21074978, 21074978, 21074978, 21074978, 21074978, 21074978, 21074978, 21074978, 21074978, 21074978, 21074978, 21074978, 21074978, 21074978, 21074978, 21074978, 21074978, 21074978, 21074978, 21074978, 21074978, 21074978, 21170738, 21170738, 21170738, 21170738, 21170738, 21170738, 21170738, 21170738, 21170738, 21170738, 21170738, 21170738, 21170738, 21170738, 21170738, 21170738, 21170738, 21170738, 21170738, 21170738, 21170738, 21170738, 21170738, 21170738, 21170738, 21170738, 21170738, 21170738, 21170738, 21170738, 21170738, 21170738, 21170738, 21170738, 21170738, 21170738, 21170738, 21170738, 21170738, 21170738, 21170738, 21170738, 21170738, 21170738, 21170738, 21170738, 21150662, 21150662, 21150662, 21150662, 21150662, 21150662, 21150662, 21150662, 21150662, 21150662, 21150662, 21150662, 21150662, 21150662, 21150662, 21150662, 21150662]",0,0,0
0,166,meta-llama/Llama-3.1-70B,436,1065,61381901950,75299760143,13917858193,6211033,49149539,22083930,"[22295961, 21188257, 21188257, 21188257, 21188257, 21188257, 21188257, 23520378, 21297566, 41299459, 26572210, 21436357, 21436357, 29520458, 21447759, 21447759, 21447759, 21447759, 41328815, 21529805, 67149800, 22353767, 21584462, 21584462, 35294506, 31612637, 21700906, 21700906, 21700906, 33942693, 21684597, 34460905, 21763235, 21763235, 21763235, 21763235, 21684597, 21684597, 21684597, 21684597, 21684597, 21684597, 21684597, 23197177, 87579167, 26021753, 21832594, 21832594, 21832594, 21832594, 21795732, 21795732, 21795732, 21795732, 21795732, 23241994, 21832594, 21832594, 21795732, 21795732, 21795732, 21795732, 21795732, 21795732, 21795732, 25520316, 22486365, 22096917, 22096917, 22096917, 22096917, 41656216, 22136400, 22136400, 22136400, 22136400, 22136400, 24723023, 22349964, 22134560, 22096917, 24408270, 22136400, 22136400, 45867244, 31151375, 22329010, 22329010, 22329010, 22329010, 22329010, 22329010, 22329010, 22329010, 22290157, 53885814, 22332210, 22332210, 22332210, 22332210, 22332210, 22332210, 22332210, 22332210, 23136725, 22407802, 22407802, 22407802, 23043043, 22417121, 65408869, 23058304, 22481119, 22481119, 22481119, 22481119, 23383993, 22570527, 22570527, 22570527, 22570527, 22570527, 22570527, 22570527, 22570527, 22570527, 22570527, 22481119, 22481119, 22481119, 22481119, 22481119, 22481119, 22481119, 22481119, 22481119, 22481119, 22481119, 22481119, 22417121, 22417121, 22417121, 22417121, 22417121, 22417121, 22417121, 22417121, 22417121, 22417121, 22417121, 22417121, 22417121, 22417121, 22417121, 22417121, 22417121, 22417121, 22417121, 22417121, 22417121, 22417121, 22407802, 22407802, 22407802, 22407802, 22329010, 22329010, 22329010, 22286797, 22286797, 22286797, 22286797, 22286797, 22286797, 22286797, 22286797, 22286797, 22286797, 22286797, 22286797, 22286797, 22286797, 22286797, 22286797, 22286797, 22286797, 22286797, 22286797, 22286797, 22286797, 22290157, 22290157, 22290157, 22290157, 22290157, 22290157, 22290157, 22290157, 22290157, 22290157, 22290157, 22290157, 22290157, 22290157, 22290157, 22290157, 22349964, 22349964, 22349964, 22349964, 22349964, 22349964, 22349964, 22136400, 22136400, 22136400, 22136400, 22136400, 22136400, 22136400, 22136400, 22136400, 22136400, 22136400, 22136400, 22136400, 22136400, 22136400, 22136400, 22136400, 22136400, 22136400, 21832594, 21832594, 21832594, 21832594, 21832594, 21798132, 21798132, 21798132, 21765155, 21765155, 21765155, 21765155, 21765155, 21765155, 21765155, 21765155, 21765155, 21765155, 21765155, 21765155, 21765155, 21765155, 21765155, 21765155, 21687077, 21687077, 21687077, 21687077, 21687077, 21633900, 21584222, 21584222, 21584222, 21584222, 21584222, 21573930, 21573930, 21573930, 21573930, 21573930, 21573930, 21573930, 21573930, 21573930, 21573930, 21573930, 21573930, 21573930, 21573930, 21573930, 21573930, 21573930, 21573930, 21573930, 21573930, 21573930, 21573930, 21534285, 21534285, 21534285, 21534285, 21529586, 21529586, 21450719, 21450719, 21450719, 21450719, 21450719, 21450719, 21450719, 21450719, 21450719, 21450719, 21450719, 21450719, 21450719, 21450719, 21450719, 21450719, 21450719, 21450719, 21450719, 21450719, 21450719, 21450719, 21450719, 21450719, 21450719, 21450719, 21450719, 21450719, 21450719, 21450719, 21450719, 21440997, 21440997, 21440997, 21440997, 21440997, 21440997, 21440997, 21404208, 21404208, 21404208, 21360121, 21360121, 21360121, 21302766, 21302766, 21302766, 21306046, 21306046, 21306046, 21306046, 21306046, 21306046, 21306046, 21306046, 21306046, 21306046, 21306046, 21306046, 21306046, 21306046, 21210497, 21210497, 21210497, 21210497, 21026993, 21026993, 21026993, 21026993, 21026993, 21026993, 21026993, 21026993, 21026993, 21026993, 21026993, 21026993, 21026993, 21026993, 20798584, 20798584, 20798584, 20798584, 20661696, 20661696, 20662416, 20662416, 20662416, 20662416, 20662416, 20662416, 20662416, 20662416, 20662416, 20662416, 20662416, 20662416, 20662416, 20662416, 20662416, 20662416, 20662416, 20662416, 20662416, 20662416, 20662416, 20677672, 20677672, 20677672, 20640312, 20640312, 20640312, 20640312, 20640312, 20640312, 20640312, 20640312, 20640312, 20640312, 20640312, 20640312, 20640312, 20640312, 20640312, 20640312, 20640312, 20640312, 20640312, 20640312, 20640312, 20640312, 20640312, 20640312, 20596198, 20596198, 20636678, 20636678, 20636678, 20636678, 20636678, 20636678, 20636678, 20636678, 20636678, 20636678, 20724083, 20724083, 20724083, 20724083, 20724083, 20724083, 20681396, 20681396, 20681396, 20681396, 20681396, 20681396, 20681396, 20681396, 20681396, 20681396, 20681396, 20681396, 20681396, 20681396, 20598866, 21091565, 21091565, 21091565, 21091565, 21091565, 21091565, 21091565, 21093565, 21093565, 21093565, 21093565, 21093565, 21093565, 21093565, 21093565, 21093565, 21093565, 21093565, 21050098, 21050098, 21050098, 21050098, 21050098, 21050098, 21050098, 21074978, 21074978, 21074978, 21074978, 21074978, 21074978, 21074978, 21074978, 21074978, 21074978, 21074978, 21074978, 21074978, 21074978, 21074978, 21074978, 21074978, 21074978, 21074978, 21074978, 21074978, 21074978, 21074978, 21074978, 21074978, 21074978, 21074978, 21074978, 21074978, 21074978, 21074978, 21074978, 21074978, 21074978, 21074978, 21074978, 21074978, 21074978, 21074978, 21074978, 21074978, 21074978, 21074978, 21074978, 21074978, 21074978, 21074978, 21074978, 21074978, 21074978, 21074978, 21074978, 21074978, 21074978, 21074978, 21074978, 21074978, 21074978, 21074978, 21074978, 21074978, 21074978, 21074978, 21074978, 21170738, 21170738, 21170738, 21170738, 21170738, 21170738, 21170738, 21170738, 21170738, 21170738, 21170738, 21170738, 21170738, 21170738, 21170738, 21170738, 21170738, 21170738, 21170738, 21170738, 21170738, 21170738, 21170738, 21170738, 21170738, 21170738, 21170738, 21170738, 21170738, 21170738, 21170738, 21170738, 21170738, 21170738, 21170738, 21170738, 21170738, 21170738, 21170738, 21170738, 21170738, 21170738, 21170738, 21170738, 21170738, 21170738, 21150662, 21150662, 21150662, 21150662, 21150662, 21150662, 21150662, 21150662, 21150662, 21150662, 21150662, 21150662, 21150662, 21150662, 21150662, 21150662, 21150662, 21120095, 21120095, 21120095, 21120095, 21120095, 21120095, 21120095, 21120095, 21120095, 21120095, 21120095, 21120095, 21120095, 21120095, 21120095]",0,0,0
0,183,meta-llama/Llama-3.1-70B,99,725,62558529780,76203867691,13645337911,60071663,86093416,21694791,"[21832594, 21832594, 21832594, 21832594, 21795732, 21795732, 21795732, 21795732, 21795732, 23241994, 21832594, 21832594, 21795732, 21795732, 21795732, 21795732, 21795732, 21795732, 21795732, 25520316, 22486365, 22096917, 22096917, 22096917, 22096917, 41656216, 22136400, 22136400, 22136400, 22136400, 22136400, 24723023, 22349964, 22134560, 22096917, 24408270, 22136400, 22136400, 45867244, 31151375, 22329010, 22329010, 22329010, 22329010, 22329010, 22329010, 22329010, 22329010, 22290157, 53885814, 22332210, 22332210, 22332210, 22332210, 22332210, 22332210, 22332210, 22332210, 23136725, 22407802, 22407802, 22407802, 23043043, 22417121, 65408869, 23058304, 22481119, 22481119, 22481119, 22481119, 23383993, 22570527, 22570527, 22570527, 22570527, 22570527, 22570527, 22570527, 22570527, 22570527, 22570527, 22481119, 22481119, 22481119, 22481119, 22481119, 22481119, 22481119, 22481119, 22481119, 22481119, 22481119, 22481119, 22417121, 22417121, 22417121, 22417121, 22417121, 22417121, 22417121, 22417121, 22417121, 22417121, 22417121, 22417121, 22417121, 22417121, 22417121, 22417121, 22417121, 22417121, 22417121, 22417121, 22417121, 22417121, 22407802, 22407802, 22407802, 22407802, 22329010, 22329010, 22329010, 22286797, 22286797, 22286797, 22286797, 22286797, 22286797, 22286797, 22286797, 22286797, 22286797, 22286797, 22286797, 22286797, 22286797, 22286797, 22286797, 22286797, 22286797, 22286797, 22286797, 22286797, 22286797, 22290157, 22290157, 22290157, 22290157, 22290157, 22290157, 22290157, 22290157, 22290157, 22290157, 22290157, 22290157, 22290157, 22290157, 22290157, 22290157, 22349964, 22349964, 22349964, 22349964, 22349964, 22349964, 22349964, 22136400, 22136400, 22136400, 22136400, 22136400, 22136400, 22136400, 22136400, 22136400, 22136400, 22136400, 22136400, 22136400, 22136400, 22136400, 22136400, 22136400, 22136400, 22136400, 21832594, 21832594, 21832594, 21832594, 21832594, 21798132, 21798132, 21798132, 21765155, 21765155, 21765155, 21765155, 21765155, 21765155, 21765155, 21765155, 21765155, 21765155, 21765155, 21765155, 21765155, 21765155, 21765155, 21765155, 21687077, 21687077, 21687077, 21687077, 21687077, 21633900, 21584222, 21584222, 21584222, 21584222, 21584222, 21573930, 21573930, 21573930, 21573930, 21573930, 21573930, 21573930, 21573930, 21573930, 21573930, 21573930, 21573930, 21573930, 21573930, 21573930, 21573930, 21573930, 21573930, 21573930, 21573930, 21573930, 21573930, 21534285, 21534285, 21534285, 21534285, 21529586, 21529586, 21450719, 21450719, 21450719, 21450719, 21450719, 21450719, 21450719, 21450719, 21450719, 21450719, 21450719, 21450719, 21450719, 21450719, 21450719, 21450719, 21450719, 21450719, 21450719, 21450719, 21450719, 21450719, 21450719, 21450719, 21450719, 21450719, 21450719, 21450719, 21450719, 21450719, 21450719, 21440997, 21440997, 21440997, 21440997, 21440997, 21440997, 21440997, 21404208, 21404208, 21404208, 21360121, 21360121, 21360121, 21302766, 21302766, 21302766, 21306046, 21306046, 21306046, 21306046, 21306046, 21306046, 21306046, 21306046, 21306046, 21306046, 21306046, 21306046, 21306046, 21306046, 21210497, 21210497, 21210497, 21210497, 21026993, 21026993, 21026993, 21026993, 21026993, 21026993, 21026993, 21026993, 21026993, 21026993, 21026993, 21026993, 21026993, 21026993, 20798584, 20798584, 20798584, 20798584, 20661696, 20661696, 20662416, 20662416, 20662416, 20662416, 20662416, 20662416, 20662416, 20662416, 20662416, 20662416, 20662416, 20662416, 20662416, 20662416, 20662416, 20662416, 20662416, 20662416, 20662416, 20662416, 20662416, 20677672, 20677672, 20677672, 20640312, 20640312, 20640312, 20640312, 20640312, 20640312, 20640312, 20640312, 20640312, 20640312, 20640312, 20640312, 20640312, 20640312, 20640312, 20640312, 20640312, 20640312, 20640312, 20640312, 20640312, 20640312, 20640312, 20640312, 20596198, 20596198, 20636678, 20636678, 20636678, 20636678, 20636678, 20636678, 20636678, 20636678, 20636678, 20636678, 20724083, 20724083, 20724083, 20724083, 20724083, 20724083, 20681396, 20681396, 20681396, 20681396, 20681396, 20681396, 20681396, 20681396, 20681396, 20681396, 20681396, 20681396, 20681396, 20681396, 20598866, 21091565, 21091565, 21091565, 21091565, 21091565, 21091565, 21091565, 21093565, 21093565, 21093565, 21093565, 21093565, 21093565, 21093565, 21093565, 21093565, 21093565, 21093565, 21050098, 21050098, 21050098, 21050098, 21050098, 21050098, 21050098, 21074978, 21074978, 21074978, 21074978, 21074978, 21074978, 21074978, 21074978, 21074978, 21074978, 21074978, 21074978, 21074978, 21074978, 21074978, 21074978, 21074978, 21074978, 21074978, 21074978, 21074978, 21074978, 21074978, 21074978, 21074978, 21074978, 21074978, 21074978, 21074978, 21074978, 21074978, 21074978, 21074978, 21074978, 21074978, 21074978, 21074978, 21074978, 21074978, 21074978, 21074978, 21074978, 21074978, 21074978, 21074978, 21074978, 21074978, 21074978, 21074978, 21074978, 21074978, 21074978, 21074978, 21074978, 21074978, 21074978, 21074978, 21074978, 21074978, 21074978, 21074978, 21074978, 21074978, 21074978, 21170738, 21170738, 21170738, 21170738, 21170738, 21170738, 21170738, 21170738, 21170738, 21170738, 21170738, 21170738, 21170738, 21170738, 21170738, 21170738, 21170738, 21170738, 21170738, 21170738, 21170738, 21170738, 21170738, 21170738, 21170738, 21170738, 21170738, 21170738, 21170738, 21170738, 21170738, 21170738, 21170738, 21170738, 21170738, 21170738, 21170738, 21170738, 21170738, 21170738, 21170738, 21170738, 21170738, 21170738, 21170738, 21170738, 21150662, 21150662, 21150662, 21150662, 21150662, 21150662, 21150662, 21150662, 21150662, 21150662, 21150662, 21150662, 21150662, 21150662, 21150662, 21150662, 21150662, 21120095, 21120095, 21120095, 21120095, 21120095, 21120095, 21120095, 21120095, 21120095, 21120095, 21120095, 21120095, 21120095, 21120095, 21120095, 21023556, 21023556, 21023556, 21023556, 21023556, 21023556, 21023556, 21023556, 21023556, 21023556, 21023556, 21023556, 21023556, 21023556, 21023556, 21023556, 21023556, 21023556, 21023556, 21023556, 21023556, 21023556, 21023556, 21023556, 21023556, 21023556, 21023556, 21023556, 21023556, 21023556, 21023556, 21023556, 21023556, 21023556, 21023556, 21023556, 21037076, 21037076, 21037076, 21037076, 21037076, 21037076, 21037076]",0,0,0
0,160,meta-llama/Llama-3.1-70B,1181,1882,60901468782,76586232385,15684763603,5143466,102867919,22259850,"[82805488, 63604889, 29615869, 20674472, 20674472, 21564941, 20654256, 20654256, 20654256, 82873383, 42938506, 22295961, 21188257, 21188257, 21188257, 21188257, 21188257, 21188257, 23520378, 21297566, 41299459, 26572210, 21436357, 21436357, 29520458, 21447759, 21447759, 21447759, 21447759, 41328815, 21529805, 67149800, 22353767, 21584462, 21584462, 35294506, 31612637, 21700906, 21700906, 21700906, 33942693, 21684597, 34460905, 21763235, 21763235, 21763235, 21763235, 21684597, 21684597, 21684597, 21684597, 21684597, 21684597, 21684597, 23197177, 87579167, 26021753, 21832594, 21832594, 21832594, 21832594, 21795732, 21795732, 21795732, 21795732, 21795732, 23241994, 21832594, 21832594, 21795732, 21795732, 21795732, 21795732, 21795732, 21795732, 21795732, 25520316, 22486365, 22096917, 22096917, 22096917, 22096917, 41656216, 22136400, 22136400, 22136400, 22136400, 22136400, 24723023, 22349964, 22134560, 22096917, 24408270, 22136400, 22136400, 45867244, 31151375, 22329010, 22329010, 22329010, 22329010, 22329010, 22329010, 22329010, 22329010, 22290157, 53885814, 22332210, 22332210, 22332210, 22332210, 22332210, 22332210, 22332210, 22332210, 23136725, 22407802, 22407802, 22407802, 23043043, 22417121, 65408869, 23058304, 22481119, 22481119, 22481119, 22481119, 23383993, 22570527, 22570527, 22570527, 22570527, 22570527, 22570527, 22570527, 22570527, 22570527, 22570527, 22481119, 22481119, 22481119, 22481119, 22481119, 22481119, 22481119, 22481119, 22481119, 22481119, 22481119, 22481119, 22417121, 22417121, 22417121, 22417121, 22417121, 22417121, 22417121, 22417121, 22417121, 22417121, 22417121, 22417121, 22417121, 22417121, 22417121, 22417121, 22417121, 22417121, 22417121, 22417121, 22417121, 22417121, 22407802, 22407802, 22407802, 22407802, 22329010, 22329010, 22329010, 22286797, 22286797, 22286797, 22286797, 22286797, 22286797, 22286797, 22286797, 22286797, 22286797, 22286797, 22286797, 22286797, 22286797, 22286797, 22286797, 22286797, 22286797, 22286797, 22286797, 22286797, 22286797, 22290157, 22290157, 22290157, 22290157, 22290157, 22290157, 22290157, 22290157, 22290157, 22290157, 22290157, 22290157, 22290157, 22290157, 22290157, 22290157, 22349964, 22349964, 22349964, 22349964, 22349964, 22349964, 22349964, 22136400, 22136400, 22136400, 22136400, 22136400, 22136400, 22136400, 22136400, 22136400, 22136400, 22136400, 22136400, 22136400, 22136400, 22136400, 22136400, 22136400, 22136400, 22136400, 21832594, 21832594, 21832594, 21832594, 21832594, 21798132, 21798132, 21798132, 21765155, 21765155, 21765155, 21765155, 21765155, 21765155, 21765155, 21765155, 21765155, 21765155, 21765155, 21765155, 21765155, 21765155, 21765155, 21765155, 21687077, 21687077, 21687077, 21687077, 21687077, 21633900, 21584222, 21584222, 21584222, 21584222, 21584222, 21573930, 21573930, 21573930, 21573930, 21573930, 21573930, 21573930, 21573930, 21573930, 21573930, 21573930, 21573930, 21573930, 21573930, 21573930, 21573930, 21573930, 21573930, 21573930, 21573930, 21573930, 21573930, 21534285, 21534285, 21534285, 21534285, 21529586, 21529586, 21450719, 21450719, 21450719, 21450719, 21450719, 21450719, 21450719, 21450719, 21450719, 21450719, 21450719, 21450719, 21450719, 21450719, 21450719, 21450719, 21450719, 21450719, 21450719, 21450719, 21450719, 21450719, 21450719, 21450719, 21450719, 21450719, 21450719, 21450719, 21450719, 21450719, 21450719, 21440997, 21440997, 21440997, 21440997, 21440997, 21440997, 21440997, 21404208, 21404208, 21404208, 21360121, 21360121, 21360121, 21302766, 21302766, 21302766, 21306046, 21306046, 21306046, 21306046, 21306046, 21306046, 21306046, 21306046, 21306046, 21306046, 21306046, 21306046, 21306046, 21306046, 21210497, 21210497, 21210497, 21210497, 21026993, 21026993, 21026993, 21026993, 21026993, 21026993, 21026993, 21026993, 21026993, 21026993, 21026993, 21026993, 21026993, 21026993, 20798584, 20798584, 20798584, 20798584, 20661696, 20661696, 20662416, 20662416, 20662416, 20662416, 20662416, 20662416, 20662416, 20662416, 20662416, 20662416, 20662416, 20662416, 20662416, 20662416, 20662416, 20662416, 20662416, 20662416, 20662416, 20662416, 20662416, 20677672, 20677672, 20677672, 20640312, 20640312, 20640312, 20640312, 20640312, 20640312, 20640312, 20640312, 20640312, 20640312, 20640312, 20640312, 20640312, 20640312, 20640312, 20640312, 20640312, 20640312, 20640312, 20640312, 20640312, 20640312, 20640312, 20640312, 20596198, 20596198, 20636678, 20636678, 20636678, 20636678, 20636678, 20636678, 20636678, 20636678, 20636678, 20636678, 20724083, 20724083, 20724083, 20724083, 20724083, 20724083, 20681396, 20681396, 20681396, 20681396, 20681396, 20681396, 20681396, 20681396, 20681396, 20681396, 20681396, 20681396, 20681396, 20681396, 20598866, 21091565, 21091565, 21091565, 21091565, 21091565, 21091565, 21091565, 21093565, 21093565, 21093565, 21093565, 21093565, 21093565, 21093565, 21093565, 21093565, 21093565, 21093565, 21050098, 21050098, 21050098, 21050098, 21050098, 21050098, 21050098, 21074978, 21074978, 21074978, 21074978, 21074978, 21074978, 21074978, 21074978, 21074978, 21074978, 21074978, 21074978, 21074978, 21074978, 21074978, 21074978, 21074978, 21074978, 21074978, 21074978, 21074978, 21074978, 21074978, 21074978, 21074978, 21074978, 21074978, 21074978, 21074978, 21074978, 21074978, 21074978, 21074978, 21074978, 21074978, 21074978, 21074978, 21074978, 21074978, 21074978, 21074978, 21074978, 21074978, 21074978, 21074978, 21074978, 21074978, 21074978, 21074978, 21074978, 21074978, 21074978, 21074978, 21074978, 21074978, 21074978, 21074978, 21074978, 21074978, 21074978, 21074978, 21074978, 21074978, 21074978, 21170738, 21170738, 21170738, 21170738, 21170738, 21170738, 21170738, 21170738, 21170738, 21170738, 21170738, 21170738, 21170738, 21170738, 21170738, 21170738, 21170738, 21170738, 21170738, 21170738, 21170738, 21170738, 21170738, 21170738, 21170738, 21170738, 21170738, 21170738, 21170738, 21170738, 21170738, 21170738, 21170738, 21170738, 21170738, 21170738, 21170738, 21170738, 21170738, 21170738, 21170738, 21170738, 21170738, 21170738, 21170738, 21170738, 21150662, 21150662, 21150662, 21150662, 21150662, 21150662, 21150662, 21150662, 21150662, 21150662, 21150662, 21150662, 21150662, 21150662, 21150662, 21150662, 21150662, 21120095, 21120095, 21120095, 21120095, 21120095, 21120095, 21120095, 21120095, 21120095, 21120095, 21120095, 21120095, 21120095, 21120095, 21120095, 21023556, 21023556, 21023556, 21023556, 21023556, 21023556, 21023556, 21023556, 21023556, 21023556, 21023556, 21023556, 21023556, 21023556, 21023556, 21023556, 21023556, 21023556, 21023556, 21023556, 21023556, 21023556, 21023556, 21023556, 21023556, 21023556, 21023556, 21023556, 21023556, 21023556, 21023556, 21023556, 21023556, 21023556, 21023556, 21023556, 21037076, 21037076, 21037076, 21037076, 21037076, 21037076, 21037076, 21242483, 21242483, 21242483, 21242483, 21242483, 21242483, 21242483, 21242483, 21242483, 21242483, 21242483, 21242483, 21242483, 21242483, 21242483, 21242483, 21242483, 21242483]",0,0,0
0,192,meta-llama/Llama-3.1-70B,119,784,63530812915,77867025451,14336212536,24181966,55333341,21507348,"[22329010, 22329010, 22329010, 22329010, 22329010, 22329010, 22329010, 22329010, 22290157, 53885814, 22332210, 22332210, 22332210, 22332210, 22332210, 22332210, 22332210, 22332210, 23136725, 22407802, 22407802, 22407802, 23043043, 22417121, 65408869, 23058304, 22481119, 22481119, 22481119, 22481119, 23383993, 22570527, 22570527, 22570527, 22570527, 22570527, 22570527, 22570527, 22570527, 22570527, 22570527, 22481119, 22481119, 22481119, 22481119, 22481119, 22481119, 22481119, 22481119, 22481119, 22481119, 22481119, 22481119, 22417121, 22417121, 22417121, 22417121, 22417121, 22417121, 22417121, 22417121, 22417121, 22417121, 22417121, 22417121, 22417121, 22417121, 22417121, 22417121, 22417121, 22417121, 22417121, 22417121, 22417121, 22417121, 22407802, 22407802, 22407802, 22407802, 22329010, 22329010, 22329010, 22286797, 22286797, 22286797, 22286797, 22286797, 22286797, 22286797, 22286797, 22286797, 22286797, 22286797, 22286797, 22286797, 22286797, 22286797, 22286797, 22286797, 22286797, 22286797, 22286797, 22286797, 22286797, 22290157, 22290157, 22290157, 22290157, 22290157, 22290157, 22290157, 22290157, 22290157, 22290157, 22290157, 22290157, 22290157, 22290157, 22290157, 22290157, 22349964, 22349964, 22349964, 22349964, 22349964, 22349964, 22349964, 22136400, 22136400, 22136400, 22136400, 22136400, 22136400, 22136400, 22136400, 22136400, 22136400, 22136400, 22136400, 22136400, 22136400, 22136400, 22136400, 22136400, 22136400, 22136400, 21832594, 21832594, 21832594, 21832594, 21832594, 21798132, 21798132, 21798132, 21765155, 21765155, 21765155, 21765155, 21765155, 21765155, 21765155, 21765155, 21765155, 21765155, 21765155, 21765155, 21765155, 21765155, 21765155, 21765155, 21687077, 21687077, 21687077, 21687077, 21687077, 21633900, 21584222, 21584222, 21584222, 21584222, 21584222, 21573930, 21573930, 21573930, 21573930, 21573930, 21573930, 21573930, 21573930, 21573930, 21573930, 21573930, 21573930, 21573930, 21573930, 21573930, 21573930, 21573930, 21573930, 21573930, 21573930, 21573930, 21573930, 21534285, 21534285, 21534285, 21534285, 21529586, 21529586, 21450719, 21450719, 21450719, 21450719, 21450719, 21450719, 21450719, 21450719, 21450719, 21450719, 21450719, 21450719, 21450719, 21450719, 21450719, 21450719, 21450719, 21450719, 21450719, 21450719, 21450719, 21450719, 21450719, 21450719, 21450719, 21450719, 21450719, 21450719, 21450719, 21450719, 21450719, 21440997, 21440997, 21440997, 21440997, 21440997, 21440997, 21440997, 21404208, 21404208, 21404208, 21360121, 21360121, 21360121, 21302766, 21302766, 21302766, 21306046, 21306046, 21306046, 21306046, 21306046, 21306046, 21306046, 21306046, 21306046, 21306046, 21306046, 21306046, 21306046, 21306046, 21210497, 21210497, 21210497, 21210497, 21026993, 21026993, 21026993, 21026993, 21026993, 21026993, 21026993, 21026993, 21026993, 21026993, 21026993, 21026993, 21026993, 21026993, 20798584, 20798584, 20798584, 20798584, 20661696, 20661696, 20662416, 20662416, 20662416, 20662416, 20662416, 20662416, 20662416, 20662416, 20662416, 20662416, 20662416, 20662416, 20662416, 20662416, 20662416, 20662416, 20662416, 20662416, 20662416, 20662416, 20662416, 20677672, 20677672, 20677672, 20640312, 20640312, 20640312, 20640312, 20640312, 20640312, 20640312, 20640312, 20640312, 20640312, 20640312, 20640312, 20640312, 20640312, 20640312, 20640312, 20640312, 20640312, 20640312, 20640312, 20640312, 20640312, 20640312, 20640312, 20596198, 20596198, 20636678, 20636678, 20636678, 20636678, 20636678, 20636678, 20636678, 20636678, 20636678, 20636678, 20724083, 20724083, 20724083, 20724083, 20724083, 20724083, 20681396, 20681396, 20681396, 20681396, 20681396, 20681396, 20681396, 20681396, 20681396, 20681396, 20681396, 20681396, 20681396, 20681396, 20598866, 21091565, 21091565, 21091565, 21091565, 21091565, 21091565, 21091565, 21093565, 21093565, 21093565, 21093565, 21093565, 21093565, 21093565, 21093565, 21093565, 21093565, 21093565, 21050098, 21050098, 21050098, 21050098, 21050098, 21050098, 21050098, 21074978, 21074978, 21074978, 21074978, 21074978, 21074978, 21074978, 21074978, 21074978, 21074978, 21074978, 21074978, 21074978, 21074978, 21074978, 21074978, 21074978, 21074978, 21074978, 21074978, 21074978, 21074978, 21074978, 21074978, 21074978, 21074978, 21074978, 21074978, 21074978, 21074978, 21074978, 21074978, 21074978, 21074978, 21074978, 21074978, 21074978, 21074978, 21074978, 21074978, 21074978, 21074978, 21074978, 21074978, 21074978, 21074978, 21074978, 21074978, 21074978, 21074978, 21074978, 21074978, 21074978, 21074978, 21074978, 21074978, 21074978, 21074978, 21074978, 21074978, 21074978, 21074978, 21074978, 21074978, 21170738, 21170738, 21170738, 21170738, 21170738, 21170738, 21170738, 21170738, 21170738, 21170738, 21170738, 21170738, 21170738, 21170738, 21170738, 21170738, 21170738, 21170738, 21170738, 21170738, 21170738, 21170738, 21170738, 21170738, 21170738, 21170738, 21170738, 21170738, 21170738, 21170738, 21170738, 21170738, 21170738, 21170738, 21170738, 21170738, 21170738, 21170738, 21170738, 21170738, 21170738, 21170738, 21170738, 21170738, 21170738, 21170738, 21150662, 21150662, 21150662, 21150662, 21150662, 21150662, 21150662, 21150662, 21150662, 21150662, 21150662, 21150662, 21150662, 21150662, 21150662, 21150662, 21150662, 21120095, 21120095, 21120095, 21120095, 21120095, 21120095, 21120095, 21120095, 21120095, 21120095, 21120095, 21120095, 21120095, 21120095, 21120095, 21023556, 21023556, 21023556, 21023556, 21023556, 21023556, 21023556, 21023556, 21023556, 21023556, 21023556, 21023556, 21023556, 21023556, 21023556, 21023556, 21023556, 21023556, 21023556, 21023556, 21023556, 21023556, 21023556, 21023556, 21023556, 21023556, 21023556, 21023556, 21023556, 21023556, 21023556, 21023556, 21023556, 21023556, 21023556, 21023556, 21037076, 21037076, 21037076, 21037076, 21037076, 21037076, 21037076, 21242483, 21242483, 21242483, 21242483, 21242483, 21242483, 21242483, 21242483, 21242483, 21242483, 21242483, 21242483, 21242483, 21242483, 21242483, 21242483, 21242483, 21242483, 20991026, 20991026, 20991026, 20991026, 20991026, 20991026, 20991026, 20991026, 20991026, 20991026, 20991026, 20991026, 20991026, 20991026, 20991026, 20991026, 20991026, 20991026, 20991026, 20991026, 20991026, 20991026, 20991026, 20991026, 20991026, 20991026, 20991026, 20991026, 20991026, 20991026, 20991026, 20991026, 20991026, 20991026, 20991026, 20991026, 20991026, 20991026, 20991026, 20991026, 20991026, 20991026, 20991026, 20991026, 20991026, 21012306, 21012306, 21012306, 21012306, 21012306, 21012306, 21012306, 21012306, 21012306, 21012306, 21012306, 21012306, 21012306, 21012306, 21012306, 21012306]",0,0,0
0,195,meta-llama/Llama-3.1-70B,13,713,63998775293,78991546277,14992770984,20836694,43973419,21385976,"[22407802, 22407802, 22407802, 23043043, 22417121, 65408869, 23058304, 22481119, 22481119, 22481119, 22481119, 23383993, 22570527, 22570527, 22570527, 22570527, 22570527, 22570527, 22570527, 22570527, 22570527, 22570527, 22481119, 22481119, 22481119, 22481119, 22481119, 22481119, 22481119, 22481119, 22481119, 22481119, 22481119, 22481119, 22417121, 22417121, 22417121, 22417121, 22417121, 22417121, 22417121, 22417121, 22417121, 22417121, 22417121, 22417121, 22417121, 22417121, 22417121, 22417121, 22417121, 22417121, 22417121, 22417121, 22417121, 22417121, 22407802, 22407802, 22407802, 22407802, 22329010, 22329010, 22329010, 22286797, 22286797, 22286797, 22286797, 22286797, 22286797, 22286797, 22286797, 22286797, 22286797, 22286797, 22286797, 22286797, 22286797, 22286797, 22286797, 22286797, 22286797, 22286797, 22286797, 22286797, 22286797, 22290157, 22290157, 22290157, 22290157, 22290157, 22290157, 22290157, 22290157, 22290157, 22290157, 22290157, 22290157, 22290157, 22290157, 22290157, 22290157, 22349964, 22349964, 22349964, 22349964, 22349964, 22349964, 22349964, 22136400, 22136400, 22136400, 22136400, 22136400, 22136400, 22136400, 22136400, 22136400, 22136400, 22136400, 22136400, 22136400, 22136400, 22136400, 22136400, 22136400, 22136400, 22136400, 21832594, 21832594, 21832594, 21832594, 21832594, 21798132, 21798132, 21798132, 21765155, 21765155, 21765155, 21765155, 21765155, 21765155, 21765155, 21765155, 21765155, 21765155, 21765155, 21765155, 21765155, 21765155, 21765155, 21765155, 21687077, 21687077, 21687077, 21687077, 21687077, 21633900, 21584222, 21584222, 21584222, 21584222, 21584222, 21573930, 21573930, 21573930, 21573930, 21573930, 21573930, 21573930, 21573930, 21573930, 21573930, 21573930, 21573930, 21573930, 21573930, 21573930, 21573930, 21573930, 21573930, 21573930, 21573930, 21573930, 21573930, 21534285, 21534285, 21534285, 21534285, 21529586, 21529586, 21450719, 21450719, 21450719, 21450719, 21450719, 21450719, 21450719, 21450719, 21450719, 21450719, 21450719, 21450719, 21450719, 21450719, 21450719, 21450719, 21450719, 21450719, 21450719, 21450719, 21450719, 21450719, 21450719, 21450719, 21450719, 21450719, 21450719, 21450719, 21450719, 21450719, 21450719, 21440997, 21440997, 21440997, 21440997, 21440997, 21440997, 21440997, 21404208, 21404208, 21404208, 21360121, 21360121, 21360121, 21302766, 21302766, 21302766, 21306046, 21306046, 21306046, 21306046, 21306046, 21306046, 21306046, 21306046, 21306046, 21306046, 21306046, 21306046, 21306046, 21306046, 21210497, 21210497, 21210497, 21210497, 21026993, 21026993, 21026993, 21026993, 21026993, 21026993, 21026993, 21026993, 21026993, 21026993, 21026993, 21026993, 21026993, 21026993, 20798584, 20798584, 20798584, 20798584, 20661696, 20661696, 20662416, 20662416, 20662416, 20662416, 20662416, 20662416, 20662416, 20662416, 20662416, 20662416, 20662416, 20662416, 20662416, 20662416, 20662416, 20662416, 20662416, 20662416, 20662416, 20662416, 20662416, 20677672, 20677672, 20677672, 20640312, 20640312, 20640312, 20640312, 20640312, 20640312, 20640312, 20640312, 20640312, 20640312, 20640312, 20640312, 20640312, 20640312, 20640312, 20640312, 20640312, 20640312, 20640312, 20640312, 20640312, 20640312, 20640312, 20640312, 20596198, 20596198, 20636678, 20636678, 20636678, 20636678, 20636678, 20636678, 20636678, 20636678, 20636678, 20636678, 20724083, 20724083, 20724083, 20724083, 20724083, 20724083, 20681396, 20681396, 20681396, 20681396, 20681396, 20681396, 20681396, 20681396, 20681396, 20681396, 20681396, 20681396, 20681396, 20681396, 20598866, 21091565, 21091565, 21091565, 21091565, 21091565, 21091565, 21091565, 21093565, 21093565, 21093565, 21093565, 21093565, 21093565, 21093565, 21093565, 21093565, 21093565, 21093565, 21050098, 21050098, 21050098, 21050098, 21050098, 21050098, 21050098, 21074978, 21074978, 21074978, 21074978, 21074978, 21074978, 21074978, 21074978, 21074978, 21074978, 21074978, 21074978, 21074978, 21074978, 21074978, 21074978, 21074978, 21074978, 21074978, 21074978, 21074978, 21074978, 21074978, 21074978, 21074978, 21074978, 21074978, 21074978, 21074978, 21074978, 21074978, 21074978, 21074978, 21074978, 21074978, 21074978, 21074978, 21074978, 21074978, 21074978, 21074978, 21074978, 21074978, 21074978, 21074978, 21074978, 21074978, 21074978, 21074978, 21074978, 21074978, 21074978, 21074978, 21074978, 21074978, 21074978, 21074978, 21074978, 21074978, 21074978, 21074978, 21074978, 21074978, 21074978, 21170738, 21170738, 21170738, 21170738, 21170738, 21170738, 21170738, 21170738, 21170738, 21170738, 21170738, 21170738, 21170738, 21170738, 21170738, 21170738, 21170738, 21170738, 21170738, 21170738, 21170738, 21170738, 21170738, 21170738, 21170738, 21170738, 21170738, 21170738, 21170738, 21170738, 21170738, 21170738, 21170738, 21170738, 21170738, 21170738, 21170738, 21170738, 21170738, 21170738, 21170738, 21170738, 21170738, 21170738, 21170738, 21170738, 21150662, 21150662, 21150662, 21150662, 21150662, 21150662, 21150662, 21150662, 21150662, 21150662, 21150662, 21150662, 21150662, 21150662, 21150662, 21150662, 21150662, 21120095, 21120095, 21120095, 21120095, 21120095, 21120095, 21120095, 21120095, 21120095, 21120095, 21120095, 21120095, 21120095, 21120095, 21120095, 21023556, 21023556, 21023556, 21023556, 21023556, 21023556, 21023556, 21023556, 21023556, 21023556, 21023556, 21023556, 21023556, 21023556, 21023556, 21023556, 21023556, 21023556, 21023556, 21023556, 21023556, 21023556, 21023556, 21023556, 21023556, 21023556, 21023556, 21023556, 21023556, 21023556, 21023556, 21023556, 21023556, 21023556, 21023556, 21023556, 21037076, 21037076, 21037076, 21037076, 21037076, 21037076, 21037076, 21242483, 21242483, 21242483, 21242483, 21242483, 21242483, 21242483, 21242483, 21242483, 21242483, 21242483, 21242483, 21242483, 21242483, 21242483, 21242483, 21242483, 21242483, 20991026, 20991026, 20991026, 20991026, 20991026, 20991026, 20991026, 20991026, 20991026, 20991026, 20991026, 20991026, 20991026, 20991026, 20991026, 20991026, 20991026, 20991026, 20991026, 20991026, 20991026, 20991026, 20991026, 20991026, 20991026, 20991026, 20991026, 20991026, 20991026, 20991026, 20991026, 20991026, 20991026, 20991026, 20991026, 20991026, 20991026, 20991026, 20991026, 20991026, 20991026, 20991026, 20991026, 20991026, 20991026, 21012306, 21012306, 21012306, 21012306, 21012306, 21012306, 21012306, 21012306, 21012306, 21012306, 21012306, 21012306, 21012306, 21012306, 21012306, 21012306, 20804359, 20804359, 20804359, 20804359, 20804359, 20804359, 20804359, 20804359, 20804359, 20804359, 20804359, 20804359, 20804359, 20804359, 20804359, 20804359, 20804359, 20804359, 20804359, 20804359, 20804359, 20804359, 20804359, 20804359, 20804359, 20804359, 20804359, 20804359, 20804359, 20804359, 20804359, 20804359, 20804359, 20804359, 20804359, 20804359, 20804359, 20804359, 20804359, 20804359, 20804359, 20804359, 20804359, 20804359, 20804359, 20804359, 20940039, 20940039, 20940039, 20940039, 20940039, 20940039, 20940039, 20940039]",0,0,0
0,213,meta-llama/Llama-3.1-70B,353,355,80499530464,80624205591,124675127,50900291,86753163,37921964,[37921964],0,0,0
0,211,meta-llama/Llama-3.1-70B,339,367,80481491440,81257992893,776501453,16809199,68939315,26206005,"[35852872, 37921964, 20664072, 20664072, 20664072, 20664072, 22784752, 20647136, 20647136, 20647136, 20647136, 66111893, 22035861, 21013313, 21013313, 21013313, 25876488, 39138400, 22068980, 21345081, 21345081, 21345081, 21345081, 21345081, 57966896, 21396928, 21396928]",0,0,0
0,214,meta-llama/Llama-3.1-70B,372,416,80579100248,81725175159,1146074911,7183379,45105343,25603943,"[20664072, 20664072, 20664072, 20664072, 22784752, 20647136, 20647136, 20647136, 20647136, 66111893, 22035861, 21013313, 21013313, 21013313, 25876488, 39138400, 22068980, 21345081, 21345081, 21345081, 21345081, 21345081, 57966896, 21396928, 21396928, 21345081, 52672803, 21396928, 21396928, 21396928, 21396928, 21396928, 21396928, 66446566, 21434037, 21434037, 22584479, 21443679, 21445279, 21445279, 24176487, 21526045, 22846926]",0,0,0
0,228,meta-llama/Llama-3.1-70B,667,688,81727746354,82258166711,530420357,18954850,85535440,22244245,"[22056603, 21579422, 21579422, 21579422, 21579422, 21579422, 21579422, 21579422, 21579422, 21579422, 21579422, 21579422, 21579422, 21579422, 21579422, 23984758, 21627580, 31713936, 21695066, 21695066]",0,0,0
0,234,meta-llama/Llama-3.1-70B,1371,1372,82647607547,82769162854,121555307,5607186,121555307,0,[],0,0,0
0,230,meta-llama/Llama-3.1-70B,64,103,82116947314,83400041519,1283094205,20502991,44487749,32594906,"[21627580, 31713936, 21695066, 21695066, 21627580, 21627580, 21627580, 21627580, 21627580, 21627580, 21627580, 48338970, 21695066, 21695066, 108562426, 21681717, 21681717, 115948121, 66769562, 24460455, 21793092, 38559550, 23503959, 22094997, 22094997, 22094997, 22094997, 50712212, 95323178, 22752690, 41766565, 22408202, 22408202, 22408202, 22408202, 22408202, 22408202, 22408202]",0,0,0
0,242,meta-llama/Llama-3.1-70B,1,10,83160309943,83400041519,239731576,18354907,41107597,24827997,"[41766565, 22408202, 22408202, 22408202, 22408202, 22408202, 22408202, 22408202]",0,0,0
0,219,meta-llama/Llama-3.1-70B,385,470,80979395013,83422328316,2442933303,9904343,49042743,28498697,"[22068980, 21345081, 21345081, 21345081, 21345081, 21345081, 57966896, 21396928, 21396928, 21345081, 52672803, 21396928, 21396928, 21396928, 21396928, 21396928, 21396928, 66446566, 21434037, 21434037, 22584479, 21443679, 21445279, 21445279, 24176487, 21526045, 22846926, 21526045, 66580590, 22056603, 21579422, 21579422, 21579422, 21579422, 21579422, 21579422, 21579422, 21579422, 21579422, 21579422, 21579422, 21579422, 21579422, 21579422, 23984758, 21627580, 31713936, 21695066, 21695066, 21627580, 21627580, 21627580, 21627580, 21627580, 21627580, 21627580, 48338970, 21695066, 21695066, 108562426, 21681717, 21681717, 115948121, 66769562, 24460455, 21793092, 38559550, 23503959, 22094997, 22094997, 22094997, 22094997, 50712212, 95323178, 22752690, 41766565, 22408202, 22408202, 22408202, 22408202, 22408202, 22408202, 22408202, 22286797]",0,0,0
0,212,meta-llama/Llama-3.1-70B,247,375,80481998883,83994313160,3512314277,16301756,68431872,27117184,"[35852872, 37921964, 20664072, 20664072, 20664072, 20664072, 22784752, 20647136, 20647136, 20647136, 20647136, 66111893, 22035861, 21013313, 21013313, 21013313, 25876488, 39138400, 22068980, 21345081, 21345081, 21345081, 21345081, 21345081, 57966896, 21396928, 21396928, 21345081, 52672803, 21396928, 21396928, 21396928, 21396928, 21396928, 21396928, 66446566, 21434037, 21434037, 22584479, 21443679, 21445279, 21445279, 24176487, 21526045, 22846926, 21526045, 66580590, 22056603, 21579422, 21579422, 21579422, 21579422, 21579422, 21579422, 21579422, 21579422, 21579422, 21579422, 21579422, 21579422, 21579422, 21579422, 23984758, 21627580, 31713936, 21695066, 21695066, 21627580, 21627580, 21627580, 21627580, 21627580, 21627580, 21627580, 48338970, 21695066, 21695066, 108562426, 21681717, 21681717, 115948121, 66769562, 24460455, 21793092, 38559550, 23503959, 22094997, 22094997, 22094997, 22094997, 50712212, 95323178, 22752690, 41766565, 22408202, 22408202, 22408202, 22408202, 22408202, 22408202, 22408202, 22286797, 22347164, 22347164, 35470510, 22286797, 22286797, 22286797, 22290157, 22290157, 22290157, 22290157, 22290157, 22290157, 22290157, 22290157, 22290157, 23358312, 22332210, 22332210, 22332210, 22332210, 22332210, 22332210, 22332210, 22332210, 22332210]",0,0,0
0,206,meta-llama/Llama-3.1-70B,23,173,80038879108,84084238955,4045359847,10237032,31820176,26936507,"[20869138, 20869138, 20869138, 20869138, 20869138, 20869138, 20869138, 20869138, 20869138, 20869138, 21310502, 20914285, 20914285, 20914285, 57363127, 56979568, 20513923, 52130116, 35852872, 37921964, 20664072, 20664072, 20664072, 20664072, 22784752, 20647136, 20647136, 20647136, 20647136, 66111893, 22035861, 21013313, 21013313, 21013313, 25876488, 39138400, 22068980, 21345081, 21345081, 21345081, 21345081, 21345081, 57966896, 21396928, 21396928, 21345081, 52672803, 21396928, 21396928, 21396928, 21396928, 21396928, 21396928, 66446566, 21434037, 21434037, 22584479, 21443679, 21445279, 21445279, 24176487, 21526045, 22846926, 21526045, 66580590, 22056603, 21579422, 21579422, 21579422, 21579422, 21579422, 21579422, 21579422, 21579422, 21579422, 21579422, 21579422, 21579422, 21579422, 21579422, 23984758, 21627580, 31713936, 21695066, 21695066, 21627580, 21627580, 21627580, 21627580, 21627580, 21627580, 21627580, 48338970, 21695066, 21695066, 108562426, 21681717, 21681717, 115948121, 66769562, 24460455, 21793092, 38559550, 23503959, 22094997, 22094997, 22094997, 22094997, 50712212, 95323178, 22752690, 41766565, 22408202, 22408202, 22408202, 22408202, 22408202, 22408202, 22408202, 22286797, 22347164, 22347164, 35470510, 22286797, 22286797, 22286797, 22290157, 22290157, 22290157, 22290157, 22290157, 22290157, 22290157, 22290157, 22290157, 23358312, 22332210, 22332210, 22332210, 22332210, 22332210, 22332210, 22332210, 22332210, 22332210, 22290157, 22971218, 22332210, 22332210]",0,0,0
0,247,meta-llama/Llama-3.1-70B,1183,1204,84062247582,84633855380,571607798,21991373,122507480,22455015,"[22407802, 22407802, 22407802, 22407802, 22407802, 22407802, 22407802, 23240252, 22417121, 22417121, 22417121, 22417121, 22417121, 22417121, 22417121, 22417121, 22417121, 22417121, 22417121, 22417121]",0,0,0
0,218,meta-llama/Llama-3.1-70B,133,295,80952312638,85216458232,4264145594,11110230,36986718,26255645,"[39138400, 22068980, 21345081, 21345081, 21345081, 21345081, 21345081, 57966896, 21396928, 21396928, 21345081, 52672803, 21396928, 21396928, 21396928, 21396928, 21396928, 21396928, 66446566, 21434037, 21434037, 22584479, 21443679, 21445279, 21445279, 24176487, 21526045, 22846926, 21526045, 66580590, 22056603, 21579422, 21579422, 21579422, 21579422, 21579422, 21579422, 21579422, 21579422, 21579422, 21579422, 21579422, 21579422, 21579422, 21579422, 23984758, 21627580, 31713936, 21695066, 21695066, 21627580, 21627580, 21627580, 21627580, 21627580, 21627580, 21627580, 48338970, 21695066, 21695066, 108562426, 21681717, 21681717, 115948121, 66769562, 24460455, 21793092, 38559550, 23503959, 22094997, 22094997, 22094997, 22094997, 50712212, 95323178, 22752690, 41766565, 22408202, 22408202, 22408202, 22408202, 22408202, 22408202, 22408202, 22286797, 22347164, 22347164, 35470510, 22286797, 22286797, 22286797, 22290157, 22290157, 22290157, 22290157, 22290157, 22290157, 22290157, 22290157, 22290157, 23358312, 22332210, 22332210, 22332210, 22332210, 22332210, 22332210, 22332210, 22332210, 22332210, 22290157, 22971218, 22332210, 22332210, 100516107, 22407802, 22407802, 22407802, 22407802, 22407802, 22407802, 22407802, 23240252, 22417121, 22417121, 22417121, 22417121, 22417121, 22417121, 22417121, 22417121, 22417121, 22417121, 22417121, 22417121, 22407802, 22407802, 22407802, 22407802, 22407802, 22407802, 22407802, 22407802, 22407802, 22407802, 22407802, 22407802, 22407802, 22407802, 22407802, 22407802, 22407802, 22407802, 22407802, 22407802, 22407802, 22407802, 22407802, 22407802, 22407802, 22407802]",0,0,0
0,221,meta-llama/Llama-3.1-70B,651,811,81155994258,85350451492,4194457234,1237883,59204779,26007877,"[21396928, 21396928, 21345081, 52672803, 21396928, 21396928, 21396928, 21396928, 21396928, 21396928, 66446566, 21434037, 21434037, 22584479, 21443679, 21445279, 21445279, 24176487, 21526045, 22846926, 21526045, 66580590, 22056603, 21579422, 21579422, 21579422, 21579422, 21579422, 21579422, 21579422, 21579422, 21579422, 21579422, 21579422, 21579422, 21579422, 21579422, 23984758, 21627580, 31713936, 21695066, 21695066, 21627580, 21627580, 21627580, 21627580, 21627580, 21627580, 21627580, 48338970, 21695066, 21695066, 108562426, 21681717, 21681717, 115948121, 66769562, 24460455, 21793092, 38559550, 23503959, 22094997, 22094997, 22094997, 22094997, 50712212, 95323178, 22752690, 41766565, 22408202, 22408202, 22408202, 22408202, 22408202, 22408202, 22408202, 22286797, 22347164, 22347164, 35470510, 22286797, 22286797, 22286797, 22290157, 22290157, 22290157, 22290157, 22290157, 22290157, 22290157, 22290157, 22290157, 23358312, 22332210, 22332210, 22332210, 22332210, 22332210, 22332210, 22332210, 22332210, 22332210, 22290157, 22971218, 22332210, 22332210, 100516107, 22407802, 22407802, 22407802, 22407802, 22407802, 22407802, 22407802, 23240252, 22417121, 22417121, 22417121, 22417121, 22417121, 22417121, 22417121, 22417121, 22417121, 22417121, 22417121, 22417121, 22407802, 22407802, 22407802, 22407802, 22407802, 22407802, 22407802, 22407802, 22407802, 22407802, 22407802, 22407802, 22407802, 22407802, 22407802, 22407802, 22407802, 22407802, 22407802, 22407802, 22407802, 22407802, 22407802, 22407802, 22407802, 22407802, 22332210, 22332210, 22332210, 22332210, 22332210, 22332210]",0,0,0
0,238,meta-llama/Llama-3.1-70B,43,156,82893017501,85662513690,2769496189,27728012,51231971,24270216,"[22094997, 22094997, 22094997, 22094997, 50712212, 95323178, 22752690, 41766565, 22408202, 22408202, 22408202, 22408202, 22408202, 22408202, 22408202, 22286797, 22347164, 22347164, 35470510, 22286797, 22286797, 22286797, 22290157, 22290157, 22290157, 22290157, 22290157, 22290157, 22290157, 22290157, 22290157, 23358312, 22332210, 22332210, 22332210, 22332210, 22332210, 22332210, 22332210, 22332210, 22332210, 22290157, 22971218, 22332210, 22332210, 100516107, 22407802, 22407802, 22407802, 22407802, 22407802, 22407802, 22407802, 23240252, 22417121, 22417121, 22417121, 22417121, 22417121, 22417121, 22417121, 22417121, 22417121, 22417121, 22417121, 22417121, 22407802, 22407802, 22407802, 22407802, 22407802, 22407802, 22407802, 22407802, 22407802, 22407802, 22407802, 22407802, 22407802, 22407802, 22407802, 22407802, 22407802, 22407802, 22407802, 22407802, 22407802, 22407802, 22407802, 22407802, 22407802, 22407802, 22332210, 22332210, 22332210, 22332210, 22332210, 22332210, 22290157, 22290157, 22290157, 22290157, 22290157, 22290157, 22290157, 22290157, 22290157, 22290157, 22290157, 22290157, 22290157, 22290157]",0,0,0
0,244,meta-llama/Llama-3.1-70B,299,399,83461911614,85796613474,2334701860,5111030,40581540,23172932,"[22286797, 22286797, 22286797, 22290157, 22290157, 22290157, 22290157, 22290157, 22290157, 22290157, 22290157, 22290157, 23358312, 22332210, 22332210, 22332210, 22332210, 22332210, 22332210, 22332210, 22332210, 22332210, 22290157, 22971218, 22332210, 22332210, 100516107, 22407802, 22407802, 22407802, 22407802, 22407802, 22407802, 22407802, 23240252, 22417121, 22417121, 22417121, 22417121, 22417121, 22417121, 22417121, 22417121, 22417121, 22417121, 22417121, 22417121, 22407802, 22407802, 22407802, 22407802, 22407802, 22407802, 22407802, 22407802, 22407802, 22407802, 22407802, 22407802, 22407802, 22407802, 22407802, 22407802, 22407802, 22407802, 22407802, 22407802, 22407802, 22407802, 22407802, 22407802, 22407802, 22407802, 22332210, 22332210, 22332210, 22332210, 22332210, 22332210, 22290157, 22290157, 22290157, 22290157, 22290157, 22290157, 22290157, 22290157, 22290157, 22290157, 22290157, 22290157, 22290157, 22290157, 22349964, 22349964, 22349964, 22349964, 22349964, 22349964]",0,0,0
0,209,meta-llama/Llama-3.1-70B,651,867,80361875512,85973742434,5611866922,1568509,58931636,25827605,"[56979568, 20513923, 52130116, 35852872, 37921964, 20664072, 20664072, 20664072, 20664072, 22784752, 20647136, 20647136, 20647136, 20647136, 66111893, 22035861, 21013313, 21013313, 21013313, 25876488, 39138400, 22068980, 21345081, 21345081, 21345081, 21345081, 21345081, 57966896, 21396928, 21396928, 21345081, 52672803, 21396928, 21396928, 21396928, 21396928, 21396928, 21396928, 66446566, 21434037, 21434037, 22584479, 21443679, 21445279, 21445279, 24176487, 21526045, 22846926, 21526045, 66580590, 22056603, 21579422, 21579422, 21579422, 21579422, 21579422, 21579422, 21579422, 21579422, 21579422, 21579422, 21579422, 21579422, 21579422, 21579422, 23984758, 21627580, 31713936, 21695066, 21695066, 21627580, 21627580, 21627580, 21627580, 21627580, 21627580, 21627580, 48338970, 21695066, 21695066, 108562426, 21681717, 21681717, 115948121, 66769562, 24460455, 21793092, 38559550, 23503959, 22094997, 22094997, 22094997, 22094997, 50712212, 95323178, 22752690, 41766565, 22408202, 22408202, 22408202, 22408202, 22408202, 22408202, 22408202, 22286797, 22347164, 22347164, 35470510, 22286797, 22286797, 22286797, 22290157, 22290157, 22290157, 22290157, 22290157, 22290157, 22290157, 22290157, 22290157, 23358312, 22332210, 22332210, 22332210, 22332210, 22332210, 22332210, 22332210, 22332210, 22332210, 22290157, 22971218, 22332210, 22332210, 100516107, 22407802, 22407802, 22407802, 22407802, 22407802, 22407802, 22407802, 23240252, 22417121, 22417121, 22417121, 22417121, 22417121, 22417121, 22417121, 22417121, 22417121, 22417121, 22417121, 22417121, 22407802, 22407802, 22407802, 22407802, 22407802, 22407802, 22407802, 22407802, 22407802, 22407802, 22407802, 22407802, 22407802, 22407802, 22407802, 22407802, 22407802, 22407802, 22407802, 22407802, 22407802, 22407802, 22407802, 22407802, 22407802, 22407802, 22332210, 22332210, 22332210, 22332210, 22332210, 22332210, 22290157, 22290157, 22290157, 22290157, 22290157, 22290157, 22290157, 22290157, 22290157, 22290157, 22290157, 22290157, 22290157, 22290157, 22349964, 22349964, 22349964, 22349964, 22349964, 22349964, 22141120, 22141120, 22141120, 22141120, 22141120, 22141120, 22141120, 22141120]",0,0,0
0,236,meta-llama/Llama-3.1-70B,77,211,82803466669,86062131222,3258664553,32465747,56926202,24073220,"[21793092, 38559550, 23503959, 22094997, 22094997, 22094997, 22094997, 50712212, 95323178, 22752690, 41766565, 22408202, 22408202, 22408202, 22408202, 22408202, 22408202, 22408202, 22286797, 22347164, 22347164, 35470510, 22286797, 22286797, 22286797, 22290157, 22290157, 22290157, 22290157, 22290157, 22290157, 22290157, 22290157, 22290157, 23358312, 22332210, 22332210, 22332210, 22332210, 22332210, 22332210, 22332210, 22332210, 22332210, 22290157, 22971218, 22332210, 22332210, 100516107, 22407802, 22407802, 22407802, 22407802, 22407802, 22407802, 22407802, 23240252, 22417121, 22417121, 22417121, 22417121, 22417121, 22417121, 22417121, 22417121, 22417121, 22417121, 22417121, 22417121, 22407802, 22407802, 22407802, 22407802, 22407802, 22407802, 22407802, 22407802, 22407802, 22407802, 22407802, 22407802, 22407802, 22407802, 22407802, 22407802, 22407802, 22407802, 22407802, 22407802, 22407802, 22407802, 22407802, 22407802, 22407802, 22407802, 22332210, 22332210, 22332210, 22332210, 22332210, 22332210, 22290157, 22290157, 22290157, 22290157, 22290157, 22290157, 22290157, 22290157, 22290157, 22290157, 22290157, 22290157, 22290157, 22290157, 22349964, 22349964, 22349964, 22349964, 22349964, 22349964, 22141120, 22141120, 22141120, 22141120, 22141120, 22141120, 22141120, 22141120, 22096917, 22096917, 22096917, 22098037]",0,0,0
0,200,meta-llama/Llama-3.1-70B,529,802,79312850237,86193145986,6880295749,696040,47877986,25119182,"[20528599, 20528599, 20528599, 20528599, 20528599, 20528599, 20528599, 20528599, 20528599, 63539037, 20877186, 20877186, 20877186, 20877186, 20877186, 20877186, 20877186, 20877186, 22005334, 20817363, 20817363, 20817363, 20817363, 20817363, 20817363, 21090275, 20749476, 20749476, 20749476, 20749476, 22076310, 21583144, 20869138, 20869138, 20869138, 20869138, 20869138, 20869138, 20869138, 20869138, 20869138, 20869138, 21310502, 20914285, 20914285, 20914285, 57363127, 56979568, 20513923, 52130116, 35852872, 37921964, 20664072, 20664072, 20664072, 20664072, 22784752, 20647136, 20647136, 20647136, 20647136, 66111893, 22035861, 21013313, 21013313, 21013313, 25876488, 39138400, 22068980, 21345081, 21345081, 21345081, 21345081, 21345081, 57966896, 21396928, 21396928, 21345081, 52672803, 21396928, 21396928, 21396928, 21396928, 21396928, 21396928, 66446566, 21434037, 21434037, 22584479, 21443679, 21445279, 21445279, 24176487, 21526045, 22846926, 21526045, 66580590, 22056603, 21579422, 21579422, 21579422, 21579422, 21579422, 21579422, 21579422, 21579422, 21579422, 21579422, 21579422, 21579422, 21579422, 21579422, 23984758, 21627580, 31713936, 21695066, 21695066, 21627580, 21627580, 21627580, 21627580, 21627580, 21627580, 21627580, 48338970, 21695066, 21695066, 108562426, 21681717, 21681717, 115948121, 66769562, 24460455, 21793092, 38559550, 23503959, 22094997, 22094997, 22094997, 22094997, 50712212, 95323178, 22752690, 41766565, 22408202, 22408202, 22408202, 22408202, 22408202, 22408202, 22408202, 22286797, 22347164, 22347164, 35470510, 22286797, 22286797, 22286797, 22290157, 22290157, 22290157, 22290157, 22290157, 22290157, 22290157, 22290157, 22290157, 23358312, 22332210, 22332210, 22332210, 22332210, 22332210, 22332210, 22332210, 22332210, 22332210, 22290157, 22971218, 22332210, 22332210, 100516107, 22407802, 22407802, 22407802, 22407802, 22407802, 22407802, 22407802, 23240252, 22417121, 22417121, 22417121, 22417121, 22417121, 22417121, 22417121, 22417121, 22417121, 22417121, 22417121, 22417121, 22407802, 22407802, 22407802, 22407802, 22407802, 22407802, 22407802, 22407802, 22407802, 22407802, 22407802, 22407802, 22407802, 22407802, 22407802, 22407802, 22407802, 22407802, 22407802, 22407802, 22407802, 22407802, 22407802, 22407802, 22407802, 22407802, 22332210, 22332210, 22332210, 22332210, 22332210, 22332210, 22290157, 22290157, 22290157, 22290157, 22290157, 22290157, 22290157, 22290157, 22290157, 22290157, 22290157, 22290157, 22290157, 22290157, 22349964, 22349964, 22349964, 22349964, 22349964, 22349964, 22141120, 22141120, 22141120, 22141120, 22141120, 22141120, 22141120, 22141120, 22096917, 22096917, 22096917, 22098037, 21835794, 21835794, 21835794, 21835794, 21835794, 21835794]",0,0,0
0,204,meta-llama/Llama-3.1-70B,15,277,80012460515,86629108626,6616648111,14579315,36655625,25210699,"[21583144, 20869138, 20869138, 20869138, 20869138, 20869138, 20869138, 20869138, 20869138, 20869138, 20869138, 21310502, 20914285, 20914285, 20914285, 57363127, 56979568, 20513923, 52130116, 35852872, 37921964, 20664072, 20664072, 20664072, 20664072, 22784752, 20647136, 20647136, 20647136, 20647136, 66111893, 22035861, 21013313, 21013313, 21013313, 25876488, 39138400, 22068980, 21345081, 21345081, 21345081, 21345081, 21345081, 57966896, 21396928, 21396928, 21345081, 52672803, 21396928, 21396928, 21396928, 21396928, 21396928, 21396928, 66446566, 21434037, 21434037, 22584479, 21443679, 21445279, 21445279, 24176487, 21526045, 22846926, 21526045, 66580590, 22056603, 21579422, 21579422, 21579422, 21579422, 21579422, 21579422, 21579422, 21579422, 21579422, 21579422, 21579422, 21579422, 21579422, 21579422, 23984758, 21627580, 31713936, 21695066, 21695066, 21627580, 21627580, 21627580, 21627580, 21627580, 21627580, 21627580, 48338970, 21695066, 21695066, 108562426, 21681717, 21681717, 115948121, 66769562, 24460455, 21793092, 38559550, 23503959, 22094997, 22094997, 22094997, 22094997, 50712212, 95323178, 22752690, 41766565, 22408202, 22408202, 22408202, 22408202, 22408202, 22408202, 22408202, 22286797, 22347164, 22347164, 35470510, 22286797, 22286797, 22286797, 22290157, 22290157, 22290157, 22290157, 22290157, 22290157, 22290157, 22290157, 22290157, 23358312, 22332210, 22332210, 22332210, 22332210, 22332210, 22332210, 22332210, 22332210, 22332210, 22290157, 22971218, 22332210, 22332210, 100516107, 22407802, 22407802, 22407802, 22407802, 22407802, 22407802, 22407802, 23240252, 22417121, 22417121, 22417121, 22417121, 22417121, 22417121, 22417121, 22417121, 22417121, 22417121, 22417121, 22417121, 22407802, 22407802, 22407802, 22407802, 22407802, 22407802, 22407802, 22407802, 22407802, 22407802, 22407802, 22407802, 22407802, 22407802, 22407802, 22407802, 22407802, 22407802, 22407802, 22407802, 22407802, 22407802, 22407802, 22407802, 22407802, 22407802, 22332210, 22332210, 22332210, 22332210, 22332210, 22332210, 22290157, 22290157, 22290157, 22290157, 22290157, 22290157, 22290157, 22290157, 22290157, 22290157, 22290157, 22290157, 22290157, 22290157, 22349964, 22349964, 22349964, 22349964, 22349964, 22349964, 22141120, 22141120, 22141120, 22141120, 22141120, 22141120, 22141120, 22141120, 22096917, 22096917, 22096917, 22098037, 21835794, 21835794, 21835794, 21835794, 21835794, 21835794, 21798132, 21798132, 21798132, 21798132, 21798132, 21798132, 21798132, 21798132, 21798132, 21798132, 21798132, 21798132, 21798132, 21798132, 21798132, 21798132, 21798132, 21798132, 21798132, 21798132]",0,0,0
0,203,meta-llama/Llama-3.1-70B,8,280,79909729446,86737934401,6828204955,13222205,34312480,25069713,"[20749476, 20749476, 20749476, 20749476, 22076310, 21583144, 20869138, 20869138, 20869138, 20869138, 20869138, 20869138, 20869138, 20869138, 20869138, 20869138, 21310502, 20914285, 20914285, 20914285, 57363127, 56979568, 20513923, 52130116, 35852872, 37921964, 20664072, 20664072, 20664072, 20664072, 22784752, 20647136, 20647136, 20647136, 20647136, 66111893, 22035861, 21013313, 21013313, 21013313, 25876488, 39138400, 22068980, 21345081, 21345081, 21345081, 21345081, 21345081, 57966896, 21396928, 21396928, 21345081, 52672803, 21396928, 21396928, 21396928, 21396928, 21396928, 21396928, 66446566, 21434037, 21434037, 22584479, 21443679, 21445279, 21445279, 24176487, 21526045, 22846926, 21526045, 66580590, 22056603, 21579422, 21579422, 21579422, 21579422, 21579422, 21579422, 21579422, 21579422, 21579422, 21579422, 21579422, 21579422, 21579422, 21579422, 23984758, 21627580, 31713936, 21695066, 21695066, 21627580, 21627580, 21627580, 21627580, 21627580, 21627580, 21627580, 48338970, 21695066, 21695066, 108562426, 21681717, 21681717, 115948121, 66769562, 24460455, 21793092, 38559550, 23503959, 22094997, 22094997, 22094997, 22094997, 50712212, 95323178, 22752690, 41766565, 22408202, 22408202, 22408202, 22408202, 22408202, 22408202, 22408202, 22286797, 22347164, 22347164, 35470510, 22286797, 22286797, 22286797, 22290157, 22290157, 22290157, 22290157, 22290157, 22290157, 22290157, 22290157, 22290157, 23358312, 22332210, 22332210, 22332210, 22332210, 22332210, 22332210, 22332210, 22332210, 22332210, 22290157, 22971218, 22332210, 22332210, 100516107, 22407802, 22407802, 22407802, 22407802, 22407802, 22407802, 22407802, 23240252, 22417121, 22417121, 22417121, 22417121, 22417121, 22417121, 22417121, 22417121, 22417121, 22417121, 22417121, 22417121, 22407802, 22407802, 22407802, 22407802, 22407802, 22407802, 22407802, 22407802, 22407802, 22407802, 22407802, 22407802, 22407802, 22407802, 22407802, 22407802, 22407802, 22407802, 22407802, 22407802, 22407802, 22407802, 22407802, 22407802, 22407802, 22407802, 22332210, 22332210, 22332210, 22332210, 22332210, 22332210, 22290157, 22290157, 22290157, 22290157, 22290157, 22290157, 22290157, 22290157, 22290157, 22290157, 22290157, 22290157, 22290157, 22290157, 22349964, 22349964, 22349964, 22349964, 22349964, 22349964, 22141120, 22141120, 22141120, 22141120, 22141120, 22141120, 22141120, 22141120, 22096917, 22096917, 22096917, 22098037, 21835794, 21835794, 21835794, 21835794, 21835794, 21835794, 21798132, 21798132, 21798132, 21798132, 21798132, 21798132, 21798132, 21798132, 21798132, 21798132, 21798132, 21798132, 21798132, 21798132, 21798132, 21798132, 21798132, 21798132, 21798132, 21798132, 21765155, 21765155, 21765155, 21765155, 21765155]",0,0,0
0,220,meta-llama/Llama-3.1-70B,10,245,81018758503,86868056863,5849298360,9679253,31748233,24861325,"[21345081, 21345081, 21345081, 21345081, 21345081, 57966896, 21396928, 21396928, 21345081, 52672803, 21396928, 21396928, 21396928, 21396928, 21396928, 21396928, 66446566, 21434037, 21434037, 22584479, 21443679, 21445279, 21445279, 24176487, 21526045, 22846926, 21526045, 66580590, 22056603, 21579422, 21579422, 21579422, 21579422, 21579422, 21579422, 21579422, 21579422, 21579422, 21579422, 21579422, 21579422, 21579422, 21579422, 23984758, 21627580, 31713936, 21695066, 21695066, 21627580, 21627580, 21627580, 21627580, 21627580, 21627580, 21627580, 48338970, 21695066, 21695066, 108562426, 21681717, 21681717, 115948121, 66769562, 24460455, 21793092, 38559550, 23503959, 22094997, 22094997, 22094997, 22094997, 50712212, 95323178, 22752690, 41766565, 22408202, 22408202, 22408202, 22408202, 22408202, 22408202, 22408202, 22286797, 22347164, 22347164, 35470510, 22286797, 22286797, 22286797, 22290157, 22290157, 22290157, 22290157, 22290157, 22290157, 22290157, 22290157, 22290157, 23358312, 22332210, 22332210, 22332210, 22332210, 22332210, 22332210, 22332210, 22332210, 22332210, 22290157, 22971218, 22332210, 22332210, 100516107, 22407802, 22407802, 22407802, 22407802, 22407802, 22407802, 22407802, 23240252, 22417121, 22417121, 22417121, 22417121, 22417121, 22417121, 22417121, 22417121, 22417121, 22417121, 22417121, 22417121, 22407802, 22407802, 22407802, 22407802, 22407802, 22407802, 22407802, 22407802, 22407802, 22407802, 22407802, 22407802, 22407802, 22407802, 22407802, 22407802, 22407802, 22407802, 22407802, 22407802, 22407802, 22407802, 22407802, 22407802, 22407802, 22407802, 22332210, 22332210, 22332210, 22332210, 22332210, 22332210, 22290157, 22290157, 22290157, 22290157, 22290157, 22290157, 22290157, 22290157, 22290157, 22290157, 22290157, 22290157, 22290157, 22290157, 22349964, 22349964, 22349964, 22349964, 22349964, 22349964, 22141120, 22141120, 22141120, 22141120, 22141120, 22141120, 22141120, 22141120, 22096917, 22096917, 22096917, 22098037, 21835794, 21835794, 21835794, 21835794, 21835794, 21835794, 21798132, 21798132, 21798132, 21798132, 21798132, 21798132, 21798132, 21798132, 21798132, 21798132, 21798132, 21798132, 21798132, 21798132, 21798132, 21798132, 21798132, 21798132, 21798132, 21798132, 21765155, 21765155, 21765155, 21765155, 21765155, 21687077, 21687077, 21687077, 21687077, 21687077, 21687077]",0,0,0
0,224,meta-llama/Llama-3.1-70B,24,240,81557248574,86889758089,5332509515,12458411,35042890,24639379,"[21443679, 21445279, 21445279, 24176487, 21526045, 22846926, 21526045, 66580590, 22056603, 21579422, 21579422, 21579422, 21579422, 21579422, 21579422, 21579422, 21579422, 21579422, 21579422, 21579422, 21579422, 21579422, 21579422, 23984758, 21627580, 31713936, 21695066, 21695066, 21627580, 21627580, 21627580, 21627580, 21627580, 21627580, 21627580, 48338970, 21695066, 21695066, 108562426, 21681717, 21681717, 115948121, 66769562, 24460455, 21793092, 38559550, 23503959, 22094997, 22094997, 22094997, 22094997, 50712212, 95323178, 22752690, 41766565, 22408202, 22408202, 22408202, 22408202, 22408202, 22408202, 22408202, 22286797, 22347164, 22347164, 35470510, 22286797, 22286797, 22286797, 22290157, 22290157, 22290157, 22290157, 22290157, 22290157, 22290157, 22290157, 22290157, 23358312, 22332210, 22332210, 22332210, 22332210, 22332210, 22332210, 22332210, 22332210, 22332210, 22290157, 22971218, 22332210, 22332210, 100516107, 22407802, 22407802, 22407802, 22407802, 22407802, 22407802, 22407802, 23240252, 22417121, 22417121, 22417121, 22417121, 22417121, 22417121, 22417121, 22417121, 22417121, 22417121, 22417121, 22417121, 22407802, 22407802, 22407802, 22407802, 22407802, 22407802, 22407802, 22407802, 22407802, 22407802, 22407802, 22407802, 22407802, 22407802, 22407802, 22407802, 22407802, 22407802, 22407802, 22407802, 22407802, 22407802, 22407802, 22407802, 22407802, 22407802, 22332210, 22332210, 22332210, 22332210, 22332210, 22332210, 22290157, 22290157, 22290157, 22290157, 22290157, 22290157, 22290157, 22290157, 22290157, 22290157, 22290157, 22290157, 22290157, 22290157, 22349964, 22349964, 22349964, 22349964, 22349964, 22349964, 22141120, 22141120, 22141120, 22141120, 22141120, 22141120, 22141120, 22141120, 22096917, 22096917, 22096917, 22098037, 21835794, 21835794, 21835794, 21835794, 21835794, 21835794, 21798132, 21798132, 21798132, 21798132, 21798132, 21798132, 21798132, 21798132, 21798132, 21798132, 21798132, 21798132, 21798132, 21798132, 21798132, 21798132, 21798132, 21798132, 21798132, 21798132, 21765155, 21765155, 21765155, 21765155, 21765155, 21687077, 21687077, 21687077, 21687077, 21687077, 21687077, 21701226]",0,0,0
0,201,meta-llama/Llama-3.1-70B,723,1019,79540259971,86911393749,7371133778,5225643,68764680,24753793,"[20877186, 20877186, 20877186, 20877186, 20877186, 20877186, 20877186, 20877186, 22005334, 20817363, 20817363, 20817363, 20817363, 20817363, 20817363, 21090275, 20749476, 20749476, 20749476, 20749476, 22076310, 21583144, 20869138, 20869138, 20869138, 20869138, 20869138, 20869138, 20869138, 20869138, 20869138, 20869138, 21310502, 20914285, 20914285, 20914285, 57363127, 56979568, 20513923, 52130116, 35852872, 37921964, 20664072, 20664072, 20664072, 20664072, 22784752, 20647136, 20647136, 20647136, 20647136, 66111893, 22035861, 21013313, 21013313, 21013313, 25876488, 39138400, 22068980, 21345081, 21345081, 21345081, 21345081, 21345081, 57966896, 21396928, 21396928, 21345081, 52672803, 21396928, 21396928, 21396928, 21396928, 21396928, 21396928, 66446566, 21434037, 21434037, 22584479, 21443679, 21445279, 21445279, 24176487, 21526045, 22846926, 21526045, 66580590, 22056603, 21579422, 21579422, 21579422, 21579422, 21579422, 21579422, 21579422, 21579422, 21579422, 21579422, 21579422, 21579422, 21579422, 21579422, 23984758, 21627580, 31713936, 21695066, 21695066, 21627580, 21627580, 21627580, 21627580, 21627580, 21627580, 21627580, 48338970, 21695066, 21695066, 108562426, 21681717, 21681717, 115948121, 66769562, 24460455, 21793092, 38559550, 23503959, 22094997, 22094997, 22094997, 22094997, 50712212, 95323178, 22752690, 41766565, 22408202, 22408202, 22408202, 22408202, 22408202, 22408202, 22408202, 22286797, 22347164, 22347164, 35470510, 22286797, 22286797, 22286797, 22290157, 22290157, 22290157, 22290157, 22290157, 22290157, 22290157, 22290157, 22290157, 23358312, 22332210, 22332210, 22332210, 22332210, 22332210, 22332210, 22332210, 22332210, 22332210, 22290157, 22971218, 22332210, 22332210, 100516107, 22407802, 22407802, 22407802, 22407802, 22407802, 22407802, 22407802, 23240252, 22417121, 22417121, 22417121, 22417121, 22417121, 22417121, 22417121, 22417121, 22417121, 22417121, 22417121, 22417121, 22407802, 22407802, 22407802, 22407802, 22407802, 22407802, 22407802, 22407802, 22407802, 22407802, 22407802, 22407802, 22407802, 22407802, 22407802, 22407802, 22407802, 22407802, 22407802, 22407802, 22407802, 22407802, 22407802, 22407802, 22407802, 22407802, 22332210, 22332210, 22332210, 22332210, 22332210, 22332210, 22290157, 22290157, 22290157, 22290157, 22290157, 22290157, 22290157, 22290157, 22290157, 22290157, 22290157, 22290157, 22290157, 22290157, 22349964, 22349964, 22349964, 22349964, 22349964, 22349964, 22141120, 22141120, 22141120, 22141120, 22141120, 22141120, 22141120, 22141120, 22096917, 22096917, 22096917, 22098037, 21835794, 21835794, 21835794, 21835794, 21835794, 21835794, 21798132, 21798132, 21798132, 21798132, 21798132, 21798132, 21798132, 21798132, 21798132, 21798132, 21798132, 21798132, 21798132, 21798132, 21798132, 21798132, 21798132, 21798132, 21798132, 21798132, 21765155, 21765155, 21765155, 21765155, 21765155, 21687077, 21687077, 21687077, 21687077, 21687077, 21687077, 21701226, 21635660]",0,0,0
0,249,meta-llama/Llama-3.1-70B,16,153,84327357658,87364692171,3037334513,14252018,37492270,22057663,"[22417121, 22417121, 22417121, 22417121, 22417121, 22417121, 22417121, 22417121, 22417121, 22417121, 22417121, 22417121, 22407802, 22407802, 22407802, 22407802, 22407802, 22407802, 22407802, 22407802, 22407802, 22407802, 22407802, 22407802, 22407802, 22407802, 22407802, 22407802, 22407802, 22407802, 22407802, 22407802, 22407802, 22407802, 22407802, 22407802, 22407802, 22407802, 22332210, 22332210, 22332210, 22332210, 22332210, 22332210, 22290157, 22290157, 22290157, 22290157, 22290157, 22290157, 22290157, 22290157, 22290157, 22290157, 22290157, 22290157, 22290157, 22290157, 22349964, 22349964, 22349964, 22349964, 22349964, 22349964, 22141120, 22141120, 22141120, 22141120, 22141120, 22141120, 22141120, 22141120, 22096917, 22096917, 22096917, 22098037, 21835794, 21835794, 21835794, 21835794, 21835794, 21835794, 21798132, 21798132, 21798132, 21798132, 21798132, 21798132, 21798132, 21798132, 21798132, 21798132, 21798132, 21798132, 21798132, 21798132, 21798132, 21798132, 21798132, 21798132, 21798132, 21798132, 21765155, 21765155, 21765155, 21765155, 21765155, 21687077, 21687077, 21687077, 21687077, 21687077, 21687077, 21701226, 21635660, 21584222, 21584222, 21584222, 21584222, 21584222, 21584222, 21584222, 21584222, 21584222, 21584222, 21584222, 21584222, 21584222, 21584222, 21584222, 21589182, 21589182, 21589182, 21589182, 21589182, 21589182]",0,0,0
0,208,meta-llama/Llama-3.1-70B,10,299,80360951552,87558866901,7197915349,2492469,59855596,24784929,"[56979568, 20513923, 52130116, 35852872, 37921964, 20664072, 20664072, 20664072, 20664072, 22784752, 20647136, 20647136, 20647136, 20647136, 66111893, 22035861, 21013313, 21013313, 21013313, 25876488, 39138400, 22068980, 21345081, 21345081, 21345081, 21345081, 21345081, 57966896, 21396928, 21396928, 21345081, 52672803, 21396928, 21396928, 21396928, 21396928, 21396928, 21396928, 66446566, 21434037, 21434037, 22584479, 21443679, 21445279, 21445279, 24176487, 21526045, 22846926, 21526045, 66580590, 22056603, 21579422, 21579422, 21579422, 21579422, 21579422, 21579422, 21579422, 21579422, 21579422, 21579422, 21579422, 21579422, 21579422, 21579422, 23984758, 21627580, 31713936, 21695066, 21695066, 21627580, 21627580, 21627580, 21627580, 21627580, 21627580, 21627580, 48338970, 21695066, 21695066, 108562426, 21681717, 21681717, 115948121, 66769562, 24460455, 21793092, 38559550, 23503959, 22094997, 22094997, 22094997, 22094997, 50712212, 95323178, 22752690, 41766565, 22408202, 22408202, 22408202, 22408202, 22408202, 22408202, 22408202, 22286797, 22347164, 22347164, 35470510, 22286797, 22286797, 22286797, 22290157, 22290157, 22290157, 22290157, 22290157, 22290157, 22290157, 22290157, 22290157, 23358312, 22332210, 22332210, 22332210, 22332210, 22332210, 22332210, 22332210, 22332210, 22332210, 22290157, 22971218, 22332210, 22332210, 100516107, 22407802, 22407802, 22407802, 22407802, 22407802, 22407802, 22407802, 23240252, 22417121, 22417121, 22417121, 22417121, 22417121, 22417121, 22417121, 22417121, 22417121, 22417121, 22417121, 22417121, 22407802, 22407802, 22407802, 22407802, 22407802, 22407802, 22407802, 22407802, 22407802, 22407802, 22407802, 22407802, 22407802, 22407802, 22407802, 22407802, 22407802, 22407802, 22407802, 22407802, 22407802, 22407802, 22407802, 22407802, 22407802, 22407802, 22332210, 22332210, 22332210, 22332210, 22332210, 22332210, 22290157, 22290157, 22290157, 22290157, 22290157, 22290157, 22290157, 22290157, 22290157, 22290157, 22290157, 22290157, 22290157, 22290157, 22349964, 22349964, 22349964, 22349964, 22349964, 22349964, 22141120, 22141120, 22141120, 22141120, 22141120, 22141120, 22141120, 22141120, 22096917, 22096917, 22096917, 22098037, 21835794, 21835794, 21835794, 21835794, 21835794, 21835794, 21798132, 21798132, 21798132, 21798132, 21798132, 21798132, 21798132, 21798132, 21798132, 21798132, 21798132, 21798132, 21798132, 21798132, 21798132, 21798132, 21798132, 21798132, 21798132, 21798132, 21765155, 21765155, 21765155, 21765155, 21765155, 21687077, 21687077, 21687077, 21687077, 21687077, 21687077, 21701226, 21635660, 21584222, 21584222, 21584222, 21584222, 21584222, 21584222, 21584222, 21584222, 21584222, 21584222, 21584222, 21584222, 21584222, 21584222, 21584222, 21589182, 21589182, 21589182, 21589182, 21589182, 21589182, 21574970, 21574970, 21574970, 21574970, 21574970, 21574970, 21574970, 21574970, 21574970]",0,0,0
0,210,meta-llama/Llama-3.1-70B,639,936,80372575202,87752675466,7380100264,48231946,105211514,24577326,"[20513923, 52130116, 35852872, 37921964, 20664072, 20664072, 20664072, 20664072, 22784752, 20647136, 20647136, 20647136, 20647136, 66111893, 22035861, 21013313, 21013313, 21013313, 25876488, 39138400, 22068980, 21345081, 21345081, 21345081, 21345081, 21345081, 57966896, 21396928, 21396928, 21345081, 52672803, 21396928, 21396928, 21396928, 21396928, 21396928, 21396928, 66446566, 21434037, 21434037, 22584479, 21443679, 21445279, 21445279, 24176487, 21526045, 22846926, 21526045, 66580590, 22056603, 21579422, 21579422, 21579422, 21579422, 21579422, 21579422, 21579422, 21579422, 21579422, 21579422, 21579422, 21579422, 21579422, 21579422, 23984758, 21627580, 31713936, 21695066, 21695066, 21627580, 21627580, 21627580, 21627580, 21627580, 21627580, 21627580, 48338970, 21695066, 21695066, 108562426, 21681717, 21681717, 115948121, 66769562, 24460455, 21793092, 38559550, 23503959, 22094997, 22094997, 22094997, 22094997, 50712212, 95323178, 22752690, 41766565, 22408202, 22408202, 22408202, 22408202, 22408202, 22408202, 22408202, 22286797, 22347164, 22347164, 35470510, 22286797, 22286797, 22286797, 22290157, 22290157, 22290157, 22290157, 22290157, 22290157, 22290157, 22290157, 22290157, 23358312, 22332210, 22332210, 22332210, 22332210, 22332210, 22332210, 22332210, 22332210, 22332210, 22290157, 22971218, 22332210, 22332210, 100516107, 22407802, 22407802, 22407802, 22407802, 22407802, 22407802, 22407802, 23240252, 22417121, 22417121, 22417121, 22417121, 22417121, 22417121, 22417121, 22417121, 22417121, 22417121, 22417121, 22417121, 22407802, 22407802, 22407802, 22407802, 22407802, 22407802, 22407802, 22407802, 22407802, 22407802, 22407802, 22407802, 22407802, 22407802, 22407802, 22407802, 22407802, 22407802, 22407802, 22407802, 22407802, 22407802, 22407802, 22407802, 22407802, 22407802, 22332210, 22332210, 22332210, 22332210, 22332210, 22332210, 22290157, 22290157, 22290157, 22290157, 22290157, 22290157, 22290157, 22290157, 22290157, 22290157, 22290157, 22290157, 22290157, 22290157, 22349964, 22349964, 22349964, 22349964, 22349964, 22349964, 22141120, 22141120, 22141120, 22141120, 22141120, 22141120, 22141120, 22141120, 22096917, 22096917, 22096917, 22098037, 21835794, 21835794, 21835794, 21835794, 21835794, 21835794, 21798132, 21798132, 21798132, 21798132, 21798132, 21798132, 21798132, 21798132, 21798132, 21798132, 21798132, 21798132, 21798132, 21798132, 21798132, 21798132, 21798132, 21798132, 21798132, 21798132, 21765155, 21765155, 21765155, 21765155, 21765155, 21687077, 21687077, 21687077, 21687077, 21687077, 21687077, 21701226, 21635660, 21584222, 21584222, 21584222, 21584222, 21584222, 21584222, 21584222, 21584222, 21584222, 21584222, 21584222, 21584222, 21584222, 21584222, 21584222, 21589182, 21589182, 21589182, 21589182, 21589182, 21589182, 21574970, 21574970, 21574970, 21574970, 21574970, 21574970, 21574970, 21574970, 21574970, 21534285, 21534285, 21534285, 21534285, 21534285, 21534285, 21534285, 21534285, 21534285]",0,0,0
0,233,meta-llama/Llama-3.1-70B,1294,1511,82489225022,87752675466,5263450444,12063851,120626277,23809371,"[21681717, 21681717, 115948121, 66769562, 24460455, 21793092, 38559550, 23503959, 22094997, 22094997, 22094997, 22094997, 50712212, 95323178, 22752690, 41766565, 22408202, 22408202, 22408202, 22408202, 22408202, 22408202, 22408202, 22286797, 22347164, 22347164, 35470510, 22286797, 22286797, 22286797, 22290157, 22290157, 22290157, 22290157, 22290157, 22290157, 22290157, 22290157, 22290157, 23358312, 22332210, 22332210, 22332210, 22332210, 22332210, 22332210, 22332210, 22332210, 22332210, 22290157, 22971218, 22332210, 22332210, 100516107, 22407802, 22407802, 22407802, 22407802, 22407802, 22407802, 22407802, 23240252, 22417121, 22417121, 22417121, 22417121, 22417121, 22417121, 22417121, 22417121, 22417121, 22417121, 22417121, 22417121, 22407802, 22407802, 22407802, 22407802, 22407802, 22407802, 22407802, 22407802, 22407802, 22407802, 22407802, 22407802, 22407802, 22407802, 22407802, 22407802, 22407802, 22407802, 22407802, 22407802, 22407802, 22407802, 22407802, 22407802, 22407802, 22407802, 22332210, 22332210, 22332210, 22332210, 22332210, 22332210, 22290157, 22290157, 22290157, 22290157, 22290157, 22290157, 22290157, 22290157, 22290157, 22290157, 22290157, 22290157, 22290157, 22290157, 22349964, 22349964, 22349964, 22349964, 22349964, 22349964, 22141120, 22141120, 22141120, 22141120, 22141120, 22141120, 22141120, 22141120, 22096917, 22096917, 22096917, 22098037, 21835794, 21835794, 21835794, 21835794, 21835794, 21835794, 21798132, 21798132, 21798132, 21798132, 21798132, 21798132, 21798132, 21798132, 21798132, 21798132, 21798132, 21798132, 21798132, 21798132, 21798132, 21798132, 21798132, 21798132, 21798132, 21798132, 21765155, 21765155, 21765155, 21765155, 21765155, 21687077, 21687077, 21687077, 21687077, 21687077, 21687077, 21701226, 21635660, 21584222, 21584222, 21584222, 21584222, 21584222, 21584222, 21584222, 21584222, 21584222, 21584222, 21584222, 21584222, 21584222, 21584222, 21584222, 21589182, 21589182, 21589182, 21589182, 21589182, 21589182, 21574970, 21574970, 21574970, 21574970, 21574970, 21574970, 21574970, 21574970, 21574970, 21534285, 21534285, 21534285, 21534285, 21534285, 21534285, 21534285, 21534285, 21534285]",0,0,0
0,222,meta-llama/Llama-3.1-70B,578,847,81260871639,87817022583,6556150944,18466335,71139138,24197805,"[21396928, 21396928, 21396928, 21396928, 21396928, 21396928, 66446566, 21434037, 21434037, 22584479, 21443679, 21445279, 21445279, 24176487, 21526045, 22846926, 21526045, 66580590, 22056603, 21579422, 21579422, 21579422, 21579422, 21579422, 21579422, 21579422, 21579422, 21579422, 21579422, 21579422, 21579422, 21579422, 21579422, 23984758, 21627580, 31713936, 21695066, 21695066, 21627580, 21627580, 21627580, 21627580, 21627580, 21627580, 21627580, 48338970, 21695066, 21695066, 108562426, 21681717, 21681717, 115948121, 66769562, 24460455, 21793092, 38559550, 23503959, 22094997, 22094997, 22094997, 22094997, 50712212, 95323178, 22752690, 41766565, 22408202, 22408202, 22408202, 22408202, 22408202, 22408202, 22408202, 22286797, 22347164, 22347164, 35470510, 22286797, 22286797, 22286797, 22290157, 22290157, 22290157, 22290157, 22290157, 22290157, 22290157, 22290157, 22290157, 23358312, 22332210, 22332210, 22332210, 22332210, 22332210, 22332210, 22332210, 22332210, 22332210, 22290157, 22971218, 22332210, 22332210, 100516107, 22407802, 22407802, 22407802, 22407802, 22407802, 22407802, 22407802, 23240252, 22417121, 22417121, 22417121, 22417121, 22417121, 22417121, 22417121, 22417121, 22417121, 22417121, 22417121, 22417121, 22407802, 22407802, 22407802, 22407802, 22407802, 22407802, 22407802, 22407802, 22407802, 22407802, 22407802, 22407802, 22407802, 22407802, 22407802, 22407802, 22407802, 22407802, 22407802, 22407802, 22407802, 22407802, 22407802, 22407802, 22407802, 22407802, 22332210, 22332210, 22332210, 22332210, 22332210, 22332210, 22290157, 22290157, 22290157, 22290157, 22290157, 22290157, 22290157, 22290157, 22290157, 22290157, 22290157, 22290157, 22290157, 22290157, 22349964, 22349964, 22349964, 22349964, 22349964, 22349964, 22141120, 22141120, 22141120, 22141120, 22141120, 22141120, 22141120, 22141120, 22096917, 22096917, 22096917, 22098037, 21835794, 21835794, 21835794, 21835794, 21835794, 21835794, 21798132, 21798132, 21798132, 21798132, 21798132, 21798132, 21798132, 21798132, 21798132, 21798132, 21798132, 21798132, 21798132, 21798132, 21798132, 21798132, 21798132, 21798132, 21798132, 21798132, 21765155, 21765155, 21765155, 21765155, 21765155, 21687077, 21687077, 21687077, 21687077, 21687077, 21687077, 21701226, 21635660, 21584222, 21584222, 21584222, 21584222, 21584222, 21584222, 21584222, 21584222, 21584222, 21584222, 21584222, 21584222, 21584222, 21584222, 21584222, 21589182, 21589182, 21589182, 21589182, 21589182, 21589182, 21574970, 21574970, 21574970, 21574970, 21574970, 21574970, 21574970, 21574970, 21574970, 21534285, 21534285, 21534285, 21534285, 21534285, 21534285, 21534285, 21534285, 21534285, 21449039, 21449039, 21449039]",0,0,0
0,223,meta-llama/Llama-3.1-70B,653,921,81450067246,87945660405,6495593159,10325099,76771665,24040529,"[21434037, 21434037, 22584479, 21443679, 21445279, 21445279, 24176487, 21526045, 22846926, 21526045, 66580590, 22056603, 21579422, 21579422, 21579422, 21579422, 21579422, 21579422, 21579422, 21579422, 21579422, 21579422, 21579422, 21579422, 21579422, 21579422, 23984758, 21627580, 31713936, 21695066, 21695066, 21627580, 21627580, 21627580, 21627580, 21627580, 21627580, 21627580, 48338970, 21695066, 21695066, 108562426, 21681717, 21681717, 115948121, 66769562, 24460455, 21793092, 38559550, 23503959, 22094997, 22094997, 22094997, 22094997, 50712212, 95323178, 22752690, 41766565, 22408202, 22408202, 22408202, 22408202, 22408202, 22408202, 22408202, 22286797, 22347164, 22347164, 35470510, 22286797, 22286797, 22286797, 22290157, 22290157, 22290157, 22290157, 22290157, 22290157, 22290157, 22290157, 22290157, 23358312, 22332210, 22332210, 22332210, 22332210, 22332210, 22332210, 22332210, 22332210, 22332210, 22290157, 22971218, 22332210, 22332210, 100516107, 22407802, 22407802, 22407802, 22407802, 22407802, 22407802, 22407802, 23240252, 22417121, 22417121, 22417121, 22417121, 22417121, 22417121, 22417121, 22417121, 22417121, 22417121, 22417121, 22417121, 22407802, 22407802, 22407802, 22407802, 22407802, 22407802, 22407802, 22407802, 22407802, 22407802, 22407802, 22407802, 22407802, 22407802, 22407802, 22407802, 22407802, 22407802, 22407802, 22407802, 22407802, 22407802, 22407802, 22407802, 22407802, 22407802, 22332210, 22332210, 22332210, 22332210, 22332210, 22332210, 22290157, 22290157, 22290157, 22290157, 22290157, 22290157, 22290157, 22290157, 22290157, 22290157, 22290157, 22290157, 22290157, 22290157, 22349964, 22349964, 22349964, 22349964, 22349964, 22349964, 22141120, 22141120, 22141120, 22141120, 22141120, 22141120, 22141120, 22141120, 22096917, 22096917, 22096917, 22098037, 21835794, 21835794, 21835794, 21835794, 21835794, 21835794, 21798132, 21798132, 21798132, 21798132, 21798132, 21798132, 21798132, 21798132, 21798132, 21798132, 21798132, 21798132, 21798132, 21798132, 21798132, 21798132, 21798132, 21798132, 21798132, 21798132, 21765155, 21765155, 21765155, 21765155, 21765155, 21687077, 21687077, 21687077, 21687077, 21687077, 21687077, 21701226, 21635660, 21584222, 21584222, 21584222, 21584222, 21584222, 21584222, 21584222, 21584222, 21584222, 21584222, 21584222, 21584222, 21584222, 21584222, 21584222, 21589182, 21589182, 21589182, 21589182, 21589182, 21589182, 21574970, 21574970, 21574970, 21574970, 21574970, 21574970, 21574970, 21574970, 21574970, 21534285, 21534285, 21534285, 21534285, 21534285, 21534285, 21534285, 21534285, 21534285, 21449039, 21449039, 21449039, 21439637, 21439637, 21439637, 21439637, 21439637, 21439637]",0,0,0
0,205,meta-llama/Llama-3.1-70B,21,351,80021249687,88095484821,8074235134,5790143,27866453,24457047,"[21583144, 20869138, 20869138, 20869138, 20869138, 20869138, 20869138, 20869138, 20869138, 20869138, 20869138, 21310502, 20914285, 20914285, 20914285, 57363127, 56979568, 20513923, 52130116, 35852872, 37921964, 20664072, 20664072, 20664072, 20664072, 22784752, 20647136, 20647136, 20647136, 20647136, 66111893, 22035861, 21013313, 21013313, 21013313, 25876488, 39138400, 22068980, 21345081, 21345081, 21345081, 21345081, 21345081, 57966896, 21396928, 21396928, 21345081, 52672803, 21396928, 21396928, 21396928, 21396928, 21396928, 21396928, 66446566, 21434037, 21434037, 22584479, 21443679, 21445279, 21445279, 24176487, 21526045, 22846926, 21526045, 66580590, 22056603, 21579422, 21579422, 21579422, 21579422, 21579422, 21579422, 21579422, 21579422, 21579422, 21579422, 21579422, 21579422, 21579422, 21579422, 23984758, 21627580, 31713936, 21695066, 21695066, 21627580, 21627580, 21627580, 21627580, 21627580, 21627580, 21627580, 48338970, 21695066, 21695066, 108562426, 21681717, 21681717, 115948121, 66769562, 24460455, 21793092, 38559550, 23503959, 22094997, 22094997, 22094997, 22094997, 50712212, 95323178, 22752690, 41766565, 22408202, 22408202, 22408202, 22408202, 22408202, 22408202, 22408202, 22286797, 22347164, 22347164, 35470510, 22286797, 22286797, 22286797, 22290157, 22290157, 22290157, 22290157, 22290157, 22290157, 22290157, 22290157, 22290157, 23358312, 22332210, 22332210, 22332210, 22332210, 22332210, 22332210, 22332210, 22332210, 22332210, 22290157, 22971218, 22332210, 22332210, 100516107, 22407802, 22407802, 22407802, 22407802, 22407802, 22407802, 22407802, 23240252, 22417121, 22417121, 22417121, 22417121, 22417121, 22417121, 22417121, 22417121, 22417121, 22417121, 22417121, 22417121, 22407802, 22407802, 22407802, 22407802, 22407802, 22407802, 22407802, 22407802, 22407802, 22407802, 22407802, 22407802, 22407802, 22407802, 22407802, 22407802, 22407802, 22407802, 22407802, 22407802, 22407802, 22407802, 22407802, 22407802, 22407802, 22407802, 22332210, 22332210, 22332210, 22332210, 22332210, 22332210, 22290157, 22290157, 22290157, 22290157, 22290157, 22290157, 22290157, 22290157, 22290157, 22290157, 22290157, 22290157, 22290157, 22290157, 22349964, 22349964, 22349964, 22349964, 22349964, 22349964, 22141120, 22141120, 22141120, 22141120, 22141120, 22141120, 22141120, 22141120, 22096917, 22096917, 22096917, 22098037, 21835794, 21835794, 21835794, 21835794, 21835794, 21835794, 21798132, 21798132, 21798132, 21798132, 21798132, 21798132, 21798132, 21798132, 21798132, 21798132, 21798132, 21798132, 21798132, 21798132, 21798132, 21798132, 21798132, 21798132, 21798132, 21798132, 21765155, 21765155, 21765155, 21765155, 21765155, 21687077, 21687077, 21687077, 21687077, 21687077, 21687077, 21701226, 21635660, 21584222, 21584222, 21584222, 21584222, 21584222, 21584222, 21584222, 21584222, 21584222, 21584222, 21584222, 21584222, 21584222, 21584222, 21584222, 21589182, 21589182, 21589182, 21589182, 21589182, 21589182, 21574970, 21574970, 21574970, 21574970, 21574970, 21574970, 21574970, 21574970, 21574970, 21534285, 21534285, 21534285, 21534285, 21534285, 21534285, 21534285, 21534285, 21534285, 21449039, 21449039, 21449039, 21439637, 21439637, 21439637, 21439637, 21439637, 21439637, 21403488, 21403488, 21403488, 21403488, 21403488, 21403488, 21403488]",0,0,0
0,225,meta-llama/Llama-3.1-70B,56,325,81641253004,88116841982,6475588978,15372697,39549184,24015073,"[21526045, 22846926, 21526045, 66580590, 22056603, 21579422, 21579422, 21579422, 21579422, 21579422, 21579422, 21579422, 21579422, 21579422, 21579422, 21579422, 21579422, 21579422, 21579422, 23984758, 21627580, 31713936, 21695066, 21695066, 21627580, 21627580, 21627580, 21627580, 21627580, 21627580, 21627580, 48338970, 21695066, 21695066, 108562426, 21681717, 21681717, 115948121, 66769562, 24460455, 21793092, 38559550, 23503959, 22094997, 22094997, 22094997, 22094997, 50712212, 95323178, 22752690, 41766565, 22408202, 22408202, 22408202, 22408202, 22408202, 22408202, 22408202, 22286797, 22347164, 22347164, 35470510, 22286797, 22286797, 22286797, 22290157, 22290157, 22290157, 22290157, 22290157, 22290157, 22290157, 22290157, 22290157, 23358312, 22332210, 22332210, 22332210, 22332210, 22332210, 22332210, 22332210, 22332210, 22332210, 22290157, 22971218, 22332210, 22332210, 100516107, 22407802, 22407802, 22407802, 22407802, 22407802, 22407802, 22407802, 23240252, 22417121, 22417121, 22417121, 22417121, 22417121, 22417121, 22417121, 22417121, 22417121, 22417121, 22417121, 22417121, 22407802, 22407802, 22407802, 22407802, 22407802, 22407802, 22407802, 22407802, 22407802, 22407802, 22407802, 22407802, 22407802, 22407802, 22407802, 22407802, 22407802, 22407802, 22407802, 22407802, 22407802, 22407802, 22407802, 22407802, 22407802, 22407802, 22332210, 22332210, 22332210, 22332210, 22332210, 22332210, 22290157, 22290157, 22290157, 22290157, 22290157, 22290157, 22290157, 22290157, 22290157, 22290157, 22290157, 22290157, 22290157, 22290157, 22349964, 22349964, 22349964, 22349964, 22349964, 22349964, 22141120, 22141120, 22141120, 22141120, 22141120, 22141120, 22141120, 22141120, 22096917, 22096917, 22096917, 22098037, 21835794, 21835794, 21835794, 21835794, 21835794, 21835794, 21798132, 21798132, 21798132, 21798132, 21798132, 21798132, 21798132, 21798132, 21798132, 21798132, 21798132, 21798132, 21798132, 21798132, 21798132, 21798132, 21798132, 21798132, 21798132, 21798132, 21765155, 21765155, 21765155, 21765155, 21765155, 21687077, 21687077, 21687077, 21687077, 21687077, 21687077, 21701226, 21635660, 21584222, 21584222, 21584222, 21584222, 21584222, 21584222, 21584222, 21584222, 21584222, 21584222, 21584222, 21584222, 21584222, 21584222, 21584222, 21589182, 21589182, 21589182, 21589182, 21589182, 21589182, 21574970, 21574970, 21574970, 21574970, 21574970, 21574970, 21574970, 21574970, 21574970, 21534285, 21534285, 21534285, 21534285, 21534285, 21534285, 21534285, 21534285, 21534285, 21449039, 21449039, 21449039, 21439637, 21439637, 21439637, 21439637, 21439637, 21439637, 21403488, 21403488, 21403488, 21403488, 21403488, 21403488, 21403488, 21357161]",0,0,0
0,241,meta-llama/Llama-3.1-70B,12,234,83056613065,88159439354,5102826289,26728607,122051785,22537441,"[22752690, 41766565, 22408202, 22408202, 22408202, 22408202, 22408202, 22408202, 22408202, 22286797, 22347164, 22347164, 35470510, 22286797, 22286797, 22286797, 22290157, 22290157, 22290157, 22290157, 22290157, 22290157, 22290157, 22290157, 22290157, 23358312, 22332210, 22332210, 22332210, 22332210, 22332210, 22332210, 22332210, 22332210, 22332210, 22290157, 22971218, 22332210, 22332210, 100516107, 22407802, 22407802, 22407802, 22407802, 22407802, 22407802, 22407802, 23240252, 22417121, 22417121, 22417121, 22417121, 22417121, 22417121, 22417121, 22417121, 22417121, 22417121, 22417121, 22417121, 22407802, 22407802, 22407802, 22407802, 22407802, 22407802, 22407802, 22407802, 22407802, 22407802, 22407802, 22407802, 22407802, 22407802, 22407802, 22407802, 22407802, 22407802, 22407802, 22407802, 22407802, 22407802, 22407802, 22407802, 22407802, 22407802, 22332210, 22332210, 22332210, 22332210, 22332210, 22332210, 22290157, 22290157, 22290157, 22290157, 22290157, 22290157, 22290157, 22290157, 22290157, 22290157, 22290157, 22290157, 22290157, 22290157, 22349964, 22349964, 22349964, 22349964, 22349964, 22349964, 22141120, 22141120, 22141120, 22141120, 22141120, 22141120, 22141120, 22141120, 22096917, 22096917, 22096917, 22098037, 21835794, 21835794, 21835794, 21835794, 21835794, 21835794, 21798132, 21798132, 21798132, 21798132, 21798132, 21798132, 21798132, 21798132, 21798132, 21798132, 21798132, 21798132, 21798132, 21798132, 21798132, 21798132, 21798132, 21798132, 21798132, 21798132, 21765155, 21765155, 21765155, 21765155, 21765155, 21687077, 21687077, 21687077, 21687077, 21687077, 21687077, 21701226, 21635660, 21584222, 21584222, 21584222, 21584222, 21584222, 21584222, 21584222, 21584222, 21584222, 21584222, 21584222, 21584222, 21584222, 21584222, 21584222, 21589182, 21589182, 21589182, 21589182, 21589182, 21589182, 21574970, 21574970, 21574970, 21574970, 21574970, 21574970, 21574970, 21574970, 21574970, 21534285, 21534285, 21534285, 21534285, 21534285, 21534285, 21534285, 21534285, 21534285, 21449039, 21449039, 21449039, 21439637, 21439637, 21439637, 21439637, 21439637, 21439637, 21403488, 21403488, 21403488, 21403488, 21403488, 21403488, 21403488, 21357161, 21298686, 21298686]",0,0,0
0,229,meta-llama/Llama-3.1-70B,2,277,81755716374,88350286307,6594569933,57565420,79622023,23777182,"[21579422, 21579422, 21579422, 21579422, 21579422, 21579422, 21579422, 21579422, 21579422, 21579422, 21579422, 21579422, 21579422, 21579422, 23984758, 21627580, 31713936, 21695066, 21695066, 21627580, 21627580, 21627580, 21627580, 21627580, 21627580, 21627580, 48338970, 21695066, 21695066, 108562426, 21681717, 21681717, 115948121, 66769562, 24460455, 21793092, 38559550, 23503959, 22094997, 22094997, 22094997, 22094997, 50712212, 95323178, 22752690, 41766565, 22408202, 22408202, 22408202, 22408202, 22408202, 22408202, 22408202, 22286797, 22347164, 22347164, 35470510, 22286797, 22286797, 22286797, 22290157, 22290157, 22290157, 22290157, 22290157, 22290157, 22290157, 22290157, 22290157, 23358312, 22332210, 22332210, 22332210, 22332210, 22332210, 22332210, 22332210, 22332210, 22332210, 22290157, 22971218, 22332210, 22332210, 100516107, 22407802, 22407802, 22407802, 22407802, 22407802, 22407802, 22407802, 23240252, 22417121, 22417121, 22417121, 22417121, 22417121, 22417121, 22417121, 22417121, 22417121, 22417121, 22417121, 22417121, 22407802, 22407802, 22407802, 22407802, 22407802, 22407802, 22407802, 22407802, 22407802, 22407802, 22407802, 22407802, 22407802, 22407802, 22407802, 22407802, 22407802, 22407802, 22407802, 22407802, 22407802, 22407802, 22407802, 22407802, 22407802, 22407802, 22332210, 22332210, 22332210, 22332210, 22332210, 22332210, 22290157, 22290157, 22290157, 22290157, 22290157, 22290157, 22290157, 22290157, 22290157, 22290157, 22290157, 22290157, 22290157, 22290157, 22349964, 22349964, 22349964, 22349964, 22349964, 22349964, 22141120, 22141120, 22141120, 22141120, 22141120, 22141120, 22141120, 22141120, 22096917, 22096917, 22096917, 22098037, 21835794, 21835794, 21835794, 21835794, 21835794, 21835794, 21798132, 21798132, 21798132, 21798132, 21798132, 21798132, 21798132, 21798132, 21798132, 21798132, 21798132, 21798132, 21798132, 21798132, 21798132, 21798132, 21798132, 21798132, 21798132, 21798132, 21765155, 21765155, 21765155, 21765155, 21765155, 21687077, 21687077, 21687077, 21687077, 21687077, 21687077, 21701226, 21635660, 21584222, 21584222, 21584222, 21584222, 21584222, 21584222, 21584222, 21584222, 21584222, 21584222, 21584222, 21584222, 21584222, 21584222, 21584222, 21589182, 21589182, 21589182, 21589182, 21589182, 21589182, 21574970, 21574970, 21574970, 21574970, 21574970, 21574970, 21574970, 21574970, 21574970, 21534285, 21534285, 21534285, 21534285, 21534285, 21534285, 21534285, 21534285, 21534285, 21449039, 21449039, 21449039, 21439637, 21439637, 21439637, 21439637, 21439637, 21439637, 21403488, 21403488, 21403488, 21403488, 21403488, 21403488, 21403488, 21357161, 21298686, 21298686, 21205217, 21205217, 21205217, 21205217, 21205217, 21205217, 21205217, 21205217, 21205217]",0,0,0
0,239,meta-llama/Llama-3.1-70B,525,770,83021193681,88623599776,5602406095,11435779,62147991,22705975,"[95323178, 22752690, 41766565, 22408202, 22408202, 22408202, 22408202, 22408202, 22408202, 22408202, 22286797, 22347164, 22347164, 35470510, 22286797, 22286797, 22286797, 22290157, 22290157, 22290157, 22290157, 22290157, 22290157, 22290157, 22290157, 22290157, 23358312, 22332210, 22332210, 22332210, 22332210, 22332210, 22332210, 22332210, 22332210, 22332210, 22290157, 22971218, 22332210, 22332210, 100516107, 22407802, 22407802, 22407802, 22407802, 22407802, 22407802, 22407802, 23240252, 22417121, 22417121, 22417121, 22417121, 22417121, 22417121, 22417121, 22417121, 22417121, 22417121, 22417121, 22417121, 22407802, 22407802, 22407802, 22407802, 22407802, 22407802, 22407802, 22407802, 22407802, 22407802, 22407802, 22407802, 22407802, 22407802, 22407802, 22407802, 22407802, 22407802, 22407802, 22407802, 22407802, 22407802, 22407802, 22407802, 22407802, 22407802, 22332210, 22332210, 22332210, 22332210, 22332210, 22332210, 22290157, 22290157, 22290157, 22290157, 22290157, 22290157, 22290157, 22290157, 22290157, 22290157, 22290157, 22290157, 22290157, 22290157, 22349964, 22349964, 22349964, 22349964, 22349964, 22349964, 22141120, 22141120, 22141120, 22141120, 22141120, 22141120, 22141120, 22141120, 22096917, 22096917, 22096917, 22098037, 21835794, 21835794, 21835794, 21835794, 21835794, 21835794, 21798132, 21798132, 21798132, 21798132, 21798132, 21798132, 21798132, 21798132, 21798132, 21798132, 21798132, 21798132, 21798132, 21798132, 21798132, 21798132, 21798132, 21798132, 21798132, 21798132, 21765155, 21765155, 21765155, 21765155, 21765155, 21687077, 21687077, 21687077, 21687077, 21687077, 21687077, 21701226, 21635660, 21584222, 21584222, 21584222, 21584222, 21584222, 21584222, 21584222, 21584222, 21584222, 21584222, 21584222, 21584222, 21584222, 21584222, 21584222, 21589182, 21589182, 21589182, 21589182, 21589182, 21589182, 21574970, 21574970, 21574970, 21574970, 21574970, 21574970, 21574970, 21574970, 21574970, 21534285, 21534285, 21534285, 21534285, 21534285, 21534285, 21534285, 21534285, 21534285, 21449039, 21449039, 21449039, 21439637, 21439637, 21439637, 21439637, 21439637, 21439637, 21403488, 21403488, 21403488, 21403488, 21403488, 21403488, 21403488, 21357161, 21298686, 21298686, 21205217, 21205217, 21205217, 21205217, 21205217, 21205217, 21205217, 21205217, 21205217, 21024113, 21024113, 21024113, 21024113, 21024113, 21024113, 21024113, 21024113, 21024113, 21024113, 21024113, 21024113, 21024113]",0,0,0
0,226,meta-llama/Llama-3.1-70B,19,319,81651088710,88769163544,7118074834,5536991,29713478,23706894,"[21526045, 22846926, 21526045, 66580590, 22056603, 21579422, 21579422, 21579422, 21579422, 21579422, 21579422, 21579422, 21579422, 21579422, 21579422, 21579422, 21579422, 21579422, 21579422, 23984758, 21627580, 31713936, 21695066, 21695066, 21627580, 21627580, 21627580, 21627580, 21627580, 21627580, 21627580, 48338970, 21695066, 21695066, 108562426, 21681717, 21681717, 115948121, 66769562, 24460455, 21793092, 38559550, 23503959, 22094997, 22094997, 22094997, 22094997, 50712212, 95323178, 22752690, 41766565, 22408202, 22408202, 22408202, 22408202, 22408202, 22408202, 22408202, 22286797, 22347164, 22347164, 35470510, 22286797, 22286797, 22286797, 22290157, 22290157, 22290157, 22290157, 22290157, 22290157, 22290157, 22290157, 22290157, 23358312, 22332210, 22332210, 22332210, 22332210, 22332210, 22332210, 22332210, 22332210, 22332210, 22290157, 22971218, 22332210, 22332210, 100516107, 22407802, 22407802, 22407802, 22407802, 22407802, 22407802, 22407802, 23240252, 22417121, 22417121, 22417121, 22417121, 22417121, 22417121, 22417121, 22417121, 22417121, 22417121, 22417121, 22417121, 22407802, 22407802, 22407802, 22407802, 22407802, 22407802, 22407802, 22407802, 22407802, 22407802, 22407802, 22407802, 22407802, 22407802, 22407802, 22407802, 22407802, 22407802, 22407802, 22407802, 22407802, 22407802, 22407802, 22407802, 22407802, 22407802, 22332210, 22332210, 22332210, 22332210, 22332210, 22332210, 22290157, 22290157, 22290157, 22290157, 22290157, 22290157, 22290157, 22290157, 22290157, 22290157, 22290157, 22290157, 22290157, 22290157, 22349964, 22349964, 22349964, 22349964, 22349964, 22349964, 22141120, 22141120, 22141120, 22141120, 22141120, 22141120, 22141120, 22141120, 22096917, 22096917, 22096917, 22098037, 21835794, 21835794, 21835794, 21835794, 21835794, 21835794, 21798132, 21798132, 21798132, 21798132, 21798132, 21798132, 21798132, 21798132, 21798132, 21798132, 21798132, 21798132, 21798132, 21798132, 21798132, 21798132, 21798132, 21798132, 21798132, 21798132, 21765155, 21765155, 21765155, 21765155, 21765155, 21687077, 21687077, 21687077, 21687077, 21687077, 21687077, 21701226, 21635660, 21584222, 21584222, 21584222, 21584222, 21584222, 21584222, 21584222, 21584222, 21584222, 21584222, 21584222, 21584222, 21584222, 21584222, 21584222, 21589182, 21589182, 21589182, 21589182, 21589182, 21589182, 21574970, 21574970, 21574970, 21574970, 21574970, 21574970, 21574970, 21574970, 21574970, 21534285, 21534285, 21534285, 21534285, 21534285, 21534285, 21534285, 21534285, 21534285, 21449039, 21449039, 21449039, 21439637, 21439637, 21439637, 21439637, 21439637, 21439637, 21403488, 21403488, 21403488, 21403488, 21403488, 21403488, 21403488, 21357161, 21298686, 21298686, 21205217, 21205217, 21205217, 21205217, 21205217, 21205217, 21205217, 21205217, 21205217, 21024113, 21024113, 21024113, 21024113, 21024113, 21024113, 21024113, 21024113, 21024113, 21024113, 21024113, 21024113, 21024113, 20794824, 20794824, 20794824, 20794824, 20794824, 20794824, 20794824]",0,0,0
0,217,meta-llama/Llama-3.1-70B,20,351,80827770910,88789821480,7962050570,50576158,72612019,23907389,"[21013313, 21013313, 21013313, 25876488, 39138400, 22068980, 21345081, 21345081, 21345081, 21345081, 21345081, 57966896, 21396928, 21396928, 21345081, 52672803, 21396928, 21396928, 21396928, 21396928, 21396928, 21396928, 66446566, 21434037, 21434037, 22584479, 21443679, 21445279, 21445279, 24176487, 21526045, 22846926, 21526045, 66580590, 22056603, 21579422, 21579422, 21579422, 21579422, 21579422, 21579422, 21579422, 21579422, 21579422, 21579422, 21579422, 21579422, 21579422, 21579422, 23984758, 21627580, 31713936, 21695066, 21695066, 21627580, 21627580, 21627580, 21627580, 21627580, 21627580, 21627580, 48338970, 21695066, 21695066, 108562426, 21681717, 21681717, 115948121, 66769562, 24460455, 21793092, 38559550, 23503959, 22094997, 22094997, 22094997, 22094997, 50712212, 95323178, 22752690, 41766565, 22408202, 22408202, 22408202, 22408202, 22408202, 22408202, 22408202, 22286797, 22347164, 22347164, 35470510, 22286797, 22286797, 22286797, 22290157, 22290157, 22290157, 22290157, 22290157, 22290157, 22290157, 22290157, 22290157, 23358312, 22332210, 22332210, 22332210, 22332210, 22332210, 22332210, 22332210, 22332210, 22332210, 22290157, 22971218, 22332210, 22332210, 100516107, 22407802, 22407802, 22407802, 22407802, 22407802, 22407802, 22407802, 23240252, 22417121, 22417121, 22417121, 22417121, 22417121, 22417121, 22417121, 22417121, 22417121, 22417121, 22417121, 22417121, 22407802, 22407802, 22407802, 22407802, 22407802, 22407802, 22407802, 22407802, 22407802, 22407802, 22407802, 22407802, 22407802, 22407802, 22407802, 22407802, 22407802, 22407802, 22407802, 22407802, 22407802, 22407802, 22407802, 22407802, 22407802, 22407802, 22332210, 22332210, 22332210, 22332210, 22332210, 22332210, 22290157, 22290157, 22290157, 22290157, 22290157, 22290157, 22290157, 22290157, 22290157, 22290157, 22290157, 22290157, 22290157, 22290157, 22349964, 22349964, 22349964, 22349964, 22349964, 22349964, 22141120, 22141120, 22141120, 22141120, 22141120, 22141120, 22141120, 22141120, 22096917, 22096917, 22096917, 22098037, 21835794, 21835794, 21835794, 21835794, 21835794, 21835794, 21798132, 21798132, 21798132, 21798132, 21798132, 21798132, 21798132, 21798132, 21798132, 21798132, 21798132, 21798132, 21798132, 21798132, 21798132, 21798132, 21798132, 21798132, 21798132, 21798132, 21765155, 21765155, 21765155, 21765155, 21765155, 21687077, 21687077, 21687077, 21687077, 21687077, 21687077, 21701226, 21635660, 21584222, 21584222, 21584222, 21584222, 21584222, 21584222, 21584222, 21584222, 21584222, 21584222, 21584222, 21584222, 21584222, 21584222, 21584222, 21589182, 21589182, 21589182, 21589182, 21589182, 21589182, 21574970, 21574970, 21574970, 21574970, 21574970, 21574970, 21574970, 21574970, 21574970, 21534285, 21534285, 21534285, 21534285, 21534285, 21534285, 21534285, 21534285, 21534285, 21449039, 21449039, 21449039, 21439637, 21439637, 21439637, 21439637, 21439637, 21439637, 21403488, 21403488, 21403488, 21403488, 21403488, 21403488, 21403488, 21357161, 21298686, 21298686, 21205217, 21205217, 21205217, 21205217, 21205217, 21205217, 21205217, 21205217, 21205217, 21024113, 21024113, 21024113, 21024113, 21024113, 21024113, 21024113, 21024113, 21024113, 21024113, 21024113, 21024113, 21024113, 20794824, 20794824, 20794824, 20794824, 20794824, 20794824, 20794824, 20657936]",0,0,0
0,243,meta-llama/Llama-3.1-70B,390,661,83179803300,89224052592,6044249292,21614240,63380805,22151364,"[22408202, 22408202, 22408202, 22408202, 22408202, 22408202, 22408202, 22286797, 22347164, 22347164, 35470510, 22286797, 22286797, 22286797, 22290157, 22290157, 22290157, 22290157, 22290157, 22290157, 22290157, 22290157, 22290157, 23358312, 22332210, 22332210, 22332210, 22332210, 22332210, 22332210, 22332210, 22332210, 22332210, 22290157, 22971218, 22332210, 22332210, 100516107, 22407802, 22407802, 22407802, 22407802, 22407802, 22407802, 22407802, 23240252, 22417121, 22417121, 22417121, 22417121, 22417121, 22417121, 22417121, 22417121, 22417121, 22417121, 22417121, 22417121, 22407802, 22407802, 22407802, 22407802, 22407802, 22407802, 22407802, 22407802, 22407802, 22407802, 22407802, 22407802, 22407802, 22407802, 22407802, 22407802, 22407802, 22407802, 22407802, 22407802, 22407802, 22407802, 22407802, 22407802, 22407802, 22407802, 22332210, 22332210, 22332210, 22332210, 22332210, 22332210, 22290157, 22290157, 22290157, 22290157, 22290157, 22290157, 22290157, 22290157, 22290157, 22290157, 22290157, 22290157, 22290157, 22290157, 22349964, 22349964, 22349964, 22349964, 22349964, 22349964, 22141120, 22141120, 22141120, 22141120, 22141120, 22141120, 22141120, 22141120, 22096917, 22096917, 22096917, 22098037, 21835794, 21835794, 21835794, 21835794, 21835794, 21835794, 21798132, 21798132, 21798132, 21798132, 21798132, 21798132, 21798132, 21798132, 21798132, 21798132, 21798132, 21798132, 21798132, 21798132, 21798132, 21798132, 21798132, 21798132, 21798132, 21798132, 21765155, 21765155, 21765155, 21765155, 21765155, 21687077, 21687077, 21687077, 21687077, 21687077, 21687077, 21701226, 21635660, 21584222, 21584222, 21584222, 21584222, 21584222, 21584222, 21584222, 21584222, 21584222, 21584222, 21584222, 21584222, 21584222, 21584222, 21584222, 21589182, 21589182, 21589182, 21589182, 21589182, 21589182, 21574970, 21574970, 21574970, 21574970, 21574970, 21574970, 21574970, 21574970, 21574970, 21534285, 21534285, 21534285, 21534285, 21534285, 21534285, 21534285, 21534285, 21534285, 21449039, 21449039, 21449039, 21439637, 21439637, 21439637, 21439637, 21439637, 21439637, 21403488, 21403488, 21403488, 21403488, 21403488, 21403488, 21403488, 21357161, 21298686, 21298686, 21205217, 21205217, 21205217, 21205217, 21205217, 21205217, 21205217, 21205217, 21205217, 21024113, 21024113, 21024113, 21024113, 21024113, 21024113, 21024113, 21024113, 21024113, 21024113, 21024113, 21024113, 21024113, 20794824, 20794824, 20794824, 20794824, 20794824, 20794824, 20794824, 20657936, 20677672, 20677672, 20677672, 20677672, 20677672, 20677672, 20677672, 20677672, 20677672, 20677672, 20677672, 20677672, 20677672, 20677672, 20677672, 20677672, 20677672, 20677672, 20677672, 20677672, 20677672]",0,0,0
0,232,meta-llama/Llama-3.1-70B,503,797,82389491584,89306616080,6917124496,20068187,68407157,23374461,"[21695066, 21695066, 108562426, 21681717, 21681717, 115948121, 66769562, 24460455, 21793092, 38559550, 23503959, 22094997, 22094997, 22094997, 22094997, 50712212, 95323178, 22752690, 41766565, 22408202, 22408202, 22408202, 22408202, 22408202, 22408202, 22408202, 22286797, 22347164, 22347164, 35470510, 22286797, 22286797, 22286797, 22290157, 22290157, 22290157, 22290157, 22290157, 22290157, 22290157, 22290157, 22290157, 23358312, 22332210, 22332210, 22332210, 22332210, 22332210, 22332210, 22332210, 22332210, 22332210, 22290157, 22971218, 22332210, 22332210, 100516107, 22407802, 22407802, 22407802, 22407802, 22407802, 22407802, 22407802, 23240252, 22417121, 22417121, 22417121, 22417121, 22417121, 22417121, 22417121, 22417121, 22417121, 22417121, 22417121, 22417121, 22407802, 22407802, 22407802, 22407802, 22407802, 22407802, 22407802, 22407802, 22407802, 22407802, 22407802, 22407802, 22407802, 22407802, 22407802, 22407802, 22407802, 22407802, 22407802, 22407802, 22407802, 22407802, 22407802, 22407802, 22407802, 22407802, 22332210, 22332210, 22332210, 22332210, 22332210, 22332210, 22290157, 22290157, 22290157, 22290157, 22290157, 22290157, 22290157, 22290157, 22290157, 22290157, 22290157, 22290157, 22290157, 22290157, 22349964, 22349964, 22349964, 22349964, 22349964, 22349964, 22141120, 22141120, 22141120, 22141120, 22141120, 22141120, 22141120, 22141120, 22096917, 22096917, 22096917, 22098037, 21835794, 21835794, 21835794, 21835794, 21835794, 21835794, 21798132, 21798132, 21798132, 21798132, 21798132, 21798132, 21798132, 21798132, 21798132, 21798132, 21798132, 21798132, 21798132, 21798132, 21798132, 21798132, 21798132, 21798132, 21798132, 21798132, 21765155, 21765155, 21765155, 21765155, 21765155, 21687077, 21687077, 21687077, 21687077, 21687077, 21687077, 21701226, 21635660, 21584222, 21584222, 21584222, 21584222, 21584222, 21584222, 21584222, 21584222, 21584222, 21584222, 21584222, 21584222, 21584222, 21584222, 21584222, 21589182, 21589182, 21589182, 21589182, 21589182, 21589182, 21574970, 21574970, 21574970, 21574970, 21574970, 21574970, 21574970, 21574970, 21574970, 21534285, 21534285, 21534285, 21534285, 21534285, 21534285, 21534285, 21534285, 21534285, 21449039, 21449039, 21449039, 21439637, 21439637, 21439637, 21439637, 21439637, 21439637, 21403488, 21403488, 21403488, 21403488, 21403488, 21403488, 21403488, 21357161, 21298686, 21298686, 21205217, 21205217, 21205217, 21205217, 21205217, 21205217, 21205217, 21205217, 21205217, 21024113, 21024113, 21024113, 21024113, 21024113, 21024113, 21024113, 21024113, 21024113, 21024113, 21024113, 21024113, 21024113, 20794824, 20794824, 20794824, 20794824, 20794824, 20794824, 20794824, 20657936, 20677672, 20677672, 20677672, 20677672, 20677672, 20677672, 20677672, 20677672, 20677672, 20677672, 20677672, 20677672, 20677672, 20677672, 20677672, 20677672, 20677672, 20677672, 20677672, 20677672, 20677672, 20640872, 20640872, 20640872, 20640872]",0,0,0
0,202,meta-llama/Llama-3.1-70B,23,425,79758373227,89347804476,9589431249,17668912,39674246,23814855,"[20817363, 20817363, 20817363, 20817363, 20817363, 20817363, 21090275, 20749476, 20749476, 20749476, 20749476, 22076310, 21583144, 20869138, 20869138, 20869138, 20869138, 20869138, 20869138, 20869138, 20869138, 20869138, 20869138, 21310502, 20914285, 20914285, 20914285, 57363127, 56979568, 20513923, 52130116, 35852872, 37921964, 20664072, 20664072, 20664072, 20664072, 22784752, 20647136, 20647136, 20647136, 20647136, 66111893, 22035861, 21013313, 21013313, 21013313, 25876488, 39138400, 22068980, 21345081, 21345081, 21345081, 21345081, 21345081, 57966896, 21396928, 21396928, 21345081, 52672803, 21396928, 21396928, 21396928, 21396928, 21396928, 21396928, 66446566, 21434037, 21434037, 22584479, 21443679, 21445279, 21445279, 24176487, 21526045, 22846926, 21526045, 66580590, 22056603, 21579422, 21579422, 21579422, 21579422, 21579422, 21579422, 21579422, 21579422, 21579422, 21579422, 21579422, 21579422, 21579422, 21579422, 23984758, 21627580, 31713936, 21695066, 21695066, 21627580, 21627580, 21627580, 21627580, 21627580, 21627580, 21627580, 48338970, 21695066, 21695066, 108562426, 21681717, 21681717, 115948121, 66769562, 24460455, 21793092, 38559550, 23503959, 22094997, 22094997, 22094997, 22094997, 50712212, 95323178, 22752690, 41766565, 22408202, 22408202, 22408202, 22408202, 22408202, 22408202, 22408202, 22286797, 22347164, 22347164, 35470510, 22286797, 22286797, 22286797, 22290157, 22290157, 22290157, 22290157, 22290157, 22290157, 22290157, 22290157, 22290157, 23358312, 22332210, 22332210, 22332210, 22332210, 22332210, 22332210, 22332210, 22332210, 22332210, 22290157, 22971218, 22332210, 22332210, 100516107, 22407802, 22407802, 22407802, 22407802, 22407802, 22407802, 22407802, 23240252, 22417121, 22417121, 22417121, 22417121, 22417121, 22417121, 22417121, 22417121, 22417121, 22417121, 22417121, 22417121, 22407802, 22407802, 22407802, 22407802, 22407802, 22407802, 22407802, 22407802, 22407802, 22407802, 22407802, 22407802, 22407802, 22407802, 22407802, 22407802, 22407802, 22407802, 22407802, 22407802, 22407802, 22407802, 22407802, 22407802, 22407802, 22407802, 22332210, 22332210, 22332210, 22332210, 22332210, 22332210, 22290157, 22290157, 22290157, 22290157, 22290157, 22290157, 22290157, 22290157, 22290157, 22290157, 22290157, 22290157, 22290157, 22290157, 22349964, 22349964, 22349964, 22349964, 22349964, 22349964, 22141120, 22141120, 22141120, 22141120, 22141120, 22141120, 22141120, 22141120, 22096917, 22096917, 22096917, 22098037, 21835794, 21835794, 21835794, 21835794, 21835794, 21835794, 21798132, 21798132, 21798132, 21798132, 21798132, 21798132, 21798132, 21798132, 21798132, 21798132, 21798132, 21798132, 21798132, 21798132, 21798132, 21798132, 21798132, 21798132, 21798132, 21798132, 21765155, 21765155, 21765155, 21765155, 21765155, 21687077, 21687077, 21687077, 21687077, 21687077, 21687077, 21701226, 21635660, 21584222, 21584222, 21584222, 21584222, 21584222, 21584222, 21584222, 21584222, 21584222, 21584222, 21584222, 21584222, 21584222, 21584222, 21584222, 21589182, 21589182, 21589182, 21589182, 21589182, 21589182, 21574970, 21574970, 21574970, 21574970, 21574970, 21574970, 21574970, 21574970, 21574970, 21534285, 21534285, 21534285, 21534285, 21534285, 21534285, 21534285, 21534285, 21534285, 21449039, 21449039, 21449039, 21439637, 21439637, 21439637, 21439637, 21439637, 21439637, 21403488, 21403488, 21403488, 21403488, 21403488, 21403488, 21403488, 21357161, 21298686, 21298686, 21205217, 21205217, 21205217, 21205217, 21205217, 21205217, 21205217, 21205217, 21205217, 21024113, 21024113, 21024113, 21024113, 21024113, 21024113, 21024113, 21024113, 21024113, 21024113, 21024113, 21024113, 21024113, 20794824, 20794824, 20794824, 20794824, 20794824, 20794824, 20794824, 20657936, 20677672, 20677672, 20677672, 20677672, 20677672, 20677672, 20677672, 20677672, 20677672, 20677672, 20677672, 20677672, 20677672, 20677672, 20677672, 20677672, 20677672, 20677672, 20677672, 20677672, 20677672, 20640872, 20640872, 20640872, 20640872, 20594198, 20594198]",0,0,0
0,231,meta-llama/Llama-3.1-70B,254,569,82166886063,89532527703,7365641640,16176580,47890516,23304939,"[21695066, 21695066, 21627580, 21627580, 21627580, 21627580, 21627580, 21627580, 21627580, 48338970, 21695066, 21695066, 108562426, 21681717, 21681717, 115948121, 66769562, 24460455, 21793092, 38559550, 23503959, 22094997, 22094997, 22094997, 22094997, 50712212, 95323178, 22752690, 41766565, 22408202, 22408202, 22408202, 22408202, 22408202, 22408202, 22408202, 22286797, 22347164, 22347164, 35470510, 22286797, 22286797, 22286797, 22290157, 22290157, 22290157, 22290157, 22290157, 22290157, 22290157, 22290157, 22290157, 23358312, 22332210, 22332210, 22332210, 22332210, 22332210, 22332210, 22332210, 22332210, 22332210, 22290157, 22971218, 22332210, 22332210, 100516107, 22407802, 22407802, 22407802, 22407802, 22407802, 22407802, 22407802, 23240252, 22417121, 22417121, 22417121, 22417121, 22417121, 22417121, 22417121, 22417121, 22417121, 22417121, 22417121, 22417121, 22407802, 22407802, 22407802, 22407802, 22407802, 22407802, 22407802, 22407802, 22407802, 22407802, 22407802, 22407802, 22407802, 22407802, 22407802, 22407802, 22407802, 22407802, 22407802, 22407802, 22407802, 22407802, 22407802, 22407802, 22407802, 22407802, 22332210, 22332210, 22332210, 22332210, 22332210, 22332210, 22290157, 22290157, 22290157, 22290157, 22290157, 22290157, 22290157, 22290157, 22290157, 22290157, 22290157, 22290157, 22290157, 22290157, 22349964, 22349964, 22349964, 22349964, 22349964, 22349964, 22141120, 22141120, 22141120, 22141120, 22141120, 22141120, 22141120, 22141120, 22096917, 22096917, 22096917, 22098037, 21835794, 21835794, 21835794, 21835794, 21835794, 21835794, 21798132, 21798132, 21798132, 21798132, 21798132, 21798132, 21798132, 21798132, 21798132, 21798132, 21798132, 21798132, 21798132, 21798132, 21798132, 21798132, 21798132, 21798132, 21798132, 21798132, 21765155, 21765155, 21765155, 21765155, 21765155, 21687077, 21687077, 21687077, 21687077, 21687077, 21687077, 21701226, 21635660, 21584222, 21584222, 21584222, 21584222, 21584222, 21584222, 21584222, 21584222, 21584222, 21584222, 21584222, 21584222, 21584222, 21584222, 21584222, 21589182, 21589182, 21589182, 21589182, 21589182, 21589182, 21574970, 21574970, 21574970, 21574970, 21574970, 21574970, 21574970, 21574970, 21574970, 21534285, 21534285, 21534285, 21534285, 21534285, 21534285, 21534285, 21534285, 21534285, 21449039, 21449039, 21449039, 21439637, 21439637, 21439637, 21439637, 21439637, 21439637, 21403488, 21403488, 21403488, 21403488, 21403488, 21403488, 21403488, 21357161, 21298686, 21298686, 21205217, 21205217, 21205217, 21205217, 21205217, 21205217, 21205217, 21205217, 21205217, 21024113, 21024113, 21024113, 21024113, 21024113, 21024113, 21024113, 21024113, 21024113, 21024113, 21024113, 21024113, 21024113, 20794824, 20794824, 20794824, 20794824, 20794824, 20794824, 20794824, 20657936, 20677672, 20677672, 20677672, 20677672, 20677672, 20677672, 20677672, 20677672, 20677672, 20677672, 20677672, 20677672, 20677672, 20677672, 20677672, 20677672, 20677672, 20677672, 20677672, 20677672, 20677672, 20640872, 20640872, 20640872, 20640872, 20594198, 20594198, 20524803, 20524803, 20524803, 20524803, 20524803, 20524803, 20524803, 20524803, 20524803]",0,0,0
0,245,meta-llama/Llama-3.1-70B,21,283,83769667855,89532527703,5762859848,297103,23655415,21989289,"[22332210, 22332210, 22332210, 22332210, 22332210, 22332210, 22332210, 22332210, 22332210, 22290157, 22971218, 22332210, 22332210, 100516107, 22407802, 22407802, 22407802, 22407802, 22407802, 22407802, 22407802, 23240252, 22417121, 22417121, 22417121, 22417121, 22417121, 22417121, 22417121, 22417121, 22417121, 22417121, 22417121, 22417121, 22407802, 22407802, 22407802, 22407802, 22407802, 22407802, 22407802, 22407802, 22407802, 22407802, 22407802, 22407802, 22407802, 22407802, 22407802, 22407802, 22407802, 22407802, 22407802, 22407802, 22407802, 22407802, 22407802, 22407802, 22407802, 22407802, 22332210, 22332210, 22332210, 22332210, 22332210, 22332210, 22290157, 22290157, 22290157, 22290157, 22290157, 22290157, 22290157, 22290157, 22290157, 22290157, 22290157, 22290157, 22290157, 22290157, 22349964, 22349964, 22349964, 22349964, 22349964, 22349964, 22141120, 22141120, 22141120, 22141120, 22141120, 22141120, 22141120, 22141120, 22096917, 22096917, 22096917, 22098037, 21835794, 21835794, 21835794, 21835794, 21835794, 21835794, 21798132, 21798132, 21798132, 21798132, 21798132, 21798132, 21798132, 21798132, 21798132, 21798132, 21798132, 21798132, 21798132, 21798132, 21798132, 21798132, 21798132, 21798132, 21798132, 21798132, 21765155, 21765155, 21765155, 21765155, 21765155, 21687077, 21687077, 21687077, 21687077, 21687077, 21687077, 21701226, 21635660, 21584222, 21584222, 21584222, 21584222, 21584222, 21584222, 21584222, 21584222, 21584222, 21584222, 21584222, 21584222, 21584222, 21584222, 21584222, 21589182, 21589182, 21589182, 21589182, 21589182, 21589182, 21574970, 21574970, 21574970, 21574970, 21574970, 21574970, 21574970, 21574970, 21574970, 21534285, 21534285, 21534285, 21534285, 21534285, 21534285, 21534285, 21534285, 21534285, 21449039, 21449039, 21449039, 21439637, 21439637, 21439637, 21439637, 21439637, 21439637, 21403488, 21403488, 21403488, 21403488, 21403488, 21403488, 21403488, 21357161, 21298686, 21298686, 21205217, 21205217, 21205217, 21205217, 21205217, 21205217, 21205217, 21205217, 21205217, 21024113, 21024113, 21024113, 21024113, 21024113, 21024113, 21024113, 21024113, 21024113, 21024113, 21024113, 21024113, 21024113, 20794824, 20794824, 20794824, 20794824, 20794824, 20794824, 20794824, 20657936, 20677672, 20677672, 20677672, 20677672, 20677672, 20677672, 20677672, 20677672, 20677672, 20677672, 20677672, 20677672, 20677672, 20677672, 20677672, 20677672, 20677672, 20677672, 20677672, 20677672, 20677672, 20640872, 20640872, 20640872, 20640872, 20594198, 20594198, 20524803, 20524803, 20524803, 20524803, 20524803, 20524803, 20524803, 20524803, 20524803]",0,0,0
0,248,meta-llama/Llama-3.1-70B,9,376,84063805313,91983250677,7919445364,20433642,120949749,21307365,"[22407802, 22407802, 22407802, 22407802, 22407802, 22407802, 22407802, 23240252, 22417121, 22417121, 22417121, 22417121, 22417121, 22417121, 22417121, 22417121, 22417121, 22417121, 22417121, 22417121, 22407802, 22407802, 22407802, 22407802, 22407802, 22407802, 22407802, 22407802, 22407802, 22407802, 22407802, 22407802, 22407802, 22407802, 22407802, 22407802, 22407802, 22407802, 22407802, 22407802, 22407802, 22407802, 22407802, 22407802, 22407802, 22407802, 22332210, 22332210, 22332210, 22332210, 22332210, 22332210, 22290157, 22290157, 22290157, 22290157, 22290157, 22290157, 22290157, 22290157, 22290157, 22290157, 22290157, 22290157, 22290157, 22290157, 22349964, 22349964, 22349964, 22349964, 22349964, 22349964, 22141120, 22141120, 22141120, 22141120, 22141120, 22141120, 22141120, 22141120, 22096917, 22096917, 22096917, 22098037, 21835794, 21835794, 21835794, 21835794, 21835794, 21835794, 21798132, 21798132, 21798132, 21798132, 21798132, 21798132, 21798132, 21798132, 21798132, 21798132, 21798132, 21798132, 21798132, 21798132, 21798132, 21798132, 21798132, 21798132, 21798132, 21798132, 21765155, 21765155, 21765155, 21765155, 21765155, 21687077, 21687077, 21687077, 21687077, 21687077, 21687077, 21701226, 21635660, 21584222, 21584222, 21584222, 21584222, 21584222, 21584222, 21584222, 21584222, 21584222, 21584222, 21584222, 21584222, 21584222, 21584222, 21584222, 21589182, 21589182, 21589182, 21589182, 21589182, 21589182, 21574970, 21574970, 21574970, 21574970, 21574970, 21574970, 21574970, 21574970, 21574970, 21534285, 21534285, 21534285, 21534285, 21534285, 21534285, 21534285, 21534285, 21534285, 21449039, 21449039, 21449039, 21439637, 21439637, 21439637, 21439637, 21439637, 21439637, 21403488, 21403488, 21403488, 21403488, 21403488, 21403488, 21403488, 21357161, 21298686, 21298686, 21205217, 21205217, 21205217, 21205217, 21205217, 21205217, 21205217, 21205217, 21205217, 21024113, 21024113, 21024113, 21024113, 21024113, 21024113, 21024113, 21024113, 21024113, 21024113, 21024113, 21024113, 21024113, 20794824, 20794824, 20794824, 20794824, 20794824, 20794824, 20794824, 20657936, 20677672, 20677672, 20677672, 20677672, 20677672, 20677672, 20677672, 20677672, 20677672, 20677672, 20677672, 20677672, 20677672, 20677672, 20677672, 20677672, 20677672, 20677672, 20677672, 20677672, 20677672, 20640872, 20640872, 20640872, 20640872, 20594198, 20594198, 20524803, 20524803, 20524803, 20524803, 20524803, 20524803, 20524803, 20524803, 20524803, 20589186, 20589186, 20589186, 20589186, 20589186, 20589186, 20589186, 20589186, 20589186, 20589186, 20589186, 20589186, 20589186, 20589186, 20589186, 20589186, 20589186, 20589186, 20589186, 20589186, 20589186, 20589186, 20589186, 20589186, 20589186, 20589186, 20589186, 20589186, 20589186, 20589186, 20589186, 20589186, 20589186, 20589186, 20589186, 20589186, 20589186, 20589186, 20589186, 20589186, 20589186, 20589186, 20589186, 20589186, 20589186, 20589186, 20589186, 20589186, 20589186, 20589186, 20589186, 20589186, 20589186, 20589186, 20589186, 20589186, 20598866, 20598866, 20598866, 20598866, 20598866, 20598866, 20598866, 20598866, 20598866, 20598866, 20598866, 20598866, 20598866, 20598866, 20598866, 20598866, 20598866, 20598866, 20598866, 20598866, 20598866, 20598866, 20598866, 20598866, 20598866, 20598866, 20598866, 20598866, 20598866, 20598866, 20598866, 20598866, 20598866, 20598866, 20598866, 20598866, 20598866, 20598866, 20598866, 20598866, 20598866, 20598866, 20598866, 20598866, 20598866, 20598866, 20598866, 20598866, 20598866, 20598866, 20598866, 20598866, 20598866, 20598866, 20598866, 20598866, 20598866, 20598866, 20598866, 20598866, 20598866, 20598866, 20598866]",0,0,0
0,237,meta-llama/Llama-3.1-70B,356,784,82871296012,92278560587,9407264575,10889951,49449501,21915257,"[23503959, 22094997, 22094997, 22094997, 22094997, 50712212, 95323178, 22752690, 41766565, 22408202, 22408202, 22408202, 22408202, 22408202, 22408202, 22408202, 22286797, 22347164, 22347164, 35470510, 22286797, 22286797, 22286797, 22290157, 22290157, 22290157, 22290157, 22290157, 22290157, 22290157, 22290157, 22290157, 23358312, 22332210, 22332210, 22332210, 22332210, 22332210, 22332210, 22332210, 22332210, 22332210, 22290157, 22971218, 22332210, 22332210, 100516107, 22407802, 22407802, 22407802, 22407802, 22407802, 22407802, 22407802, 23240252, 22417121, 22417121, 22417121, 22417121, 22417121, 22417121, 22417121, 22417121, 22417121, 22417121, 22417121, 22417121, 22407802, 22407802, 22407802, 22407802, 22407802, 22407802, 22407802, 22407802, 22407802, 22407802, 22407802, 22407802, 22407802, 22407802, 22407802, 22407802, 22407802, 22407802, 22407802, 22407802, 22407802, 22407802, 22407802, 22407802, 22407802, 22407802, 22332210, 22332210, 22332210, 22332210, 22332210, 22332210, 22290157, 22290157, 22290157, 22290157, 22290157, 22290157, 22290157, 22290157, 22290157, 22290157, 22290157, 22290157, 22290157, 22290157, 22349964, 22349964, 22349964, 22349964, 22349964, 22349964, 22141120, 22141120, 22141120, 22141120, 22141120, 22141120, 22141120, 22141120, 22096917, 22096917, 22096917, 22098037, 21835794, 21835794, 21835794, 21835794, 21835794, 21835794, 21798132, 21798132, 21798132, 21798132, 21798132, 21798132, 21798132, 21798132, 21798132, 21798132, 21798132, 21798132, 21798132, 21798132, 21798132, 21798132, 21798132, 21798132, 21798132, 21798132, 21765155, 21765155, 21765155, 21765155, 21765155, 21687077, 21687077, 21687077, 21687077, 21687077, 21687077, 21701226, 21635660, 21584222, 21584222, 21584222, 21584222, 21584222, 21584222, 21584222, 21584222, 21584222, 21584222, 21584222, 21584222, 21584222, 21584222, 21584222, 21589182, 21589182, 21589182, 21589182, 21589182, 21589182, 21574970, 21574970, 21574970, 21574970, 21574970, 21574970, 21574970, 21574970, 21574970, 21534285, 21534285, 21534285, 21534285, 21534285, 21534285, 21534285, 21534285, 21534285, 21449039, 21449039, 21449039, 21439637, 21439637, 21439637, 21439637, 21439637, 21439637, 21403488, 21403488, 21403488, 21403488, 21403488, 21403488, 21403488, 21357161, 21298686, 21298686, 21205217, 21205217, 21205217, 21205217, 21205217, 21205217, 21205217, 21205217, 21205217, 21024113, 21024113, 21024113, 21024113, 21024113, 21024113, 21024113, 21024113, 21024113, 21024113, 21024113, 21024113, 21024113, 20794824, 20794824, 20794824, 20794824, 20794824, 20794824, 20794824, 20657936, 20677672, 20677672, 20677672, 20677672, 20677672, 20677672, 20677672, 20677672, 20677672, 20677672, 20677672, 20677672, 20677672, 20677672, 20677672, 20677672, 20677672, 20677672, 20677672, 20677672, 20677672, 20640872, 20640872, 20640872, 20640872, 20594198, 20594198, 20524803, 20524803, 20524803, 20524803, 20524803, 20524803, 20524803, 20524803, 20524803, 20589186, 20589186, 20589186, 20589186, 20589186, 20589186, 20589186, 20589186, 20589186, 20589186, 20589186, 20589186, 20589186, 20589186, 20589186, 20589186, 20589186, 20589186, 20589186, 20589186, 20589186, 20589186, 20589186, 20589186, 20589186, 20589186, 20589186, 20589186, 20589186, 20589186, 20589186, 20589186, 20589186, 20589186, 20589186, 20589186, 20589186, 20589186, 20589186, 20589186, 20589186, 20589186, 20589186, 20589186, 20589186, 20589186, 20589186, 20589186, 20589186, 20589186, 20589186, 20589186, 20589186, 20589186, 20589186, 20589186, 20598866, 20598866, 20598866, 20598866, 20598866, 20598866, 20598866, 20598866, 20598866, 20598866, 20598866, 20598866, 20598866, 20598866, 20598866, 20598866, 20598866, 20598866, 20598866, 20598866, 20598866, 20598866, 20598866, 20598866, 20598866, 20598866, 20598866, 20598866, 20598866, 20598866, 20598866, 20598866, 20598866, 20598866, 20598866, 20598866, 20598866, 20598866, 20598866, 20598866, 20598866, 20598866, 20598866, 20598866, 20598866, 20598866, 20598866, 20598866, 20598866, 20598866, 20598866, 20598866, 20598866, 20598866, 20598866, 20598866, 20598866, 20598866, 20598866, 20598866, 20598866, 20598866, 20598866, 21093565, 21093565, 21093565, 21093565, 21093565, 21093565, 21093565, 21093565, 21093565, 21093565, 21093565, 21093565, 21093565, 21093565]",0,0,0
0,215,meta-llama/Llama-3.1-70B,47,594,80696831776,93142634685,12445802909,10030103,32814855,22734410,"[20647136, 20647136, 20647136, 20647136, 66111893, 22035861, 21013313, 21013313, 21013313, 25876488, 39138400, 22068980, 21345081, 21345081, 21345081, 21345081, 21345081, 57966896, 21396928, 21396928, 21345081, 52672803, 21396928, 21396928, 21396928, 21396928, 21396928, 21396928, 66446566, 21434037, 21434037, 22584479, 21443679, 21445279, 21445279, 24176487, 21526045, 22846926, 21526045, 66580590, 22056603, 21579422, 21579422, 21579422, 21579422, 21579422, 21579422, 21579422, 21579422, 21579422, 21579422, 21579422, 21579422, 21579422, 21579422, 23984758, 21627580, 31713936, 21695066, 21695066, 21627580, 21627580, 21627580, 21627580, 21627580, 21627580, 21627580, 48338970, 21695066, 21695066, 108562426, 21681717, 21681717, 115948121, 66769562, 24460455, 21793092, 38559550, 23503959, 22094997, 22094997, 22094997, 22094997, 50712212, 95323178, 22752690, 41766565, 22408202, 22408202, 22408202, 22408202, 22408202, 22408202, 22408202, 22286797, 22347164, 22347164, 35470510, 22286797, 22286797, 22286797, 22290157, 22290157, 22290157, 22290157, 22290157, 22290157, 22290157, 22290157, 22290157, 23358312, 22332210, 22332210, 22332210, 22332210, 22332210, 22332210, 22332210, 22332210, 22332210, 22290157, 22971218, 22332210, 22332210, 100516107, 22407802, 22407802, 22407802, 22407802, 22407802, 22407802, 22407802, 23240252, 22417121, 22417121, 22417121, 22417121, 22417121, 22417121, 22417121, 22417121, 22417121, 22417121, 22417121, 22417121, 22407802, 22407802, 22407802, 22407802, 22407802, 22407802, 22407802, 22407802, 22407802, 22407802, 22407802, 22407802, 22407802, 22407802, 22407802, 22407802, 22407802, 22407802, 22407802, 22407802, 22407802, 22407802, 22407802, 22407802, 22407802, 22407802, 22332210, 22332210, 22332210, 22332210, 22332210, 22332210, 22290157, 22290157, 22290157, 22290157, 22290157, 22290157, 22290157, 22290157, 22290157, 22290157, 22290157, 22290157, 22290157, 22290157, 22349964, 22349964, 22349964, 22349964, 22349964, 22349964, 22141120, 22141120, 22141120, 22141120, 22141120, 22141120, 22141120, 22141120, 22096917, 22096917, 22096917, 22098037, 21835794, 21835794, 21835794, 21835794, 21835794, 21835794, 21798132, 21798132, 21798132, 21798132, 21798132, 21798132, 21798132, 21798132, 21798132, 21798132, 21798132, 21798132, 21798132, 21798132, 21798132, 21798132, 21798132, 21798132, 21798132, 21798132, 21765155, 21765155, 21765155, 21765155, 21765155, 21687077, 21687077, 21687077, 21687077, 21687077, 21687077, 21701226, 21635660, 21584222, 21584222, 21584222, 21584222, 21584222, 21584222, 21584222, 21584222, 21584222, 21584222, 21584222, 21584222, 21584222, 21584222, 21584222, 21589182, 21589182, 21589182, 21589182, 21589182, 21589182, 21574970, 21574970, 21574970, 21574970, 21574970, 21574970, 21574970, 21574970, 21574970, 21534285, 21534285, 21534285, 21534285, 21534285, 21534285, 21534285, 21534285, 21534285, 21449039, 21449039, 21449039, 21439637, 21439637, 21439637, 21439637, 21439637, 21439637, 21403488, 21403488, 21403488, 21403488, 21403488, 21403488, 21403488, 21357161, 21298686, 21298686, 21205217, 21205217, 21205217, 21205217, 21205217, 21205217, 21205217, 21205217, 21205217, 21024113, 21024113, 21024113, 21024113, 21024113, 21024113, 21024113, 21024113, 21024113, 21024113, 21024113, 21024113, 21024113, 20794824, 20794824, 20794824, 20794824, 20794824, 20794824, 20794824, 20657936, 20677672, 20677672, 20677672, 20677672, 20677672, 20677672, 20677672, 20677672, 20677672, 20677672, 20677672, 20677672, 20677672, 20677672, 20677672, 20677672, 20677672, 20677672, 20677672, 20677672, 20677672, 20640872, 20640872, 20640872, 20640872, 20594198, 20594198, 20524803, 20524803, 20524803, 20524803, 20524803, 20524803, 20524803, 20524803, 20524803, 20589186, 20589186, 20589186, 20589186, 20589186, 20589186, 20589186, 20589186, 20589186, 20589186, 20589186, 20589186, 20589186, 20589186, 20589186, 20589186, 20589186, 20589186, 20589186, 20589186, 20589186, 20589186, 20589186, 20589186, 20589186, 20589186, 20589186, 20589186, 20589186, 20589186, 20589186, 20589186, 20589186, 20589186, 20589186, 20589186, 20589186, 20589186, 20589186, 20589186, 20589186, 20589186, 20589186, 20589186, 20589186, 20589186, 20589186, 20589186, 20589186, 20589186, 20589186, 20589186, 20589186, 20589186, 20589186, 20589186, 20598866, 20598866, 20598866, 20598866, 20598866, 20598866, 20598866, 20598866, 20598866, 20598866, 20598866, 20598866, 20598866, 20598866, 20598866, 20598866, 20598866, 20598866, 20598866, 20598866, 20598866, 20598866, 20598866, 20598866, 20598866, 20598866, 20598866, 20598866, 20598866, 20598866, 20598866, 20598866, 20598866, 20598866, 20598866, 20598866, 20598866, 20598866, 20598866, 20598866, 20598866, 20598866, 20598866, 20598866, 20598866, 20598866, 20598866, 20598866, 20598866, 20598866, 20598866, 20598866, 20598866, 20598866, 20598866, 20598866, 20598866, 20598866, 20598866, 20598866, 20598866, 20598866, 20598866, 21093565, 21093565, 21093565, 21093565, 21093565, 21093565, 21093565, 21093565, 21093565, 21093565, 21093565, 21093565, 21093565, 21093565, 21074978, 21074978, 21074978, 21074978, 21074978, 21074978, 21074978, 21074978, 21074978, 21074978, 21074978, 21074978, 21074978, 21074978, 21074978, 21074978, 21074978, 21074978, 21074978, 21074978, 21074978, 21074978, 21074978, 21074978, 21074978, 21074978, 21074978, 21074978, 21074978, 21074978, 21074978, 21074978, 21074978, 21074978, 21074978, 21074978, 21074978, 21074978, 21074978, 21074978, 21074978]",0,0,0
0,246,meta-llama/Llama-3.1-70B,7,467,84016018843,93882773455,9866754612,584474,23555692,21444877,"[22332210, 22332210, 100516107, 22407802, 22407802, 22407802, 22407802, 22407802, 22407802, 22407802, 23240252, 22417121, 22417121, 22417121, 22417121, 22417121, 22417121, 22417121, 22417121, 22417121, 22417121, 22417121, 22417121, 22407802, 22407802, 22407802, 22407802, 22407802, 22407802, 22407802, 22407802, 22407802, 22407802, 22407802, 22407802, 22407802, 22407802, 22407802, 22407802, 22407802, 22407802, 22407802, 22407802, 22407802, 22407802, 22407802, 22407802, 22407802, 22407802, 22332210, 22332210, 22332210, 22332210, 22332210, 22332210, 22290157, 22290157, 22290157, 22290157, 22290157, 22290157, 22290157, 22290157, 22290157, 22290157, 22290157, 22290157, 22290157, 22290157, 22349964, 22349964, 22349964, 22349964, 22349964, 22349964, 22141120, 22141120, 22141120, 22141120, 22141120, 22141120, 22141120, 22141120, 22096917, 22096917, 22096917, 22098037, 21835794, 21835794, 21835794, 21835794, 21835794, 21835794, 21798132, 21798132, 21798132, 21798132, 21798132, 21798132, 21798132, 21798132, 21798132, 21798132, 21798132, 21798132, 21798132, 21798132, 21798132, 21798132, 21798132, 21798132, 21798132, 21798132, 21765155, 21765155, 21765155, 21765155, 21765155, 21687077, 21687077, 21687077, 21687077, 21687077, 21687077, 21701226, 21635660, 21584222, 21584222, 21584222, 21584222, 21584222, 21584222, 21584222, 21584222, 21584222, 21584222, 21584222, 21584222, 21584222, 21584222, 21584222, 21589182, 21589182, 21589182, 21589182, 21589182, 21589182, 21574970, 21574970, 21574970, 21574970, 21574970, 21574970, 21574970, 21574970, 21574970, 21534285, 21534285, 21534285, 21534285, 21534285, 21534285, 21534285, 21534285, 21534285, 21449039, 21449039, 21449039, 21439637, 21439637, 21439637, 21439637, 21439637, 21439637, 21403488, 21403488, 21403488, 21403488, 21403488, 21403488, 21403488, 21357161, 21298686, 21298686, 21205217, 21205217, 21205217, 21205217, 21205217, 21205217, 21205217, 21205217, 21205217, 21024113, 21024113, 21024113, 21024113, 21024113, 21024113, 21024113, 21024113, 21024113, 21024113, 21024113, 21024113, 21024113, 20794824, 20794824, 20794824, 20794824, 20794824, 20794824, 20794824, 20657936, 20677672, 20677672, 20677672, 20677672, 20677672, 20677672, 20677672, 20677672, 20677672, 20677672, 20677672, 20677672, 20677672, 20677672, 20677672, 20677672, 20677672, 20677672, 20677672, 20677672, 20677672, 20640872, 20640872, 20640872, 20640872, 20594198, 20594198, 20524803, 20524803, 20524803, 20524803, 20524803, 20524803, 20524803, 20524803, 20524803, 20589186, 20589186, 20589186, 20589186, 20589186, 20589186, 20589186, 20589186, 20589186, 20589186, 20589186, 20589186, 20589186, 20589186, 20589186, 20589186, 20589186, 20589186, 20589186, 20589186, 20589186, 20589186, 20589186, 20589186, 20589186, 20589186, 20589186, 20589186, 20589186, 20589186, 20589186, 20589186, 20589186, 20589186, 20589186, 20589186, 20589186, 20589186, 20589186, 20589186, 20589186, 20589186, 20589186, 20589186, 20589186, 20589186, 20589186, 20589186, 20589186, 20589186, 20589186, 20589186, 20589186, 20589186, 20589186, 20589186, 20598866, 20598866, 20598866, 20598866, 20598866, 20598866, 20598866, 20598866, 20598866, 20598866, 20598866, 20598866, 20598866, 20598866, 20598866, 20598866, 20598866, 20598866, 20598866, 20598866, 20598866, 20598866, 20598866, 20598866, 20598866, 20598866, 20598866, 20598866, 20598866, 20598866, 20598866, 20598866, 20598866, 20598866, 20598866, 20598866, 20598866, 20598866, 20598866, 20598866, 20598866, 20598866, 20598866, 20598866, 20598866, 20598866, 20598866, 20598866, 20598866, 20598866, 20598866, 20598866, 20598866, 20598866, 20598866, 20598866, 20598866, 20598866, 20598866, 20598866, 20598866, 20598866, 20598866, 21093565, 21093565, 21093565, 21093565, 21093565, 21093565, 21093565, 21093565, 21093565, 21093565, 21093565, 21093565, 21093565, 21093565, 21074978, 21074978, 21074978, 21074978, 21074978, 21074978, 21074978, 21074978, 21074978, 21074978, 21074978, 21074978, 21074978, 21074978, 21074978, 21074978, 21074978, 21074978, 21074978, 21074978, 21074978, 21074978, 21074978, 21074978, 21074978, 21074978, 21074978, 21074978, 21074978, 21074978, 21074978, 21074978, 21074978, 21074978, 21074978, 21074978, 21074978, 21074978, 21074978, 21074978, 21074978, 21146822, 21146822, 21146822, 21146822, 21146822, 21146822, 21146822, 21146822, 21146822, 21146822, 21146822, 21146822, 21146822, 21146822, 21146822, 21146822, 21146822, 21146822, 21146822, 21146822, 21146822, 21146822, 21146822, 21146822, 21146822, 21146822, 21146822, 21146822, 21146822, 21146822, 21146822, 21146822, 21146822, 21146822, 21146822]",0,0,0
0,240,meta-llama/Llama-3.1-70B,1115,1623,83054151417,94116399540,11062248123,29190255,124513433,21573441,"[22752690, 41766565, 22408202, 22408202, 22408202, 22408202, 22408202, 22408202, 22408202, 22286797, 22347164, 22347164, 35470510, 22286797, 22286797, 22286797, 22290157, 22290157, 22290157, 22290157, 22290157, 22290157, 22290157, 22290157, 22290157, 23358312, 22332210, 22332210, 22332210, 22332210, 22332210, 22332210, 22332210, 22332210, 22332210, 22290157, 22971218, 22332210, 22332210, 100516107, 22407802, 22407802, 22407802, 22407802, 22407802, 22407802, 22407802, 23240252, 22417121, 22417121, 22417121, 22417121, 22417121, 22417121, 22417121, 22417121, 22417121, 22417121, 22417121, 22417121, 22407802, 22407802, 22407802, 22407802, 22407802, 22407802, 22407802, 22407802, 22407802, 22407802, 22407802, 22407802, 22407802, 22407802, 22407802, 22407802, 22407802, 22407802, 22407802, 22407802, 22407802, 22407802, 22407802, 22407802, 22407802, 22407802, 22332210, 22332210, 22332210, 22332210, 22332210, 22332210, 22290157, 22290157, 22290157, 22290157, 22290157, 22290157, 22290157, 22290157, 22290157, 22290157, 22290157, 22290157, 22290157, 22290157, 22349964, 22349964, 22349964, 22349964, 22349964, 22349964, 22141120, 22141120, 22141120, 22141120, 22141120, 22141120, 22141120, 22141120, 22096917, 22096917, 22096917, 22098037, 21835794, 21835794, 21835794, 21835794, 21835794, 21835794, 21798132, 21798132, 21798132, 21798132, 21798132, 21798132, 21798132, 21798132, 21798132, 21798132, 21798132, 21798132, 21798132, 21798132, 21798132, 21798132, 21798132, 21798132, 21798132, 21798132, 21765155, 21765155, 21765155, 21765155, 21765155, 21687077, 21687077, 21687077, 21687077, 21687077, 21687077, 21701226, 21635660, 21584222, 21584222, 21584222, 21584222, 21584222, 21584222, 21584222, 21584222, 21584222, 21584222, 21584222, 21584222, 21584222, 21584222, 21584222, 21589182, 21589182, 21589182, 21589182, 21589182, 21589182, 21574970, 21574970, 21574970, 21574970, 21574970, 21574970, 21574970, 21574970, 21574970, 21534285, 21534285, 21534285, 21534285, 21534285, 21534285, 21534285, 21534285, 21534285, 21449039, 21449039, 21449039, 21439637, 21439637, 21439637, 21439637, 21439637, 21439637, 21403488, 21403488, 21403488, 21403488, 21403488, 21403488, 21403488, 21357161, 21298686, 21298686, 21205217, 21205217, 21205217, 21205217, 21205217, 21205217, 21205217, 21205217, 21205217, 21024113, 21024113, 21024113, 21024113, 21024113, 21024113, 21024113, 21024113, 21024113, 21024113, 21024113, 21024113, 21024113, 20794824, 20794824, 20794824, 20794824, 20794824, 20794824, 20794824, 20657936, 20677672, 20677672, 20677672, 20677672, 20677672, 20677672, 20677672, 20677672, 20677672, 20677672, 20677672, 20677672, 20677672, 20677672, 20677672, 20677672, 20677672, 20677672, 20677672, 20677672, 20677672, 20640872, 20640872, 20640872, 20640872, 20594198, 20594198, 20524803, 20524803, 20524803, 20524803, 20524803, 20524803, 20524803, 20524803, 20524803, 20589186, 20589186, 20589186, 20589186, 20589186, 20589186, 20589186, 20589186, 20589186, 20589186, 20589186, 20589186, 20589186, 20589186, 20589186, 20589186, 20589186, 20589186, 20589186, 20589186, 20589186, 20589186, 20589186, 20589186, 20589186, 20589186, 20589186, 20589186, 20589186, 20589186, 20589186, 20589186, 20589186, 20589186, 20589186, 20589186, 20589186, 20589186, 20589186, 20589186, 20589186, 20589186, 20589186, 20589186, 20589186, 20589186, 20589186, 20589186, 20589186, 20589186, 20589186, 20589186, 20589186, 20589186, 20589186, 20589186, 20598866, 20598866, 20598866, 20598866, 20598866, 20598866, 20598866, 20598866, 20598866, 20598866, 20598866, 20598866, 20598866, 20598866, 20598866, 20598866, 20598866, 20598866, 20598866, 20598866, 20598866, 20598866, 20598866, 20598866, 20598866, 20598866, 20598866, 20598866, 20598866, 20598866, 20598866, 20598866, 20598866, 20598866, 20598866, 20598866, 20598866, 20598866, 20598866, 20598866, 20598866, 20598866, 20598866, 20598866, 20598866, 20598866, 20598866, 20598866, 20598866, 20598866, 20598866, 20598866, 20598866, 20598866, 20598866, 20598866, 20598866, 20598866, 20598866, 20598866, 20598866, 20598866, 20598866, 21093565, 21093565, 21093565, 21093565, 21093565, 21093565, 21093565, 21093565, 21093565, 21093565, 21093565, 21093565, 21093565, 21093565, 21074978, 21074978, 21074978, 21074978, 21074978, 21074978, 21074978, 21074978, 21074978, 21074978, 21074978, 21074978, 21074978, 21074978, 21074978, 21074978, 21074978, 21074978, 21074978, 21074978, 21074978, 21074978, 21074978, 21074978, 21074978, 21074978, 21074978, 21074978, 21074978, 21074978, 21074978, 21074978, 21074978, 21074978, 21074978, 21074978, 21074978, 21074978, 21074978, 21074978, 21074978, 21146822, 21146822, 21146822, 21146822, 21146822, 21146822, 21146822, 21146822, 21146822, 21146822, 21146822, 21146822, 21146822, 21146822, 21146822, 21146822, 21146822, 21146822, 21146822, 21146822, 21146822, 21146822, 21146822, 21146822, 21146822, 21146822, 21146822, 21146822, 21146822, 21146822, 21146822, 21146822, 21146822, 21146822, 21146822, 21238735, 21238735, 21238735, 21238735, 21238735, 21238735, 21238735, 21238735, 21238735, 21238735, 21238735]",0,0,0
0,207,meta-llama/Llama-3.1-70B,14,641,80267702158,94536870660,14269168502,11688506,32999008,22741484,"[20914285, 20914285, 20914285, 57363127, 56979568, 20513923, 52130116, 35852872, 37921964, 20664072, 20664072, 20664072, 20664072, 22784752, 20647136, 20647136, 20647136, 20647136, 66111893, 22035861, 21013313, 21013313, 21013313, 25876488, 39138400, 22068980, 21345081, 21345081, 21345081, 21345081, 21345081, 57966896, 21396928, 21396928, 21345081, 52672803, 21396928, 21396928, 21396928, 21396928, 21396928, 21396928, 66446566, 21434037, 21434037, 22584479, 21443679, 21445279, 21445279, 24176487, 21526045, 22846926, 21526045, 66580590, 22056603, 21579422, 21579422, 21579422, 21579422, 21579422, 21579422, 21579422, 21579422, 21579422, 21579422, 21579422, 21579422, 21579422, 21579422, 23984758, 21627580, 31713936, 21695066, 21695066, 21627580, 21627580, 21627580, 21627580, 21627580, 21627580, 21627580, 48338970, 21695066, 21695066, 108562426, 21681717, 21681717, 115948121, 66769562, 24460455, 21793092, 38559550, 23503959, 22094997, 22094997, 22094997, 22094997, 50712212, 95323178, 22752690, 41766565, 22408202, 22408202, 22408202, 22408202, 22408202, 22408202, 22408202, 22286797, 22347164, 22347164, 35470510, 22286797, 22286797, 22286797, 22290157, 22290157, 22290157, 22290157, 22290157, 22290157, 22290157, 22290157, 22290157, 23358312, 22332210, 22332210, 22332210, 22332210, 22332210, 22332210, 22332210, 22332210, 22332210, 22290157, 22971218, 22332210, 22332210, 100516107, 22407802, 22407802, 22407802, 22407802, 22407802, 22407802, 22407802, 23240252, 22417121, 22417121, 22417121, 22417121, 22417121, 22417121, 22417121, 22417121, 22417121, 22417121, 22417121, 22417121, 22407802, 22407802, 22407802, 22407802, 22407802, 22407802, 22407802, 22407802, 22407802, 22407802, 22407802, 22407802, 22407802, 22407802, 22407802, 22407802, 22407802, 22407802, 22407802, 22407802, 22407802, 22407802, 22407802, 22407802, 22407802, 22407802, 22332210, 22332210, 22332210, 22332210, 22332210, 22332210, 22290157, 22290157, 22290157, 22290157, 22290157, 22290157, 22290157, 22290157, 22290157, 22290157, 22290157, 22290157, 22290157, 22290157, 22349964, 22349964, 22349964, 22349964, 22349964, 22349964, 22141120, 22141120, 22141120, 22141120, 22141120, 22141120, 22141120, 22141120, 22096917, 22096917, 22096917, 22098037, 21835794, 21835794, 21835794, 21835794, 21835794, 21835794, 21798132, 21798132, 21798132, 21798132, 21798132, 21798132, 21798132, 21798132, 21798132, 21798132, 21798132, 21798132, 21798132, 21798132, 21798132, 21798132, 21798132, 21798132, 21798132, 21798132, 21765155, 21765155, 21765155, 21765155, 21765155, 21687077, 21687077, 21687077, 21687077, 21687077, 21687077, 21701226, 21635660, 21584222, 21584222, 21584222, 21584222, 21584222, 21584222, 21584222, 21584222, 21584222, 21584222, 21584222, 21584222, 21584222, 21584222, 21584222, 21589182, 21589182, 21589182, 21589182, 21589182, 21589182, 21574970, 21574970, 21574970, 21574970, 21574970, 21574970, 21574970, 21574970, 21574970, 21534285, 21534285, 21534285, 21534285, 21534285, 21534285, 21534285, 21534285, 21534285, 21449039, 21449039, 21449039, 21439637, 21439637, 21439637, 21439637, 21439637, 21439637, 21403488, 21403488, 21403488, 21403488, 21403488, 21403488, 21403488, 21357161, 21298686, 21298686, 21205217, 21205217, 21205217, 21205217, 21205217, 21205217, 21205217, 21205217, 21205217, 21024113, 21024113, 21024113, 21024113, 21024113, 21024113, 21024113, 21024113, 21024113, 21024113, 21024113, 21024113, 21024113, 20794824, 20794824, 20794824, 20794824, 20794824, 20794824, 20794824, 20657936, 20677672, 20677672, 20677672, 20677672, 20677672, 20677672, 20677672, 20677672, 20677672, 20677672, 20677672, 20677672, 20677672, 20677672, 20677672, 20677672, 20677672, 20677672, 20677672, 20677672, 20677672, 20640872, 20640872, 20640872, 20640872, 20594198, 20594198, 20524803, 20524803, 20524803, 20524803, 20524803, 20524803, 20524803, 20524803, 20524803, 20589186, 20589186, 20589186, 20589186, 20589186, 20589186, 20589186, 20589186, 20589186, 20589186, 20589186, 20589186, 20589186, 20589186, 20589186, 20589186, 20589186, 20589186, 20589186, 20589186, 20589186, 20589186, 20589186, 20589186, 20589186, 20589186, 20589186, 20589186, 20589186, 20589186, 20589186, 20589186, 20589186, 20589186, 20589186, 20589186, 20589186, 20589186, 20589186, 20589186, 20589186, 20589186, 20589186, 20589186, 20589186, 20589186, 20589186, 20589186, 20589186, 20589186, 20589186, 20589186, 20589186, 20589186, 20589186, 20589186, 20598866, 20598866, 20598866, 20598866, 20598866, 20598866, 20598866, 20598866, 20598866, 20598866, 20598866, 20598866, 20598866, 20598866, 20598866, 20598866, 20598866, 20598866, 20598866, 20598866, 20598866, 20598866, 20598866, 20598866, 20598866, 20598866, 20598866, 20598866, 20598866, 20598866, 20598866, 20598866, 20598866, 20598866, 20598866, 20598866, 20598866, 20598866, 20598866, 20598866, 20598866, 20598866, 20598866, 20598866, 20598866, 20598866, 20598866, 20598866, 20598866, 20598866, 20598866, 20598866, 20598866, 20598866, 20598866, 20598866, 20598866, 20598866, 20598866, 20598866, 20598866, 20598866, 20598866, 21093565, 21093565, 21093565, 21093565, 21093565, 21093565, 21093565, 21093565, 21093565, 21093565, 21093565, 21093565, 21093565, 21093565, 21074978, 21074978, 21074978, 21074978, 21074978, 21074978, 21074978, 21074978, 21074978, 21074978, 21074978, 21074978, 21074978, 21074978, 21074978, 21074978, 21074978, 21074978, 21074978, 21074978, 21074978, 21074978, 21074978, 21074978, 21074978, 21074978, 21074978, 21074978, 21074978, 21074978, 21074978, 21074978, 21074978, 21074978, 21074978, 21074978, 21074978, 21074978, 21074978, 21074978, 21074978, 21146822, 21146822, 21146822, 21146822, 21146822, 21146822, 21146822, 21146822, 21146822, 21146822, 21146822, 21146822, 21146822, 21146822, 21146822, 21146822, 21146822, 21146822, 21146822, 21146822, 21146822, 21146822, 21146822, 21146822, 21146822, 21146822, 21146822, 21146822, 21146822, 21146822, 21146822, 21146822, 21146822, 21146822, 21146822, 21238735, 21238735, 21238735, 21238735, 21238735, 21238735, 21238735, 21238735, 21238735, 21238735, 21238735, 21023556, 21023556, 21023556, 21023556, 21023556, 21023556, 21023556, 21023556, 21023556, 21023556, 21023556, 21023556, 21023556, 21023556, 21023556, 21023556, 21023556, 21023556, 21023556, 21023556]",0,0,0
0,216,meta-llama/Llama-3.1-70B,681,1351,80802375924,95854100526,15051724602,9859251,75971144,22385281,"[22035861, 21013313, 21013313, 21013313, 25876488, 39138400, 22068980, 21345081, 21345081, 21345081, 21345081, 21345081, 57966896, 21396928, 21396928, 21345081, 52672803, 21396928, 21396928, 21396928, 21396928, 21396928, 21396928, 66446566, 21434037, 21434037, 22584479, 21443679, 21445279, 21445279, 24176487, 21526045, 22846926, 21526045, 66580590, 22056603, 21579422, 21579422, 21579422, 21579422, 21579422, 21579422, 21579422, 21579422, 21579422, 21579422, 21579422, 21579422, 21579422, 21579422, 23984758, 21627580, 31713936, 21695066, 21695066, 21627580, 21627580, 21627580, 21627580, 21627580, 21627580, 21627580, 48338970, 21695066, 21695066, 108562426, 21681717, 21681717, 115948121, 66769562, 24460455, 21793092, 38559550, 23503959, 22094997, 22094997, 22094997, 22094997, 50712212, 95323178, 22752690, 41766565, 22408202, 22408202, 22408202, 22408202, 22408202, 22408202, 22408202, 22286797, 22347164, 22347164, 35470510, 22286797, 22286797, 22286797, 22290157, 22290157, 22290157, 22290157, 22290157, 22290157, 22290157, 22290157, 22290157, 23358312, 22332210, 22332210, 22332210, 22332210, 22332210, 22332210, 22332210, 22332210, 22332210, 22290157, 22971218, 22332210, 22332210, 100516107, 22407802, 22407802, 22407802, 22407802, 22407802, 22407802, 22407802, 23240252, 22417121, 22417121, 22417121, 22417121, 22417121, 22417121, 22417121, 22417121, 22417121, 22417121, 22417121, 22417121, 22407802, 22407802, 22407802, 22407802, 22407802, 22407802, 22407802, 22407802, 22407802, 22407802, 22407802, 22407802, 22407802, 22407802, 22407802, 22407802, 22407802, 22407802, 22407802, 22407802, 22407802, 22407802, 22407802, 22407802, 22407802, 22407802, 22332210, 22332210, 22332210, 22332210, 22332210, 22332210, 22290157, 22290157, 22290157, 22290157, 22290157, 22290157, 22290157, 22290157, 22290157, 22290157, 22290157, 22290157, 22290157, 22290157, 22349964, 22349964, 22349964, 22349964, 22349964, 22349964, 22141120, 22141120, 22141120, 22141120, 22141120, 22141120, 22141120, 22141120, 22096917, 22096917, 22096917, 22098037, 21835794, 21835794, 21835794, 21835794, 21835794, 21835794, 21798132, 21798132, 21798132, 21798132, 21798132, 21798132, 21798132, 21798132, 21798132, 21798132, 21798132, 21798132, 21798132, 21798132, 21798132, 21798132, 21798132, 21798132, 21798132, 21798132, 21765155, 21765155, 21765155, 21765155, 21765155, 21687077, 21687077, 21687077, 21687077, 21687077, 21687077, 21701226, 21635660, 21584222, 21584222, 21584222, 21584222, 21584222, 21584222, 21584222, 21584222, 21584222, 21584222, 21584222, 21584222, 21584222, 21584222, 21584222, 21589182, 21589182, 21589182, 21589182, 21589182, 21589182, 21574970, 21574970, 21574970, 21574970, 21574970, 21574970, 21574970, 21574970, 21574970, 21534285, 21534285, 21534285, 21534285, 21534285, 21534285, 21534285, 21534285, 21534285, 21449039, 21449039, 21449039, 21439637, 21439637, 21439637, 21439637, 21439637, 21439637, 21403488, 21403488, 21403488, 21403488, 21403488, 21403488, 21403488, 21357161, 21298686, 21298686, 21205217, 21205217, 21205217, 21205217, 21205217, 21205217, 21205217, 21205217, 21205217, 21024113, 21024113, 21024113, 21024113, 21024113, 21024113, 21024113, 21024113, 21024113, 21024113, 21024113, 21024113, 21024113, 20794824, 20794824, 20794824, 20794824, 20794824, 20794824, 20794824, 20657936, 20677672, 20677672, 20677672, 20677672, 20677672, 20677672, 20677672, 20677672, 20677672, 20677672, 20677672, 20677672, 20677672, 20677672, 20677672, 20677672, 20677672, 20677672, 20677672, 20677672, 20677672, 20640872, 20640872, 20640872, 20640872, 20594198, 20594198, 20524803, 20524803, 20524803, 20524803, 20524803, 20524803, 20524803, 20524803, 20524803, 20589186, 20589186, 20589186, 20589186, 20589186, 20589186, 20589186, 20589186, 20589186, 20589186, 20589186, 20589186, 20589186, 20589186, 20589186, 20589186, 20589186, 20589186, 20589186, 20589186, 20589186, 20589186, 20589186, 20589186, 20589186, 20589186, 20589186, 20589186, 20589186, 20589186, 20589186, 20589186, 20589186, 20589186, 20589186, 20589186, 20589186, 20589186, 20589186, 20589186, 20589186, 20589186, 20589186, 20589186, 20589186, 20589186, 20589186, 20589186, 20589186, 20589186, 20589186, 20589186, 20589186, 20589186, 20589186, 20589186, 20598866, 20598866, 20598866, 20598866, 20598866, 20598866, 20598866, 20598866, 20598866, 20598866, 20598866, 20598866, 20598866, 20598866, 20598866, 20598866, 20598866, 20598866, 20598866, 20598866, 20598866, 20598866, 20598866, 20598866, 20598866, 20598866, 20598866, 20598866, 20598866, 20598866, 20598866, 20598866, 20598866, 20598866, 20598866, 20598866, 20598866, 20598866, 20598866, 20598866, 20598866, 20598866, 20598866, 20598866, 20598866, 20598866, 20598866, 20598866, 20598866, 20598866, 20598866, 20598866, 20598866, 20598866, 20598866, 20598866, 20598866, 20598866, 20598866, 20598866, 20598866, 20598866, 20598866, 21093565, 21093565, 21093565, 21093565, 21093565, 21093565, 21093565, 21093565, 21093565, 21093565, 21093565, 21093565, 21093565, 21093565, 21074978, 21074978, 21074978, 21074978, 21074978, 21074978, 21074978, 21074978, 21074978, 21074978, 21074978, 21074978, 21074978, 21074978, 21074978, 21074978, 21074978, 21074978, 21074978, 21074978, 21074978, 21074978, 21074978, 21074978, 21074978, 21074978, 21074978, 21074978, 21074978, 21074978, 21074978, 21074978, 21074978, 21074978, 21074978, 21074978, 21074978, 21074978, 21074978, 21074978, 21074978, 21146822, 21146822, 21146822, 21146822, 21146822, 21146822, 21146822, 21146822, 21146822, 21146822, 21146822, 21146822, 21146822, 21146822, 21146822, 21146822, 21146822, 21146822, 21146822, 21146822, 21146822, 21146822, 21146822, 21146822, 21146822, 21146822, 21146822, 21146822, 21146822, 21146822, 21146822, 21146822, 21146822, 21146822, 21146822, 21238735, 21238735, 21238735, 21238735, 21238735, 21238735, 21238735, 21238735, 21238735, 21238735, 21238735, 21023556, 21023556, 21023556, 21023556, 21023556, 21023556, 21023556, 21023556, 21023556, 21023556, 21023556, 21023556, 21023556, 21023556, 21023556, 21023556, 21023556, 21023556, 21023556, 21023556, 21242483, 21242483, 21242483, 21242483, 21242483, 21242483, 21242483, 21242483, 21242483, 21242483, 21242483, 21242483, 21242483, 21242483, 21242483, 21242483, 21242483, 21242483, 21242483, 21242483, 21242483, 21242483, 21242483, 21242483, 21242483, 21242483, 21242483, 21242483, 21242483, 21242483, 21242483, 21248803, 21248803, 21248803, 21248803, 21248803, 21248803, 21248803, 21248803, 21248803, 21248803, 21248803, 21248803, 21248803, 21248803, 21248803, 21248803, 21248803, 21248803, 21248803, 21248803, 21248803, 21248803, 21248803, 21248803, 21248803, 21248803, 21248803, 21248803, 21248803, 21248803, 21248803]",0,0,0
0,227,meta-llama/Llama-3.1-70B,31,799,81696930340,98653182132,16956251792,5397893,28244819,22070413,"[21526045, 66580590, 22056603, 21579422, 21579422, 21579422, 21579422, 21579422, 21579422, 21579422, 21579422, 21579422, 21579422, 21579422, 21579422, 21579422, 21579422, 23984758, 21627580, 31713936, 21695066, 21695066, 21627580, 21627580, 21627580, 21627580, 21627580, 21627580, 21627580, 48338970, 21695066, 21695066, 108562426, 21681717, 21681717, 115948121, 66769562, 24460455, 21793092, 38559550, 23503959, 22094997, 22094997, 22094997, 22094997, 50712212, 95323178, 22752690, 41766565, 22408202, 22408202, 22408202, 22408202, 22408202, 22408202, 22408202, 22286797, 22347164, 22347164, 35470510, 22286797, 22286797, 22286797, 22290157, 22290157, 22290157, 22290157, 22290157, 22290157, 22290157, 22290157, 22290157, 23358312, 22332210, 22332210, 22332210, 22332210, 22332210, 22332210, 22332210, 22332210, 22332210, 22290157, 22971218, 22332210, 22332210, 100516107, 22407802, 22407802, 22407802, 22407802, 22407802, 22407802, 22407802, 23240252, 22417121, 22417121, 22417121, 22417121, 22417121, 22417121, 22417121, 22417121, 22417121, 22417121, 22417121, 22417121, 22407802, 22407802, 22407802, 22407802, 22407802, 22407802, 22407802, 22407802, 22407802, 22407802, 22407802, 22407802, 22407802, 22407802, 22407802, 22407802, 22407802, 22407802, 22407802, 22407802, 22407802, 22407802, 22407802, 22407802, 22407802, 22407802, 22332210, 22332210, 22332210, 22332210, 22332210, 22332210, 22290157, 22290157, 22290157, 22290157, 22290157, 22290157, 22290157, 22290157, 22290157, 22290157, 22290157, 22290157, 22290157, 22290157, 22349964, 22349964, 22349964, 22349964, 22349964, 22349964, 22141120, 22141120, 22141120, 22141120, 22141120, 22141120, 22141120, 22141120, 22096917, 22096917, 22096917, 22098037, 21835794, 21835794, 21835794, 21835794, 21835794, 21835794, 21798132, 21798132, 21798132, 21798132, 21798132, 21798132, 21798132, 21798132, 21798132, 21798132, 21798132, 21798132, 21798132, 21798132, 21798132, 21798132, 21798132, 21798132, 21798132, 21798132, 21765155, 21765155, 21765155, 21765155, 21765155, 21687077, 21687077, 21687077, 21687077, 21687077, 21687077, 21701226, 21635660, 21584222, 21584222, 21584222, 21584222, 21584222, 21584222, 21584222, 21584222, 21584222, 21584222, 21584222, 21584222, 21584222, 21584222, 21584222, 21589182, 21589182, 21589182, 21589182, 21589182, 21589182, 21574970, 21574970, 21574970, 21574970, 21574970, 21574970, 21574970, 21574970, 21574970, 21534285, 21534285, 21534285, 21534285, 21534285, 21534285, 21534285, 21534285, 21534285, 21449039, 21449039, 21449039, 21439637, 21439637, 21439637, 21439637, 21439637, 21439637, 21403488, 21403488, 21403488, 21403488, 21403488, 21403488, 21403488, 21357161, 21298686, 21298686, 21205217, 21205217, 21205217, 21205217, 21205217, 21205217, 21205217, 21205217, 21205217, 21024113, 21024113, 21024113, 21024113, 21024113, 21024113, 21024113, 21024113, 21024113, 21024113, 21024113, 21024113, 21024113, 20794824, 20794824, 20794824, 20794824, 20794824, 20794824, 20794824, 20657936, 20677672, 20677672, 20677672, 20677672, 20677672, 20677672, 20677672, 20677672, 20677672, 20677672, 20677672, 20677672, 20677672, 20677672, 20677672, 20677672, 20677672, 20677672, 20677672, 20677672, 20677672, 20640872, 20640872, 20640872, 20640872, 20594198, 20594198, 20524803, 20524803, 20524803, 20524803, 20524803, 20524803, 20524803, 20524803, 20524803, 20589186, 20589186, 20589186, 20589186, 20589186, 20589186, 20589186, 20589186, 20589186, 20589186, 20589186, 20589186, 20589186, 20589186, 20589186, 20589186, 20589186, 20589186, 20589186, 20589186, 20589186, 20589186, 20589186, 20589186, 20589186, 20589186, 20589186, 20589186, 20589186, 20589186, 20589186, 20589186, 20589186, 20589186, 20589186, 20589186, 20589186, 20589186, 20589186, 20589186, 20589186, 20589186, 20589186, 20589186, 20589186, 20589186, 20589186, 20589186, 20589186, 20589186, 20589186, 20589186, 20589186, 20589186, 20589186, 20589186, 20598866, 20598866, 20598866, 20598866, 20598866, 20598866, 20598866, 20598866, 20598866, 20598866, 20598866, 20598866, 20598866, 20598866, 20598866, 20598866, 20598866, 20598866, 20598866, 20598866, 20598866, 20598866, 20598866, 20598866, 20598866, 20598866, 20598866, 20598866, 20598866, 20598866, 20598866, 20598866, 20598866, 20598866, 20598866, 20598866, 20598866, 20598866, 20598866, 20598866, 20598866, 20598866, 20598866, 20598866, 20598866, 20598866, 20598866, 20598866, 20598866, 20598866, 20598866, 20598866, 20598866, 20598866, 20598866, 20598866, 20598866, 20598866, 20598866, 20598866, 20598866, 20598866, 20598866, 21093565, 21093565, 21093565, 21093565, 21093565, 21093565, 21093565, 21093565, 21093565, 21093565, 21093565, 21093565, 21093565, 21093565, 21074978, 21074978, 21074978, 21074978, 21074978, 21074978, 21074978, 21074978, 21074978, 21074978, 21074978, 21074978, 21074978, 21074978, 21074978, 21074978, 21074978, 21074978, 21074978, 21074978, 21074978, 21074978, 21074978, 21074978, 21074978, 21074978, 21074978, 21074978, 21074978, 21074978, 21074978, 21074978, 21074978, 21074978, 21074978, 21074978, 21074978, 21074978, 21074978, 21074978, 21074978, 21146822, 21146822, 21146822, 21146822, 21146822, 21146822, 21146822, 21146822, 21146822, 21146822, 21146822, 21146822, 21146822, 21146822, 21146822, 21146822, 21146822, 21146822, 21146822, 21146822, 21146822, 21146822, 21146822, 21146822, 21146822, 21146822, 21146822, 21146822, 21146822, 21146822, 21146822, 21146822, 21146822, 21146822, 21146822, 21238735, 21238735, 21238735, 21238735, 21238735, 21238735, 21238735, 21238735, 21238735, 21238735, 21238735, 21023556, 21023556, 21023556, 21023556, 21023556, 21023556, 21023556, 21023556, 21023556, 21023556, 21023556, 21023556, 21023556, 21023556, 21023556, 21023556, 21023556, 21023556, 21023556, 21023556, 21242483, 21242483, 21242483, 21242483, 21242483, 21242483, 21242483, 21242483, 21242483, 21242483, 21242483, 21242483, 21242483, 21242483, 21242483, 21242483, 21242483, 21242483, 21242483, 21242483, 21242483, 21242483, 21242483, 21242483, 21242483, 21242483, 21242483, 21242483, 21242483, 21242483, 21242483, 21248803, 21248803, 21248803, 21248803, 21248803, 21248803, 21248803, 21248803, 21248803, 21248803, 21248803, 21248803, 21248803, 21248803, 21248803, 21248803, 21248803, 21248803, 21248803, 21248803, 21248803, 21248803, 21248803, 21248803, 21248803, 21248803, 21248803, 21248803, 21248803, 21248803, 21248803, 21276546, 21276546, 21276546, 21276546, 21276546, 21276546, 21276546, 21276546, 21276546, 21276546, 21276546, 21276546, 21276546, 21276546, 21276546, 21276546, 21276546, 21276546, 21276546, 21276546, 21276546, 21359186, 21359186, 21359186, 21359186, 21359186, 21359186, 21359186, 21359186, 21359186, 21359186, 21359186, 21359186, 21359186, 21359186, 21359186, 21359186, 21359186, 21359186, 21359186, 21359186, 21359186, 21359186, 21359186, 21359186, 21359186, 21359186, 21359186, 21359186, 21359186, 21359186, 21359186, 21359186, 21359186, 21359186, 21359186, 21359186, 21359186, 21359186, 21359186, 21359186, 21359186, 21359186, 21359186, 21359186, 21359186, 21359186, 21359186, 21359186, 21359186, 21359186, 21359186, 21359186, 21359186, 21359186, 21359186, 21359186, 21359186, 21359186, 21359186, 21359186, 21359186, 21359186, 21359186, 21359186, 21419266, 21419266, 21419266, 21419266, 21419266, 21419266, 21419266, 21419266, 21419266, 21419266, 21419266, 21419266, 21419266, 21419266, 21419266, 21419266, 21419266, 21419266, 21419266, 21419266, 21419266, 21419266, 21419266, 21419266, 21419266, 21419266, 21419266, 21419266, 21419266, 21419266, 21419266, 21419266, 21419266, 21419266, 21419266, 21419266, 21419266, 21419266, 21419266, 21419266, 21419266, 21419266, 21419266, 21419266, 21419266, 21419266]",0,0,0
0,235,meta-llama/Llama-3.1-70B,741,1512,82717451079,99604770892,16887319813,51711775,118481337,21777712,"[24460455, 21793092, 38559550, 23503959, 22094997, 22094997, 22094997, 22094997, 50712212, 95323178, 22752690, 41766565, 22408202, 22408202, 22408202, 22408202, 22408202, 22408202, 22408202, 22286797, 22347164, 22347164, 35470510, 22286797, 22286797, 22286797, 22290157, 22290157, 22290157, 22290157, 22290157, 22290157, 22290157, 22290157, 22290157, 23358312, 22332210, 22332210, 22332210, 22332210, 22332210, 22332210, 22332210, 22332210, 22332210, 22290157, 22971218, 22332210, 22332210, 100516107, 22407802, 22407802, 22407802, 22407802, 22407802, 22407802, 22407802, 23240252, 22417121, 22417121, 22417121, 22417121, 22417121, 22417121, 22417121, 22417121, 22417121, 22417121, 22417121, 22417121, 22407802, 22407802, 22407802, 22407802, 22407802, 22407802, 22407802, 22407802, 22407802, 22407802, 22407802, 22407802, 22407802, 22407802, 22407802, 22407802, 22407802, 22407802, 22407802, 22407802, 22407802, 22407802, 22407802, 22407802, 22407802, 22407802, 22332210, 22332210, 22332210, 22332210, 22332210, 22332210, 22290157, 22290157, 22290157, 22290157, 22290157, 22290157, 22290157, 22290157, 22290157, 22290157, 22290157, 22290157, 22290157, 22290157, 22349964, 22349964, 22349964, 22349964, 22349964, 22349964, 22141120, 22141120, 22141120, 22141120, 22141120, 22141120, 22141120, 22141120, 22096917, 22096917, 22096917, 22098037, 21835794, 21835794, 21835794, 21835794, 21835794, 21835794, 21798132, 21798132, 21798132, 21798132, 21798132, 21798132, 21798132, 21798132, 21798132, 21798132, 21798132, 21798132, 21798132, 21798132, 21798132, 21798132, 21798132, 21798132, 21798132, 21798132, 21765155, 21765155, 21765155, 21765155, 21765155, 21687077, 21687077, 21687077, 21687077, 21687077, 21687077, 21701226, 21635660, 21584222, 21584222, 21584222, 21584222, 21584222, 21584222, 21584222, 21584222, 21584222, 21584222, 21584222, 21584222, 21584222, 21584222, 21584222, 21589182, 21589182, 21589182, 21589182, 21589182, 21589182, 21574970, 21574970, 21574970, 21574970, 21574970, 21574970, 21574970, 21574970, 21574970, 21534285, 21534285, 21534285, 21534285, 21534285, 21534285, 21534285, 21534285, 21534285, 21449039, 21449039, 21449039, 21439637, 21439637, 21439637, 21439637, 21439637, 21439637, 21403488, 21403488, 21403488, 21403488, 21403488, 21403488, 21403488, 21357161, 21298686, 21298686, 21205217, 21205217, 21205217, 21205217, 21205217, 21205217, 21205217, 21205217, 21205217, 21024113, 21024113, 21024113, 21024113, 21024113, 21024113, 21024113, 21024113, 21024113, 21024113, 21024113, 21024113, 21024113, 20794824, 20794824, 20794824, 20794824, 20794824, 20794824, 20794824, 20657936, 20677672, 20677672, 20677672, 20677672, 20677672, 20677672, 20677672, 20677672, 20677672, 20677672, 20677672, 20677672, 20677672, 20677672, 20677672, 20677672, 20677672, 20677672, 20677672, 20677672, 20677672, 20640872, 20640872, 20640872, 20640872, 20594198, 20594198, 20524803, 20524803, 20524803, 20524803, 20524803, 20524803, 20524803, 20524803, 20524803, 20589186, 20589186, 20589186, 20589186, 20589186, 20589186, 20589186, 20589186, 20589186, 20589186, 20589186, 20589186, 20589186, 20589186, 20589186, 20589186, 20589186, 20589186, 20589186, 20589186, 20589186, 20589186, 20589186, 20589186, 20589186, 20589186, 20589186, 20589186, 20589186, 20589186, 20589186, 20589186, 20589186, 20589186, 20589186, 20589186, 20589186, 20589186, 20589186, 20589186, 20589186, 20589186, 20589186, 20589186, 20589186, 20589186, 20589186, 20589186, 20589186, 20589186, 20589186, 20589186, 20589186, 20589186, 20589186, 20589186, 20598866, 20598866, 20598866, 20598866, 20598866, 20598866, 20598866, 20598866, 20598866, 20598866, 20598866, 20598866, 20598866, 20598866, 20598866, 20598866, 20598866, 20598866, 20598866, 20598866, 20598866, 20598866, 20598866, 20598866, 20598866, 20598866, 20598866, 20598866, 20598866, 20598866, 20598866, 20598866, 20598866, 20598866, 20598866, 20598866, 20598866, 20598866, 20598866, 20598866, 20598866, 20598866, 20598866, 20598866, 20598866, 20598866, 20598866, 20598866, 20598866, 20598866, 20598866, 20598866, 20598866, 20598866, 20598866, 20598866, 20598866, 20598866, 20598866, 20598866, 20598866, 20598866, 20598866, 21093565, 21093565, 21093565, 21093565, 21093565, 21093565, 21093565, 21093565, 21093565, 21093565, 21093565, 21093565, 21093565, 21093565, 21074978, 21074978, 21074978, 21074978, 21074978, 21074978, 21074978, 21074978, 21074978, 21074978, 21074978, 21074978, 21074978, 21074978, 21074978, 21074978, 21074978, 21074978, 21074978, 21074978, 21074978, 21074978, 21074978, 21074978, 21074978, 21074978, 21074978, 21074978, 21074978, 21074978, 21074978, 21074978, 21074978, 21074978, 21074978, 21074978, 21074978, 21074978, 21074978, 21074978, 21074978, 21146822, 21146822, 21146822, 21146822, 21146822, 21146822, 21146822, 21146822, 21146822, 21146822, 21146822, 21146822, 21146822, 21146822, 21146822, 21146822, 21146822, 21146822, 21146822, 21146822, 21146822, 21146822, 21146822, 21146822, 21146822, 21146822, 21146822, 21146822, 21146822, 21146822, 21146822, 21146822, 21146822, 21146822, 21146822, 21238735, 21238735, 21238735, 21238735, 21238735, 21238735, 21238735, 21238735, 21238735, 21238735, 21238735, 21023556, 21023556, 21023556, 21023556, 21023556, 21023556, 21023556, 21023556, 21023556, 21023556, 21023556, 21023556, 21023556, 21023556, 21023556, 21023556, 21023556, 21023556, 21023556, 21023556, 21242483, 21242483, 21242483, 21242483, 21242483, 21242483, 21242483, 21242483, 21242483, 21242483, 21242483, 21242483, 21242483, 21242483, 21242483, 21242483, 21242483, 21242483, 21242483, 21242483, 21242483, 21242483, 21242483, 21242483, 21242483, 21242483, 21242483, 21242483, 21242483, 21242483, 21242483, 21248803, 21248803, 21248803, 21248803, 21248803, 21248803, 21248803, 21248803, 21248803, 21248803, 21248803, 21248803, 21248803, 21248803, 21248803, 21248803, 21248803, 21248803, 21248803, 21248803, 21248803, 21248803, 21248803, 21248803, 21248803, 21248803, 21248803, 21248803, 21248803, 21248803, 21248803, 21276546, 21276546, 21276546, 21276546, 21276546, 21276546, 21276546, 21276546, 21276546, 21276546, 21276546, 21276546, 21276546, 21276546, 21276546, 21276546, 21276546, 21276546, 21276546, 21276546, 21276546, 21359186, 21359186, 21359186, 21359186, 21359186, 21359186, 21359186, 21359186, 21359186, 21359186, 21359186, 21359186, 21359186, 21359186, 21359186, 21359186, 21359186, 21359186, 21359186, 21359186, 21359186, 21359186, 21359186, 21359186, 21359186, 21359186, 21359186, 21359186, 21359186, 21359186, 21359186, 21359186, 21359186, 21359186, 21359186, 21359186, 21359186, 21359186, 21359186, 21359186, 21359186, 21359186, 21359186, 21359186, 21359186, 21359186, 21359186, 21359186, 21359186, 21359186, 21359186, 21359186, 21359186, 21359186, 21359186, 21359186, 21359186, 21359186, 21359186, 21359186, 21359186, 21359186, 21359186, 21359186, 21419266, 21419266, 21419266, 21419266, 21419266, 21419266, 21419266, 21419266, 21419266, 21419266, 21419266, 21419266, 21419266, 21419266, 21419266, 21419266, 21419266, 21419266, 21419266, 21419266, 21419266, 21419266, 21419266, 21419266, 21419266, 21419266, 21419266, 21419266, 21419266, 21419266, 21419266, 21419266, 21419266, 21419266, 21419266, 21419266, 21419266, 21419266, 21419266, 21419266, 21419266, 21419266, 21419266, 21419266, 21419266, 21419266, 22393719, 22536039, 22536039, 22536039, 22536039, 22536039, 22536039, 22536039, 22536039, 22536039, 22536039, 22536039, 22536039, 22536039, 22536039, 22536039, 22536039, 22536039, 22536039, 22536039, 22536039, 22536039, 22536039, 22536039, 22536039, 22536039, 22536039, 22536039, 22536039, 22536039, 80241368, 26540678, 21108483, 21108483, 21108483, 21108483, 21108483, 21108483, 21108483, 21108483]",0,0,0
0,258,meta-llama/Llama-3.1-70B,523,584,100558542021,102181980392,1623438371,37042244,144038998,24656656,"[23452598, 20523683, 20523683, 20523683, 20523683, 20523683, 20523683, 20523683, 20523683, 20523683, 20523683, 20523683, 21728001, 20591078, 20591078, 20591078, 20594758, 30751943, 20636312, 20636312, 20636312, 46795765, 20655376, 20655376, 20655376, 25102023, 20789384, 20790584, 20790584, 20790584, 20790584, 20790584, 20790584, 20790584, 20790584, 20790584, 20790584, 20790584, 20790584, 20790584, 20790584, 20790584, 20790584, 20790584, 20790584, 20790584, 20790584, 69040352, 125390235, 39259344, 21302766, 21302766, 21302766, 23231566, 21360121, 21360121, 21360121, 21360121, 21360121, 35334010]",0,0,0
0,272,meta-llama/Llama-3.1-70B,8,21,102377485658,102752354375,374868717,17778862,39893412,27914608,"[21440997, 22971963, 41483965, 21526546, 21526546, 21526546, 21526546, 21526546, 21526546, 76850534, 21534285, 21534285]",0,0,0
0,253,meta-llama/Llama-3.1-70B,807,923,100054709233,103205032560,3150323327,14149546,83387932,26669003,"[20889636, 20889636, 20889636, 20889636, 20889636, 20889636, 21649742, 31286348, 21007942, 74391872, 21042898, 21042898, 21042898, 21042898, 21042898, 21042898, 57555992, 106996754, 23452598, 20523683, 20523683, 20523683, 20523683, 20523683, 20523683, 20523683, 20523683, 20523683, 20523683, 20523683, 21728001, 20591078, 20591078, 20591078, 20594758, 30751943, 20636312, 20636312, 20636312, 46795765, 20655376, 20655376, 20655376, 25102023, 20789384, 20790584, 20790584, 20790584, 20790584, 20790584, 20790584, 20790584, 20790584, 20790584, 20790584, 20790584, 20790584, 20790584, 20790584, 20790584, 20790584, 20790584, 20790584, 20790584, 20790584, 69040352, 125390235, 39259344, 21302766, 21302766, 21302766, 23231566, 21360121, 21360121, 21360121, 21360121, 21360121, 35334010, 21357161, 21357161, 21357161, 21357161, 106451276, 21404208, 22114550, 21440997, 22971963, 41483965, 21526546, 21526546, 21526546, 21526546, 21526546, 21526546, 76850534, 21534285, 21534285, 21529586, 21529586, 64114100, 21534285, 21534285, 21534285, 21534285, 21534285, 21534285, 21534285, 43740128, 21574970, 21574970, 21574970, 21574970, 21574970, 21574970, 21574970]",0,0,0
0,254,meta-llama/Llama-3.1-70B,19,138,100246447934,103439704439,3193256505,16987047,38636789,26734065,"[31286348, 21007942, 74391872, 21042898, 21042898, 21042898, 21042898, 21042898, 21042898, 57555992, 106996754, 23452598, 20523683, 20523683, 20523683, 20523683, 20523683, 20523683, 20523683, 20523683, 20523683, 20523683, 20523683, 21728001, 20591078, 20591078, 20591078, 20594758, 30751943, 20636312, 20636312, 20636312, 46795765, 20655376, 20655376, 20655376, 25102023, 20789384, 20790584, 20790584, 20790584, 20790584, 20790584, 20790584, 20790584, 20790584, 20790584, 20790584, 20790584, 20790584, 20790584, 20790584, 20790584, 20790584, 20790584, 20790584, 20790584, 20790584, 69040352, 125390235, 39259344, 21302766, 21302766, 21302766, 23231566, 21360121, 21360121, 21360121, 21360121, 21360121, 35334010, 21357161, 21357161, 21357161, 21357161, 106451276, 21404208, 22114550, 21440997, 22971963, 41483965, 21526546, 21526546, 21526546, 21526546, 21526546, 21526546, 76850534, 21534285, 21534285, 21529586, 21529586, 64114100, 21534285, 21534285, 21534285, 21534285, 21534285, 21534285, 21534285, 43740128, 21574970, 21574970, 21574970, 21574970, 21574970, 21574970, 21574970, 21534285, 21534285, 22637429, 21574970, 21574970, 22457828, 21589182, 21589182, 38544088, 21635660]",0,0,0
0,252,meta-llama/Llama-3.1-70B,682,824,99723335686,103482882803,3759547117,6576402,73060734,26145293,"[20958643, 20958643, 20958643, 20958643, 20958643, 20958643, 20958643, 20958643, 20958643, 20958643, 20958643, 20958643, 20958643, 69238386, 20889636, 20889636, 20889636, 20889636, 20889636, 20889636, 21649742, 31286348, 21007942, 74391872, 21042898, 21042898, 21042898, 21042898, 21042898, 21042898, 57555992, 106996754, 23452598, 20523683, 20523683, 20523683, 20523683, 20523683, 20523683, 20523683, 20523683, 20523683, 20523683, 20523683, 21728001, 20591078, 20591078, 20591078, 20594758, 30751943, 20636312, 20636312, 20636312, 46795765, 20655376, 20655376, 20655376, 25102023, 20789384, 20790584, 20790584, 20790584, 20790584, 20790584, 20790584, 20790584, 20790584, 20790584, 20790584, 20790584, 20790584, 20790584, 20790584, 20790584, 20790584, 20790584, 20790584, 20790584, 20790584, 69040352, 125390235, 39259344, 21302766, 21302766, 21302766, 23231566, 21360121, 21360121, 21360121, 21360121, 21360121, 35334010, 21357161, 21357161, 21357161, 21357161, 106451276, 21404208, 22114550, 21440997, 22971963, 41483965, 21526546, 21526546, 21526546, 21526546, 21526546, 21526546, 76850534, 21534285, 21534285, 21529586, 21529586, 64114100, 21534285, 21534285, 21534285, 21534285, 21534285, 21534285, 21534285, 43740128, 21574970, 21574970, 21574970, 21574970, 21574970, 21574970, 21574970, 21534285, 21534285, 22637429, 21574970, 21574970, 22457828, 21589182, 21589182, 38544088, 21635660, 21589182, 21589182]",0,0,0
0,277,meta-llama/Llama-3.1-70B,423,452,102990456373,103695727289,705270916,19811269,63551397,22918554,"[21574970, 21574970, 21574970, 21574970, 21574970, 21574970, 21574970, 21534285, 21534285, 22637429, 21574970, 21574970, 22457828, 21589182, 21589182, 38544088, 21635660, 21589182, 21589182, 21574970, 21574970, 21574970, 23228680, 21584222, 21584222, 21589182, 21589182, 38544088]",0,0,0
0,262,meta-llama/Llama-3.1-70B,255,369,101052699487,103983919331,2931219844,3190636,33942579,25639621,"[20636312, 20636312, 20636312, 46795765, 20655376, 20655376, 20655376, 25102023, 20789384, 20790584, 20790584, 20790584, 20790584, 20790584, 20790584, 20790584, 20790584, 20790584, 20790584, 20790584, 20790584, 20790584, 20790584, 20790584, 20790584, 20790584, 20790584, 20790584, 20790584, 69040352, 125390235, 39259344, 21302766, 21302766, 21302766, 23231566, 21360121, 21360121, 21360121, 21360121, 21360121, 35334010, 21357161, 21357161, 21357161, 21357161, 106451276, 21404208, 22114550, 21440997, 22971963, 41483965, 21526546, 21526546, 21526546, 21526546, 21526546, 21526546, 76850534, 21534285, 21534285, 21529586, 21529586, 64114100, 21534285, 21534285, 21534285, 21534285, 21534285, 21534285, 21534285, 43740128, 21574970, 21574970, 21574970, 21574970, 21574970, 21574970, 21574970, 21534285, 21534285, 22637429, 21574970, 21574970, 22457828, 21589182, 21589182, 38544088, 21635660, 21589182, 21589182, 21574970, 21574970, 21574970, 23228680, 21584222, 21584222, 21589182, 21589182, 38544088, 21584222, 21589182, 21589182, 21589182, 28038489, 21633900, 21633900, 21633900, 21633900, 21633900, 21633900, 22297159, 21701226]",0,0,0
0,283,meta-llama/Llama-3.1-70B,172,188,103762267693,104135356631,373088938,19811364,47849853,21682605,"[21633900, 21633900, 21633900, 21633900, 21633900, 21633900, 22297159, 21701226, 21633900, 21633900, 21633900, 21633900, 21633900, 21633900, 21633900]",0,0,0
0,267,meta-llama/Llama-3.1-70B,1543,1651,101718935642,104837985776,3119050134,69120692,194510927,27332142,"[39259344, 21302766, 21302766, 21302766, 23231566, 21360121, 21360121, 21360121, 21360121, 21360121, 35334010, 21357161, 21357161, 21357161, 21357161, 106451276, 21404208, 22114550, 21440997, 22971963, 41483965, 21526546, 21526546, 21526546, 21526546, 21526546, 21526546, 76850534, 21534285, 21534285, 21529586, 21529586, 64114100, 21534285, 21534285, 21534285, 21534285, 21534285, 21534285, 21534285, 43740128, 21574970, 21574970, 21574970, 21574970, 21574970, 21574970, 21574970, 21534285, 21534285, 22637429, 21574970, 21574970, 22457828, 21589182, 21589182, 38544088, 21635660, 21589182, 21589182, 21574970, 21574970, 21574970, 23228680, 21584222, 21584222, 21589182, 21589182, 38544088, 21584222, 21589182, 21589182, 21589182, 28038489, 21633900, 21633900, 21633900, 21633900, 21633900, 21633900, 22297159, 21701226, 21633900, 21633900, 21633900, 21633900, 21633900, 21633900, 21633900, 21589182, 36407428, 31221415, 21701226, 120247670, 115962980, 47156173, 31854245, 22354364, 22354364, 69384349, 22410202, 22410202, 22410202, 22410202, 22410202, 27920498, 22424241]",0,0,0
0,250,meta-llama/Llama-3.1-70B,933,1146,99327357658,105065201152,5737843494,1763324,82004692,26678484,"[26540678, 21108483, 21108483, 21108483, 21108483, 21108483, 21108483, 21108483, 21108483, 20856866, 20856866, 20856866, 20856866, 20856866, 20856866, 66484332, 20958643, 20958643, 20958643, 20958643, 20958643, 20958643, 20958643, 20958643, 20958643, 20958643, 20958643, 20958643, 20958643, 69238386, 20889636, 20889636, 20889636, 20889636, 20889636, 20889636, 21649742, 31286348, 21007942, 74391872, 21042898, 21042898, 21042898, 21042898, 21042898, 21042898, 57555992, 106996754, 23452598, 20523683, 20523683, 20523683, 20523683, 20523683, 20523683, 20523683, 20523683, 20523683, 20523683, 20523683, 21728001, 20591078, 20591078, 20591078, 20594758, 30751943, 20636312, 20636312, 20636312, 46795765, 20655376, 20655376, 20655376, 25102023, 20789384, 20790584, 20790584, 20790584, 20790584, 20790584, 20790584, 20790584, 20790584, 20790584, 20790584, 20790584, 20790584, 20790584, 20790584, 20790584, 20790584, 20790584, 20790584, 20790584, 20790584, 69040352, 125390235, 39259344, 21302766, 21302766, 21302766, 23231566, 21360121, 21360121, 21360121, 21360121, 21360121, 35334010, 21357161, 21357161, 21357161, 21357161, 106451276, 21404208, 22114550, 21440997, 22971963, 41483965, 21526546, 21526546, 21526546, 21526546, 21526546, 21526546, 76850534, 21534285, 21534285, 21529586, 21529586, 64114100, 21534285, 21534285, 21534285, 21534285, 21534285, 21534285, 21534285, 43740128, 21574970, 21574970, 21574970, 21574970, 21574970, 21574970, 21574970, 21534285, 21534285, 22637429, 21574970, 21574970, 22457828, 21589182, 21589182, 38544088, 21635660, 21589182, 21589182, 21574970, 21574970, 21574970, 23228680, 21584222, 21584222, 21589182, 21589182, 38544088, 21584222, 21589182, 21589182, 21589182, 28038489, 21633900, 21633900, 21633900, 21633900, 21633900, 21633900, 22297159, 21701226, 21633900, 21633900, 21633900, 21633900, 21633900, 21633900, 21633900, 21589182, 36407428, 31221415, 21701226, 120247670, 115962980, 47156173, 31854245, 22354364, 22354364, 69384349, 22410202, 22410202, 22410202, 22410202, 22410202, 27920498, 22424241, 70185804, 22432796, 22432796, 22432796, 22432796, 22432796, 22432796, 22432796]",0,0,0
0,266,meta-llama/Llama-3.1-70B,702,827,101703843584,105244580840,3540737256,15172398,84212750,27875197,"[125390235, 39259344, 21302766, 21302766, 21302766, 23231566, 21360121, 21360121, 21360121, 21360121, 21360121, 35334010, 21357161, 21357161, 21357161, 21357161, 106451276, 21404208, 22114550, 21440997, 22971963, 41483965, 21526546, 21526546, 21526546, 21526546, 21526546, 21526546, 76850534, 21534285, 21534285, 21529586, 21529586, 64114100, 21534285, 21534285, 21534285, 21534285, 21534285, 21534285, 21534285, 43740128, 21574970, 21574970, 21574970, 21574970, 21574970, 21574970, 21574970, 21534285, 21534285, 22637429, 21574970, 21574970, 22457828, 21589182, 21589182, 38544088, 21635660, 21589182, 21589182, 21574970, 21574970, 21574970, 23228680, 21584222, 21584222, 21589182, 21589182, 38544088, 21584222, 21589182, 21589182, 21589182, 28038489, 21633900, 21633900, 21633900, 21633900, 21633900, 21633900, 22297159, 21701226, 21633900, 21633900, 21633900, 21633900, 21633900, 21633900, 21633900, 21589182, 36407428, 31221415, 21701226, 120247670, 115962980, 47156173, 31854245, 22354364, 22354364, 69384349, 22410202, 22410202, 22410202, 22410202, 22410202, 27920498, 22424241, 70185804, 22432796, 22432796, 22432796, 22432796, 22432796, 22432796, 22432796, 22417121, 22417121, 22424241, 22424241, 22424241, 22424241, 22424241, 22424241]",0,0,0
0,271,meta-llama/Llama-3.1-70B,1262,1388,102256256903,105647957276,3391700373,11152133,117603409,26192775,"[21404208, 22114550, 21440997, 22971963, 41483965, 21526546, 21526546, 21526546, 21526546, 21526546, 21526546, 76850534, 21534285, 21534285, 21529586, 21529586, 64114100, 21534285, 21534285, 21534285, 21534285, 21534285, 21534285, 21534285, 43740128, 21574970, 21574970, 21574970, 21574970, 21574970, 21574970, 21574970, 21534285, 21534285, 22637429, 21574970, 21574970, 22457828, 21589182, 21589182, 38544088, 21635660, 21589182, 21589182, 21574970, 21574970, 21574970, 23228680, 21584222, 21584222, 21589182, 21589182, 38544088, 21584222, 21589182, 21589182, 21589182, 28038489, 21633900, 21633900, 21633900, 21633900, 21633900, 21633900, 22297159, 21701226, 21633900, 21633900, 21633900, 21633900, 21633900, 21633900, 21633900, 21589182, 36407428, 31221415, 21701226, 120247670, 115962980, 47156173, 31854245, 22354364, 22354364, 69384349, 22410202, 22410202, 22410202, 22410202, 22410202, 27920498, 22424241, 70185804, 22432796, 22432796, 22432796, 22432796, 22432796, 22432796, 22432796, 22417121, 22417121, 22424241, 22424241, 22424241, 22424241, 22424241, 22424241, 22407802, 22407802, 22407802, 22410202, 22410202, 22410202, 22410202, 22410202, 22410202, 22410202, 22410202, 22410202, 22410202, 22410202, 22410202, 22410202, 22410202, 22410202]",0,0,0
0,264,meta-llama/Llama-3.1-70B,486,661,101147333539,105781950536,4634616997,1217463,48013228,26359791,"[20655376, 20655376, 20655376, 25102023, 20789384, 20790584, 20790584, 20790584, 20790584, 20790584, 20790584, 20790584, 20790584, 20790584, 20790584, 20790584, 20790584, 20790584, 20790584, 20790584, 20790584, 20790584, 20790584, 20790584, 20790584, 69040352, 125390235, 39259344, 21302766, 21302766, 21302766, 23231566, 21360121, 21360121, 21360121, 21360121, 21360121, 35334010, 21357161, 21357161, 21357161, 21357161, 106451276, 21404208, 22114550, 21440997, 22971963, 41483965, 21526546, 21526546, 21526546, 21526546, 21526546, 21526546, 76850534, 21534285, 21534285, 21529586, 21529586, 64114100, 21534285, 21534285, 21534285, 21534285, 21534285, 21534285, 21534285, 43740128, 21574970, 21574970, 21574970, 21574970, 21574970, 21574970, 21574970, 21534285, 21534285, 22637429, 21574970, 21574970, 22457828, 21589182, 21589182, 38544088, 21635660, 21589182, 21589182, 21574970, 21574970, 21574970, 23228680, 21584222, 21584222, 21589182, 21589182, 38544088, 21584222, 21589182, 21589182, 21589182, 28038489, 21633900, 21633900, 21633900, 21633900, 21633900, 21633900, 22297159, 21701226, 21633900, 21633900, 21633900, 21633900, 21633900, 21633900, 21633900, 21589182, 36407428, 31221415, 21701226, 120247670, 115962980, 47156173, 31854245, 22354364, 22354364, 69384349, 22410202, 22410202, 22410202, 22410202, 22410202, 27920498, 22424241, 70185804, 22432796, 22432796, 22432796, 22432796, 22432796, 22432796, 22432796, 22417121, 22417121, 22424241, 22424241, 22424241, 22424241, 22424241, 22424241, 22407802, 22407802, 22407802, 22410202, 22410202, 22410202, 22410202, 22410202, 22410202, 22410202, 22410202, 22410202, 22410202, 22410202, 22410202, 22410202, 22410202, 22410202, 22332210, 22332210, 22332210, 22332210, 22332210, 22332210]",0,0,0
0,263,meta-llama/Llama-3.1-70B,20,196,101137110720,105804240693,4667129973,11440282,58236047,26336536,"[20655376, 20655376, 20655376, 25102023, 20789384, 20790584, 20790584, 20790584, 20790584, 20790584, 20790584, 20790584, 20790584, 20790584, 20790584, 20790584, 20790584, 20790584, 20790584, 20790584, 20790584, 20790584, 20790584, 20790584, 20790584, 69040352, 125390235, 39259344, 21302766, 21302766, 21302766, 23231566, 21360121, 21360121, 21360121, 21360121, 21360121, 35334010, 21357161, 21357161, 21357161, 21357161, 106451276, 21404208, 22114550, 21440997, 22971963, 41483965, 21526546, 21526546, 21526546, 21526546, 21526546, 21526546, 76850534, 21534285, 21534285, 21529586, 21529586, 64114100, 21534285, 21534285, 21534285, 21534285, 21534285, 21534285, 21534285, 43740128, 21574970, 21574970, 21574970, 21574970, 21574970, 21574970, 21574970, 21534285, 21534285, 22637429, 21574970, 21574970, 22457828, 21589182, 21589182, 38544088, 21635660, 21589182, 21589182, 21574970, 21574970, 21574970, 23228680, 21584222, 21584222, 21589182, 21589182, 38544088, 21584222, 21589182, 21589182, 21589182, 28038489, 21633900, 21633900, 21633900, 21633900, 21633900, 21633900, 22297159, 21701226, 21633900, 21633900, 21633900, 21633900, 21633900, 21633900, 21633900, 21589182, 36407428, 31221415, 21701226, 120247670, 115962980, 47156173, 31854245, 22354364, 22354364, 69384349, 22410202, 22410202, 22410202, 22410202, 22410202, 27920498, 22424241, 70185804, 22432796, 22432796, 22432796, 22432796, 22432796, 22432796, 22432796, 22417121, 22417121, 22424241, 22424241, 22424241, 22424241, 22424241, 22424241, 22407802, 22407802, 22407802, 22410202, 22410202, 22410202, 22410202, 22410202, 22410202, 22410202, 22410202, 22410202, 22410202, 22410202, 22410202, 22410202, 22410202, 22410202, 22332210, 22332210, 22332210, 22332210, 22332210, 22332210, 22290157]",0,0,0
0,251,meta-llama/Llama-3.1-70B,138,392,99383251485,106005425569,6622174084,26110865,52651543,25966492,"[21108483, 21108483, 21108483, 21108483, 21108483, 21108483, 21108483, 21108483, 20856866, 20856866, 20856866, 20856866, 20856866, 20856866, 66484332, 20958643, 20958643, 20958643, 20958643, 20958643, 20958643, 20958643, 20958643, 20958643, 20958643, 20958643, 20958643, 20958643, 69238386, 20889636, 20889636, 20889636, 20889636, 20889636, 20889636, 21649742, 31286348, 21007942, 74391872, 21042898, 21042898, 21042898, 21042898, 21042898, 21042898, 57555992, 106996754, 23452598, 20523683, 20523683, 20523683, 20523683, 20523683, 20523683, 20523683, 20523683, 20523683, 20523683, 20523683, 21728001, 20591078, 20591078, 20591078, 20594758, 30751943, 20636312, 20636312, 20636312, 46795765, 20655376, 20655376, 20655376, 25102023, 20789384, 20790584, 20790584, 20790584, 20790584, 20790584, 20790584, 20790584, 20790584, 20790584, 20790584, 20790584, 20790584, 20790584, 20790584, 20790584, 20790584, 20790584, 20790584, 20790584, 20790584, 69040352, 125390235, 39259344, 21302766, 21302766, 21302766, 23231566, 21360121, 21360121, 21360121, 21360121, 21360121, 35334010, 21357161, 21357161, 21357161, 21357161, 106451276, 21404208, 22114550, 21440997, 22971963, 41483965, 21526546, 21526546, 21526546, 21526546, 21526546, 21526546, 76850534, 21534285, 21534285, 21529586, 21529586, 64114100, 21534285, 21534285, 21534285, 21534285, 21534285, 21534285, 21534285, 43740128, 21574970, 21574970, 21574970, 21574970, 21574970, 21574970, 21574970, 21534285, 21534285, 22637429, 21574970, 21574970, 22457828, 21589182, 21589182, 38544088, 21635660, 21589182, 21589182, 21574970, 21574970, 21574970, 23228680, 21584222, 21584222, 21589182, 21589182, 38544088, 21584222, 21589182, 21589182, 21589182, 28038489, 21633900, 21633900, 21633900, 21633900, 21633900, 21633900, 22297159, 21701226, 21633900, 21633900, 21633900, 21633900, 21633900, 21633900, 21633900, 21589182, 36407428, 31221415, 21701226, 120247670, 115962980, 47156173, 31854245, 22354364, 22354364, 69384349, 22410202, 22410202, 22410202, 22410202, 22410202, 27920498, 22424241, 70185804, 22432796, 22432796, 22432796, 22432796, 22432796, 22432796, 22432796, 22417121, 22417121, 22424241, 22424241, 22424241, 22424241, 22424241, 22424241, 22407802, 22407802, 22407802, 22410202, 22410202, 22410202, 22410202, 22410202, 22410202, 22410202, 22410202, 22410202, 22410202, 22410202, 22410202, 22410202, 22410202, 22410202, 22332210, 22332210, 22332210, 22332210, 22332210, 22332210, 22290157, 22349964, 22354364, 22354364, 22354364, 22354364, 22354364, 22354364, 22354364, 22354364]",0,0,0
0,274,meta-llama/Llama-3.1-70B,417,591,102456791100,106824647009,4367855909,5000930,46484895,24979023,"[21526546, 21526546, 21526546, 21526546, 21526546, 21526546, 76850534, 21534285, 21534285, 21529586, 21529586, 64114100, 21534285, 21534285, 21534285, 21534285, 21534285, 21534285, 21534285, 43740128, 21574970, 21574970, 21574970, 21574970, 21574970, 21574970, 21574970, 21534285, 21534285, 22637429, 21574970, 21574970, 22457828, 21589182, 21589182, 38544088, 21635660, 21589182, 21589182, 21574970, 21574970, 21574970, 23228680, 21584222, 21584222, 21589182, 21589182, 38544088, 21584222, 21589182, 21589182, 21589182, 28038489, 21633900, 21633900, 21633900, 21633900, 21633900, 21633900, 22297159, 21701226, 21633900, 21633900, 21633900, 21633900, 21633900, 21633900, 21633900, 21589182, 36407428, 31221415, 21701226, 120247670, 115962980, 47156173, 31854245, 22354364, 22354364, 69384349, 22410202, 22410202, 22410202, 22410202, 22410202, 27920498, 22424241, 70185804, 22432796, 22432796, 22432796, 22432796, 22432796, 22432796, 22432796, 22417121, 22417121, 22424241, 22424241, 22424241, 22424241, 22424241, 22424241, 22407802, 22407802, 22407802, 22410202, 22410202, 22410202, 22410202, 22410202, 22410202, 22410202, 22410202, 22410202, 22410202, 22410202, 22410202, 22410202, 22410202, 22410202, 22332210, 22332210, 22332210, 22332210, 22332210, 22332210, 22290157, 22349964, 22354364, 22354364, 22354364, 22354364, 22354364, 22354364, 22354364, 22354364, 22141120, 22141120, 22141120, 22141120, 22141120, 22141120, 22141120, 22141120, 22141120, 22141120, 22141120, 22141120, 22141120, 22141120, 22141120, 22141120, 22141120, 22141120, 22141120, 22141120, 22141120, 22141120, 22141120, 22141120, 22141120, 22141120, 22141120, 22141120, 22141120, 22141120, 22141120, 22141120, 22141120, 22141120, 22141120, 22141120, 22141120]",0,0,0
0,287,meta-llama/Llama-3.1-70B,1163,1275,104230203905,107067725416,2837521511,16071977,136319647,24335151,"[115962980, 47156173, 31854245, 22354364, 22354364, 69384349, 22410202, 22410202, 22410202, 22410202, 22410202, 27920498, 22424241, 70185804, 22432796, 22432796, 22432796, 22432796, 22432796, 22432796, 22432796, 22417121, 22417121, 22424241, 22424241, 22424241, 22424241, 22424241, 22424241, 22407802, 22407802, 22407802, 22410202, 22410202, 22410202, 22410202, 22410202, 22410202, 22410202, 22410202, 22410202, 22410202, 22410202, 22410202, 22410202, 22410202, 22410202, 22332210, 22332210, 22332210, 22332210, 22332210, 22332210, 22290157, 22349964, 22354364, 22354364, 22354364, 22354364, 22354364, 22354364, 22354364, 22354364, 22141120, 22141120, 22141120, 22141120, 22141120, 22141120, 22141120, 22141120, 22141120, 22141120, 22141120, 22141120, 22141120, 22141120, 22141120, 22141120, 22141120, 22141120, 22141120, 22141120, 22141120, 22141120, 22141120, 22141120, 22141120, 22141120, 22141120, 22141120, 22141120, 22141120, 22141120, 22141120, 22141120, 22141120, 22141120, 22141120, 22141120, 22098037, 22098037, 22098037, 22098037, 22098037, 22098037, 22098037, 22098037, 22098037, 22098037, 22098037]",0,0,0
0,279,meta-llama/Llama-3.1-70B,14,173,103306527292,107220575974,3914048682,7361207,29819035,24583731,"[21589182, 21589182, 38544088, 21635660, 21589182, 21589182, 21574970, 21574970, 21574970, 23228680, 21584222, 21584222, 21589182, 21589182, 38544088, 21584222, 21589182, 21589182, 21589182, 28038489, 21633900, 21633900, 21633900, 21633900, 21633900, 21633900, 22297159, 21701226, 21633900, 21633900, 21633900, 21633900, 21633900, 21633900, 21633900, 21589182, 36407428, 31221415, 21701226, 120247670, 115962980, 47156173, 31854245, 22354364, 22354364, 69384349, 22410202, 22410202, 22410202, 22410202, 22410202, 27920498, 22424241, 70185804, 22432796, 22432796, 22432796, 22432796, 22432796, 22432796, 22432796, 22417121, 22417121, 22424241, 22424241, 22424241, 22424241, 22424241, 22424241, 22407802, 22407802, 22407802, 22410202, 22410202, 22410202, 22410202, 22410202, 22410202, 22410202, 22410202, 22410202, 22410202, 22410202, 22410202, 22410202, 22410202, 22410202, 22332210, 22332210, 22332210, 22332210, 22332210, 22332210, 22290157, 22349964, 22354364, 22354364, 22354364, 22354364, 22354364, 22354364, 22354364, 22354364, 22141120, 22141120, 22141120, 22141120, 22141120, 22141120, 22141120, 22141120, 22141120, 22141120, 22141120, 22141120, 22141120, 22141120, 22141120, 22141120, 22141120, 22141120, 22141120, 22141120, 22141120, 22141120, 22141120, 22141120, 22141120, 22141120, 22141120, 22141120, 22141120, 22141120, 22141120, 22141120, 22141120, 22141120, 22141120, 22141120, 22141120, 22098037, 22098037, 22098037, 22098037, 22098037, 22098037, 22098037, 22098037, 22098037, 22098037, 22098037, 21835794, 21835794, 21835794, 21835794, 21835794, 21835794, 21835794]",0,0,0
0,297,meta-llama/Llama-3.1-70B,150,268,104773930782,107460355426,2686424644,13710255,41630753,22605075,"[22424241, 70185804, 22432796, 22432796, 22432796, 22432796, 22432796, 22432796, 22432796, 22417121, 22417121, 22424241, 22424241, 22424241, 22424241, 22424241, 22424241, 22407802, 22407802, 22407802, 22410202, 22410202, 22410202, 22410202, 22410202, 22410202, 22410202, 22410202, 22410202, 22410202, 22410202, 22410202, 22410202, 22410202, 22410202, 22332210, 22332210, 22332210, 22332210, 22332210, 22332210, 22290157, 22349964, 22354364, 22354364, 22354364, 22354364, 22354364, 22354364, 22354364, 22354364, 22141120, 22141120, 22141120, 22141120, 22141120, 22141120, 22141120, 22141120, 22141120, 22141120, 22141120, 22141120, 22141120, 22141120, 22141120, 22141120, 22141120, 22141120, 22141120, 22141120, 22141120, 22141120, 22141120, 22141120, 22141120, 22141120, 22141120, 22141120, 22141120, 22141120, 22141120, 22141120, 22141120, 22141120, 22141120, 22141120, 22141120, 22098037, 22098037, 22098037, 22098037, 22098037, 22098037, 22098037, 22098037, 22098037, 22098037, 22098037, 21835794, 21835794, 21835794, 21835794, 21835794, 21835794, 21835794, 21798132, 21798132, 21798132, 21798132, 21798132, 21798132, 21798132, 21798132, 21798132, 21798132, 21798132]",0,0,0
0,296,meta-llama/Llama-3.1-70B,161,286,104600995646,107482122501,2881126855,5210032,74594381,22633326,"[22410202, 22410202, 22410202, 22410202, 22410202, 27920498, 22424241, 70185804, 22432796, 22432796, 22432796, 22432796, 22432796, 22432796, 22432796, 22417121, 22417121, 22424241, 22424241, 22424241, 22424241, 22424241, 22424241, 22407802, 22407802, 22407802, 22410202, 22410202, 22410202, 22410202, 22410202, 22410202, 22410202, 22410202, 22410202, 22410202, 22410202, 22410202, 22410202, 22410202, 22410202, 22332210, 22332210, 22332210, 22332210, 22332210, 22332210, 22290157, 22349964, 22354364, 22354364, 22354364, 22354364, 22354364, 22354364, 22354364, 22354364, 22141120, 22141120, 22141120, 22141120, 22141120, 22141120, 22141120, 22141120, 22141120, 22141120, 22141120, 22141120, 22141120, 22141120, 22141120, 22141120, 22141120, 22141120, 22141120, 22141120, 22141120, 22141120, 22141120, 22141120, 22141120, 22141120, 22141120, 22141120, 22141120, 22141120, 22141120, 22141120, 22141120, 22141120, 22141120, 22141120, 22141120, 22098037, 22098037, 22098037, 22098037, 22098037, 22098037, 22098037, 22098037, 22098037, 22098037, 22098037, 21835794, 21835794, 21835794, 21835794, 21835794, 21835794, 21835794, 21798132, 21798132, 21798132, 21798132, 21798132, 21798132, 21798132, 21798132, 21798132, 21798132, 21798132, 21767075]",0,0,0
0,288,meta-llama/Llama-3.1-70B,301,436,104240073508,107568879769,3328806261,6202374,126450044,23898180,"[115962980, 47156173, 31854245, 22354364, 22354364, 69384349, 22410202, 22410202, 22410202, 22410202, 22410202, 27920498, 22424241, 70185804, 22432796, 22432796, 22432796, 22432796, 22432796, 22432796, 22432796, 22417121, 22417121, 22424241, 22424241, 22424241, 22424241, 22424241, 22424241, 22407802, 22407802, 22407802, 22410202, 22410202, 22410202, 22410202, 22410202, 22410202, 22410202, 22410202, 22410202, 22410202, 22410202, 22410202, 22410202, 22410202, 22410202, 22332210, 22332210, 22332210, 22332210, 22332210, 22332210, 22290157, 22349964, 22354364, 22354364, 22354364, 22354364, 22354364, 22354364, 22354364, 22354364, 22141120, 22141120, 22141120, 22141120, 22141120, 22141120, 22141120, 22141120, 22141120, 22141120, 22141120, 22141120, 22141120, 22141120, 22141120, 22141120, 22141120, 22141120, 22141120, 22141120, 22141120, 22141120, 22141120, 22141120, 22141120, 22141120, 22141120, 22141120, 22141120, 22141120, 22141120, 22141120, 22141120, 22141120, 22141120, 22141120, 22141120, 22098037, 22098037, 22098037, 22098037, 22098037, 22098037, 22098037, 22098037, 22098037, 22098037, 22098037, 21835794, 21835794, 21835794, 21835794, 21835794, 21835794, 21835794, 21798132, 21798132, 21798132, 21798132, 21798132, 21798132, 21798132, 21798132, 21798132, 21798132, 21798132, 21767075, 21689317, 21689317, 21689317, 21689317]",0,0,0
0,268,meta-llama/Llama-3.1-70B,390,632,101791985174,107872712613,6080727439,121461395,160720739,24564343,"[21302766, 21302766, 21302766, 23231566, 21360121, 21360121, 21360121, 21360121, 21360121, 35334010, 21357161, 21357161, 21357161, 21357161, 106451276, 21404208, 22114550, 21440997, 22971963, 41483965, 21526546, 21526546, 21526546, 21526546, 21526546, 21526546, 76850534, 21534285, 21534285, 21529586, 21529586, 64114100, 21534285, 21534285, 21534285, 21534285, 21534285, 21534285, 21534285, 43740128, 21574970, 21574970, 21574970, 21574970, 21574970, 21574970, 21574970, 21534285, 21534285, 22637429, 21574970, 21574970, 22457828, 21589182, 21589182, 38544088, 21635660, 21589182, 21589182, 21574970, 21574970, 21574970, 23228680, 21584222, 21584222, 21589182, 21589182, 38544088, 21584222, 21589182, 21589182, 21589182, 28038489, 21633900, 21633900, 21633900, 21633900, 21633900, 21633900, 22297159, 21701226, 21633900, 21633900, 21633900, 21633900, 21633900, 21633900, 21633900, 21589182, 36407428, 31221415, 21701226, 120247670, 115962980, 47156173, 31854245, 22354364, 22354364, 69384349, 22410202, 22410202, 22410202, 22410202, 22410202, 27920498, 22424241, 70185804, 22432796, 22432796, 22432796, 22432796, 22432796, 22432796, 22432796, 22417121, 22417121, 22424241, 22424241, 22424241, 22424241, 22424241, 22424241, 22407802, 22407802, 22407802, 22410202, 22410202, 22410202, 22410202, 22410202, 22410202, 22410202, 22410202, 22410202, 22410202, 22410202, 22410202, 22410202, 22410202, 22410202, 22332210, 22332210, 22332210, 22332210, 22332210, 22332210, 22290157, 22349964, 22354364, 22354364, 22354364, 22354364, 22354364, 22354364, 22354364, 22354364, 22141120, 22141120, 22141120, 22141120, 22141120, 22141120, 22141120, 22141120, 22141120, 22141120, 22141120, 22141120, 22141120, 22141120, 22141120, 22141120, 22141120, 22141120, 22141120, 22141120, 22141120, 22141120, 22141120, 22141120, 22141120, 22141120, 22141120, 22141120, 22141120, 22141120, 22141120, 22141120, 22141120, 22141120, 22141120, 22141120, 22141120, 22098037, 22098037, 22098037, 22098037, 22098037, 22098037, 22098037, 22098037, 22098037, 22098037, 22098037, 21835794, 21835794, 21835794, 21835794, 21835794, 21835794, 21835794, 21798132, 21798132, 21798132, 21798132, 21798132, 21798132, 21798132, 21798132, 21798132, 21798132, 21798132, 21767075, 21689317, 21689317, 21689317, 21689317, 21702346, 21702346, 21702346, 21702346, 21702346, 21702346, 21702346, 21702346, 21702346, 21702346, 21702346, 21702346, 21702346, 21702346]",0,0,0
0,257,meta-llama/Llama-3.1-70B,659,958,100520427398,108002526573,7482099175,17600875,75156867,24855511,"[106996754, 23452598, 20523683, 20523683, 20523683, 20523683, 20523683, 20523683, 20523683, 20523683, 20523683, 20523683, 20523683, 21728001, 20591078, 20591078, 20591078, 20594758, 30751943, 20636312, 20636312, 20636312, 46795765, 20655376, 20655376, 20655376, 25102023, 20789384, 20790584, 20790584, 20790584, 20790584, 20790584, 20790584, 20790584, 20790584, 20790584, 20790584, 20790584, 20790584, 20790584, 20790584, 20790584, 20790584, 20790584, 20790584, 20790584, 20790584, 69040352, 125390235, 39259344, 21302766, 21302766, 21302766, 23231566, 21360121, 21360121, 21360121, 21360121, 21360121, 35334010, 21357161, 21357161, 21357161, 21357161, 106451276, 21404208, 22114550, 21440997, 22971963, 41483965, 21526546, 21526546, 21526546, 21526546, 21526546, 21526546, 76850534, 21534285, 21534285, 21529586, 21529586, 64114100, 21534285, 21534285, 21534285, 21534285, 21534285, 21534285, 21534285, 43740128, 21574970, 21574970, 21574970, 21574970, 21574970, 21574970, 21574970, 21534285, 21534285, 22637429, 21574970, 21574970, 22457828, 21589182, 21589182, 38544088, 21635660, 21589182, 21589182, 21574970, 21574970, 21574970, 23228680, 21584222, 21584222, 21589182, 21589182, 38544088, 21584222, 21589182, 21589182, 21589182, 28038489, 21633900, 21633900, 21633900, 21633900, 21633900, 21633900, 22297159, 21701226, 21633900, 21633900, 21633900, 21633900, 21633900, 21633900, 21633900, 21589182, 36407428, 31221415, 21701226, 120247670, 115962980, 47156173, 31854245, 22354364, 22354364, 69384349, 22410202, 22410202, 22410202, 22410202, 22410202, 27920498, 22424241, 70185804, 22432796, 22432796, 22432796, 22432796, 22432796, 22432796, 22432796, 22417121, 22417121, 22424241, 22424241, 22424241, 22424241, 22424241, 22424241, 22407802, 22407802, 22407802, 22410202, 22410202, 22410202, 22410202, 22410202, 22410202, 22410202, 22410202, 22410202, 22410202, 22410202, 22410202, 22410202, 22410202, 22410202, 22332210, 22332210, 22332210, 22332210, 22332210, 22332210, 22290157, 22349964, 22354364, 22354364, 22354364, 22354364, 22354364, 22354364, 22354364, 22354364, 22141120, 22141120, 22141120, 22141120, 22141120, 22141120, 22141120, 22141120, 22141120, 22141120, 22141120, 22141120, 22141120, 22141120, 22141120, 22141120, 22141120, 22141120, 22141120, 22141120, 22141120, 22141120, 22141120, 22141120, 22141120, 22141120, 22141120, 22141120, 22141120, 22141120, 22141120, 22141120, 22141120, 22141120, 22141120, 22141120, 22141120, 22098037, 22098037, 22098037, 22098037, 22098037, 22098037, 22098037, 22098037, 22098037, 22098037, 22098037, 21835794, 21835794, 21835794, 21835794, 21835794, 21835794, 21835794, 21798132, 21798132, 21798132, 21798132, 21798132, 21798132, 21798132, 21798132, 21798132, 21798132, 21798132, 21767075, 21689317, 21689317, 21689317, 21689317, 21702346, 21702346, 21702346, 21702346, 21702346, 21702346, 21702346, 21702346, 21702346, 21702346, 21702346, 21702346, 21702346, 21702346, 21635660, 21635660, 21635660, 21635660, 21635660, 21635660]",0,0,0
0,260,meta-llama/Llama-3.1-70B,75,376,100658487581,108088883301,7430395720,44093438,67546036,24542832,"[20523683, 20523683, 20523683, 20523683, 20523683, 20523683, 20523683, 20523683, 20523683, 20523683, 20523683, 21728001, 20591078, 20591078, 20591078, 20594758, 30751943, 20636312, 20636312, 20636312, 46795765, 20655376, 20655376, 20655376, 25102023, 20789384, 20790584, 20790584, 20790584, 20790584, 20790584, 20790584, 20790584, 20790584, 20790584, 20790584, 20790584, 20790584, 20790584, 20790584, 20790584, 20790584, 20790584, 20790584, 20790584, 20790584, 69040352, 125390235, 39259344, 21302766, 21302766, 21302766, 23231566, 21360121, 21360121, 21360121, 21360121, 21360121, 35334010, 21357161, 21357161, 21357161, 21357161, 106451276, 21404208, 22114550, 21440997, 22971963, 41483965, 21526546, 21526546, 21526546, 21526546, 21526546, 21526546, 76850534, 21534285, 21534285, 21529586, 21529586, 64114100, 21534285, 21534285, 21534285, 21534285, 21534285, 21534285, 21534285, 43740128, 21574970, 21574970, 21574970, 21574970, 21574970, 21574970, 21574970, 21534285, 21534285, 22637429, 21574970, 21574970, 22457828, 21589182, 21589182, 38544088, 21635660, 21589182, 21589182, 21574970, 21574970, 21574970, 23228680, 21584222, 21584222, 21589182, 21589182, 38544088, 21584222, 21589182, 21589182, 21589182, 28038489, 21633900, 21633900, 21633900, 21633900, 21633900, 21633900, 22297159, 21701226, 21633900, 21633900, 21633900, 21633900, 21633900, 21633900, 21633900, 21589182, 36407428, 31221415, 21701226, 120247670, 115962980, 47156173, 31854245, 22354364, 22354364, 69384349, 22410202, 22410202, 22410202, 22410202, 22410202, 27920498, 22424241, 70185804, 22432796, 22432796, 22432796, 22432796, 22432796, 22432796, 22432796, 22417121, 22417121, 22424241, 22424241, 22424241, 22424241, 22424241, 22424241, 22407802, 22407802, 22407802, 22410202, 22410202, 22410202, 22410202, 22410202, 22410202, 22410202, 22410202, 22410202, 22410202, 22410202, 22410202, 22410202, 22410202, 22410202, 22332210, 22332210, 22332210, 22332210, 22332210, 22332210, 22290157, 22349964, 22354364, 22354364, 22354364, 22354364, 22354364, 22354364, 22354364, 22354364, 22141120, 22141120, 22141120, 22141120, 22141120, 22141120, 22141120, 22141120, 22141120, 22141120, 22141120, 22141120, 22141120, 22141120, 22141120, 22141120, 22141120, 22141120, 22141120, 22141120, 22141120, 22141120, 22141120, 22141120, 22141120, 22141120, 22141120, 22141120, 22141120, 22141120, 22141120, 22141120, 22141120, 22141120, 22141120, 22141120, 22141120, 22098037, 22098037, 22098037, 22098037, 22098037, 22098037, 22098037, 22098037, 22098037, 22098037, 22098037, 21835794, 21835794, 21835794, 21835794, 21835794, 21835794, 21835794, 21798132, 21798132, 21798132, 21798132, 21798132, 21798132, 21798132, 21798132, 21798132, 21798132, 21798132, 21767075, 21689317, 21689317, 21689317, 21689317, 21702346, 21702346, 21702346, 21702346, 21702346, 21702346, 21702346, 21702346, 21702346, 21702346, 21702346, 21702346, 21702346, 21702346, 21635660, 21635660, 21635660, 21635660, 21635660, 21635660, 21589182, 21589182, 21589182, 21589182]",0,0,0
0,278,meta-llama/Llama-3.1-70B,23,227,103234917969,108132033241,4897115272,13183161,35820590,23947264,"[21574970, 21574970, 22457828, 21589182, 21589182, 38544088, 21635660, 21589182, 21589182, 21574970, 21574970, 21574970, 23228680, 21584222, 21584222, 21589182, 21589182, 38544088, 21584222, 21589182, 21589182, 21589182, 28038489, 21633900, 21633900, 21633900, 21633900, 21633900, 21633900, 22297159, 21701226, 21633900, 21633900, 21633900, 21633900, 21633900, 21633900, 21633900, 21589182, 36407428, 31221415, 21701226, 120247670, 115962980, 47156173, 31854245, 22354364, 22354364, 69384349, 22410202, 22410202, 22410202, 22410202, 22410202, 27920498, 22424241, 70185804, 22432796, 22432796, 22432796, 22432796, 22432796, 22432796, 22432796, 22417121, 22417121, 22424241, 22424241, 22424241, 22424241, 22424241, 22424241, 22407802, 22407802, 22407802, 22410202, 22410202, 22410202, 22410202, 22410202, 22410202, 22410202, 22410202, 22410202, 22410202, 22410202, 22410202, 22410202, 22410202, 22410202, 22332210, 22332210, 22332210, 22332210, 22332210, 22332210, 22290157, 22349964, 22354364, 22354364, 22354364, 22354364, 22354364, 22354364, 22354364, 22354364, 22141120, 22141120, 22141120, 22141120, 22141120, 22141120, 22141120, 22141120, 22141120, 22141120, 22141120, 22141120, 22141120, 22141120, 22141120, 22141120, 22141120, 22141120, 22141120, 22141120, 22141120, 22141120, 22141120, 22141120, 22141120, 22141120, 22141120, 22141120, 22141120, 22141120, 22141120, 22141120, 22141120, 22141120, 22141120, 22141120, 22141120, 22098037, 22098037, 22098037, 22098037, 22098037, 22098037, 22098037, 22098037, 22098037, 22098037, 22098037, 21835794, 21835794, 21835794, 21835794, 21835794, 21835794, 21835794, 21798132, 21798132, 21798132, 21798132, 21798132, 21798132, 21798132, 21798132, 21798132, 21798132, 21798132, 21767075, 21689317, 21689317, 21689317, 21689317, 21702346, 21702346, 21702346, 21702346, 21702346, 21702346, 21702346, 21702346, 21702346, 21702346, 21702346, 21702346, 21702346, 21702346, 21635660, 21635660, 21635660, 21635660, 21635660, 21635660, 21589182, 21589182, 21589182, 21589182, 21574970, 21574970]",0,0,0
0,265,meta-llama/Llama-3.1-70B,115,395,101242786610,108175101811,6932315201,14526285,39628308,24704970,"[20789384, 20790584, 20790584, 20790584, 20790584, 20790584, 20790584, 20790584, 20790584, 20790584, 20790584, 20790584, 20790584, 20790584, 20790584, 20790584, 20790584, 20790584, 20790584, 20790584, 20790584, 69040352, 125390235, 39259344, 21302766, 21302766, 21302766, 23231566, 21360121, 21360121, 21360121, 21360121, 21360121, 35334010, 21357161, 21357161, 21357161, 21357161, 106451276, 21404208, 22114550, 21440997, 22971963, 41483965, 21526546, 21526546, 21526546, 21526546, 21526546, 21526546, 76850534, 21534285, 21534285, 21529586, 21529586, 64114100, 21534285, 21534285, 21534285, 21534285, 21534285, 21534285, 21534285, 43740128, 21574970, 21574970, 21574970, 21574970, 21574970, 21574970, 21574970, 21534285, 21534285, 22637429, 21574970, 21574970, 22457828, 21589182, 21589182, 38544088, 21635660, 21589182, 21589182, 21574970, 21574970, 21574970, 23228680, 21584222, 21584222, 21589182, 21589182, 38544088, 21584222, 21589182, 21589182, 21589182, 28038489, 21633900, 21633900, 21633900, 21633900, 21633900, 21633900, 22297159, 21701226, 21633900, 21633900, 21633900, 21633900, 21633900, 21633900, 21633900, 21589182, 36407428, 31221415, 21701226, 120247670, 115962980, 47156173, 31854245, 22354364, 22354364, 69384349, 22410202, 22410202, 22410202, 22410202, 22410202, 27920498, 22424241, 70185804, 22432796, 22432796, 22432796, 22432796, 22432796, 22432796, 22432796, 22417121, 22417121, 22424241, 22424241, 22424241, 22424241, 22424241, 22424241, 22407802, 22407802, 22407802, 22410202, 22410202, 22410202, 22410202, 22410202, 22410202, 22410202, 22410202, 22410202, 22410202, 22410202, 22410202, 22410202, 22410202, 22410202, 22332210, 22332210, 22332210, 22332210, 22332210, 22332210, 22290157, 22349964, 22354364, 22354364, 22354364, 22354364, 22354364, 22354364, 22354364, 22354364, 22141120, 22141120, 22141120, 22141120, 22141120, 22141120, 22141120, 22141120, 22141120, 22141120, 22141120, 22141120, 22141120, 22141120, 22141120, 22141120, 22141120, 22141120, 22141120, 22141120, 22141120, 22141120, 22141120, 22141120, 22141120, 22141120, 22141120, 22141120, 22141120, 22141120, 22141120, 22141120, 22141120, 22141120, 22141120, 22141120, 22141120, 22098037, 22098037, 22098037, 22098037, 22098037, 22098037, 22098037, 22098037, 22098037, 22098037, 22098037, 21835794, 21835794, 21835794, 21835794, 21835794, 21835794, 21835794, 21798132, 21798132, 21798132, 21798132, 21798132, 21798132, 21798132, 21798132, 21798132, 21798132, 21798132, 21767075, 21689317, 21689317, 21689317, 21689317, 21702346, 21702346, 21702346, 21702346, 21702346, 21702346, 21702346, 21702346, 21702346, 21702346, 21702346, 21702346, 21702346, 21702346, 21635660, 21635660, 21635660, 21635660, 21635660, 21635660, 21589182, 21589182, 21589182, 21589182, 21574970, 21574970, 21534285, 21534285]",0,0,0
0,255,meta-llama/Llama-3.1-70B,279,599,100281325540,108261220155,7979894615,3759183,35045531,24905483,"[21007942, 74391872, 21042898, 21042898, 21042898, 21042898, 21042898, 21042898, 57555992, 106996754, 23452598, 20523683, 20523683, 20523683, 20523683, 20523683, 20523683, 20523683, 20523683, 20523683, 20523683, 20523683, 21728001, 20591078, 20591078, 20591078, 20594758, 30751943, 20636312, 20636312, 20636312, 46795765, 20655376, 20655376, 20655376, 25102023, 20789384, 20790584, 20790584, 20790584, 20790584, 20790584, 20790584, 20790584, 20790584, 20790584, 20790584, 20790584, 20790584, 20790584, 20790584, 20790584, 20790584, 20790584, 20790584, 20790584, 20790584, 69040352, 125390235, 39259344, 21302766, 21302766, 21302766, 23231566, 21360121, 21360121, 21360121, 21360121, 21360121, 35334010, 21357161, 21357161, 21357161, 21357161, 106451276, 21404208, 22114550, 21440997, 22971963, 41483965, 21526546, 21526546, 21526546, 21526546, 21526546, 21526546, 76850534, 21534285, 21534285, 21529586, 21529586, 64114100, 21534285, 21534285, 21534285, 21534285, 21534285, 21534285, 21534285, 43740128, 21574970, 21574970, 21574970, 21574970, 21574970, 21574970, 21574970, 21534285, 21534285, 22637429, 21574970, 21574970, 22457828, 21589182, 21589182, 38544088, 21635660, 21589182, 21589182, 21574970, 21574970, 21574970, 23228680, 21584222, 21584222, 21589182, 21589182, 38544088, 21584222, 21589182, 21589182, 21589182, 28038489, 21633900, 21633900, 21633900, 21633900, 21633900, 21633900, 22297159, 21701226, 21633900, 21633900, 21633900, 21633900, 21633900, 21633900, 21633900, 21589182, 36407428, 31221415, 21701226, 120247670, 115962980, 47156173, 31854245, 22354364, 22354364, 69384349, 22410202, 22410202, 22410202, 22410202, 22410202, 27920498, 22424241, 70185804, 22432796, 22432796, 22432796, 22432796, 22432796, 22432796, 22432796, 22417121, 22417121, 22424241, 22424241, 22424241, 22424241, 22424241, 22424241, 22407802, 22407802, 22407802, 22410202, 22410202, 22410202, 22410202, 22410202, 22410202, 22410202, 22410202, 22410202, 22410202, 22410202, 22410202, 22410202, 22410202, 22410202, 22332210, 22332210, 22332210, 22332210, 22332210, 22332210, 22290157, 22349964, 22354364, 22354364, 22354364, 22354364, 22354364, 22354364, 22354364, 22354364, 22141120, 22141120, 22141120, 22141120, 22141120, 22141120, 22141120, 22141120, 22141120, 22141120, 22141120, 22141120, 22141120, 22141120, 22141120, 22141120, 22141120, 22141120, 22141120, 22141120, 22141120, 22141120, 22141120, 22141120, 22141120, 22141120, 22141120, 22141120, 22141120, 22141120, 22141120, 22141120, 22141120, 22141120, 22141120, 22141120, 22141120, 22098037, 22098037, 22098037, 22098037, 22098037, 22098037, 22098037, 22098037, 22098037, 22098037, 22098037, 21835794, 21835794, 21835794, 21835794, 21835794, 21835794, 21835794, 21798132, 21798132, 21798132, 21798132, 21798132, 21798132, 21798132, 21798132, 21798132, 21798132, 21798132, 21767075, 21689317, 21689317, 21689317, 21689317, 21702346, 21702346, 21702346, 21702346, 21702346, 21702346, 21702346, 21702346, 21702346, 21702346, 21702346, 21702346, 21702346, 21702346, 21635660, 21635660, 21635660, 21635660, 21635660, 21635660, 21589182, 21589182, 21589182, 21589182, 21574970, 21574970, 21534285, 21534285, 21529586, 21529586, 21529586, 21529586]",0,0,0
0,256,meta-llama/Llama-3.1-70B,890,1222,100329954733,108561541101,8231586368,7424280,81816152,24621662,"[21042898, 21042898, 21042898, 21042898, 21042898, 21042898, 57555992, 106996754, 23452598, 20523683, 20523683, 20523683, 20523683, 20523683, 20523683, 20523683, 20523683, 20523683, 20523683, 20523683, 21728001, 20591078, 20591078, 20591078, 20594758, 30751943, 20636312, 20636312, 20636312, 46795765, 20655376, 20655376, 20655376, 25102023, 20789384, 20790584, 20790584, 20790584, 20790584, 20790584, 20790584, 20790584, 20790584, 20790584, 20790584, 20790584, 20790584, 20790584, 20790584, 20790584, 20790584, 20790584, 20790584, 20790584, 20790584, 69040352, 125390235, 39259344, 21302766, 21302766, 21302766, 23231566, 21360121, 21360121, 21360121, 21360121, 21360121, 35334010, 21357161, 21357161, 21357161, 21357161, 106451276, 21404208, 22114550, 21440997, 22971963, 41483965, 21526546, 21526546, 21526546, 21526546, 21526546, 21526546, 76850534, 21534285, 21534285, 21529586, 21529586, 64114100, 21534285, 21534285, 21534285, 21534285, 21534285, 21534285, 21534285, 43740128, 21574970, 21574970, 21574970, 21574970, 21574970, 21574970, 21574970, 21534285, 21534285, 22637429, 21574970, 21574970, 22457828, 21589182, 21589182, 38544088, 21635660, 21589182, 21589182, 21574970, 21574970, 21574970, 23228680, 21584222, 21584222, 21589182, 21589182, 38544088, 21584222, 21589182, 21589182, 21589182, 28038489, 21633900, 21633900, 21633900, 21633900, 21633900, 21633900, 22297159, 21701226, 21633900, 21633900, 21633900, 21633900, 21633900, 21633900, 21633900, 21589182, 36407428, 31221415, 21701226, 120247670, 115962980, 47156173, 31854245, 22354364, 22354364, 69384349, 22410202, 22410202, 22410202, 22410202, 22410202, 27920498, 22424241, 70185804, 22432796, 22432796, 22432796, 22432796, 22432796, 22432796, 22432796, 22417121, 22417121, 22424241, 22424241, 22424241, 22424241, 22424241, 22424241, 22407802, 22407802, 22407802, 22410202, 22410202, 22410202, 22410202, 22410202, 22410202, 22410202, 22410202, 22410202, 22410202, 22410202, 22410202, 22410202, 22410202, 22410202, 22332210, 22332210, 22332210, 22332210, 22332210, 22332210, 22290157, 22349964, 22354364, 22354364, 22354364, 22354364, 22354364, 22354364, 22354364, 22354364, 22141120, 22141120, 22141120, 22141120, 22141120, 22141120, 22141120, 22141120, 22141120, 22141120, 22141120, 22141120, 22141120, 22141120, 22141120, 22141120, 22141120, 22141120, 22141120, 22141120, 22141120, 22141120, 22141120, 22141120, 22141120, 22141120, 22141120, 22141120, 22141120, 22141120, 22141120, 22141120, 22141120, 22141120, 22141120, 22141120, 22141120, 22098037, 22098037, 22098037, 22098037, 22098037, 22098037, 22098037, 22098037, 22098037, 22098037, 22098037, 21835794, 21835794, 21835794, 21835794, 21835794, 21835794, 21835794, 21798132, 21798132, 21798132, 21798132, 21798132, 21798132, 21798132, 21798132, 21798132, 21798132, 21798132, 21767075, 21689317, 21689317, 21689317, 21689317, 21702346, 21702346, 21702346, 21702346, 21702346, 21702346, 21702346, 21702346, 21702346, 21702346, 21702346, 21702346, 21702346, 21702346, 21635660, 21635660, 21635660, 21635660, 21635660, 21635660, 21589182, 21589182, 21589182, 21589182, 21574970, 21574970, 21534285, 21534285, 21529586, 21529586, 21529586, 21529586, 21450719, 21450719, 21450719, 21450719, 21450719, 21450719, 21452079, 21452079, 21452079, 21452079, 21452079, 21452079, 21452079, 21452079]",0,0,0
0,273,meta-llama/Llama-3.1-70B,35,293,102422034892,108625864092,6203829200,16785175,39757138,23984716,"[41483965, 21526546, 21526546, 21526546, 21526546, 21526546, 21526546, 76850534, 21534285, 21534285, 21529586, 21529586, 64114100, 21534285, 21534285, 21534285, 21534285, 21534285, 21534285, 21534285, 43740128, 21574970, 21574970, 21574970, 21574970, 21574970, 21574970, 21574970, 21534285, 21534285, 22637429, 21574970, 21574970, 22457828, 21589182, 21589182, 38544088, 21635660, 21589182, 21589182, 21574970, 21574970, 21574970, 23228680, 21584222, 21584222, 21589182, 21589182, 38544088, 21584222, 21589182, 21589182, 21589182, 28038489, 21633900, 21633900, 21633900, 21633900, 21633900, 21633900, 22297159, 21701226, 21633900, 21633900, 21633900, 21633900, 21633900, 21633900, 21633900, 21589182, 36407428, 31221415, 21701226, 120247670, 115962980, 47156173, 31854245, 22354364, 22354364, 69384349, 22410202, 22410202, 22410202, 22410202, 22410202, 27920498, 22424241, 70185804, 22432796, 22432796, 22432796, 22432796, 22432796, 22432796, 22432796, 22417121, 22417121, 22424241, 22424241, 22424241, 22424241, 22424241, 22424241, 22407802, 22407802, 22407802, 22410202, 22410202, 22410202, 22410202, 22410202, 22410202, 22410202, 22410202, 22410202, 22410202, 22410202, 22410202, 22410202, 22410202, 22410202, 22332210, 22332210, 22332210, 22332210, 22332210, 22332210, 22290157, 22349964, 22354364, 22354364, 22354364, 22354364, 22354364, 22354364, 22354364, 22354364, 22141120, 22141120, 22141120, 22141120, 22141120, 22141120, 22141120, 22141120, 22141120, 22141120, 22141120, 22141120, 22141120, 22141120, 22141120, 22141120, 22141120, 22141120, 22141120, 22141120, 22141120, 22141120, 22141120, 22141120, 22141120, 22141120, 22141120, 22141120, 22141120, 22141120, 22141120, 22141120, 22141120, 22141120, 22141120, 22141120, 22141120, 22098037, 22098037, 22098037, 22098037, 22098037, 22098037, 22098037, 22098037, 22098037, 22098037, 22098037, 21835794, 21835794, 21835794, 21835794, 21835794, 21835794, 21835794, 21798132, 21798132, 21798132, 21798132, 21798132, 21798132, 21798132, 21798132, 21798132, 21798132, 21798132, 21767075, 21689317, 21689317, 21689317, 21689317, 21702346, 21702346, 21702346, 21702346, 21702346, 21702346, 21702346, 21702346, 21702346, 21702346, 21702346, 21702346, 21702346, 21702346, 21635660, 21635660, 21635660, 21635660, 21635660, 21635660, 21589182, 21589182, 21589182, 21589182, 21574970, 21574970, 21534285, 21534285, 21529586, 21529586, 21529586, 21529586, 21450719, 21450719, 21450719, 21450719, 21450719, 21450719, 21452079, 21452079, 21452079, 21452079, 21452079, 21452079, 21452079, 21452079, 21440997, 21440997, 21440997]",0,0,0
0,294,meta-llama/Llama-3.1-70B,136,347,104594091791,109332306636,4738214845,12113887,81498236,22174840,"[22410202, 22410202, 22410202, 22410202, 22410202, 27920498, 22424241, 70185804, 22432796, 22432796, 22432796, 22432796, 22432796, 22432796, 22432796, 22417121, 22417121, 22424241, 22424241, 22424241, 22424241, 22424241, 22424241, 22407802, 22407802, 22407802, 22410202, 22410202, 22410202, 22410202, 22410202, 22410202, 22410202, 22410202, 22410202, 22410202, 22410202, 22410202, 22410202, 22410202, 22410202, 22332210, 22332210, 22332210, 22332210, 22332210, 22332210, 22290157, 22349964, 22354364, 22354364, 22354364, 22354364, 22354364, 22354364, 22354364, 22354364, 22141120, 22141120, 22141120, 22141120, 22141120, 22141120, 22141120, 22141120, 22141120, 22141120, 22141120, 22141120, 22141120, 22141120, 22141120, 22141120, 22141120, 22141120, 22141120, 22141120, 22141120, 22141120, 22141120, 22141120, 22141120, 22141120, 22141120, 22141120, 22141120, 22141120, 22141120, 22141120, 22141120, 22141120, 22141120, 22141120, 22141120, 22098037, 22098037, 22098037, 22098037, 22098037, 22098037, 22098037, 22098037, 22098037, 22098037, 22098037, 21835794, 21835794, 21835794, 21835794, 21835794, 21835794, 21835794, 21798132, 21798132, 21798132, 21798132, 21798132, 21798132, 21798132, 21798132, 21798132, 21798132, 21798132, 21767075, 21689317, 21689317, 21689317, 21689317, 21702346, 21702346, 21702346, 21702346, 21702346, 21702346, 21702346, 21702346, 21702346, 21702346, 21702346, 21702346, 21702346, 21702346, 21635660, 21635660, 21635660, 21635660, 21635660, 21635660, 21589182, 21589182, 21589182, 21589182, 21574970, 21574970, 21534285, 21534285, 21529586, 21529586, 21529586, 21529586, 21450719, 21450719, 21450719, 21450719, 21450719, 21450719, 21452079, 21452079, 21452079, 21452079, 21452079, 21452079, 21452079, 21452079, 21440997, 21440997, 21440997, 21404208, 21404208, 21404208, 21404208, 21404208, 21404208, 21408048, 21408048, 21408048, 21408048, 21408048, 21408048, 21408048, 21408048, 21408048, 21408048, 21408048, 21408048, 21408048, 21408048, 21408048, 21408048, 21408048, 21408048, 21408048, 21408048, 21408048, 21408048, 21408048, 21408048, 21408048, 21408048, 21408048]",0,0,0
0,291,meta-llama/Llama-3.1-70B,8,225,104392736014,109375028318,4982292304,89750518,136906691,22432340,"[31854245, 22354364, 22354364, 69384349, 22410202, 22410202, 22410202, 22410202, 22410202, 27920498, 22424241, 70185804, 22432796, 22432796, 22432796, 22432796, 22432796, 22432796, 22432796, 22417121, 22417121, 22424241, 22424241, 22424241, 22424241, 22424241, 22424241, 22407802, 22407802, 22407802, 22410202, 22410202, 22410202, 22410202, 22410202, 22410202, 22410202, 22410202, 22410202, 22410202, 22410202, 22410202, 22410202, 22410202, 22410202, 22332210, 22332210, 22332210, 22332210, 22332210, 22332210, 22290157, 22349964, 22354364, 22354364, 22354364, 22354364, 22354364, 22354364, 22354364, 22354364, 22141120, 22141120, 22141120, 22141120, 22141120, 22141120, 22141120, 22141120, 22141120, 22141120, 22141120, 22141120, 22141120, 22141120, 22141120, 22141120, 22141120, 22141120, 22141120, 22141120, 22141120, 22141120, 22141120, 22141120, 22141120, 22141120, 22141120, 22141120, 22141120, 22141120, 22141120, 22141120, 22141120, 22141120, 22141120, 22141120, 22141120, 22098037, 22098037, 22098037, 22098037, 22098037, 22098037, 22098037, 22098037, 22098037, 22098037, 22098037, 21835794, 21835794, 21835794, 21835794, 21835794, 21835794, 21835794, 21798132, 21798132, 21798132, 21798132, 21798132, 21798132, 21798132, 21798132, 21798132, 21798132, 21798132, 21767075, 21689317, 21689317, 21689317, 21689317, 21702346, 21702346, 21702346, 21702346, 21702346, 21702346, 21702346, 21702346, 21702346, 21702346, 21702346, 21702346, 21702346, 21702346, 21635660, 21635660, 21635660, 21635660, 21635660, 21635660, 21589182, 21589182, 21589182, 21589182, 21574970, 21574970, 21534285, 21534285, 21529586, 21529586, 21529586, 21529586, 21450719, 21450719, 21450719, 21450719, 21450719, 21450719, 21452079, 21452079, 21452079, 21452079, 21452079, 21452079, 21452079, 21452079, 21440997, 21440997, 21440997, 21404208, 21404208, 21404208, 21404208, 21404208, 21404208, 21408048, 21408048, 21408048, 21408048, 21408048, 21408048, 21408048, 21408048, 21408048, 21408048, 21408048, 21408048, 21408048, 21408048, 21408048, 21408048, 21408048, 21408048, 21408048, 21408048, 21408048, 21408048, 21408048, 21408048, 21408048, 21408048, 21408048, 21360841, 21360841]",0,0,0
0,293,meta-llama/Llama-3.1-70B,242,468,104504728538,109588113258,5083384720,24914167,56768412,22340516,"[22354364, 22354364, 69384349, 22410202, 22410202, 22410202, 22410202, 22410202, 27920498, 22424241, 70185804, 22432796, 22432796, 22432796, 22432796, 22432796, 22432796, 22432796, 22417121, 22417121, 22424241, 22424241, 22424241, 22424241, 22424241, 22424241, 22407802, 22407802, 22407802, 22410202, 22410202, 22410202, 22410202, 22410202, 22410202, 22410202, 22410202, 22410202, 22410202, 22410202, 22410202, 22410202, 22410202, 22410202, 22332210, 22332210, 22332210, 22332210, 22332210, 22332210, 22290157, 22349964, 22354364, 22354364, 22354364, 22354364, 22354364, 22354364, 22354364, 22354364, 22141120, 22141120, 22141120, 22141120, 22141120, 22141120, 22141120, 22141120, 22141120, 22141120, 22141120, 22141120, 22141120, 22141120, 22141120, 22141120, 22141120, 22141120, 22141120, 22141120, 22141120, 22141120, 22141120, 22141120, 22141120, 22141120, 22141120, 22141120, 22141120, 22141120, 22141120, 22141120, 22141120, 22141120, 22141120, 22141120, 22141120, 22098037, 22098037, 22098037, 22098037, 22098037, 22098037, 22098037, 22098037, 22098037, 22098037, 22098037, 21835794, 21835794, 21835794, 21835794, 21835794, 21835794, 21835794, 21798132, 21798132, 21798132, 21798132, 21798132, 21798132, 21798132, 21798132, 21798132, 21798132, 21798132, 21767075, 21689317, 21689317, 21689317, 21689317, 21702346, 21702346, 21702346, 21702346, 21702346, 21702346, 21702346, 21702346, 21702346, 21702346, 21702346, 21702346, 21702346, 21702346, 21635660, 21635660, 21635660, 21635660, 21635660, 21635660, 21589182, 21589182, 21589182, 21589182, 21574970, 21574970, 21534285, 21534285, 21529586, 21529586, 21529586, 21529586, 21450719, 21450719, 21450719, 21450719, 21450719, 21450719, 21452079, 21452079, 21452079, 21452079, 21452079, 21452079, 21452079, 21452079, 21440997, 21440997, 21440997, 21404208, 21404208, 21404208, 21404208, 21404208, 21404208, 21408048, 21408048, 21408048, 21408048, 21408048, 21408048, 21408048, 21408048, 21408048, 21408048, 21408048, 21408048, 21408048, 21408048, 21408048, 21408048, 21408048, 21408048, 21408048, 21408048, 21408048, 21408048, 21408048, 21408048, 21408048, 21408048, 21408048, 21360841, 21360841, 21306046, 21308766, 21308766, 21308766, 21308766, 21308766, 21308766, 21308766, 21308766, 21308766]",0,0,0
0,270,meta-llama/Llama-3.1-70B,314,633,102136849461,109736644417,7599794956,9796921,45130931,23756805,"[21357161, 21357161, 21357161, 21357161, 106451276, 21404208, 22114550, 21440997, 22971963, 41483965, 21526546, 21526546, 21526546, 21526546, 21526546, 21526546, 76850534, 21534285, 21534285, 21529586, 21529586, 64114100, 21534285, 21534285, 21534285, 21534285, 21534285, 21534285, 21534285, 43740128, 21574970, 21574970, 21574970, 21574970, 21574970, 21574970, 21574970, 21534285, 21534285, 22637429, 21574970, 21574970, 22457828, 21589182, 21589182, 38544088, 21635660, 21589182, 21589182, 21574970, 21574970, 21574970, 23228680, 21584222, 21584222, 21589182, 21589182, 38544088, 21584222, 21589182, 21589182, 21589182, 28038489, 21633900, 21633900, 21633900, 21633900, 21633900, 21633900, 22297159, 21701226, 21633900, 21633900, 21633900, 21633900, 21633900, 21633900, 21633900, 21589182, 36407428, 31221415, 21701226, 120247670, 115962980, 47156173, 31854245, 22354364, 22354364, 69384349, 22410202, 22410202, 22410202, 22410202, 22410202, 27920498, 22424241, 70185804, 22432796, 22432796, 22432796, 22432796, 22432796, 22432796, 22432796, 22417121, 22417121, 22424241, 22424241, 22424241, 22424241, 22424241, 22424241, 22407802, 22407802, 22407802, 22410202, 22410202, 22410202, 22410202, 22410202, 22410202, 22410202, 22410202, 22410202, 22410202, 22410202, 22410202, 22410202, 22410202, 22410202, 22332210, 22332210, 22332210, 22332210, 22332210, 22332210, 22290157, 22349964, 22354364, 22354364, 22354364, 22354364, 22354364, 22354364, 22354364, 22354364, 22141120, 22141120, 22141120, 22141120, 22141120, 22141120, 22141120, 22141120, 22141120, 22141120, 22141120, 22141120, 22141120, 22141120, 22141120, 22141120, 22141120, 22141120, 22141120, 22141120, 22141120, 22141120, 22141120, 22141120, 22141120, 22141120, 22141120, 22141120, 22141120, 22141120, 22141120, 22141120, 22141120, 22141120, 22141120, 22141120, 22141120, 22098037, 22098037, 22098037, 22098037, 22098037, 22098037, 22098037, 22098037, 22098037, 22098037, 22098037, 21835794, 21835794, 21835794, 21835794, 21835794, 21835794, 21835794, 21798132, 21798132, 21798132, 21798132, 21798132, 21798132, 21798132, 21798132, 21798132, 21798132, 21798132, 21767075, 21689317, 21689317, 21689317, 21689317, 21702346, 21702346, 21702346, 21702346, 21702346, 21702346, 21702346, 21702346, 21702346, 21702346, 21702346, 21702346, 21702346, 21702346, 21635660, 21635660, 21635660, 21635660, 21635660, 21635660, 21589182, 21589182, 21589182, 21589182, 21574970, 21574970, 21534285, 21534285, 21529586, 21529586, 21529586, 21529586, 21450719, 21450719, 21450719, 21450719, 21450719, 21450719, 21452079, 21452079, 21452079, 21452079, 21452079, 21452079, 21452079, 21452079, 21440997, 21440997, 21440997, 21404208, 21404208, 21404208, 21404208, 21404208, 21404208, 21408048, 21408048, 21408048, 21408048, 21408048, 21408048, 21408048, 21408048, 21408048, 21408048, 21408048, 21408048, 21408048, 21408048, 21408048, 21408048, 21408048, 21408048, 21408048, 21408048, 21408048, 21408048, 21408048, 21408048, 21408048, 21408048, 21408048, 21360841, 21360841, 21306046, 21308766, 21308766, 21308766, 21308766, 21308766, 21308766, 21308766, 21308766, 21308766, 21218737, 21218737, 21218737, 21218737, 21218737, 21218737, 21218737]",0,0,0
0,289,meta-llama/Llama-3.1-70B,969,1204,104326414910,109736644417,5410229507,40108642,156071622,22453666,"[47156173, 31854245, 22354364, 22354364, 69384349, 22410202, 22410202, 22410202, 22410202, 22410202, 27920498, 22424241, 70185804, 22432796, 22432796, 22432796, 22432796, 22432796, 22432796, 22432796, 22417121, 22417121, 22424241, 22424241, 22424241, 22424241, 22424241, 22424241, 22407802, 22407802, 22407802, 22410202, 22410202, 22410202, 22410202, 22410202, 22410202, 22410202, 22410202, 22410202, 22410202, 22410202, 22410202, 22410202, 22410202, 22410202, 22332210, 22332210, 22332210, 22332210, 22332210, 22332210, 22290157, 22349964, 22354364, 22354364, 22354364, 22354364, 22354364, 22354364, 22354364, 22354364, 22141120, 22141120, 22141120, 22141120, 22141120, 22141120, 22141120, 22141120, 22141120, 22141120, 22141120, 22141120, 22141120, 22141120, 22141120, 22141120, 22141120, 22141120, 22141120, 22141120, 22141120, 22141120, 22141120, 22141120, 22141120, 22141120, 22141120, 22141120, 22141120, 22141120, 22141120, 22141120, 22141120, 22141120, 22141120, 22141120, 22141120, 22098037, 22098037, 22098037, 22098037, 22098037, 22098037, 22098037, 22098037, 22098037, 22098037, 22098037, 21835794, 21835794, 21835794, 21835794, 21835794, 21835794, 21835794, 21798132, 21798132, 21798132, 21798132, 21798132, 21798132, 21798132, 21798132, 21798132, 21798132, 21798132, 21767075, 21689317, 21689317, 21689317, 21689317, 21702346, 21702346, 21702346, 21702346, 21702346, 21702346, 21702346, 21702346, 21702346, 21702346, 21702346, 21702346, 21702346, 21702346, 21635660, 21635660, 21635660, 21635660, 21635660, 21635660, 21589182, 21589182, 21589182, 21589182, 21574970, 21574970, 21534285, 21534285, 21529586, 21529586, 21529586, 21529586, 21450719, 21450719, 21450719, 21450719, 21450719, 21450719, 21452079, 21452079, 21452079, 21452079, 21452079, 21452079, 21452079, 21452079, 21440997, 21440997, 21440997, 21404208, 21404208, 21404208, 21404208, 21404208, 21404208, 21408048, 21408048, 21408048, 21408048, 21408048, 21408048, 21408048, 21408048, 21408048, 21408048, 21408048, 21408048, 21408048, 21408048, 21408048, 21408048, 21408048, 21408048, 21408048, 21408048, 21408048, 21408048, 21408048, 21408048, 21408048, 21408048, 21408048, 21360841, 21360841, 21306046, 21308766, 21308766, 21308766, 21308766, 21308766, 21308766, 21308766, 21308766, 21308766, 21218737, 21218737, 21218737, 21218737, 21218737, 21218737, 21218737]",0,0,0
0,275,meta-llama/Llama-3.1-70B,896,1204,102622528550,109861431521,7238902971,9906721,86757255,23296891,"[21534285, 21534285, 21529586, 21529586, 64114100, 21534285, 21534285, 21534285, 21534285, 21534285, 21534285, 21534285, 43740128, 21574970, 21574970, 21574970, 21574970, 21574970, 21574970, 21574970, 21534285, 21534285, 22637429, 21574970, 21574970, 22457828, 21589182, 21589182, 38544088, 21635660, 21589182, 21589182, 21574970, 21574970, 21574970, 23228680, 21584222, 21584222, 21589182, 21589182, 38544088, 21584222, 21589182, 21589182, 21589182, 28038489, 21633900, 21633900, 21633900, 21633900, 21633900, 21633900, 22297159, 21701226, 21633900, 21633900, 21633900, 21633900, 21633900, 21633900, 21633900, 21589182, 36407428, 31221415, 21701226, 120247670, 115962980, 47156173, 31854245, 22354364, 22354364, 69384349, 22410202, 22410202, 22410202, 22410202, 22410202, 27920498, 22424241, 70185804, 22432796, 22432796, 22432796, 22432796, 22432796, 22432796, 22432796, 22417121, 22417121, 22424241, 22424241, 22424241, 22424241, 22424241, 22424241, 22407802, 22407802, 22407802, 22410202, 22410202, 22410202, 22410202, 22410202, 22410202, 22410202, 22410202, 22410202, 22410202, 22410202, 22410202, 22410202, 22410202, 22410202, 22332210, 22332210, 22332210, 22332210, 22332210, 22332210, 22290157, 22349964, 22354364, 22354364, 22354364, 22354364, 22354364, 22354364, 22354364, 22354364, 22141120, 22141120, 22141120, 22141120, 22141120, 22141120, 22141120, 22141120, 22141120, 22141120, 22141120, 22141120, 22141120, 22141120, 22141120, 22141120, 22141120, 22141120, 22141120, 22141120, 22141120, 22141120, 22141120, 22141120, 22141120, 22141120, 22141120, 22141120, 22141120, 22141120, 22141120, 22141120, 22141120, 22141120, 22141120, 22141120, 22141120, 22098037, 22098037, 22098037, 22098037, 22098037, 22098037, 22098037, 22098037, 22098037, 22098037, 22098037, 21835794, 21835794, 21835794, 21835794, 21835794, 21835794, 21835794, 21798132, 21798132, 21798132, 21798132, 21798132, 21798132, 21798132, 21798132, 21798132, 21798132, 21798132, 21767075, 21689317, 21689317, 21689317, 21689317, 21702346, 21702346, 21702346, 21702346, 21702346, 21702346, 21702346, 21702346, 21702346, 21702346, 21702346, 21702346, 21702346, 21702346, 21635660, 21635660, 21635660, 21635660, 21635660, 21635660, 21589182, 21589182, 21589182, 21589182, 21574970, 21574970, 21534285, 21534285, 21529586, 21529586, 21529586, 21529586, 21450719, 21450719, 21450719, 21450719, 21450719, 21450719, 21452079, 21452079, 21452079, 21452079, 21452079, 21452079, 21452079, 21452079, 21440997, 21440997, 21440997, 21404208, 21404208, 21404208, 21404208, 21404208, 21404208, 21408048, 21408048, 21408048, 21408048, 21408048, 21408048, 21408048, 21408048, 21408048, 21408048, 21408048, 21408048, 21408048, 21408048, 21408048, 21408048, 21408048, 21408048, 21408048, 21408048, 21408048, 21408048, 21408048, 21408048, 21408048, 21408048, 21408048, 21360841, 21360841, 21306046, 21308766, 21308766, 21308766, 21308766, 21308766, 21308766, 21308766, 21308766, 21308766, 21218737, 21218737, 21218737, 21218737, 21218737, 21218737, 21218737, 20797704, 20797704, 20797704, 20797704, 20797704, 20798584]",0,0,0
0,280,meta-llama/Llama-3.1-70B,361,642,103376145729,109902754913,6526609184,3378962,41923050,23159593,"[21635660, 21589182, 21589182, 21574970, 21574970, 21574970, 23228680, 21584222, 21584222, 21589182, 21589182, 38544088, 21584222, 21589182, 21589182, 21589182, 28038489, 21633900, 21633900, 21633900, 21633900, 21633900, 21633900, 22297159, 21701226, 21633900, 21633900, 21633900, 21633900, 21633900, 21633900, 21633900, 21589182, 36407428, 31221415, 21701226, 120247670, 115962980, 47156173, 31854245, 22354364, 22354364, 69384349, 22410202, 22410202, 22410202, 22410202, 22410202, 27920498, 22424241, 70185804, 22432796, 22432796, 22432796, 22432796, 22432796, 22432796, 22432796, 22417121, 22417121, 22424241, 22424241, 22424241, 22424241, 22424241, 22424241, 22407802, 22407802, 22407802, 22410202, 22410202, 22410202, 22410202, 22410202, 22410202, 22410202, 22410202, 22410202, 22410202, 22410202, 22410202, 22410202, 22410202, 22410202, 22332210, 22332210, 22332210, 22332210, 22332210, 22332210, 22290157, 22349964, 22354364, 22354364, 22354364, 22354364, 22354364, 22354364, 22354364, 22354364, 22141120, 22141120, 22141120, 22141120, 22141120, 22141120, 22141120, 22141120, 22141120, 22141120, 22141120, 22141120, 22141120, 22141120, 22141120, 22141120, 22141120, 22141120, 22141120, 22141120, 22141120, 22141120, 22141120, 22141120, 22141120, 22141120, 22141120, 22141120, 22141120, 22141120, 22141120, 22141120, 22141120, 22141120, 22141120, 22141120, 22141120, 22098037, 22098037, 22098037, 22098037, 22098037, 22098037, 22098037, 22098037, 22098037, 22098037, 22098037, 21835794, 21835794, 21835794, 21835794, 21835794, 21835794, 21835794, 21798132, 21798132, 21798132, 21798132, 21798132, 21798132, 21798132, 21798132, 21798132, 21798132, 21798132, 21767075, 21689317, 21689317, 21689317, 21689317, 21702346, 21702346, 21702346, 21702346, 21702346, 21702346, 21702346, 21702346, 21702346, 21702346, 21702346, 21702346, 21702346, 21702346, 21635660, 21635660, 21635660, 21635660, 21635660, 21635660, 21589182, 21589182, 21589182, 21589182, 21574970, 21574970, 21534285, 21534285, 21529586, 21529586, 21529586, 21529586, 21450719, 21450719, 21450719, 21450719, 21450719, 21450719, 21452079, 21452079, 21452079, 21452079, 21452079, 21452079, 21452079, 21452079, 21440997, 21440997, 21440997, 21404208, 21404208, 21404208, 21404208, 21404208, 21404208, 21408048, 21408048, 21408048, 21408048, 21408048, 21408048, 21408048, 21408048, 21408048, 21408048, 21408048, 21408048, 21408048, 21408048, 21408048, 21408048, 21408048, 21408048, 21408048, 21408048, 21408048, 21408048, 21408048, 21408048, 21408048, 21408048, 21408048, 21360841, 21360841, 21306046, 21308766, 21308766, 21308766, 21308766, 21308766, 21308766, 21308766, 21308766, 21308766, 21218737, 21218737, 21218737, 21218737, 21218737, 21218737, 21218737, 20797704, 20797704, 20797704, 20797704, 20797704, 20798584, 20661696, 20661696]",0,0,0
0,282,meta-llama/Llama-3.1-70B,361,648,103641212629,110274953009,6633740380,15970572,54514660,23004285,"[21584222, 21589182, 21589182, 21589182, 28038489, 21633900, 21633900, 21633900, 21633900, 21633900, 21633900, 22297159, 21701226, 21633900, 21633900, 21633900, 21633900, 21633900, 21633900, 21633900, 21589182, 36407428, 31221415, 21701226, 120247670, 115962980, 47156173, 31854245, 22354364, 22354364, 69384349, 22410202, 22410202, 22410202, 22410202, 22410202, 27920498, 22424241, 70185804, 22432796, 22432796, 22432796, 22432796, 22432796, 22432796, 22432796, 22417121, 22417121, 22424241, 22424241, 22424241, 22424241, 22424241, 22424241, 22407802, 22407802, 22407802, 22410202, 22410202, 22410202, 22410202, 22410202, 22410202, 22410202, 22410202, 22410202, 22410202, 22410202, 22410202, 22410202, 22410202, 22410202, 22332210, 22332210, 22332210, 22332210, 22332210, 22332210, 22290157, 22349964, 22354364, 22354364, 22354364, 22354364, 22354364, 22354364, 22354364, 22354364, 22141120, 22141120, 22141120, 22141120, 22141120, 22141120, 22141120, 22141120, 22141120, 22141120, 22141120, 22141120, 22141120, 22141120, 22141120, 22141120, 22141120, 22141120, 22141120, 22141120, 22141120, 22141120, 22141120, 22141120, 22141120, 22141120, 22141120, 22141120, 22141120, 22141120, 22141120, 22141120, 22141120, 22141120, 22141120, 22141120, 22141120, 22098037, 22098037, 22098037, 22098037, 22098037, 22098037, 22098037, 22098037, 22098037, 22098037, 22098037, 21835794, 21835794, 21835794, 21835794, 21835794, 21835794, 21835794, 21798132, 21798132, 21798132, 21798132, 21798132, 21798132, 21798132, 21798132, 21798132, 21798132, 21798132, 21767075, 21689317, 21689317, 21689317, 21689317, 21702346, 21702346, 21702346, 21702346, 21702346, 21702346, 21702346, 21702346, 21702346, 21702346, 21702346, 21702346, 21702346, 21702346, 21635660, 21635660, 21635660, 21635660, 21635660, 21635660, 21589182, 21589182, 21589182, 21589182, 21574970, 21574970, 21534285, 21534285, 21529586, 21529586, 21529586, 21529586, 21450719, 21450719, 21450719, 21450719, 21450719, 21450719, 21452079, 21452079, 21452079, 21452079, 21452079, 21452079, 21452079, 21452079, 21440997, 21440997, 21440997, 21404208, 21404208, 21404208, 21404208, 21404208, 21404208, 21408048, 21408048, 21408048, 21408048, 21408048, 21408048, 21408048, 21408048, 21408048, 21408048, 21408048, 21408048, 21408048, 21408048, 21408048, 21408048, 21408048, 21408048, 21408048, 21408048, 21408048, 21408048, 21408048, 21408048, 21408048, 21408048, 21408048, 21360841, 21360841, 21306046, 21308766, 21308766, 21308766, 21308766, 21308766, 21308766, 21308766, 21308766, 21308766, 21218737, 21218737, 21218737, 21218737, 21218737, 21218737, 21218737, 20797704, 20797704, 20797704, 20797704, 20797704, 20798584, 20661696, 20661696, 20677672, 20677672, 20677672, 20677672, 20677672, 20677672, 20677672, 20677672, 20677672, 20677672, 20677672, 20677672, 20677672, 20677672, 20677672, 20677672, 20677672, 20677672]",0,0,0
0,285,meta-llama/Llama-3.1-70B,340,609,104141861987,110357516497,6215654510,15083826,51491254,23000609,"[31221415, 21701226, 120247670, 115962980, 47156173, 31854245, 22354364, 22354364, 69384349, 22410202, 22410202, 22410202, 22410202, 22410202, 27920498, 22424241, 70185804, 22432796, 22432796, 22432796, 22432796, 22432796, 22432796, 22432796, 22417121, 22417121, 22424241, 22424241, 22424241, 22424241, 22424241, 22424241, 22407802, 22407802, 22407802, 22410202, 22410202, 22410202, 22410202, 22410202, 22410202, 22410202, 22410202, 22410202, 22410202, 22410202, 22410202, 22410202, 22410202, 22410202, 22332210, 22332210, 22332210, 22332210, 22332210, 22332210, 22290157, 22349964, 22354364, 22354364, 22354364, 22354364, 22354364, 22354364, 22354364, 22354364, 22141120, 22141120, 22141120, 22141120, 22141120, 22141120, 22141120, 22141120, 22141120, 22141120, 22141120, 22141120, 22141120, 22141120, 22141120, 22141120, 22141120, 22141120, 22141120, 22141120, 22141120, 22141120, 22141120, 22141120, 22141120, 22141120, 22141120, 22141120, 22141120, 22141120, 22141120, 22141120, 22141120, 22141120, 22141120, 22141120, 22141120, 22098037, 22098037, 22098037, 22098037, 22098037, 22098037, 22098037, 22098037, 22098037, 22098037, 22098037, 21835794, 21835794, 21835794, 21835794, 21835794, 21835794, 21835794, 21798132, 21798132, 21798132, 21798132, 21798132, 21798132, 21798132, 21798132, 21798132, 21798132, 21798132, 21767075, 21689317, 21689317, 21689317, 21689317, 21702346, 21702346, 21702346, 21702346, 21702346, 21702346, 21702346, 21702346, 21702346, 21702346, 21702346, 21702346, 21702346, 21702346, 21635660, 21635660, 21635660, 21635660, 21635660, 21635660, 21589182, 21589182, 21589182, 21589182, 21574970, 21574970, 21534285, 21534285, 21529586, 21529586, 21529586, 21529586, 21450719, 21450719, 21450719, 21450719, 21450719, 21450719, 21452079, 21452079, 21452079, 21452079, 21452079, 21452079, 21452079, 21452079, 21440997, 21440997, 21440997, 21404208, 21404208, 21404208, 21404208, 21404208, 21404208, 21408048, 21408048, 21408048, 21408048, 21408048, 21408048, 21408048, 21408048, 21408048, 21408048, 21408048, 21408048, 21408048, 21408048, 21408048, 21408048, 21408048, 21408048, 21408048, 21408048, 21408048, 21408048, 21408048, 21408048, 21408048, 21408048, 21408048, 21360841, 21360841, 21306046, 21308766, 21308766, 21308766, 21308766, 21308766, 21308766, 21308766, 21308766, 21308766, 21218737, 21218737, 21218737, 21218737, 21218737, 21218737, 21218737, 20797704, 20797704, 20797704, 20797704, 20797704, 20798584, 20661696, 20661696, 20677672, 20677672, 20677672, 20677672, 20677672, 20677672, 20677672, 20677672, 20677672, 20677672, 20677672, 20677672, 20677672, 20677672, 20677672, 20677672, 20677672, 20677672, 20640872, 20640872, 20640872, 20640872]",0,0,0
0,261,meta-llama/Llama-3.1-70B,18,416,100933616928,110398704893,9465087965,18177202,39905203,23741014,"[20591078, 20591078, 20591078, 20594758, 30751943, 20636312, 20636312, 20636312, 46795765, 20655376, 20655376, 20655376, 25102023, 20789384, 20790584, 20790584, 20790584, 20790584, 20790584, 20790584, 20790584, 20790584, 20790584, 20790584, 20790584, 20790584, 20790584, 20790584, 20790584, 20790584, 20790584, 20790584, 20790584, 20790584, 69040352, 125390235, 39259344, 21302766, 21302766, 21302766, 23231566, 21360121, 21360121, 21360121, 21360121, 21360121, 35334010, 21357161, 21357161, 21357161, 21357161, 106451276, 21404208, 22114550, 21440997, 22971963, 41483965, 21526546, 21526546, 21526546, 21526546, 21526546, 21526546, 76850534, 21534285, 21534285, 21529586, 21529586, 64114100, 21534285, 21534285, 21534285, 21534285, 21534285, 21534285, 21534285, 43740128, 21574970, 21574970, 21574970, 21574970, 21574970, 21574970, 21574970, 21534285, 21534285, 22637429, 21574970, 21574970, 22457828, 21589182, 21589182, 38544088, 21635660, 21589182, 21589182, 21574970, 21574970, 21574970, 23228680, 21584222, 21584222, 21589182, 21589182, 38544088, 21584222, 21589182, 21589182, 21589182, 28038489, 21633900, 21633900, 21633900, 21633900, 21633900, 21633900, 22297159, 21701226, 21633900, 21633900, 21633900, 21633900, 21633900, 21633900, 21633900, 21589182, 36407428, 31221415, 21701226, 120247670, 115962980, 47156173, 31854245, 22354364, 22354364, 69384349, 22410202, 22410202, 22410202, 22410202, 22410202, 27920498, 22424241, 70185804, 22432796, 22432796, 22432796, 22432796, 22432796, 22432796, 22432796, 22417121, 22417121, 22424241, 22424241, 22424241, 22424241, 22424241, 22424241, 22407802, 22407802, 22407802, 22410202, 22410202, 22410202, 22410202, 22410202, 22410202, 22410202, 22410202, 22410202, 22410202, 22410202, 22410202, 22410202, 22410202, 22410202, 22332210, 22332210, 22332210, 22332210, 22332210, 22332210, 22290157, 22349964, 22354364, 22354364, 22354364, 22354364, 22354364, 22354364, 22354364, 22354364, 22141120, 22141120, 22141120, 22141120, 22141120, 22141120, 22141120, 22141120, 22141120, 22141120, 22141120, 22141120, 22141120, 22141120, 22141120, 22141120, 22141120, 22141120, 22141120, 22141120, 22141120, 22141120, 22141120, 22141120, 22141120, 22141120, 22141120, 22141120, 22141120, 22141120, 22141120, 22141120, 22141120, 22141120, 22141120, 22141120, 22141120, 22098037, 22098037, 22098037, 22098037, 22098037, 22098037, 22098037, 22098037, 22098037, 22098037, 22098037, 21835794, 21835794, 21835794, 21835794, 21835794, 21835794, 21835794, 21798132, 21798132, 21798132, 21798132, 21798132, 21798132, 21798132, 21798132, 21798132, 21798132, 21798132, 21767075, 21689317, 21689317, 21689317, 21689317, 21702346, 21702346, 21702346, 21702346, 21702346, 21702346, 21702346, 21702346, 21702346, 21702346, 21702346, 21702346, 21702346, 21702346, 21635660, 21635660, 21635660, 21635660, 21635660, 21635660, 21589182, 21589182, 21589182, 21589182, 21574970, 21574970, 21534285, 21534285, 21529586, 21529586, 21529586, 21529586, 21450719, 21450719, 21450719, 21450719, 21450719, 21450719, 21452079, 21452079, 21452079, 21452079, 21452079, 21452079, 21452079, 21452079, 21440997, 21440997, 21440997, 21404208, 21404208, 21404208, 21404208, 21404208, 21404208, 21408048, 21408048, 21408048, 21408048, 21408048, 21408048, 21408048, 21408048, 21408048, 21408048, 21408048, 21408048, 21408048, 21408048, 21408048, 21408048, 21408048, 21408048, 21408048, 21408048, 21408048, 21408048, 21408048, 21408048, 21408048, 21408048, 21408048, 21360841, 21360841, 21306046, 21308766, 21308766, 21308766, 21308766, 21308766, 21308766, 21308766, 21308766, 21308766, 21218737, 21218737, 21218737, 21218737, 21218737, 21218737, 21218737, 20797704, 20797704, 20797704, 20797704, 20797704, 20798584, 20661696, 20661696, 20677672, 20677672, 20677672, 20677672, 20677672, 20677672, 20677672, 20677672, 20677672, 20677672, 20677672, 20677672, 20677672, 20677672, 20677672, 20677672, 20677672, 20677672, 20640872, 20640872, 20640872, 20640872, 20594198, 20594198]",0,0,0
0,286,meta-llama/Llama-3.1-70B,243,516,104183110227,110460406262,6277296035,10243014,41464429,22925851,"[21701226, 120247670, 115962980, 47156173, 31854245, 22354364, 22354364, 69384349, 22410202, 22410202, 22410202, 22410202, 22410202, 27920498, 22424241, 70185804, 22432796, 22432796, 22432796, 22432796, 22432796, 22432796, 22432796, 22417121, 22417121, 22424241, 22424241, 22424241, 22424241, 22424241, 22424241, 22407802, 22407802, 22407802, 22410202, 22410202, 22410202, 22410202, 22410202, 22410202, 22410202, 22410202, 22410202, 22410202, 22410202, 22410202, 22410202, 22410202, 22410202, 22332210, 22332210, 22332210, 22332210, 22332210, 22332210, 22290157, 22349964, 22354364, 22354364, 22354364, 22354364, 22354364, 22354364, 22354364, 22354364, 22141120, 22141120, 22141120, 22141120, 22141120, 22141120, 22141120, 22141120, 22141120, 22141120, 22141120, 22141120, 22141120, 22141120, 22141120, 22141120, 22141120, 22141120, 22141120, 22141120, 22141120, 22141120, 22141120, 22141120, 22141120, 22141120, 22141120, 22141120, 22141120, 22141120, 22141120, 22141120, 22141120, 22141120, 22141120, 22141120, 22141120, 22098037, 22098037, 22098037, 22098037, 22098037, 22098037, 22098037, 22098037, 22098037, 22098037, 22098037, 21835794, 21835794, 21835794, 21835794, 21835794, 21835794, 21835794, 21798132, 21798132, 21798132, 21798132, 21798132, 21798132, 21798132, 21798132, 21798132, 21798132, 21798132, 21767075, 21689317, 21689317, 21689317, 21689317, 21702346, 21702346, 21702346, 21702346, 21702346, 21702346, 21702346, 21702346, 21702346, 21702346, 21702346, 21702346, 21702346, 21702346, 21635660, 21635660, 21635660, 21635660, 21635660, 21635660, 21589182, 21589182, 21589182, 21589182, 21574970, 21574970, 21534285, 21534285, 21529586, 21529586, 21529586, 21529586, 21450719, 21450719, 21450719, 21450719, 21450719, 21450719, 21452079, 21452079, 21452079, 21452079, 21452079, 21452079, 21452079, 21452079, 21440997, 21440997, 21440997, 21404208, 21404208, 21404208, 21404208, 21404208, 21404208, 21408048, 21408048, 21408048, 21408048, 21408048, 21408048, 21408048, 21408048, 21408048, 21408048, 21408048, 21408048, 21408048, 21408048, 21408048, 21408048, 21408048, 21408048, 21408048, 21408048, 21408048, 21408048, 21408048, 21408048, 21408048, 21408048, 21408048, 21360841, 21360841, 21306046, 21308766, 21308766, 21308766, 21308766, 21308766, 21308766, 21308766, 21308766, 21308766, 21218737, 21218737, 21218737, 21218737, 21218737, 21218737, 21218737, 20797704, 20797704, 20797704, 20797704, 20797704, 20798584, 20661696, 20661696, 20677672, 20677672, 20677672, 20677672, 20677672, 20677672, 20677672, 20677672, 20677672, 20677672, 20677672, 20677672, 20677672, 20677672, 20677672, 20677672, 20677672, 20677672, 20640872, 20640872, 20640872, 20640872, 20594198, 20594198, 20567123, 20567123, 20567123]",0,0,0
0,284,meta-llama/Llama-3.1-70B,7,294,103921129640,110522394530,6601264890,18791306,41088465,22937679,"[21701226, 21633900, 21633900, 21633900, 21633900, 21633900, 21633900, 21633900, 21589182, 36407428, 31221415, 21701226, 120247670, 115962980, 47156173, 31854245, 22354364, 22354364, 69384349, 22410202, 22410202, 22410202, 22410202, 22410202, 27920498, 22424241, 70185804, 22432796, 22432796, 22432796, 22432796, 22432796, 22432796, 22432796, 22417121, 22417121, 22424241, 22424241, 22424241, 22424241, 22424241, 22424241, 22407802, 22407802, 22407802, 22410202, 22410202, 22410202, 22410202, 22410202, 22410202, 22410202, 22410202, 22410202, 22410202, 22410202, 22410202, 22410202, 22410202, 22410202, 22332210, 22332210, 22332210, 22332210, 22332210, 22332210, 22290157, 22349964, 22354364, 22354364, 22354364, 22354364, 22354364, 22354364, 22354364, 22354364, 22141120, 22141120, 22141120, 22141120, 22141120, 22141120, 22141120, 22141120, 22141120, 22141120, 22141120, 22141120, 22141120, 22141120, 22141120, 22141120, 22141120, 22141120, 22141120, 22141120, 22141120, 22141120, 22141120, 22141120, 22141120, 22141120, 22141120, 22141120, 22141120, 22141120, 22141120, 22141120, 22141120, 22141120, 22141120, 22141120, 22141120, 22098037, 22098037, 22098037, 22098037, 22098037, 22098037, 22098037, 22098037, 22098037, 22098037, 22098037, 21835794, 21835794, 21835794, 21835794, 21835794, 21835794, 21835794, 21798132, 21798132, 21798132, 21798132, 21798132, 21798132, 21798132, 21798132, 21798132, 21798132, 21798132, 21767075, 21689317, 21689317, 21689317, 21689317, 21702346, 21702346, 21702346, 21702346, 21702346, 21702346, 21702346, 21702346, 21702346, 21702346, 21702346, 21702346, 21702346, 21702346, 21635660, 21635660, 21635660, 21635660, 21635660, 21635660, 21589182, 21589182, 21589182, 21589182, 21574970, 21574970, 21534285, 21534285, 21529586, 21529586, 21529586, 21529586, 21450719, 21450719, 21450719, 21450719, 21450719, 21450719, 21452079, 21452079, 21452079, 21452079, 21452079, 21452079, 21452079, 21452079, 21440997, 21440997, 21440997, 21404208, 21404208, 21404208, 21404208, 21404208, 21404208, 21408048, 21408048, 21408048, 21408048, 21408048, 21408048, 21408048, 21408048, 21408048, 21408048, 21408048, 21408048, 21408048, 21408048, 21408048, 21408048, 21408048, 21408048, 21408048, 21408048, 21408048, 21408048, 21408048, 21408048, 21408048, 21408048, 21408048, 21360841, 21360841, 21306046, 21308766, 21308766, 21308766, 21308766, 21308766, 21308766, 21308766, 21308766, 21308766, 21218737, 21218737, 21218737, 21218737, 21218737, 21218737, 21218737, 20797704, 20797704, 20797704, 20797704, 20797704, 20798584, 20661696, 20661696, 20677672, 20677672, 20677672, 20677672, 20677672, 20677672, 20677672, 20677672, 20677672, 20677672, 20677672, 20677672, 20677672, 20677672, 20677672, 20677672, 20677672, 20677672, 20640872, 20640872, 20640872, 20640872, 20594198, 20594198, 20567123, 20567123, 20567123, 20662756, 20662756, 20662756]",0,0,0
0,281,meta-llama/Llama-3.1-70B,41,367,103536240722,110975569582,7439328860,11366991,34595671,22783794,"[21584222, 21584222, 21589182, 21589182, 38544088, 21584222, 21589182, 21589182, 21589182, 28038489, 21633900, 21633900, 21633900, 21633900, 21633900, 21633900, 22297159, 21701226, 21633900, 21633900, 21633900, 21633900, 21633900, 21633900, 21633900, 21589182, 36407428, 31221415, 21701226, 120247670, 115962980, 47156173, 31854245, 22354364, 22354364, 69384349, 22410202, 22410202, 22410202, 22410202, 22410202, 27920498, 22424241, 70185804, 22432796, 22432796, 22432796, 22432796, 22432796, 22432796, 22432796, 22417121, 22417121, 22424241, 22424241, 22424241, 22424241, 22424241, 22424241, 22407802, 22407802, 22407802, 22410202, 22410202, 22410202, 22410202, 22410202, 22410202, 22410202, 22410202, 22410202, 22410202, 22410202, 22410202, 22410202, 22410202, 22410202, 22332210, 22332210, 22332210, 22332210, 22332210, 22332210, 22290157, 22349964, 22354364, 22354364, 22354364, 22354364, 22354364, 22354364, 22354364, 22354364, 22141120, 22141120, 22141120, 22141120, 22141120, 22141120, 22141120, 22141120, 22141120, 22141120, 22141120, 22141120, 22141120, 22141120, 22141120, 22141120, 22141120, 22141120, 22141120, 22141120, 22141120, 22141120, 22141120, 22141120, 22141120, 22141120, 22141120, 22141120, 22141120, 22141120, 22141120, 22141120, 22141120, 22141120, 22141120, 22141120, 22141120, 22098037, 22098037, 22098037, 22098037, 22098037, 22098037, 22098037, 22098037, 22098037, 22098037, 22098037, 21835794, 21835794, 21835794, 21835794, 21835794, 21835794, 21835794, 21798132, 21798132, 21798132, 21798132, 21798132, 21798132, 21798132, 21798132, 21798132, 21798132, 21798132, 21767075, 21689317, 21689317, 21689317, 21689317, 21702346, 21702346, 21702346, 21702346, 21702346, 21702346, 21702346, 21702346, 21702346, 21702346, 21702346, 21702346, 21702346, 21702346, 21635660, 21635660, 21635660, 21635660, 21635660, 21635660, 21589182, 21589182, 21589182, 21589182, 21574970, 21574970, 21534285, 21534285, 21529586, 21529586, 21529586, 21529586, 21450719, 21450719, 21450719, 21450719, 21450719, 21450719, 21452079, 21452079, 21452079, 21452079, 21452079, 21452079, 21452079, 21452079, 21440997, 21440997, 21440997, 21404208, 21404208, 21404208, 21404208, 21404208, 21404208, 21408048, 21408048, 21408048, 21408048, 21408048, 21408048, 21408048, 21408048, 21408048, 21408048, 21408048, 21408048, 21408048, 21408048, 21408048, 21408048, 21408048, 21408048, 21408048, 21408048, 21408048, 21408048, 21408048, 21408048, 21408048, 21408048, 21408048, 21360841, 21360841, 21306046, 21308766, 21308766, 21308766, 21308766, 21308766, 21308766, 21308766, 21308766, 21308766, 21218737, 21218737, 21218737, 21218737, 21218737, 21218737, 21218737, 20797704, 20797704, 20797704, 20797704, 20797704, 20798584, 20661696, 20661696, 20677672, 20677672, 20677672, 20677672, 20677672, 20677672, 20677672, 20677672, 20677672, 20677672, 20677672, 20677672, 20677672, 20677672, 20677672, 20677672, 20677672, 20677672, 20640872, 20640872, 20640872, 20640872, 20594198, 20594198, 20567123, 20567123, 20567123, 20662756, 20662756, 20662756, 20598866, 20598866, 20598866, 20598866, 20598866, 20598866, 20598866, 20598866, 20598866, 20598866, 20598866, 20598866, 20598866, 20598866, 20598866, 20598866, 20598866, 20598866, 20598866, 20598866, 20598866, 20598866]",0,0,0
0,295,meta-llama/Llama-3.1-70B,381,690,104597189297,111376347317,6779158020,9016381,78400730,21755705,"[22410202, 22410202, 22410202, 22410202, 22410202, 27920498, 22424241, 70185804, 22432796, 22432796, 22432796, 22432796, 22432796, 22432796, 22432796, 22417121, 22417121, 22424241, 22424241, 22424241, 22424241, 22424241, 22424241, 22407802, 22407802, 22407802, 22410202, 22410202, 22410202, 22410202, 22410202, 22410202, 22410202, 22410202, 22410202, 22410202, 22410202, 22410202, 22410202, 22410202, 22410202, 22332210, 22332210, 22332210, 22332210, 22332210, 22332210, 22290157, 22349964, 22354364, 22354364, 22354364, 22354364, 22354364, 22354364, 22354364, 22354364, 22141120, 22141120, 22141120, 22141120, 22141120, 22141120, 22141120, 22141120, 22141120, 22141120, 22141120, 22141120, 22141120, 22141120, 22141120, 22141120, 22141120, 22141120, 22141120, 22141120, 22141120, 22141120, 22141120, 22141120, 22141120, 22141120, 22141120, 22141120, 22141120, 22141120, 22141120, 22141120, 22141120, 22141120, 22141120, 22141120, 22141120, 22098037, 22098037, 22098037, 22098037, 22098037, 22098037, 22098037, 22098037, 22098037, 22098037, 22098037, 21835794, 21835794, 21835794, 21835794, 21835794, 21835794, 21835794, 21798132, 21798132, 21798132, 21798132, 21798132, 21798132, 21798132, 21798132, 21798132, 21798132, 21798132, 21767075, 21689317, 21689317, 21689317, 21689317, 21702346, 21702346, 21702346, 21702346, 21702346, 21702346, 21702346, 21702346, 21702346, 21702346, 21702346, 21702346, 21702346, 21702346, 21635660, 21635660, 21635660, 21635660, 21635660, 21635660, 21589182, 21589182, 21589182, 21589182, 21574970, 21574970, 21534285, 21534285, 21529586, 21529586, 21529586, 21529586, 21450719, 21450719, 21450719, 21450719, 21450719, 21450719, 21452079, 21452079, 21452079, 21452079, 21452079, 21452079, 21452079, 21452079, 21440997, 21440997, 21440997, 21404208, 21404208, 21404208, 21404208, 21404208, 21404208, 21408048, 21408048, 21408048, 21408048, 21408048, 21408048, 21408048, 21408048, 21408048, 21408048, 21408048, 21408048, 21408048, 21408048, 21408048, 21408048, 21408048, 21408048, 21408048, 21408048, 21408048, 21408048, 21408048, 21408048, 21408048, 21408048, 21408048, 21360841, 21360841, 21306046, 21308766, 21308766, 21308766, 21308766, 21308766, 21308766, 21308766, 21308766, 21308766, 21218737, 21218737, 21218737, 21218737, 21218737, 21218737, 21218737, 20797704, 20797704, 20797704, 20797704, 20797704, 20798584, 20661696, 20661696, 20677672, 20677672, 20677672, 20677672, 20677672, 20677672, 20677672, 20677672, 20677672, 20677672, 20677672, 20677672, 20677672, 20677672, 20677672, 20677672, 20677672, 20677672, 20640872, 20640872, 20640872, 20640872, 20594198, 20594198, 20567123, 20567123, 20567123, 20662756, 20662756, 20662756, 20598866, 20598866, 20598866, 20598866, 20598866, 20598866, 20598866, 20598866, 20598866, 20598866, 20598866, 20598866, 20598866, 20598866, 20598866, 20598866, 20598866, 20598866, 20598866, 20598866, 20598866, 20598866, 21093565, 21093565, 21093565, 21093565, 21093565, 21093565, 21093565, 21093565, 21093565, 21093565, 21093565, 21093565, 21093565, 21093565, 21093565, 21093565, 21093565, 21093565, 21093565]",0,0,0
0,299,meta-llama/Llama-3.1-70B,298,652,104832178188,112492699151,7660520963,5807588,75993392,21485913,"[22432796, 22432796, 22432796, 22432796, 22432796, 22432796, 22432796, 22417121, 22417121, 22424241, 22424241, 22424241, 22424241, 22424241, 22424241, 22407802, 22407802, 22407802, 22410202, 22410202, 22410202, 22410202, 22410202, 22410202, 22410202, 22410202, 22410202, 22410202, 22410202, 22410202, 22410202, 22410202, 22410202, 22332210, 22332210, 22332210, 22332210, 22332210, 22332210, 22290157, 22349964, 22354364, 22354364, 22354364, 22354364, 22354364, 22354364, 22354364, 22354364, 22141120, 22141120, 22141120, 22141120, 22141120, 22141120, 22141120, 22141120, 22141120, 22141120, 22141120, 22141120, 22141120, 22141120, 22141120, 22141120, 22141120, 22141120, 22141120, 22141120, 22141120, 22141120, 22141120, 22141120, 22141120, 22141120, 22141120, 22141120, 22141120, 22141120, 22141120, 22141120, 22141120, 22141120, 22141120, 22141120, 22141120, 22098037, 22098037, 22098037, 22098037, 22098037, 22098037, 22098037, 22098037, 22098037, 22098037, 22098037, 21835794, 21835794, 21835794, 21835794, 21835794, 21835794, 21835794, 21798132, 21798132, 21798132, 21798132, 21798132, 21798132, 21798132, 21798132, 21798132, 21798132, 21798132, 21767075, 21689317, 21689317, 21689317, 21689317, 21702346, 21702346, 21702346, 21702346, 21702346, 21702346, 21702346, 21702346, 21702346, 21702346, 21702346, 21702346, 21702346, 21702346, 21635660, 21635660, 21635660, 21635660, 21635660, 21635660, 21589182, 21589182, 21589182, 21589182, 21574970, 21574970, 21534285, 21534285, 21529586, 21529586, 21529586, 21529586, 21450719, 21450719, 21450719, 21450719, 21450719, 21450719, 21452079, 21452079, 21452079, 21452079, 21452079, 21452079, 21452079, 21452079, 21440997, 21440997, 21440997, 21404208, 21404208, 21404208, 21404208, 21404208, 21404208, 21408048, 21408048, 21408048, 21408048, 21408048, 21408048, 21408048, 21408048, 21408048, 21408048, 21408048, 21408048, 21408048, 21408048, 21408048, 21408048, 21408048, 21408048, 21408048, 21408048, 21408048, 21408048, 21408048, 21408048, 21408048, 21408048, 21408048, 21360841, 21360841, 21306046, 21308766, 21308766, 21308766, 21308766, 21308766, 21308766, 21308766, 21308766, 21308766, 21218737, 21218737, 21218737, 21218737, 21218737, 21218737, 21218737, 20797704, 20797704, 20797704, 20797704, 20797704, 20798584, 20661696, 20661696, 20677672, 20677672, 20677672, 20677672, 20677672, 20677672, 20677672, 20677672, 20677672, 20677672, 20677672, 20677672, 20677672, 20677672, 20677672, 20677672, 20677672, 20677672, 20640872, 20640872, 20640872, 20640872, 20594198, 20594198, 20567123, 20567123, 20567123, 20662756, 20662756, 20662756, 20598866, 20598866, 20598866, 20598866, 20598866, 20598866, 20598866, 20598866, 20598866, 20598866, 20598866, 20598866, 20598866, 20598866, 20598866, 20598866, 20598866, 20598866, 20598866, 20598866, 20598866, 20598866, 21093565, 21093565, 21093565, 21093565, 21093565, 21093565, 21093565, 21093565, 21093565, 21093565, 21093565, 21093565, 21093565, 21093565, 21093565, 21093565, 21093565, 21093565, 21093565, 21050098, 21050098, 21050098, 21050098, 21050098, 21050098, 21050098, 21050098, 21050098, 21050098, 21050098, 21050098, 21050098, 21050098, 21050098, 21050098, 21050098, 21050098, 21050098, 21050098, 21050098, 21050098, 21050098, 21050098, 21050098, 21074978, 21074978, 21074978, 21074978, 21074978, 21074978, 21074978, 21074978, 21074978, 21074978, 21074978, 21074978, 21074978, 21074978, 21074978, 21074978, 21074978, 21074978, 21074978, 21074978, 21074978, 21074978, 21074978, 21074978, 21074978, 21074978, 21074978, 21074978]",0,0,0
0,290,meta-llama/Llama-3.1-70B,401,777,104330075320,112683016229,8352940909,36448232,152411212,21868079,"[47156173, 31854245, 22354364, 22354364, 69384349, 22410202, 22410202, 22410202, 22410202, 22410202, 27920498, 22424241, 70185804, 22432796, 22432796, 22432796, 22432796, 22432796, 22432796, 22432796, 22417121, 22417121, 22424241, 22424241, 22424241, 22424241, 22424241, 22424241, 22407802, 22407802, 22407802, 22410202, 22410202, 22410202, 22410202, 22410202, 22410202, 22410202, 22410202, 22410202, 22410202, 22410202, 22410202, 22410202, 22410202, 22410202, 22332210, 22332210, 22332210, 22332210, 22332210, 22332210, 22290157, 22349964, 22354364, 22354364, 22354364, 22354364, 22354364, 22354364, 22354364, 22354364, 22141120, 22141120, 22141120, 22141120, 22141120, 22141120, 22141120, 22141120, 22141120, 22141120, 22141120, 22141120, 22141120, 22141120, 22141120, 22141120, 22141120, 22141120, 22141120, 22141120, 22141120, 22141120, 22141120, 22141120, 22141120, 22141120, 22141120, 22141120, 22141120, 22141120, 22141120, 22141120, 22141120, 22141120, 22141120, 22141120, 22141120, 22098037, 22098037, 22098037, 22098037, 22098037, 22098037, 22098037, 22098037, 22098037, 22098037, 22098037, 21835794, 21835794, 21835794, 21835794, 21835794, 21835794, 21835794, 21798132, 21798132, 21798132, 21798132, 21798132, 21798132, 21798132, 21798132, 21798132, 21798132, 21798132, 21767075, 21689317, 21689317, 21689317, 21689317, 21702346, 21702346, 21702346, 21702346, 21702346, 21702346, 21702346, 21702346, 21702346, 21702346, 21702346, 21702346, 21702346, 21702346, 21635660, 21635660, 21635660, 21635660, 21635660, 21635660, 21589182, 21589182, 21589182, 21589182, 21574970, 21574970, 21534285, 21534285, 21529586, 21529586, 21529586, 21529586, 21450719, 21450719, 21450719, 21450719, 21450719, 21450719, 21452079, 21452079, 21452079, 21452079, 21452079, 21452079, 21452079, 21452079, 21440997, 21440997, 21440997, 21404208, 21404208, 21404208, 21404208, 21404208, 21404208, 21408048, 21408048, 21408048, 21408048, 21408048, 21408048, 21408048, 21408048, 21408048, 21408048, 21408048, 21408048, 21408048, 21408048, 21408048, 21408048, 21408048, 21408048, 21408048, 21408048, 21408048, 21408048, 21408048, 21408048, 21408048, 21408048, 21408048, 21360841, 21360841, 21306046, 21308766, 21308766, 21308766, 21308766, 21308766, 21308766, 21308766, 21308766, 21308766, 21218737, 21218737, 21218737, 21218737, 21218737, 21218737, 21218737, 20797704, 20797704, 20797704, 20797704, 20797704, 20798584, 20661696, 20661696, 20677672, 20677672, 20677672, 20677672, 20677672, 20677672, 20677672, 20677672, 20677672, 20677672, 20677672, 20677672, 20677672, 20677672, 20677672, 20677672, 20677672, 20677672, 20640872, 20640872, 20640872, 20640872, 20594198, 20594198, 20567123, 20567123, 20567123, 20662756, 20662756, 20662756, 20598866, 20598866, 20598866, 20598866, 20598866, 20598866, 20598866, 20598866, 20598866, 20598866, 20598866, 20598866, 20598866, 20598866, 20598866, 20598866, 20598866, 20598866, 20598866, 20598866, 20598866, 20598866, 21093565, 21093565, 21093565, 21093565, 21093565, 21093565, 21093565, 21093565, 21093565, 21093565, 21093565, 21093565, 21093565, 21093565, 21093565, 21093565, 21093565, 21093565, 21093565, 21050098, 21050098, 21050098, 21050098, 21050098, 21050098, 21050098, 21050098, 21050098, 21050098, 21050098, 21050098, 21050098, 21050098, 21050098, 21050098, 21050098, 21050098, 21050098, 21050098, 21050098, 21050098, 21050098, 21050098, 21050098, 21074978, 21074978, 21074978, 21074978, 21074978, 21074978, 21074978, 21074978, 21074978, 21074978, 21074978, 21074978, 21074978, 21074978, 21074978, 21074978, 21074978, 21074978, 21074978, 21074978, 21074978, 21074978, 21074978, 21074978, 21074978, 21074978, 21074978, 21074978, 21142502, 21146822, 21146822, 21146822, 21146822, 21146822, 21146822, 21146822, 21146822]",0,0,0
0,298,meta-llama/Llama-3.1-70B,464,842,104818589284,112999817654,8181228370,19396492,89582296,21463252,"[22432796, 22432796, 22432796, 22432796, 22432796, 22432796, 22432796, 22417121, 22417121, 22424241, 22424241, 22424241, 22424241, 22424241, 22424241, 22407802, 22407802, 22407802, 22410202, 22410202, 22410202, 22410202, 22410202, 22410202, 22410202, 22410202, 22410202, 22410202, 22410202, 22410202, 22410202, 22410202, 22410202, 22332210, 22332210, 22332210, 22332210, 22332210, 22332210, 22290157, 22349964, 22354364, 22354364, 22354364, 22354364, 22354364, 22354364, 22354364, 22354364, 22141120, 22141120, 22141120, 22141120, 22141120, 22141120, 22141120, 22141120, 22141120, 22141120, 22141120, 22141120, 22141120, 22141120, 22141120, 22141120, 22141120, 22141120, 22141120, 22141120, 22141120, 22141120, 22141120, 22141120, 22141120, 22141120, 22141120, 22141120, 22141120, 22141120, 22141120, 22141120, 22141120, 22141120, 22141120, 22141120, 22141120, 22098037, 22098037, 22098037, 22098037, 22098037, 22098037, 22098037, 22098037, 22098037, 22098037, 22098037, 21835794, 21835794, 21835794, 21835794, 21835794, 21835794, 21835794, 21798132, 21798132, 21798132, 21798132, 21798132, 21798132, 21798132, 21798132, 21798132, 21798132, 21798132, 21767075, 21689317, 21689317, 21689317, 21689317, 21702346, 21702346, 21702346, 21702346, 21702346, 21702346, 21702346, 21702346, 21702346, 21702346, 21702346, 21702346, 21702346, 21702346, 21635660, 21635660, 21635660, 21635660, 21635660, 21635660, 21589182, 21589182, 21589182, 21589182, 21574970, 21574970, 21534285, 21534285, 21529586, 21529586, 21529586, 21529586, 21450719, 21450719, 21450719, 21450719, 21450719, 21450719, 21452079, 21452079, 21452079, 21452079, 21452079, 21452079, 21452079, 21452079, 21440997, 21440997, 21440997, 21404208, 21404208, 21404208, 21404208, 21404208, 21404208, 21408048, 21408048, 21408048, 21408048, 21408048, 21408048, 21408048, 21408048, 21408048, 21408048, 21408048, 21408048, 21408048, 21408048, 21408048, 21408048, 21408048, 21408048, 21408048, 21408048, 21408048, 21408048, 21408048, 21408048, 21408048, 21408048, 21408048, 21360841, 21360841, 21306046, 21308766, 21308766, 21308766, 21308766, 21308766, 21308766, 21308766, 21308766, 21308766, 21218737, 21218737, 21218737, 21218737, 21218737, 21218737, 21218737, 20797704, 20797704, 20797704, 20797704, 20797704, 20798584, 20661696, 20661696, 20677672, 20677672, 20677672, 20677672, 20677672, 20677672, 20677672, 20677672, 20677672, 20677672, 20677672, 20677672, 20677672, 20677672, 20677672, 20677672, 20677672, 20677672, 20640872, 20640872, 20640872, 20640872, 20594198, 20594198, 20567123, 20567123, 20567123, 20662756, 20662756, 20662756, 20598866, 20598866, 20598866, 20598866, 20598866, 20598866, 20598866, 20598866, 20598866, 20598866, 20598866, 20598866, 20598866, 20598866, 20598866, 20598866, 20598866, 20598866, 20598866, 20598866, 20598866, 20598866, 21093565, 21093565, 21093565, 21093565, 21093565, 21093565, 21093565, 21093565, 21093565, 21093565, 21093565, 21093565, 21093565, 21093565, 21093565, 21093565, 21093565, 21093565, 21093565, 21050098, 21050098, 21050098, 21050098, 21050098, 21050098, 21050098, 21050098, 21050098, 21050098, 21050098, 21050098, 21050098, 21050098, 21050098, 21050098, 21050098, 21050098, 21050098, 21050098, 21050098, 21050098, 21050098, 21050098, 21050098, 21074978, 21074978, 21074978, 21074978, 21074978, 21074978, 21074978, 21074978, 21074978, 21074978, 21074978, 21074978, 21074978, 21074978, 21074978, 21074978, 21074978, 21074978, 21074978, 21074978, 21074978, 21074978, 21074978, 21074978, 21074978, 21074978, 21074978, 21074978, 21142502, 21146822, 21146822, 21146822, 21146822, 21146822, 21146822, 21146822, 21146822, 21120095, 21120095, 21120095, 21120095, 21120095, 21120095, 21120095, 21120095, 21120095, 21120095, 21120095, 21120095, 21120095, 21120095, 21120095]",0,0,0
0,259,meta-llama/Llama-3.1-70B,768,1429,100577113882,115657568510,15080454628,18470383,125467137,22659071,"[23452598, 20523683, 20523683, 20523683, 20523683, 20523683, 20523683, 20523683, 20523683, 20523683, 20523683, 20523683, 21728001, 20591078, 20591078, 20591078, 20594758, 30751943, 20636312, 20636312, 20636312, 46795765, 20655376, 20655376, 20655376, 25102023, 20789384, 20790584, 20790584, 20790584, 20790584, 20790584, 20790584, 20790584, 20790584, 20790584, 20790584, 20790584, 20790584, 20790584, 20790584, 20790584, 20790584, 20790584, 20790584, 20790584, 20790584, 69040352, 125390235, 39259344, 21302766, 21302766, 21302766, 23231566, 21360121, 21360121, 21360121, 21360121, 21360121, 35334010, 21357161, 21357161, 21357161, 21357161, 106451276, 21404208, 22114550, 21440997, 22971963, 41483965, 21526546, 21526546, 21526546, 21526546, 21526546, 21526546, 76850534, 21534285, 21534285, 21529586, 21529586, 64114100, 21534285, 21534285, 21534285, 21534285, 21534285, 21534285, 21534285, 43740128, 21574970, 21574970, 21574970, 21574970, 21574970, 21574970, 21574970, 21534285, 21534285, 22637429, 21574970, 21574970, 22457828, 21589182, 21589182, 38544088, 21635660, 21589182, 21589182, 21574970, 21574970, 21574970, 23228680, 21584222, 21584222, 21589182, 21589182, 38544088, 21584222, 21589182, 21589182, 21589182, 28038489, 21633900, 21633900, 21633900, 21633900, 21633900, 21633900, 22297159, 21701226, 21633900, 21633900, 21633900, 21633900, 21633900, 21633900, 21633900, 21589182, 36407428, 31221415, 21701226, 120247670, 115962980, 47156173, 31854245, 22354364, 22354364, 69384349, 22410202, 22410202, 22410202, 22410202, 22410202, 27920498, 22424241, 70185804, 22432796, 22432796, 22432796, 22432796, 22432796, 22432796, 22432796, 22417121, 22417121, 22424241, 22424241, 22424241, 22424241, 22424241, 22424241, 22407802, 22407802, 22407802, 22410202, 22410202, 22410202, 22410202, 22410202, 22410202, 22410202, 22410202, 22410202, 22410202, 22410202, 22410202, 22410202, 22410202, 22410202, 22332210, 22332210, 22332210, 22332210, 22332210, 22332210, 22290157, 22349964, 22354364, 22354364, 22354364, 22354364, 22354364, 22354364, 22354364, 22354364, 22141120, 22141120, 22141120, 22141120, 22141120, 22141120, 22141120, 22141120, 22141120, 22141120, 22141120, 22141120, 22141120, 22141120, 22141120, 22141120, 22141120, 22141120, 22141120, 22141120, 22141120, 22141120, 22141120, 22141120, 22141120, 22141120, 22141120, 22141120, 22141120, 22141120, 22141120, 22141120, 22141120, 22141120, 22141120, 22141120, 22141120, 22098037, 22098037, 22098037, 22098037, 22098037, 22098037, 22098037, 22098037, 22098037, 22098037, 22098037, 21835794, 21835794, 21835794, 21835794, 21835794, 21835794, 21835794, 21798132, 21798132, 21798132, 21798132, 21798132, 21798132, 21798132, 21798132, 21798132, 21798132, 21798132, 21767075, 21689317, 21689317, 21689317, 21689317, 21702346, 21702346, 21702346, 21702346, 21702346, 21702346, 21702346, 21702346, 21702346, 21702346, 21702346, 21702346, 21702346, 21702346, 21635660, 21635660, 21635660, 21635660, 21635660, 21635660, 21589182, 21589182, 21589182, 21589182, 21574970, 21574970, 21534285, 21534285, 21529586, 21529586, 21529586, 21529586, 21450719, 21450719, 21450719, 21450719, 21450719, 21450719, 21452079, 21452079, 21452079, 21452079, 21452079, 21452079, 21452079, 21452079, 21440997, 21440997, 21440997, 21404208, 21404208, 21404208, 21404208, 21404208, 21404208, 21408048, 21408048, 21408048, 21408048, 21408048, 21408048, 21408048, 21408048, 21408048, 21408048, 21408048, 21408048, 21408048, 21408048, 21408048, 21408048, 21408048, 21408048, 21408048, 21408048, 21408048, 21408048, 21408048, 21408048, 21408048, 21408048, 21408048, 21360841, 21360841, 21306046, 21308766, 21308766, 21308766, 21308766, 21308766, 21308766, 21308766, 21308766, 21308766, 21218737, 21218737, 21218737, 21218737, 21218737, 21218737, 21218737, 20797704, 20797704, 20797704, 20797704, 20797704, 20798584, 20661696, 20661696, 20677672, 20677672, 20677672, 20677672, 20677672, 20677672, 20677672, 20677672, 20677672, 20677672, 20677672, 20677672, 20677672, 20677672, 20677672, 20677672, 20677672, 20677672, 20640872, 20640872, 20640872, 20640872, 20594198, 20594198, 20567123, 20567123, 20567123, 20662756, 20662756, 20662756, 20598866, 20598866, 20598866, 20598866, 20598866, 20598866, 20598866, 20598866, 20598866, 20598866, 20598866, 20598866, 20598866, 20598866, 20598866, 20598866, 20598866, 20598866, 20598866, 20598866, 20598866, 20598866, 21093565, 21093565, 21093565, 21093565, 21093565, 21093565, 21093565, 21093565, 21093565, 21093565, 21093565, 21093565, 21093565, 21093565, 21093565, 21093565, 21093565, 21093565, 21093565, 21050098, 21050098, 21050098, 21050098, 21050098, 21050098, 21050098, 21050098, 21050098, 21050098, 21050098, 21050098, 21050098, 21050098, 21050098, 21050098, 21050098, 21050098, 21050098, 21050098, 21050098, 21050098, 21050098, 21050098, 21050098, 21074978, 21074978, 21074978, 21074978, 21074978, 21074978, 21074978, 21074978, 21074978, 21074978, 21074978, 21074978, 21074978, 21074978, 21074978, 21074978, 21074978, 21074978, 21074978, 21074978, 21074978, 21074978, 21074978, 21074978, 21074978, 21074978, 21074978, 21074978, 21142502, 21146822, 21146822, 21146822, 21146822, 21146822, 21146822, 21146822, 21146822, 21120095, 21120095, 21120095, 21120095, 21120095, 21120095, 21120095, 21120095, 21120095, 21120095, 21120095, 21120095, 21120095, 21120095, 21120095, 21037076, 21037076, 21037076, 21037076, 21037076, 21037076, 21037076, 21037076, 21037076, 21037076, 21037076, 21037076, 21037076, 21037076, 21037076, 21037076, 21037076, 21037076, 21037076, 21037076, 21037076, 21037076, 21037076, 21037076, 21037076, 21037076, 21037076, 21037076, 21037076, 21037076, 21037076, 21037076, 21037076, 21037076, 21037076, 21037076, 21037076, 21037076, 21037076, 21037076, 21037076, 21037076, 21037076, 21037076, 21037076, 21037076, 21037076, 21037076, 21037076, 21037076, 21037076, 21037076, 21037076, 21130916, 21130916, 21130916, 21130916, 21130916, 21130916, 21130916, 21130916, 21130916, 21130916, 21130916, 21130916, 21130916, 21130916, 21130916, 21130916, 21130916, 21130916, 21130916, 21130916, 21130916, 21130916, 21130916, 21130916, 21130916, 21130916, 21130916, 21130916, 21130916, 21130916, 21130916, 21130916, 21130916, 21130916, 21130916, 21130916, 21130916, 21130916, 21130916, 21130916, 21130916, 21130916, 21130916, 21130916, 21130916, 21130916, 21130916, 21130916, 21130916, 21130916, 21130916, 21130916, 21130916, 21130916, 21130916, 21130916, 21130916, 21130916, 21130916, 21130916, 21130916, 21130916, 21130916, 21130916, 21156356, 21156356, 21156356, 21156356, 21156356, 21156356, 21156356, 21156356, 21156356]",0,0,0
0,269,meta-llama/Llama-3.1-70B,51,685,102001846037,116230899551,14229053514,14768174,37999740,22418726,"[21360121, 21360121, 21360121, 21360121, 21360121, 35334010, 21357161, 21357161, 21357161, 21357161, 106451276, 21404208, 22114550, 21440997, 22971963, 41483965, 21526546, 21526546, 21526546, 21526546, 21526546, 21526546, 76850534, 21534285, 21534285, 21529586, 21529586, 64114100, 21534285, 21534285, 21534285, 21534285, 21534285, 21534285, 21534285, 43740128, 21574970, 21574970, 21574970, 21574970, 21574970, 21574970, 21574970, 21534285, 21534285, 22637429, 21574970, 21574970, 22457828, 21589182, 21589182, 38544088, 21635660, 21589182, 21589182, 21574970, 21574970, 21574970, 23228680, 21584222, 21584222, 21589182, 21589182, 38544088, 21584222, 21589182, 21589182, 21589182, 28038489, 21633900, 21633900, 21633900, 21633900, 21633900, 21633900, 22297159, 21701226, 21633900, 21633900, 21633900, 21633900, 21633900, 21633900, 21633900, 21589182, 36407428, 31221415, 21701226, 120247670, 115962980, 47156173, 31854245, 22354364, 22354364, 69384349, 22410202, 22410202, 22410202, 22410202, 22410202, 27920498, 22424241, 70185804, 22432796, 22432796, 22432796, 22432796, 22432796, 22432796, 22432796, 22417121, 22417121, 22424241, 22424241, 22424241, 22424241, 22424241, 22424241, 22407802, 22407802, 22407802, 22410202, 22410202, 22410202, 22410202, 22410202, 22410202, 22410202, 22410202, 22410202, 22410202, 22410202, 22410202, 22410202, 22410202, 22410202, 22332210, 22332210, 22332210, 22332210, 22332210, 22332210, 22290157, 22349964, 22354364, 22354364, 22354364, 22354364, 22354364, 22354364, 22354364, 22354364, 22141120, 22141120, 22141120, 22141120, 22141120, 22141120, 22141120, 22141120, 22141120, 22141120, 22141120, 22141120, 22141120, 22141120, 22141120, 22141120, 22141120, 22141120, 22141120, 22141120, 22141120, 22141120, 22141120, 22141120, 22141120, 22141120, 22141120, 22141120, 22141120, 22141120, 22141120, 22141120, 22141120, 22141120, 22141120, 22141120, 22141120, 22098037, 22098037, 22098037, 22098037, 22098037, 22098037, 22098037, 22098037, 22098037, 22098037, 22098037, 21835794, 21835794, 21835794, 21835794, 21835794, 21835794, 21835794, 21798132, 21798132, 21798132, 21798132, 21798132, 21798132, 21798132, 21798132, 21798132, 21798132, 21798132, 21767075, 21689317, 21689317, 21689317, 21689317, 21702346, 21702346, 21702346, 21702346, 21702346, 21702346, 21702346, 21702346, 21702346, 21702346, 21702346, 21702346, 21702346, 21702346, 21635660, 21635660, 21635660, 21635660, 21635660, 21635660, 21589182, 21589182, 21589182, 21589182, 21574970, 21574970, 21534285, 21534285, 21529586, 21529586, 21529586, 21529586, 21450719, 21450719, 21450719, 21450719, 21450719, 21450719, 21452079, 21452079, 21452079, 21452079, 21452079, 21452079, 21452079, 21452079, 21440997, 21440997, 21440997, 21404208, 21404208, 21404208, 21404208, 21404208, 21404208, 21408048, 21408048, 21408048, 21408048, 21408048, 21408048, 21408048, 21408048, 21408048, 21408048, 21408048, 21408048, 21408048, 21408048, 21408048, 21408048, 21408048, 21408048, 21408048, 21408048, 21408048, 21408048, 21408048, 21408048, 21408048, 21408048, 21408048, 21360841, 21360841, 21306046, 21308766, 21308766, 21308766, 21308766, 21308766, 21308766, 21308766, 21308766, 21308766, 21218737, 21218737, 21218737, 21218737, 21218737, 21218737, 21218737, 20797704, 20797704, 20797704, 20797704, 20797704, 20798584, 20661696, 20661696, 20677672, 20677672, 20677672, 20677672, 20677672, 20677672, 20677672, 20677672, 20677672, 20677672, 20677672, 20677672, 20677672, 20677672, 20677672, 20677672, 20677672, 20677672, 20640872, 20640872, 20640872, 20640872, 20594198, 20594198, 20567123, 20567123, 20567123, 20662756, 20662756, 20662756, 20598866, 20598866, 20598866, 20598866, 20598866, 20598866, 20598866, 20598866, 20598866, 20598866, 20598866, 20598866, 20598866, 20598866, 20598866, 20598866, 20598866, 20598866, 20598866, 20598866, 20598866, 20598866, 21093565, 21093565, 21093565, 21093565, 21093565, 21093565, 21093565, 21093565, 21093565, 21093565, 21093565, 21093565, 21093565, 21093565, 21093565, 21093565, 21093565, 21093565, 21093565, 21050098, 21050098, 21050098, 21050098, 21050098, 21050098, 21050098, 21050098, 21050098, 21050098, 21050098, 21050098, 21050098, 21050098, 21050098, 21050098, 21050098, 21050098, 21050098, 21050098, 21050098, 21050098, 21050098, 21050098, 21050098, 21074978, 21074978, 21074978, 21074978, 21074978, 21074978, 21074978, 21074978, 21074978, 21074978, 21074978, 21074978, 21074978, 21074978, 21074978, 21074978, 21074978, 21074978, 21074978, 21074978, 21074978, 21074978, 21074978, 21074978, 21074978, 21074978, 21074978, 21074978, 21142502, 21146822, 21146822, 21146822, 21146822, 21146822, 21146822, 21146822, 21146822, 21120095, 21120095, 21120095, 21120095, 21120095, 21120095, 21120095, 21120095, 21120095, 21120095, 21120095, 21120095, 21120095, 21120095, 21120095, 21037076, 21037076, 21037076, 21037076, 21037076, 21037076, 21037076, 21037076, 21037076, 21037076, 21037076, 21037076, 21037076, 21037076, 21037076, 21037076, 21037076, 21037076, 21037076, 21037076, 21037076, 21037076, 21037076, 21037076, 21037076, 21037076, 21037076, 21037076, 21037076, 21037076, 21037076, 21037076, 21037076, 21037076, 21037076, 21037076, 21037076, 21037076, 21037076, 21037076, 21037076, 21037076, 21037076, 21037076, 21037076, 21037076, 21037076, 21037076, 21037076, 21037076, 21037076, 21037076, 21037076, 21130916, 21130916, 21130916, 21130916, 21130916, 21130916, 21130916, 21130916, 21130916, 21130916, 21130916, 21130916, 21130916, 21130916, 21130916, 21130916, 21130916, 21130916, 21130916, 21130916, 21130916, 21130916, 21130916, 21130916, 21130916, 21130916, 21130916, 21130916, 21130916, 21130916, 21130916, 21130916, 21130916, 21130916, 21130916, 21130916, 21130916, 21130916, 21130916, 21130916, 21130916, 21130916, 21130916, 21130916, 21130916, 21130916, 21130916, 21130916, 21130916, 21130916, 21130916, 21130916, 21130916, 21130916, 21130916, 21130916, 21130916, 21130916, 21130916, 21130916, 21130916, 21130916, 21130916, 21130916, 21156356, 21156356, 21156356, 21156356, 21156356, 21156356, 21156356, 21156356, 21156356, 21234483, 21234483, 21234483, 21234483, 21234483, 21234483, 21234483, 21234483, 21234483, 21234483, 21234483, 21234483, 21234483, 21234483, 21234483, 21234483, 21234483, 21234483, 21234483, 21234483, 21234483, 21234483, 21234483, 21234483, 21234483, 21234483, 21234483]",0,0,0
0,276,meta-llama/Llama-3.1-70B,737,1345,102788661369,116273910083,13485248714,6752178,70866278,22099476,"[21534285, 21534285, 21534285, 21534285, 21534285, 21534285, 21534285, 43740128, 21574970, 21574970, 21574970, 21574970, 21574970, 21574970, 21574970, 21534285, 21534285, 22637429, 21574970, 21574970, 22457828, 21589182, 21589182, 38544088, 21635660, 21589182, 21589182, 21574970, 21574970, 21574970, 23228680, 21584222, 21584222, 21589182, 21589182, 38544088, 21584222, 21589182, 21589182, 21589182, 28038489, 21633900, 21633900, 21633900, 21633900, 21633900, 21633900, 22297159, 21701226, 21633900, 21633900, 21633900, 21633900, 21633900, 21633900, 21633900, 21589182, 36407428, 31221415, 21701226, 120247670, 115962980, 47156173, 31854245, 22354364, 22354364, 69384349, 22410202, 22410202, 22410202, 22410202, 22410202, 27920498, 22424241, 70185804, 22432796, 22432796, 22432796, 22432796, 22432796, 22432796, 22432796, 22417121, 22417121, 22424241, 22424241, 22424241, 22424241, 22424241, 22424241, 22407802, 22407802, 22407802, 22410202, 22410202, 22410202, 22410202, 22410202, 22410202, 22410202, 22410202, 22410202, 22410202, 22410202, 22410202, 22410202, 22410202, 22410202, 22332210, 22332210, 22332210, 22332210, 22332210, 22332210, 22290157, 22349964, 22354364, 22354364, 22354364, 22354364, 22354364, 22354364, 22354364, 22354364, 22141120, 22141120, 22141120, 22141120, 22141120, 22141120, 22141120, 22141120, 22141120, 22141120, 22141120, 22141120, 22141120, 22141120, 22141120, 22141120, 22141120, 22141120, 22141120, 22141120, 22141120, 22141120, 22141120, 22141120, 22141120, 22141120, 22141120, 22141120, 22141120, 22141120, 22141120, 22141120, 22141120, 22141120, 22141120, 22141120, 22141120, 22098037, 22098037, 22098037, 22098037, 22098037, 22098037, 22098037, 22098037, 22098037, 22098037, 22098037, 21835794, 21835794, 21835794, 21835794, 21835794, 21835794, 21835794, 21798132, 21798132, 21798132, 21798132, 21798132, 21798132, 21798132, 21798132, 21798132, 21798132, 21798132, 21767075, 21689317, 21689317, 21689317, 21689317, 21702346, 21702346, 21702346, 21702346, 21702346, 21702346, 21702346, 21702346, 21702346, 21702346, 21702346, 21702346, 21702346, 21702346, 21635660, 21635660, 21635660, 21635660, 21635660, 21635660, 21589182, 21589182, 21589182, 21589182, 21574970, 21574970, 21534285, 21534285, 21529586, 21529586, 21529586, 21529586, 21450719, 21450719, 21450719, 21450719, 21450719, 21450719, 21452079, 21452079, 21452079, 21452079, 21452079, 21452079, 21452079, 21452079, 21440997, 21440997, 21440997, 21404208, 21404208, 21404208, 21404208, 21404208, 21404208, 21408048, 21408048, 21408048, 21408048, 21408048, 21408048, 21408048, 21408048, 21408048, 21408048, 21408048, 21408048, 21408048, 21408048, 21408048, 21408048, 21408048, 21408048, 21408048, 21408048, 21408048, 21408048, 21408048, 21408048, 21408048, 21408048, 21408048, 21360841, 21360841, 21306046, 21308766, 21308766, 21308766, 21308766, 21308766, 21308766, 21308766, 21308766, 21308766, 21218737, 21218737, 21218737, 21218737, 21218737, 21218737, 21218737, 20797704, 20797704, 20797704, 20797704, 20797704, 20798584, 20661696, 20661696, 20677672, 20677672, 20677672, 20677672, 20677672, 20677672, 20677672, 20677672, 20677672, 20677672, 20677672, 20677672, 20677672, 20677672, 20677672, 20677672, 20677672, 20677672, 20640872, 20640872, 20640872, 20640872, 20594198, 20594198, 20567123, 20567123, 20567123, 20662756, 20662756, 20662756, 20598866, 20598866, 20598866, 20598866, 20598866, 20598866, 20598866, 20598866, 20598866, 20598866, 20598866, 20598866, 20598866, 20598866, 20598866, 20598866, 20598866, 20598866, 20598866, 20598866, 20598866, 20598866, 21093565, 21093565, 21093565, 21093565, 21093565, 21093565, 21093565, 21093565, 21093565, 21093565, 21093565, 21093565, 21093565, 21093565, 21093565, 21093565, 21093565, 21093565, 21093565, 21050098, 21050098, 21050098, 21050098, 21050098, 21050098, 21050098, 21050098, 21050098, 21050098, 21050098, 21050098, 21050098, 21050098, 21050098, 21050098, 21050098, 21050098, 21050098, 21050098, 21050098, 21050098, 21050098, 21050098, 21050098, 21074978, 21074978, 21074978, 21074978, 21074978, 21074978, 21074978, 21074978, 21074978, 21074978, 21074978, 21074978, 21074978, 21074978, 21074978, 21074978, 21074978, 21074978, 21074978, 21074978, 21074978, 21074978, 21074978, 21074978, 21074978, 21074978, 21074978, 21074978, 21142502, 21146822, 21146822, 21146822, 21146822, 21146822, 21146822, 21146822, 21146822, 21120095, 21120095, 21120095, 21120095, 21120095, 21120095, 21120095, 21120095, 21120095, 21120095, 21120095, 21120095, 21120095, 21120095, 21120095, 21037076, 21037076, 21037076, 21037076, 21037076, 21037076, 21037076, 21037076, 21037076, 21037076, 21037076, 21037076, 21037076, 21037076, 21037076, 21037076, 21037076, 21037076, 21037076, 21037076, 21037076, 21037076, 21037076, 21037076, 21037076, 21037076, 21037076, 21037076, 21037076, 21037076, 21037076, 21037076, 21037076, 21037076, 21037076, 21037076, 21037076, 21037076, 21037076, 21037076, 21037076, 21037076, 21037076, 21037076, 21037076, 21037076, 21037076, 21037076, 21037076, 21037076, 21037076, 21037076, 21037076, 21130916, 21130916, 21130916, 21130916, 21130916, 21130916, 21130916, 21130916, 21130916, 21130916, 21130916, 21130916, 21130916, 21130916, 21130916, 21130916, 21130916, 21130916, 21130916, 21130916, 21130916, 21130916, 21130916, 21130916, 21130916, 21130916, 21130916, 21130916, 21130916, 21130916, 21130916, 21130916, 21130916, 21130916, 21130916, 21130916, 21130916, 21130916, 21130916, 21130916, 21130916, 21130916, 21130916, 21130916, 21130916, 21130916, 21130916, 21130916, 21130916, 21130916, 21130916, 21130916, 21130916, 21130916, 21130916, 21130916, 21130916, 21130916, 21130916, 21130916, 21130916, 21130916, 21130916, 21130916, 21156356, 21156356, 21156356, 21156356, 21156356, 21156356, 21156356, 21156356, 21156356, 21234483, 21234483, 21234483, 21234483, 21234483, 21234483, 21234483, 21234483, 21234483, 21234483, 21234483, 21234483, 21234483, 21234483, 21234483, 21234483, 21234483, 21234483, 21234483, 21234483, 21234483, 21234483, 21234483, 21234483, 21234483, 21234483, 21234483, 21505266, 21505266]",0,0,0
0,292,meta-llama/Llama-3.1-70B,473,1234,104470965472,120966619147,16495653675,11521060,58677233,21627600,"[31854245, 22354364, 22354364, 69384349, 22410202, 22410202, 22410202, 22410202, 22410202, 27920498, 22424241, 70185804, 22432796, 22432796, 22432796, 22432796, 22432796, 22432796, 22432796, 22417121, 22417121, 22424241, 22424241, 22424241, 22424241, 22424241, 22424241, 22407802, 22407802, 22407802, 22410202, 22410202, 22410202, 22410202, 22410202, 22410202, 22410202, 22410202, 22410202, 22410202, 22410202, 22410202, 22410202, 22410202, 22410202, 22332210, 22332210, 22332210, 22332210, 22332210, 22332210, 22290157, 22349964, 22354364, 22354364, 22354364, 22354364, 22354364, 22354364, 22354364, 22354364, 22141120, 22141120, 22141120, 22141120, 22141120, 22141120, 22141120, 22141120, 22141120, 22141120, 22141120, 22141120, 22141120, 22141120, 22141120, 22141120, 22141120, 22141120, 22141120, 22141120, 22141120, 22141120, 22141120, 22141120, 22141120, 22141120, 22141120, 22141120, 22141120, 22141120, 22141120, 22141120, 22141120, 22141120, 22141120, 22141120, 22141120, 22098037, 22098037, 22098037, 22098037, 22098037, 22098037, 22098037, 22098037, 22098037, 22098037, 22098037, 21835794, 21835794, 21835794, 21835794, 21835794, 21835794, 21835794, 21798132, 21798132, 21798132, 21798132, 21798132, 21798132, 21798132, 21798132, 21798132, 21798132, 21798132, 21767075, 21689317, 21689317, 21689317, 21689317, 21702346, 21702346, 21702346, 21702346, 21702346, 21702346, 21702346, 21702346, 21702346, 21702346, 21702346, 21702346, 21702346, 21702346, 21635660, 21635660, 21635660, 21635660, 21635660, 21635660, 21589182, 21589182, 21589182, 21589182, 21574970, 21574970, 21534285, 21534285, 21529586, 21529586, 21529586, 21529586, 21450719, 21450719, 21450719, 21450719, 21450719, 21450719, 21452079, 21452079, 21452079, 21452079, 21452079, 21452079, 21452079, 21452079, 21440997, 21440997, 21440997, 21404208, 21404208, 21404208, 21404208, 21404208, 21404208, 21408048, 21408048, 21408048, 21408048, 21408048, 21408048, 21408048, 21408048, 21408048, 21408048, 21408048, 21408048, 21408048, 21408048, 21408048, 21408048, 21408048, 21408048, 21408048, 21408048, 21408048, 21408048, 21408048, 21408048, 21408048, 21408048, 21408048, 21360841, 21360841, 21306046, 21308766, 21308766, 21308766, 21308766, 21308766, 21308766, 21308766, 21308766, 21308766, 21218737, 21218737, 21218737, 21218737, 21218737, 21218737, 21218737, 20797704, 20797704, 20797704, 20797704, 20797704, 20798584, 20661696, 20661696, 20677672, 20677672, 20677672, 20677672, 20677672, 20677672, 20677672, 20677672, 20677672, 20677672, 20677672, 20677672, 20677672, 20677672, 20677672, 20677672, 20677672, 20677672, 20640872, 20640872, 20640872, 20640872, 20594198, 20594198, 20567123, 20567123, 20567123, 20662756, 20662756, 20662756, 20598866, 20598866, 20598866, 20598866, 20598866, 20598866, 20598866, 20598866, 20598866, 20598866, 20598866, 20598866, 20598866, 20598866, 20598866, 20598866, 20598866, 20598866, 20598866, 20598866, 20598866, 20598866, 21093565, 21093565, 21093565, 21093565, 21093565, 21093565, 21093565, 21093565, 21093565, 21093565, 21093565, 21093565, 21093565, 21093565, 21093565, 21093565, 21093565, 21093565, 21093565, 21050098, 21050098, 21050098, 21050098, 21050098, 21050098, 21050098, 21050098, 21050098, 21050098, 21050098, 21050098, 21050098, 21050098, 21050098, 21050098, 21050098, 21050098, 21050098, 21050098, 21050098, 21050098, 21050098, 21050098, 21050098, 21074978, 21074978, 21074978, 21074978, 21074978, 21074978, 21074978, 21074978, 21074978, 21074978, 21074978, 21074978, 21074978, 21074978, 21074978, 21074978, 21074978, 21074978, 21074978, 21074978, 21074978, 21074978, 21074978, 21074978, 21074978, 21074978, 21074978, 21074978, 21142502, 21146822, 21146822, 21146822, 21146822, 21146822, 21146822, 21146822, 21146822, 21120095, 21120095, 21120095, 21120095, 21120095, 21120095, 21120095, 21120095, 21120095, 21120095, 21120095, 21120095, 21120095, 21120095, 21120095, 21037076, 21037076, 21037076, 21037076, 21037076, 21037076, 21037076, 21037076, 21037076, 21037076, 21037076, 21037076, 21037076, 21037076, 21037076, 21037076, 21037076, 21037076, 21037076, 21037076, 21037076, 21037076, 21037076, 21037076, 21037076, 21037076, 21037076, 21037076, 21037076, 21037076, 21037076, 21037076, 21037076, 21037076, 21037076, 21037076, 21037076, 21037076, 21037076, 21037076, 21037076, 21037076, 21037076, 21037076, 21037076, 21037076, 21037076, 21037076, 21037076, 21037076, 21037076, 21037076, 21037076, 21130916, 21130916, 21130916, 21130916, 21130916, 21130916, 21130916, 21130916, 21130916, 21130916, 21130916, 21130916, 21130916, 21130916, 21130916, 21130916, 21130916, 21130916, 21130916, 21130916, 21130916, 21130916, 21130916, 21130916, 21130916, 21130916, 21130916, 21130916, 21130916, 21130916, 21130916, 21130916, 21130916, 21130916, 21130916, 21130916, 21130916, 21130916, 21130916, 21130916, 21130916, 21130916, 21130916, 21130916, 21130916, 21130916, 21130916, 21130916, 21130916, 21130916, 21130916, 21130916, 21130916, 21130916, 21130916, 21130916, 21130916, 21130916, 21130916, 21130916, 21130916, 21130916, 21130916, 21130916, 21156356, 21156356, 21156356, 21156356, 21156356, 21156356, 21156356, 21156356, 21156356, 21234483, 21234483, 21234483, 21234483, 21234483, 21234483, 21234483, 21234483, 21234483, 21234483, 21234483, 21234483, 21234483, 21234483, 21234483, 21234483, 21234483, 21234483, 21234483, 21234483, 21234483, 21234483, 21234483, 21234483, 21234483, 21234483, 21234483, 21505266, 21505266, 21483639, 21483639, 21483639, 21483639, 21483639, 21483639, 21483639, 21577159, 21577159, 21577159, 21577159, 21577159, 21577159, 21577159, 21577159, 21577159, 21577159, 21577159, 21577159, 21577159, 21577159, 21577159, 21577159, 21577159, 21577159, 21577159, 21577159, 21577159, 21577159, 21577159, 21577159, 21577159, 21577159, 21577159, 21577159, 21577159, 21577159, 21577159, 21577159, 21577159, 21577159, 21577159, 21577159, 21577159, 21577159, 21577159, 21577159, 21577159, 21577159, 21577159, 21577159, 21577159, 21577159, 21577159, 21577159, 21577159, 21577159, 21577159, 21577159, 21577159, 21577159, 21577159, 21577159, 21577159, 21577159, 21577159, 21577159, 21577159, 21577159, 21577159, 21577159, 21713559, 21713559, 21713559, 21713559, 21713559, 21713559, 21713559, 21713559, 21713559, 21713559, 21713559, 21713559, 21713559, 21713559, 21713559, 21713559, 21713559, 21713559, 21713559, 21713559, 21713559, 21713559, 21713559, 21713559, 21713559, 21713559, 21713559, 21713559, 21713559, 21713559, 21713559, 21713559, 21713559, 21713559, 21713559, 21713559, 21713559, 21713559, 21713559, 21713559, 21713559, 21713559, 21713559, 21713559, 21713559, 21713559, 21713559, 21713559, 21713559, 21713559, 21713559, 21713559, 21713559, 21713559, 21713559, 21713559, 21713559, 21713559, 21713559, 21713559, 21713559, 21713559, 21713559, 21713559, 21842919, 21842919, 21842919, 21842919, 21842919, 21842919, 21842919, 21842919, 21842919, 21842919, 21842919, 21842919, 21842919, 21842919, 21842919, 21842919, 21842919, 21842919, 21842919, 21842919, 21842919, 21842919, 21842919, 21842919, 21842919, 21842919, 21842919, 21842919, 21842919, 21842919, 21842919, 21842919, 21842919, 21842919, 21842919, 21842919, 21842919, 21842919, 21842919, 21842919, 21842919, 21842919, 21842919, 21842919, 21842919, 21842919, 21842919, 21842919, 21842919, 21842919, 21842919, 21842919, 21842919, 21842919, 21842919, 21842919, 21842919, 21842919, 21842919, 21842919, 21842919, 21842919, 21842919, 21842919, 21986519, 21986519, 21986519, 21986519, 21986519, 21986519, 21986519, 21986519, 21986519, 21986519, 21986519, 21986519, 21986519, 21986519, 21986519, 21986519, 21986519]",0,0,0
