sim_time_ns,instance_id,policy,event_type,reason,npu_used_bytes,npu_kv_bytes,kv_capacity_bytes,cpu_used_bytes,cxl_used_bytes,reserve_bytes,forecast_bytes,pressure,kv_pressure,trigger,target,active_decode_requests,resident_decode_requests,request_id,request_input_tokens,request_generated_tokens,raw_bytes,stored_bytes,storage_tier,score,utility,selected_requests,deferred_requests
31410462871,0,oracle_reserve_lru,trigger,forecast_above_trigger,30962884608,14902362112,15552584286,0,0,656408576,31619293184,1.0001956910481042,1.000397773250171,1.0,0.98,320,320,-1,0,0,0,0,,0.0,0.0,320,0
31410462871,0,oracle_reserve_lru,spill,proactive_target_headroom,30878998528,14818476032,15552584286,83886080,0,656408576,31535407104,0.997542168868887,0.9950040664258002,1.0,0.98,320,319,2,638,510,83886080,83886080,CPU,31410462871.0,0.0,0,0
31410462871,0,oracle_reserve_lru,spill,proactive_target_headroom,30795112448,14734589952,15552584286,167772160,0,656408576,31451521024,0.9948886466896697,0.9896103596014294,1.0,0.98,320,318,3,634,506,83886080,83886080,CPU,31410462871.0,0.0,0,0
31410462871,0,oracle_reserve_lru,spill,proactive_target_headroom,30711226368,14650703872,15552584286,251658240,0,656408576,31367634944,0.9922351245104525,0.9842166527770586,1.0,0.98,320,317,4,633,505,83886080,83886080,CPU,31410462871.0,0.0,0,0
31410462871,0,oracle_reserve_lru,spill,proactive_target_headroom,30627340288,14566817792,15552584286,335544320,0,656408576,31283748864,0.9895816023312353,0.9788229459526878,1.0,0.98,320,316,5,633,505,83886080,83886080,CPU,31410462871.0,0.0,0,0
32007777488,0,oracle_reserve_lru,trigger,forecast_above_trigger,30996439040,14935916544,15552584286,335544320,0,662700032,31659139072,1.0014561140832323,1.002959783991747,1.0,0.98,324,320,-1,0,0,0,0,,0.0,0.0,324,0
32007777488,0,oracle_reserve_lru,spill,proactive_target_headroom,30912552960,14852030464,15552584286,419430400,0,662700032,31575252992,0.9988025919040152,0.9975660771673763,1.0,0.98,324,319,7,636,508,83886080,83886080,CPU,32007777488.0,0.0,0,0
32007777488,0,oracle_reserve_lru,spill,proactive_target_headroom,30828666880,14768144384,15552584286,503316480,0,662700032,31491366912,0.9961490697247979,0.9921723703430055,1.0,0.98,324,318,8,634,506,83886080,83886080,CPU,32007777488.0,0.0,0,0
32007777488,0,oracle_reserve_lru,spill,proactive_target_headroom,30744780800,14684258304,15552584286,587202560,0,662700032,31407480832,0.9934955475455807,0.9867786635186347,1.0,0.98,324,317,9,631,503,83886080,83886080,CPU,32007777488.0,0.0,0,0
32007777488,0,oracle_reserve_lru,spill,proactive_target_headroom,30660894720,14600372224,15552584286,671088640,0,662700032,31323594752,0.9908420253663635,0.981384956694264,1.0,0.98,324,316,10,631,503,83886080,83886080,CPU,32007777488.0,0.0,0,0
32007777488,0,oracle_reserve_lru,spill,proactive_target_headroom,30579105792,14518583296,15552584286,752877568,0,660602880,31239708672,0.9881885031871462,0.9759912498698932,1.0,0.98,324,315,11,622,494,81788928,81788928,CPU,32007777488.0,0.0,0,0
32731426230,0,oracle_reserve_lru,trigger,forecast_above_trigger,30973370368,14912847872,15552584286,752877568,0,683671552,31657041920,1.001389776028752,1.0028249413211379,1.0,0.98,335,326,-1,0,0,0,0,,0.0,0.0,335,0
32731426230,0,oracle_reserve_lru,spill,proactive_target_headroom,30891581440,14831058944,15552584286,834666496,0,681574400,31573155840,0.9987362538495347,0.9974312344967671,1.0,0.98,335,325,12,620,492,81788928,81788928,CPU,32731426230.0,0.0,0,0
32731426230,0,oracle_reserve_lru,spill,proactive_target_headroom,30809792512,14749270016,15552584286,916455424,0,679477248,31489269760,0.9960827316703175,0.9920375276723963,1.0,0.98,335,324,13,619,491,81788928,81788928,CPU,32731426230.0,0.0,0,0
32731426230,0,oracle_reserve_lru,spill,proactive_target_headroom,30728003584,14667481088,15552584286,998244352,0,677380096,31405383680,0.9934292094911003,0.9866438208480255,1.0,0.98,335,323,14,618,490,81788928,81788928,CPU,32731426230.0,0.0,0,0
32731426230,0,oracle_reserve_lru,spill,proactive_target_headroom,30646214656,14585692160,15552584286,1080033280,0,675282944,31321497600,0.990775687311883,0.9812501140236547,1.0,0.98,335,322,15,618,490,81788928,81788928,CPU,32731426230.0,0.0,0,0
32731426230,0,oracle_reserve_lru,spill,proactive_target_headroom,30564425728,14503903232,15552584286,1161822208,0,673185792,31237611520,0.9881221651326658,0.9758564071992839,1.0,0.98,335,321,16,618,490,81788928,81788928,CPU,32731426230.0,0.0,0,0
33823342940,0,oracle_reserve_lru,trigger,forecast_above_trigger,31019507712,14958985216,15552584286,1161822208,0,700448768,31719956480,1.0033799176631648,1.0068702214394158,1.0,0.98,348,334,-1,0,0,0,0,,0.0,0.0,348,0
33823342940,0,oracle_reserve_lru,spill,proactive_target_headroom,30937718784,14877196288,15552584286,1243611136,0,698351616,31636070400,1.0007263954839476,1.001476514615045,1.0,0.98,348,333,17,619,491,81788928,81788928,CPU,33823342940.0,0.0,0,0
33823342940,0,oracle_reserve_lru,spill,proactive_target_headroom,30855929856,14795407360,15552584286,1325400064,0,696254464,31552184320,0.9980728733047304,0.9960828077906744,1.0,0.98,348,332,18,618,490,81788928,81788928,CPU,33823342940.0,0.0,0,0
33823342940,0,oracle_reserve_lru,spill,proactive_target_headroom,30774140928,14713618432,15552584286,1407188992,0,694157312,31468298240,0.9954193511255132,0.9906891009663036,1.0,0.98,348,331,19,618,490,81788928,81788928,CPU,33823342940.0,0.0,0,0
33823342940,0,oracle_reserve_lru,spill,proactive_target_headroom,30692352000,14631829504,15552584286,1488977920,0,692060160,31384412160,0.992765828946296,0.9852953941419328,1.0,0.98,348,330,20,617,489,81788928,81788928,CPU,33823342940.0,0.0,0,0
33823342940,0,oracle_reserve_lru,spill,proactive_target_headroom,30610563072,14550040576,15552584286,1570766848,0,689963008,31300526080,0.9901123067670787,0.979901687317562,1.0,0.98,348,329,21,617,489,81788928,81788928,CPU,33823342940.0,0.0,0,0
34434374214,0,oracle_reserve_lru,trigger,forecast_above_trigger,30952398848,14891876352,15552584286,1570766848,0,710934528,31663333376,1.0015887901921932,1.0032294693329655,1.0,0.98,358,339,-1,0,0,0,0,,0.0,0.0,358,0
34434374214,0,oracle_reserve_lru,spill,proactive_target_headroom,30870609920,14810087424,15552584286,1652555776,0,708837376,31579447296,0.998935268012976,0.9978357625085948,1.0,0.98,358,338,22,621,493,81788928,81788928,CPU,34434374214.0,0.0,0,0
34434374214,0,oracle_reserve_lru,spill,proactive_target_headroom,30788820992,14728298496,15552584286,1734344704,0,706740224,31495561216,0.9962817458337588,0.9924420556842241,1.0,0.98,358,337,23,621,493,81788928,81788928,CPU,34434374214.0,0.0,0,0
34434374214,0,oracle_reserve_lru,spill,proactive_target_headroom,30707032064,14646509568,15552584286,1816133632,0,704643072,31411675136,0.9936282236545415,0.9870483488598533,1.0,0.98,358,336,24,619,491,81788928,81788928,CPU,34434374214.0,0.0,0,0
34434374214,0,oracle_reserve_lru,spill,proactive_target_headroom,30625243136,14564720640,15552584286,1897922560,0,702545920,31327789056,0.9909747014753243,0.9816546420354825,1.0,0.98,358,335,25,614,486,81788928,81788928,CPU,34434374214.0,0.0,0,0
34434374214,0,oracle_reserve_lru,spill,proactive_target_headroom,30543454208,14482931712,15552584286,1979711488,0,700448768,31243902976,0.9883211792961071,0.9762609352111117,1.0,0.98,358,334,26,613,485,81788928,81788928,CPU,34434374214.0,0.0,0,0
35232233612,0,oracle_reserve_lru,trigger,forecast_above_trigger,30931427328,14870904832,15552584286,1979711488,0,710934528,31642361856,1.000925409647389,1.001881042626873,1.0,0.98,363,339,-1,0,0,0,0,,0.0,0.0,363,0
35232233612,0,oracle_reserve_lru,spill,proactive_target_headroom,30849638400,14789115904,15552584286,2061500416,0,708837376,31558475776,0.9982718874681717,0.9964873358025021,1.0,0.98,363,338,27,619,491,81788928,81788928,CPU,35232233612.0,0.0,0,0
35232233612,0,oracle_reserve_lru,spill,proactive_target_headroom,30767849472,14707326976,15552584286,2143289344,0,706740224,31474589696,0.9956183652889544,0.9910936289781314,1.0,0.98,363,337,28,615,487,81788928,81788928,CPU,35232233612.0,0.0,0,0
35232233612,0,oracle_reserve_lru,spill,proactive_target_headroom,30686060544,14625538048,15552584286,2225078272,0,704643072,31390703616,0.9929648431097372,0.9856999221537606,1.0,0.98,363,336,29,615,487,81788928,81788928,CPU,35232233612.0,0.0,0,0
35232233612,0,oracle_reserve_lru,spill,proactive_target_headroom,30604271616,14543749120,15552584286,2306867200,0,702545920,31306817536,0.99031132093052,0.9803062153293898,1.0,0.98,363,335,30,612,484,81788928,81788928,CPU,35232233612.0,0.0,0,0
35232233612,0,oracle_reserve_lru,spill,proactive_target_headroom,30522482688,14461960192,15552584286,2388656128,0,700448768,31222931456,0.9876577987513028,0.974912508505019,1.0,0.98,363,334,31,612,484,81788928,81788928,CPU,35232233612.0,0.0,0,0
35592041987,0,oracle_reserve_lru,trigger,forecast_above_trigger,30937718784,14877196288,15552584286,2388656128,0,715128832,31652847616,1.0012570999197912,1.0025552559799193,1.0,0.98,370,341,-1,0,0,0,0,,0.0,0.0,370,0
35592041987,0,oracle_reserve_lru,spill,proactive_target_headroom,30855929856,14795407360,15552584286,2470445056,0,713031680,31568961536,0.9986035777405738,0.9971615491555484,1.0,0.98,370,340,32,616,488,81788928,81788928,CPU,35592041987.0,0.0,0,0
35592041987,0,oracle_reserve_lru,spill,proactive_target_headroom,30776238080,14715715584,15552584286,2550136832,0,710934528,31487172608,0.996016393615837,0.991902685001787,1.0,0.98,370,339,33,607,479,79691776,79691776,CPU,35592041987.0,0.0,0,0
35592041987,0,oracle_reserve_lru,spill,proactive_target_headroom,30696546304,14636023808,15552584286,2629828608,0,708837376,31405383680,0.9934292094911003,0.9866438208480255,1.0,0.98,370,338,34,599,471,79691776,79691776,CPU,35592041987.0,0.0,0,0
35592041987,0,oracle_reserve_lru,spill,proactive_target_headroom,30616854528,14556332032,15552584286,2709520384,0,706740224,31323594752,0.9908420253663635,0.981384956694264,1.0,0.98,370,337,35,594,466,79691776,79691776,CPU,35592041987.0,0.0,0,0
35592041987,0,oracle_reserve_lru,spill,proactive_target_headroom,30537162752,14476640256,15552584286,2789212160,0,704643072,31241805824,0.9882548412416267,0.9761260925405024,1.0,0.98,370,336,36,593,465,79691776,79691776,CPU,35592041987.0,0.0,0,0
36335184085,0,oracle_reserve_lru,trigger,forecast_above_trigger,30923038720,14862516224,15552584286,2789212160,0,723517440,31646556160,1.0010580857563498,1.0021507279680915,1.0,0.98,379,345,-1,0,0,0,0,,0.0,0.0,379,0
36335184085,0,oracle_reserve_lru,spill,proactive_target_headroom,30843346944,14782824448,15552584286,2868903936,0,721420288,31564767232,0.998470901631613,0.9968918638143299,1.0,0.98,379,344,37,599,471,79691776,79691776,CPU,36335184085.0,0.0,0,0
36335184085,0,oracle_reserve_lru,spill,proactive_target_headroom,30763655168,14703132672,15552584286,2948595712,0,719323136,31482978304,0.9958837175068762,0.9916329996605684,1.0,0.98,379,343,38,595,467,79691776,79691776,CPU,36335184085.0,0.0,0,0
36335184085,0,oracle_reserve_lru,spill,proactive_target_headroom,30683963392,14623440896,15552584286,3028287488,0,717225984,31401189376,0.9932965333821394,0.986374135506807,1.0,0.98,379,342,39,593,465,79691776,79691776,CPU,36335184085.0,0.0,0,0
36335184085,0,oracle_reserve_lru,spill,proactive_target_headroom,30606368768,14545846272,15552584286,3105882112,0,715128832,31321497600,0.990775687311883,0.9812501140236547,1.0,0.98,379,341,40,592,464,77594624,77594624,CPU,36335184085.0,0.0,0,0
36335184085,0,oracle_reserve_lru,spill,proactive_target_headroom,30528774144,14468251648,15552584286,3183476736,0,713031680,31241805824,0.9882548412416267,0.9761260925405024,1.0,0.98,379,340,41,590,462,77594624,77594624,CPU,36335184085.0,0.0,0,0
36902480933,0,oracle_reserve_lru,trigger,forecast_above_trigger,30918844416,14858321920,15552584286,3183476736,0,721420288,31640264704,1.0008590715929084,1.0017461999562636,1.0,0.98,383,344,-1,0,0,0,0,,0.0,0.0,383,0
36902480933,0,oracle_reserve_lru,spill,proactive_target_headroom,30839152640,14778630144,15552584286,3263168512,0,719323136,31558475776,0.9982718874681717,0.9964873358025021,1.0,0.98,383,343,42,597,469,79691776,79691776,CPU,36902480933.0,0.0,0,0
36902480933,0,oracle_reserve_lru,spill,proactive_target_headroom,30761558016,14701035520,15552584286,3340763136,0,717225984,31478784000,0.9957510413979154,0.9913633143193499,1.0,0.98,383,342,43,589,461,77594624,77594624,CPU,36902480933.0,0.0,0,0
36902480933,0,oracle_reserve_lru,spill,proactive_target_headroom,30683963392,14623440896,15552584286,3418357760,0,715128832,31399092224,0.993230195327659,0.9862392928361976,1.0,0.98,383,341,44,588,460,77594624,77594624,CPU,36902480933.0,0.0,0,0
36902480933,0,oracle_reserve_lru,spill,proactive_target_headroom,30606368768,14545846272,15552584286,3495952384,0,713031680,31319400448,0.9907093492574026,0.9811152713530454,1.0,0.98,383,340,45,587,459,77594624,77594624,CPU,36902480933.0,0.0,0,0
36902480933,0,oracle_reserve_lru,spill,proactive_target_headroom,30528774144,14468251648,15552584286,3573547008,0,710934528,31239708672,0.9881885031871462,0.9759912498698932,1.0,0.98,383,339,46,587,459,77594624,77594624,CPU,36902480933.0,0.0,0,0
37423070059,0,oracle_reserve_lru,trigger,forecast_above_trigger,30916747264,14856224768,15552584286,3573547008,0,719323136,31636070400,1.0007263954839476,1.001476514615045,1.0,0.98,387,343,-1,0,0,0,0,,0.0,0.0,387,0
37423070059,0,oracle_reserve_lru,spill,proactive_target_headroom,30837055488,14776532992,15552584286,3653238784,0,717225984,31554281472,0.9981392113592108,0.9962176504612836,1.0,0.98,387,342,47,594,466,79691776,79691776,CPU,37423070059.0,0.0,0,0
37423070059,0,oracle_reserve_lru,spill,proactive_target_headroom,30757363712,14696841216,15552584286,3732930560,0,715128832,31472492544,0.995552027234474,0.9909587863075221,1.0,0.98,387,341,48,593,465,79691776,79691776,CPU,37423070059.0,0.0,0,0
37423070059,0,oracle_reserve_lru,spill,proactive_target_headroom,30677671936,14617149440,15552584286,3812622336,0,713031680,31390703616,0.9929648431097372,0.9856999221537606,1.0,0.98,387,340,49,593,465,79691776,79691776,CPU,37423070059.0,0.0,0,0
37423070059,0,oracle_reserve_lru,spill,proactive_target_headroom,30600077312,14539554816,15552584286,3890216960,0,710934528,31311011840,0.9904439970394808,0.9805759006706083,1.0,0.98,387,339,50,587,459,77594624,77594624,CPU,37423070059.0,0.0,0,0
37423070059,0,oracle_reserve_lru,spill,proactive_target_headroom,30522482688,14461960192,15552584286,3967811584,0,708837376,31231320064,0.9879231509692245,0.9754518791874561,1.0,0.98,387,338,51,582,454,77594624,77594624,CPU,37423070059.0,0.0,0,0
38198768015,0,oracle_reserve_lru,trigger,forecast_above_trigger,30946107392,14885584896,15552584286,3967811584,0,719323136,31665430528,1.0016551282466737,1.003364312003575,1.0,0.98,392,343,-1,0,0,0,0,,0.0,0.0,392,0
38198768015,0,oracle_reserve_lru,spill,proactive_target_headroom,30868512768,14807990272,15552584286,4045406208,0,717225984,31585738752,0.9991342821764173,0.9982402905204226,1.0,0.98,392,342,52,581,453,77594624,77594624,CPU,38198768015.0,0.0,0,0
38198768015,0,oracle_reserve_lru,spill,proactive_target_headroom,30793015296,14732492800,15552584286,4120903680,0,715128832,31508144128,0.9966797741606414,0.9932511117078797,1.0,0.98,392,341,53,573,445,75497472,75497472,CPU,38198768015.0,0.0,0,0
38198768015,0,oracle_reserve_lru,spill,proactive_target_headroom,30717517824,14656995328,15552584286,4196401152,0,713031680,31430549504,0.9942252661448654,0.9882619328953367,1.0,0.98,392,340,54,570,442,75497472,75497472,CPU,38198768015.0,0.0,0,0
38198768015,0,oracle_reserve_lru,spill,proactive_target_headroom,30642020352,14581497856,15552584286,4271898624,0,710934528,31352954880,0.9917707581290894,0.9832727540827937,1.0,0.98,392,339,55,567,439,75497472,75497472,CPU,38198768015.0,0.0,0,0
38198768015,0,oracle_reserve_lru,spill,proactive_target_headroom,30566522880,14506000384,15552584286,4347396096,0,708837376,31275360256,0.9893162501133135,0.9782835752702508,1.0,0.98,392,338,56,567,439,75497472,75497472,CPU,38198768015.0,0.0,0,0
38847323872,0,oracle_reserve_lru,trigger,forecast_above_trigger,30946107392,14885584896,15552584286,4347396096,0,717225984,31663333376,1.0015887901921932,1.0032294693329655,1.0,0.98,396,342,-1,0,0,0,0,,0.0,0.0,396,0
38847323872,0,oracle_reserve_lru,spill,proactive_target_headroom,30870609920,14810087424,15552584286,4422893568,0,715128832,31585738752,0.9991342821764173,0.9982402905204226,1.0,0.98,396,341,57,572,444,75497472,75497472,CPU,38847323872.0,0.0,0,0
38847323872,0,oracle_reserve_lru,spill,proactive_target_headroom,30795112448,14734589952,15552584286,4498391040,0,713031680,31508144128,0.9966797741606414,0.9932511117078797,1.0,0.98,396,340,58,572,444,75497472,75497472,CPU,38847323872.0,0.0,0,0
38847323872,0,oracle_reserve_lru,spill,proactive_target_headroom,30719614976,14659092480,15552584286,4573888512,0,710934528,31430549504,0.9942252661448654,0.9882619328953367,1.0,0.98,396,339,59,572,444,75497472,75497472,CPU,38847323872.0,0.0,0,0
38847323872,0,oracle_reserve_lru,spill,proactive_target_headroom,30644117504,14583595008,15552584286,4649385984,0,708837376,31352954880,0.9917707581290894,0.9832727540827937,1.0,0.98,396,338,60,572,444,75497472,75497472,CPU,38847323872.0,0.0,0,0
38847323872,0,oracle_reserve_lru,spill,proactive_target_headroom,30568620032,14508097536,15552584286,4724883456,0,706740224,31275360256,0.9893162501133135,0.9782835752702508,1.0,0.98,396,337,61,572,444,75497472,75497472,CPU,38847323872.0,0.0,0,0
39451803822,0,oracle_reserve_lru,trigger,forecast_above_trigger,30918844416,14858321920,15552584286,4724883456,0,719323136,31638167552,1.0007927335384281,1.0016113572856544,1.0,0.98,402,343,-1,0,0,0,0,,0.0,0.0,402,0
39451803822,0,oracle_reserve_lru,spill,proactive_target_headroom,30843346944,14782824448,15552584286,4800380928,0,717225984,31560572928,0.9983382255226522,0.9966221784731114,1.0,0.98,402,342,62,575,447,75497472,75497472,CPU,39451803822.0,0.0,0,0
39451803822,0,oracle_reserve_lru,spill,proactive_target_headroom,30767849472,14707326976,15552584286,4875878400,0,715128832,31482978304,0.9958837175068762,0.9916329996605684,1.0,0.98,402,341,63,574,446,75497472,75497472,CPU,39451803822.0,0.0,0,0
39451803822,0,oracle_reserve_lru,spill,proactive_target_headroom,30692352000,14631829504,15552584286,4951375872,0,713031680,31405383680,0.9934292094911003,0.9866438208480255,1.0,0.98,402,340,64,573,445,75497472,75497472,CPU,39451803822.0,0.0,0,0
39451803822,0,oracle_reserve_lru,spill,proactive_target_headroom,30616854528,14556332032,15552584286,5026873344,0,710934528,31327789056,0.9909747014753243,0.9816546420354825,1.0,0.98,402,339,65,571,443,75497472,75497472,CPU,39451803822.0,0.0,0,0
39451803822,0,oracle_reserve_lru,spill,proactive_target_headroom,30541357056,14480834560,15552584286,5102370816,0,708837376,31250194432,0.9885201934595483,0.9766654632229396,1.0,0.98,402,338,66,571,443,75497472,75497472,CPU,39451803822.0,0.0,0,0
40215887018,0,oracle_reserve_lru,trigger,forecast_above_trigger,30944010240,14883487744,15552584286,5102370816,0,723517440,31667527680,1.0017214663011542,1.0034991546741843,1.0,0.98,409,345,-1,0,0,0,0,,0.0,0.0,409,0
40215887018,0,oracle_reserve_lru,spill,proactive_target_headroom,30868512768,14807990272,15552584286,5177868288,0,721420288,31589933056,0.9992669582853781,0.9985099758616411,1.0,0.98,409,344,67,575,447,75497472,75497472,CPU,40215887018.0,0.0,0,0
40215887018,0,oracle_reserve_lru,spill,proactive_target_headroom,30793015296,14732492800,15552584286,5253365760,0,719323136,31512338432,0.9968124502696022,0.9935207970490982,1.0,0.98,409,343,68,575,447,75497472,75497472,CPU,40215887018.0,0.0,0,0
40215887018,0,oracle_reserve_lru,spill,proactive_target_headroom,30717517824,14656995328,15552584286,5328863232,0,717225984,31434743808,0.9943579422538262,0.9885316182365552,1.0,0.98,409,342,69,563,435,75497472,75497472,CPU,40215887018.0,0.0,0,0
40215887018,0,oracle_reserve_lru,spill,proactive_target_headroom,30642020352,14581497856,15552584286,5404360704,0,715128832,31357149184,0.9919034342380504,0.9835424394240123,1.0,0.98,409,341,70,562,434,75497472,75497472,CPU,40215887018.0,0.0,0,0
40215887018,0,oracle_reserve_lru,spill,proactive_target_headroom,30566522880,14506000384,15552584286,5479858176,0,713031680,31279554560,0.9894489262222744,0.9785532606114693,1.0,0.98,409,340,71,562,434,75497472,75497472,CPU,40215887018.0,0.0,0,0
40861565053,0,oracle_reserve_lru,trigger,forecast_above_trigger,30941913088,14881390592,15552584286,5479858176,0,721420288,31663333376,1.0015887901921932,1.0032294693329655,1.0,0.98,413,344,-1,0,0,0,0,,0.0,0.0,413,0
40861565053,0,oracle_reserve_lru,spill,proactive_target_headroom,30866415616,14805893120,15552584286,5555355648,0,719323136,31585738752,0.9991342821764173,0.9982402905204226,1.0,0.98,413,343,72,569,441,75497472,75497472,CPU,40861565053.0,0.0,0,0
40861565053,0,oracle_reserve_lru,spill,proactive_target_headroom,30790918144,14730395648,15552584286,5630853120,0,717225984,31508144128,0.9966797741606414,0.9932511117078797,1.0,0.98,413,342,73,568,440,75497472,75497472,CPU,40861565053.0,0.0,0,0
40861565053,0,oracle_reserve_lru,spill,proactive_target_headroom,30715420672,14654898176,15552584286,5706350592,0,715128832,31430549504,0.9942252661448654,0.9882619328953367,1.0,0.98,413,341,74,568,440,75497472,75497472,CPU,40861565053.0,0.0,0,0
40861565053,0,oracle_reserve_lru,spill,proactive_target_headroom,30639923200,14579400704,15552584286,5781848064,0,713031680,31352954880,0.9917707581290894,0.9832727540827937,1.0,0.98,413,340,75,565,437,75497472,75497472,CPU,40861565053.0,0.0,0,0
40861565053,0,oracle_reserve_lru,spill,proactive_target_headroom,30566522880,14506000384,15552584286,5855248384,0,710934528,31277457408,0.989382588167794,0.97841841794086,1.0,0.98,413,339,76,560,432,73400320,73400320,CPU,40861565053.0,0.0,0,0
41388699895,0,oracle_reserve_lru,trigger,forecast_above_trigger,30994341888,14933819392,15552584286,5855248384,0,725614592,31719956480,1.0033799176631648,1.0068702214394158,1.0,0.98,420,346,-1,0,0,0,0,,0.0,0.0,420,0
41388699895,0,oracle_reserve_lru,spill,proactive_target_headroom,30918844416,14858321920,15552584286,5930745856,0,723517440,31642361856,1.000925409647389,1.001881042626873,1.0,0.98,420,345,77,567,439,75497472,75497472,CPU,41388699895.0,0.0,0,0
41388699895,0,oracle_reserve_lru,spill,proactive_target_headroom,30843346944,14782824448,15552584286,6006243328,0,721420288,31564767232,0.998470901631613,0.9968918638143299,1.0,0.98,420,344,78,566,438,75497472,75497472,CPU,41388699895.0,0.0,0,0
41388699895,0,oracle_reserve_lru,spill,proactive_target_headroom,30767849472,14707326976,15552584286,6081740800,0,719323136,31487172608,0.996016393615837,0.991902685001787,1.0,0.98,420,343,79,565,437,75497472,75497472,CPU,41388699895.0,0.0,0,0
41388699895,0,oracle_reserve_lru,spill,proactive_target_headroom,30692352000,14631829504,15552584286,6157238272,0,717225984,31409577984,0.9935618856000611,0.986913506189244,1.0,0.98,420,342,80,562,434,75497472,75497472,CPU,41388699895.0,0.0,0,0
41388699895,0,oracle_reserve_lru,spill,proactive_target_headroom,30618951680,14558429184,15552584286,6230638592,0,715128832,31334080512,0.9911737156387656,0.9820591700473102,1.0,0.98,420,341,81,559,431,73400320,73400320,CPU,41388699895.0,0.0,0,0
41388699895,0,oracle_reserve_lru,spill,proactive_target_headroom,30545551360,14485028864,15552584286,6304038912,0,713031680,31258583040,0.9887855456774701,0.9772048339053766,1.0,0.98,420,340,82,558,430,73400320,73400320,CPU,41388699895.0,0.0,0,0
41806935099,0,oracle_reserve_lru,trigger,forecast_above_trigger,30929330176,14868807680,15552584286,6304038912,0,723517440,31652847616,1.0012570999197912,1.0025552559799193,1.0,0.98,425,345,-1,0,0,0,0,,0.0,0.0,425,0
41806935099,0,oracle_reserve_lru,spill,proactive_target_headroom,30853832704,14793310208,15552584286,6379536384,0,721420288,31575252992,0.9988025919040152,0.9975660771673763,1.0,0.98,425,344,83,564,436,75497472,75497472,CPU,41806935099.0,0.0,0,0
41806935099,0,oracle_reserve_lru,spill,proactive_target_headroom,30778335232,14717812736,15552584286,6455033856,0,719323136,31497658368,0.9963480838882393,0.9925768983548333,1.0,0.98,425,343,84,563,435,75497472,75497472,CPU,41806935099.0,0.0,0,0
41806935099,0,oracle_reserve_lru,spill,proactive_target_headroom,30702837760,14642315264,15552584286,6530531328,0,717225984,31420063744,0.9938935758724633,0.9875877195422903,1.0,0.98,425,342,85,563,435,75497472,75497472,CPU,41806935099.0,0.0,0,0
41806935099,0,oracle_reserve_lru,spill,proactive_target_headroom,30629437440,14568914944,15552584286,6603931648,0,715128832,31344566272,0.9915054059111678,0.9827333834003567,1.0,0.98,425,341,86,560,432,73400320,73400320,CPU,41806935099.0,0.0,0,0
41806935099,0,oracle_reserve_lru,spill,proactive_target_headroom,30556037120,14495514624,15552584286,6677331968,0,713031680,31269068800,0.9891172359498722,0.9778790472584229,1.0,0.98,425,340,87,557,429,73400320,73400320,CPU,41806935099.0,0.0,0,0
42639625350,0,oracle_reserve_lru,trigger,forecast_above_trigger,30964981760,14904459264,15552584286,6677331968,0,734003200,31698984960,1.0027165371183606,1.0055217947333233,1.0,0.98,435,350,-1,0,0,0,0,,0.0,0.0,435,0
42639625350,0,oracle_reserve_lru,spill,proactive_target_headroom,30891581440,14831058944,15552584286,6750732288,0,731906048,31623487488,1.000328367157065,1.0006674585913895,1.0,0.98,435,349,88,557,429,73400320,73400320,CPU,42639625350.0,0.0,0,0
42639625350,0,oracle_reserve_lru,spill,proactive_target_headroom,30818181120,14757658624,15552584286,6824132608,0,729808896,31547990016,0.9979401971957695,0.9958131224494557,1.0,0.98,435,348,89,556,428,73400320,73400320,CPU,42639625350.0,0.0,0,0
42639625350,0,oracle_reserve_lru,spill,proactive_target_headroom,30744780800,14684258304,15552584286,6897532928,0,727711744,31472492544,0.995552027234474,0.9909587863075221,1.0,0.98,435,347,90,556,428,73400320,73400320,CPU,42639625350.0,0.0,0,0
42639625350,0,oracle_reserve_lru,spill,proactive_target_headroom,30671380480,14610857984,15552584286,6970933248,0,725614592,31396995072,0.9931638572731786,0.9861044501655883,1.0,0.98,435,346,91,552,424,73400320,73400320,CPU,42639625350.0,0.0,0,0
42639625350,0,oracle_reserve_lru,spill,proactive_target_headroom,30597980160,14537457664,15552584286,7044333568,0,723517440,31321497600,0.990775687311883,0.9812501140236547,1.0,0.98,435,345,92,548,420,73400320,73400320,CPU,42639625350.0,0.0,0,0
42639625350,0,oracle_reserve_lru,spill,proactive_target_headroom,30524579840,14464057344,15552584286,7117733888,0,721420288,31246000128,0.9883875173505875,0.9763957778817209,1.0,0.98,435,344,93,546,418,73400320,73400320,CPU,42639625350.0,0.0,0,0
43449613504,0,oracle_reserve_lru,trigger,forecast_above_trigger,30962884608,14902362112,15552584286,7117733888,0,736100352,31698984960,1.0027165371183606,1.0055217947333233,1.0,0.98,442,351,-1,0,0,0,0,,0.0,0.0,442,0
43449613504,0,oracle_reserve_lru,spill,proactive_target_headroom,30889484288,14828961792,15552584286,7191134208,0,734003200,31623487488,1.000328367157065,1.0006674585913895,1.0,0.98,442,350,94,548,420,73400320,73400320,CPU,43449613504.0,0.0,0,0
43449613504,0,oracle_reserve_lru,spill,proactive_target_headroom,30816083968,14755561472,15552584286,7264534528,0,731906048,31547990016,0.9979401971957695,0.9958131224494557,1.0,0.98,442,349,95,546,418,73400320,73400320,CPU,43449613504.0,0.0,0,0
43449613504,0,oracle_reserve_lru,spill,proactive_target_headroom,30744780800,14684258304,15552584286,7335837696,0,729808896,31474589696,0.9956183652889544,0.9910936289781314,1.0,0.98,442,348,96,544,416,71303168,71303168,CPU,43449613504.0,0.0,0,0
43449613504,0,oracle_reserve_lru,spill,proactive_target_headroom,30673477632,14612955136,15552584286,7407140864,0,727711744,31401189376,0.9932965333821394,0.986374135506807,1.0,0.98,442,347,97,543,415,71303168,71303168,CPU,43449613504.0,0.0,0,0
43449613504,0,oracle_reserve_lru,spill,proactive_target_headroom,30602174464,14541651968,15552584286,7478444032,0,725614592,31327789056,0.9909747014753243,0.9816546420354825,1.0,0.98,442,346,98,543,415,71303168,71303168,CPU,43449613504.0,0.0,0,0
43449613504,0,oracle_reserve_lru,spill,proactive_target_headroom,30530871296,14470348800,15552584286,7549747200,0,723517440,31254388736,0.9886528695685092,0.9769351485641581,1.0,0.98,442,345,99,543,415,71303168,71303168,CPU,43449613504.0,0.0,0,0
44438192678,0,oracle_reserve_lru,trigger,forecast_above_trigger,30918844416,14858321920,15552584286,7549747200,0,738197504,31657041920,1.001389776028752,1.0028249413211379,1.0,0.98,449,352,-1,0,0,0,0,,0.0,0.0,449,0
44438192678,0,oracle_reserve_lru,spill,proactive_target_headroom,30845444096,14784921600,15552584286,7623147520,0,736100352,31581544448,0.9990016060674565,0.9979706051792041,1.0,0.98,449,351,100,548,420,73400320,73400320,CPU,44438192678.0,0.0,0,0
44438192678,0,oracle_reserve_lru,spill,proactive_target_headroom,30772043776,14711521280,15552584286,7696547840,0,734003200,31506046976,0.9966134361061609,0.9931162690372703,1.0,0.98,449,350,101,548,420,73400320,73400320,CPU,44438192678.0,0.0,0,0
44438192678,0,oracle_reserve_lru,spill,proactive_target_headroom,30698643456,14638120960,15552584286,7769948160,0,731906048,31430549504,0.9942252661448654,0.9882619328953367,1.0,0.98,449,349,102,548,420,73400320,73400320,CPU,44438192678.0,0.0,0,0
44438192678,0,oracle_reserve_lru,spill,proactive_target_headroom,30625243136,14564720640,15552584286,7843348480,0,729808896,31355052032,0.9918370961835699,0.983407596753403,1.0,0.98,449,348,103,548,420,73400320,73400320,CPU,44438192678.0,0.0,0,0
44438192678,0,oracle_reserve_lru,spill,proactive_target_headroom,30551842816,14491320320,15552584286,7916748800,0,727711744,31279554560,0.9894489262222744,0.9785532606114693,1.0,0.98,449,347,104,547,419,73400320,73400320,CPU,44438192678.0,0.0,0,0
44865307189,0,oracle_reserve_lru,trigger,forecast_above_trigger,30935621632,14875099136,15552584286,7916748800,0,744488960,31680110592,1.0021194946280367,1.0043082106978398,1.0,0.98,457,355,-1,0,0,0,0,,0.0,0.0,457,0
44865307189,0,oracle_reserve_lru,spill,proactive_target_headroom,30862221312,14801698816,15552584286,7990149120,0,742391808,31604613120,0.9997313246667412,0.9994538745559061,1.0,0.98,457,354,105,553,425,73400320,73400320,CPU,44865307189.0,0.0,0,0
44865307189,0,oracle_reserve_lru,spill,proactive_target_headroom,30788820992,14728298496,15552584286,8063549440,0,740294656,31529115648,0.9973431547054457,0.9945995384139724,1.0,0.98,457,353,106,553,425,73400320,73400320,CPU,44865307189.0,0.0,0,0
44865307189,0,oracle_reserve_lru,spill,proactive_target_headroom,30715420672,14654898176,15552584286,8136949760,0,738197504,31453618176,0.9949549847441501,0.9897452022720387,1.0,0.98,457,352,107,552,424,73400320,73400320,CPU,44865307189.0,0.0,0,0
44865307189,0,oracle_reserve_lru,spill,proactive_target_headroom,30642020352,14581497856,15552584286,8210350080,0,736100352,31378120704,0.9925668147828547,0.9848908661301049,1.0,0.98,457,351,108,552,424,73400320,73400320,CPU,44865307189.0,0.0,0,0
44865307189,0,oracle_reserve_lru,spill,proactive_target_headroom,30568620032,14508097536,15552584286,8283750400,0,734003200,31302623232,0.9901786448215592,0.9800365299881713,1.0,0.98,457,350,109,552,424,73400320,73400320,CPU,44865307189.0,0.0,0,0
44865307189,0,oracle_reserve_lru,spill,proactive_target_headroom,30495219712,14434697216,15552584286,8357150720,0,731906048,31227125760,0.9877904748602636,0.9751821938462375,1.0,0.98,457,349,110,552,424,73400320,73400320,CPU,44865307189.0,0.0,0,0
44865307189,0,oracle_reserve_lru,admission,value_ranked_working_set,30495219712,14434697216,15552584286,8357150720,0,731906048,31227125760,0.9877904748602636,0.9751821938462375,1.0,0.98,457,349,-1,0,0,0,0,,0.0,0.0,1,107
44865307189,0,oracle_reserve_lru,reload,value_ranked_admission,30639923200,14579400704,15552584286,8285847552,0,0,30639923200,0.9692158196057429,0.9374262460756421,1.0,0.98,107,0,96,544,416,71303168,71303168,CPU,0.0,0.0,0,0
45219448673,0,oracle_reserve_lru,trigger,forecast_above_trigger,30931427328,14870904832,15552584286,8285847552,0,742391808,31673819136,1.0019204804645954,1.003903682686012,1.0,0.98,461,354,-1,0,0,0,0,,0.0,0.0,461,0
45219448673,0,oracle_reserve_lru,spill,proactive_target_headroom,30858027008,14797504512,15552584286,8359247872,0,740294656,31598321664,0.9995323105032999,0.9990493465440783,1.0,0.98,461,353,111,557,429,73400320,73400320,CPU,45219448673.0,0.0,0,0
45219448673,0,oracle_reserve_lru,spill,proactive_target_headroom,30784626688,14724104192,15552584286,8432648192,0,738197504,31522824192,0.9971441405420044,0.9941950104021445,1.0,0.98,461,352,112,556,428,73400320,73400320,CPU,45219448673.0,0.0,0,0
45219448673,0,oracle_reserve_lru,spill,proactive_target_headroom,30711226368,14650703872,15552584286,8506048512,0,736100352,31447326720,0.9947559705807089,0.9893406742602109,1.0,0.98,461,351,113,553,425,73400320,73400320,CPU,45219448673.0,0.0,0,0
45219448673,0,oracle_reserve_lru,spill,proactive_target_headroom,30637826048,14577303552,15552584286,8579448832,0,734003200,31371829248,0.9923678006194133,0.9844863381182771,1.0,0.98,461,350,114,551,423,73400320,73400320,CPU,45219448673.0,0.0,0,0
45219448673,0,oracle_reserve_lru,spill,proactive_target_headroom,30564425728,14503903232,15552584286,8652849152,0,731906048,31296331776,0.9899796306581178,0.9796320019763435,1.0,0.98,461,349,115,546,418,73400320,73400320,CPU,45219448673.0,0.0,0,0
45711770535,0,oracle_reserve_lru,trigger,forecast_above_trigger,30891581440,14831058944,15552584286,8652849152,0,738197504,31629778944,1.0005273813205064,1.0010719866032174,1.0,0.98,464,352,-1,0,0,0,0,,0.0,0.0,464,0
45711770535,0,oracle_reserve_lru,spill,proactive_target_headroom,30818181120,14757658624,15552584286,8726249472,0,736100352,31554281472,0.9981392113592108,0.9962176504612836,1.0,0.98,464,351,116,548,420,73400320,73400320,CPU,45711770535.0,0.0,0,0
45711770535,0,oracle_reserve_lru,spill,proactive_target_headroom,30744780800,14684258304,15552584286,8799649792,0,734003200,31478784000,0.9957510413979154,0.9913633143193499,1.0,0.98,464,350,117,548,420,73400320,73400320,CPU,45711770535.0,0.0,0,0
45711770535,0,oracle_reserve_lru,spill,proactive_target_headroom,30673477632,14612955136,15552584286,8870952960,0,731906048,31405383680,0.9934292094911003,0.9866438208480255,1.0,0.98,464,349,118,542,414,71303168,71303168,CPU,45711770535.0,0.0,0,0
45711770535,0,oracle_reserve_lru,spill,proactive_target_headroom,30602174464,14541651968,15552584286,8942256128,0,729808896,31331983360,0.9911073775842851,0.981924327376701,1.0,0.98,464,348,119,540,412,71303168,71303168,CPU,45711770535.0,0.0,0,0
45711770535,0,oracle_reserve_lru,spill,proactive_target_headroom,30530871296,14470348800,15552584286,9013559296,0,727711744,31258583040,0.9887855456774701,0.9772048339053766,1.0,0.98,464,347,120,535,407,71303168,71303168,CPU,45711770535.0,0.0,0,0
46264700635,0,oracle_reserve_lru,trigger,forecast_above_trigger,30893678592,14833156096,15552584286,9013559296,0,736100352,31629778944,1.0005273813205064,1.0010719866032174,1.0,0.98,468,351,-1,0,0,0,0,,0.0,0.0,468,0
46264700635,0,oracle_reserve_lru,spill,proactive_target_headroom,30822375424,14761852928,15552584286,9084862464,0,734003200,31556378624,0.9982055494136913,0.9963524931318929,1.0,0.98,468,350,121,535,407,71303168,71303168,CPU,46264700635.0,0.0,0,0
46264700635,0,oracle_reserve_lru,spill,proactive_target_headroom,30751072256,14690549760,15552584286,9156165632,0,731906048,31482978304,0.9958837175068762,0.9916329996605684,1.0,0.98,468,349,122,534,406,71303168,71303168,CPU,46264700635.0,0.0,0,0
46264700635,0,oracle_reserve_lru,spill,proactive_target_headroom,30679769088,14619246592,15552584286,9227468800,0,729808896,31409577984,0.9935618856000611,0.986913506189244,1.0,0.98,468,348,123,534,406,71303168,71303168,CPU,46264700635.0,0.0,0,0
46264700635,0,oracle_reserve_lru,spill,proactive_target_headroom,30608465920,14547943424,15552584286,9298771968,0,727711744,31336177664,0.991240053693246,0.9821940127179196,1.0,0.98,468,347,124,533,405,71303168,71303168,CPU,46264700635.0,0.0,0,0
46264700635,0,oracle_reserve_lru,spill,proactive_target_headroom,30537162752,14476640256,15552584286,9370075136,0,725614592,31262777344,0.988918221786431,0.9774745192465951,1.0,0.98,468,346,125,532,404,71303168,71303168,CPU,46264700635.0,0.0,0,0
46972157820,0,oracle_reserve_lru,trigger,forecast_above_trigger,30889484288,14828961792,15552584286,9370075136,0,734003200,31623487488,1.000328367157065,1.0006674585913895,1.0,0.98,472,350,-1,0,0,0,0,,0.0,0.0,472,0
46972157820,0,oracle_reserve_lru,spill,proactive_target_headroom,30818181120,14757658624,15552584286,9441378304,0,731906048,31550087168,0.99800653525025,0.9959479651200651,1.0,0.98,472,349,126,537,409,71303168,71303168,CPU,46972157820.0,0.0,0,0
46972157820,0,oracle_reserve_lru,spill,proactive_target_headroom,30746877952,14686355456,15552584286,9512681472,0,729808896,31476686848,0.995684703343435,0.9912284716487406,1.0,0.98,472,348,127,532,404,71303168,71303168,CPU,46972157820.0,0.0,0,0
46972157820,0,oracle_reserve_lru,spill,proactive_target_headroom,30675574784,14615052288,15552584286,9583984640,0,727711744,31403286528,0.9933628714366198,0.9865089781774162,1.0,0.98,472,347,128,532,404,71303168,71303168,CPU,46972157820.0,0.0,0,0
46972157820,0,oracle_reserve_lru,spill,proactive_target_headroom,30604271616,14543749120,15552584286,9655287808,0,725614592,31329886208,0.9910410395298047,0.9817894847060917,1.0,0.98,472,346,129,530,402,71303168,71303168,CPU,46972157820.0,0.0,0,0
46972157820,0,oracle_reserve_lru,spill,proactive_target_headroom,30532968448,14472445952,15552584286,9726590976,0,723517440,31256485888,0.9887192076229896,0.9770699912347673,1.0,0.98,472,345,130,529,401,71303168,71303168,CPU,46972157820.0,0.0,0,0
48010826876,0,oracle_reserve_lru,trigger,forecast_above_trigger,30946107392,14885584896,15552584286,9726590976,0,734003200,31680110592,1.0021194946280367,1.0043082106978398,1.0,0.98,477,350,-1,0,0,0,0,,0.0,0.0,477,0
48010826876,0,oracle_reserve_lru,spill,proactive_target_headroom,30874804224,14814281728,15552584286,9797894144,0,731906048,31606710272,0.9997976627212216,0.9995887172265153,1.0,0.98,477,349,131,537,409,71303168,71303168,CPU,48010826876.0,0.0,0,0
48010826876,0,oracle_reserve_lru,spill,proactive_target_headroom,30803501056,14742978560,15552584286,9869197312,0,729808896,31533309952,0.9974758308144065,0.9948692237551909,1.0,0.98,477,348,132,537,409,71303168,71303168,CPU,48010826876.0,0.0,0,0
48010826876,0,oracle_reserve_lru,spill,proactive_target_headroom,30732197888,14671675392,15552584286,9940500480,0,727711744,31459909632,0.9951539989075915,0.9901497302838664,1.0,0.98,477,347,133,536,408,71303168,71303168,CPU,48010826876.0,0.0,0,0
48010826876,0,oracle_reserve_lru,spill,proactive_target_headroom,30662991872,14602469376,15552584286,10009706496,0,725614592,31388606464,0.9928985050552568,0.9855650794831513,1.0,0.98,477,346,134,528,400,69206016,69206016,CPU,48010826876.0,0.0,0,0
48010826876,0,oracle_reserve_lru,spill,proactive_target_headroom,30593785856,14533263360,15552584286,10078912512,0,723517440,31317303296,0.9906430112029222,0.9809804286824362,1.0,0.98,477,345,135,527,399,69206016,69206016,CPU,48010826876.0,0.0,0,0
48010826876,0,oracle_reserve_lru,spill,proactive_target_headroom,30524579840,14464057344,15552584286,10148118528,0,721420288,31246000128,0.9883875173505875,0.9763957778817209,1.0,0.98,477,344,136,527,399,69206016,69206016,CPU,48010826876.0,0.0,0,0
48508848193,0,oracle_reserve_lru,trigger,forecast_above_trigger,30906261504,14845739008,15552584286,10148118528,0,731906048,31638167552,1.0007927335384281,1.0016113572856544,1.0,0.98,482,349,-1,0,0,0,0,,0.0,0.0,482,0
48508848193,0,oracle_reserve_lru,spill,proactive_target_headroom,30834958336,14774435840,15552584286,10219421696,0,729808896,31564767232,0.998470901631613,0.9968918638143299,1.0,0.98,482,348,137,532,404,71303168,71303168,CPU,48508848193.0,0.0,0,0
48508848193,0,oracle_reserve_lru,spill,proactive_target_headroom,30763655168,14703132672,15552584286,10290724864,0,727711744,31491366912,0.9961490697247979,0.9921723703430055,1.0,0.98,482,347,138,531,403,71303168,71303168,CPU,48508848193.0,0.0,0,0
48508848193,0,oracle_reserve_lru,spill,proactive_target_headroom,30694449152,14633926656,15552584286,10359930880,0,725614592,31420063744,0.9938935758724633,0.9875877195422903,1.0,0.98,482,346,139,526,398,69206016,69206016,CPU,48508848193.0,0.0,0,0
48508848193,0,oracle_reserve_lru,spill,proactive_target_headroom,30625243136,14564720640,15552584286,10429136896,0,723517440,31348760576,0.9916380820201286,0.9830030687415752,1.0,0.98,482,345,140,517,389,69206016,69206016,CPU,48508848193.0,0.0,0,0
48508848193,0,oracle_reserve_lru,spill,proactive_target_headroom,30556037120,14495514624,15552584286,10498342912,0,721420288,31277457408,0.989382588167794,0.97841841794086,1.0,0.98,482,344,141,517,389,69206016,69206016,CPU,48508848193.0,0.0,0,0
49177406920,0,oracle_reserve_lru,trigger,forecast_above_trigger,30897872896,14837350400,15552584286,10498342912,0,734003200,31631876096,1.0005937193749868,1.0012068292738265,1.0,0.98,488,350,-1,0,0,0,0,,0.0,0.0,488,0
49177406920,0,oracle_reserve_lru,spill,proactive_target_headroom,30828666880,14768144384,15552584286,10567548928,0,731906048,31560572928,0.9983382255226522,0.9966221784731114,1.0,0.98,488,349,142,523,395,69206016,69206016,CPU,49177406920.0,0.0,0,0
49177406920,0,oracle_reserve_lru,spill,proactive_target_headroom,30759460864,14698938368,15552584286,10636754944,0,729808896,31489269760,0.9960827316703175,0.9920375276723963,1.0,0.98,488,348,143,522,394,69206016,69206016,CPU,49177406920.0,0.0,0,0
49177406920,0,oracle_reserve_lru,spill,proactive_target_headroom,30690254848,14629732352,15552584286,10705960960,0,727711744,31417966592,0.9938272378179829,0.987452876871681,1.0,0.98,488,347,144,522,394,69206016,69206016,CPU,49177406920.0,0.0,0,0
49177406920,0,oracle_reserve_lru,spill,proactive_target_headroom,30621048832,14560526336,15552584286,10775166976,0,725614592,31346663424,0.9915717439656482,0.9828682260709659,1.0,0.98,488,346,145,522,394,69206016,69206016,CPU,49177406920.0,0.0,0,0
49177406920,0,oracle_reserve_lru,spill,proactive_target_headroom,30551842816,14491320320,15552584286,10844372992,0,723517440,31275360256,0.9893162501133135,0.9782835752702508,1.0,0.98,488,345,146,521,393,69206016,69206016,CPU,49177406920.0,0.0,0,0
49524253156,0,oracle_reserve_lru,trigger,forecast_above_trigger,30887387136,14826864640,15552584286,10844372992,0,738197504,31625584640,1.0003947052115456,1.0008023012619989,1.0,0.98,495,352,-1,0,0,0,0,,0.0,0.0,495,0
49524253156,0,oracle_reserve_lru,spill,proactive_target_headroom,30818181120,14757658624,15552584286,10913579008,0,736100352,31554281472,0.9981392113592108,0.9962176504612836,1.0,0.98,495,351,147,525,397,69206016,69206016,CPU,49524253156.0,0.0,0,0
49524253156,0,oracle_reserve_lru,spill,proactive_target_headroom,30748975104,14688452608,15552584286,10982785024,0,734003200,31482978304,0.9958837175068762,0.9916329996605684,1.0,0.98,495,350,148,525,397,69206016,69206016,CPU,49524253156.0,0.0,0,0
49524253156,0,oracle_reserve_lru,spill,proactive_target_headroom,30679769088,14619246592,15552584286,11051991040,0,731906048,31411675136,0.9936282236545415,0.9870483488598533,1.0,0.98,495,349,149,524,396,69206016,69206016,CPU,49524253156.0,0.0,0,0
49524253156,0,oracle_reserve_lru,spill,proactive_target_headroom,30610563072,14550040576,15552584286,11121197056,0,729808896,31340371968,0.9913727298022069,0.9824636980591381,1.0,0.98,495,348,150,521,393,69206016,69206016,CPU,49524253156.0,0.0,0,0
49524253156,0,oracle_reserve_lru,spill,proactive_target_headroom,30541357056,14480834560,15552584286,11190403072,0,727711744,31269068800,0.9891172359498722,0.9778790472584229,1.0,0.98,495,347,151,520,392,69206016,69206016,CPU,49524253156.0,0.0,0,0
49930074721,0,oracle_reserve_lru,trigger,forecast_above_trigger,30889484288,14828961792,15552584286,11190403072,0,729808896,31619293184,1.0001956910481042,1.000397773250171,1.0,0.98,496,348,-1,0,0,0,0,,0.0,0.0,496,0
49930074721,0,oracle_reserve_lru,spill,proactive_target_headroom,30820278272,14759755776,15552584286,11259609088,0,727711744,31547990016,0.9979401971957695,0.9958131224494557,1.0,0.98,496,347,152,526,398,69206016,69206016,CPU,49930074721.0,0.0,0,0
49930074721,0,oracle_reserve_lru,spill,proactive_target_headroom,30751072256,14690549760,15552584286,11328815104,0,725614592,31476686848,0.995684703343435,0.9912284716487406,1.0,0.98,496,346,153,524,396,69206016,69206016,CPU,49930074721.0,0.0,0,0
49930074721,0,oracle_reserve_lru,spill,proactive_target_headroom,30681866240,14621343744,15552584286,11398021120,0,723517440,31405383680,0.9934292094911003,0.9866438208480255,1.0,0.98,496,345,154,513,385,69206016,69206016,CPU,49930074721.0,0.0,0,0
49930074721,0,oracle_reserve_lru,spill,proactive_target_headroom,30614757376,14554234880,15552584286,11465129984,0,721420288,31336177664,0.991240053693246,0.9821940127179196,1.0,0.98,496,344,155,512,384,67108864,67108864,CPU,49930074721.0,0.0,0,0
49930074721,0,oracle_reserve_lru,spill,proactive_target_headroom,30547648512,14487126016,15552584286,11532238848,0,719323136,31266971648,0.9890508978953918,0.9777442045878136,1.0,0.98,496,343,156,511,383,67108864,67108864,CPU,49930074721.0,0.0,0,0
51069086604,0,oracle_reserve_lru,trigger,forecast_above_trigger,30893678592,14833156096,15552584286,11532238848,0,734003200,31627681792,1.000461043266026,1.000937143932608,1.0,0.98,503,350,-1,0,0,0,0,,0.0,0.0,503,0
51069086604,0,oracle_reserve_lru,spill,proactive_target_headroom,30824472576,14763950080,15552584286,11601444864,0,731906048,31556378624,0.9982055494136913,0.9963524931318929,1.0,0.98,503,349,157,516,388,69206016,69206016,CPU,51069086604.0,0.0,0,0
51069086604,0,oracle_reserve_lru,spill,proactive_target_headroom,30755266560,14694744064,15552584286,11670650880,0,729808896,31485075456,0.9959500555613566,0.9917678423311777,1.0,0.98,503,348,158,515,387,69206016,69206016,CPU,51069086604.0,0.0,0,0
51069086604,0,oracle_reserve_lru,spill,proactive_target_headroom,30686060544,14625538048,15552584286,11739856896,0,727711744,31413772288,0.9936945617090219,0.9871831915304625,1.0,0.98,503,347,159,514,386,69206016,69206016,CPU,51069086604.0,0.0,0,0
51069086604,0,oracle_reserve_lru,spill,proactive_target_headroom,30616854528,14556332032,15552584286,11809062912,0,725614592,31342469120,0.9914390678566873,0.9825985407297474,1.0,0.98,503,346,160,513,385,69206016,69206016,CPU,51069086604.0,0.0,0,0
51069086604,0,oracle_reserve_lru,spill,proactive_target_headroom,30549745664,14489223168,15552584286,11876171776,0,723517440,31273263104,0.9892499120588331,0.9781487325996415,1.0,0.98,503,345,161,510,382,67108864,67108864,CPU,51069086604.0,0.0,0,0
51565843513,0,oracle_reserve_lru,trigger,forecast_above_trigger,30950301696,14889779200,15552584286,11876171776,0,729808896,31680110592,1.0021194946280367,1.0043082106978398,1.0,0.98,506,348,-1,0,0,0,0,,0.0,0.0,506,0
51565843513,0,oracle_reserve_lru,spill,proactive_target_headroom,30881095680,14820573184,15552584286,11945377792,0,727711744,31608807424,0.999864000775702,0.9997235598971246,1.0,0.98,506,347,162,515,387,69206016,69206016,CPU,51565843513.0,0.0,0,0
51565843513,0,oracle_reserve_lru,spill,proactive_target_headroom,30811889664,14751367168,15552584286,12014583808,0,725614592,31537504256,0.9976085069233674,0.9951389090964095,1.0,0.98,506,346,163,513,385,69206016,69206016,CPU,51565843513.0,0.0,0,0
51565843513,0,oracle_reserve_lru,spill,proactive_target_headroom,30742683648,14682161152,15552584286,12083789824,0,723517440,31466201088,0.9953530130710327,0.9905542582956943,1.0,0.98,506,345,164,513,385,69206016,69206016,CPU,51565843513.0,0.0,0,0
51565843513,0,oracle_reserve_lru,spill,proactive_target_headroom,30675574784,14615052288,15552584286,12150898688,0,721420288,31396995072,0.9931638572731786,0.9861044501655883,1.0,0.98,506,344,165,512,384,67108864,67108864,CPU,51565843513.0,0.0,0,0
51565843513,0,oracle_reserve_lru,spill,proactive_target_headroom,30608465920,14547943424,15552584286,12218007552,0,719323136,31327789056,0.9909747014753243,0.9816546420354825,1.0,0.98,506,343,166,511,383,67108864,67108864,CPU,51565843513.0,0.0,0,0
51565843513,0,oracle_reserve_lru,spill,proactive_target_headroom,30541357056,14480834560,15552584286,12285116416,0,717225984,31258583040,0.9887855456774701,0.9772048339053766,1.0,0.98,506,342,167,511,383,67108864,67108864,CPU,51565843513.0,0.0,0,0
52611261625,0,oracle_reserve_lru,trigger,forecast_above_trigger,30931427328,14870904832,15552584286,12285116416,0,723517440,31654944768,1.0013234379742715,1.0026900986505285,1.0,0.98,509,345,-1,0,0,0,0,,0.0,0.0,509,0
52611261625,0,oracle_reserve_lru,spill,proactive_target_headroom,30862221312,14801698816,15552584286,12354322432,0,721420288,31583641600,0.9990679441219369,0.9981054478498134,1.0,0.98,509,344,168,519,391,69206016,69206016,CPU,52611261625.0,0.0,0,0
52611261625,0,oracle_reserve_lru,spill,proactive_target_headroom,30793015296,14732492800,15552584286,12423528448,0,719323136,31512338432,0.9968124502696022,0.9935207970490982,1.0,0.98,509,343,169,518,390,69206016,69206016,CPU,52611261625.0,0.0,0,0
52611261625,0,oracle_reserve_lru,spill,proactive_target_headroom,30723809280,14663286784,15552584286,12492734464,0,717225984,31441035264,0.9945569564172676,0.988936146248383,1.0,0.98,509,342,170,518,390,69206016,69206016,CPU,52611261625.0,0.0,0,0
52611261625,0,oracle_reserve_lru,spill,proactive_target_headroom,30654603264,14594080768,15552584286,12561940480,0,715128832,31369732096,0.9923014625649329,0.9843514954476679,1.0,0.98,509,341,171,518,390,69206016,69206016,CPU,52611261625.0,0.0,0,0
52611261625,0,oracle_reserve_lru,spill,proactive_target_headroom,30585397248,14524874752,15552584286,12631146496,0,713031680,31298428928,0.9900459687125983,0.9797668446469527,1.0,0.98,509,340,172,517,389,69206016,69206016,CPU,52611261625.0,0.0,0,0
53167356290,0,oracle_reserve_lru,trigger,forecast_above_trigger,30914650112,14854127616,15552584286,12631146496,0,710934528,31625584640,1.0003947052115456,1.0008023012619989,1.0,0.98,509,340,-1,0,0,0,0,,0.0,0.0,509,0
53167356290,0,oracle_reserve_lru,spill,proactive_target_headroom,30845444096,14784921600,15552584286,12700352512,0,708837376,31554281472,0.9981392113592108,0.9962176504612836,1.0,0.98,509,339,173,524,396,69206016,69206016,CPU,53167356290.0,0.0,0,0
53167356290,0,oracle_reserve_lru,spill,proactive_target_headroom,30776238080,14715715584,15552584286,12769558528,0,706740224,31482978304,0.9958837175068762,0.9916329996605684,1.0,0.98,509,338,174,521,393,69206016,69206016,CPU,53167356290.0,0.0,0,0
53167356290,0,oracle_reserve_lru,spill,proactive_target_headroom,30707032064,14646509568,15552584286,12838764544,0,704643072,31411675136,0.9936282236545415,0.9870483488598533,1.0,0.98,509,337,175,521,393,69206016,69206016,CPU,53167356290.0,0.0,0,0
53167356290,0,oracle_reserve_lru,spill,proactive_target_headroom,30637826048,14577303552,15552584286,12907970560,0,702545920,31340371968,0.9913727298022069,0.9824636980591381,1.0,0.98,509,336,176,520,392,69206016,69206016,CPU,53167356290.0,0.0,0,0
53167356290,0,oracle_reserve_lru,spill,proactive_target_headroom,30568620032,14508097536,15552584286,12977176576,0,700448768,31269068800,0.9891172359498722,0.9778790472584229,1.0,0.98,509,335,177,520,392,69206016,69206016,CPU,53167356290.0,0.0,0,0
53847554040,0,oracle_reserve_lru,trigger,forecast_above_trigger,30941913088,14881390592,15552584286,12977176576,0,700448768,31642361856,1.000925409647389,1.001881042626873,1.0,0.98,509,335,-1,0,0,0,0,,0.0,0.0,509,0
53847554040,0,oracle_reserve_lru,spill,proactive_target_headroom,30872707072,14812184576,15552584286,13046382592,0,698351616,31571058688,0.9986699157950543,0.9972963918261578,1.0,0.98,509,334,178,523,395,69206016,69206016,CPU,53847554040.0,0.0,0,0
53847554040,0,oracle_reserve_lru,spill,proactive_target_headroom,30803501056,14742978560,15552584286,13115588608,0,696254464,31499755520,0.9964144219427197,0.9927117410254426,1.0,0.98,509,333,179,523,395,69206016,69206016,CPU,53847554040.0,0.0,0,0
53847554040,0,oracle_reserve_lru,spill,proactive_target_headroom,30734295040,14673772544,15552584286,13184794624,0,694157312,31428452352,0.994158928090385,0.9881270902247274,1.0,0.98,509,332,180,522,394,69206016,69206016,CPU,53847554040.0,0.0,0,0
53847554040,0,oracle_reserve_lru,spill,proactive_target_headroom,30665089024,14604566528,15552584286,13254000640,0,692060160,31357149184,0.9919034342380504,0.9835424394240123,1.0,0.98,509,331,181,522,394,69206016,69206016,CPU,53847554040.0,0.0,0,0
53847554040,0,oracle_reserve_lru,spill,proactive_target_headroom,30595883008,14535360512,15552584286,13323206656,0,689963008,31285846016,0.9896479403857157,0.9789577886232971,1.0,0.98,509,330,182,520,392,69206016,69206016,CPU,53847554040.0,0.0,0,0
54529615660,0,oracle_reserve_lru,trigger,forecast_above_trigger,30935621632,14875099136,15552584286,13323206656,0,689963008,31625584640,1.0003947052115456,1.0008023012619989,1.0,0.98,508,329,-1,0,0,0,0,,0.0,0.0,508,0
54529615660,0,oracle_reserve_lru,spill,proactive_target_headroom,30866415616,14805893120,15552584286,13392412672,0,687865856,31554281472,0.9981392113592108,0.9962176504612836,1.0,0.98,508,328,183,525,397,69206016,69206016,CPU,54529615660.0,0.0,0,0
54529615660,0,oracle_reserve_lru,spill,proactive_target_headroom,30797209600,14736687104,15552584286,13461618688,0,685768704,31482978304,0.9958837175068762,0.9916329996605684,1.0,0.98,508,327,184,525,397,69206016,69206016,CPU,54529615660.0,0.0,0,0
54529615660,0,oracle_reserve_lru,spill,proactive_target_headroom,30728003584,14667481088,15552584286,13530824704,0,683671552,31411675136,0.9936282236545415,0.9870483488598533,1.0,0.98,508,326,185,523,395,69206016,69206016,CPU,54529615660.0,0.0,0,0
54529615660,0,oracle_reserve_lru,spill,proactive_target_headroom,30658797568,14598275072,15552584286,13600030720,0,681574400,31340371968,0.9913727298022069,0.9824636980591381,1.0,0.98,508,325,186,519,391,69206016,69206016,CPU,54529615660.0,0.0,0,0
54529615660,0,oracle_reserve_lru,spill,proactive_target_headroom,30589591552,14529069056,15552584286,13669236736,0,679477248,31269068800,0.9891172359498722,0.9778790472584229,1.0,0.98,508,324,187,518,390,69206016,69206016,CPU,54529615660.0,0.0,0,0
55258047533,0,oracle_reserve_lru,trigger,forecast_above_trigger,30971273216,14910750720,15552584286,13669236736,0,679477248,31650750464,1.0011907618653106,1.00242041330931,1.0,0.98,508,324,-1,0,0,0,0,,0.0,0.0,508,0
55258047533,0,oracle_reserve_lru,spill,proactive_target_headroom,30902067200,14841544704,15552584286,13738442752,0,677380096,31579447296,0.998935268012976,0.9978357625085948,1.0,0.98,508,323,188,527,399,69206016,69206016,CPU,55258047533.0,0.0,0,0
55258047533,0,oracle_reserve_lru,spill,proactive_target_headroom,30832861184,14772338688,15552584286,13807648768,0,675282944,31508144128,0.9966797741606414,0.9932511117078797,1.0,0.98,508,322,189,527,399,69206016,69206016,CPU,55258047533.0,0.0,0,0
55258047533,0,oracle_reserve_lru,spill,proactive_target_headroom,30763655168,14703132672,15552584286,13876854784,0,673185792,31436840960,0.9944242803083068,0.9886664609071645,1.0,0.98,508,321,190,527,399,69206016,69206016,CPU,55258047533.0,0.0,0,0
55258047533,0,oracle_reserve_lru,spill,proactive_target_headroom,30694449152,14633926656,15552584286,13946060800,0,671088640,31365537792,0.9921687864559721,0.9840818101064494,1.0,0.98,508,320,191,526,398,69206016,69206016,CPU,55258047533.0,0.0,0,0
55258047533,0,oracle_reserve_lru,spill,proactive_target_headroom,30625243136,14564720640,15552584286,14015266816,0,668991488,31294234624,0.9899132926036374,0.9794971593057342,1.0,0.98,508,319,192,525,397,69206016,69206016,CPU,55258047533.0,0.0,0,0
55737018259,0,oracle_reserve_lru,trigger,forecast_above_trigger,30958690304,14898167808,15552584286,14015266816,0,668991488,31627681792,1.000461043266026,1.000937143932608,1.0,0.98,508,319,-1,0,0,0,0,,0.0,0.0,508,0
55737018259,0,oracle_reserve_lru,spill,proactive_target_headroom,30887387136,14826864640,15552584286,14086569984,0,666894336,31554281472,0.9981392113592108,0.9962176504612836,1.0,0.98,508,318,193,532,404,71303168,71303168,CPU,55737018259.0,0.0,0,0
55737018259,0,oracle_reserve_lru,spill,proactive_target_headroom,30816083968,14755561472,15552584286,14157873152,0,664797184,31480881152,0.9958173794523958,0.9914981569899591,1.0,0.98,508,317,194,531,403,71303168,71303168,CPU,55737018259.0,0.0,0,0
55737018259,0,oracle_reserve_lru,spill,proactive_target_headroom,30744780800,14684258304,15552584286,14229176320,0,662700032,31407480832,0.9934955475455807,0.9867786635186347,1.0,0.98,508,316,195,531,403,71303168,71303168,CPU,55737018259.0,0.0,0,0
55737018259,0,oracle_reserve_lru,spill,proactive_target_headroom,30673477632,14612955136,15552584286,14300479488,0,660602880,31334080512,0.9911737156387656,0.9820591700473102,1.0,0.98,508,315,196,531,403,71303168,71303168,CPU,55737018259.0,0.0,0,0
55737018259,0,oracle_reserve_lru,spill,proactive_target_headroom,30602174464,14541651968,15552584286,14371782656,0,658505728,31260680192,0.9888518837319505,0.9773396765759859,1.0,0.98,508,314,197,529,401,71303168,71303168,CPU,55737018259.0,0.0,0,0
57047852524,0,oracle_reserve_lru,trigger,forecast_above_trigger,30973370368,14912847872,15552584286,14371782656,0,658505728,31631876096,1.0005937193749868,1.0012068292738265,1.0,0.98,508,314,-1,0,0,0,0,,0.0,0.0,508,0
57047852524,0,oracle_reserve_lru,spill,proactive_target_headroom,30902067200,14841544704,15552584286,14443085824,0,656408576,31558475776,0.9982718874681717,0.9964873358025021,1.0,0.98,508,313,198,535,407,71303168,71303168,CPU,57047852524.0,0.0,0,0
57047852524,0,oracle_reserve_lru,spill,proactive_target_headroom,30830764032,14770241536,15552584286,14514388992,0,654311424,31485075456,0.9959500555613566,0.9917678423311777,1.0,0.98,508,312,199,532,404,71303168,71303168,CPU,57047852524.0,0.0,0,0
57047852524,0,oracle_reserve_lru,spill,proactive_target_headroom,30759460864,14698938368,15552584286,14585692160,0,652214272,31411675136,0.9936282236545415,0.9870483488598533,1.0,0.98,508,311,200,530,402,71303168,71303168,CPU,57047852524.0,0.0,0,0
57047852524,0,oracle_reserve_lru,spill,proactive_target_headroom,30688157696,14627635200,15552584286,14656995328,0,650117120,31338274816,0.9913063917477265,0.9823288553885289,1.0,0.98,508,310,201,530,402,71303168,71303168,CPU,57047852524.0,0.0,0,0
57047852524,0,oracle_reserve_lru,spill,proactive_target_headroom,30616854528,14556332032,15552584286,14728298496,0,648019968,31264874496,0.9889845598409114,0.9776093619172044,1.0,0.98,508,309,202,530,402,71303168,71303168,CPU,57047852524.0,0.0,0,0
57791803338,0,oracle_reserve_lru,trigger,forecast_above_trigger,30967078912,14906556416,15552584286,14728298496,0,648019968,31615098880,1.0000630149391434,1.0001280879089525,1.0,0.98,508,309,-1,0,0,0,0,,0.0,0.0,508,0
57791803338,0,oracle_reserve_lru,spill,proactive_target_headroom,30895775744,14835253248,15552584286,14799601664,0,645922816,31541698560,0.9977411830323283,0.995408594437628,1.0,0.98,508,308,203,535,407,71303168,71303168,CPU,57791803338.0,0.0,0,0
57791803338,0,oracle_reserve_lru,spill,proactive_target_headroom,30824472576,14763950080,15552584286,14870904832,0,643825664,31468298240,0.9954193511255132,0.9906891009663036,1.0,0.98,508,307,204,534,406,71303168,71303168,CPU,57791803338.0,0.0,0,0
57791803338,0,oracle_reserve_lru,spill,proactive_target_headroom,30753169408,14692646912,15552584286,14942208000,0,641728512,31394897920,0.993097519218698,0.9859696074949791,1.0,0.98,508,306,205,534,406,71303168,71303168,CPU,57791803338.0,0.0,0,0
57791803338,0,oracle_reserve_lru,spill,proactive_target_headroom,30681866240,14621343744,15552584286,15013511168,0,639631360,31321497600,0.990775687311883,0.9812501140236547,1.0,0.98,508,305,206,534,406,71303168,71303168,CPU,57791803338.0,0.0,0,0
57791803338,0,oracle_reserve_lru,spill,proactive_target_headroom,30610563072,14550040576,15552584286,15084814336,0,637534208,31248097280,0.9884538554050679,0.9765306205523302,1.0,0.98,508,304,207,534,406,71303168,71303168,CPU,57791803338.0,0.0,0,0
58629730553,0,oracle_reserve_lru,trigger,forecast_above_trigger,31000633344,14940110848,15552584286,15084814336,0,637534208,31638167552,1.0007927335384281,1.0016113572856544,1.0,0.98,508,304,-1,0,0,0,0,,0.0,0.0,508,0
58629730553,0,oracle_reserve_lru,spill,proactive_target_headroom,30929330176,14868807680,15552584286,15156117504,0,635437056,31564767232,0.998470901631613,0.9968918638143299,1.0,0.98,508,303,208,544,416,71303168,71303168,CPU,58629730553.0,0.0,0,0
58629730553,0,oracle_reserve_lru,spill,proactive_target_headroom,30858027008,14797504512,15552584286,15227420672,0,633339904,31491366912,0.9961490697247979,0.9921723703430055,1.0,0.98,508,302,209,543,415,71303168,71303168,CPU,58629730553.0,0.0,0,0
58629730553,0,oracle_reserve_lru,spill,proactive_target_headroom,30786723840,14726201344,15552584286,15298723840,0,631242752,31417966592,0.9938272378179829,0.987452876871681,1.0,0.98,508,301,210,543,415,71303168,71303168,CPU,58629730553.0,0.0,0,0
58629730553,0,oracle_reserve_lru,spill,proactive_target_headroom,30715420672,14654898176,15552584286,15370027008,0,629145600,31344566272,0.9915054059111678,0.9827333834003567,1.0,0.98,508,300,211,542,414,71303168,71303168,CPU,58629730553.0,0.0,0,0
58629730553,0,oracle_reserve_lru,spill,proactive_target_headroom,30644117504,14583595008,15552584286,15441330176,0,627048448,31271165952,0.9891835740043526,0.9780138899290323,1.0,0.98,508,299,212,541,413,71303168,71303168,CPU,58629730553.0,0.0,0,0
59778690742,0,oracle_reserve_lru,trigger,forecast_above_trigger,31029993472,14969470976,15552584286,15441330176,0,627048448,31657041920,1.001389776028752,1.0028249413211379,1.0,0.98,508,299,-1,0,0,0,0,,0.0,0.0,508,0
59778690742,0,oracle_reserve_lru,spill,proactive_target_headroom,30956593152,14896070656,15552584286,15514730496,0,624951296,31581544448,0.9990016060674565,0.9979706051792041,1.0,0.98,508,298,213,551,423,73400320,73400320,CPU,59778690742.0,0.0,0,0
59778690742,0,oracle_reserve_lru,spill,proactive_target_headroom,30883192832,14822670336,15552584286,15588130816,0,622854144,31506046976,0.9966134361061609,0.9931162690372703,1.0,0.98,508,297,214,551,423,73400320,73400320,CPU,59778690742.0,0.0,0,0
59778690742,0,oracle_reserve_lru,spill,proactive_target_headroom,30809792512,14749270016,15552584286,15661531136,0,620756992,31430549504,0.9942252661448654,0.9882619328953367,1.0,0.98,508,296,215,551,423,73400320,73400320,CPU,59778690742.0,0.0,0,0
59778690742,0,oracle_reserve_lru,spill,proactive_target_headroom,30736392192,14675869696,15552584286,15734931456,0,618659840,31355052032,0.9918370961835699,0.983407596753403,1.0,0.98,508,295,216,551,423,73400320,73400320,CPU,59778690742.0,0.0,0,0
59778690742,0,oracle_reserve_lru,spill,proactive_target_headroom,30662991872,14602469376,15552584286,15808331776,0,616562688,31279554560,0.9894489262222744,0.9785532606114693,1.0,0.98,508,294,217,549,421,73400320,73400320,CPU,59778690742.0,0.0,0,0
60879482566,0,oracle_reserve_lru,trigger,forecast_above_trigger,31036284928,14975762432,15552584286,15808331776,0,616562688,31652847616,1.0012570999197912,1.0025552559799193,1.0,0.98,508,294,-1,0,0,0,0,,0.0,0.0,508,0
60879482566,0,oracle_reserve_lru,spill,proactive_target_headroom,30962884608,14902362112,15552584286,15881732096,0,614465536,31577350144,0.9988689299584956,0.9977009198379856,1.0,0.98,508,293,218,556,428,73400320,73400320,CPU,60879482566.0,0.0,0,0
60879482566,0,oracle_reserve_lru,spill,proactive_target_headroom,30889484288,14828961792,15552584286,15955132416,0,612368384,31501852672,0.9964807599972001,0.9928465836960518,1.0,0.98,508,292,219,553,425,73400320,73400320,CPU,60879482566.0,0.0,0,0
60879482566,0,oracle_reserve_lru,spill,proactive_target_headroom,30816083968,14755561472,15552584286,16028532736,0,610271232,31426355200,0.9940925900359046,0.9879922475541182,1.0,0.98,508,291,220,552,424,73400320,73400320,CPU,60879482566.0,0.0,0,0
60879482566,0,oracle_reserve_lru,spill,proactive_target_headroom,30742683648,14682161152,15552584286,16101933056,0,608174080,31350857728,0.991704420074609,0.9831379114121844,1.0,0.98,508,290,221,550,422,73400320,73400320,CPU,60879482566.0,0.0,0,0
60879482566,0,oracle_reserve_lru,spill,proactive_target_headroom,30669283328,14608760832,15552584286,16175333376,0,606076928,31275360256,0.9893162501133135,0.9782835752702508,1.0,0.98,508,289,222,550,422,73400320,73400320,CPU,60879482566.0,0.0,0,0
61778923417,0,oracle_reserve_lru,trigger,forecast_above_trigger,31019507712,14958985216,15552584286,16175333376,0,606076928,31625584640,1.0003947052115456,1.0008023012619989,1.0,0.98,508,289,-1,0,0,0,0,,0.0,0.0,508,0
61778923417,0,oracle_reserve_lru,spill,proactive_target_headroom,30946107392,14885584896,15552584286,16248733696,0,603979776,31550087168,0.99800653525025,0.9959479651200651,1.0,0.98,508,288,223,559,431,73400320,73400320,CPU,61778923417.0,0.0,0,0
61778923417,0,oracle_reserve_lru,spill,proactive_target_headroom,30872707072,14812184576,15552584286,16322134016,0,601882624,31474589696,0.9956183652889544,0.9910936289781314,1.0,0.98,508,287,224,559,431,73400320,73400320,CPU,61778923417.0,0.0,0,0
61778923417,0,oracle_reserve_lru,spill,proactive_target_headroom,30799306752,14738784256,15552584286,16395534336,0,599785472,31399092224,0.993230195327659,0.9862392928361976,1.0,0.98,508,286,225,558,430,73400320,73400320,CPU,61778923417.0,0.0,0,0
61778923417,0,oracle_reserve_lru,spill,proactive_target_headroom,30725906432,14665383936,15552584286,16468934656,0,597688320,31323594752,0.9908420253663635,0.981384956694264,1.0,0.98,508,285,226,551,423,73400320,73400320,CPU,61778923417.0,0.0,0,0
61778923417,0,oracle_reserve_lru,spill,proactive_target_headroom,30652506112,14591983616,15552584286,16542334976,0,595591168,31248097280,0.9884538554050679,0.9765306205523302,1.0,0.98,508,284,227,550,422,73400320,73400320,CPU,61778923417.0,0.0,0,0
62811025973,0,oracle_reserve_lru,trigger,forecast_above_trigger,31025799168,14965276672,15552584286,16542334976,0,595591168,31621390336,1.0002620291025845,1.0005326159207801,1.0,0.98,508,284,-1,0,0,0,0,,0.0,0.0,508,0
62811025973,0,oracle_reserve_lru,spill,proactive_target_headroom,30952398848,14891876352,15552584286,16615735296,0,593494016,31545892864,0.9978738591412891,0.9956782797788465,1.0,0.98,508,283,228,557,429,73400320,73400320,CPU,62811025973.0,0.0,0,0
62811025973,0,oracle_reserve_lru,spill,proactive_target_headroom,30878998528,14818476032,15552584286,16689135616,0,591396864,31470395392,0.9954856891799936,0.9908239436369128,1.0,0.98,508,282,229,555,427,73400320,73400320,CPU,62811025973.0,0.0,0,0
62811025973,0,oracle_reserve_lru,spill,proactive_target_headroom,30805598208,14745075712,15552584286,16762535936,0,589299712,31394897920,0.993097519218698,0.9859696074949791,1.0,0.98,508,281,230,554,426,73400320,73400320,CPU,62811025973.0,0.0,0,0
62811025973,0,oracle_reserve_lru,spill,proactive_target_headroom,30732197888,14671675392,15552584286,16835936256,0,587202560,31319400448,0.9907093492574026,0.9811152713530454,1.0,0.98,508,280,231,553,425,73400320,73400320,CPU,62811025973.0,0.0,0,0
62811025973,0,oracle_reserve_lru,spill,proactive_target_headroom,30658797568,14598275072,15552584286,16909336576,0,585105408,31243902976,0.9883211792961071,0.9762609352111117,1.0,0.98,508,279,232,552,424,73400320,73400320,CPU,62811025973.0,0.0,0,0
64134673387,0,oracle_reserve_lru,trigger,forecast_above_trigger,31071936512,15011414016,15552584286,16909336576,0,585105408,31657041920,1.001389776028752,1.0028249413211379,1.0,0.98,508,279,-1,0,0,0,0,,0.0,0.0,508,0
64134673387,0,oracle_reserve_lru,spill,proactive_target_headroom,30996439040,14935916544,15552584286,16984834048,0,583008256,31579447296,0.998935268012976,0.9978357625085948,1.0,0.98,508,278,233,562,434,75497472,75497472,CPU,64134673387.0,0.0,0,0
64134673387,0,oracle_reserve_lru,spill,proactive_target_headroom,30920941568,14860419072,15552584286,17060331520,0,580911104,31501852672,0.9964807599972001,0.9928465836960518,1.0,0.98,508,277,234,562,434,75497472,75497472,CPU,64134673387.0,0.0,0,0
64134673387,0,oracle_reserve_lru,spill,proactive_target_headroom,30845444096,14784921600,15552584286,17135828992,0,578813952,31424258048,0.9940262519814241,0.9878574048835089,1.0,0.98,508,276,235,561,433,75497472,75497472,CPU,64134673387.0,0.0,0,0
64134673387,0,oracle_reserve_lru,spill,proactive_target_headroom,30769946624,14709424128,15552584286,17211326464,0,576716800,31346663424,0.9915717439656482,0.9828682260709659,1.0,0.98,508,275,236,561,433,75497472,75497472,CPU,64134673387.0,0.0,0,0
64134673387,0,oracle_reserve_lru,spill,proactive_target_headroom,30694449152,14633926656,15552584286,17286823936,0,574619648,31269068800,0.9891172359498722,0.9778790472584229,1.0,0.98,508,274,237,561,433,75497472,75497472,CPU,64134673387.0,0.0,0,0
64842677158,0,oracle_reserve_lru,trigger,forecast_above_trigger,31048867840,14988345344,15552584286,17286823936,0,574619648,31623487488,1.000328367157065,1.0006674585913895,1.0,0.98,508,274,-1,0,0,0,0,,0.0,0.0,508,0
64842677158,0,oracle_reserve_lru,spill,proactive_target_headroom,30973370368,14912847872,15552584286,17362321408,0,572522496,31545892864,0.9978738591412891,0.9956782797788465,1.0,0.98,508,273,238,571,443,75497472,75497472,CPU,64842677158.0,0.0,0,0
64842677158,0,oracle_reserve_lru,spill,proactive_target_headroom,30897872896,14837350400,15552584286,17437818880,0,570425344,31468298240,0.9954193511255132,0.9906891009663036,1.0,0.98,508,272,239,571,443,75497472,75497472,CPU,64842677158.0,0.0,0,0
64842677158,0,oracle_reserve_lru,spill,proactive_target_headroom,30822375424,14761852928,15552584286,17513316352,0,568328192,31390703616,0.9929648431097372,0.9856999221537606,1.0,0.98,508,271,240,569,441,75497472,75497472,CPU,64842677158.0,0.0,0,0
64842677158,0,oracle_reserve_lru,spill,proactive_target_headroom,30746877952,14686355456,15552584286,17588813824,0,566231040,31313108992,0.9905103350939612,0.9807107433412176,1.0,0.98,508,270,241,563,435,75497472,75497472,CPU,64842677158.0,0.0,0,0
64842677158,0,oracle_reserve_lru,spill,proactive_target_headroom,30673477632,14612955136,15552584286,17662214144,0,564133888,31237611520,0.9881221651326658,0.9758564071992839,1.0,0.98,508,269,242,559,431,73400320,73400320,CPU,64842677158.0,0.0,0,0
66053861597,0,oracle_reserve_lru,trigger,forecast_above_trigger,31057256448,14996733952,15552584286,17662214144,0,564133888,31621390336,1.0002620291025845,1.0005326159207801,1.0,0.98,508,269,-1,0,0,0,0,,0.0,0.0,508,0
66053861597,0,oracle_reserve_lru,spill,proactive_target_headroom,30981758976,14921236480,15552584286,17737711616,0,562036736,31543795712,0.9978075210868087,0.9955434371082372,1.0,0.98,508,268,243,569,441,75497472,75497472,CPU,66053861597.0,0.0,0,0
66053861597,0,oracle_reserve_lru,spill,proactive_target_headroom,30906261504,14845739008,15552584286,17813209088,0,559939584,31466201088,0.9953530130710327,0.9905542582956943,1.0,0.98,508,267,244,569,441,75497472,75497472,CPU,66053861597.0,0.0,0,0
66053861597,0,oracle_reserve_lru,spill,proactive_target_headroom,30830764032,14770241536,15552584286,17888706560,0,557842432,31388606464,0.9928985050552568,0.9855650794831513,1.0,0.98,508,266,245,564,436,75497472,75497472,CPU,66053861597.0,0.0,0,0
66053861597,0,oracle_reserve_lru,spill,proactive_target_headroom,30755266560,14694744064,15552584286,17964204032,0,555745280,31311011840,0.9904439970394808,0.9805759006706083,1.0,0.98,508,265,246,563,435,75497472,75497472,CPU,66053861597.0,0.0,0,0
66053861597,0,oracle_reserve_lru,spill,proactive_target_headroom,30681866240,14621343744,15552584286,18037604352,0,553648128,31235514368,0.9880558270781853,0.9757215645286746,1.0,0.98,508,264,247,557,429,73400320,73400320,CPU,66053861597.0,0.0,0,0
66744651192,0,oracle_reserve_lru,trigger,forecast_above_trigger,31069839360,15009316864,15552584286,18037604352,0,553648128,31623487488,1.000328367157065,1.0006674585913895,1.0,0.98,508,264,-1,0,0,0,0,,0.0,0.0,508,0
66744651192,0,oracle_reserve_lru,spill,proactive_target_headroom,30994341888,14933819392,15552584286,18113101824,0,551550976,31545892864,0.9978738591412891,0.9956782797788465,1.0,0.98,508,263,248,562,434,75497472,75497472,CPU,66744651192.0,0.0,0,0
66744651192,0,oracle_reserve_lru,spill,proactive_target_headroom,30920941568,14860419072,15552584286,18186502144,0,549453824,31470395392,0.9954856891799936,0.9908239436369128,1.0,0.98,508,262,249,559,431,73400320,73400320,CPU,66744651192.0,0.0,0,0
66744651192,0,oracle_reserve_lru,spill,proactive_target_headroom,30847541248,14787018752,15552584286,18259902464,0,547356672,31394897920,0.993097519218698,0.9859696074949791,1.0,0.98,508,261,250,559,431,73400320,73400320,CPU,66744651192.0,0.0,0,0
66744651192,0,oracle_reserve_lru,spill,proactive_target_headroom,30774140928,14713618432,15552584286,18333302784,0,545259520,31319400448,0.9907093492574026,0.9811152713530454,1.0,0.98,508,260,251,558,430,73400320,73400320,CPU,66744651192.0,0.0,0,0
66744651192,0,oracle_reserve_lru,spill,proactive_target_headroom,30700740608,14640218112,15552584286,18406703104,0,543162368,31243902976,0.9883211792961071,0.9762609352111117,1.0,0.98,508,259,252,554,426,73400320,73400320,CPU,66744651192.0,0.0,0,0
67457727134,0,oracle_reserve_lru,trigger,forecast_above_trigger,31071936512,15011414016,15552584286,18406703104,0,543162368,31615098880,1.0000630149391434,1.0001280879089525,1.0,0.98,508,259,-1,0,0,0,0,,0.0,0.0,508,0
67457727134,0,oracle_reserve_lru,spill,proactive_target_headroom,30996439040,14935916544,15552584286,18482200576,0,541065216,31537504256,0.9976085069233674,0.9951389090964095,1.0,0.98,508,258,253,565,437,75497472,75497472,CPU,67457727134.0,0.0,0,0
67457727134,0,oracle_reserve_lru,spill,proactive_target_headroom,30920941568,14860419072,15552584286,18557698048,0,538968064,31459909632,0.9951539989075915,0.9901497302838664,1.0,0.98,508,257,254,564,436,75497472,75497472,CPU,67457727134.0,0.0,0,0
67457727134,0,oracle_reserve_lru,spill,proactive_target_headroom,30845444096,14784921600,15552584286,18633195520,0,536870912,31382315008,0.9926994908918155,0.9851605514713235,1.0,0.98,508,256,255,564,436,75497472,75497472,CPU,67457727134.0,0.0,0,0
67457727134,0,oracle_reserve_lru,spill,proactive_target_headroom,30772043776,14711521280,15552584286,18706595840,0,534773760,31306817536,0.99031132093052,0.9803062153293898,1.0,0.98,508,255,256,560,432,73400320,73400320,CPU,67457727134.0,0.0,0,0
67457727134,0,oracle_reserve_lru,spill,proactive_target_headroom,30698643456,14638120960,15552584286,18779996160,0,532676608,31231320064,0.9879231509692245,0.9754518791874561,1.0,0.98,508,254,257,557,429,73400320,73400320,CPU,67457727134.0,0.0,0,0
67457727134,0,oracle_reserve_lru,admission,value_ranked_working_set,30698643456,14638120960,15552584286,18779996160,0,532676608,31231320064,0.9879231509692245,0.9754518791874561,1.0,0.98,508,254,-1,0,0,0,0,,0.0,0.0,1,253
67457727134,0,oracle_reserve_lru,reload,value_ranked_admission,30793015296,14732492800,15552584286,18712887296,0,0,30793015296,0.9740584975828144,0.9472697610301187,1.0,0.98,253,0,165,512,384,67108864,67108864,CPU,0.0,0.0,0,0
68122723840,0,oracle_reserve_lru,trigger,forecast_above_trigger,31095005184,15034482688,15552584286,18712887296,0,534773760,31629778944,1.0005273813205064,1.0010719866032174,1.0,0.98,508,255,-1,0,0,0,0,,0.0,0.0,508,0
68122723840,0,oracle_reserve_lru,spill,proactive_target_headroom,31019507712,14958985216,15552584286,18788384768,0,532676608,31552184320,0.9980728733047304,0.9960828077906744,1.0,0.98,508,254,258,566,438,75497472,75497472,CPU,68122723840.0,0.0,0,0
68122723840,0,oracle_reserve_lru,spill,proactive_target_headroom,30944010240,14883487744,15552584286,18863882240,0,530579456,31474589696,0.9956183652889544,0.9910936289781314,1.0,0.98,508,253,259,566,438,75497472,75497472,CPU,68122723840.0,0.0,0,0
68122723840,0,oracle_reserve_lru,spill,proactive_target_headroom,30868512768,14807990272,15552584286,18939379712,0,528482304,31396995072,0.9931638572731786,0.9861044501655883,1.0,0.98,508,252,260,565,437,75497472,75497472,CPU,68122723840.0,0.0,0,0
68122723840,0,oracle_reserve_lru,spill,proactive_target_headroom,30793015296,14732492800,15552584286,19014877184,0,526385152,31319400448,0.9907093492574026,0.9811152713530454,1.0,0.98,508,251,261,561,433,75497472,75497472,CPU,68122723840.0,0.0,0,0
68122723840,0,oracle_reserve_lru,spill,proactive_target_headroom,30717517824,14656995328,15552584286,19090374656,0,524288000,31241805824,0.9882548412416267,0.9761260925405024,1.0,0.98,508,250,262,561,433,75497472,75497472,CPU,68122723840.0,0.0,0,0
68982816082,0,oracle_reserve_lru,trigger,forecast_above_trigger,31134851072,15074328576,15552584286,19090374656,0,524288000,31659139072,1.0014561140832323,1.002959783991747,1.0,0.98,508,250,-1,0,0,0,0,,0.0,0.0,508,0
68982816082,0,oracle_reserve_lru,spill,proactive_target_headroom,31059353600,14998831104,15552584286,19165872128,0,522190848,31581544448,0.9990016060674565,0.9979706051792041,1.0,0.98,508,249,263,572,444,75497472,75497472,CPU,68982816082.0,0.0,0,0
68982816082,0,oracle_reserve_lru,spill,proactive_target_headroom,30983856128,14923333632,15552584286,19241369600,0,520093696,31503949824,0.9965470980516805,0.9929814263666611,1.0,0.98,508,248,264,571,443,75497472,75497472,CPU,68982816082.0,0.0,0,0
68982816082,0,oracle_reserve_lru,spill,proactive_target_headroom,30908358656,14847836160,15552584286,19316867072,0,517996544,31426355200,0.9940925900359046,0.9879922475541182,1.0,0.98,508,247,265,570,442,75497472,75497472,CPU,68982816082.0,0.0,0,0
68982816082,0,oracle_reserve_lru,spill,proactive_target_headroom,30832861184,14772338688,15552584286,19392364544,0,515899392,31348760576,0.9916380820201286,0.9830030687415752,1.0,0.98,508,246,266,568,440,75497472,75497472,CPU,68982816082.0,0.0,0,0
68982816082,0,oracle_reserve_lru,spill,proactive_target_headroom,30757363712,14696841216,15552584286,19467862016,0,513802240,31271165952,0.9891835740043526,0.9780138899290323,1.0,0.98,508,245,267,565,437,75497472,75497472,CPU,68982816082.0,0.0,0,0
69648858479,0,oracle_reserve_lru,trigger,forecast_above_trigger,31126462464,15065939968,15552584286,19467862016,0,513802240,31640264704,1.0008590715929084,1.0017461999562636,1.0,0.98,508,245,-1,0,0,0,0,,0.0,0.0,508,0
69648858479,0,oracle_reserve_lru,spill,proactive_target_headroom,31048867840,14988345344,15552584286,19545456640,0,511705088,31560572928,0.9983382255226522,0.9966221784731114,1.0,0.98,508,244,268,577,449,77594624,77594624,CPU,69648858479.0,0.0,0,0
69648858479,0,oracle_reserve_lru,spill,proactive_target_headroom,30973370368,14912847872,15552584286,19620954112,0,509607936,31482978304,0.9958837175068762,0.9916329996605684,1.0,0.98,508,243,269,576,448,75497472,75497472,CPU,69648858479.0,0.0,0,0
69648858479,0,oracle_reserve_lru,spill,proactive_target_headroom,30897872896,14837350400,15552584286,19696451584,0,507510784,31405383680,0.9934292094911003,0.9866438208480255,1.0,0.98,508,242,270,573,445,75497472,75497472,CPU,69648858479.0,0.0,0,0
69648858479,0,oracle_reserve_lru,spill,proactive_target_headroom,30822375424,14761852928,15552584286,19771949056,0,505413632,31327789056,0.9909747014753243,0.9816546420354825,1.0,0.98,508,241,271,570,442,75497472,75497472,CPU,69648858479.0,0.0,0,0
69648858479,0,oracle_reserve_lru,spill,proactive_target_headroom,30746877952,14686355456,15552584286,19847446528,0,503316480,31250194432,0.9885201934595483,0.9766654632229396,1.0,0.98,508,240,272,567,439,75497472,75497472,CPU,69648858479.0,0.0,0,0
70685217993,0,oracle_reserve_lru,trigger,forecast_above_trigger,31118073856,15057551360,15552584286,19847446528,0,503316480,31621390336,1.0002620291025845,1.0005326159207801,1.0,0.98,508,240,-1,0,0,0,0,,0.0,0.0,508,0
70685217993,0,oracle_reserve_lru,spill,proactive_target_headroom,31042576384,14982053888,15552584286,19922944000,0,501219328,31543795712,0.9978075210868087,0.9955434371082372,1.0,0.98,508,239,273,574,446,75497472,75497472,CPU,70685217993.0,0.0,0,0
70685217993,0,oracle_reserve_lru,spill,proactive_target_headroom,30967078912,14906556416,15552584286,19998441472,0,499122176,31466201088,0.9953530130710327,0.9905542582956943,1.0,0.98,508,238,274,573,445,75497472,75497472,CPU,70685217993.0,0.0,0,0
70685217993,0,oracle_reserve_lru,spill,proactive_target_headroom,30891581440,14831058944,15552584286,20073938944,0,497025024,31388606464,0.9928985050552568,0.9855650794831513,1.0,0.98,508,237,275,572,444,75497472,75497472,CPU,70685217993.0,0.0,0,0
70685217993,0,oracle_reserve_lru,spill,proactive_target_headroom,30816083968,14755561472,15552584286,20149436416,0,494927872,31311011840,0.9904439970394808,0.9805759006706083,1.0,0.98,508,236,276,569,441,75497472,75497472,CPU,70685217993.0,0.0,0,0
70685217993,0,oracle_reserve_lru,spill,proactive_target_headroom,30740586496,14680064000,15552584286,20224933888,0,492830720,31233417216,0.9879894890237049,0.9755867218580654,1.0,0.98,508,235,277,568,440,75497472,75497472,CPU,70685217993.0,0.0,0,0
71710918095,0,oracle_reserve_lru,trigger,forecast_above_trigger,31141142528,15080620032,15552584286,20224933888,0,492830720,31633973248,1.0006600574294673,1.001341671944436,1.0,0.98,508,235,-1,0,0,0,0,,0.0,0.0,508,0
71710918095,0,oracle_reserve_lru,spill,proactive_target_headroom,31063547904,15003025408,15552584286,20302528512,0,490733568,31554281472,0.9981392113592108,0.9962176504612836,1.0,0.98,508,234,278,581,453,77594624,77594624,CPU,71710918095.0,0.0,0,0
71710918095,0,oracle_reserve_lru,spill,proactive_target_headroom,30985953280,14925430784,15552584286,20380123136,0,488636416,31474589696,0.9956183652889544,0.9910936289781314,1.0,0.98,508,233,279,580,452,77594624,77594624,CPU,71710918095.0,0.0,0,0
71710918095,0,oracle_reserve_lru,spill,proactive_target_headroom,30908358656,14847836160,15552584286,20457717760,0,486539264,31394897920,0.993097519218698,0.9859696074949791,1.0,0.98,508,232,280,578,450,77594624,77594624,CPU,71710918095.0,0.0,0,0
71710918095,0,oracle_reserve_lru,spill,proactive_target_headroom,30830764032,14770241536,15552584286,20535312384,0,484442112,31315206144,0.9905766731484417,0.9808455860118269,1.0,0.98,508,231,281,577,449,77594624,77594624,CPU,71710918095.0,0.0,0,0
71710918095,0,oracle_reserve_lru,spill,proactive_target_headroom,30753169408,14692646912,15552584286,20612907008,0,482344960,31235514368,0.9880558270781853,0.9757215645286746,1.0,0.98,508,230,282,577,449,77594624,77594624,CPU,71710918095.0,0.0,0,0
72600701033,0,oracle_reserve_lru,trigger,forecast_above_trigger,31176794112,15116271616,15552584286,20612907008,0,482344960,31659139072,1.0014561140832323,1.002959783991747,1.0,0.98,508,230,-1,0,0,0,0,,0.0,0.0,508,0
72600701033,0,oracle_reserve_lru,spill,proactive_target_headroom,31099199488,15038676992,15552584286,20690501632,0,480247808,31579447296,0.998935268012976,0.9978357625085948,1.0,0.98,508,229,283,590,462,77594624,77594624,CPU,72600701033.0,0.0,0,0
72600701033,0,oracle_reserve_lru,spill,proactive_target_headroom,31021604864,14961082368,15552584286,20768096256,0,478150656,31499755520,0.9964144219427197,0.9927117410254426,1.0,0.98,508,228,284,588,460,77594624,77594624,CPU,72600701033.0,0.0,0,0
72600701033,0,oracle_reserve_lru,spill,proactive_target_headroom,30944010240,14883487744,15552584286,20845690880,0,476053504,31420063744,0.9938935758724633,0.9875877195422903,1.0,0.98,508,227,285,588,460,77594624,77594624,CPU,72600701033.0,0.0,0,0
72600701033,0,oracle_reserve_lru,spill,proactive_target_headroom,30866415616,14805893120,15552584286,20923285504,0,473956352,31340371968,0.9913727298022069,0.9824636980591381,1.0,0.98,508,226,286,587,459,77594624,77594624,CPU,72600701033.0,0.0,0,0
72600701033,0,oracle_reserve_lru,spill,proactive_target_headroom,30788820992,14728298496,15552584286,21000880128,0,471859200,31260680192,0.9888518837319505,0.9773396765759859,1.0,0.98,508,225,287,586,458,77594624,77594624,CPU,72600701033.0,0.0,0,0
73720996773,0,oracle_reserve_lru,trigger,forecast_above_trigger,31151628288,15091105792,15552584286,21000880128,0,471859200,31623487488,1.000328367157065,1.0006674585913895,1.0,0.98,508,225,-1,0,0,0,0,,0.0,0.0,508,0
73720996773,0,oracle_reserve_lru,spill,proactive_target_headroom,31071936512,15011414016,15552584286,21080571904,0,469762048,31541698560,0.9977411830323283,0.995408594437628,1.0,0.98,508,224,288,599,471,79691776,79691776,CPU,73720996773.0,0.0,0,0
73720996773,0,oracle_reserve_lru,spill,proactive_target_headroom,30992244736,14931722240,15552584286,21160263680,0,467664896,31459909632,0.9951539989075915,0.9901497302838664,1.0,0.98,508,223,289,598,470,79691776,79691776,CPU,73720996773.0,0.0,0,0
73720996773,0,oracle_reserve_lru,spill,proactive_target_headroom,30912552960,14852030464,15552584286,21239955456,0,465567744,31378120704,0.9925668147828547,0.9848908661301049,1.0,0.98,508,222,290,598,470,79691776,79691776,CPU,73720996773.0,0.0,0,0
73720996773,0,oracle_reserve_lru,spill,proactive_target_headroom,30832861184,14772338688,15552584286,21319647232,0,463470592,31296331776,0.9899796306581178,0.9796320019763435,1.0,0.98,508,221,291,598,470,79691776,79691776,CPU,73720996773.0,0.0,0,0
74825030401,0,oracle_reserve_lru,trigger,forecast_above_trigger,31168405504,15107883008,15552584286,21319647232,0,463470592,31631876096,1.0005937193749868,1.0012068292738265,1.0,0.98,508,221,-1,0,0,0,0,,0.0,0.0,508,0
74825030401,0,oracle_reserve_lru,spill,proactive_target_headroom,31088713728,15028191232,15552584286,21399339008,0,461373440,31550087168,0.99800653525025,0.9959479651200651,1.0,0.98,508,220,292,607,479,79691776,79691776,CPU,74825030401.0,0.0,0,0
74825030401,0,oracle_reserve_lru,spill,proactive_target_headroom,31009021952,14948499456,15552584286,21479030784,0,459276288,31468298240,0.9954193511255132,0.9906891009663036,1.0,0.98,508,219,293,606,478,79691776,79691776,CPU,74825030401.0,0.0,0,0
74825030401,0,oracle_reserve_lru,spill,proactive_target_headroom,30929330176,14868807680,15552584286,21558722560,0,457179136,31386509312,0.9928321670007764,0.985430236812542,1.0,0.98,508,218,294,606,478,79691776,79691776,CPU,74825030401.0,0.0,0,0
74825030401,0,oracle_reserve_lru,spill,proactive_target_headroom,30849638400,14789115904,15552584286,21638414336,0,455081984,31304720384,0.9902449828760396,0.9801713726587805,1.0,0.98,508,217,295,605,477,79691776,79691776,CPU,74825030401.0,0.0,0,0
74825030401,0,oracle_reserve_lru,spill,proactive_target_headroom,30769946624,14709424128,15552584286,21718106112,0,452984832,31222931456,0.9876577987513028,0.974912508505019,1.0,0.98,508,216,296,605,477,79691776,79691776,CPU,74825030401.0,0.0,0,0
74825030401,0,oracle_reserve_lru,admission,value_ranked_working_set,30769946624,14709424128,15552584286,21718106112,0,452984832,31222931456,0.9876577987513028,0.974912508505019,1.0,0.98,508,216,-1,0,0,0,0,,0.0,0.0,1,291
74825030401,0,oracle_reserve_lru,reload,value_ranked_admission,30878998528,14818476032,15552584286,21642608640,0,0,30878998528,0.976778357816512,0.9527983105250988,1.0,0.98,291,0,273,574,446,75497472,75497472,CPU,0.0,0.0,0,0
75911640366,0,oracle_reserve_lru,trigger,forecast_above_trigger,31187279872,15126757376,15552584286,21642608640,0,455081984,31642361856,1.000925409647389,1.001881042626873,1.0,0.98,508,217,-1,0,0,0,0,,0.0,0.0,508,0
75911640366,0,oracle_reserve_lru,spill,proactive_target_headroom,31105490944,15044968448,15552584286,21724397568,0,452984832,31558475776,0.9982718874681717,0.9964873358025021,1.0,0.98,508,216,297,617,489,81788928,81788928,CPU,75911640366.0,0.0,0,0
75911640366,0,oracle_reserve_lru,spill,proactive_target_headroom,31023702016,14963179520,15552584286,21806186496,0,450887680,31474589696,0.9956183652889544,0.9910936289781314,1.0,0.98,508,215,298,616,488,81788928,81788928,CPU,75911640366.0,0.0,0,0
75911640366,0,oracle_reserve_lru,spill,proactive_target_headroom,30941913088,14881390592,15552584286,21887975424,0,448790528,31390703616,0.9929648431097372,0.9856999221537606,1.0,0.98,508,214,299,616,488,81788928,81788928,CPU,75911640366.0,0.0,0,0
75911640366,0,oracle_reserve_lru,spill,proactive_target_headroom,30860124160,14799601664,15552584286,21969764352,0,446693376,31306817536,0.99031132093052,0.9803062153293898,1.0,0.98,508,213,300,616,488,81788928,81788928,CPU,75911640366.0,0.0,0,0
75911640366,0,oracle_reserve_lru,spill,proactive_target_headroom,30778335232,14717812736,15552584286,22051553280,0,444596224,31222931456,0.9876577987513028,0.974912508505019,1.0,0.98,508,212,301,616,488,81788928,81788928,CPU,75911640366.0,0.0,0,0
75911640366,0,oracle_reserve_lru,admission,value_ranked_working_set,30778335232,14717812736,15552584286,22051553280,0,444596224,31222931456,0.9876577987513028,0.974912508505019,1.0,0.98,508,212,-1,0,0,0,0,,0.0,0.0,1,295
75911640366,0,oracle_reserve_lru,reload,value_ranked_admission,30883192832,14822670336,15552584286,21976055808,0,0,30883192832,0.976911033925473,0.9530679958663173,1.0,0.98,295,0,274,573,445,75497472,75497472,CPU,0.0,0.0,0,0
76529460027,0,oracle_reserve_lru,trigger,forecast_above_trigger,31187279872,15126757376,15552584286,21976055808,0,438304768,31625584640,1.0003947052115456,1.0008023012619989,1.0,0.98,508,213,-1,0,0,0,0,,0.0,0.0,508,0
76529460027,0,oracle_reserve_lru,spill,proactive_target_headroom,31103393792,15042871296,15552584286,22059941888,0,438304768,31541698560,0.9977411830323283,0.995408594437628,1.0,0.98,508,212,302,626,498,83886080,83886080,CPU,76529460027.0,0.0,0,0
76529460027,0,oracle_reserve_lru,spill,proactive_target_headroom,31019507712,14958985216,15552584286,22143827968,0,438304768,31457812480,0.9950876608531111,0.9900148876132572,1.0,0.98,508,211,303,626,498,83886080,83886080,CPU,76529460027.0,0.0,0,0
76529460027,0,oracle_reserve_lru,spill,proactive_target_headroom,30935621632,14875099136,15552584286,22227714048,0,438304768,31373926400,0.9924341386738937,0.9846211807888864,1.0,0.98,508,210,304,626,498,83886080,83886080,CPU,76529460027.0,0.0,0,0
76529460027,0,oracle_reserve_lru,spill,proactive_target_headroom,30853832704,14793310208,15552584286,22309502976,0,436207616,31290040320,0.9897806164946765,0.9792274739645156,1.0,0.98,508,209,305,621,493,81788928,81788928,CPU,76529460027.0,0.0,0,0
78157511239,0,oracle_reserve_lru,trigger,forecast_above_trigger,31235514368,15174991872,15552584286,22309502976,0,398458880,31633973248,1.0006600574294673,1.001341671944436,1.0,0.98,507,208,-1,0,0,0,0,,0.0,0.0,507,0
78157511239,0,oracle_reserve_lru,spill,proactive_target_headroom,31151628288,15091105792,15552584286,22393389056,0,398458880,31550087168,0.99800653525025,0.9959479651200651,1.0,0.98,507,207,306,638,510,83886080,83886080,CPU,78157511239.0,0.0,0,0
78157511239,0,oracle_reserve_lru,spill,proactive_target_headroom,31067742208,15007219712,15552584286,22477275136,0,398458880,31466201088,0.9953530130710327,0.9905542582956943,1.0,0.98,507,206,307,638,510,83886080,83886080,CPU,78157511239.0,0.0,0,0
78157511239,0,oracle_reserve_lru,spill,proactive_target_headroom,30983856128,14923333632,15552584286,22561161216,0,398458880,31382315008,0.9926994908918155,0.9851605514713235,1.0,0.98,507,205,308,637,509,83886080,83886080,CPU,78157511239.0,0.0,0,0
78157511239,0,oracle_reserve_lru,spill,proactive_target_headroom,30899970048,14839447552,15552584286,22645047296,0,398458880,31298428928,0.9900459687125983,0.9797668446469527,1.0,0.98,507,204,309,637,509,83886080,83886080,CPU,78157511239.0,0.0,0,0
78385607979,0,oracle_reserve_lru,admission,value_ranked_working_set,30751072256,14690549760,15552584286,22645047296,0,392167424,31143239680,0.9851369526810464,0.9697884870218668,1.0,0.98,504,201,-1,0,0,0,0,,0.0,0.0,2,301
78385607979,0,oracle_reserve_lru,reload,value_ranked_admission,30931427328,14870904832,15552584286,22489858048,0,0,30931427328,0.9784368091785228,0.9561693772903306,1.0,0.98,301,0,306,638,510,83886080,83886080,CPU,0.0,0.0,0,0
78385607979,0,oracle_reserve_lru,reload,value_ranked_admission,30931427328,14870904832,15552584286,22489858048,0,0,30931427328,0.9784368091785228,0.9561693772903306,1.0,0.98,301,0,208,544,416,71303168,71303168,CPU,0.0,0.0,0,0
78441920088,0,oracle_reserve_lru,admission,value_ranked_working_set,30763655168,14703132672,15552584286,22489858048,0,394264576,31157919744,0.9856013190624093,0.9707323857161316,1.0,0.98,502,201,-1,0,0,0,0,,0.0,0.0,1,300
78441920088,0,oracle_reserve_lru,reload,value_ranked_admission,30872707072,14812184576,15552584286,22405971968,0,0,30872707072,0.9765793436530708,0.952393782513271,1.0,0.98,300,0,307,638,510,83886080,83886080,CPU,0.0,0.0,0,0
78498070123,0,oracle_reserve_lru,admission,value_ranked_working_set,30788820992,14728298496,15552584286,22405971968,0,392167424,31180988416,0.9863310376616942,0.9722156550928336,1.0,0.98,501,201,-1,0,0,0,0,,0.0,0.0,1,299
78498070123,0,oracle_reserve_lru,reload,value_ranked_admission,30897872896,14837350400,15552584286,22322085888,0,0,30897872896,0.9773754003068359,0.9540118945605822,1.0,0.98,299,0,308,637,509,83886080,83886080,CPU,0.0,0.0,0,0
78554024723,0,oracle_reserve_lru,admission,value_ranked_working_set,30730100736,14669578240,15552584286,22322085888,0,385875968,31115976704,0.9842745579728007,0.9680355323039462,1.0,0.98,499,200,-1,0,0,0,0,,0.0,0.0,2,297
78554024723,0,oracle_reserve_lru,reload,value_ranked_admission,30929330176,14868807680,15552584286,22154313728,0,0,30929330176,0.9783704711240424,0.9560345346197213,1.0,0.98,297,0,309,637,509,83886080,83886080,CPU,0.0,0.0,0,0
78554024723,0,oracle_reserve_lru,reload,value_ranked_admission,30929330176,14868807680,15552584286,22154313728,0,0,30929330176,0.9783704711240424,0.9560345346197213,1.0,0.98,297,0,302,626,498,83886080,83886080,CPU,0.0,0.0,0,0
78609979323,0,oracle_reserve_lru,admission,value_ranked_working_set,30593785856,14533263360,15552584286,22154313728,0,375390208,30969176064,0.9796308941591706,0.9585965453612973,1.0,0.98,495,198,-1,0,0,0,0,,0.0,0.0,4,293
78609979323,0,oracle_reserve_lru,reload,value_ranked_admission,30944010240,14883487744,15552584286,21827158016,0,0,30944010240,0.9788348375054055,0.9569784333139861,1.0,0.98,293,0,303,626,498,83886080,83886080,CPU,0.0,0.0,0,0
78609979323,0,oracle_reserve_lru,reload,value_ranked_admission,30944010240,14883487744,15552584286,21827158016,0,0,30944010240,0.9788348375054055,0.9569784333139861,1.0,0.98,293,0,304,626,498,83886080,83886080,CPU,0.0,0.0,0,0
78609979323,0,oracle_reserve_lru,reload,value_ranked_admission,30944010240,14883487744,15552584286,21827158016,0,0,30944010240,0.9788348375054055,0.9569784333139861,1.0,0.98,293,0,305,621,493,81788928,81788928,CPU,0.0,0.0,0,0
78609979323,0,oracle_reserve_lru,reload,value_ranked_admission,30944010240,14883487744,15552584286,21827158016,0,0,30944010240,0.9788348375054055,0.9569784333139861,1.0,0.98,293,0,283,590,462,77594624,77594624,CPU,0.0,0.0,0,0
78665933923,0,oracle_reserve_lru,admission,value_ranked_working_set,30776238080,14715715584,15552584286,21827158016,0,375390208,31151628288,0.9854023048989681,0.9703278577043039,1.0,0.98,493,200,-1,0,0,0,0,,0.0,0.0,1,292
78665933923,0,oracle_reserve_lru,reload,value_ranked_admission,30885289984,14824767488,15552584286,21745369088,0,0,30885289984,0.9769773719799534,0.9532028385369266,1.0,0.98,292,0,297,617,489,81788928,81788928,CPU,0.0,0.0,0,0
78721888523,0,oracle_reserve_lru,admission,value_ranked_working_set,30717517824,14656995328,15552584286,21745369088,0,371195904,31088713728,0.9834121632645552,0.9662825775860258,1.0,0.98,491,199,-1,0,0,0,0,,0.0,0.0,2,290
78721888523,0,oracle_reserve_lru,reload,value_ranked_admission,30904164352,14843641856,15552584286,21581791232,0,0,30904164352,0.9775744144702773,0.95441642257241,1.0,0.98,290,0,298,616,488,81788928,81788928,CPU,0.0,0.0,0,0
78721888523,0,oracle_reserve_lru,reload,value_ranked_admission,30904164352,14843641856,15552584286,21581791232,0,0,30904164352,0.9775744144702773,0.95441642257241,1.0,0.98,290,0,299,616,488,81788928,81788928,CPU,0.0,0.0,0,0
78775871461,0,oracle_reserve_lru,admission,value_ranked_working_set,30736392192,14675869696,15552584286,21581791232,0,367001600,31103393792,0.9838765296459182,0.9672264762802907,1.0,0.98,489,199,-1,0,0,0,0,,0.0,0.0,2,288
78775871461,0,oracle_reserve_lru,reload,value_ranked_admission,30931427328,14870904832,15552584286,21418213376,0,0,30931427328,0.9784368091785228,0.9561693772903306,1.0,0.98,288,0,300,616,488,81788928,81788928,CPU,0.0,0.0,0,0
78775871461,0,oracle_reserve_lru,reload,value_ranked_admission,30931427328,14870904832,15552584286,21418213376,0,0,30931427328,0.9784368091785228,0.9561693772903306,1.0,0.98,288,0,301,616,488,81788928,81788928,CPU,0.0,0.0,0,0
79204680691,0,oracle_reserve_lru,admission,value_ranked_working_set,30849638400,14789115904,15552584286,21418213376,0,322961408,31172599808,0.9860656854437724,0.9716762844103966,1.0,0.98,486,198,-1,0,0,0,0,,0.0,0.0,1,287
79204680691,0,oracle_reserve_lru,reload,value_ranked_admission,30956593152,14896070656,15552584286,21338521600,0,0,30956593152,0.979232865832288,0.9577874893376418,1.0,0.98,287,0,292,607,479,79691776,79691776,CPU,0.0,0.0,0,0
79656958706,0,oracle_reserve_lru,admission,value_ranked_working_set,30816083968,14755561472,15552584286,21338521600,0,318767104,31134851072,0.9848716004631246,0.9692491163394297,1.0,0.98,484,197,-1,0,0,0,0,,0.0,0.0,2,285
79656958706,0,oracle_reserve_lru,reload,value_ranked_admission,30998536192,14938013696,15552584286,21179138048,0,0,30998536192,0.9805596269218966,0.9604843427498272,1.0,0.98,285,0,293,606,478,79691776,79691776,CPU,0.0,0.0,0,0
79656958706,0,oracle_reserve_lru,reload,value_ranked_admission,30998536192,14938013696,15552584286,21179138048,0,0,30998536192,0.9805596269218966,0.9604843427498272,1.0,0.98,285,0,294,606,478,79691776,79691776,CPU,0.0,0.0,0,0
79755987224,0,oracle_reserve_lru,admission,value_ranked_working_set,30579105792,14518583296,15552584286,21179138048,0,318767104,30897872896,0.9773754003068359,0.9540118945605822,1.0,0.98,479,194,-1,0,0,0,0,,0.0,0.0,5,280
79755987224,0,oracle_reserve_lru,reload,value_ranked_admission,30992244736,14931722240,15552584286,20786970624,0,0,30992244736,0.9803606127584553,0.9600798147379993,1.0,0.98,280,0,295,605,477,79691776,79691776,CPU,0.0,0.0,0,0
79755987224,0,oracle_reserve_lru,reload,value_ranked_admission,30992244736,14931722240,15552584286,20786970624,0,0,30992244736,0.9803606127584553,0.9600798147379993,1.0,0.98,280,0,296,605,477,79691776,79691776,CPU,0.0,0.0,0,0
79755987224,0,oracle_reserve_lru,reload,value_ranked_admission,30992244736,14931722240,15552584286,20786970624,0,0,30992244736,0.9803606127584553,0.9600798147379993,1.0,0.98,280,0,288,599,471,79691776,79691776,CPU,0.0,0.0,0,0
79755987224,0,oracle_reserve_lru,reload,value_ranked_admission,30992244736,14931722240,15552584286,20786970624,0,0,30992244736,0.9803606127584553,0.9600798147379993,1.0,0.98,280,0,289,598,470,79691776,79691776,CPU,0.0,0.0,0,0
79755987224,0,oracle_reserve_lru,reload,value_ranked_admission,30992244736,14931722240,15552584286,20786970624,0,0,30992244736,0.9803606127584553,0.9600798147379993,1.0,0.98,280,0,256,560,432,73400320,73400320,CPU,0.0,0.0,0,0
79882223743,0,oracle_reserve_lru,admission,value_ranked_working_set,30572814336,14512291840,15552584286,20786970624,0,327155712,30899970048,0.9774417383613163,0.9541467372311915,1.0,0.98,474,194,-1,0,0,0,0,,0.0,0.0,5,275
79882223743,0,oracle_reserve_lru,reload,value_ranked_admission,30988050432,14927527936,15552584286,20396900352,0,0,30988050432,0.9802279366494945,0.9598101293967808,1.0,0.98,275,0,290,598,470,79691776,79691776,CPU,0.0,0.0,0,0
79882223743,0,oracle_reserve_lru,reload,value_ranked_admission,30988050432,14927527936,15552584286,20396900352,0,0,30988050432,0.9802279366494945,0.9598101293967808,1.0,0.98,275,0,291,598,470,79691776,79691776,CPU,0.0,0.0,0,0
79882223743,0,oracle_reserve_lru,reload,value_ranked_admission,30988050432,14927527936,15552584286,20396900352,0,0,30988050432,0.9802279366494945,0.9598101293967808,1.0,0.98,275,0,284,588,460,77594624,77594624,CPU,0.0,0.0,0,0
79882223743,0,oracle_reserve_lru,reload,value_ranked_admission,30988050432,14927527936,15552584286,20396900352,0,0,30988050432,0.9802279366494945,0.9598101293967808,1.0,0.98,275,0,285,588,460,77594624,77594624,CPU,0.0,0.0,0,0
79882223743,0,oracle_reserve_lru,reload,value_ranked_admission,30988050432,14927527936,15552584286,20396900352,0,0,30988050432,0.9802279366494945,0.9598101293967808,1.0,0.98,275,0,275,572,444,75497472,75497472,CPU,0.0,0.0,0,0
79951753999,0,oracle_reserve_lru,admission,value_ranked_working_set,30820278272,14759755776,15552584286,20396900352,0,337641472,31157919744,0.9856013190624093,0.9707323857161316,1.0,0.98,472,197,-1,0,0,0,0,,0.0,0.0,1,274
79951753999,0,oracle_reserve_lru,reload,value_ranked_admission,30916747264,14856224768,15552584286,20319305728,0,0,30916747264,0.9779724427971598,0.9552254785960657,1.0,0.98,274,0,286,587,459,77594624,77594624,CPU,0.0,0.0,0,0
80008063868,0,oracle_reserve_lru,admission,value_ranked_working_set,30665089024,14604566528,15552584286,20319305728,0,339738624,31004827648,0.980758641085338,0.960888870761655,1.0,0.98,469,195,-1,0,0,0,0,,0.0,0.0,3,271
80008063868,0,oracle_reserve_lru,reload,value_ranked_admission,30923038720,14862516224,15552584286,20086521856,0,0,30923038720,0.9781714569606011,0.9556300066078934,1.0,0.98,271,0,287,586,458,77594624,77594624,CPU,0.0,0.0,0,0
80008063868,0,oracle_reserve_lru,reload,value_ranked_admission,30923038720,14862516224,15552584286,20086521856,0,0,30923038720,0.9781714569606011,0.9556300066078934,1.0,0.98,271,0,278,581,453,77594624,77594624,CPU,0.0,0.0,0,0
80008063868,0,oracle_reserve_lru,reload,value_ranked_admission,30923038720,14862516224,15552584286,20086521856,0,0,30923038720,0.9781714569606011,0.9556300066078934,1.0,0.98,271,0,279,580,452,77594624,77594624,CPU,0.0,0.0,0,0
80140490128,0,oracle_reserve_lru,admission,value_ranked_working_set,30587494400,14526971904,15552584286,20086521856,0,343932928,30931427328,0.9784368091785228,0.9561693772903306,1.0,0.98,465,194,-1,0,0,0,0,,0.0,0.0,4,267
80140490128,0,oracle_reserve_lru,reload,value_ranked_admission,30910455808,14849933312,15552584286,19778240512,0,0,30910455808,0.9777734286337185,0.9548209505842379,1.0,0.98,267,0,280,578,450,77594624,77594624,CPU,0.0,0.0,0,0
80140490128,0,oracle_reserve_lru,reload,value_ranked_admission,30910455808,14849933312,15552584286,19778240512,0,0,30910455808,0.9777734286337185,0.9548209505842379,1.0,0.98,267,0,281,577,449,77594624,77594624,CPU,0.0,0.0,0,0
80140490128,0,oracle_reserve_lru,reload,value_ranked_admission,30910455808,14849933312,15552584286,19778240512,0,0,30910455808,0.9777734286337185,0.9548209505842379,1.0,0.98,267,0,282,577,449,77594624,77594624,CPU,0.0,0.0,0,0
80140490128,0,oracle_reserve_lru,reload,value_ranked_admission,30910455808,14849933312,15552584286,19778240512,0,0,30910455808,0.9777734286337185,0.9548209505842379,1.0,0.98,267,0,276,569,441,75497472,75497472,CPU,0.0,0.0,0,0
80196711847,0,oracle_reserve_lru,admission,value_ranked_working_set,30491025408,14430502912,15552584286,19778240512,0,352321536,30843346944,0.9756506108903448,0.9505059851247413,1.0,0.98,460,193,-1,0,0,0,0,,0.0,0.0,5,262
80196711847,0,oracle_reserve_lru,reload,value_ranked_admission,30899970048,14839447552,15552584286,19398656000,0,0,30899970048,0.9774417383613163,0.9541467372311915,1.0,0.98,262,0,277,568,440,75497472,75497472,CPU,0.0,0.0,0,0
80196711847,0,oracle_reserve_lru,reload,value_ranked_admission,30899970048,14839447552,15552584286,19398656000,0,0,30899970048,0.9774417383613163,0.9541467372311915,1.0,0.98,262,0,268,577,449,77594624,77594624,CPU,0.0,0.0,0,0
80196711847,0,oracle_reserve_lru,reload,value_ranked_admission,30899970048,14839447552,15552584286,19398656000,0,0,30899970048,0.9774417383613163,0.9541467372311915,1.0,0.98,262,0,269,576,448,75497472,75497472,CPU,0.0,0.0,0,0
80196711847,0,oracle_reserve_lru,reload,value_ranked_admission,30899970048,14839447552,15552584286,19398656000,0,0,30899970048,0.9774417383613163,0.9541467372311915,1.0,0.98,262,0,270,573,445,75497472,75497472,CPU,0.0,0.0,0,0
80196711847,0,oracle_reserve_lru,reload,value_ranked_admission,30899970048,14839447552,15552584286,19398656000,0,0,30899970048,0.9774417383613163,0.9541467372311915,1.0,0.98,262,0,271,570,442,75497472,75497472,CPU,0.0,0.0,0,0
80252933566,0,oracle_reserve_lru,admission,value_ranked_working_set,30648311808,14587789312,15552584286,19398656000,0,362807296,31011119104,0.9809576552487792,0.9612933987734827,1.0,0.98,457,195,-1,0,0,0,0,,0.0,0.0,3,259
80252933566,0,oracle_reserve_lru,reload,value_ranked_admission,30883192832,14822670336,15552584286,19172163584,0,0,30883192832,0.976911033925473,0.9530679958663173,1.0,0.98,259,0,272,567,439,75497472,75497472,CPU,0.0,0.0,0,0
80252933566,0,oracle_reserve_lru,reload,value_ranked_admission,30883192832,14822670336,15552584286,19172163584,0,0,30883192832,0.976911033925473,0.9530679958663173,1.0,0.98,259,0,263,572,444,75497472,75497472,CPU,0.0,0.0,0,0
80252933566,0,oracle_reserve_lru,reload,value_ranked_admission,30883192832,14822670336,15552584286,19172163584,0,0,30883192832,0.976911033925473,0.9530679958663173,1.0,0.98,259,0,264,571,443,75497472,75497472,CPU,0.0,0.0,0,0
80309155285,0,oracle_reserve_lru,admission,value_ranked_working_set,30379876352,14319353856,15552584286,19172163584,0,369098752,30748975104,0.9726653984387253,0.9444380649473241,1.0,0.98,451,192,-1,0,0,0,0,,0.0,0.0,7,252
80309155285,0,oracle_reserve_lru,reload,value_ranked_admission,30944010240,14883487744,15552584286,18643681280,0,0,30944010240,0.9788348375054055,0.9569784333139861,1.0,0.98,252,0,265,570,442,75497472,75497472,CPU,0.0,0.0,0,0
80309155285,0,oracle_reserve_lru,reload,value_ranked_admission,30944010240,14883487744,15552584286,18643681280,0,0,30944010240,0.9788348375054055,0.9569784333139861,1.0,0.98,252,0,266,568,440,75497472,75497472,CPU,0.0,0.0,0,0
80309155285,0,oracle_reserve_lru,reload,value_ranked_admission,30944010240,14883487744,15552584286,18643681280,0,0,30944010240,0.9788348375054055,0.9569784333139861,1.0,0.98,252,0,267,565,437,75497472,75497472,CPU,0.0,0.0,0,0
80309155285,0,oracle_reserve_lru,reload,value_ranked_admission,30944010240,14883487744,15552584286,18643681280,0,0,30944010240,0.9788348375054055,0.9569784333139861,1.0,0.98,252,0,258,566,438,75497472,75497472,CPU,0.0,0.0,0,0
80309155285,0,oracle_reserve_lru,reload,value_ranked_admission,30944010240,14883487744,15552584286,18643681280,0,0,30944010240,0.9788348375054055,0.9569784333139861,1.0,0.98,252,0,259,566,438,75497472,75497472,CPU,0.0,0.0,0,0
80309155285,0,oracle_reserve_lru,reload,value_ranked_admission,30944010240,14883487744,15552584286,18643681280,0,0,30944010240,0.9788348375054055,0.9569784333139861,1.0,0.98,252,0,260,565,437,75497472,75497472,CPU,0.0,0.0,0,0
80309155285,0,oracle_reserve_lru,reload,value_ranked_admission,30944010240,14883487744,15552584286,18643681280,0,0,30944010240,0.9788348375054055,0.9569784333139861,1.0,0.98,252,0,261,561,433,75497472,75497472,CPU,0.0,0.0,0,0
80365303080,0,oracle_reserve_lru,admission,value_ranked_working_set,30860124160,14799601664,15552584286,18643681280,0,371195904,31231320064,0.9879231509692245,0.9754518791874561,1.0,0.98,450,198,-1,0,0,0,0,,0.0,0.0,1,251
80365303080,0,oracle_reserve_lru,reload,value_ranked_admission,30933524480,14873001984,15552584286,18576572416,0,0,30933524480,0.9785031472330032,0.9563042199609398,1.0,0.98,251,0,166,511,383,67108864,67108864,CPU,0.0,0.0,0,0
80517236202,0,oracle_reserve_lru,admission,value_ranked_working_set,30849638400,14789115904,15552584286,18576572416,0,373293056,31222931456,0.9876577987513028,0.974912508505019,1.0,0.98,449,198,-1,0,0,0,0,,0.0,0.0,1,250
80517236202,0,oracle_reserve_lru,reload,value_ranked_admission,30952398848,14891876352,15552584286,18501074944,0,0,30952398848,0.9791001897233271,0.9575178039964233,1.0,0.98,250,0,262,561,433,75497472,75497472,CPU,0.0,0.0,0,0
80573188562,0,oracle_reserve_lru,admission,value_ranked_working_set,30700740608,14640218112,15552584286,18501074944,0,371195904,31071936512,0.9828814588287117,0.9652038362211516,1.0,0.98,446,196,-1,0,0,0,0,,0.0,0.0,3,247
80573188562,0,oracle_reserve_lru,reload,value_ranked_admission,30948204544,14887682048,15552584286,18278776832,0,0,30948204544,0.9789675136143663,0.9572481186552046,1.0,0.98,247,0,253,565,437,75497472,75497472,CPU,0.0,0.0,0,0
80573188562,0,oracle_reserve_lru,reload,value_ranked_admission,30948204544,14887682048,15552584286,18278776832,0,0,30948204544,0.9789675136143663,0.9572481186552046,1.0,0.98,247,0,254,564,436,75497472,75497472,CPU,0.0,0.0,0,0
80573188562,0,oracle_reserve_lru,reload,value_ranked_admission,30948204544,14887682048,15552584286,18278776832,0,0,30948204544,0.9789675136143663,0.9572481186552046,1.0,0.98,247,0,209,543,415,71303168,71303168,CPU,0.0,0.0,0,0
80681874726,0,oracle_reserve_lru,admission,value_ranked_working_set,30646214656,14585692160,15552584286,18278776832,0,375390208,31021604864,0.9812893455211814,0.9619676121265291,1.0,0.98,442,195,-1,0,0,0,0,,0.0,0.0,3,244
80681874726,0,oracle_reserve_lru,reload,value_ranked_admission,30893678592,14833156096,15552584286,18054381568,0,0,30893678592,0.9772427241978751,0.9537422092193637,1.0,0.98,244,0,255,564,436,75497472,75497472,CPU,0.0,0.0,0,0
80681874726,0,oracle_reserve_lru,reload,value_ranked_admission,30893678592,14833156096,15552584286,18054381568,0,0,30893678592,0.9772427241978751,0.9537422092193637,1.0,0.98,244,0,257,557,429,73400320,73400320,CPU,0.0,0.0,0,0
80681874726,0,oracle_reserve_lru,reload,value_ranked_admission,30893678592,14833156096,15552584286,18054381568,0,0,30893678592,0.9772427241978751,0.9537422092193637,1.0,0.98,244,0,248,562,434,75497472,75497472,CPU,0.0,0.0,0,0
80735855424,0,oracle_reserve_lru,admission,value_ranked_working_set,30642020352,14581497856,15552584286,18054381568,0,377487360,31019507712,0.9812230074667009,0.9618327694559199,1.0,0.98,439,195,-1,0,0,0,0,,0.0,0.0,3,241
80735855424,0,oracle_reserve_lru,reload,value_ranked_admission,30887387136,14826864640,15552584286,17834180608,0,0,30887387136,0.9770437100344338,0.9533376812075359,1.0,0.98,241,0,249,559,431,73400320,73400320,CPU,0.0,0.0,0,0
80735855424,0,oracle_reserve_lru,reload,value_ranked_admission,30887387136,14826864640,15552584286,17834180608,0,0,30887387136,0.9770437100344338,0.9533376812075359,1.0,0.98,241,0,250,559,431,73400320,73400320,CPU,0.0,0.0,0,0
80735855424,0,oracle_reserve_lru,reload,value_ranked_admission,30887387136,14826864640,15552584286,17834180608,0,0,30887387136,0.9770437100344338,0.9533376812075359,1.0,0.98,241,0,251,558,430,73400320,73400320,CPU,0.0,0.0,0,0
80843816820,0,oracle_reserve_lru,admission,value_ranked_working_set,30753169408,14692646912,15552584286,17834180608,0,371195904,31124365312,0.9845399101907225,0.9685749029863834,1.0,0.98,437,196,-1,0,0,0,0,,0.0,0.0,2,239
80843816820,0,oracle_reserve_lru,reload,value_ranked_admission,30931427328,14870904832,15552584286,17685282816,0,0,30931427328,0.9784368091785228,0.9561693772903306,1.0,0.98,239,0,252,554,426,73400320,73400320,CPU,0.0,0.0,0,0
80843816820,0,oracle_reserve_lru,reload,value_ranked_admission,30931427328,14870904832,15552584286,17685282816,0,0,30931427328,0.9784368091785228,0.9561693772903306,1.0,0.98,239,0,243,569,441,75497472,75497472,CPU,0.0,0.0,0,0
80897797518,0,oracle_reserve_lru,admission,value_ranked_working_set,30847541248,14787018752,15552584286,17685282816,0,375390208,31222931456,0.9876577987513028,0.974912508505019,1.0,0.98,436,197,-1,0,0,0,0,,0.0,0.0,1,238
80897797518,0,oracle_reserve_lru,reload,value_ranked_admission,30941913088,14881390592,15552584286,17609785344,0,0,30941913088,0.978768499450925,0.9568435906433769,1.0,0.98,238,0,244,569,441,75497472,75497472,CPU,0.0,0.0,0,0
81272451084,0,oracle_reserve_lru,admission,value_ranked_working_set,30501511168,14440988672,15552584286,17609785344,0,356515840,30858027008,0.9761149772717077,0.9514498838190061,1.0,0.98,429,191,-1,0,0,0,0,,0.0,0.0,5,233
81272451084,0,oracle_reserve_lru,reload,value_ranked_admission,30902067200,14841544704,15552584286,17234395136,0,0,30902067200,0.9775080764157968,0.9542815799018007,1.0,0.98,233,0,245,564,436,75497472,75497472,CPU,0.0,0.0,0,0
81272451084,0,oracle_reserve_lru,reload,value_ranked_admission,30902067200,14841544704,15552584286,17234395136,0,0,30902067200,0.9775080764157968,0.9542815799018007,1.0,0.98,233,0,246,563,435,75497472,75497472,CPU,0.0,0.0,0,0
81272451084,0,oracle_reserve_lru,reload,value_ranked_admission,30902067200,14841544704,15552584286,17234395136,0,0,30902067200,0.9775080764157968,0.9542815799018007,1.0,0.98,233,0,247,557,429,73400320,73400320,CPU,0.0,0.0,0,0
81272451084,0,oracle_reserve_lru,reload,value_ranked_admission,30902067200,14841544704,15552584286,17234395136,0,0,30902067200,0.9775080764157968,0.9542815799018007,1.0,0.98,233,0,238,571,443,75497472,75497472,CPU,0.0,0.0,0,0
81272451084,0,oracle_reserve_lru,reload,value_ranked_admission,30902067200,14841544704,15552584286,17234395136,0,0,30902067200,0.9775080764157968,0.9542815799018007,1.0,0.98,233,0,239,571,443,75497472,75497472,CPU,0.0,0.0,0,0
81705024196,0,oracle_reserve_lru,admission,value_ranked_working_set,30744780800,14684258304,15552584286,17234395136,0,364904448,31109685248,0.9840755438093595,0.9676310042921185,1.0,0.98,427,194,-1,0,0,0,0,,0.0,0.0,2,231
81705024196,0,oracle_reserve_lru,reload,value_ranked_admission,30918844416,14858321920,15552584286,17083400192,0,0,30918844416,0.9780387808516402,0.9553603212666749,1.0,0.98,231,0,240,569,441,75497472,75497472,CPU,0.0,0.0,0,0
81705024196,0,oracle_reserve_lru,reload,value_ranked_admission,30918844416,14858321920,15552584286,17083400192,0,0,30918844416,0.9780387808516402,0.9553603212666749,1.0,0.98,231,0,241,563,435,75497472,75497472,CPU,0.0,0.0,0,0
81759218471,0,oracle_reserve_lru,admission,value_ranked_working_set,30834958336,14774435840,15552584286,17083400192,0,364904448,31199862784,0.986928080152018,0.973429239128317,1.0,0.98,426,195,-1,0,0,0,0,,0.0,0.0,1,230
81759218471,0,oracle_reserve_lru,reload,value_ranked_admission,30935621632,14875099136,15552584286,17009999872,0,0,30935621632,0.9785694852874837,0.9564390626315491,1.0,0.98,230,0,242,559,431,73400320,73400320,CPU,0.0,0.0,0,0
81867607021,0,oracle_reserve_lru,admission,value_ranked_working_set,30803501056,14742978560,15552584286,17009999872,0,360710144,31164211200,0.9858003332258507,0.9711369137279595,1.0,0.98,424,194,-1,0,0,0,0,,0.0,0.0,1,229
81867607021,0,oracle_reserve_lru,reload,value_ranked_admission,30902067200,14841544704,15552584286,16934502400,0,0,30902067200,0.9775080764157968,0.9542815799018007,1.0,0.98,229,0,233,562,434,75497472,75497472,CPU,0.0,0.0,0,0
81921801296,0,oracle_reserve_lru,admission,value_ranked_working_set,30566522880,14506000384,15552584286,16934502400,0,362807296,30929330176,0.9783704711240424,0.9560345346197213,1.0,0.98,420,191,-1,0,0,0,0,,0.0,0.0,4,225
81921801296,0,oracle_reserve_lru,reload,value_ranked_admission,30885289984,14824767488,15552584286,16632512512,0,0,30885289984,0.9769773719799534,0.9532028385369266,1.0,0.98,225,0,234,562,434,75497472,75497472,CPU,0.0,0.0,0,0
81921801296,0,oracle_reserve_lru,reload,value_ranked_admission,30885289984,14824767488,15552584286,16632512512,0,0,30885289984,0.9769773719799534,0.9532028385369266,1.0,0.98,225,0,235,561,433,75497472,75497472,CPU,0.0,0.0,0,0
81921801296,0,oracle_reserve_lru,reload,value_ranked_admission,30885289984,14824767488,15552584286,16632512512,0,0,30885289984,0.9769773719799534,0.9532028385369266,1.0,0.98,225,0,236,561,433,75497472,75497472,CPU,0.0,0.0,0,0
81921801296,0,oracle_reserve_lru,reload,value_ranked_admission,30885289984,14824767488,15552584286,16632512512,0,0,30885289984,0.9769773719799534,0.9532028385369266,1.0,0.98,225,0,237,561,433,75497472,75497472,CPU,0.0,0.0,0,0
81975997811,0,oracle_reserve_lru,admission,value_ranked_working_set,30717517824,14656995328,15552584286,16632512512,0,371195904,31088713728,0.9834121632645552,0.9662825775860258,1.0,0.98,418,193,-1,0,0,0,0,,0.0,0.0,2,223
81975997811,0,oracle_reserve_lru,reload,value_ranked_admission,30893678592,14833156096,15552584286,16485711872,0,0,30893678592,0.9772427241978751,0.9537422092193637,1.0,0.98,223,0,228,557,429,73400320,73400320,CPU,0.0,0.0,0,0
81975997811,0,oracle_reserve_lru,reload,value_ranked_admission,30893678592,14833156096,15552584286,16485711872,0,0,30893678592,0.9772427241978751,0.9537422092193637,1.0,0.98,223,0,229,555,427,73400320,73400320,CPU,0.0,0.0,0,0
82137944385,0,oracle_reserve_lru,admission,value_ranked_working_set,30692352000,14631829504,15552584286,16485711872,0,371195904,31063547904,0.98261610661079,0.9646644655387145,1.0,0.98,415,192,-1,0,0,0,0,,0.0,0.0,3,220
82137944385,0,oracle_reserve_lru,reload,value_ranked_admission,30937718784,14877196288,15552584286,16265510912,0,0,30937718784,0.9786358233419641,0.9565739053021584,1.0,0.98,220,0,230,554,426,73400320,73400320,CPU,0.0,0.0,0,0
82137944385,0,oracle_reserve_lru,reload,value_ranked_admission,30937718784,14877196288,15552584286,16265510912,0,0,30937718784,0.9786358233419641,0.9565739053021584,1.0,0.98,220,0,231,553,425,73400320,73400320,CPU,0.0,0.0,0,0
82137944385,0,oracle_reserve_lru,reload,value_ranked_admission,30937718784,14877196288,15552584286,16265510912,0,0,30937718784,0.9786358233419641,0.9565739053021584,1.0,0.98,220,0,232,552,424,73400320,73400320,CPU,0.0,0.0,0,0
82350192233,0,oracle_reserve_lru,admission,value_ranked_working_set,30853832704,14793310208,15552584286,16265510912,0,375390208,31229222912,0.987856812914744,0.9753170365168469,1.0,0.98,414,194,-1,0,0,0,0,,0.0,0.0,1,219
82350192233,0,oracle_reserve_lru,reload,value_ranked_admission,30946107392,14885584896,15552584286,16196304896,0,0,30946107392,0.9789011755598859,0.9571132759845954,1.0,0.98,219,0,188,527,399,69206016,69206016,CPU,0.0,0.0,0,0
82416215301,0,oracle_reserve_lru,admission,value_ranked_working_set,30778335232,14717812736,15552584286,16196304896,0,377487360,31155822592,0.9855349810079289,0.9705975430455224,1.0,0.98,412,193,-1,0,0,0,0,,0.0,0.0,2,217
82416215301,0,oracle_reserve_lru,reload,value_ranked_admission,30948204544,14887682048,15552584286,16055795712,0,0,30948204544,0.9789675136143663,0.9572481186552046,1.0,0.98,217,0,223,559,431,73400320,73400320,CPU,0.0,0.0,0,0
82416215301,0,oracle_reserve_lru,reload,value_ranked_admission,30948204544,14887682048,15552584286,16055795712,0,0,30948204544,0.9789675136143663,0.9572481186552046,1.0,0.98,217,0,167,511,383,67108864,67108864,CPU,0.0,0.0,0,0
82470560623,0,oracle_reserve_lru,admission,value_ranked_working_set,30780432384,14719909888,15552584286,16055795712,0,377487360,31157919744,0.9856013190624093,0.9707323857161316,1.0,0.98,410,193,-1,0,0,0,0,,0.0,0.0,1,216
82470560623,0,oracle_reserve_lru,reload,value_ranked_admission,30872707072,14812184576,15552584286,15982395392,0,0,30872707072,0.9765793436530708,0.952393782513271,1.0,0.98,216,0,224,559,431,73400320,73400320,CPU,0.0,0.0,0,0
82524903705,0,oracle_reserve_lru,admission,value_ranked_working_set,30704934912,14644412416,15552584286,15982395392,0,377487360,31082422272,0.9832131491011139,0.965878049574198,1.0,0.98,408,192,-1,0,0,0,0,,0.0,0.0,2,214
82524903705,0,oracle_reserve_lru,reload,value_ranked_admission,30883192832,14822670336,15552584286,15835594752,0,0,30883192832,0.976911033925473,0.9530679958663173,1.0,0.98,214,0,225,558,430,73400320,73400320,CPU,0.0,0.0,0,0
82524903705,0,oracle_reserve_lru,reload,value_ranked_admission,30883192832,14822670336,15552584286,15835594752,0,0,30883192832,0.976911033925473,0.9530679958663173,1.0,0.98,214,0,226,551,423,73400320,73400320,CPU,0.0,0.0,0,0
82633231965,0,oracle_reserve_lru,admission,value_ranked_working_set,30816083968,14755561472,15552584286,15835594752,0,377487360,31193571328,0.9867290659885767,0.9730247111164892,1.0,0.98,407,193,-1,0,0,0,0,,0.0,0.0,1,213
82633231965,0,oracle_reserve_lru,reload,value_ranked_admission,30916747264,14856224768,15552584286,15762194432,0,0,30916747264,0.9779724427971598,0.9552254785960657,1.0,0.98,213,0,227,550,422,73400320,73400320,CPU,0.0,0.0,0,0
82943309385,0,oracle_reserve_lru,admission,value_ranked_working_set,30761558016,14701035520,15552584286,15762194432,0,373293056,31134851072,0.9848716004631246,0.9692491163394297,1.0,0.98,405,192,-1,0,0,0,0,,0.0,0.0,2,211
82943309385,0,oracle_reserve_lru,reload,value_ranked_admission,30929330176,14868807680,15552584286,15615393792,0,0,30929330176,0.9783704711240424,0.9560345346197213,1.0,0.98,211,0,218,556,428,73400320,73400320,CPU,0.0,0.0,0,0
82943309385,0,oracle_reserve_lru,reload,value_ranked_admission,30929330176,14868807680,15552584286,15615393792,0,0,30929330176,0.9783704711240424,0.9560345346197213,1.0,0.98,211,0,219,553,425,73400320,73400320,CPU,0.0,0.0,0,0
83129375766,0,oracle_reserve_lru,admission,value_ranked_working_set,30845444096,14784921600,15552584286,15615393792,0,373293056,31218737152,0.9875251226423419,0.9746428231638005,1.0,0.98,404,193,-1,0,0,0,0,,0.0,0.0,1,210
83129375766,0,oracle_reserve_lru,reload,value_ranked_admission,30946107392,14885584896,15552584286,15541993472,0,0,30946107392,0.9789011755598859,0.9571132759845954,1.0,0.98,210,0,220,552,424,73400320,73400320,CPU,0.0,0.0,0,0
83275246193,0,oracle_reserve_lru,admission,value_ranked_working_set,30778335232,14717812736,15552584286,15541993472,0,371195904,31149531136,0.9853359668444877,0.9701930150336946,1.0,0.98,402,192,-1,0,0,0,0,,0.0,0.0,2,208
83275246193,0,oracle_reserve_lru,reload,value_ranked_admission,30958690304,14898167808,15552584286,15395192832,0,0,30958690304,0.9792992038867684,0.957922332008251,1.0,0.98,208,0,221,550,422,73400320,73400320,CPU,0.0,0.0,0,0
83275246193,0,oracle_reserve_lru,reload,value_ranked_admission,30958690304,14898167808,15552584286,15395192832,0,0,30958690304,0.9792992038867684,0.957922332008251,1.0,0.98,208,0,222,550,422,73400320,73400320,CPU,0.0,0.0,0,0
83857733772,0,oracle_reserve_lru,admission,value_ranked_working_set,30834958336,14774435840,15552584286,15395192832,0,362807296,31197765632,0.9868617420975375,0.9732943964577078,1.0,0.98,399,191,-1,0,0,0,0,,0.0,0.0,1,207
83857733772,0,oracle_reserve_lru,reload,value_ranked_admission,30933524480,14873001984,15552584286,15321792512,0,0,30933524480,0.9785031472330032,0.9563042199609398,1.0,0.98,207,0,213,551,423,73400320,73400320,CPU,0.0,0.0,0,0
84024933785,0,oracle_reserve_lru,admission,value_ranked_working_set,30790918144,14730395648,15552584286,15321792512,0,356515840,31147433984,0.9852696287900072,0.9700581723630853,1.0,0.98,397,190,-1,0,0,0,0,,0.0,0.0,2,205
84024933785,0,oracle_reserve_lru,reload,value_ranked_admission,30962884608,14902362112,15552584286,15174991872,0,0,30962884608,0.9794318799957293,0.9581920173494696,1.0,0.98,205,0,214,551,423,73400320,73400320,CPU,0.0,0.0,0,0
84024933785,0,oracle_reserve_lru,reload,value_ranked_admission,30962884608,14902362112,15552584286,15174991872,0,0,30962884608,0.9794318799957293,0.9581920173494696,1.0,0.98,205,0,215,551,423,73400320,73400320,CPU,0.0,0.0,0,0
84108419147,0,oracle_reserve_lru,admission,value_ranked_working_set,30878998528,14818476032,15552584286,15174991872,0,350224384,31229222912,0.987856812914744,0.9753170365168469,1.0,0.98,396,191,-1,0,0,0,0,,0.0,0.0,1,204
84108419147,0,oracle_reserve_lru,reload,value_ranked_admission,30964981760,14904459264,15552584286,15105785856,0,0,30964981760,0.9794982180502098,0.9583268600200788,1.0,0.98,204,0,189,527,399,69206016,69206016,CPU,0.0,0.0,0,0
84173154326,0,oracle_reserve_lru,admission,value_ranked_working_set,30797209600,14736687104,15552584286,15105785856,0,350224384,31147433984,0.9852696287900072,0.9700581723630853,1.0,0.98,394,190,-1,0,0,0,0,,0.0,0.0,2,202
84173154326,0,oracle_reserve_lru,reload,value_ranked_admission,30977564672,14917042176,15552584286,14958985216,0,0,30977564672,0.9798962463770923,0.9591359160437345,1.0,0.98,202,0,216,551,423,73400320,73400320,CPU,0.0,0.0,0,0
84173154326,0,oracle_reserve_lru,reload,value_ranked_admission,30977564672,14917042176,15552584286,14958985216,0,0,30977564672,0.9798962463770923,0.9591359160437345,1.0,0.98,202,0,217,549,421,73400320,73400320,CPU,0.0,0.0,0,0
84294928672,0,oracle_reserve_lru,admission,value_ranked_working_set,30826569728,14766047232,15552584286,14958985216,0,348127232,31174696960,0.9861320234982528,0.9718111270810058,1.0,0.98,392,190,-1,0,0,0,0,,0.0,0.0,1,201
84294928672,0,oracle_reserve_lru,reload,value_ranked_admission,30920941568,14860419072,15552584286,14887682048,0,0,30920941568,0.9781051189061207,0.9554951639372842,1.0,0.98,201,0,210,543,415,71303168,71303168,CPU,0.0,0.0,0,0
84351839731,0,oracle_reserve_lru,admission,value_ranked_working_set,30837055488,14776532992,15552584286,14887682048,0,350224384,31187279872,0.9865300518251354,0.9726201831046615,1.0,0.98,391,190,-1,0,0,0,0,,0.0,0.0,1,200
84351839731,0,oracle_reserve_lru,reload,value_ranked_admission,30920941568,14860419072,15552584286,14816378880,0,0,30920941568,0.9781051189061207,0.9554951639372842,1.0,0.98,200,0,211,542,414,71303168,71303168,CPU,0.0,0.0,0,0
84408603290,0,oracle_reserve_lru,admission,value_ranked_working_set,30753169408,14692646912,15552584286,14816378880,0,350224384,31103393792,0.9838765296459182,0.9672264762802907,1.0,0.98,389,189,-1,0,0,0,0,,0.0,0.0,2,198
84408603290,0,oracle_reserve_lru,reload,value_ranked_admission,30912552960,14852030464,15552584286,14673772544,0,0,30912552960,0.9778397666881989,0.9549557932548471,1.0,0.98,198,0,212,541,413,71303168,71303168,CPU,0.0,0.0,0,0
84408603290,0,oracle_reserve_lru,reload,value_ranked_admission,30912552960,14852030464,15552584286,14673772544,0,0,30912552960,0.9778397666881989,0.9549557932548471,1.0,0.98,198,0,203,535,407,71303168,71303168,CPU,0.0,0.0,0,0
84465366849,0,oracle_reserve_lru,admission,value_ranked_working_set,30744780800,14684258304,15552584286,14673772544,0,352321536,31097102336,0.9836775154824768,0.9668219482684628,1.0,0.98,387,189,-1,0,0,0,0,,0.0,0.0,2,196
84465366849,0,oracle_reserve_lru,reload,value_ranked_admission,30914650112,14854127616,15552584286,14531166208,0,0,30914650112,0.9779061047426794,0.9550906359254564,1.0,0.98,196,0,204,534,406,71303168,71303168,CPU,0.0,0.0,0,0
84465366849,0,oracle_reserve_lru,reload,value_ranked_admission,30914650112,14854127616,15552584286,14531166208,0,0,30914650112,0.9779061047426794,0.9550906359254564,1.0,0.98,196,0,205,534,406,71303168,71303168,CPU,0.0,0.0,0,0
84521676718,0,oracle_reserve_lru,admission,value_ranked_working_set,30830764032,14770241536,15552584286,14531166208,0,352321536,31183085568,0.9863973757161746,0.9723504977634428,1.0,0.98,386,190,-1,0,0,0,0,,0.0,0.0,1,195
84521676718,0,oracle_reserve_lru,reload,value_ranked_admission,30933524480,14873001984,15552584286,14459863040,0,0,30933524480,0.9785031472330032,0.9563042199609398,1.0,0.98,195,0,206,534,406,71303168,71303168,CPU,0.0,0.0,0,0
84577986587,0,oracle_reserve_lru,admission,value_ranked_working_set,30849638400,14789115904,15552584286,14459863040,0,346030080,31195668480,0.9867954040430571,0.9731595537870985,1.0,0.98,385,190,-1,0,0,0,0,,0.0,0.0,1,194
84577986587,0,oracle_reserve_lru,reload,value_ranked_admission,30954496000,14893973504,15552584286,14388559872,0,0,30954496000,0.9791665277778075,0.9576526466670325,1.0,0.98,194,0,207,534,406,71303168,71303168,CPU,0.0,0.0,0,0
84857107956,0,oracle_reserve_lru,admission,value_ranked_working_set,30721712128,14661189632,15552584286,14388559872,0,335544320,31057256448,0.9824170924473486,0.9642599375268868,1.0,0.98,382,188,-1,0,0,0,0,,0.0,0.0,3,191
84857107956,0,oracle_reserve_lru,reload,value_ranked_admission,30962884608,14902362112,15552584286,14174650368,0,0,30962884608,0.9794318799957293,0.9581920173494696,1.0,0.98,191,0,198,535,407,71303168,71303168,CPU,0.0,0.0,0,0
84857107956,0,oracle_reserve_lru,reload,value_ranked_admission,30962884608,14902362112,15552584286,14174650368,0,0,30962884608,0.9794318799957293,0.9581920173494696,1.0,0.98,191,0,199,532,404,71303168,71303168,CPU,0.0,0.0,0,0
84857107956,0,oracle_reserve_lru,reload,value_ranked_admission,30962884608,14902362112,15552584286,14174650368,0,0,30962884608,0.9794318799957293,0.9581920173494696,1.0,0.98,191,0,200,530,402,71303168,71303168,CPU,0.0,0.0,0,0
84958123572,0,oracle_reserve_lru,admission,value_ranked_working_set,30878998528,14818476032,15552584286,14174650368,0,337641472,31216640000,0.9874587845878614,0.9745079804931912,1.0,0.98,381,190,-1,0,0,0,0,,0.0,0.0,1,190
84958123572,0,oracle_reserve_lru,reload,value_ranked_admission,30975467520,14914945024,15552584286,14103347200,0,0,30975467520,0.9798299083226119,0.9590010733731252,1.0,0.98,190,0,201,530,402,71303168,71303168,CPU,0.0,0.0,0,0
85151747575,0,oracle_reserve_lru,admission,value_ranked_working_set,30688157696,14627635200,15552584286,14103347200,0,327155712,31015313408,0.98109033135774,0.9615630841147014,1.0,0.98,377,187,-1,0,0,0,0,,0.0,0.0,3,187
85151747575,0,oracle_reserve_lru,reload,value_ranked_admission,30920941568,14860419072,15552584286,13889437696,0,0,30920941568,0.9781051189061207,0.9554951639372842,1.0,0.98,187,0,202,530,402,71303168,71303168,CPU,0.0,0.0,0,0
85151747575,0,oracle_reserve_lru,reload,value_ranked_admission,30920941568,14860419072,15552584286,13889437696,0,0,30920941568,0.9781051189061207,0.9554951639372842,1.0,0.98,187,0,193,532,404,71303168,71303168,CPU,0.0,0.0,0,0
85151747575,0,oracle_reserve_lru,reload,value_ranked_admission,30920941568,14860419072,15552584286,13889437696,0,0,30920941568,0.9781051189061207,0.9554951639372842,1.0,0.98,187,0,194,531,403,71303168,71303168,CPU,0.0,0.0,0,0
85216404986,0,oracle_reserve_lru,admission,value_ranked_working_set,30501511168,14440988672,15552584286,13889437696,0,329252864,30830764032,0.9752525825634621,0.9496969291010856,1.0,0.98,372,185,-1,0,0,0,0,,0.0,0.0,6,181
85216404986,0,oracle_reserve_lru,reload,value_ranked_admission,30937718784,14877196288,15552584286,13467910144,0,0,30937718784,0.9786358233419641,0.9565739053021584,1.0,0.98,181,0,195,531,403,71303168,71303168,CPU,0.0,0.0,0,0
85216404986,0,oracle_reserve_lru,reload,value_ranked_admission,30937718784,14877196288,15552584286,13467910144,0,0,30937718784,0.9786358233419641,0.9565739053021584,1.0,0.98,181,0,196,531,403,71303168,71303168,CPU,0.0,0.0,0,0
85216404986,0,oracle_reserve_lru,reload,value_ranked_admission,30937718784,14877196288,15552584286,13467910144,0,0,30937718784,0.9786358233419641,0.9565739053021584,1.0,0.98,181,0,197,529,401,71303168,71303168,CPU,0.0,0.0,0,0
85216404986,0,oracle_reserve_lru,reload,value_ranked_admission,30937718784,14877196288,15552584286,13467910144,0,0,30937718784,0.9786358233419641,0.9565739053021584,1.0,0.98,181,0,190,527,399,69206016,69206016,CPU,0.0,0.0,0,0
85216404986,0,oracle_reserve_lru,reload,value_ranked_admission,30937718784,14877196288,15552584286,13467910144,0,0,30937718784,0.9786358233419641,0.9565739053021584,1.0,0.98,181,0,191,526,398,69206016,69206016,CPU,0.0,0.0,0,0
85216404986,0,oracle_reserve_lru,reload,value_ranked_admission,30937718784,14877196288,15552584286,13467910144,0,0,30937718784,0.9786358233419641,0.9565739053021584,1.0,0.98,181,0,192,525,397,69206016,69206016,CPU,0.0,0.0,0,0
85281062397,0,oracle_reserve_lru,admission,value_ranked_working_set,30853832704,14793310208,15552584286,13467910144,0,337641472,31191474176,0.9866627279340963,0.97288986844588,1.0,0.98,371,190,-1,0,0,0,0,,0.0,0.0,1,180
85281062397,0,oracle_reserve_lru,reload,value_ranked_admission,30944010240,14883487744,15552584286,13398704128,0,0,30944010240,0.9788348375054055,0.9569784333139861,1.0,0.98,180,0,183,525,397,69206016,69206016,CPU,0.0,0.0,0,0
85338179332,0,oracle_reserve_lru,admission,value_ranked_working_set,30692352000,14631829504,15552584286,13398704128,0,335544320,31027896320,0.9814883596846227,0.9623721401383569,1.0,0.98,368,188,-1,0,0,0,0,,0.0,0.0,3,177
85338179332,0,oracle_reserve_lru,reload,value_ranked_admission,30931427328,14870904832,15552584286,13191086080,0,0,30931427328,0.9784368091785228,0.9561693772903306,1.0,0.98,177,0,184,525,397,69206016,69206016,CPU,0.0,0.0,0,0
85338179332,0,oracle_reserve_lru,reload,value_ranked_admission,30931427328,14870904832,15552584286,13191086080,0,0,30931427328,0.9784368091785228,0.9561693772903306,1.0,0.98,177,0,185,523,395,69206016,69206016,CPU,0.0,0.0,0,0
85338179332,0,oracle_reserve_lru,reload,value_ranked_admission,30931427328,14870904832,15552584286,13191086080,0,0,30931427328,0.9784368091785228,0.9561693772903306,1.0,0.98,177,0,186,519,391,69206016,69206016,CPU,0.0,0.0,0,0
85580997469,0,oracle_reserve_lru,admission,value_ranked_working_set,30895775744,14835253248,15552584286,13191086080,0,327155712,31222931456,0.9876577987513028,0.974912508505019,1.0,0.98,367,190,-1,0,0,0,0,,0.0,0.0,1,176
85580997469,0,oracle_reserve_lru,reload,value_ranked_admission,30977564672,14917042176,15552584286,13121880064,0,0,30977564672,0.9798962463770923,0.9591359160437345,1.0,0.98,176,0,187,518,390,69206016,69206016,CPU,0.0,0.0,0,0
85660901555,0,oracle_reserve_lru,admission,value_ranked_working_set,30893678592,14833156096,15552584286,13121880064,0,325058560,31218737152,0.9875251226423419,0.9746428231638005,1.0,0.98,366,190,-1,0,0,0,0,,0.0,0.0,1,175
85660901555,0,oracle_reserve_lru,reload,value_ranked_admission,30977564672,14917042176,15552584286,13052674048,0,0,30977564672,0.9798962463770923,0.9591359160437345,1.0,0.98,175,0,178,523,395,69206016,69206016,CPU,0.0,0.0,0,0
85785069446,0,oracle_reserve_lru,admission,value_ranked_working_set,30809792512,14749270016,15552584286,13052674048,0,325058560,31134851072,0.9848716004631246,0.9692491163394297,1.0,0.98,364,189,-1,0,0,0,0,,0.0,0.0,2,173
85785069446,0,oracle_reserve_lru,reload,value_ranked_admission,30975467520,14914945024,15552584286,12914262016,0,0,30975467520,0.9798299083226119,0.9590010733731252,1.0,0.98,173,0,179,523,395,69206016,69206016,CPU,0.0,0.0,0,0
85785069446,0,oracle_reserve_lru,reload,value_ranked_admission,30975467520,14914945024,15552584286,12914262016,0,0,30975467520,0.9798299083226119,0.9590010733731252,1.0,0.98,173,0,180,522,394,69206016,69206016,CPU,0.0,0.0,0,0
85841833005,0,oracle_reserve_lru,admission,value_ranked_working_set,30639923200,14579400704,15552584286,12914262016,0,320864256,30960787456,0.9793655419412489,0.9580571746788603,1.0,0.98,360,187,-1,0,0,0,0,,0.0,0.0,4,169
85841833005,0,oracle_reserve_lru,reload,value_ranked_admission,30939815936,14879293440,15552584286,12637437952,0,0,30939815936,0.9787021613964445,0.9567087479727676,1.0,0.98,169,0,181,522,394,69206016,69206016,CPU,0.0,0.0,0,0
85841833005,0,oracle_reserve_lru,reload,value_ranked_admission,30939815936,14879293440,15552584286,12637437952,0,0,30939815936,0.9787021613964445,0.9567087479727676,1.0,0.98,169,0,182,520,392,69206016,69206016,CPU,0.0,0.0,0,0
85841833005,0,oracle_reserve_lru,reload,value_ranked_admission,30939815936,14879293440,15552584286,12637437952,0,0,30939815936,0.9787021613964445,0.9567087479727676,1.0,0.98,169,0,173,524,396,69206016,69206016,CPU,0.0,0.0,0,0
85841833005,0,oracle_reserve_lru,reload,value_ranked_admission,30939815936,14879293440,15552584286,12637437952,0,0,30939815936,0.9787021613964445,0.9567087479727676,1.0,0.98,169,0,174,521,393,69206016,69206016,CPU,0.0,0.0,0,0
85898142874,0,oracle_reserve_lru,admission,value_ranked_working_set,30855929856,14795407360,15552584286,12637437952,0,329252864,31185182720,0.986463713770655,0.9724853404340521,1.0,0.98,359,190,-1,0,0,0,0,,0.0,0.0,1,168
85898142874,0,oracle_reserve_lru,reload,value_ranked_admission,30958690304,14898167808,15552584286,12568231936,0,0,30958690304,0.9792992038867684,0.957922332008251,1.0,0.98,168,0,175,521,393,69206016,69206016,CPU,0.0,0.0,0,0
85954452743,0,oracle_reserve_lru,admission,value_ranked_working_set,30539259904,14478737408,15552584286,12568231936,0,325058560,30864318464,0.9763139914351491,0.9518544118308339,1.0,0.98,354,186,-1,0,0,0,0,,0.0,0.0,6,162
85954452743,0,oracle_reserve_lru,reload,value_ranked_admission,30964981760,14904459264,15552584286,12152995840,0,0,30964981760,0.9794982180502098,0.9583268600200788,1.0,0.98,162,0,176,520,392,69206016,69206016,CPU,0.0,0.0,0,0
85954452743,0,oracle_reserve_lru,reload,value_ranked_admission,30964981760,14904459264,15552584286,12152995840,0,0,30964981760,0.9794982180502098,0.9583268600200788,1.0,0.98,162,0,177,520,392,69206016,69206016,CPU,0.0,0.0,0,0
85954452743,0,oracle_reserve_lru,reload,value_ranked_admission,30964981760,14904459264,15552584286,12152995840,0,0,30964981760,0.9794982180502098,0.9583268600200788,1.0,0.98,162,0,168,519,391,69206016,69206016,CPU,0.0,0.0,0,0
85954452743,0,oracle_reserve_lru,reload,value_ranked_admission,30964981760,14904459264,15552584286,12152995840,0,0,30964981760,0.9794982180502098,0.9583268600200788,1.0,0.98,162,0,169,518,390,69206016,69206016,CPU,0.0,0.0,0,0
85954452743,0,oracle_reserve_lru,reload,value_ranked_admission,30964981760,14904459264,15552584286,12152995840,0,0,30964981760,0.9794982180502098,0.9583268600200788,1.0,0.98,162,0,170,518,390,69206016,69206016,CPU,0.0,0.0,0,0
85954452743,0,oracle_reserve_lru,reload,value_ranked_admission,30964981760,14904459264,15552584286,12152995840,0,0,30964981760,0.9794982180502098,0.9583268600200788,1.0,0.98,162,0,171,518,390,69206016,69206016,CPU,0.0,0.0,0,0
86010674462,0,oracle_reserve_lru,admission,value_ranked_working_set,30797209600,14736687104,15552584286,12152995840,0,337641472,31134851072,0.9848716004631246,0.9692491163394297,1.0,0.98,352,190,-1,0,0,0,0,,0.0,0.0,2,160
86010674462,0,oracle_reserve_lru,reload,value_ranked_admission,30964981760,14904459264,15552584286,12014583808,0,0,30964981760,0.9794982180502098,0.9583268600200788,1.0,0.98,160,0,172,517,389,69206016,69206016,CPU,0.0,0.0,0,0
86010674462,0,oracle_reserve_lru,reload,value_ranked_admission,30964981760,14904459264,15552584286,12014583808,0,0,30964981760,0.9794982180502098,0.9583268600200788,1.0,0.98,160,0,162,515,387,69206016,69206016,CPU,0.0,0.0,0,0
86066822257,0,oracle_reserve_lru,admission,value_ranked_working_set,30797209600,14736687104,15552584286,12014583808,0,331350016,31128559616,0.9846725862996834,0.9688445883276019,1.0,0.98,350,190,-1,0,0,0,0,,0.0,0.0,2,158
86066822257,0,oracle_reserve_lru,reload,value_ranked_admission,30962884608,14902362112,15552584286,11876171776,0,0,30962884608,0.9794318799957293,0.9581920173494696,1.0,0.98,158,0,163,513,385,69206016,69206016,CPU,0.0,0.0,0,0
86066822257,0,oracle_reserve_lru,reload,value_ranked_admission,30962884608,14902362112,15552584286,11876171776,0,0,30962884608,0.9794318799957293,0.9581920173494696,1.0,0.98,158,0,164,513,385,69206016,69206016,CPU,0.0,0.0,0,0
86122774617,0,oracle_reserve_lru,admission,value_ranked_working_set,30878998528,14818476032,15552584286,11876171776,0,325058560,31204057088,0.9870607562609789,0.9736989244695355,1.0,0.98,349,191,-1,0,0,0,0,,0.0,0.0,1,157
86122774617,0,oracle_reserve_lru,reload,value_ranked_admission,30977564672,14917042176,15552584286,11806965760,0,0,30977564672,0.9798962463770923,0.9591359160437345,1.0,0.98,157,0,157,516,388,69206016,69206016,CPU,0.0,0.0,0,0
86178726977,0,oracle_reserve_lru,admission,value_ranked_working_set,30725906432,14665383936,15552584286,11806965760,0,318767104,31044673536,0.9820190641204661,0.9634508815032311,1.0,0.98,346,189,-1,0,0,0,0,,0.0,0.0,3,154
86178726977,0,oracle_reserve_lru,reload,value_ranked_admission,30954496000,14893973504,15552584286,11599347712,0,0,30954496000,0.9791665277778075,0.9576526466670325,1.0,0.98,154,0,158,515,387,69206016,69206016,CPU,0.0,0.0,0,0
86178726977,0,oracle_reserve_lru,reload,value_ranked_admission,30954496000,14893973504,15552584286,11599347712,0,0,30954496000,0.9791665277778075,0.9576526466670325,1.0,0.98,154,0,159,514,386,69206016,69206016,CPU,0.0,0.0,0,0
86178726977,0,oracle_reserve_lru,reload,value_ranked_admission,30954496000,14893973504,15552584286,11599347712,0,0,30954496000,0.9791665277778075,0.9576526466670325,1.0,0.98,154,0,160,513,385,69206016,69206016,CPU,0.0,0.0,0,0
86232921252,0,oracle_reserve_lru,admission,value_ranked_working_set,30786723840,14726201344,15552584286,11599347712,0,325058560,31111782400,0.9841418818638399,0.9677658469627277,1.0,0.98,344,190,-1,0,0,0,0,,0.0,0.0,2,152
86232921252,0,oracle_reserve_lru,reload,value_ranked_admission,30944010240,14883487744,15552584286,11463032832,0,0,30944010240,0.9788348375054055,0.9569784333139861,1.0,0.98,152,0,161,510,382,67108864,67108864,CPU,0.0,0.0,0,0
86232921252,0,oracle_reserve_lru,reload,value_ranked_admission,30944010240,14883487744,15552584286,11463032832,0,0,30944010240,0.9788348375054055,0.9569784333139861,1.0,0.98,152,0,152,526,398,69206016,69206016,CPU,0.0,0.0,0,0
86287264334,0,oracle_reserve_lru,admission,value_ranked_working_set,30776238080,14715715584,15552584286,11463032832,0,329252864,31105490944,0.9839428677003986,0.9673613189508999,1.0,0.98,342,190,-1,0,0,0,0,,0.0,0.0,2,150
86287264334,0,oracle_reserve_lru,reload,value_ranked_admission,30929330176,14868807680,15552584286,11324620800,0,0,30929330176,0.9783704711240424,0.9560345346197213,1.0,0.98,150,0,153,524,396,69206016,69206016,CPU,0.0,0.0,0,0
86287264334,0,oracle_reserve_lru,reload,value_ranked_admission,30929330176,14868807680,15552584286,11324620800,0,0,30929330176,0.9783704711240424,0.9560345346197213,1.0,0.98,150,0,154,513,385,69206016,69206016,CPU,0.0,0.0,0,0
86341607416,0,oracle_reserve_lru,admission,value_ranked_working_set,30761558016,14701035520,15552584286,11324620800,0,331350016,31092908032,0.983544839373516,0.9665522629272443,1.0,0.98,340,190,-1,0,0,0,0,,0.0,0.0,2,148
86341607416,0,oracle_reserve_lru,reload,value_ranked_admission,30918844416,14858321920,15552584286,11190403072,0,0,30918844416,0.9780387808516402,0.9553603212666749,1.0,0.98,148,0,155,512,384,67108864,67108864,CPU,0.0,0.0,0,0
86341607416,0,oracle_reserve_lru,reload,value_ranked_admission,30918844416,14858321920,15552584286,11190403072,0,0,30918844416,0.9780387808516402,0.9553603212666749,1.0,0.98,148,0,156,511,383,67108864,67108864,CPU,0.0,0.0,0,0
86395950498,0,oracle_reserve_lru,admission,value_ranked_working_set,30751072256,14690549760,15552584286,11190403072,0,333447168,31084519424,0.9832794871555943,0.9660128922448072,1.0,0.98,338,190,-1,0,0,0,0,,0.0,0.0,3,145
86395950498,0,oracle_reserve_lru,reload,value_ranked_admission,30992244736,14931722240,15552584286,10982785024,0,0,30992244736,0.9803606127584553,0.9600798147379993,1.0,0.98,145,0,147,525,397,69206016,69206016,CPU,0.0,0.0,0,0
86395950498,0,oracle_reserve_lru,reload,value_ranked_admission,30992244736,14931722240,15552584286,10982785024,0,0,30992244736,0.9803606127584553,0.9600798147379993,1.0,0.98,145,0,148,525,397,69206016,69206016,CPU,0.0,0.0,0,0
86395950498,0,oracle_reserve_lru,reload,value_ranked_admission,30992244736,14931722240,15552584286,10982785024,0,0,30992244736,0.9803606127584553,0.9600798147379993,1.0,0.98,145,0,149,524,396,69206016,69206016,CPU,0.0,0.0,0,0
86450293580,0,oracle_reserve_lru,admission,value_ranked_working_set,30656700416,14596177920,15552584286,10982785024,0,329252864,30985953280,0.9801615985950141,0.9596752867261715,1.0,0.98,334,189,-1,0,0,0,0,,0.0,0.0,4,141
86450293580,0,oracle_reserve_lru,reload,value_ranked_admission,30948204544,14887682048,15552584286,10705960960,0,0,30948204544,0.9789675136143663,0.9572481186552046,1.0,0.98,141,0,150,521,393,69206016,69206016,CPU,0.0,0.0,0,0
86450293580,0,oracle_reserve_lru,reload,value_ranked_admission,30948204544,14887682048,15552584286,10705960960,0,0,30948204544,0.9789675136143663,0.9572481186552046,1.0,0.98,141,0,151,520,392,69206016,69206016,CPU,0.0,0.0,0,0
86450293580,0,oracle_reserve_lru,reload,value_ranked_admission,30948204544,14887682048,15552584286,10705960960,0,0,30948204544,0.9789675136143663,0.9572481186552046,1.0,0.98,141,0,142,523,395,69206016,69206016,CPU,0.0,0.0,0,0
86450293580,0,oracle_reserve_lru,reload,value_ranked_admission,30948204544,14887682048,15552584286,10705960960,0,0,30948204544,0.9789675136143663,0.9572481186552046,1.0,0.98,141,0,143,522,394,69206016,69206016,CPU,0.0,0.0,0,0
86504274278,0,oracle_reserve_lru,admission,value_ranked_working_set,30864318464,14803795968,15552584286,10705960960,0,335544320,31199862784,0.986928080152018,0.973429239128317,1.0,0.98,333,192,-1,0,0,0,0,,0.0,0.0,1,140
86504274278,0,oracle_reserve_lru,reload,value_ranked_admission,30967078912,14906556416,15552584286,10636754944,0,0,30967078912,0.9795645561046902,0.9584617026906881,1.0,0.98,140,0,144,522,394,69206016,69206016,CPU,0.0,0.0,0,0
86558254976,0,oracle_reserve_lru,admission,value_ranked_working_set,30799306752,14738784256,15552584286,10636754944,0,335544320,31134851072,0.9848716004631246,0.9692491163394297,1.0,0.98,331,191,-1,0,0,0,0,,0.0,0.0,2,138
86558254976,0,oracle_reserve_lru,reload,value_ranked_admission,30950301696,14889779200,15552584286,10498342912,0,0,30950301696,0.9790338516688467,0.957382961325814,1.0,0.98,138,0,145,522,394,69206016,69206016,CPU,0.0,0.0,0,0
86558254976,0,oracle_reserve_lru,reload,value_ranked_admission,30950301696,14889779200,15552584286,10498342912,0,0,30950301696,0.9790338516688467,0.957382961325814,1.0,0.98,138,0,146,521,393,69206016,69206016,CPU,0.0,0.0,0,0
86740418382,0,oracle_reserve_lru,admission,value_ranked_working_set,30866415616,14805893120,15552584286,10498342912,0,337641472,31204057088,0.9870607562609789,0.9736989244695355,1.0,0.98,330,192,-1,0,0,0,0,,0.0,0.0,1,137
86740418382,0,oracle_reserve_lru,reload,value_ranked_admission,30954496000,14893973504,15552584286,10427039744,0,0,30954496000,0.9791665277778075,0.9576526466670325,1.0,0.98,137,0,137,532,404,71303168,71303168,CPU,0.0,0.0,0,0
86895099698,0,oracle_reserve_lru,admission,value_ranked_working_set,30618951680,14558429184,15552584286,10427039744,0,337641472,30956593152,0.979232865832288,0.9577874893376418,1.0,0.98,326,189,-1,0,0,0,0,,0.0,0.0,4,133
86895099698,0,oracle_reserve_lru,reload,value_ranked_admission,30916747264,14856224768,15552584286,10148118528,0,0,30916747264,0.9779724427971598,0.9552254785960657,1.0,0.98,133,0,138,531,403,71303168,71303168,CPU,0.0,0.0,0,0
86895099698,0,oracle_reserve_lru,reload,value_ranked_admission,30916747264,14856224768,15552584286,10148118528,0,0,30916747264,0.9779724427971598,0.9552254785960657,1.0,0.98,133,0,139,526,398,69206016,69206016,CPU,0.0,0.0,0,0
86895099698,0,oracle_reserve_lru,reload,value_ranked_admission,30916747264,14856224768,15552584286,10148118528,0,0,30916747264,0.9779724427971598,0.9552254785960657,1.0,0.98,133,0,140,517,389,69206016,69206016,CPU,0.0,0.0,0,0
86895099698,0,oracle_reserve_lru,reload,value_ranked_admission,30916747264,14856224768,15552584286,10148118528,0,0,30916747264,0.9779724427971598,0.9552254785960657,1.0,0.98,133,0,141,517,389,69206016,69206016,CPU,0.0,0.0,0,0
87003061094,0,oracle_reserve_lru,admission,value_ranked_working_set,30692352000,14631829504,15552584286,10148118528,0,327155712,31019507712,0.9812230074667009,0.9618327694559199,1.0,0.98,323,190,-1,0,0,0,0,,0.0,0.0,3,130
87003061094,0,oracle_reserve_lru,reload,value_ranked_admission,30939815936,14879293440,15552584286,9934209024,0,0,30939815936,0.9787021613964445,0.9567087479727676,1.0,0.98,130,0,131,537,409,71303168,71303168,CPU,0.0,0.0,0,0
87003061094,0,oracle_reserve_lru,reload,value_ranked_admission,30939815936,14879293440,15552584286,9934209024,0,0,30939815936,0.9787021613964445,0.9567087479727676,1.0,0.98,130,0,132,537,409,71303168,71303168,CPU,0.0,0.0,0,0
87003061094,0,oracle_reserve_lru,reload,value_ranked_admission,30939815936,14879293440,15552584286,9934209024,0,0,30939815936,0.9787021613964445,0.9567087479727676,1.0,0.98,130,0,133,536,408,71303168,71303168,CPU,0.0,0.0,0,0
87109231402,0,oracle_reserve_lru,admission,value_ranked_working_set,30535065600,14474543104,15552584286,9934209024,0,325058560,30860124160,0.9761813153261881,0.9515847264896153,1.0,0.98,318,188,-1,0,0,0,0,,0.0,0.0,6,124
87109231402,0,oracle_reserve_lru,reload,value_ranked_admission,30988050432,14927527936,15552584286,9512681472,0,0,30988050432,0.9802279366494945,0.9598101293967808,1.0,0.98,124,0,134,528,400,69206016,69206016,CPU,0.0,0.0,0,0
87109231402,0,oracle_reserve_lru,reload,value_ranked_admission,30988050432,14927527936,15552584286,9512681472,0,0,30988050432,0.9802279366494945,0.9598101293967808,1.0,0.98,124,0,135,527,399,69206016,69206016,CPU,0.0,0.0,0,0
87109231402,0,oracle_reserve_lru,reload,value_ranked_admission,30988050432,14927527936,15552584286,9512681472,0,0,30988050432,0.9802279366494945,0.9598101293967808,1.0,0.98,124,0,136,527,399,69206016,69206016,CPU,0.0,0.0,0,0
87109231402,0,oracle_reserve_lru,reload,value_ranked_admission,30988050432,14927527936,15552584286,9512681472,0,0,30988050432,0.9802279366494945,0.9598101293967808,1.0,0.98,124,0,126,537,409,71303168,71303168,CPU,0.0,0.0,0,0
87109231402,0,oracle_reserve_lru,reload,value_ranked_admission,30988050432,14927527936,15552584286,9512681472,0,0,30988050432,0.9802279366494945,0.9598101293967808,1.0,0.98,124,0,127,532,404,71303168,71303168,CPU,0.0,0.0,0,0
87109231402,0,oracle_reserve_lru,reload,value_ranked_admission,30988050432,14927527936,15552584286,9512681472,0,0,30988050432,0.9802279366494945,0.9598101293967808,1.0,0.98,124,0,128,532,404,71303168,71303168,CPU,0.0,0.0,0,0
87162249004,0,oracle_reserve_lru,admission,value_ranked_working_set,30568620032,14508097536,15552584286,9512681472,0,337641472,30906261504,0.9776407525247577,0.9545512652430193,1.0,0.98,313,189,-1,0,0,0,0,,0.0,0.0,5,119
87162249004,0,oracle_reserve_lru,reload,value_ranked_admission,30950301696,14889779200,15552584286,9156165632,0,0,30950301696,0.9790338516688467,0.957382961325814,1.0,0.98,119,0,129,530,402,71303168,71303168,CPU,0.0,0.0,0,0
87162249004,0,oracle_reserve_lru,reload,value_ranked_admission,30950301696,14889779200,15552584286,9156165632,0,0,30950301696,0.9790338516688467,0.957382961325814,1.0,0.98,119,0,130,529,401,71303168,71303168,CPU,0.0,0.0,0,0
87162249004,0,oracle_reserve_lru,reload,value_ranked_admission,30950301696,14889779200,15552584286,9156165632,0,0,30950301696,0.9790338516688467,0.957382961325814,1.0,0.98,119,0,121,535,407,71303168,71303168,CPU,0.0,0.0,0,0
87162249004,0,oracle_reserve_lru,reload,value_ranked_admission,30950301696,14889779200,15552584286,9156165632,0,0,30950301696,0.9790338516688467,0.957382961325814,1.0,0.98,119,0,122,534,406,71303168,71303168,CPU,0.0,0.0,0,0
87162249004,0,oracle_reserve_lru,reload,value_ranked_admission,30950301696,14889779200,15552584286,9156165632,0,0,30950301696,0.9790338516688467,0.957382961325814,1.0,0.98,119,0,123,534,406,71303168,71303168,CPU,0.0,0.0,0,0
87215266606,0,oracle_reserve_lru,admission,value_ranked_working_set,30614757376,14554234880,15552584286,9156165632,0,343932928,30958690304,0.9792992038867684,0.957922332008251,1.0,0.98,309,190,-1,0,0,0,0,,0.0,0.0,4,115
87215266606,0,oracle_reserve_lru,reload,value_ranked_admission,30927233024,14866710528,15552584286,8866758656,0,0,30927233024,0.978304133069562,0.955899691949112,1.0,0.98,115,0,124,533,405,71303168,71303168,CPU,0.0,0.0,0,0
87215266606,0,oracle_reserve_lru,reload,value_ranked_admission,30927233024,14866710528,15552584286,8866758656,0,0,30927233024,0.978304133069562,0.955899691949112,1.0,0.98,115,0,125,532,404,71303168,71303168,CPU,0.0,0.0,0,0
87215266606,0,oracle_reserve_lru,reload,value_ranked_admission,30927233024,14866710528,15552584286,8866758656,0,0,30927233024,0.978304133069562,0.955899691949112,1.0,0.98,115,0,116,548,420,73400320,73400320,CPU,0.0,0.0,0,0
87215266606,0,oracle_reserve_lru,reload,value_ranked_admission,30927233024,14866710528,15552584286,8866758656,0,0,30927233024,0.978304133069562,0.955899691949112,1.0,0.98,115,0,117,548,420,73400320,73400320,CPU,0.0,0.0,0,0
87374319412,0,oracle_reserve_lru,admission,value_ranked_working_set,30887387136,14826864640,15552584286,8866758656,0,337641472,31225028608,0.9877241368057832,0.9750473511756282,1.0,0.98,308,193,-1,0,0,0,0,,0.0,0.0,1,114
87374319412,0,oracle_reserve_lru,reload,value_ranked_admission,30975467520,14914945024,15552584286,8795455488,0,0,30975467520,0.9798299083226119,0.9590010733731252,1.0,0.98,114,0,118,542,414,71303168,71303168,CPU,0.0,0.0,0,0
87427337014,0,oracle_reserve_lru,admission,value_ranked_working_set,30891581440,14831058944,15552584286,8795455488,0,335544320,31227125760,0.9877904748602636,0.9751821938462375,1.0,0.98,307,193,-1,0,0,0,0,,0.0,0.0,1,113
87427337014,0,oracle_reserve_lru,reload,value_ranked_admission,30985953280,14925430784,15552584286,8724152320,0,0,30985953280,0.9801615985950141,0.9596752867261715,1.0,0.98,113,0,119,540,412,71303168,71303168,CPU,0.0,0.0,0,0
87480358200,0,oracle_reserve_lru,admission,value_ranked_working_set,30566522880,14506000384,15552584286,8724152320,0,335544320,30902067200,0.9775080764157968,0.9542815799018007,1.0,0.98,302,189,-1,0,0,0,0,,0.0,0.0,5,108
87480358200,0,oracle_reserve_lru,reload,value_ranked_admission,30964981760,14904459264,15552584286,8359247872,0,0,30964981760,0.9794982180502098,0.9583268600200788,1.0,0.98,108,0,120,535,407,71303168,71303168,CPU,0.0,0.0,0,0
87480358200,0,oracle_reserve_lru,reload,value_ranked_admission,30964981760,14904459264,15552584286,8359247872,0,0,30964981760,0.9794982180502098,0.9583268600200788,1.0,0.98,108,0,111,557,429,73400320,73400320,CPU,0.0,0.0,0,0
87480358200,0,oracle_reserve_lru,reload,value_ranked_admission,30964981760,14904459264,15552584286,8359247872,0,0,30964981760,0.9794982180502098,0.9583268600200788,1.0,0.98,108,0,112,556,428,73400320,73400320,CPU,0.0,0.0,0,0
87480358200,0,oracle_reserve_lru,reload,value_ranked_admission,30964981760,14904459264,15552584286,8359247872,0,0,30964981760,0.9794982180502098,0.9583268600200788,1.0,0.98,108,0,113,553,425,73400320,73400320,CPU,0.0,0.0,0,0
87480358200,0,oracle_reserve_lru,reload,value_ranked_admission,30964981760,14904459264,15552584286,8359247872,0,0,30964981760,0.9794982180502098,0.9583268600200788,1.0,0.98,108,0,114,551,423,73400320,73400320,CPU,0.0,0.0,0,0
87706249956,0,oracle_reserve_lru,admission,value_ranked_working_set,30881095680,14820573184,15552584286,8359247872,0,341835776,31222931456,0.9876577987513028,0.974912508505019,1.0,0.98,301,193,-1,0,0,0,0,,0.0,0.0,1,107
87706249956,0,oracle_reserve_lru,reload,value_ranked_admission,30967078912,14906556416,15552584286,8285847552,0,0,30967078912,0.9795645561046902,0.9584617026906881,1.0,0.98,107,0,115,546,418,73400320,73400320,CPU,0.0,0.0,0,0
87858826634,0,oracle_reserve_lru,admission,value_ranked_working_set,30883192832,14822670336,15552584286,8285847552,0,341835776,31225028608,0.9877241368057832,0.9750473511756282,1.0,0.98,300,193,-1,0,0,0,0,,0.0,0.0,1,106
87858826634,0,oracle_reserve_lru,reload,value_ranked_admission,30990147584,14929625088,15552584286,8212447232,0,0,30990147584,0.9802942747039749,0.95994497206739,1.0,0.98,106,0,105,553,425,73400320,73400320,CPU,0.0,0.0,0,0
88204299981,0,oracle_reserve_lru,admission,value_ranked_working_set,30839152640,14778630144,15552584286,8212447232,0,337641472,31176794112,0.9861983615527332,0.9719459697516151,1.0,0.98,298,192,-1,0,0,0,0,,0.0,0.0,1,105
88204299981,0,oracle_reserve_lru,reload,value_ranked_admission,30933524480,14873001984,15552584286,8139046912,0,0,30933524480,0.9785031472330032,0.9563042199609398,1.0,0.98,105,0,106,553,425,73400320,73400320,CPU,0.0,0.0,0,0
88260609850,0,oracle_reserve_lru,admission,value_ranked_working_set,30597980160,14537457664,15552584286,8139046912,0,337641472,30935621632,0.9785694852874837,0.9564390626315491,1.0,0.98,294,189,-1,0,0,0,0,,0.0,0.0,4,101
88260609850,0,oracle_reserve_lru,reload,value_ranked_admission,30906261504,14845739008,15552584286,7845445632,0,0,30906261504,0.9776407525247577,0.9545512652430193,1.0,0.98,101,0,107,552,424,73400320,73400320,CPU,0.0,0.0,0,0
88260609850,0,oracle_reserve_lru,reload,value_ranked_admission,30906261504,14845739008,15552584286,7845445632,0,0,30906261504,0.9776407525247577,0.9545512652430193,1.0,0.98,101,0,108,552,424,73400320,73400320,CPU,0.0,0.0,0,0
88260609850,0,oracle_reserve_lru,reload,value_ranked_admission,30906261504,14845739008,15552584286,7845445632,0,0,30906261504,0.9776407525247577,0.9545512652430193,1.0,0.98,101,0,109,552,424,73400320,73400320,CPU,0.0,0.0,0,0
88260609850,0,oracle_reserve_lru,reload,value_ranked_admission,30906261504,14845739008,15552584286,7845445632,0,0,30906261504,0.9776407525247577,0.9545512652430193,1.0,0.98,101,0,110,552,424,73400320,73400320,CPU,0.0,0.0,0,0
88316919719,0,oracle_reserve_lru,admission,value_ranked_working_set,30486831104,14426308608,15552584286,7845445632,0,346030080,30832861184,0.9753189206179426,0.9498317717716949,1.0,0.98,289,188,-1,0,0,0,0,,0.0,0.0,6,95
88316919719,0,oracle_reserve_lru,reload,value_ranked_admission,30946107392,14885584896,15552584286,7405043712,0,0,30946107392,0.9789011755598859,0.9571132759845954,1.0,0.98,95,0,100,548,420,73400320,73400320,CPU,0.0,0.0,0,0
88316919719,0,oracle_reserve_lru,reload,value_ranked_admission,30946107392,14885584896,15552584286,7405043712,0,0,30946107392,0.9789011755598859,0.9571132759845954,1.0,0.98,95,0,101,548,420,73400320,73400320,CPU,0.0,0.0,0,0
88316919719,0,oracle_reserve_lru,reload,value_ranked_admission,30946107392,14885584896,15552584286,7405043712,0,0,30946107392,0.9789011755598859,0.9571132759845954,1.0,0.98,95,0,102,548,420,73400320,73400320,CPU,0.0,0.0,0,0
88316919719,0,oracle_reserve_lru,reload,value_ranked_admission,30946107392,14885584896,15552584286,7405043712,0,0,30946107392,0.9789011755598859,0.9571132759845954,1.0,0.98,95,0,103,548,420,73400320,73400320,CPU,0.0,0.0,0,0
88316919719,0,oracle_reserve_lru,reload,value_ranked_admission,30946107392,14885584896,15552584286,7405043712,0,0,30946107392,0.9789011755598859,0.9571132759845954,1.0,0.98,95,0,104,547,419,73400320,73400320,CPU,0.0,0.0,0,0
88316919719,0,oracle_reserve_lru,reload,value_ranked_admission,30946107392,14885584896,15552584286,7405043712,0,0,30946107392,0.9789011755598859,0.9571132759845954,1.0,0.98,95,0,94,548,420,73400320,73400320,CPU,0.0,0.0,0,0
88373229588,0,oracle_reserve_lru,admission,value_ranked_working_set,30610563072,14550040576,15552584286,7405043712,0,354418688,30964981760,0.9794982180502098,0.9583268600200788,1.0,0.98,285,190,-1,0,0,0,0,,0.0,0.0,4,91
88373229588,0,oracle_reserve_lru,reload,value_ranked_admission,30931427328,14870904832,15552584286,7117733888,0,0,30931427328,0.9784368091785228,0.9561693772903306,1.0,0.98,91,0,95,546,418,73400320,73400320,CPU,0.0,0.0,0,0
88373229588,0,oracle_reserve_lru,reload,value_ranked_admission,30931427328,14870904832,15552584286,7117733888,0,0,30931427328,0.9784368091785228,0.9561693772903306,1.0,0.98,91,0,97,543,415,71303168,71303168,CPU,0.0,0.0,0,0
88373229588,0,oracle_reserve_lru,reload,value_ranked_admission,30931427328,14870904832,15552584286,7117733888,0,0,30931427328,0.9784368091785228,0.9561693772903306,1.0,0.98,91,0,98,543,415,71303168,71303168,CPU,0.0,0.0,0,0
88373229588,0,oracle_reserve_lru,reload,value_ranked_admission,30931427328,14870904832,15552584286,7117733888,0,0,30931427328,0.9784368091785228,0.9561693772903306,1.0,0.98,91,0,99,543,415,71303168,71303168,CPU,0.0,0.0,0,0
88541746897,0,oracle_reserve_lru,admission,value_ranked_working_set,30826569728,14766047232,15552584286,7117733888,0,356515840,31183085568,0.9863973757161746,0.9723504977634428,1.0,0.98,283,192,-1,0,0,0,0,,0.0,0.0,1,90
88541746897,0,oracle_reserve_lru,reload,value_ranked_admission,30920941568,14860419072,15552584286,7044333568,0,0,30920941568,0.9781051189061207,0.9554951639372842,1.0,0.98,90,0,88,557,429,73400320,73400320,CPU,0.0,0.0,0,0
88597699257,0,oracle_reserve_lru,admission,value_ranked_working_set,30753169408,14692646912,15552584286,7044333568,0,354418688,31107588096,0.984009205754879,0.9674961616215092,1.0,0.98,281,191,-1,0,0,0,0,,0.0,0.0,2,88
88597699257,0,oracle_reserve_lru,reload,value_ranked_admission,30920941568,14860419072,15552584286,6897532928,0,0,30920941568,0.9781051189061207,0.9554951639372842,1.0,0.98,88,0,89,556,428,73400320,73400320,CPU,0.0,0.0,0,0
88597699257,0,oracle_reserve_lru,reload,value_ranked_admission,30920941568,14860419072,15552584286,6897532928,0,0,30920941568,0.9781051189061207,0.9554951639372842,1.0,0.98,88,0,90,556,428,73400320,73400320,CPU,0.0,0.0,0,0
88653651617,0,oracle_reserve_lru,admission,value_ranked_working_set,30585397248,14524874752,15552584286,6897532928,0,356515840,30941913088,0.978768499450925,0.9568435906433769,1.0,0.98,277,189,-1,0,0,0,0,,0.0,0.0,4,84
88653651617,0,oracle_reserve_lru,reload,value_ranked_admission,30893678592,14833156096,15552584286,6601834496,0,0,30893678592,0.9772427241978751,0.9537422092193637,1.0,0.98,84,0,91,552,424,73400320,73400320,CPU,0.0,0.0,0,0
88653651617,0,oracle_reserve_lru,reload,value_ranked_admission,30893678592,14833156096,15552584286,6601834496,0,0,30893678592,0.9772427241978751,0.9537422092193637,1.0,0.98,84,0,92,548,420,73400320,73400320,CPU,0.0,0.0,0,0
88653651617,0,oracle_reserve_lru,reload,value_ranked_admission,30893678592,14833156096,15552584286,6601834496,0,0,30893678592,0.9772427241978751,0.9537422092193637,1.0,0.98,84,0,93,546,418,73400320,73400320,CPU,0.0,0.0,0,0
88653651617,0,oracle_reserve_lru,reload,value_ranked_admission,30893678592,14833156096,15552584286,6601834496,0,0,30893678592,0.9772427241978751,0.9537422092193637,1.0,0.98,84,0,83,564,436,75497472,75497472,CPU,0.0,0.0,0,0
88709603977,0,oracle_reserve_lru,admission,value_ranked_working_set,30809792512,14749270016,15552584286,6601834496,0,362807296,31172599808,0.9860656854437724,0.9716762844103966,1.0,0.98,276,192,-1,0,0,0,0,,0.0,0.0,1,83
88709603977,0,oracle_reserve_lru,reload,value_ranked_admission,30916747264,14856224768,15552584286,6526337024,0,0,30916747264,0.9779724427971598,0.9552254785960657,1.0,0.98,83,0,84,563,435,75497472,75497472,CPU,0.0,0.0,0,0
88765558577,0,oracle_reserve_lru,admission,value_ranked_working_set,30748975104,14688452608,15552584286,6526337024,0,358612992,31107588096,0.984009205754879,0.9674961616215092,1.0,0.98,274,191,-1,0,0,0,0,,0.0,0.0,2,81
88765558577,0,oracle_reserve_lru,reload,value_ranked_admission,30912552960,14852030464,15552584286,6377439232,0,0,30912552960,0.9778397666881989,0.9549557932548471,1.0,0.98,81,0,85,563,435,75497472,75497472,CPU,0.0,0.0,0,0
88765558577,0,oracle_reserve_lru,reload,value_ranked_admission,30912552960,14852030464,15552584286,6377439232,0,0,30912552960,0.9778397666881989,0.9549557932548471,1.0,0.98,81,0,86,560,432,73400320,73400320,CPU,0.0,0.0,0,0
88819752852,0,oracle_reserve_lru,admission,value_ranked_working_set,30828666880,14768144384,15552584286,6377439232,0,362807296,31191474176,0.9866627279340963,0.97288986844588,1.0,0.98,273,192,-1,0,0,0,0,,0.0,0.0,1,80
88819752852,0,oracle_reserve_lru,reload,value_ranked_admission,30929330176,14868807680,15552584286,6304038912,0,0,30929330176,0.9783704711240424,0.9560345346197213,1.0,0.98,80,0,87,557,429,73400320,73400320,CPU,0.0,0.0,0,0
88874095934,0,oracle_reserve_lru,admission,value_ranked_working_set,30761558016,14701035520,15552584286,6304038912,0,364904448,31126462464,0.9846062482452029,0.9687097456569926,1.0,0.98,271,191,-1,0,0,0,0,,0.0,0.0,2,78
88874095934,0,oracle_reserve_lru,reload,value_ranked_admission,30941913088,14881390592,15552584286,6153043968,0,0,30941913088,0.978768499450925,0.9568435906433769,1.0,0.98,78,0,77,567,439,75497472,75497472,CPU,0.0,0.0,0,0
88874095934,0,oracle_reserve_lru,reload,value_ranked_admission,30941913088,14881390592,15552584286,6153043968,0,0,30941913088,0.978768499450925,0.9568435906433769,1.0,0.98,78,0,78,566,438,75497472,75497472,CPU,0.0,0.0,0,0
88928439016,0,oracle_reserve_lru,admission,value_ranked_working_set,30858027008,14797504512,15552584286,6153043968,0,364904448,31222931456,0.9876577987513028,0.974912508505019,1.0,0.98,270,192,-1,0,0,0,0,,0.0,0.0,1,77
88928439016,0,oracle_reserve_lru,reload,value_ranked_admission,30944010240,14883487744,15552584286,6077546496,0,0,30944010240,0.9788348375054055,0.9569784333139861,1.0,0.98,77,0,79,565,437,75497472,75497472,CPU,0.0,0.0,0,0
88982421954,0,oracle_reserve_lru,admission,value_ranked_working_set,30776238080,14715715584,15552584286,6077546496,0,367001600,31143239680,0.9851369526810464,0.9697884870218668,1.0,0.98,268,191,-1,0,0,0,0,,0.0,0.0,2,75
88982421954,0,oracle_reserve_lru,reload,value_ranked_admission,30967078912,14906556416,15552584286,5928648704,0,0,30967078912,0.9795645561046902,0.9584617026906881,1.0,0.98,75,0,80,562,434,75497472,75497472,CPU,0.0,0.0,0,0
88982421954,0,oracle_reserve_lru,reload,value_ranked_admission,30967078912,14906556416,15552584286,5928648704,0,0,30967078912,0.9795645561046902,0.9584617026906881,1.0,0.98,75,0,81,559,431,73400320,73400320,CPU,0.0,0.0,0,0
89090385590,0,oracle_reserve_lru,admission,value_ranked_working_set,30818181120,14757658624,15552584286,5928648704,0,367001600,31185182720,0.986463713770655,0.9724853404340521,1.0,0.98,266,191,-1,0,0,0,0,,0.0,0.0,1,74
89090385590,0,oracle_reserve_lru,reload,value_ranked_admission,30912552960,14852030464,15552584286,5855248384,0,0,30912552960,0.9778397666881989,0.9549557932548471,1.0,0.98,74,0,82,558,430,73400320,73400320,CPU,0.0,0.0,0,0
89478635043,0,oracle_reserve_lru,admission,value_ranked_working_set,30761558016,14701035520,15552584286,5855248384,0,360710144,31122268160,0.9844735721362421,0.9684400603157741,1.0,0.98,264,190,-1,0,0,0,0,,0.0,0.0,2,72
89478635043,0,oracle_reserve_lru,reload,value_ranked_admission,30929330176,14868807680,15552584286,5704253440,0,0,30929330176,0.9783704711240424,0.9560345346197213,1.0,0.98,72,0,72,569,441,75497472,75497472,CPU,0.0,0.0,0,0
89478635043,0,oracle_reserve_lru,reload,value_ranked_admission,30929330176,14868807680,15552584286,5704253440,0,0,30929330176,0.9783704711240424,0.9560345346197213,1.0,0.98,72,0,73,568,440,75497472,75497472,CPU,0.0,0.0,0,0
89628674208,0,oracle_reserve_lru,admission,value_ranked_working_set,30845444096,14784921600,15552584286,5704253440,0,364904448,31210348544,0.9872597704244201,0.9741034524813634,1.0,0.98,263,191,-1,0,0,0,0,,0.0,0.0,1,71
89628674208,0,oracle_reserve_lru,reload,value_ranked_admission,30952398848,14891876352,15552584286,5628755968,0,0,30952398848,0.9791001897233271,0.9575178039964233,1.0,0.98,71,0,74,568,440,75497472,75497472,CPU,0.0,0.0,0,0
89857110019,0,oracle_reserve_lru,admission,value_ranked_working_set,30809792512,14749270016,15552584286,5628755968,0,358612992,31168405504,0.9859330093348115,0.971406599069178,1.0,0.98,261,190,-1,0,0,0,0,,0.0,0.0,1,70
89857110019,0,oracle_reserve_lru,reload,value_ranked_admission,30925135872,14864613376,15552584286,5553258496,0,0,30925135872,0.9782377950150816,0.9557648492785027,1.0,0.98,70,0,75,565,437,75497472,75497472,CPU,0.0,0.0,0,0
89913873578,0,oracle_reserve_lru,admission,value_ranked_working_set,30757363712,14696841216,15552584286,5553258496,0,356515840,31113879552,0.9842082199183203,0.967900689633337,1.0,0.98,259,189,-1,0,0,0,0,,0.0,0.0,2,68
89913873578,0,oracle_reserve_lru,reload,value_ranked_admission,30931427328,14870904832,15552584286,5404360704,0,0,30931427328,0.9784368091785228,0.9561693772903306,1.0,0.98,68,0,76,560,432,73400320,73400320,CPU,0.0,0.0,0,0
89913873578,0,oracle_reserve_lru,reload,value_ranked_admission,30931427328,14870904832,15552584286,5404360704,0,0,30931427328,0.9784368091785228,0.9561693772903306,1.0,0.98,68,0,67,575,447,75497472,75497472,CPU,0.0,0.0,0,0
89970637137,0,oracle_reserve_lru,admission,value_ranked_working_set,30847541248,14787018752,15552584286,5404360704,0,360710144,31208251392,0.9871934323699397,0.9739686098107542,1.0,0.98,258,190,-1,0,0,0,0,,0.0,0.0,1,67
89970637137,0,oracle_reserve_lru,reload,value_ranked_admission,30946107392,14885584896,15552584286,5328863232,0,0,30946107392,0.9789011755598859,0.9571132759845954,1.0,0.98,67,0,68,575,447,75497472,75497472,CPU,0.0,0.0,0,0
90026947006,0,oracle_reserve_lru,admission,value_ranked_working_set,30862221312,14801698816,15552584286,5328863232,0,360710144,31222931456,0.9876577987513028,0.974912508505019,1.0,0.98,257,190,-1,0,0,0,0,,0.0,0.0,1,66
90026947006,0,oracle_reserve_lru,reload,value_ranked_admission,30952398848,14891876352,15552584286,5253365760,0,0,30952398848,0.9791001897233271,0.9575178039964233,1.0,0.98,66,0,69,563,435,75497472,75497472,CPU,0.0,0.0,0,0
90083168725,0,oracle_reserve_lru,admission,value_ranked_working_set,30700740608,14640218112,15552584286,5253365760,0,358612992,31059353600,0.9824834305018292,0.964394780197496,1.0,0.98,254,188,-1,0,0,0,0,,0.0,0.0,3,63
90083168725,0,oracle_reserve_lru,reload,value_ranked_admission,30954496000,14893973504,15552584286,5026873344,0,0,30954496000,0.9791665277778075,0.9576526466670325,1.0,0.98,63,0,70,562,434,75497472,75497472,CPU,0.0,0.0,0,0
90083168725,0,oracle_reserve_lru,reload,value_ranked_admission,30954496000,14893973504,15552584286,5026873344,0,0,30954496000,0.9791665277778075,0.9576526466670325,1.0,0.98,63,0,71,562,434,75497472,75497472,CPU,0.0,0.0,0,0
90083168725,0,oracle_reserve_lru,reload,value_ranked_admission,30954496000,14893973504,15552584286,5026873344,0,0,30954496000,0.9791665277778075,0.9576526466670325,1.0,0.98,63,0,62,575,447,75497472,75497472,CPU,0.0,0.0,0,0
90251221240,0,oracle_reserve_lru,admission,value_ranked_working_set,30834958336,14774435840,15552584286,5026873344,0,354418688,31189377024,0.9865963898796158,0.9727550257752707,1.0,0.98,252,189,-1,0,0,0,0,,0.0,0.0,1,62
90251221240,0,oracle_reserve_lru,reload,value_ranked_admission,30937718784,14877196288,15552584286,4951375872,0,0,30937718784,0.9786358233419641,0.9565739053021584,1.0,0.98,62,0,63,574,446,75497472,75497472,CPU,0.0,0.0,0,0
90460228518,0,oracle_reserve_lru,admission,value_ranked_working_set,30780432384,14719909888,15552584286,4951375872,0,354418688,31134851072,0.9848716004631246,0.9692491163394297,1.0,0.98,250,188,-1,0,0,0,0,,0.0,0.0,2,60
90460228518,0,oracle_reserve_lru,reload,value_ranked_admission,30971273216,14910750720,15552584286,4800380928,0,0,30971273216,0.979697232213651,0.9587313880319066,1.0,0.98,60,0,64,573,445,75497472,75497472,CPU,0.0,0.0,0,0
90460228518,0,oracle_reserve_lru,reload,value_ranked_admission,30971273216,14910750720,15552584286,4800380928,0,0,30971273216,0.979697232213651,0.9587313880319066,1.0,0.98,60,0,65,571,443,75497472,75497472,CPU,0.0,0.0,0,0
90646514149,0,oracle_reserve_lru,admission,value_ranked_working_set,30738489344,14677966848,15552584286,4800380928,0,350224384,31088713728,0.9834121632645552,0.9662825775860258,1.0,0.98,247,187,-1,0,0,0,0,,0.0,0.0,2,58
90646514149,0,oracle_reserve_lru,reload,value_ranked_admission,30906261504,14845739008,15552584286,4649385984,0,0,30906261504,0.9776407525247577,0.9545512652430193,1.0,0.98,58,0,66,571,443,75497472,75497472,CPU,0.0,0.0,0,0
90646514149,0,oracle_reserve_lru,reload,value_ranked_admission,30906261504,14845739008,15552584286,4649385984,0,0,30906261504,0.9776407525247577,0.9545512652430193,1.0,0.98,58,0,57,572,444,75497472,75497472,CPU,0.0,0.0,0,0
90700708424,0,oracle_reserve_lru,admission,value_ranked_working_set,30822375424,14761852928,15552584286,4649385984,0,352321536,31174696960,0.9861320234982528,0.9718111270810058,1.0,0.98,246,188,-1,0,0,0,0,,0.0,0.0,1,57
90700708424,0,oracle_reserve_lru,reload,value_ranked_admission,30914650112,14854127616,15552584286,4573888512,0,0,30914650112,0.9779061047426794,0.9550906359254564,1.0,0.98,57,0,58,572,444,75497472,75497472,CPU,0.0,0.0,0,0
90809096974,0,oracle_reserve_lru,admission,value_ranked_working_set,30763655168,14703132672,15552584286,4573888512,0,350224384,31113879552,0.9842082199183203,0.967900689633337,1.0,0.98,244,187,-1,0,0,0,0,,0.0,0.0,2,55
90809096974,0,oracle_reserve_lru,reload,value_ranked_admission,30944010240,14883487744,15552584286,4422893568,0,0,30944010240,0.9788348375054055,0.9569784333139861,1.0,0.98,55,0,59,572,444,75497472,75497472,CPU,0.0,0.0,0,0
90809096974,0,oracle_reserve_lru,reload,value_ranked_admission,30944010240,14883487744,15552584286,4422893568,0,0,30944010240,0.9788348375054055,0.9569784333139861,1.0,0.98,55,0,60,572,444,75497472,75497472,CPU,0.0,0.0,0,0
90863428597,0,oracle_reserve_lru,admission,value_ranked_working_set,30776238080,14715715584,15552584286,4422893568,0,350224384,31126462464,0.9846062482452029,0.9687097456569926,1.0,0.98,242,187,-1,0,0,0,0,,0.0,0.0,2,53
90863428597,0,oracle_reserve_lru,reload,value_ranked_admission,30952398848,14891876352,15552584286,4269801472,0,0,30952398848,0.9791001897233271,0.9575178039964233,1.0,0.98,53,0,61,572,444,75497472,75497472,CPU,0.0,0.0,0,0
90863428597,0,oracle_reserve_lru,reload,value_ranked_admission,30952398848,14891876352,15552584286,4269801472,0,0,30952398848,0.9791001897233271,0.9575178039964233,1.0,0.98,53,0,52,581,453,77594624,77594624,CPU,0.0,0.0,0,0
91066566169,0,oracle_reserve_lru,admission,value_ranked_working_set,30784626688,14724104192,15552584286,4269801472,0,352321536,31136948224,0.984937938517605,0.9693839590100389,1.0,0.98,240,187,-1,0,0,0,0,,0.0,0.0,2,51
91066566169,0,oracle_reserve_lru,reload,value_ranked_admission,30977564672,14917042176,15552584286,4118806528,0,0,30977564672,0.9798962463770923,0.9591359160437345,1.0,0.98,51,0,53,573,445,75497472,75497472,CPU,0.0,0.0,0,0
91066566169,0,oracle_reserve_lru,reload,value_ranked_admission,30977564672,14917042176,15552584286,4118806528,0,0,30977564672,0.9798962463770923,0.9591359160437345,1.0,0.98,51,0,54,570,442,75497472,75497472,CPU,0.0,0.0,0,0
91472958842,0,oracle_reserve_lru,admission,value_ranked_working_set,30780432384,14719909888,15552584286,4118806528,0,348127232,31128559616,0.9846725862996834,0.9688445883276019,1.0,0.98,237,186,-1,0,0,0,0,,0.0,0.0,2,49
91472958842,0,oracle_reserve_lru,reload,value_ranked_admission,30946107392,14885584896,15552584286,3967811584,0,0,30946107392,0.9789011755598859,0.9571132759845954,1.0,0.98,49,0,55,567,439,75497472,75497472,CPU,0.0,0.0,0,0
91472958842,0,oracle_reserve_lru,reload,value_ranked_admission,30946107392,14885584896,15552584286,3967811584,0,0,30946107392,0.9789011755598859,0.9571132759845954,1.0,0.98,49,0,56,567,439,75497472,75497472,CPU,0.0,0.0,0,0
91572096904,0,oracle_reserve_lru,admission,value_ranked_working_set,30778335232,14717812736,15552584286,3967811584,0,348127232,31126462464,0.9846062482452029,0.9687097456569926,1.0,0.98,235,186,-1,0,0,0,0,,0.0,0.0,2,47
91572096904,0,oracle_reserve_lru,reload,value_ranked_admission,30960787456,14900264960,15552584286,3808428032,0,0,30960787456,0.9793655419412489,0.9580571746788603,1.0,0.98,47,0,47,594,466,79691776,79691776,CPU,0.0,0.0,0,0
91572096904,0,oracle_reserve_lru,reload,value_ranked_admission,30960787456,14900264960,15552584286,3808428032,0,0,30960787456,0.9793655419412489,0.9580571746788603,1.0,0.98,47,0,48,593,465,79691776,79691776,CPU,0.0,0.0,0,0
91650682788,0,oracle_reserve_lru,admission,value_ranked_working_set,30793015296,14732492800,15552584286,3808428032,0,350224384,31143239680,0.9851369526810464,0.9697884870218668,1.0,0.98,233,186,-1,0,0,0,0,,0.0,0.0,1,46
91650682788,0,oracle_reserve_lru,reload,value_ranked_admission,30887387136,14826864640,15552584286,3728736256,0,0,30887387136,0.9770437100344338,0.9533376812075359,1.0,0.98,46,0,49,593,465,79691776,79691776,CPU,0.0,0.0,0,0
91687975460,0,oracle_reserve_lru,admission,value_ranked_working_set,30803501056,14742978560,15552584286,3728736256,0,352321536,31155822592,0.9855349810079289,0.9705975430455224,1.0,0.98,232,186,-1,0,0,0,0,,0.0,0.0,1,45
91687975460,0,oracle_reserve_lru,reload,value_ranked_admission,30910455808,14849933312,15552584286,3651141632,0,0,30910455808,0.9777734286337185,0.9548209505842379,1.0,0.98,45,0,50,587,459,77594624,77594624,CPU,0.0,0.0,0,0
91738642015,0,oracle_reserve_lru,admission,value_ranked_working_set,30826569728,14766047232,15552584286,3651141632,0,348127232,31174696960,0.9861320234982528,0.9718111270810058,1.0,0.98,231,186,-1,0,0,0,0,,0.0,0.0,1,44
91738642015,0,oracle_reserve_lru,reload,value_ranked_admission,30929330176,14868807680,15552584286,3573547008,0,0,30929330176,0.9783704711240424,0.9560345346197213,1.0,0.98,44,0,51,582,454,77594624,77594624,CPU,0.0,0.0,0,0
91833794864,0,oracle_reserve_lru,admission,value_ranked_working_set,30688157696,14627635200,15552584286,3573547008,0,341835776,31029993472,0.9815546977391031,0.9625069828089662,1.0,0.98,228,184,-1,0,0,0,0,,0.0,0.0,3,41
91833794864,0,oracle_reserve_lru,reload,value_ranked_admission,30956593152,14896070656,15552584286,3338665984,0,0,30956593152,0.979232865832288,0.9577874893376418,1.0,0.98,41,0,42,597,469,79691776,79691776,CPU,0.0,0.0,0,0
91833794864,0,oracle_reserve_lru,reload,value_ranked_admission,30956593152,14896070656,15552584286,3338665984,0,0,30956593152,0.979232865832288,0.9577874893376418,1.0,0.98,41,0,43,589,461,77594624,77594624,CPU,0.0,0.0,0,0
91833794864,0,oracle_reserve_lru,reload,value_ranked_admission,30956593152,14896070656,15552584286,3338665984,0,0,30956593152,0.979232865832288,0.9577874893376418,1.0,0.98,41,0,44,588,460,77594624,77594624,CPU,0.0,0.0,0,0
91872440602,0,oracle_reserve_lru,admission,value_ranked_working_set,30872707072,14812184576,15552584286,3338665984,0,346030080,31218737152,0.9875251226423419,0.9746428231638005,1.0,0.98,227,186,-1,0,0,0,0,,0.0,0.0,1,40
91872440602,0,oracle_reserve_lru,reload,value_ranked_admission,30969176064,14908653568,15552584286,3261071360,0,0,30969176064,0.9796308941591706,0.9585965453612973,1.0,0.98,40,0,45,587,459,77594624,77594624,CPU,0.0,0.0,0,0
91975719898,0,oracle_reserve_lru,admission,value_ranked_working_set,30818181120,14757658624,15552584286,3261071360,0,348127232,31166308352,0.9858666712803311,0.9712717563985688,1.0,0.98,225,185,-1,0,0,0,0,,0.0,0.0,1,39
91975719898,0,oracle_reserve_lru,reload,value_ranked_admission,30916747264,14856224768,15552584286,3183476736,0,0,30916747264,0.9779724427971598,0.9552254785960657,1.0,0.98,39,0,46,587,459,77594624,77594624,CPU,0.0,0.0,0,0
92010533417,0,oracle_reserve_lru,admission,value_ranked_working_set,30832861184,14772338688,15552584286,3183476736,0,346030080,31178891264,0.9862646996072137,0.9720808124222243,1.0,0.98,224,185,-1,0,0,0,0,,0.0,0.0,1,38
92010533417,0,oracle_reserve_lru,reload,value_ranked_admission,30929330176,14868807680,15552584286,3103784960,0,0,30929330176,0.9783704711240424,0.9560345346197213,1.0,0.98,38,0,37,599,471,79691776,79691776,CPU,0.0,0.0,0,0
92062186270,0,oracle_reserve_lru,admission,value_ranked_working_set,30761558016,14701035520,15552584286,3103784960,0,341835776,31103393792,0.9838765296459182,0.9672264762802907,1.0,0.98,222,184,-1,0,0,0,0,,0.0,0.0,2,36
92062186270,0,oracle_reserve_lru,reload,value_ranked_admission,30946107392,14885584896,15552584286,2944401408,0,0,30946107392,0.9789011755598859,0.9571132759845954,1.0,0.98,36,0,38,595,467,79691776,79691776,CPU,0.0,0.0,0,0
92062186270,0,oracle_reserve_lru,reload,value_ranked_admission,30946107392,14885584896,15552584286,2944401408,0,0,30946107392,0.9789011755598859,0.9571132759845954,1.0,0.98,36,0,39,593,465,79691776,79691776,CPU,0.0,0.0,0,0
92094546889,0,oracle_reserve_lru,admission,value_ranked_working_set,30862221312,14801698816,15552584286,2944401408,0,337641472,31199862784,0.986928080152018,0.973429239128317,1.0,0.98,221,185,-1,0,0,0,0,,0.0,0.0,1,35
92094546889,0,oracle_reserve_lru,reload,value_ranked_admission,30964981760,14904459264,15552584286,2866806784,0,0,30964981760,0.9794982180502098,0.9583268600200788,1.0,0.98,35,0,40,592,464,77594624,77594624,CPU,0.0,0.0,0,0
92150694684,0,oracle_reserve_lru,admission,value_ranked_working_set,30797209600,14736687104,15552584286,2866806784,0,337641472,31134851072,0.9848716004631246,0.9692491163394297,1.0,0.98,219,184,-1,0,0,0,0,,0.0,0.0,2,33
92150694684,0,oracle_reserve_lru,reload,value_ranked_admission,30994341888,14933819392,15552584286,2707423232,0,0,30994341888,0.9804269508129357,0.9602146574086087,1.0,0.98,33,0,41,590,462,77594624,77594624,CPU,0.0,0.0,0,0
92150694684,0,oracle_reserve_lru,reload,value_ranked_admission,30994341888,14933819392,15552584286,2707423232,0,0,30994341888,0.9804269508129357,0.9602146574086087,1.0,0.98,33,0,32,616,488,81788928,81788928,CPU,0.0,0.0,0,0
92255085696,0,oracle_reserve_lru,admission,value_ranked_working_set,30853832704,14793310208,15552584286,2707423232,0,335544320,31189377024,0.9865963898796158,0.9727550257752707,1.0,0.98,217,184,-1,0,0,0,0,,0.0,0.0,1,32
92255085696,0,oracle_reserve_lru,reload,value_ranked_admission,30964981760,14904459264,15552584286,2627731456,0,0,30964981760,0.9794982180502098,0.9583268600200788,1.0,0.98,32,0,33,607,479,79691776,79691776,CPU,0.0,0.0,0,0
92307952219,0,oracle_reserve_lru,admission,value_ranked_working_set,30797209600,14736687104,15552584286,2627731456,0,329252864,31126462464,0.9846062482452029,0.9687097456569926,1.0,0.98,215,183,-1,0,0,0,0,,0.0,0.0,2,30
92307952219,0,oracle_reserve_lru,reload,value_ranked_admission,30971273216,14910750720,15552584286,2468347904,0,0,30971273216,0.979697232213651,0.9587313880319066,1.0,0.98,30,0,34,599,471,79691776,79691776,CPU,0.0,0.0,0,0
92307952219,0,oracle_reserve_lru,reload,value_ranked_admission,30971273216,14910750720,15552584286,2468347904,0,0,30971273216,0.979697232213651,0.9587313880319066,1.0,0.98,30,0,35,594,466,79691776,79691776,CPU,0.0,0.0,0,0
92437723014,0,oracle_reserve_lru,admission,value_ranked_working_set,30675574784,14615052288,15552584286,2468347904,0,331350016,31006924800,0.9808249791398184,0.9610237134322642,1.0,0.98,211,181,-1,0,0,0,0,,0.0,0.0,3,27
92437723014,0,oracle_reserve_lru,reload,value_ranked_admission,30944010240,14883487744,15552584286,2225078272,0,0,30944010240,0.9788348375054055,0.9569784333139861,1.0,0.98,27,0,36,593,465,79691776,79691776,CPU,0.0,0.0,0,0
92437723014,0,oracle_reserve_lru,reload,value_ranked_admission,30944010240,14883487744,15552584286,2225078272,0,0,30944010240,0.9788348375054055,0.9569784333139861,1.0,0.98,27,0,27,619,491,81788928,81788928,CPU,0.0,0.0,0,0
92437723014,0,oracle_reserve_lru,reload,value_ranked_admission,30944010240,14883487744,15552584286,2225078272,0,0,30944010240,0.9788348375054055,0.9569784333139861,1.0,0.98,27,0,28,615,487,81788928,81788928,CPU,0.0,0.0,0,0
92477253898,0,oracle_reserve_lru,admission,value_ranked_working_set,30776238080,14715715584,15552584286,2225078272,0,333447168,31109685248,0.9840755438093595,0.9676310042921185,1.0,0.98,209,182,-1,0,0,0,0,,0.0,0.0,2,25
92477253898,0,oracle_reserve_lru,reload,value_ranked_admission,30960787456,14900264960,15552584286,2061500416,0,0,30960787456,0.9793655419412489,0.9580571746788603,1.0,0.98,25,0,29,615,487,81788928,81788928,CPU,0.0,0.0,0,0
92477253898,0,oracle_reserve_lru,reload,value_ranked_admission,30960787456,14900264960,15552584286,2061500416,0,0,30960787456,0.9793655419412489,0.9580571746788603,1.0,0.98,25,0,30,612,484,81788928,81788928,CPU,0.0,0.0,0,0
92516784782,0,oracle_reserve_lru,admission,value_ranked_working_set,30793015296,14732492800,15552584286,2061500416,0,335544320,31128559616,0.9846725862996834,0.9688445883276019,1.0,0.98,207,182,-1,0,0,0,0,,0.0,0.0,2,23
92516784782,0,oracle_reserve_lru,reload,value_ranked_admission,30964981760,14904459264,15552584286,1897922560,0,0,30964981760,0.9794982180502098,0.9583268600200788,1.0,0.98,23,0,31,612,484,81788928,81788928,CPU,0.0,0.0,0,0
92516784782,0,oracle_reserve_lru,reload,value_ranked_admission,30964981760,14904459264,15552584286,1897922560,0,0,30964981760,0.9794982180502098,0.9583268600200788,1.0,0.98,23,0,22,621,493,81788928,81788928,CPU,0.0,0.0,0,0
92552288103,0,oracle_reserve_lru,admission,value_ranked_working_set,30881095680,14820573184,15552584286,1897922560,0,333447168,31214542848,0.987392446533381,0.974373137822582,1.0,0.98,206,183,-1,0,0,0,0,,0.0,0.0,1,22
92552288103,0,oracle_reserve_lru,reload,value_ranked_admission,30994341888,14933819392,15552584286,1816133632,0,0,30994341888,0.9804269508129357,0.9602146574086087,1.0,0.98,22,0,23,621,493,81788928,81788928,CPU,0.0,0.0,0,0
92682470513,0,oracle_reserve_lru,admission,value_ranked_working_set,30868512768,14807990272,15552584286,1816133632,0,318767104,31187279872,0.9865300518251354,0.9726201831046615,1.0,0.98,204,182,-1,0,0,0,0,,0.0,0.0,1,21
92682470513,0,oracle_reserve_lru,reload,value_ranked_admission,30971273216,14910750720,15552584286,1734344704,0,0,30971273216,0.979697232213651,0.9587313880319066,1.0,0.98,21,0,24,619,491,81788928,81788928,CPU,0.0,0.0,0,0
92736802136,0,oracle_reserve_lru,admission,value_ranked_working_set,30719614976,14659092480,15552584286,1734344704,0,316669952,31036284928,0.9817537119025443,0.9629115108207941,1.0,0.98,201,180,-1,0,0,0,0,,0.0,0.0,3,18
92736802136,0,oracle_reserve_lru,reload,value_ranked_admission,30977564672,14917042176,15552584286,1488977920,0,0,30977564672,0.9798962463770923,0.9591359160437345,1.0,0.98,18,0,25,614,486,81788928,81788928,CPU,0.0,0.0,0,0
92736802136,0,oracle_reserve_lru,reload,value_ranked_admission,30977564672,14917042176,15552584286,1488977920,0,0,30977564672,0.9798962463770923,0.9591359160437345,1.0,0.98,18,0,26,613,485,81788928,81788928,CPU,0.0,0.0,0,0
92736802136,0,oracle_reserve_lru,reload,value_ranked_admission,30977564672,14917042176,15552584286,1488977920,0,0,30977564672,0.9798962463770923,0.9591359160437345,1.0,0.98,18,0,17,619,491,81788928,81788928,CPU,0.0,0.0,0,0
92787394750,0,oracle_reserve_lru,admission,value_ranked_working_set,30642020352,14581497856,15552584286,1488977920,0,322961408,30964981760,0.9794982180502098,0.9583268600200788,1.0,0.98,197,179,-1,0,0,0,0,,0.0,0.0,4,14
92787394750,0,oracle_reserve_lru,reload,value_ranked_admission,30985953280,14925430784,15552584286,1161822208,0,0,30985953280,0.9801615985950141,0.9596752867261715,1.0,0.98,14,0,18,618,490,81788928,81788928,CPU,0.0,0.0,0,0
92787394750,0,oracle_reserve_lru,reload,value_ranked_admission,30985953280,14925430784,15552584286,1161822208,0,0,30985953280,0.9801615985950141,0.9596752867261715,1.0,0.98,14,0,19,618,490,81788928,81788928,CPU,0.0,0.0,0,0
92787394750,0,oracle_reserve_lru,reload,value_ranked_admission,30985953280,14925430784,15552584286,1161822208,0,0,30985953280,0.9801615985950141,0.9596752867261715,1.0,0.98,14,0,20,617,489,81788928,81788928,CPU,0.0,0.0,0,0
92787394750,0,oracle_reserve_lru,reload,value_ranked_admission,30985953280,14925430784,15552584286,1161822208,0,0,30985953280,0.9801615985950141,0.9596752867261715,1.0,0.98,14,0,21,617,489,81788928,81788928,CPU,0.0,0.0,0,0
92863273567,0,oracle_reserve_lru,admission,value_ranked_working_set,30759460864,14698938368,15552584286,1161822208,0,320864256,31080325120,0.9831468110466335,0.9657432069035887,1.0,0.98,194,180,-1,0,0,0,0,,0.0,0.0,2,12
92863273567,0,oracle_reserve_lru,reload,value_ranked_admission,30958690304,14898167808,15552584286,998244352,0,0,30958690304,0.9792992038867684,0.957922332008251,1.0,0.98,12,0,12,620,492,81788928,81788928,CPU,0.0,0.0,0,0
92863273567,0,oracle_reserve_lru,reload,value_ranked_admission,30958690304,14898167808,15552584286,998244352,0,0,30958690304,0.9792992038867684,0.957922332008251,1.0,0.98,12,0,13,619,491,81788928,81788928,CPU,0.0,0.0,0,0
92902376766,0,oracle_reserve_lru,admission,value_ranked_working_set,30874804224,14814281728,15552584286,998244352,0,312475648,31187279872,0.9865300518251354,0.9726201831046615,1.0,0.98,193,181,-1,0,0,0,0,,0.0,0.0,1,11
92902376766,0,oracle_reserve_lru,reload,value_ranked_admission,30985953280,14925430784,15552584286,916455424,0,0,30985953280,0.9801615985950141,0.9596752867261715,1.0,0.98,11,0,14,618,490,81788928,81788928,CPU,0.0,0.0,0,0
92941479965,0,oracle_reserve_lru,admission,value_ranked_working_set,30650408960,14589886464,15552584286,916455424,0,304087040,30954496000,0.9791665277778075,0.9576526466670325,1.0,0.98,189,178,-1,0,0,0,0,,0.0,0.0,4,7
92941479965,0,oracle_reserve_lru,reload,value_ranked_admission,31006924800,14946402304,15552584286,585105408,0,0,31006924800,0.9808249791398184,0.9610237134322642,1.0,0.98,7,0,15,618,490,81788928,81788928,CPU,0.0,0.0,0,0
92941479965,0,oracle_reserve_lru,reload,value_ranked_admission,31006924800,14946402304,15552584286,585105408,0,0,31006924800,0.9808249791398184,0.9610237134322642,1.0,0.98,7,0,16,618,490,81788928,81788928,CPU,0.0,0.0,0,0
92941479965,0,oracle_reserve_lru,reload,value_ranked_admission,31006924800,14946402304,15552584286,585105408,0,0,31006924800,0.9808249791398184,0.9610237134322642,1.0,0.98,7,0,7,636,508,83886080,83886080,CPU,0.0,0.0,0,0
92941479965,0,oracle_reserve_lru,reload,value_ranked_admission,31006924800,14946402304,15552584286,585105408,0,0,31006924800,0.9808249791398184,0.9610237134322642,1.0,0.98,7,0,8,634,506,83886080,83886080,CPU,0.0,0.0,0,0
93120648356,0,oracle_reserve_lru,admission,value_ranked_working_set,30742683648,14682161152,15552584286,585105408,0,232783872,30975467520,0.9798299083226119,0.9590010733731252,1.0,0.98,185,178,-1,0,0,0,0,,0.0,0.0,3,4
93120648356,0,oracle_reserve_lru,reload,value_ranked_admission,31013216256,14952693760,15552584286,335544320,0,0,31013216256,0.9810239933032596,0.961428241444092,1.0,0.98,4,0,9,631,503,83886080,83886080,CPU,0.0,0.0,0,0
93120648356,0,oracle_reserve_lru,reload,value_ranked_admission,31013216256,14952693760,15552584286,335544320,0,0,31013216256,0.9810239933032596,0.961428241444092,1.0,0.98,4,0,10,631,503,83886080,83886080,CPU,0.0,0.0,0,0
93120648356,0,oracle_reserve_lru,reload,value_ranked_admission,31013216256,14952693760,15552584286,335544320,0,0,31013216256,0.9810239933032596,0.961428241444092,1.0,0.98,4,0,11,622,494,81788928,81788928,CPU,0.0,0.0,0,0
93173820993,0,oracle_reserve_lru,admission,value_ranked_working_set,30929330176,14868807680,15552584286,335544320,0,220200960,31149531136,0.9853359668444877,0.9701930150336946,1.0,0.98,184,180,-1,0,0,0,0,,0.0,0.0,1,3
93173820993,0,oracle_reserve_lru,reload,value_ranked_admission,31036284928,14975762432,15552584286,251658240,0,0,31036284928,0.9817537119025443,0.9629115108207941,1.0,0.98,3,0,2,638,510,83886080,83886080,CPU,0.0,0.0,0,0
93226336350,0,oracle_reserve_lru,admission,value_ranked_working_set,30700740608,14640218112,15552584286,251658240,0,203423744,30904164352,0.9775744144702773,0.95441642257241,1.0,0.98,180,177,-1,0,0,0,0,,0.0,0.0,3,0
93226336350,0,oracle_reserve_lru,reload,value_ranked_admission,30962884608,14902362112,15552584286,0,0,0,30962884608,0.9794318799957293,0.9581920173494696,1.0,0.98,0,0,3,634,506,83886080,83886080,CPU,0.0,0.0,0,0
93226336350,0,oracle_reserve_lru,reload,value_ranked_admission,30962884608,14902362112,15552584286,0,0,0,30962884608,0.9794318799957293,0.9581920173494696,1.0,0.98,0,0,4,633,505,83886080,83886080,CPU,0.0,0.0,0,0
93226336350,0,oracle_reserve_lru,reload,value_ranked_admission,30962884608,14902362112,15552584286,0,0,0,30962884608,0.9794318799957293,0.9581920173494696,1.0,0.98,0,0,5,633,505,83886080,83886080,CPU,0.0,0.0,0,0
