layer,tokens,time_us
act_fn,1,5.231
act_fn,2,5.207
act_fn,3,5.369
act_fn,4,5.323
act_fn,5,5.494
act_fn,6,5.335
act_fn,7,5.376
act_fn,8,5.437
act_fn,9,5.43
act_fn,10,5.392
act_fn,11,5.466
act_fn,12,5.454
act_fn,13,5.468
act_fn,14,5.512
act_fn,15,5.493
act_fn,16,5.575
act_fn,17,5.552
act_fn,18,5.607
act_fn,19,5.705
act_fn,20,5.739
act_fn,21,5.7
act_fn,22,5.777
act_fn,23,5.74
act_fn,24,5.74
act_fn,25,5.755
act_fn,26,5.739
act_fn,27,5.76
act_fn,28,5.796
act_fn,29,5.779
act_fn,30,5.746
act_fn,31,5.748
act_fn,32,5.863
act_fn,33,5.812
act_fn,34,5.806
act_fn,35,5.781
act_fn,36,5.8
act_fn,37,5.841
act_fn,38,5.9
act_fn,39,5.884
act_fn,40,5.857
act_fn,41,5.849
act_fn,42,5.869
act_fn,43,5.951
act_fn,44,5.932
act_fn,45,5.902
act_fn,46,5.933
act_fn,47,5.904
act_fn,48,5.929
act_fn,49,5.914
act_fn,50,5.919
act_fn,51,5.937
act_fn,52,5.98
act_fn,53,6.03
act_fn,54,6.03
act_fn,55,6.082
act_fn,56,6.088
act_fn,57,6.033
act_fn,58,6.104
act_fn,59,6.053
act_fn,60,6.116
act_fn,61,6.096
act_fn,62,6.203
act_fn,63,6.22
act_fn,64,6.121
act_fn,65,6.217
act_fn,66,6.173
act_fn,67,6.231
act_fn,68,6.245
act_fn,69,6.246
act_fn,70,6.287
act_fn,71,6.303
act_fn,72,6.307
act_fn,73,6.315
act_fn,74,6.293
act_fn,75,6.296
act_fn,76,6.353
act_fn,77,6.604
act_fn,78,6.434
act_fn,79,6.46
act_fn,80,6.518
act_fn,81,6.536
act_fn,82,6.572
act_fn,83,6.5
act_fn,84,6.524
act_fn,85,6.606
act_fn,86,6.623
act_fn,87,6.522
act_fn,88,6.546
act_fn,89,6.573
act_fn,90,6.597
act_fn,91,6.64
act_fn,92,6.655
act_fn,93,6.684
act_fn,94,6.633
act_fn,95,6.774
act_fn,96,6.866
act_fn,97,6.864
act_fn,98,6.831
act_fn,99,6.838
act_fn,100,6.897
act_fn,101,6.919
act_fn,102,6.964
act_fn,103,7.036
act_fn,104,6.945
act_fn,105,7.022
act_fn,106,7.015
act_fn,107,6.957
act_fn,108,7.06
act_fn,109,7.038
act_fn,110,7.065
act_fn,111,7.025
act_fn,112,7.039
act_fn,113,7.087
act_fn,114,7.169
act_fn,115,7.283
act_fn,116,7.226
act_fn,117,7.922
act_fn,118,7.345
act_fn,119,7.417
act_fn,120,7.343
act_fn,121,7.429
act_fn,122,7.377
act_fn,123,7.41
act_fn,124,7.37
act_fn,125,7.394
act_fn,126,7.377
act_fn,127,7.465
act_fn,128,7.495
act_fn,129,7.478
act_fn,130,7.494
act_fn,131,7.521
act_fn,132,7.578
act_fn,133,7.602
act_fn,134,7.637
act_fn,135,7.707
act_fn,136,7.729
act_fn,137,7.715
act_fn,138,7.713
act_fn,139,7.789
act_fn,140,7.773
act_fn,141,7.811
act_fn,142,7.837
act_fn,143,7.923
act_fn,144,7.851
act_fn,145,7.855
act_fn,146,7.975
act_fn,147,7.959
act_fn,148,8.009
act_fn,149,8.032
act_fn,150,8.026
act_fn,151,8.005
act_fn,152,8.059
act_fn,153,8.024
act_fn,154,8.063
act_fn,155,8.139
act_fn,156,8.078
act_fn,157,8.159
act_fn,158,8.253
act_fn,159,8.2
act_fn,160,8.231
act_fn,161,8.274
act_fn,162,8.211
act_fn,163,8.232
act_fn,164,8.225
act_fn,165,8.292
act_fn,166,8.278
act_fn,167,8.329
act_fn,168,8.296
act_fn,169,8.396
act_fn,170,8.345
act_fn,171,8.759
act_fn,172,8.347
act_fn,173,8.354
act_fn,174,8.472
act_fn,175,8.542
act_fn,176,8.482
act_fn,177,8.645
act_fn,178,8.598
act_fn,179,8.661
act_fn,180,8.673
act_fn,181,8.713
act_fn,182,8.659
act_fn,183,8.673
act_fn,184,8.808
act_fn,185,8.785
act_fn,186,8.706
act_fn,187,8.818
act_fn,188,8.771
act_fn,189,8.734
act_fn,190,9.357
act_fn,191,8.829
act_fn,192,8.828
act_fn,193,8.851
act_fn,194,8.799
act_fn,195,8.863
act_fn,196,8.833
act_fn,197,8.908
act_fn,198,8.884
act_fn,199,8.904
act_fn,200,8.947
act_fn,201,8.864
act_fn,202,9.045
act_fn,203,9.105
act_fn,204,9.07
act_fn,205,8.967
act_fn,206,9.029
act_fn,207,9.144
act_fn,208,9.08
act_fn,209,9.808
act_fn,210,9.327
act_fn,211,9.404
act_fn,212,9.4
act_fn,213,9.442
act_fn,214,9.425
act_fn,215,9.461
act_fn,216,9.272
act_fn,217,9.213
act_fn,218,9.213
act_fn,219,9.274
act_fn,220,9.245
act_fn,221,9.31
act_fn,222,9.277
act_fn,223,9.42
act_fn,224,9.602
act_fn,225,9.702
act_fn,226,9.641
act_fn,227,9.737
act_fn,228,10.062
act_fn,229,9.658
act_fn,230,9.777
act_fn,231,9.817
act_fn,232,9.839
act_fn,233,9.833
act_fn,234,9.933
act_fn,235,10.001
act_fn,236,9.877
act_fn,237,10.003
act_fn,238,9.96
act_fn,239,9.956
act_fn,240,9.919
act_fn,241,9.975
act_fn,242,10.031
act_fn,243,10.011
act_fn,244,10.044
act_fn,245,10.011
act_fn,246,10.085
act_fn,247,10.459
act_fn,248,10.077
act_fn,249,10.074
act_fn,250,10.134
act_fn,251,10.312
act_fn,252,10.171
act_fn,253,10.267
act_fn,254,10.245
act_fn,255,10.258
act_fn,256,10.315
act_fn,257,10.331
act_fn,258,10.277
act_fn,259,10.362
act_fn,260,10.345
act_fn,261,10.4
act_fn,262,10.357
act_fn,263,10.435
act_fn,264,10.409
act_fn,265,10.214
act_fn,266,10.52
act_fn,267,10.326
act_fn,268,10.238
act_fn,269,10.353
act_fn,270,10.333
act_fn,271,10.3
act_fn,272,10.363
act_fn,273,10.402
act_fn,274,10.477
act_fn,275,10.445
act_fn,276,10.55
act_fn,277,10.507
act_fn,278,10.524
act_fn,279,10.464
act_fn,280,10.402
act_fn,281,10.466
act_fn,282,10.574
act_fn,283,10.644
act_fn,284,10.482
act_fn,285,10.617
act_fn,286,10.599
act_fn,287,10.627
act_fn,288,10.777
act_fn,289,10.674
act_fn,290,10.653
act_fn,291,10.75
act_fn,292,10.793
act_fn,293,10.764
act_fn,294,10.818
act_fn,295,10.89
act_fn,296,10.832
act_fn,297,10.885
act_fn,298,10.881
act_fn,299,10.962
act_fn,300,10.856
act_fn,301,10.887
act_fn,302,11.834
act_fn,303,11.799
act_fn,304,11.713
act_fn,305,12.009
act_fn,306,12.126
act_fn,307,12.047
act_fn,308,12.051
act_fn,309,12.031
act_fn,310,12.072
act_fn,311,12.177
act_fn,312,12.289
act_fn,313,11.937
act_fn,314,11.81
act_fn,315,11.814
act_fn,316,11.992
act_fn,317,11.763
act_fn,318,11.878
act_fn,319,12.104
act_fn,320,12.053
act_fn,321,12.234
act_fn,322,12.101
act_fn,323,12.115
act_fn,324,12.154
act_fn,325,12.271
act_fn,326,12.113
act_fn,327,12.276
act_fn,328,11.997
act_fn,329,12.264
act_fn,330,12.212
act_fn,331,12.23
act_fn,332,12.229
act_fn,333,12.256
act_fn,334,12.354
act_fn,335,12.369
act_fn,336,12.43
act_fn,337,12.381
act_fn,338,12.416
act_fn,339,12.522
act_fn,340,12.421
act_fn,341,12.498
act_fn,342,12.42
act_fn,343,12.549
act_fn,344,12.465
act_fn,345,12.391
act_fn,346,12.514
act_fn,347,12.536
act_fn,348,12.596
act_fn,349,12.647
act_fn,350,12.541
act_fn,351,12.614
act_fn,352,12.506
act_fn,353,12.534
act_fn,354,12.486
act_fn,355,12.69
act_fn,356,12.596
act_fn,357,12.612
act_fn,358,12.668
act_fn,359,12.616
act_fn,360,12.647
act_fn,361,12.71
act_fn,362,12.722
act_fn,363,12.799
act_fn,364,12.692
act_fn,365,12.618
act_fn,366,12.752
act_fn,367,12.729
act_fn,368,12.77
act_fn,369,12.827
act_fn,370,12.813
act_fn,371,12.889
act_fn,372,12.745
act_fn,373,12.903
act_fn,374,12.899
act_fn,375,12.864
act_fn,376,12.856
act_fn,377,12.907
act_fn,378,12.988
act_fn,379,13.015
act_fn,380,12.952
act_fn,381,12.98
act_fn,382,13.024
act_fn,383,13.066
act_fn,384,13.105
act_fn,385,12.748
act_fn,386,12.796
act_fn,387,12.956
act_fn,388,12.799
act_fn,389,12.968
act_fn,390,12.968
act_fn,391,12.995
act_fn,392,12.911
act_fn,393,12.933
act_fn,394,13.019
act_fn,395,13.048
act_fn,396,12.981
act_fn,397,13.023
act_fn,398,13.044
act_fn,399,13.185
act_fn,400,13.128
act_fn,401,13.071
act_fn,402,13.215
act_fn,403,13.284
act_fn,404,13.207
act_fn,405,13.242
act_fn,406,13.263
act_fn,407,13.269
act_fn,408,13.251
act_fn,409,13.265
act_fn,410,13.421
act_fn,411,13.316
act_fn,412,13.247
act_fn,413,13.482
act_fn,414,13.447
act_fn,415,13.472
act_fn,416,13.345
act_fn,417,13.527
act_fn,418,13.582
act_fn,419,13.656
act_fn,420,13.783
act_fn,421,13.731
act_fn,422,13.611
act_fn,423,13.805
act_fn,424,13.735
act_fn,425,13.907
act_fn,426,13.605
act_fn,427,13.8
act_fn,428,13.811
act_fn,429,13.883
act_fn,430,13.781
act_fn,431,13.813
act_fn,432,13.872
act_fn,433,13.679
act_fn,434,13.732
act_fn,435,13.832
act_fn,436,13.672
act_fn,437,13.783
act_fn,438,13.844
act_fn,439,13.789
act_fn,440,13.778
act_fn,441,13.953
act_fn,442,13.932
act_fn,443,13.847
act_fn,444,13.832
act_fn,445,13.959
act_fn,446,13.989
act_fn,447,13.973
act_fn,448,13.911
act_fn,449,14.036
act_fn,450,14.074
act_fn,451,14.027
act_fn,452,13.941
act_fn,453,14.024
act_fn,454,14.039
act_fn,455,14.067
act_fn,456,14.091
act_fn,457,14.145
act_fn,458,14.192
act_fn,459,14.258
act_fn,460,14.151
act_fn,461,14.17
act_fn,462,14.31
act_fn,463,14.167
act_fn,464,14.353
act_fn,465,14.421
act_fn,466,14.444
act_fn,467,14.466
act_fn,468,14.511
act_fn,469,14.585
act_fn,470,14.533
act_fn,471,14.559
act_fn,472,14.587
act_fn,473,14.547
act_fn,474,14.637
act_fn,475,14.68
act_fn,476,14.695
act_fn,477,14.779
act_fn,478,14.756
act_fn,479,14.825
act_fn,480,14.723
act_fn,481,14.618
act_fn,482,14.43
act_fn,483,14.677
act_fn,484,14.538
act_fn,485,14.624
act_fn,486,14.7
act_fn,487,14.606
act_fn,488,14.675
act_fn,489,14.618
act_fn,490,14.782
act_fn,491,14.727
act_fn,492,14.786
act_fn,493,14.917
act_fn,494,14.8
act_fn,495,14.763
act_fn,496,14.863
act_fn,497,15.902
act_fn,498,15.858
act_fn,499,15.901
act_fn,500,15.962
act_fn,501,15.846
act_fn,502,15.889
act_fn,503,16.031
act_fn,504,14.92
act_fn,505,15.987
act_fn,506,16.07
act_fn,507,16.023
act_fn,508,16.156
act_fn,509,16.058
act_fn,510,16.128
act_fn,511,16.221
act_fn,512,15.053
act_fn,513,15.237
act_fn,514,15.463
act_fn,515,15.262
act_fn,516,15.211
act_fn,517,15.359
act_fn,518,15.424
act_fn,519,15.348
act_fn,520,15.4
act_fn,521,15.49
act_fn,522,15.405
act_fn,523,15.503
act_fn,524,15.432
act_fn,525,15.475
act_fn,526,15.543
act_fn,527,15.549
act_fn,528,15.603
act_fn,529,15.402
act_fn,530,15.358
act_fn,531,15.482
act_fn,532,15.387
act_fn,533,15.312
act_fn,534,15.426
act_fn,535,15.559
act_fn,536,15.465
act_fn,537,15.512
act_fn,538,15.576
act_fn,539,15.564
act_fn,540,15.547
act_fn,541,15.521
act_fn,542,15.582
act_fn,543,15.581
act_fn,544,15.69
act_fn,545,15.812
act_fn,546,15.79
act_fn,547,15.872
act_fn,548,15.758
act_fn,549,15.708
act_fn,550,15.768
act_fn,551,15.8
act_fn,552,15.872
act_fn,553,15.841
act_fn,554,15.941
act_fn,555,16.006
act_fn,556,15.844
act_fn,557,15.89
act_fn,558,15.952
act_fn,559,15.903
act_fn,560,15.907
act_fn,561,15.952
act_fn,562,16.03
act_fn,563,16.128
act_fn,564,16.058
act_fn,565,16.103
act_fn,566,16.078
act_fn,567,16.152
act_fn,568,16.142
act_fn,569,16.136
act_fn,570,16.207
act_fn,571,16.263
act_fn,572,16.228
act_fn,573,16.401
act_fn,574,16.458
act_fn,575,16.306
act_fn,576,16.509
act_fn,577,16.351
act_fn,578,16.353
act_fn,579,16.461
act_fn,580,16.378
act_fn,581,16.422
act_fn,582,16.487
act_fn,583,16.494
act_fn,584,16.48
act_fn,585,16.504
act_fn,586,16.556
act_fn,587,16.537
act_fn,588,16.499
act_fn,589,16.617
act_fn,590,16.576
act_fn,591,16.597
act_fn,592,16.746
act_fn,593,16.714
act_fn,594,16.632
act_fn,595,16.754
act_fn,596,16.692
act_fn,597,16.793
act_fn,598,16.746
act_fn,599,16.754
act_fn,600,16.883
act_fn,601,16.872
act_fn,602,16.846
act_fn,603,16.789
act_fn,604,16.809
act_fn,605,16.879
act_fn,606,16.971
act_fn,607,17.004
act_fn,608,16.908
act_fn,609,17.131
act_fn,610,16.961
act_fn,611,17.063
act_fn,612,17.109
act_fn,613,17.088
act_fn,614,17.141
act_fn,615,17.237
act_fn,616,17.18
act_fn,617,17.131
act_fn,618,17.203
act_fn,619,17.262
act_fn,620,17.395
act_fn,621,17.342
act_fn,622,17.227
act_fn,623,17.352
act_fn,624,17.321
act_fn,625,17.525
act_fn,626,17.345
act_fn,627,17.41
act_fn,628,17.426
act_fn,629,17.493
act_fn,630,17.482
act_fn,631,17.499
act_fn,632,17.497
act_fn,633,17.633
act_fn,634,17.555
act_fn,635,17.611
act_fn,636,17.518
act_fn,637,17.607
act_fn,638,17.615
act_fn,639,17.704
act_fn,640,17.646
act_fn,641,17.839
act_fn,642,17.74
act_fn,643,17.665
act_fn,644,17.877
act_fn,645,17.9
act_fn,646,17.741
act_fn,647,17.885
act_fn,648,17.869
act_fn,649,18.436
act_fn,650,18.391
act_fn,651,18.395
act_fn,652,18.406
act_fn,653,18.526
act_fn,654,18.512
act_fn,655,18.453
act_fn,656,18.046
act_fn,657,18.556
act_fn,658,18.602
act_fn,659,18.604
act_fn,660,18.56
act_fn,661,18.62
act_fn,662,18.561
act_fn,663,18.675
act_fn,664,18.717
act_fn,665,18.679
act_fn,666,18.731
act_fn,667,18.808
act_fn,668,18.741
act_fn,669,18.729
act_fn,670,18.85
act_fn,671,18.858
act_fn,672,19.226
act_fn,673,18.34
act_fn,674,18.506
act_fn,675,18.414
act_fn,676,18.51
act_fn,677,18.621
act_fn,678,18.68
act_fn,679,18.675
act_fn,680,18.693
act_fn,681,18.606
act_fn,682,18.689
act_fn,683,18.639
act_fn,684,18.553
act_fn,685,18.477
act_fn,686,18.616
act_fn,687,18.514
act_fn,688,18.612
act_fn,689,18.588
act_fn,690,18.68
act_fn,691,18.727
act_fn,692,18.804
act_fn,693,18.791
act_fn,694,18.757
act_fn,695,18.772
act_fn,696,18.819
act_fn,697,18.919
act_fn,698,18.998
act_fn,699,18.921
act_fn,700,18.948
act_fn,701,18.989
act_fn,702,18.938
act_fn,703,18.937
act_fn,704,19.965
act_fn,705,19.101
act_fn,706,18.952
act_fn,707,19.173
act_fn,708,19.225
act_fn,709,19.185
act_fn,710,19.171
act_fn,711,19.155
act_fn,712,19.255
act_fn,713,19.28
act_fn,714,19.275
act_fn,715,19.392
act_fn,716,19.519
act_fn,717,19.371
act_fn,718,19.492
act_fn,719,19.185
act_fn,720,19.304
act_fn,721,20.335
act_fn,722,20.37
act_fn,723,20.384
act_fn,724,20.376
act_fn,725,20.414
act_fn,726,20.457
act_fn,727,20.477
act_fn,728,20.618
act_fn,729,20.536
act_fn,730,20.474
act_fn,731,20.636
act_fn,732,20.74
act_fn,733,20.654
act_fn,734,20.599
act_fn,735,20.8
act_fn,736,20.739
act_fn,737,20.829
act_fn,738,20.786
act_fn,739,20.739
act_fn,740,20.767
act_fn,741,20.92
act_fn,742,20.902
act_fn,743,20.935
act_fn,744,20.923
act_fn,745,20.967
act_fn,746,21.049
act_fn,747,21.052
act_fn,748,21.046
act_fn,749,21.099
act_fn,750,21.127
act_fn,751,21.215
act_fn,752,21.154
act_fn,753,21.2
act_fn,754,21.1
act_fn,755,21.187
act_fn,756,21.212
act_fn,757,21.306
act_fn,758,21.221
act_fn,759,21.423
act_fn,760,21.308
act_fn,761,21.359
act_fn,762,21.397
act_fn,763,21.412
act_fn,764,21.459
act_fn,765,21.419
act_fn,766,21.543
act_fn,767,21.549
act_fn,768,21.496
act_fn,769,21.424
act_fn,770,21.492
act_fn,771,21.498
act_fn,772,21.52
act_fn,773,21.725
act_fn,774,21.552
act_fn,775,21.565
act_fn,776,21.615
act_fn,777,21.657
act_fn,778,21.752
act_fn,779,21.69
act_fn,780,21.729
act_fn,781,21.772
act_fn,782,21.761
act_fn,783,21.772
act_fn,784,21.201
act_fn,785,21.817
act_fn,786,21.864
act_fn,787,21.907
act_fn,788,21.967
act_fn,789,21.983
act_fn,790,22.046
act_fn,791,21.999
act_fn,792,22.022
act_fn,793,21.491
act_fn,794,21.496
act_fn,795,21.416
act_fn,796,21.51
act_fn,797,21.553
act_fn,798,21.53
act_fn,799,21.718
act_fn,800,22.098
act_fn,801,21.743
act_fn,802,21.502
act_fn,803,21.675
act_fn,804,21.711
act_fn,805,21.823
act_fn,806,21.764
act_fn,807,21.762
act_fn,808,21.766
act_fn,809,21.907
act_fn,810,21.925
act_fn,811,21.979
act_fn,812,21.805
act_fn,813,21.873
act_fn,814,21.934
act_fn,815,21.895
act_fn,816,21.991
act_fn,817,22.053
act_fn,818,22.136
act_fn,819,22.1
act_fn,820,21.895
act_fn,821,21.995
act_fn,822,22.066
act_fn,823,22.05
act_fn,824,22.124
act_fn,825,22.097
act_fn,826,22.097
act_fn,827,22.062
act_fn,828,22.138
act_fn,829,22.138
act_fn,830,22.272
act_fn,831,22.088
act_fn,832,22.946
act_fn,833,22.984
act_fn,834,23.067
act_fn,835,23.041
act_fn,836,23.014
act_fn,837,23.144
act_fn,838,23.08
act_fn,839,23.14
act_fn,840,23.204
act_fn,841,23.315
act_fn,842,23.194
act_fn,843,23.256
act_fn,844,23.307
act_fn,845,23.289
act_fn,846,23.315
act_fn,847,23.375
act_fn,848,23.332
act_fn,849,23.392
act_fn,850,23.497
act_fn,851,23.5
act_fn,852,23.464
act_fn,853,23.539
act_fn,854,23.563
act_fn,855,23.614
act_fn,856,23.685
act_fn,857,23.673
act_fn,858,23.69
act_fn,859,23.708
act_fn,860,23.767
act_fn,861,23.743
act_fn,862,23.794
act_fn,863,23.79
act_fn,864,23.806
act_fn,865,23.794
act_fn,866,23.753
act_fn,867,23.771
act_fn,868,23.917
act_fn,869,23.79
act_fn,870,23.972
act_fn,871,23.942
act_fn,872,23.978
act_fn,873,24.029
act_fn,874,23.949
act_fn,875,24.157
act_fn,876,24.042
act_fn,877,23.994
act_fn,878,24.205
act_fn,879,24.132
act_fn,880,24.316
act_fn,881,24.242
act_fn,882,24.375
act_fn,883,24.158
act_fn,884,24.418
act_fn,885,24.369
act_fn,886,24.389
act_fn,887,24.498
act_fn,888,24.428
act_fn,889,24.39
act_fn,890,24.457
act_fn,891,24.526
act_fn,892,24.552
act_fn,893,24.559
act_fn,894,24.582
act_fn,895,24.671
act_fn,896,24.629
act_fn,897,24.745
act_fn,898,24.576
act_fn,899,24.505
act_fn,900,24.656
act_fn,901,24.724
act_fn,902,24.836
act_fn,903,24.774
act_fn,904,24.717
act_fn,905,24.779
act_fn,906,24.843
act_fn,907,24.881
act_fn,908,24.821
act_fn,909,24.917
act_fn,910,24.991
act_fn,911,24.995
act_fn,912,24.771
act_fn,913,25.044
act_fn,914,25.048
act_fn,915,25.005
act_fn,916,25.159
act_fn,917,25.245
act_fn,918,25.239
act_fn,919,25.249
act_fn,920,25.19
act_fn,921,25.307
act_fn,922,25.285
act_fn,923,25.332
act_fn,924,25.327
act_fn,925,25.247
act_fn,926,25.376
act_fn,927,25.396
act_fn,928,24.856
act_fn,929,25.482
act_fn,930,25.55
act_fn,931,25.488
act_fn,932,25.597
act_fn,933,25.579
act_fn,934,25.642
act_fn,935,25.679
act_fn,936,25.695
act_fn,937,25.048
act_fn,938,25.002
act_fn,939,25.182
act_fn,940,25.116
act_fn,941,25.143
act_fn,942,25.225
act_fn,943,25.351
act_fn,944,25.641
act_fn,945,25.198
act_fn,946,25.224
act_fn,947,25.249
act_fn,948,25.31
act_fn,949,25.36
act_fn,950,25.457
act_fn,951,25.388
act_fn,952,25.372
act_fn,953,25.378
act_fn,954,25.385
act_fn,955,25.396
act_fn,956,25.577
act_fn,957,25.432
act_fn,958,25.615
act_fn,959,25.597
act_fn,960,25.486
act_fn,961,26.188
act_fn,962,26.282
act_fn,963,26.258
act_fn,964,26.208
act_fn,965,26.285
act_fn,966,26.312
act_fn,967,26.32
act_fn,968,26.493
act_fn,969,26.503
act_fn,970,26.379
act_fn,971,26.573
act_fn,972,26.53
act_fn,973,26.551
act_fn,974,26.571
act_fn,975,26.485
act_fn,976,26.743
act_fn,977,26.501
act_fn,978,26.741
act_fn,979,26.804
act_fn,980,26.937
act_fn,981,26.903
act_fn,982,26.851
act_fn,983,26.955
act_fn,984,26.989
act_fn,985,26.976
act_fn,986,27.134
act_fn,987,27.046
act_fn,988,27.25
act_fn,989,27.156
act_fn,990,27.195
act_fn,991,27.169
act_fn,992,26.445
act_fn,993,27.208
act_fn,994,27.216
act_fn,995,27.189
act_fn,996,27.268
act_fn,997,27.365
act_fn,998,27.568
act_fn,999,27.365
act_fn,1000,27.523
act_fn,1001,27.498
act_fn,1002,27.666
act_fn,1003,27.667
act_fn,1004,27.742
act_fn,1005,27.663
act_fn,1006,27.664
act_fn,1007,27.681
act_fn,1008,27.678
act_fn,1009,27.427
act_fn,1010,27.566
act_fn,1011,27.624
act_fn,1012,27.569
act_fn,1013,27.723
act_fn,1014,27.57
act_fn,1015,27.672
act_fn,1016,27.588
act_fn,1017,27.676
act_fn,1018,27.65
act_fn,1019,27.717
act_fn,1020,27.834
act_fn,1021,27.886
act_fn,1022,27.846
act_fn,1023,27.979
act_fn,1024,27.748
act_fn,1025,28.17
act_fn,1026,28.23
act_fn,1027,28.272
act_fn,1028,28.323
act_fn,1029,28.299
act_fn,1030,28.45
act_fn,1031,28.503
act_fn,1032,28.572
act_fn,1033,28.427
act_fn,1034,28.522
act_fn,1035,28.497
act_fn,1036,28.806
act_fn,1037,28.644
act_fn,1038,28.781
act_fn,1039,28.759
act_fn,1040,29.246
act_fn,1041,28.844
act_fn,1042,28.723
act_fn,1043,28.926
act_fn,1044,28.758
act_fn,1045,28.929
act_fn,1046,28.949
act_fn,1047,28.916
act_fn,1048,29.031
act_fn,1049,28.968
act_fn,1050,29.217
act_fn,1051,29.199
act_fn,1052,29.34
act_fn,1053,29.359
act_fn,1054,29.179
act_fn,1055,29.297
act_fn,1056,29.959
act_fn,1057,29.401
act_fn,1058,29.358
act_fn,1059,29.459
act_fn,1060,29.549
act_fn,1061,29.594
act_fn,1062,29.563
act_fn,1063,29.724
act_fn,1064,29.753
act_fn,1065,29.798
act_fn,1066,29.782
act_fn,1067,29.794
act_fn,1068,29.833
act_fn,1069,29.755
act_fn,1070,29.905
act_fn,1071,29.836
act_fn,1072,29.575
act_fn,1073,30.017
act_fn,1074,30.075
act_fn,1075,30.021
act_fn,1076,30.074
act_fn,1077,30.106
act_fn,1078,30.206
act_fn,1079,30.256
act_fn,1080,30.304
act_fn,1081,29.943
act_fn,1082,30.015
act_fn,1083,30.14
act_fn,1084,30.265
act_fn,1085,29.989
act_fn,1086,30.214
act_fn,1087,30.167
act_fn,1088,30.293
act_fn,1089,30.203
act_fn,1090,30.216
act_fn,1091,30.235
act_fn,1092,30.296
act_fn,1093,30.275
act_fn,1094,30.457
act_fn,1095,30.479
act_fn,1096,30.411
act_fn,1097,30.518
act_fn,1098,30.506
act_fn,1099,30.639
act_fn,1100,30.537
act_fn,1101,30.613
act_fn,1102,30.732
act_fn,1103,30.893
act_fn,1104,30.866
act_fn,1105,30.819
act_fn,1106,30.83
act_fn,1107,30.846
act_fn,1108,30.979
act_fn,1109,30.93
act_fn,1110,31.072
act_fn,1111,31.076
act_fn,1112,31.018
act_fn,1113,31.03
act_fn,1114,31.084
act_fn,1115,30.991
act_fn,1116,31.284
act_fn,1117,31.061
act_fn,1118,31.23
act_fn,1119,31.178
act_fn,1120,31.388
act_fn,1121,31.558
act_fn,1122,31.673
act_fn,1123,31.673
act_fn,1124,31.701
act_fn,1125,31.704
act_fn,1126,31.945
act_fn,1127,31.712
act_fn,1128,31.924
act_fn,1129,31.916
act_fn,1130,32.135
act_fn,1131,31.942
act_fn,1132,32.097
act_fn,1133,32.154
act_fn,1134,32.143
act_fn,1135,32.119
act_fn,1136,32.244
act_fn,1137,32.157
act_fn,1138,32.307
act_fn,1139,32.442
act_fn,1140,32.334
act_fn,1141,32.538
act_fn,1142,32.423
act_fn,1143,32.497
act_fn,1144,32.696
act_fn,1145,32.606
act_fn,1146,32.689
act_fn,1147,32.656
act_fn,1148,32.779
act_fn,1149,32.682
act_fn,1150,32.749
act_fn,1151,32.868
act_fn,1152,32.876
act_fn,1153,32.427
act_fn,1154,32.509
act_fn,1155,32.706
act_fn,1156,32.653
act_fn,1157,32.753
act_fn,1158,32.659
act_fn,1159,32.671
act_fn,1160,32.715
act_fn,1161,32.685
act_fn,1162,32.772
act_fn,1163,32.751
act_fn,1164,32.794
act_fn,1165,32.86
act_fn,1166,32.993
act_fn,1167,33.146
act_fn,1168,32.925
act_fn,1169,33.111
act_fn,1170,33.119
act_fn,1171,33.115
act_fn,1172,33.2
act_fn,1173,33.248
act_fn,1174,33.267
act_fn,1175,33.269
act_fn,1176,33.283
act_fn,1177,33.705
act_fn,1178,33.768
act_fn,1179,33.82
act_fn,1180,33.838
act_fn,1181,33.994
act_fn,1182,34.014
act_fn,1183,34.073
act_fn,1184,33.149
act_fn,1185,34.131
act_fn,1186,34.115
act_fn,1187,34.334
act_fn,1188,34.18
act_fn,1189,34.132
act_fn,1190,34.272
act_fn,1191,34.505
act_fn,1192,34.481
act_fn,1193,34.557
act_fn,1194,34.456
act_fn,1195,34.47
act_fn,1196,34.582
act_fn,1197,34.663
act_fn,1198,34.56
act_fn,1199,34.667
act_fn,1200,34.097
act_fn,1201,34.788
act_fn,1202,34.757
act_fn,1203,34.857
act_fn,1204,34.964
act_fn,1205,34.956
act_fn,1206,34.849
act_fn,1207,34.898
act_fn,1208,34.974
act_fn,1209,35.009
act_fn,1210,35.124
act_fn,1211,35.127
act_fn,1212,35.217
act_fn,1213,35.135
act_fn,1214,35.361
act_fn,1215,35.201
act_fn,1216,34.492
act_fn,1217,35.406
act_fn,1218,35.512
act_fn,1219,35.622
act_fn,1220,35.538
act_fn,1221,35.624
act_fn,1222,35.617
act_fn,1223,35.698
act_fn,1224,35.668
act_fn,1225,35.145
act_fn,1226,35.119
act_fn,1227,35.326
act_fn,1228,35.402
act_fn,1229,35.356
act_fn,1230,35.295
act_fn,1231,35.227
act_fn,1232,35.484
act_fn,1233,35.638
act_fn,1234,35.802
act_fn,1235,35.832
act_fn,1236,35.989
act_fn,1237,35.89
act_fn,1238,36.02
act_fn,1239,35.993
act_fn,1240,36.038
act_fn,1241,35.97
act_fn,1242,36.202
act_fn,1243,36.187
act_fn,1244,36.271
act_fn,1245,36.303
act_fn,1246,36.378
act_fn,1247,36.32
act_fn,1248,36.558
act_fn,1249,36.324
act_fn,1250,36.288
act_fn,1251,36.522
act_fn,1252,36.574
act_fn,1253,36.459
act_fn,1254,36.643
act_fn,1255,36.615
act_fn,1256,36.511
act_fn,1257,36.578
act_fn,1258,36.982
act_fn,1259,36.874
act_fn,1260,36.828
act_fn,1261,36.881
act_fn,1262,37.037
act_fn,1263,36.9
act_fn,1264,37.032
act_fn,1265,37.298
act_fn,1266,37.086
act_fn,1267,37.055
act_fn,1268,37.089
act_fn,1269,37.269
act_fn,1270,37.256
act_fn,1271,37.241
act_fn,1272,37.356
act_fn,1273,37.398
act_fn,1274,37.308
act_fn,1275,37.366
act_fn,1276,37.65
act_fn,1277,37.538
act_fn,1278,37.753
act_fn,1279,37.747
act_fn,1280,37.23
act_fn,1281,37.475
act_fn,1282,37.348
act_fn,1283,37.481
act_fn,1284,37.493
act_fn,1285,37.515
act_fn,1286,37.632
act_fn,1287,37.595
act_fn,1288,37.656
act_fn,1289,37.786
act_fn,1290,37.651
act_fn,1291,37.898
act_fn,1292,37.898
act_fn,1293,37.804
act_fn,1294,38.056
act_fn,1295,38.148
act_fn,1296,37.93
act_fn,1297,37.797
act_fn,1298,37.839
act_fn,1299,37.923
act_fn,1300,37.948
act_fn,1301,37.82
act_fn,1302,37.906
act_fn,1303,37.973
act_fn,1304,38.246
act_fn,1305,38.227
act_fn,1306,38.207
act_fn,1307,37.99
act_fn,1308,38.248
act_fn,1309,38.193
act_fn,1310,38.285
act_fn,1311,38.3
act_fn,1312,38.21
act_fn,1313,38.408
act_fn,1314,38.48
act_fn,1315,38.686
act_fn,1316,38.575
act_fn,1317,38.625
act_fn,1318,38.651
act_fn,1319,38.534
act_fn,1320,38.63
act_fn,1321,38.75
act_fn,1322,38.729
act_fn,1323,38.817
act_fn,1324,38.85
act_fn,1325,38.893
act_fn,1326,38.942
act_fn,1327,38.84
act_fn,1328,38.883
act_fn,1329,39.123
act_fn,1330,39.196
act_fn,1331,39.298
act_fn,1332,39.298
act_fn,1333,39.103
act_fn,1334,39.411
act_fn,1335,39.342
act_fn,1336,39.527
act_fn,1337,39.29
act_fn,1338,39.472
act_fn,1339,39.478
act_fn,1340,39.442
act_fn,1341,39.607
act_fn,1342,39.701
act_fn,1343,39.643
act_fn,1344,39.486
act_fn,1345,39.81
act_fn,1346,39.784
act_fn,1347,39.857
act_fn,1348,39.849
act_fn,1349,39.991
act_fn,1350,40.012
act_fn,1351,39.985
act_fn,1352,40.014
act_fn,1353,40.035
act_fn,1354,40.055
act_fn,1355,40.12
act_fn,1356,40.057
act_fn,1357,40.132
act_fn,1358,40.374
act_fn,1359,40.279
act_fn,1360,40.089
act_fn,1361,40.319
act_fn,1362,40.495
act_fn,1363,40.477
act_fn,1364,40.432
act_fn,1365,40.473
act_fn,1366,40.515
act_fn,1367,40.753
act_fn,1368,40.562
act_fn,1369,40.206
act_fn,1370,40.217
act_fn,1371,40.204
act_fn,1372,40.347
act_fn,1373,40.518
act_fn,1374,40.35
act_fn,1375,40.36
act_fn,1376,40.631
act_fn,1377,40.463
act_fn,1378,40.591
act_fn,1379,40.686
act_fn,1380,40.677
act_fn,1381,40.679
act_fn,1382,40.796
act_fn,1383,41.023
act_fn,1384,40.961
act_fn,1385,41.003
act_fn,1386,40.743
act_fn,1387,40.917
act_fn,1388,40.89
act_fn,1389,41.149
act_fn,1390,40.921
act_fn,1391,40.918
act_fn,1392,41.343
act_fn,1393,41.086
act_fn,1394,41.235
act_fn,1395,41.129
act_fn,1396,41.275
act_fn,1397,41.343
act_fn,1398,41.197
act_fn,1399,41.258
act_fn,1400,41.684
act_fn,1401,41.673
act_fn,1402,41.731
act_fn,1403,41.645
act_fn,1404,41.807
act_fn,1405,41.774
act_fn,1406,41.864
act_fn,1407,41.712
act_fn,1408,42.664
act_fn,1409,42.253
act_fn,1410,42.24
act_fn,1411,42.449
act_fn,1412,42.253
act_fn,1413,42.316
act_fn,1414,42.417
act_fn,1415,42.463
act_fn,1416,42.647
act_fn,1417,42.416
act_fn,1418,42.627
act_fn,1419,42.703
act_fn,1420,42.539
act_fn,1421,42.715
act_fn,1422,42.579
act_fn,1423,42.845
act_fn,1424,42.777
act_fn,1425,42.845
act_fn,1426,43.029
act_fn,1427,42.838
act_fn,1428,42.971
act_fn,1429,43.024
act_fn,1430,43.127
act_fn,1431,43.024
act_fn,1432,43.021
act_fn,1433,43.205
act_fn,1434,43.115
act_fn,1435,43.099
act_fn,1436,43.207
act_fn,1437,43.323
act_fn,1438,43.385
act_fn,1439,43.456
act_fn,1440,43.329
act_fn,1441,42.795
act_fn,1442,42.908
act_fn,1443,43.035
act_fn,1444,43.189
act_fn,1445,43.016
act_fn,1446,43.161
act_fn,1447,43.151
act_fn,1448,43.09
act_fn,1449,43.29
act_fn,1450,43.072
act_fn,1451,43.128
act_fn,1452,43.288
act_fn,1453,43.196
act_fn,1454,43.219
act_fn,1455,43.495
act_fn,1456,43.403
act_fn,1457,43.236
act_fn,1458,43.355
act_fn,1459,43.358
act_fn,1460,43.399
act_fn,1461,43.475
act_fn,1462,43.387
act_fn,1463,43.327
act_fn,1464,43.409
act_fn,1465,43.433
act_fn,1466,43.442
act_fn,1467,43.45
act_fn,1468,43.48
act_fn,1469,43.527
act_fn,1470,43.501
act_fn,1471,43.581
act_fn,1472,43.395
act_fn,1473,43.667
act_fn,1474,43.764
act_fn,1475,43.648
act_fn,1476,43.534
act_fn,1477,43.753
act_fn,1478,43.743
act_fn,1479,43.839
act_fn,1480,43.784
act_fn,1481,43.786
act_fn,1482,43.811
act_fn,1483,43.986
act_fn,1484,43.876
act_fn,1485,43.847
act_fn,1486,44.056
act_fn,1487,44.103
act_fn,1488,44.0
act_fn,1489,44.081
act_fn,1490,44.205
act_fn,1491,44.133
act_fn,1492,44.214
act_fn,1493,44.062
act_fn,1494,44.293
act_fn,1495,44.402
act_fn,1496,44.242
act_fn,1497,44.317
act_fn,1498,44.361
act_fn,1499,44.389
act_fn,1500,44.461
act_fn,1501,44.532
act_fn,1502,44.519
act_fn,1503,44.512
act_fn,1504,44.669
act_fn,1505,44.649
act_fn,1506,44.519
act_fn,1507,44.645
act_fn,1508,44.829
act_fn,1509,44.652
act_fn,1510,44.75
act_fn,1511,44.699
act_fn,1512,44.979
act_fn,1513,44.805
act_fn,1514,44.899
act_fn,1515,44.88
act_fn,1516,45.05
act_fn,1517,45.112
act_fn,1518,44.969
act_fn,1519,45.085
act_fn,1520,45.197
act_fn,1521,45.083
act_fn,1522,45.237
act_fn,1523,45.24
act_fn,1524,45.169
act_fn,1525,45.279
act_fn,1526,45.335
act_fn,1527,45.308
act_fn,1528,45.345
act_fn,1529,45.313
act_fn,1530,45.532
act_fn,1531,45.481
act_fn,1532,45.685
act_fn,1533,45.553
act_fn,1534,45.685
act_fn,1535,45.693
act_fn,1536,45.294
act_fn,1537,46.301
act_fn,1538,46.552
act_fn,1539,46.469
act_fn,1540,46.527
act_fn,1541,46.534
act_fn,1542,46.483
act_fn,1543,46.536
act_fn,1544,46.555
act_fn,1545,46.644
act_fn,1546,46.786
act_fn,1547,46.616
act_fn,1548,46.936
act_fn,1549,46.724
act_fn,1550,46.811
act_fn,1551,46.878
act_fn,1552,46.827
act_fn,1553,46.8
act_fn,1554,47.026
act_fn,1555,46.95
act_fn,1556,47.007
act_fn,1557,46.995
act_fn,1558,46.996
act_fn,1559,46.914
act_fn,1560,47.025
act_fn,1561,47.21
act_fn,1562,47.129
act_fn,1563,47.285
act_fn,1564,47.242
act_fn,1565,47.433
act_fn,1566,47.223
act_fn,1567,47.543
act_fn,1568,47.472
act_fn,1569,47.305
act_fn,1570,47.361
act_fn,1571,47.528
act_fn,1572,47.39
act_fn,1573,47.567
act_fn,1574,47.604
act_fn,1575,47.673
act_fn,1576,47.661
act_fn,1577,47.639
act_fn,1578,47.572
act_fn,1579,47.705
act_fn,1580,47.608
act_fn,1581,47.87
act_fn,1582,47.852
act_fn,1583,47.686
act_fn,1584,47.48
act_fn,1585,47.797
act_fn,1586,48.068
act_fn,1587,47.922
act_fn,1588,47.891
act_fn,1589,48.064
act_fn,1590,48.153
act_fn,1591,47.942
act_fn,1592,48.116
act_fn,1593,48.014
act_fn,1594,48.223
act_fn,1595,48.14
act_fn,1596,48.545
act_fn,1597,48.085
act_fn,1598,48.133
act_fn,1599,48.245
act_fn,1600,47.275
act_fn,1601,48.533
act_fn,1602,48.546
act_fn,1603,48.506
act_fn,1604,48.615
act_fn,1605,48.417
act_fn,1606,48.736
act_fn,1607,48.556
act_fn,1608,48.564
act_fn,1609,48.691
act_fn,1610,47.978
act_fn,1611,47.884
act_fn,1612,48.194
act_fn,1613,48.122
act_fn,1614,48.275
act_fn,1615,48.071
act_fn,1616,48.193
act_fn,1617,48.071
act_fn,1618,48.344
act_fn,1619,48.334
act_fn,1620,48.509
act_fn,1621,48.398
act_fn,1622,48.439
act_fn,1623,48.489
act_fn,1624,48.448
act_fn,1625,48.263
act_fn,1626,48.416
act_fn,1627,48.258
act_fn,1628,48.505
act_fn,1629,48.704
act_fn,1630,48.691
act_fn,1631,48.932
act_fn,1632,48.165
act_fn,1633,48.682
act_fn,1634,48.906
act_fn,1635,48.636
act_fn,1636,48.642
act_fn,1637,48.808
act_fn,1638,48.725
act_fn,1639,48.613
act_fn,1640,48.63
act_fn,1641,48.804
act_fn,1642,48.869
act_fn,1643,49.045
act_fn,1644,48.859
act_fn,1645,49.052
act_fn,1646,48.931
act_fn,1647,49.088
act_fn,1648,48.959
act_fn,1649,49.095
act_fn,1650,49.142
act_fn,1651,49.248
act_fn,1652,49.283
act_fn,1653,49.24
act_fn,1654,49.35
act_fn,1655,49.296
act_fn,1656,49.356
act_fn,1657,49.558
act_fn,1658,49.288
act_fn,1659,49.36
act_fn,1660,49.612
act_fn,1661,49.656
act_fn,1662,49.604
act_fn,1663,49.536
act_fn,1664,48.998
act_fn,1665,50.058
act_fn,1666,50.259
act_fn,1667,50.406
act_fn,1668,50.377
act_fn,1669,50.464
act_fn,1670,50.543
act_fn,1671,50.527
act_fn,1672,50.539
act_fn,1673,50.488
act_fn,1674,50.533
act_fn,1675,50.639
act_fn,1676,50.69
act_fn,1677,50.758
act_fn,1678,50.956
act_fn,1679,50.957
act_fn,1680,50.992
act_fn,1681,50.997
act_fn,1682,51.098
act_fn,1683,50.888
act_fn,1684,51.036
act_fn,1685,51.065
act_fn,1686,51.361
act_fn,1687,51.118
act_fn,1688,51.222
act_fn,1689,51.108
act_fn,1690,51.415
act_fn,1691,51.065
act_fn,1692,51.243
act_fn,1693,51.361
act_fn,1694,51.272
act_fn,1695,51.297
act_fn,1696,51.388
act_fn,1697,51.505
act_fn,1698,51.583
act_fn,1699,51.452
act_fn,1700,51.466
act_fn,1701,51.552
act_fn,1702,51.692
act_fn,1703,51.646
act_fn,1704,51.482
act_fn,1705,51.667
act_fn,1706,51.713
act_fn,1707,51.736
act_fn,1708,51.705
act_fn,1709,51.888
act_fn,1710,51.857
act_fn,1711,51.894
act_fn,1712,51.725
act_fn,1713,51.914
act_fn,1714,51.939
act_fn,1715,52.141
act_fn,1716,51.761
act_fn,1717,52.091
act_fn,1718,52.195
act_fn,1719,52.238
act_fn,1720,52.28
act_fn,1721,52.207
act_fn,1722,52.178
act_fn,1723,52.205
act_fn,1724,52.245
act_fn,1725,52.483
act_fn,1726,52.276
act_fn,1727,52.393
act_fn,1728,52.393
act_fn,1729,52.465
act_fn,1730,52.389
act_fn,1731,52.318
act_fn,1732,52.512
act_fn,1733,52.559
act_fn,1734,52.584
act_fn,1735,52.592
act_fn,1736,52.841
act_fn,1737,52.683
act_fn,1738,52.943
act_fn,1739,52.835
act_fn,1740,52.976
act_fn,1741,52.91
act_fn,1742,52.804
act_fn,1743,52.741
act_fn,1744,52.939
act_fn,1745,53.241
act_fn,1746,52.86
act_fn,1747,52.979
act_fn,1748,53.097
act_fn,1749,52.95
act_fn,1750,53.031
act_fn,1751,53.047
act_fn,1752,53.206
act_fn,1753,53.348
act_fn,1754,53.384
act_fn,1755,53.435
act_fn,1756,53.457
act_fn,1757,53.524
act_fn,1758,53.686
act_fn,1759,53.557
act_fn,1760,53.764
act_fn,1761,53.95
act_fn,1762,53.995
act_fn,1763,54.016
act_fn,1764,54.132
act_fn,1765,54.103
act_fn,1766,54.301
act_fn,1767,54.063
act_fn,1768,54.182
act_fn,1769,54.49
act_fn,1770,54.376
act_fn,1771,54.562
act_fn,1772,54.593
act_fn,1773,54.458
act_fn,1774,54.63
act_fn,1775,54.82
act_fn,1776,54.627
act_fn,1777,54.761
act_fn,1778,54.939
act_fn,1779,54.98
act_fn,1780,54.846
act_fn,1781,55.069
act_fn,1782,55.035
act_fn,1783,55.223
act_fn,1784,55.0
act_fn,1785,55.346
act_fn,1786,55.299
act_fn,1787,55.396
act_fn,1788,55.288
act_fn,1789,55.452
act_fn,1790,55.585
act_fn,1791,55.34
act_fn,1792,55.494
act_fn,1793,54.876
act_fn,1794,54.765
act_fn,1795,54.851
act_fn,1796,54.996
act_fn,1797,54.962
act_fn,1798,55.047
act_fn,1799,54.767
act_fn,1800,54.761
act_fn,1801,54.67
act_fn,1802,55.223
act_fn,1803,54.997
act_fn,1804,54.958
act_fn,1805,55.119
act_fn,1806,54.793
act_fn,1807,55.096
act_fn,1808,54.919
act_fn,1809,55.258
act_fn,1810,55.432
act_fn,1811,55.258
act_fn,1812,55.352
act_fn,1813,55.49
act_fn,1814,55.342
act_fn,1815,55.354
act_fn,1816,55.641
act_fn,1817,55.422
act_fn,1818,55.674
act_fn,1819,55.534
act_fn,1820,55.565
act_fn,1821,55.714
act_fn,1822,55.696
act_fn,1823,55.58
act_fn,1824,55.301
act_fn,1825,55.679
act_fn,1826,55.786
act_fn,1827,55.911
act_fn,1828,56.003
act_fn,1829,55.862
act_fn,1830,56.054
act_fn,1831,55.77
act_fn,1832,55.952
act_fn,1833,55.917
act_fn,1834,56.222
act_fn,1835,55.993
act_fn,1836,56.177
act_fn,1837,56.449
act_fn,1838,56.349
act_fn,1839,56.292
act_fn,1840,56.062
act_fn,1841,56.296
act_fn,1842,56.625
act_fn,1843,56.391
act_fn,1844,56.688
act_fn,1845,56.64
act_fn,1846,56.715
act_fn,1847,56.963
act_fn,1848,56.938
act_fn,1849,56.711
act_fn,1850,56.875
act_fn,1851,56.809
act_fn,1852,56.923
act_fn,1853,56.953
act_fn,1854,56.988
act_fn,1855,57.051
act_fn,1856,56.656
act_fn,1857,57.297
act_fn,1858,57.229
act_fn,1859,57.151
act_fn,1860,57.352
act_fn,1861,57.164
act_fn,1862,57.268
act_fn,1863,57.448
act_fn,1864,57.584
act_fn,1865,57.257
act_fn,1866,57.451
act_fn,1867,57.654
act_fn,1868,57.466
act_fn,1869,57.439
act_fn,1870,57.767
act_fn,1871,57.751
act_fn,1872,57.58
act_fn,1873,58.107
act_fn,1874,58.091
act_fn,1875,58.065
act_fn,1876,57.677
act_fn,1877,58.061
act_fn,1878,58.0
act_fn,1879,58.198
act_fn,1880,58.279
act_fn,1881,58.147
act_fn,1882,58.256
act_fn,1883,58.572
act_fn,1884,58.205
act_fn,1885,58.317
act_fn,1886,58.367
act_fn,1887,58.479
act_fn,1888,58.029
act_fn,1889,58.533
act_fn,1890,58.876
act_fn,1891,58.671
act_fn,1892,58.667
act_fn,1893,58.752
act_fn,1894,58.907
act_fn,1895,58.722
act_fn,1896,58.846
act_fn,1897,58.963
act_fn,1898,59.05
act_fn,1899,59.062
act_fn,1900,59.073
act_fn,1901,59.061
act_fn,1902,58.862
act_fn,1903,58.901
act_fn,1904,58.751
act_fn,1905,58.401
act_fn,1906,58.428
act_fn,1907,58.471
act_fn,1908,58.782
act_fn,1909,58.61
act_fn,1910,58.631
act_fn,1911,58.533
act_fn,1912,58.69
act_fn,1913,58.698
act_fn,1914,58.854
act_fn,1915,58.917
act_fn,1916,58.909
act_fn,1917,58.756
act_fn,1918,59.132
act_fn,1919,58.946
act_fn,1920,59.01
act_fn,1921,60.294
act_fn,1922,60.462
act_fn,1923,60.718
act_fn,1924,60.677
act_fn,1925,60.464
act_fn,1926,60.628
act_fn,1927,60.585
act_fn,1928,60.607
act_fn,1929,60.612
act_fn,1930,60.802
act_fn,1931,60.949
act_fn,1932,60.853
act_fn,1933,60.787
act_fn,1934,60.865
act_fn,1935,60.867
act_fn,1936,61.147
act_fn,1937,60.89
act_fn,1938,60.888
act_fn,1939,61.115
act_fn,1940,61.057
act_fn,1941,61.178
act_fn,1942,61.068
act_fn,1943,61.103
act_fn,1944,61.255
act_fn,1945,61.126
act_fn,1946,61.322
act_fn,1947,61.131
act_fn,1948,61.315
act_fn,1949,61.537
act_fn,1950,61.434
act_fn,1951,61.629
act_fn,1952,61.577
act_fn,1953,61.611
act_fn,1954,61.565
act_fn,1955,61.643
act_fn,1956,61.623
act_fn,1957,61.639
act_fn,1958,61.866
act_fn,1959,61.688
act_fn,1960,61.889
act_fn,1961,61.838
act_fn,1962,62.139
act_fn,1963,62.073
act_fn,1964,61.988
act_fn,1965,62.023
act_fn,1966,61.952
act_fn,1967,62.12
act_fn,1968,62.236
act_fn,1969,62.306
act_fn,1970,62.194
act_fn,1971,62.355
act_fn,1972,62.357
act_fn,1973,62.533
act_fn,1974,62.499
act_fn,1975,62.431
act_fn,1976,62.663
act_fn,1977,62.595
act_fn,1978,62.65
act_fn,1979,62.498
act_fn,1980,62.641
act_fn,1981,62.803
act_fn,1982,62.861
act_fn,1983,62.916
act_fn,1984,62.026
act_fn,1985,62.863
act_fn,1986,63.02
act_fn,1987,63.031
act_fn,1988,63.182
act_fn,1989,63.134
act_fn,1990,63.026
act_fn,1991,63.16
act_fn,1992,63.246
act_fn,1993,63.36
act_fn,1994,63.386
act_fn,1995,63.532
act_fn,1996,63.414
act_fn,1997,63.43
act_fn,1998,63.362
act_fn,1999,63.658
act_fn,2000,63.651
act_fn,2001,63.58
act_fn,2002,63.683
act_fn,2003,63.722
act_fn,2004,63.925
act_fn,2005,63.829
act_fn,2006,63.837
act_fn,2007,64.125
act_fn,2008,63.865
act_fn,2009,63.921
act_fn,2010,64.023
act_fn,2011,64.039
act_fn,2012,63.941
act_fn,2013,64.197
act_fn,2014,64.271
act_fn,2015,64.268
act_fn,2016,64.148
act_fn,2017,64.461
act_fn,2018,64.401
act_fn,2019,64.431
act_fn,2020,64.502
act_fn,2021,64.602
act_fn,2022,64.653
act_fn,2023,64.539
act_fn,2024,64.674
act_fn,2025,64.778
act_fn,2026,64.86
act_fn,2027,64.801
act_fn,2028,64.891
act_fn,2029,64.911
act_fn,2030,64.808
act_fn,2031,65.164
act_fn,2032,64.37
act_fn,2033,64.984
act_fn,2034,64.948
act_fn,2035,65.165
act_fn,2036,65.306
act_fn,2037,65.284
act_fn,2038,65.267
act_fn,2039,65.229
act_fn,2040,65.365
act_fn,2041,65.325
act_fn,2042,65.469
act_fn,2043,65.666
act_fn,2044,65.543
act_fn,2045,65.41
act_fn,2046,65.645
act_fn,2047,65.692
act_fn,2048,64.962
down_proj,1,58.13
down_proj,2,58.444
down_proj,3,58.766
down_proj,4,58.968
down_proj,5,59.089
down_proj,6,59.359
down_proj,7,59.373
down_proj,8,59.484
down_proj,9,58.8
down_proj,10,58.751
down_proj,11,58.951
down_proj,12,59.179
down_proj,13,59.07
down_proj,14,59.295
down_proj,15,59.129
down_proj,16,59.731
down_proj,17,59.743
down_proj,18,59.841
down_proj,19,59.895
down_proj,20,59.939
down_proj,21,60.058
down_proj,22,59.968
down_proj,23,60.148
down_proj,24,60.073
down_proj,25,60.213
down_proj,26,60.514
down_proj,27,60.177
down_proj,28,60.305
down_proj,29,60.299
down_proj,30,60.634
down_proj,31,60.481
down_proj,32,60.571
down_proj,33,60.86
down_proj,34,60.749
down_proj,35,60.619
down_proj,36,60.821
down_proj,37,60.976
down_proj,38,61.043
down_proj,39,61.017
down_proj,40,60.988
down_proj,41,60.98
down_proj,42,61.054
down_proj,43,61.115
down_proj,44,61.069
down_proj,45,61.2
down_proj,46,60.882
down_proj,47,61.09
down_proj,48,61.258
down_proj,49,61.399
down_proj,50,61.234
down_proj,51,61.354
down_proj,52,61.222
down_proj,53,61.146
down_proj,54,61.612
down_proj,55,61.324
down_proj,56,61.29
down_proj,57,61.291
down_proj,58,61.18
down_proj,59,61.386
down_proj,60,61.559
down_proj,61,61.532
down_proj,62,61.223
down_proj,63,61.242
down_proj,64,61.373
down_proj,65,61.719
down_proj,66,61.791
down_proj,67,61.795
down_proj,68,61.692
down_proj,69,61.788
down_proj,70,61.625
down_proj,71,62.073
down_proj,72,61.794
down_proj,73,61.763
down_proj,74,61.787
down_proj,75,61.81
down_proj,76,61.871
down_proj,77,62.005
down_proj,78,61.987
down_proj,79,62.012
down_proj,80,62.063
down_proj,81,62.169
down_proj,82,62.047
down_proj,83,62.568
down_proj,84,62.175
down_proj,85,62.473
down_proj,86,62.156
down_proj,87,62.327
down_proj,88,62.577
down_proj,89,62.666
down_proj,90,62.535
down_proj,91,62.782
down_proj,92,62.743
down_proj,93,63.016
down_proj,94,62.79
down_proj,95,62.89
down_proj,96,62.817
down_proj,97,62.972
down_proj,98,63.565
down_proj,99,63.122
down_proj,100,63.145
down_proj,101,63.369
down_proj,102,63.388
down_proj,103,63.339
down_proj,104,63.479
down_proj,105,63.148
down_proj,106,63.251
down_proj,107,63.444
down_proj,108,63.187
down_proj,109,63.526
down_proj,110,63.446
down_proj,111,63.482
down_proj,112,63.671
down_proj,113,63.745
down_proj,114,64.029
down_proj,115,63.931
down_proj,116,63.866
down_proj,117,64.018
down_proj,118,63.975
down_proj,119,63.921
down_proj,120,64.407
down_proj,121,64.488
down_proj,122,64.539
down_proj,123,64.654
down_proj,124,64.781
down_proj,125,64.549
down_proj,126,64.844
down_proj,127,64.829
down_proj,128,64.691
down_proj,129,65.554
down_proj,130,65.128
down_proj,131,65.183
down_proj,132,65.088
down_proj,133,65.08
down_proj,134,65.045
down_proj,135,65.149
down_proj,136,65.074
down_proj,137,65.135
down_proj,138,65.142
down_proj,139,65.437
down_proj,140,65.317
down_proj,141,65.282
down_proj,142,65.291
down_proj,143,65.279
down_proj,144,65.534
down_proj,145,66.081
down_proj,146,66.055
down_proj,147,65.949
down_proj,148,65.849
down_proj,149,65.863
down_proj,150,65.879
down_proj,151,65.832
down_proj,152,65.975
down_proj,153,65.901
down_proj,154,66.112
down_proj,155,65.879
down_proj,156,66.091
down_proj,157,66.004
down_proj,158,65.805
down_proj,159,65.893
down_proj,160,66.015
down_proj,161,66.27
down_proj,162,66.45
down_proj,163,66.561
down_proj,164,66.532
down_proj,165,66.382
down_proj,166,66.633
down_proj,167,66.485
down_proj,168,66.655
down_proj,169,66.578
down_proj,170,66.547
down_proj,171,66.675
down_proj,172,67.13
down_proj,173,66.928
down_proj,174,66.78
down_proj,175,66.579
down_proj,176,67.771
down_proj,177,67.114
down_proj,178,67.044
down_proj,179,67.165
down_proj,180,67.186
down_proj,181,67.376
down_proj,182,67.244
down_proj,183,67.124
down_proj,184,67.191
down_proj,185,67.488
down_proj,186,67.313
down_proj,187,67.464
down_proj,188,67.288
down_proj,189,67.373
down_proj,190,67.378
down_proj,191,67.258
down_proj,192,70.012
down_proj,193,68.027
down_proj,194,68.135
down_proj,195,68.088
down_proj,196,68.149
down_proj,197,68.231
down_proj,198,68.285
down_proj,199,67.974
down_proj,200,68.056
down_proj,201,68.433
down_proj,202,68.156
down_proj,203,67.978
down_proj,204,68.251
down_proj,205,68.361
down_proj,206,68.307
down_proj,207,68.314
down_proj,208,68.676
down_proj,209,68.44
down_proj,210,68.503
down_proj,211,68.895
down_proj,212,68.856
down_proj,213,68.837
down_proj,214,68.825
down_proj,215,68.844
down_proj,216,68.853
down_proj,217,68.778
down_proj,218,69.084
down_proj,219,68.741
down_proj,220,68.893
down_proj,221,69.061
down_proj,222,68.86
down_proj,223,69.049
down_proj,224,75.579
down_proj,225,70.773
down_proj,226,70.884
down_proj,227,70.885
down_proj,228,70.864
down_proj,229,70.718
down_proj,230,70.773
down_proj,231,70.908
down_proj,232,70.973
down_proj,233,71.009
down_proj,234,70.869
down_proj,235,70.753
down_proj,236,70.732
down_proj,237,70.891
down_proj,238,71.176
down_proj,239,70.919
down_proj,240,71.879
down_proj,241,71.337
down_proj,242,71.224
down_proj,243,71.424
down_proj,244,71.274
down_proj,245,71.321
down_proj,246,71.005
down_proj,247,71.159
down_proj,248,71.564
down_proj,249,71.407
down_proj,250,71.234
down_proj,251,71.425
down_proj,252,71.484
down_proj,253,71.537
down_proj,254,71.433
down_proj,255,71.664
down_proj,256,71.42
down_proj,257,72.212
down_proj,258,72.42
down_proj,259,72.406
down_proj,260,72.32
down_proj,261,72.188
down_proj,262,72.334
down_proj,263,72.248
down_proj,264,72.225
down_proj,265,72.205
down_proj,266,72.413
down_proj,267,72.515
down_proj,268,72.435
down_proj,269,72.485
down_proj,270,72.74
down_proj,271,72.491
down_proj,272,73.242
down_proj,273,73.196
down_proj,274,73.329
down_proj,275,73.243
down_proj,276,73.369
down_proj,277,73.38
down_proj,278,73.505
down_proj,279,73.372
down_proj,280,73.249
down_proj,281,73.32
down_proj,282,73.265
down_proj,283,73.576
down_proj,284,73.383
down_proj,285,73.559
down_proj,286,73.599
down_proj,287,73.644
down_proj,288,78.671
down_proj,289,74.574
down_proj,290,74.676
down_proj,291,74.639
down_proj,292,74.564
down_proj,293,74.648
down_proj,294,74.788
down_proj,295,74.578
down_proj,296,74.761
down_proj,297,74.867
down_proj,298,74.703
down_proj,299,75.296
down_proj,300,74.816
down_proj,301,74.82
down_proj,302,74.963
down_proj,303,74.981
down_proj,304,78.987
down_proj,305,80.613
down_proj,306,80.485
down_proj,307,80.525
down_proj,308,80.6
down_proj,309,80.832
down_proj,310,80.654
down_proj,311,80.928
down_proj,312,80.93
down_proj,313,79.246
down_proj,314,79.335
down_proj,315,79.199
down_proj,316,79.371
down_proj,317,79.443
down_proj,318,79.552
down_proj,319,79.632
down_proj,320,79.669
down_proj,321,81.31
down_proj,322,81.703
down_proj,323,81.613
down_proj,324,81.642
down_proj,325,81.283
down_proj,326,81.577
down_proj,327,81.564
down_proj,328,81.545
down_proj,329,82.138
down_proj,330,81.735
down_proj,331,81.794
down_proj,332,81.836
down_proj,333,82.164
down_proj,334,82.332
down_proj,335,82.127
down_proj,336,83.708
down_proj,337,84.025
down_proj,338,84.249
down_proj,339,83.96
down_proj,340,84.25
down_proj,341,83.986
down_proj,342,84.201
down_proj,343,84.361
down_proj,344,84.243
down_proj,345,84.343
down_proj,346,84.326
down_proj,347,84.644
down_proj,348,84.572
down_proj,349,84.31
down_proj,350,84.735
down_proj,351,84.749
down_proj,352,89.57
down_proj,353,86.328
down_proj,354,86.169
down_proj,355,86.357
down_proj,356,86.286
down_proj,357,86.527
down_proj,358,86.701
down_proj,359,86.669
down_proj,360,86.523
down_proj,361,86.73
down_proj,362,86.559
down_proj,363,86.977
down_proj,364,86.635
down_proj,365,86.887
down_proj,366,86.553
down_proj,367,86.954
down_proj,368,90.021
down_proj,369,90.454
down_proj,370,90.009
down_proj,371,90.348
down_proj,372,90.307
down_proj,373,90.308
down_proj,374,90.613
down_proj,375,90.455
down_proj,376,90.195
down_proj,377,90.615
down_proj,378,90.577
down_proj,379,90.887
down_proj,380,91.294
down_proj,381,91.035
down_proj,382,90.961
down_proj,383,91.141
down_proj,384,91.762
down_proj,385,91.581
down_proj,386,91.389
down_proj,387,91.732
down_proj,388,91.672
down_proj,389,91.798
down_proj,390,91.772
down_proj,391,92.104
down_proj,392,91.821
down_proj,393,91.948
down_proj,394,92.078
down_proj,395,92.139
down_proj,396,91.904
down_proj,397,92.104
down_proj,398,92.091
down_proj,399,92.191
down_proj,400,94.179
down_proj,401,94.442
down_proj,402,94.518
down_proj,403,94.611
down_proj,404,94.442
down_proj,405,94.523
down_proj,406,94.569
down_proj,407,94.74
down_proj,408,94.799
down_proj,409,94.819
down_proj,410,95.038
down_proj,411,94.979
down_proj,412,94.879
down_proj,413,95.116
down_proj,414,95.238
down_proj,415,95.289
down_proj,416,102.18
down_proj,417,99.928
down_proj,418,99.775
down_proj,419,100.084
down_proj,420,100.203
down_proj,421,100.162
down_proj,422,100.091
down_proj,423,100.133
down_proj,424,100.106
down_proj,425,100.387
down_proj,426,100.172
down_proj,427,100.436
down_proj,428,100.347
down_proj,429,100.436
down_proj,430,100.47
down_proj,431,100.389
down_proj,432,100.545
down_proj,433,102.975
down_proj,434,102.945
down_proj,435,103.08
down_proj,436,103.031
down_proj,437,103.415
down_proj,438,103.556
down_proj,439,103.524
down_proj,440,103.319
down_proj,441,103.562
down_proj,442,103.753
down_proj,443,103.601
down_proj,444,103.577
down_proj,445,103.558
down_proj,446,103.807
down_proj,447,103.853
down_proj,448,111.799
down_proj,449,105.819
down_proj,450,105.743
down_proj,451,105.847
down_proj,452,105.924
down_proj,453,106.107
down_proj,454,106.06
down_proj,455,106.027
down_proj,456,106.102
down_proj,457,106.268
down_proj,458,106.284
down_proj,459,106.385
down_proj,460,106.447
down_proj,461,106.274
down_proj,462,106.434
down_proj,463,106.418
down_proj,464,110.812
down_proj,465,110.766
down_proj,466,110.936
down_proj,467,111.01
down_proj,468,110.943
down_proj,469,111.043
down_proj,470,111.109
down_proj,471,111.141
down_proj,472,111.376
down_proj,473,111.338
down_proj,474,111.334
down_proj,475,111.289
down_proj,476,111.606
down_proj,477,111.497
down_proj,478,111.513
down_proj,479,111.761
down_proj,480,111.683
down_proj,481,111.347
down_proj,482,111.307
down_proj,483,111.436
down_proj,484,111.351
down_proj,485,111.494
down_proj,486,111.524
down_proj,487,111.571
down_proj,488,111.609
down_proj,489,111.761
down_proj,490,111.828
down_proj,491,111.739
down_proj,492,111.699
down_proj,493,111.879
down_proj,494,111.778
down_proj,495,112.019
down_proj,496,114.049
down_proj,497,114.703
down_proj,498,114.651
down_proj,499,114.722
down_proj,500,114.819
down_proj,501,114.731
down_proj,502,115.033
down_proj,503,115.066
down_proj,504,114.541
down_proj,505,115.21
down_proj,506,115.284
down_proj,507,115.414
down_proj,508,115.275
down_proj,509,115.4
down_proj,510,115.399
down_proj,511,115.595
down_proj,512,114.846
down_proj,513,119.268
down_proj,514,119.193
down_proj,515,119.385
down_proj,516,119.51
down_proj,517,119.477
down_proj,518,119.587
down_proj,519,119.532
down_proj,520,119.757
down_proj,521,119.686
down_proj,522,119.76
down_proj,523,119.785
down_proj,524,120.033
down_proj,525,120.001
down_proj,526,119.943
down_proj,527,120.138
down_proj,528,120.044
down_proj,529,121.397
down_proj,530,121.624
down_proj,531,121.451
down_proj,532,121.714
down_proj,533,121.761
down_proj,534,121.619
down_proj,535,121.978
down_proj,536,121.873
down_proj,537,121.903
down_proj,538,121.904
down_proj,539,122.099
down_proj,540,121.91
down_proj,541,122.405
down_proj,542,122.16
down_proj,543,122.099
down_proj,544,126.82
down_proj,545,126.864
down_proj,546,127.028
down_proj,547,126.912
down_proj,548,127.015
down_proj,549,127.0
down_proj,550,127.12
down_proj,551,127.319
down_proj,552,127.373
down_proj,553,127.259
down_proj,554,127.342
down_proj,555,127.456
down_proj,556,127.566
down_proj,557,127.402
down_proj,558,127.527
down_proj,559,127.548
down_proj,560,127.439
down_proj,561,127.631
down_proj,562,127.772
down_proj,563,127.926
down_proj,564,127.837
down_proj,565,127.827
down_proj,566,128.025
down_proj,567,128.192
down_proj,568,127.994
down_proj,569,128.098
down_proj,570,128.003
down_proj,571,128.228
down_proj,572,128.212
down_proj,573,128.173
down_proj,574,128.286
down_proj,575,128.239
down_proj,576,128.434
down_proj,577,132.747
down_proj,578,132.801
down_proj,579,133.052
down_proj,580,132.646
down_proj,581,132.734
down_proj,582,132.854
down_proj,583,133.063
down_proj,584,132.954
down_proj,585,133.095
down_proj,586,133.051
down_proj,587,133.297
down_proj,588,133.12
down_proj,589,133.212
down_proj,590,133.519
down_proj,591,133.476
down_proj,592,134.454
down_proj,593,133.446
down_proj,594,133.689
down_proj,595,133.995
down_proj,596,133.491
down_proj,597,133.715
down_proj,598,134.013
down_proj,599,133.986
down_proj,600,133.828
down_proj,601,133.888
down_proj,602,133.966
down_proj,603,134.155
down_proj,604,133.979
down_proj,605,134.374
down_proj,606,134.109
down_proj,607,134.361
down_proj,608,139.454
down_proj,609,137.823
down_proj,610,137.93
down_proj,611,138.114
down_proj,612,137.895
down_proj,613,137.97
down_proj,614,138.181
down_proj,615,138.174
down_proj,616,138.213
down_proj,617,138.471
down_proj,618,138.476
down_proj,619,138.416
down_proj,620,138.384
down_proj,621,138.588
down_proj,622,138.746
down_proj,623,138.552
down_proj,624,138.735
down_proj,625,140.364
down_proj,626,140.101
down_proj,627,140.086
down_proj,628,140.334
down_proj,629,140.761
down_proj,630,140.457
down_proj,631,140.569
down_proj,632,140.859
down_proj,633,140.93
down_proj,634,140.828
down_proj,635,140.676
down_proj,636,140.694
down_proj,637,140.952
down_proj,638,140.912
down_proj,639,140.832
down_proj,640,142.971
down_proj,641,146.615
down_proj,642,146.218
down_proj,643,146.595
down_proj,644,147.031
down_proj,645,146.267
down_proj,646,146.777
down_proj,647,146.74
down_proj,648,146.675
down_proj,649,145.025
down_proj,650,145.028
down_proj,651,145.374
down_proj,652,145.733
down_proj,653,145.85
down_proj,654,145.511
down_proj,655,145.349
down_proj,656,150.333
down_proj,657,145.55
down_proj,658,145.527
down_proj,659,145.802
down_proj,660,145.842
down_proj,661,145.834
down_proj,662,145.808
down_proj,663,145.985
down_proj,664,146.024
down_proj,665,146.271
down_proj,666,146.179
down_proj,667,146.126
down_proj,668,146.037
down_proj,669,146.06
down_proj,670,146.086
down_proj,671,146.538
down_proj,672,183.207
down_proj,673,152.477
down_proj,674,152.257
down_proj,675,152.92
down_proj,676,152.71
down_proj,677,152.896
down_proj,678,152.968
down_proj,679,152.745
down_proj,680,152.541
down_proj,681,152.554
down_proj,682,152.717
down_proj,683,152.782
down_proj,684,152.82
down_proj,685,153.038
down_proj,686,153.001
down_proj,687,153.037
down_proj,688,153.42
down_proj,689,154.201
down_proj,690,153.519
down_proj,691,153.082
down_proj,692,153.428
down_proj,693,153.609
down_proj,694,153.414
down_proj,695,153.741
down_proj,696,153.586
down_proj,697,153.375
down_proj,698,153.875
down_proj,699,153.589
down_proj,700,153.759
down_proj,701,153.928
down_proj,702,153.869
down_proj,703,153.808
down_proj,704,168.987
down_proj,705,159.887
down_proj,706,159.772
down_proj,707,160.306
down_proj,708,159.601
down_proj,709,160.097
down_proj,710,160.074
down_proj,711,160.106
down_proj,712,160.396
down_proj,713,160.662
down_proj,714,160.189
down_proj,715,160.611
down_proj,716,160.499
down_proj,717,160.71
down_proj,718,160.592
down_proj,719,160.906
down_proj,720,168.826
down_proj,721,161.609
down_proj,722,161.615
down_proj,723,161.752
down_proj,724,161.752
down_proj,725,161.76
down_proj,726,162.122
down_proj,727,161.765
down_proj,728,161.85
down_proj,729,162.219
down_proj,730,162.102
down_proj,731,162.033
down_proj,732,162.038
down_proj,733,162.192
down_proj,734,162.133
down_proj,735,162.183
down_proj,736,170.66
down_proj,737,170.667
down_proj,738,170.882
down_proj,739,170.795
down_proj,740,170.841
down_proj,741,170.904
down_proj,742,170.889
down_proj,743,170.997
down_proj,744,170.977
down_proj,745,170.99
down_proj,746,170.972
down_proj,747,171.206
down_proj,748,171.482
down_proj,749,171.163
down_proj,750,171.295
down_proj,751,171.509
down_proj,752,171.193
down_proj,753,171.595
down_proj,754,171.428
down_proj,755,171.462
down_proj,756,171.653
down_proj,757,171.53
down_proj,758,171.875
down_proj,759,171.753
down_proj,760,171.697
down_proj,761,171.909
down_proj,762,171.928
down_proj,763,171.931
down_proj,764,171.967
down_proj,765,172.012
down_proj,766,172.121
down_proj,767,172.134
down_proj,768,172.124
down_proj,769,174.626
down_proj,770,174.58
down_proj,771,174.765
down_proj,772,174.814
down_proj,773,174.649
down_proj,774,174.882
down_proj,775,175.034
down_proj,776,174.977
down_proj,777,174.899
down_proj,778,175.16
down_proj,779,175.182
down_proj,780,175.239
down_proj,781,175.188
down_proj,782,175.284
down_proj,783,175.36
down_proj,784,177.492
down_proj,785,175.326
down_proj,786,175.507
down_proj,787,175.617
down_proj,788,175.46
down_proj,789,175.658
down_proj,790,175.82
down_proj,791,175.804
down_proj,792,175.902
down_proj,793,173.517
down_proj,794,173.65
down_proj,795,173.456
down_proj,796,173.567
down_proj,797,173.573
down_proj,798,173.706
down_proj,799,174.318
down_proj,800,204.557
down_proj,801,179.568
down_proj,802,178.722
down_proj,803,178.81
down_proj,804,179.655
down_proj,805,178.955
down_proj,806,178.902
down_proj,807,179.292
down_proj,808,179.166
down_proj,809,179.1
down_proj,810,179.128
down_proj,811,179.683
down_proj,812,179.304
down_proj,813,179.36
down_proj,814,179.883
down_proj,815,179.53
down_proj,816,179.714
down_proj,817,179.771
down_proj,818,180.31
down_proj,819,180.315
down_proj,820,179.653
down_proj,821,179.717
down_proj,822,180.37
down_proj,823,180.163
down_proj,824,180.126
down_proj,825,180.051
down_proj,826,179.934
down_proj,827,180.531
down_proj,828,180.185
down_proj,829,180.475
down_proj,830,180.648
down_proj,831,180.258
down_proj,832,222.632
down_proj,833,192.043
down_proj,834,192.028
down_proj,835,192.111
down_proj,836,192.201
down_proj,837,192.366
down_proj,838,192.33
down_proj,839,192.63
down_proj,840,192.351
down_proj,841,192.595
down_proj,842,192.682
down_proj,843,192.544
down_proj,844,192.522
down_proj,845,192.602
down_proj,846,193.015
down_proj,847,192.772
down_proj,848,193.031
down_proj,849,193.086
down_proj,850,193.261
down_proj,851,193.231
down_proj,852,193.058
down_proj,853,193.423
down_proj,854,193.43
down_proj,855,193.498
down_proj,856,193.61
down_proj,857,193.615
down_proj,858,193.779
down_proj,859,193.532
down_proj,860,193.554
down_proj,861,193.734
down_proj,862,194.075
down_proj,863,194.115
down_proj,864,195.073
down_proj,865,193.778
down_proj,866,193.139
down_proj,867,193.415
down_proj,868,193.917
down_proj,869,193.362
down_proj,870,193.532
down_proj,871,193.397
down_proj,872,194.276
down_proj,873,194.095
down_proj,874,193.799
down_proj,875,194.585
down_proj,876,193.885
down_proj,877,194.249
down_proj,878,194.713
down_proj,879,194.591
down_proj,880,194.263
down_proj,881,194.852
down_proj,882,195.366
down_proj,883,194.614
down_proj,884,195.332
down_proj,885,195.244
down_proj,886,194.931
down_proj,887,195.095
down_proj,888,195.239
down_proj,889,195.124
down_proj,890,195.509
down_proj,891,195.34
down_proj,892,195.461
down_proj,893,195.559
down_proj,894,195.671
down_proj,895,195.637
down_proj,896,221.917
down_proj,897,201.214
down_proj,898,201.368
down_proj,899,201.356
down_proj,900,201.506
down_proj,901,201.376
down_proj,902,201.347
down_proj,903,201.529
down_proj,904,201.735
down_proj,905,201.946
down_proj,906,201.754
down_proj,907,202.067
down_proj,908,201.99
down_proj,909,201.922
down_proj,910,202.076
down_proj,911,202.144
down_proj,912,209.867
down_proj,913,202.496
down_proj,914,202.428
down_proj,915,202.35
down_proj,916,202.45
down_proj,917,202.64
down_proj,918,202.759
down_proj,919,202.881
down_proj,920,202.716
down_proj,921,202.864
down_proj,922,202.924
down_proj,923,202.95
down_proj,924,202.813
down_proj,925,203.2
down_proj,926,203.033
down_proj,927,203.088
down_proj,928,209.804
down_proj,929,212.71
down_proj,930,212.477
down_proj,931,212.501
down_proj,932,212.702
down_proj,933,213.119
down_proj,934,213.044
down_proj,935,213.103
down_proj,936,212.875
down_proj,937,210.738
down_proj,938,209.881
down_proj,939,209.755
down_proj,940,210.579
down_proj,941,211.004
down_proj,942,210.964
down_proj,943,210.038
down_proj,944,212.098
down_proj,945,210.498
down_proj,946,210.218
down_proj,947,210.859
down_proj,948,210.442
down_proj,949,210.654
down_proj,950,211.909
down_proj,951,210.903
down_proj,952,211.813
down_proj,953,211.591
down_proj,954,210.813
down_proj,955,212.006
down_proj,956,211.906
down_proj,957,210.967
down_proj,958,211.623
down_proj,959,211.962
down_proj,960,208.726
down_proj,961,214.323
down_proj,962,214.379
down_proj,963,214.665
down_proj,964,214.768
down_proj,965,214.81
down_proj,966,215.002
down_proj,967,214.725
down_proj,968,214.874
down_proj,969,214.716
down_proj,970,214.967
down_proj,971,215.278
down_proj,972,214.804
down_proj,973,215.537
down_proj,974,215.133
down_proj,975,215.352
down_proj,976,221.641
down_proj,977,215.416
down_proj,978,215.375
down_proj,979,215.429
down_proj,980,215.4
down_proj,981,216.05
down_proj,982,215.766
down_proj,983,215.865
down_proj,984,215.801
down_proj,985,215.979
down_proj,986,216.096
down_proj,987,216.064
down_proj,988,216.191
down_proj,989,216.0
down_proj,990,216.068
down_proj,991,216.028
down_proj,992,220.117
down_proj,993,222.299
down_proj,994,222.057
down_proj,995,222.337
down_proj,996,222.409
down_proj,997,222.589
down_proj,998,222.497
down_proj,999,222.427
down_proj,1000,222.518
down_proj,1001,222.716
down_proj,1002,222.597
down_proj,1003,222.894
down_proj,1004,222.757
down_proj,1005,222.721
down_proj,1006,222.745
down_proj,1007,222.87
down_proj,1008,222.844
down_proj,1009,221.997
down_proj,1010,221.942
down_proj,1011,221.959
down_proj,1012,222.186
down_proj,1013,222.184
down_proj,1014,222.138
down_proj,1015,222.315
down_proj,1016,222.154
down_proj,1017,222.348
down_proj,1018,222.487
down_proj,1019,222.348
down_proj,1020,222.379
down_proj,1021,222.696
down_proj,1022,222.518
down_proj,1023,222.718
down_proj,1024,221.195
down_proj,1025,230.963
down_proj,1026,231.045
down_proj,1027,231.039
down_proj,1028,231.128
down_proj,1029,231.221
down_proj,1030,231.277
down_proj,1031,231.287
down_proj,1032,231.422
down_proj,1033,231.601
down_proj,1034,231.646
down_proj,1035,231.738
down_proj,1036,231.528
down_proj,1037,231.886
down_proj,1038,231.763
down_proj,1039,231.97
down_proj,1040,233.712
down_proj,1041,231.843
down_proj,1042,232.063
down_proj,1043,232.102
down_proj,1044,232.367
down_proj,1045,232.378
down_proj,1046,232.421
down_proj,1047,232.326
down_proj,1048,232.582
down_proj,1049,232.358
down_proj,1050,232.763
down_proj,1051,232.646
down_proj,1052,232.78
down_proj,1053,233.019
down_proj,1054,233.167
down_proj,1055,232.852
down_proj,1056,250.849
down_proj,1057,238.215
down_proj,1058,238.449
down_proj,1059,238.478
down_proj,1060,238.268
down_proj,1061,238.394
down_proj,1062,238.748
down_proj,1063,238.783
down_proj,1064,238.606
down_proj,1065,238.873
down_proj,1066,239.036
down_proj,1067,239.048
down_proj,1068,239.042
down_proj,1069,239.526
down_proj,1070,239.394
down_proj,1071,239.561
down_proj,1072,236.341
down_proj,1073,239.257
down_proj,1074,239.548
down_proj,1075,239.331
down_proj,1076,239.556
down_proj,1077,239.915
down_proj,1078,239.927
down_proj,1079,239.883
down_proj,1080,239.714
down_proj,1081,240.192
down_proj,1082,239.773
down_proj,1083,240.177
down_proj,1084,239.807
down_proj,1085,239.597
down_proj,1086,239.954
down_proj,1087,240.283
down_proj,1088,250.278
down_proj,1089,250.312
down_proj,1090,250.229
down_proj,1091,250.414
down_proj,1092,250.276
down_proj,1093,250.469
down_proj,1094,250.696
down_proj,1095,250.269
down_proj,1096,250.27
down_proj,1097,250.49
down_proj,1098,250.818
down_proj,1099,250.895
down_proj,1100,250.593
down_proj,1101,250.641
down_proj,1102,250.731
down_proj,1103,250.893
down_proj,1104,250.674
down_proj,1105,250.915
down_proj,1106,250.882
down_proj,1107,251.216
down_proj,1108,251.213
down_proj,1109,251.174
down_proj,1110,251.488
down_proj,1111,251.154
down_proj,1112,251.254
down_proj,1113,251.169
down_proj,1114,251.522
down_proj,1115,251.251
down_proj,1116,251.197
down_proj,1117,251.124
down_proj,1118,251.446
down_proj,1119,251.266
down_proj,1120,251.691
down_proj,1121,250.946
down_proj,1122,251.008
down_proj,1123,251.49
down_proj,1124,251.459
down_proj,1125,251.168
down_proj,1126,251.47
down_proj,1127,251.358
down_proj,1128,251.464
down_proj,1129,251.48
down_proj,1130,251.434
down_proj,1131,251.756
down_proj,1132,251.71
down_proj,1133,251.653
down_proj,1134,251.752
down_proj,1135,251.896
down_proj,1136,251.622
down_proj,1137,251.849
down_proj,1138,251.647
down_proj,1139,251.924
down_proj,1140,252.088
down_proj,1141,252.197
down_proj,1142,252.115
down_proj,1143,252.136
down_proj,1144,252.312
down_proj,1145,252.432
down_proj,1146,252.39
down_proj,1147,252.637
down_proj,1148,252.715
down_proj,1149,252.48
down_proj,1150,252.627
down_proj,1151,252.618
down_proj,1152,252.788
down_proj,1153,263.617
down_proj,1154,263.747
down_proj,1155,263.845
down_proj,1156,263.958
down_proj,1157,263.797
down_proj,1158,264.055
down_proj,1159,264.023
down_proj,1160,264.163
down_proj,1161,263.733
down_proj,1162,263.933
down_proj,1163,264.156
down_proj,1164,263.727
down_proj,1165,264.311
down_proj,1166,264.371
down_proj,1167,264.339
down_proj,1168,261.628
down_proj,1169,264.537
down_proj,1170,264.43
down_proj,1171,264.903
down_proj,1172,264.462
down_proj,1173,264.551
down_proj,1174,264.857
down_proj,1175,264.849
down_proj,1176,264.773
down_proj,1177,263.488
down_proj,1178,263.718
down_proj,1179,263.624
down_proj,1180,264.188
down_proj,1181,263.874
down_proj,1182,263.739
down_proj,1183,263.969
down_proj,1184,272.544
down_proj,1185,264.314
down_proj,1186,264.242
down_proj,1187,264.389
down_proj,1188,264.439
down_proj,1189,264.382
down_proj,1190,264.425
down_proj,1191,264.583
down_proj,1192,264.095
down_proj,1193,264.593
down_proj,1194,264.696
down_proj,1195,264.681
down_proj,1196,264.914
down_proj,1197,264.957
down_proj,1198,264.859
down_proj,1199,264.82
down_proj,1200,263.54
down_proj,1201,265.09
down_proj,1202,265.155
down_proj,1203,264.886
down_proj,1204,265.196
down_proj,1205,265.255
down_proj,1206,265.371
down_proj,1207,265.435
down_proj,1208,265.571
down_proj,1209,265.559
down_proj,1210,265.646
down_proj,1211,265.601
down_proj,1212,265.81
down_proj,1213,265.605
down_proj,1214,265.7
down_proj,1215,265.899
down_proj,1216,277.437
down_proj,1217,271.111
down_proj,1218,271.103
down_proj,1219,271.19
down_proj,1220,271.206
down_proj,1221,271.325
down_proj,1222,271.505
down_proj,1223,271.459
down_proj,1224,271.534
down_proj,1225,272.015
down_proj,1226,272.082
down_proj,1227,271.896
down_proj,1228,272.012
down_proj,1229,272.102
down_proj,1230,272.321
down_proj,1231,272.149
down_proj,1232,272.142
down_proj,1233,271.223
down_proj,1234,271.154
down_proj,1235,271.408
down_proj,1236,271.312
down_proj,1237,271.381
down_proj,1238,271.452
down_proj,1239,271.508
down_proj,1240,271.603
down_proj,1241,271.7
down_proj,1242,271.706
down_proj,1243,271.93
down_proj,1244,271.747
down_proj,1245,271.906
down_proj,1246,271.8
down_proj,1247,272.018
down_proj,1248,276.64
down_proj,1249,276.664
down_proj,1250,276.668
down_proj,1251,276.665
down_proj,1252,276.716
down_proj,1253,276.944
down_proj,1254,276.889
down_proj,1255,276.989
down_proj,1256,277.057
down_proj,1257,277.066
down_proj,1258,276.996
down_proj,1259,277.101
down_proj,1260,277.096
down_proj,1261,277.225
down_proj,1262,277.442
down_proj,1263,277.421
down_proj,1264,277.579
down_proj,1265,277.541
down_proj,1266,277.615
down_proj,1267,277.689
down_proj,1268,277.875
down_proj,1269,277.637
down_proj,1270,277.871
down_proj,1271,277.811
down_proj,1272,277.832
down_proj,1273,278.062
down_proj,1274,278.108
down_proj,1275,278.018
down_proj,1276,278.182
down_proj,1277,278.259
down_proj,1278,278.335
down_proj,1279,278.144
down_proj,1280,280.441
down_proj,1281,307.141
down_proj,1282,303.195
down_proj,1283,309.034
down_proj,1284,304.724
down_proj,1285,303.036
down_proj,1286,306.673
down_proj,1287,303.92
down_proj,1288,308.04
down_proj,1289,304.434
down_proj,1290,304.217
down_proj,1291,306.19
down_proj,1292,305.978
down_proj,1293,304.655
down_proj,1294,305.393
down_proj,1295,306.492
down_proj,1296,304.516
down_proj,1297,289.712
down_proj,1298,289.631
down_proj,1299,289.433
down_proj,1300,289.93
down_proj,1301,289.436
down_proj,1302,290.448
down_proj,1303,289.994
down_proj,1304,289.807
down_proj,1305,290.789
down_proj,1306,290.087
down_proj,1307,290.728
down_proj,1308,290.07
down_proj,1309,290.06
down_proj,1310,290.362
down_proj,1311,290.128
down_proj,1312,292.131
down_proj,1313,291.485
down_proj,1314,290.362
down_proj,1315,291.059
down_proj,1316,290.411
down_proj,1317,291.409
down_proj,1318,290.671
down_proj,1319,290.712
down_proj,1320,291.538
down_proj,1321,291.943
down_proj,1322,290.973
down_proj,1323,291.333
down_proj,1324,291.158
down_proj,1325,291.55
down_proj,1326,291.48
down_proj,1327,291.099
down_proj,1328,292.916
down_proj,1329,291.515
down_proj,1330,291.483
down_proj,1331,292.156
down_proj,1332,291.997
down_proj,1333,292.404
down_proj,1334,292.077
down_proj,1335,291.709
down_proj,1336,292.256
down_proj,1337,292.133
down_proj,1338,291.928
down_proj,1339,292.367
down_proj,1340,292.34
down_proj,1341,292.016
down_proj,1342,292.65
down_proj,1343,292.388
down_proj,1344,337.457
down_proj,1345,300.6
down_proj,1346,299.956
down_proj,1347,300.714
down_proj,1348,300.38
down_proj,1349,300.284
down_proj,1350,300.464
down_proj,1351,300.457
down_proj,1352,300.453
down_proj,1353,300.891
down_proj,1354,300.536
down_proj,1355,301.212
down_proj,1356,300.99
down_proj,1357,301.243
down_proj,1358,300.8
down_proj,1359,300.824
down_proj,1360,336.136
down_proj,1361,301.309
down_proj,1362,301.209
down_proj,1363,301.0
down_proj,1364,301.276
down_proj,1365,301.426
down_proj,1366,301.256
down_proj,1367,301.675
down_proj,1368,301.253
down_proj,1369,302.602
down_proj,1370,302.486
down_proj,1371,302.727
down_proj,1372,302.468
down_proj,1373,302.641
down_proj,1374,302.939
down_proj,1375,302.889
down_proj,1376,328.563
down_proj,1377,302.958
down_proj,1378,302.899
down_proj,1379,303.005
down_proj,1380,302.971
down_proj,1381,303.163
down_proj,1382,302.993
down_proj,1383,303.122
down_proj,1384,301.66
down_proj,1385,303.139
down_proj,1386,303.271
down_proj,1387,303.268
down_proj,1388,303.2
down_proj,1389,303.237
down_proj,1390,303.525
down_proj,1391,303.499
down_proj,1392,325.881
down_proj,1393,329.185
down_proj,1394,325.442
down_proj,1395,332.418
down_proj,1396,325.249
down_proj,1397,325.569
down_proj,1398,331.524
down_proj,1399,325.825
down_proj,1400,327.823
down_proj,1401,324.82
down_proj,1402,326.366
down_proj,1403,327.227
down_proj,1404,328.027
down_proj,1405,325.991
down_proj,1406,323.737
down_proj,1407,328.528
down_proj,1408,344.292
down_proj,1409,321.975
down_proj,1410,326.923
down_proj,1411,321.169
down_proj,1412,322.69
down_proj,1413,327.006
down_proj,1414,323.137
down_proj,1415,322.351
down_proj,1416,321.029
down_proj,1417,324.564
down_proj,1418,323.311
down_proj,1419,325.152
down_proj,1420,322.27
down_proj,1421,322.877
down_proj,1422,324.02
down_proj,1423,322.925
down_proj,1424,324.274
down_proj,1425,323.224
down_proj,1426,323.493
down_proj,1427,325.647
down_proj,1428,322.373
down_proj,1429,323.103
down_proj,1430,324.128
down_proj,1431,323.711
down_proj,1432,323.063
down_proj,1433,323.905
down_proj,1434,324.62
down_proj,1435,323.933
down_proj,1436,325.422
down_proj,1437,322.325
down_proj,1438,321.702
down_proj,1439,324.465
down_proj,1440,324.552
down_proj,1441,320.48
down_proj,1442,320.602
down_proj,1443,320.47
down_proj,1444,320.301
down_proj,1445,320.531
down_proj,1446,320.949
down_proj,1447,320.666
down_proj,1448,320.788
down_proj,1449,320.644
down_proj,1450,320.746
down_proj,1451,321.006
down_proj,1452,320.874
down_proj,1453,321.068
down_proj,1454,320.962
down_proj,1455,321.052
down_proj,1456,329.86
down_proj,1457,320.915
down_proj,1458,321.003
down_proj,1459,320.717
down_proj,1460,320.753
down_proj,1461,320.883
down_proj,1462,321.347
down_proj,1463,321.161
down_proj,1464,321.166
down_proj,1465,321.282
down_proj,1466,321.465
down_proj,1467,321.395
down_proj,1468,321.382
down_proj,1469,321.85
down_proj,1470,321.759
down_proj,1471,321.947
down_proj,1472,330.145
down_proj,1473,321.93
down_proj,1474,321.896
down_proj,1475,322.088
down_proj,1476,322.027
down_proj,1477,322.013
down_proj,1478,322.188
down_proj,1479,322.168
down_proj,1480,322.361
down_proj,1481,322.527
down_proj,1482,322.399
down_proj,1483,322.312
down_proj,1484,322.115
down_proj,1485,322.454
down_proj,1486,322.454
down_proj,1487,322.654
down_proj,1488,331.125
down_proj,1489,331.271
down_proj,1490,330.913
down_proj,1491,331.113
down_proj,1492,331.44
down_proj,1493,331.008
down_proj,1494,331.155
down_proj,1495,331.166
down_proj,1496,331.242
down_proj,1497,331.43
down_proj,1498,331.694
down_proj,1499,331.861
down_proj,1500,331.678
down_proj,1501,331.408
down_proj,1502,331.857
down_proj,1503,331.365
down_proj,1504,331.667
down_proj,1505,331.72
down_proj,1506,332.006
down_proj,1507,332.076
down_proj,1508,331.894
down_proj,1509,331.796
down_proj,1510,331.711
down_proj,1511,331.752
down_proj,1512,331.825
down_proj,1513,331.879
down_proj,1514,331.669
down_proj,1515,331.781
down_proj,1516,331.725
down_proj,1517,331.552
down_proj,1518,332.073
down_proj,1519,332.298
down_proj,1520,331.998
down_proj,1521,332.486
down_proj,1522,331.977
down_proj,1523,332.225
down_proj,1524,332.091
down_proj,1525,332.141
down_proj,1526,332.525
down_proj,1527,332.744
down_proj,1528,332.691
down_proj,1529,332.589
down_proj,1530,332.359
down_proj,1531,332.457
down_proj,1532,332.51
down_proj,1533,332.815
down_proj,1534,332.813
down_proj,1535,332.774
down_proj,1536,333.413
down_proj,1537,358.43
down_proj,1538,352.048
down_proj,1539,365.434
down_proj,1540,350.998
down_proj,1541,350.938
down_proj,1542,366.52
down_proj,1543,352.567
down_proj,1544,362.609
down_proj,1545,350.46
down_proj,1546,354.558
down_proj,1547,359.29
down_proj,1548,361.714
down_proj,1549,351.775
down_proj,1550,351.907
down_proj,1551,363.129
down_proj,1552,349.945
down_proj,1553,364.099
down_proj,1554,352.051
down_proj,1555,353.304
down_proj,1556,352.438
down_proj,1557,363.343
down_proj,1558,354.884
down_proj,1559,357.021
down_proj,1560,350.645
down_proj,1561,357.109
down_proj,1562,354.23
down_proj,1563,359.404
down_proj,1564,352.653
down_proj,1565,352.234
down_proj,1566,360.08
down_proj,1567,352.757
down_proj,1568,393.808
down_proj,1569,352.58
down_proj,1570,355.553
down_proj,1571,356.719
down_proj,1572,357.105
down_proj,1573,352.812
down_proj,1574,354.673
down_proj,1575,355.873
down_proj,1576,353.868
down_proj,1577,354.431
down_proj,1578,354.364
down_proj,1579,360.104
down_proj,1580,353.477
down_proj,1581,353.829
down_proj,1582,356.681
down_proj,1583,355.247
down_proj,1584,355.012
down_proj,1585,351.871
down_proj,1586,351.238
down_proj,1587,351.311
down_proj,1588,351.436
down_proj,1589,351.665
down_proj,1590,351.975
down_proj,1591,352.421
down_proj,1592,351.86
down_proj,1593,352.061
down_proj,1594,351.852
down_proj,1595,352.216
down_proj,1596,352.106
down_proj,1597,352.538
down_proj,1598,352.431
down_proj,1599,352.988
down_proj,1600,378.08
down_proj,1601,352.582
down_proj,1602,352.262
down_proj,1603,352.406
down_proj,1604,352.428
down_proj,1605,352.651
down_proj,1606,352.433
down_proj,1607,352.548
down_proj,1608,352.568
down_proj,1609,352.995
down_proj,1610,353.155
down_proj,1611,353.218
down_proj,1612,353.001
down_proj,1613,353.499
down_proj,1614,353.347
down_proj,1615,353.165
down_proj,1616,352.729
down_proj,1617,353.124
down_proj,1618,353.402
down_proj,1619,353.721
down_proj,1620,353.253
down_proj,1621,353.902
down_proj,1622,353.541
down_proj,1623,353.802
down_proj,1624,353.721
down_proj,1625,354.066
down_proj,1626,353.541
down_proj,1627,353.447
down_proj,1628,353.682
down_proj,1629,353.607
down_proj,1630,354.321
down_proj,1631,353.929
down_proj,1632,413.465
down_proj,1633,387.603
down_proj,1634,384.94
down_proj,1635,398.931
down_proj,1636,386.166
down_proj,1637,384.511
down_proj,1638,400.806
down_proj,1639,387.277
down_proj,1640,390.104
down_proj,1641,380.796
down_proj,1642,382.846
down_proj,1643,386.488
down_proj,1644,391.332
down_proj,1645,381.278
down_proj,1646,383.473
down_proj,1647,384.208
down_proj,1648,377.137
down_proj,1649,386.142
down_proj,1650,381.411
down_proj,1651,395.486
down_proj,1652,379.083
down_proj,1653,378.012
down_proj,1654,395.428
down_proj,1655,381.285
down_proj,1656,389.716
down_proj,1657,377.413
down_proj,1658,381.369
down_proj,1659,384.892
down_proj,1660,391.452
down_proj,1661,376.694
down_proj,1662,377.693
down_proj,1663,392.674
down_proj,1664,379.315
down_proj,1665,376.866
down_proj,1666,394.205
down_proj,1667,376.447
down_proj,1668,376.737
down_proj,1669,391.725
down_proj,1670,381.561
down_proj,1671,382.101
down_proj,1672,377.7
down_proj,1673,384.087
down_proj,1674,378.876
down_proj,1675,393.1
down_proj,1676,376.231
down_proj,1677,376.592
down_proj,1678,391.464
down_proj,1679,377.538
down_proj,1680,386.092
down_proj,1681,377.018
down_proj,1682,380.365
down_proj,1683,382.441
down_proj,1684,388.566
down_proj,1685,375.981
down_proj,1686,377.456
down_proj,1687,387.169
down_proj,1688,378.183
down_proj,1689,388.728
down_proj,1690,376.791
down_proj,1691,378.529
down_proj,1692,385.942
down_proj,1693,382.418
down_proj,1694,379.598
down_proj,1695,377.01
down_proj,1696,383.895
down_proj,1697,377.283
down_proj,1698,385.656
down_proj,1699,377.753
down_proj,1700,377.52
down_proj,1701,390.717
down_proj,1702,380.422
down_proj,1703,378.084
down_proj,1704,383.391
down_proj,1705,378.459
down_proj,1706,384.964
down_proj,1707,378.562
down_proj,1708,377.83
down_proj,1709,385.286
down_proj,1710,379.337
down_proj,1711,383.124
down_proj,1712,378.295
down_proj,1713,380.008
down_proj,1714,379.432
down_proj,1715,380.747
down_proj,1716,377.839
down_proj,1717,379.095
down_proj,1718,382.734
down_proj,1719,377.92
down_proj,1720,379.496
down_proj,1721,378.973
down_proj,1722,380.455
down_proj,1723,380.079
down_proj,1724,379.345
down_proj,1725,378.462
down_proj,1726,379.739
down_proj,1727,377.879
down_proj,1728,378.684
down_proj,1729,388.157
down_proj,1730,387.554
down_proj,1731,387.13
down_proj,1732,387.315
down_proj,1733,387.173
down_proj,1734,387.671
down_proj,1735,388.516
down_proj,1736,386.954
down_proj,1737,387.891
down_proj,1738,387.515
down_proj,1739,387.391
down_proj,1740,387.822
down_proj,1741,387.574
down_proj,1742,387.889
down_proj,1743,388.215
down_proj,1744,388.064
down_proj,1745,388.075
down_proj,1746,388.893
down_proj,1747,388.672
down_proj,1748,387.924
down_proj,1749,389.417
down_proj,1750,388.204
down_proj,1751,388.618
down_proj,1752,388.125
down_proj,1753,388.761
down_proj,1754,388.393
down_proj,1755,389.706
down_proj,1756,388.657
down_proj,1757,388.405
down_proj,1758,389.023
down_proj,1759,388.473
down_proj,1760,407.906
down_proj,1761,388.981
down_proj,1762,388.585
down_proj,1763,389.054
down_proj,1764,389.375
down_proj,1765,388.791
down_proj,1766,389.244
down_proj,1767,389.332
down_proj,1768,389.015
down_proj,1769,389.432
down_proj,1770,389.544
down_proj,1771,388.945
down_proj,1772,389.303
down_proj,1773,390.533
down_proj,1774,389.437
down_proj,1775,389.849
down_proj,1776,390.017
down_proj,1777,389.606
down_proj,1778,389.953
down_proj,1779,389.856
down_proj,1780,389.632
down_proj,1781,390.78
down_proj,1782,390.405
down_proj,1783,389.886
down_proj,1784,390.826
down_proj,1785,391.422
down_proj,1786,390.44
down_proj,1787,390.356
down_proj,1788,390.534
down_proj,1789,390.713
down_proj,1790,390.655
down_proj,1791,391.534
down_proj,1792,385.28
down_proj,1793,390.28
down_proj,1794,390.899
down_proj,1795,391.259
down_proj,1796,390.993
down_proj,1797,390.825
down_proj,1798,392.342
down_proj,1799,390.707
down_proj,1800,391.254
down_proj,1801,391.381
down_proj,1802,390.93
down_proj,1803,392.278
down_proj,1804,391.322
down_proj,1805,391.534
down_proj,1806,392.429
down_proj,1807,391.449
down_proj,1808,392.536
down_proj,1809,391.41
down_proj,1810,392.041
down_proj,1811,393.03
down_proj,1812,391.577
down_proj,1813,392.464
down_proj,1814,392.096
down_proj,1815,393.03
down_proj,1816,391.993
down_proj,1817,392.558
down_proj,1818,392.446
down_proj,1819,391.996
down_proj,1820,392.821
down_proj,1821,392.85
down_proj,1822,392.151
down_proj,1823,392.069
down_proj,1824,407.781
down_proj,1825,413.546
down_proj,1826,408.05
down_proj,1827,407.689
down_proj,1828,413.458
down_proj,1829,409.267
down_proj,1830,409.622
down_proj,1831,406.808
down_proj,1832,410.351
down_proj,1833,407.684
down_proj,1834,413.565
down_proj,1835,408.314
down_proj,1836,408.118
down_proj,1837,413.66
down_proj,1838,408.358
down_proj,1839,410.354
down_proj,1840,406.899
down_proj,1841,407.369
down_proj,1842,407.796
down_proj,1843,409.975
down_proj,1844,407.957
down_proj,1845,407.128
down_proj,1846,411.175
down_proj,1847,407.904
down_proj,1848,407.793
down_proj,1849,409.921
down_proj,1850,408.137
down_proj,1851,407.864
down_proj,1852,410.236
down_proj,1853,408.493
down_proj,1854,408.839
down_proj,1855,408.736
down_proj,1856,415.513
down_proj,1857,407.489
down_proj,1858,409.443
down_proj,1859,408.311
down_proj,1860,408.943
down_proj,1861,408.753
down_proj,1862,407.526
down_proj,1863,409.141
down_proj,1864,408.367
down_proj,1865,408.755
down_proj,1866,408.655
down_proj,1867,409.035
down_proj,1868,408.217
down_proj,1869,409.323
down_proj,1870,408.243
down_proj,1871,408.045
down_proj,1872,407.794
down_proj,1873,412.44
down_proj,1874,411.641
down_proj,1875,412.174
down_proj,1876,412.209
down_proj,1877,412.918
down_proj,1878,411.651
down_proj,1879,412.186
down_proj,1880,412.984
down_proj,1881,412.072
down_proj,1882,413.364
down_proj,1883,412.58
down_proj,1884,414.475
down_proj,1885,412.549
down_proj,1886,413.65
down_proj,1887,415.0
down_proj,1888,413.627
down_proj,1889,413.306
down_proj,1890,413.735
down_proj,1891,413.915
down_proj,1892,415.507
down_proj,1893,412.735
down_proj,1894,412.809
down_proj,1895,412.934
down_proj,1896,414.406
down_proj,1897,412.891
down_proj,1898,413.139
down_proj,1899,415.819
down_proj,1900,413.079
down_proj,1901,415.084
down_proj,1902,417.356
down_proj,1903,414.977
down_proj,1904,413.767
down_proj,1905,413.409
down_proj,1906,413.376
down_proj,1907,412.906
down_proj,1908,414.295
down_proj,1909,414.227
down_proj,1910,414.223
down_proj,1911,414.499
down_proj,1912,414.124
down_proj,1913,414.116
down_proj,1914,414.497
down_proj,1915,414.335
down_proj,1916,415.924
down_proj,1917,414.696
down_proj,1918,415.411
down_proj,1919,416.492
down_proj,1920,417.513
down_proj,1921,425.88
down_proj,1922,427.119
down_proj,1923,424.573
down_proj,1924,424.963
down_proj,1925,426.685
down_proj,1926,425.17
down_proj,1927,424.699
down_proj,1928,425.146
down_proj,1929,427.088
down_proj,1930,427.167
down_proj,1931,423.828
down_proj,1932,425.107
down_proj,1933,426.693
down_proj,1934,425.553
down_proj,1935,426.006
down_proj,1936,453.871
down_proj,1937,424.934
down_proj,1938,425.561
down_proj,1939,424.216
down_proj,1940,424.148
down_proj,1941,425.737
down_proj,1942,426.702
down_proj,1943,425.426
down_proj,1944,425.316
down_proj,1945,425.197
down_proj,1946,427.489
down_proj,1947,428.044
down_proj,1948,426.773
down_proj,1949,424.896
down_proj,1950,425.717
down_proj,1951,428.237
down_proj,1952,438.571
down_proj,1953,426.785
down_proj,1954,425.478
down_proj,1955,425.262
down_proj,1956,425.21
down_proj,1957,427.691
down_proj,1958,426.441
down_proj,1959,425.9
down_proj,1960,425.483
down_proj,1961,426.398
down_proj,1962,427.936
down_proj,1963,426.815
down_proj,1964,427.44
down_proj,1965,426.177
down_proj,1966,426.763
down_proj,1967,426.485
down_proj,1968,439.319
down_proj,1969,427.411
down_proj,1970,426.199
down_proj,1971,426.093
down_proj,1972,426.577
down_proj,1973,428.878
down_proj,1974,426.548
down_proj,1975,428.349
down_proj,1976,426.472
down_proj,1977,426.838
down_proj,1978,428.512
down_proj,1979,428.672
down_proj,1980,427.508
down_proj,1981,427.583
down_proj,1982,427.219
down_proj,1983,428.304
down_proj,1984,440.405
down_proj,1985,439.573
down_proj,1986,438.607
down_proj,1987,438.917
down_proj,1988,439.354
down_proj,1989,441.213
down_proj,1990,441.278
down_proj,1991,439.406
down_proj,1992,441.695
down_proj,1993,438.473
down_proj,1994,439.024
down_proj,1995,440.429
down_proj,1996,440.292
down_proj,1997,438.817
down_proj,1998,440.391
down_proj,1999,440.436
down_proj,2000,440.408
down_proj,2001,441.0
down_proj,2002,440.739
down_proj,2003,439.691
down_proj,2004,441.434
down_proj,2005,439.399
down_proj,2006,439.134
down_proj,2007,441.534
down_proj,2008,441.771
down_proj,2009,440.344
down_proj,2010,439.13
down_proj,2011,439.97
down_proj,2012,440.298
down_proj,2013,442.122
down_proj,2014,440.676
down_proj,2015,440.84
down_proj,2016,440.43
down_proj,2017,439.871
down_proj,2018,439.634
down_proj,2019,441.547
down_proj,2020,440.173
down_proj,2021,440.644
down_proj,2022,440.322
down_proj,2023,441.839
down_proj,2024,440.645
down_proj,2025,441.709
down_proj,2026,440.074
down_proj,2027,439.783
down_proj,2028,439.771
down_proj,2029,442.32
down_proj,2030,443.405
down_proj,2031,442.203
down_proj,2032,442.766
down_proj,2033,442.589
down_proj,2034,439.978
down_proj,2035,442.358
down_proj,2036,439.839
down_proj,2037,440.927
down_proj,2038,442.448
down_proj,2039,442.298
down_proj,2040,442.464
down_proj,2041,440.746
down_proj,2042,440.695
down_proj,2043,440.693
down_proj,2044,440.495
down_proj,2045,440.857
down_proj,2046,443.368
down_proj,2047,442.053
down_proj,2048,441.996
embedding,1,3.774
embedding,2,4.51
embedding,3,5.315
embedding,4,6.059
embedding,5,7.086
embedding,6,7.776
embedding,7,8.55
embedding,8,9.404
embedding,9,10.38
embedding,10,11.188
embedding,11,12.072
embedding,12,12.766
embedding,13,13.448
embedding,14,14.495
embedding,15,15.115
embedding,16,15.866
embedding,17,5.398
embedding,18,5.529
embedding,19,5.462
embedding,20,5.499
embedding,21,5.556
embedding,22,5.64
embedding,23,5.52
embedding,24,5.617
embedding,25,5.677
embedding,26,5.897
embedding,27,5.814
embedding,28,5.836
embedding,29,5.867
embedding,30,5.912
embedding,31,5.919
embedding,32,5.971
embedding,33,6.119
embedding,34,6.421
embedding,35,6.61
embedding,36,6.563
embedding,37,6.598
embedding,38,6.583
embedding,39,6.644
embedding,40,6.673
embedding,41,6.811
embedding,42,6.816
embedding,43,6.931
embedding,44,6.917
embedding,45,6.923
embedding,46,7.136
embedding,47,7.046
embedding,48,7.054
embedding,49,7.297
embedding,50,7.425
embedding,51,7.42
embedding,52,7.416
embedding,53,7.515
embedding,54,7.585
embedding,55,7.528
embedding,56,7.666
embedding,57,7.822
embedding,58,7.82
embedding,59,7.854
embedding,60,7.928
embedding,61,8.11
embedding,62,8.009
embedding,63,8.044
embedding,64,8.108
embedding,65,8.229
embedding,66,8.309
embedding,67,8.46
embedding,68,8.379
embedding,69,8.52
embedding,70,8.601
embedding,71,8.757
embedding,72,8.692
embedding,73,8.847
embedding,74,8.841
embedding,75,8.947
embedding,76,8.85
embedding,77,9.084
embedding,78,9.112
embedding,79,9.324
embedding,80,9.275
embedding,81,9.5
embedding,82,9.455
embedding,83,9.482
embedding,84,9.586
embedding,85,9.61
embedding,86,9.6
embedding,87,9.61
embedding,88,9.649
embedding,89,9.709
embedding,90,9.816
embedding,91,9.894
embedding,92,10.007
embedding,93,9.953
embedding,94,10.113
embedding,95,10.253
embedding,96,10.312
embedding,97,10.359
embedding,98,10.519
embedding,99,10.529
embedding,100,10.649
embedding,101,10.656
embedding,102,10.615
embedding,103,10.642
embedding,104,10.775
embedding,105,10.793
embedding,106,10.829
embedding,107,10.772
embedding,108,10.959
embedding,109,11.102
embedding,110,11.442
embedding,111,11.372
embedding,112,11.387
embedding,113,11.605
embedding,114,11.53
embedding,115,11.634
embedding,116,11.603
embedding,117,11.536
embedding,118,11.646
embedding,119,11.677
embedding,120,11.709
embedding,121,11.671
embedding,122,11.817
embedding,123,11.841
embedding,124,11.859
embedding,125,12.036
embedding,126,12.094
embedding,127,12.279
embedding,128,12.309
embedding,129,12.426
embedding,130,12.604
embedding,131,12.612
embedding,132,12.68
embedding,133,12.596
embedding,134,12.702
embedding,135,12.546
embedding,136,12.719
embedding,137,12.78
embedding,138,12.776
embedding,139,12.766
embedding,140,12.827
embedding,141,13.011
embedding,142,13.117
embedding,143,13.488
embedding,144,13.341
embedding,145,13.419
embedding,146,13.752
embedding,147,13.675
embedding,148,13.66
embedding,149,13.71
embedding,150,13.68
embedding,151,13.606
embedding,152,13.752
embedding,153,13.725
embedding,154,13.843
embedding,155,13.756
embedding,156,13.883
embedding,157,14.091
embedding,158,14.299
embedding,159,14.281
embedding,160,14.457
embedding,161,14.651
embedding,162,14.576
embedding,163,14.695
embedding,164,14.835
embedding,165,14.89
embedding,166,15.023
embedding,167,14.892
embedding,168,14.88
embedding,169,14.927
embedding,170,14.945
embedding,171,14.976
embedding,172,14.939
embedding,173,15.007
embedding,174,15.198
embedding,175,15.162
embedding,176,15.569
embedding,177,15.56
embedding,178,15.856
embedding,179,15.725
embedding,180,15.776
embedding,181,15.768
embedding,182,15.958
embedding,183,15.967
embedding,184,16.081
embedding,185,16.1
embedding,186,15.929
embedding,187,15.948
embedding,188,16.031
embedding,189,16.157
embedding,190,16.3
embedding,191,16.225
embedding,192,16.335
embedding,193,16.451
embedding,194,16.597
embedding,195,16.856
embedding,196,16.871
embedding,197,16.868
embedding,198,17.139
embedding,199,17.043
embedding,200,16.969
embedding,201,17.059
embedding,202,17.174
embedding,203,17.061
embedding,204,17.001
embedding,205,17.116
embedding,206,17.087
embedding,207,17.446
embedding,208,17.276
embedding,209,17.547
embedding,210,17.769
embedding,211,17.559
embedding,212,17.839
embedding,213,17.71
embedding,214,17.839
embedding,215,18.074
embedding,216,17.865
embedding,217,17.79
embedding,218,17.792
embedding,219,17.978
embedding,220,17.946
embedding,221,17.869
embedding,222,17.839
embedding,223,18.046
embedding,224,18.15
embedding,225,18.099
embedding,226,18.705
embedding,227,18.654
embedding,228,18.864
embedding,229,18.693
embedding,230,18.916
embedding,231,18.885
embedding,232,19.002
embedding,233,19.038
embedding,234,18.94
embedding,235,18.889
embedding,236,18.971
embedding,237,18.958
embedding,238,19.404
embedding,239,19.165
embedding,240,19.104
embedding,241,19.3
embedding,242,19.371
embedding,243,19.699
embedding,244,19.748
embedding,245,19.652
embedding,246,19.851
embedding,247,19.953
embedding,248,19.972
embedding,249,20.062
embedding,250,19.954
embedding,251,20.008
embedding,252,20.102
embedding,253,20.123
embedding,254,19.989
embedding,255,20.162
embedding,256,20.278
embedding,257,20.418
embedding,258,20.086
embedding,259,20.628
embedding,260,20.827
embedding,261,20.624
embedding,262,20.741
embedding,263,21.041
embedding,264,21.16
embedding,265,21.027
embedding,266,20.967
embedding,267,20.974
embedding,268,20.974
embedding,269,21.259
embedding,270,21.121
embedding,271,21.127
embedding,272,21.07
embedding,273,21.107
embedding,274,21.707
embedding,275,21.637
embedding,276,21.703
embedding,277,21.598
embedding,278,21.983
embedding,279,22.02
embedding,280,22.073
embedding,281,21.985
embedding,282,21.987
embedding,283,22.065
embedding,284,21.905
embedding,285,22.015
embedding,286,22.087
embedding,287,22.242
embedding,288,22.181
embedding,289,22.151
embedding,290,22.303
embedding,291,22.237
embedding,292,22.662
embedding,293,22.668
embedding,294,22.702
embedding,295,23.086
embedding,296,22.934
embedding,297,23.324
embedding,298,23.273
embedding,299,23.489
embedding,300,23.09
embedding,301,23.291
embedding,302,23.096
embedding,303,23.356
embedding,304,23.346
embedding,305,23.317
embedding,306,23.203
embedding,307,23.266
embedding,308,23.743
embedding,309,23.813
embedding,310,23.841
embedding,311,24.357
embedding,312,24.347
embedding,313,24.056
embedding,314,24.189
embedding,315,24.088
embedding,316,24.144
embedding,317,24.263
embedding,318,24.146
embedding,319,24.529
embedding,320,24.15
embedding,321,24.199
embedding,322,24.394
embedding,323,24.462
embedding,324,24.509
embedding,325,24.862
embedding,326,24.861
embedding,327,25.384
embedding,328,24.989
embedding,329,25.362
embedding,330,25.12
embedding,331,25.13
embedding,332,25.179
embedding,333,25.312
embedding,334,25.378
embedding,335,25.46
embedding,336,25.213
embedding,337,25.468
embedding,338,25.385
embedding,339,25.39
embedding,340,25.285
embedding,341,25.933
embedding,342,25.951
embedding,343,26.321
embedding,344,25.886
embedding,345,26.194
embedding,346,26.36
embedding,347,26.422
embedding,348,26.44
embedding,349,26.1
embedding,350,26.341
embedding,351,26.377
embedding,352,26.319
embedding,353,26.434
embedding,354,26.272
embedding,355,26.352
embedding,356,26.258
embedding,357,26.475
embedding,358,26.905
embedding,359,26.991
embedding,360,27.328
embedding,361,27.347
embedding,362,27.291
embedding,363,27.426
embedding,364,27.408
embedding,365,27.731
embedding,366,27.304
embedding,367,27.484
embedding,368,27.793
embedding,369,27.641
embedding,370,27.412
embedding,371,27.479
embedding,372,27.474
embedding,373,27.596
embedding,374,28.12
embedding,375,28.045
embedding,376,28.05
embedding,377,28.341
embedding,378,28.382
embedding,379,28.421
embedding,380,28.319
embedding,381,28.324
embedding,382,28.766
embedding,383,28.472
embedding,384,28.593
embedding,385,28.839
embedding,386,28.235
embedding,387,28.75
embedding,388,28.722
embedding,389,28.83
embedding,390,28.566
embedding,391,29.089
embedding,392,28.866
embedding,393,29.293
embedding,394,29.714
embedding,395,29.309
embedding,396,29.344
embedding,397,29.442
embedding,398,29.401
embedding,399,29.675
embedding,400,29.43
embedding,401,29.547
embedding,402,29.843
embedding,403,29.524
embedding,404,29.527
embedding,405,29.725
embedding,406,29.727
embedding,407,30.212
embedding,408,30.083
embedding,409,30.127
embedding,410,30.328
embedding,411,30.406
embedding,412,30.389
embedding,413,30.627
embedding,414,30.537
embedding,415,30.381
embedding,416,30.359
embedding,417,30.756
embedding,418,30.365
embedding,419,30.959
embedding,420,30.895
embedding,421,30.838
embedding,422,30.445
embedding,423,30.789
embedding,424,31.053
embedding,425,31.517
embedding,426,31.106
embedding,427,31.409
embedding,428,31.716
embedding,429,31.543
embedding,430,31.568
embedding,431,31.681
embedding,432,31.386
embedding,433,31.884
embedding,434,31.515
embedding,435,31.679
embedding,436,31.81
embedding,437,31.622
embedding,438,31.871
embedding,439,31.487
embedding,440,32.078
embedding,441,32.33
embedding,442,32.579
embedding,443,32.246
embedding,444,32.484
embedding,445,32.723
embedding,446,32.921
embedding,447,32.674
embedding,448,32.424
embedding,449,32.659
embedding,450,32.778
embedding,451,32.68
embedding,452,32.719
embedding,453,32.586
embedding,454,32.88
embedding,455,32.876
embedding,456,32.886
embedding,457,33.345
embedding,458,33.292
embedding,459,33.29
embedding,460,33.654
embedding,461,33.445
embedding,462,33.892
embedding,463,33.771
embedding,464,33.529
embedding,465,33.659
embedding,466,33.777
embedding,467,33.616
embedding,468,33.819
embedding,469,33.892
embedding,470,33.969
embedding,471,33.754
embedding,472,33.752
embedding,473,33.928
embedding,474,34.898
embedding,475,34.342
embedding,476,34.741
embedding,477,35.203
embedding,478,34.548
embedding,479,35.127
embedding,480,35.031
embedding,481,34.679
embedding,482,34.996
embedding,483,34.54
embedding,484,34.867
embedding,485,34.945
embedding,486,34.781
embedding,487,34.806
embedding,488,34.91
embedding,489,34.703
embedding,490,35.371
embedding,491,35.232
embedding,492,35.496
embedding,493,35.559
embedding,494,35.721
embedding,495,35.684
embedding,496,35.814
embedding,497,35.75
embedding,498,35.622
embedding,499,35.719
embedding,500,35.79
embedding,501,35.793
embedding,502,35.665
embedding,503,35.721
embedding,504,35.89
embedding,505,35.849
embedding,506,36.511
embedding,507,36.118
embedding,508,36.212
embedding,509,36.666
embedding,510,36.562
embedding,511,37.006
embedding,512,36.656
embedding,513,36.758
embedding,514,36.75
embedding,515,36.748
embedding,516,36.742
embedding,517,36.673
embedding,518,36.981
embedding,519,36.952
embedding,520,36.689
embedding,521,36.995
embedding,522,36.928
embedding,523,37.135
embedding,524,37.661
embedding,525,37.515
embedding,526,37.669
embedding,527,38.015
embedding,528,37.687
embedding,529,37.599
embedding,530,37.694
embedding,531,37.891
embedding,532,38.052
embedding,533,38.356
embedding,534,37.781
embedding,535,38.375
embedding,536,37.941
embedding,537,37.769
embedding,538,38.025
embedding,539,38.252
embedding,540,38.622
embedding,541,38.497
embedding,542,38.553
embedding,543,38.767
embedding,544,39.008
embedding,545,38.936
embedding,546,39.378
embedding,547,38.886
embedding,548,38.947
embedding,549,38.999
embedding,550,38.688
embedding,551,39.506
embedding,552,39.169
embedding,553,38.961
embedding,554,38.981
embedding,555,39.392
embedding,556,39.767
embedding,557,39.157
embedding,558,39.795
embedding,559,39.665
embedding,560,39.751
embedding,561,40.291
embedding,562,39.795
embedding,563,40.463
embedding,564,39.713
embedding,565,39.949
embedding,566,40.499
embedding,567,40.419
embedding,568,39.861
embedding,569,39.595
embedding,570,39.875
embedding,571,40.157
embedding,572,40.689
embedding,573,40.589
embedding,574,40.488
embedding,575,40.711
embedding,576,40.773
embedding,577,40.702
embedding,578,40.738
embedding,579,41.185
embedding,580,40.728
embedding,581,41.066
embedding,582,40.681
embedding,583,40.969
embedding,584,41.074
embedding,585,40.675
embedding,586,40.926
embedding,587,41.226
embedding,588,40.96
embedding,589,41.942
embedding,590,41.541
embedding,591,42.089
embedding,592,41.461
embedding,593,41.703
embedding,594,41.737
embedding,595,42.446
embedding,596,41.952
embedding,597,41.823
embedding,598,42.106
embedding,599,42.308
embedding,600,41.91
embedding,601,42.201
embedding,602,42.085
embedding,603,42.314
embedding,604,41.928
embedding,605,42.642
embedding,606,42.795
embedding,607,42.892
embedding,608,43.46
embedding,609,42.855
embedding,610,42.777
embedding,611,43.661
embedding,612,42.772
embedding,613,42.93
embedding,614,43.305
embedding,615,42.965
embedding,616,43.232
embedding,617,43.579
embedding,618,43.52
embedding,619,43.334
embedding,620,42.979
embedding,621,43.531
embedding,622,43.673
embedding,623,43.962
embedding,624,44.031
embedding,625,44.386
embedding,626,44.353
embedding,627,44.007
embedding,628,44.192
embedding,629,45.083
embedding,630,44.084
embedding,631,44.137
embedding,632,45.286
embedding,633,44.773
embedding,634,44.579
embedding,635,43.949
embedding,636,44.007
embedding,637,44.136
embedding,638,45.525
embedding,639,44.75
embedding,640,45.49
embedding,641,44.856
embedding,642,44.528
embedding,643,45.126
embedding,644,45.065
embedding,645,45.022
embedding,646,45.132
embedding,647,45.243
embedding,648,44.942
embedding,649,44.958
embedding,650,45.167
embedding,651,45.14
embedding,652,45.905
embedding,653,45.791
embedding,654,45.356
embedding,655,45.729
embedding,656,46.303
embedding,657,45.622
embedding,658,45.811
embedding,659,46.15
embedding,660,46.207
embedding,661,46.512
embedding,662,46.188
embedding,663,46.059
embedding,664,46.243
embedding,665,46.706
embedding,666,46.348
embedding,667,46.292
embedding,668,45.904
embedding,669,46.088
embedding,670,46.135
embedding,671,46.604
embedding,672,46.987
embedding,673,47.213
embedding,674,46.82
embedding,675,47.085
embedding,676,47.407
embedding,677,47.496
embedding,678,47.531
embedding,679,47.299
embedding,680,47.222
embedding,681,46.922
embedding,682,46.905
embedding,683,47.125
embedding,684,47.432
embedding,685,46.99
embedding,686,47.412
embedding,687,47.159
embedding,688,48.013
embedding,689,48.366
embedding,690,47.828
embedding,691,47.956
embedding,692,48.026
embedding,693,48.112
embedding,694,48.343
embedding,695,48.322
embedding,696,48.294
embedding,697,48.798
embedding,698,48.661
embedding,699,48.211
embedding,700,48.595
embedding,701,48.611
embedding,702,48.591
embedding,703,48.721
embedding,704,48.365
embedding,705,48.654
embedding,706,49.099
embedding,707,49.145
embedding,708,49.237
embedding,709,49.182
embedding,710,49.155
embedding,711,49.436
embedding,712,49.463
embedding,713,49.228
embedding,714,49.686
embedding,715,49.447
embedding,716,49.317
embedding,717,49.483
embedding,718,49.776
embedding,719,49.481
embedding,720,49.511
embedding,721,50.116
embedding,722,49.876
embedding,723,50.769
embedding,724,50.805
embedding,725,50.005
embedding,726,51.2
embedding,727,50.33
embedding,728,50.093
embedding,729,50.124
embedding,730,50.949
embedding,731,50.292
embedding,732,50.652
embedding,733,50.361
embedding,734,50.438
embedding,735,50.586
embedding,736,50.586
embedding,737,51.028
embedding,738,51.438
embedding,739,51.006
embedding,740,51.366
embedding,741,51.104
embedding,742,51.125
embedding,743,51.752
embedding,744,51.747
embedding,745,51.597
embedding,746,51.448
embedding,747,51.55
embedding,748,52.808
embedding,749,51.437
embedding,750,51.621
embedding,751,52.264
embedding,752,51.536
embedding,753,52.039
embedding,754,51.955
embedding,755,52.741
embedding,756,52.562
embedding,757,52.125
embedding,758,52.674
embedding,759,52.608
embedding,760,52.605
embedding,761,53.044
embedding,762,52.292
embedding,763,52.147
embedding,764,52.508
embedding,765,52.343
embedding,766,53.176
embedding,767,52.569
embedding,768,53.001
embedding,769,52.506
embedding,770,53.146
embedding,771,53.456
embedding,772,53.489
embedding,773,53.606
embedding,774,53.879
embedding,775,54.104
embedding,776,53.707
embedding,777,53.971
embedding,778,53.844
embedding,779,54.462
embedding,780,53.617
embedding,781,53.683
embedding,782,54.03
embedding,783,54.137
embedding,784,54.163
embedding,785,53.747
embedding,786,54.143
embedding,787,54.204
embedding,788,54.257
embedding,789,54.669
embedding,790,54.603
embedding,791,54.66
embedding,792,54.822
embedding,793,54.764
embedding,794,55.733
embedding,795,54.419
embedding,796,54.752
embedding,797,54.691
embedding,798,54.712
embedding,799,55.262
embedding,800,55.361
embedding,801,55.44
embedding,802,54.933
embedding,803,55.027
embedding,804,55.976
embedding,805,55.166
embedding,806,55.159
embedding,807,55.181
embedding,808,55.619
embedding,809,55.451
embedding,810,56.323
embedding,811,56.181
embedding,812,55.558
embedding,813,55.575
embedding,814,56.176
embedding,815,55.859
embedding,816,56.1
embedding,817,55.658
embedding,818,56.25
embedding,819,56.371
embedding,820,56.04
embedding,821,55.978
embedding,822,56.938
embedding,823,56.97
embedding,824,56.55
embedding,825,56.33
embedding,826,56.425
embedding,827,57.454
embedding,828,56.717
embedding,829,57.339
embedding,830,57.274
embedding,831,56.734
embedding,832,56.533
embedding,833,56.455
embedding,834,56.316
embedding,835,57.059
embedding,836,57.078
embedding,837,56.916
embedding,838,58.705
embedding,839,58.714
embedding,840,57.786
embedding,841,57.941
embedding,842,58.389
embedding,843,58.062
embedding,844,57.552
embedding,845,57.943
embedding,846,58.651
embedding,847,57.7
embedding,848,57.438
embedding,849,57.872
embedding,850,58.504
embedding,851,58.027
embedding,852,57.79
embedding,853,58.299
embedding,854,59.175
embedding,855,58.805
embedding,856,59.053
embedding,857,58.67
embedding,858,59.323
embedding,859,59.615
embedding,860,59.019
embedding,861,58.782
embedding,862,59.146
embedding,863,59.437
embedding,864,58.964
embedding,865,59.692
embedding,866,59.052
embedding,867,58.968
embedding,868,60.03
embedding,869,59.374
embedding,870,59.715
embedding,871,59.969
embedding,872,60.259
embedding,873,60.787
embedding,874,59.57
embedding,875,60.967
embedding,876,59.985
embedding,877,60.088
embedding,878,60.863
embedding,879,60.053
embedding,880,59.722
embedding,881,60.559
embedding,882,61.09
embedding,883,60.217
embedding,884,60.671
embedding,885,61.176
embedding,886,60.435
embedding,887,61.248
embedding,888,61.07
embedding,889,61.173
embedding,890,61.044
embedding,891,61.315
embedding,892,60.724
embedding,893,61.52
embedding,894,60.946
embedding,895,61.318
embedding,896,61.068
embedding,897,62.042
embedding,898,62.189
embedding,899,61.64
embedding,900,61.69
embedding,901,61.22
embedding,902,62.477
embedding,903,62.118
embedding,904,61.69
embedding,905,61.975
embedding,906,61.819
embedding,907,61.859
embedding,908,61.855
embedding,909,62.721
embedding,910,62.48
embedding,911,63.305
embedding,912,62.042
embedding,913,62.175
embedding,914,62.038
embedding,915,62.883
embedding,916,62.441
embedding,917,63.026
embedding,918,62.175
embedding,919,62.965
embedding,920,62.976
embedding,921,63.989
embedding,922,63.391
embedding,923,64.248
embedding,924,64.05
embedding,925,64.018
embedding,926,63.606
embedding,927,64.301
embedding,928,63.372
embedding,929,64.014
embedding,930,62.773
embedding,931,63.712
embedding,932,63.411
embedding,933,64.299
embedding,934,63.951
embedding,935,64.42
embedding,936,64.217
embedding,937,64.136
embedding,938,64.223
embedding,939,63.884
embedding,940,64.723
embedding,941,65.052
embedding,942,64.831
embedding,943,64.107
embedding,944,65.967
embedding,945,64.736
embedding,946,65.019
embedding,947,64.439
embedding,948,64.303
embedding,949,64.492
embedding,950,65.419
embedding,951,64.365
embedding,952,66.027
embedding,953,66.044
embedding,954,64.948
embedding,955,66.203
embedding,956,66.238
embedding,957,65.216
embedding,958,65.915
embedding,959,66.208
embedding,960,65.279
embedding,961,65.421
embedding,962,65.153
embedding,963,65.105
embedding,964,66.162
embedding,965,65.286
embedding,966,66.196
embedding,967,65.221
embedding,968,66.08
embedding,969,65.711
embedding,970,66.004
embedding,971,66.469
embedding,972,65.537
embedding,973,66.076
embedding,974,66.852
embedding,975,66.47
embedding,976,66.945
embedding,977,65.914
embedding,978,66.602
embedding,979,66.195
embedding,980,66.419
embedding,981,66.73
embedding,982,66.17
embedding,983,66.996
embedding,984,66.105
embedding,985,66.953
embedding,986,67.23
embedding,987,67.015
embedding,988,67.646
embedding,989,67.318
embedding,990,67.815
embedding,991,66.763
embedding,992,67.705
embedding,993,68.077
embedding,994,67.019
embedding,995,67.75
embedding,996,67.035
embedding,997,67.307
embedding,998,68.249
embedding,999,68.806
embedding,1000,67.491
embedding,1001,68.848
embedding,1002,69.802
embedding,1003,67.671
embedding,1004,69.83
embedding,1005,68.171
embedding,1006,68.699
embedding,1007,69.719
embedding,1008,69.479
embedding,1009,68.324
embedding,1010,68.053
embedding,1011,68.903
embedding,1012,68.519
embedding,1013,68.816
embedding,1014,68.762
embedding,1015,69.255
embedding,1016,68.271
embedding,1017,68.559
embedding,1018,69.229
embedding,1019,69.64
embedding,1020,69.45
embedding,1021,70.377
embedding,1022,69.63
embedding,1023,70.473
embedding,1024,69.755
embedding,1025,70.473
embedding,1026,69.258
embedding,1027,70.209
embedding,1028,69.378
embedding,1029,69.462
embedding,1030,70.131
embedding,1031,69.47
embedding,1032,70.127
embedding,1033,70.689
embedding,1034,69.616
embedding,1035,70.538
embedding,1036,69.59
embedding,1037,70.934
embedding,1038,70.445
embedding,1039,70.365
embedding,1040,69.937
embedding,1041,70.865
embedding,1042,69.941
embedding,1043,70.432
embedding,1044,70.689
embedding,1045,71.255
embedding,1046,70.466
embedding,1047,71.464
embedding,1048,70.095
embedding,1049,70.635
embedding,1050,71.734
embedding,1051,70.915
embedding,1052,71.13
embedding,1053,72.059
embedding,1054,71.441
embedding,1055,71.167
embedding,1056,71.99
embedding,1057,71.555
embedding,1058,72.912
embedding,1059,72.385
embedding,1060,72.278
embedding,1061,72.086
embedding,1062,72.152
embedding,1063,71.801
embedding,1064,72.289
embedding,1065,72.475
embedding,1066,71.701
embedding,1067,72.772
embedding,1068,71.796
embedding,1069,74.525
embedding,1070,72.123
embedding,1071,73.14
embedding,1072,73.239
embedding,1073,72.285
embedding,1074,73.103
embedding,1075,72.9
embedding,1076,72.227
embedding,1077,73.196
embedding,1078,72.485
embedding,1079,73.643
embedding,1080,73.526
embedding,1081,73.886
embedding,1082,72.266
embedding,1083,73.196
embedding,1084,72.865
embedding,1085,72.952
embedding,1086,73.322
embedding,1087,74.651
embedding,1088,74.417
embedding,1089,73.686
embedding,1090,73.545
embedding,1091,73.767
embedding,1092,74.812
embedding,1093,73.578
embedding,1094,75.141
embedding,1095,74.151
embedding,1096,73.466
embedding,1097,74.92
embedding,1098,73.697
embedding,1099,74.617
embedding,1100,74.329
embedding,1101,75.247
embedding,1102,74.267
embedding,1103,76.153
embedding,1104,75.504
embedding,1105,74.68
embedding,1106,75.141
embedding,1107,75.474
embedding,1108,75.16
embedding,1109,74.761
embedding,1110,75.583
embedding,1111,74.82
embedding,1112,75.054
embedding,1113,75.282
embedding,1114,76.525
embedding,1115,75.176
embedding,1116,75.521
embedding,1117,75.939
embedding,1118,76.103
embedding,1119,76.827
embedding,1120,75.848
embedding,1121,75.346
embedding,1122,77.073
embedding,1123,75.561
embedding,1124,76.932
embedding,1125,75.384
embedding,1126,76.943
embedding,1127,75.424
embedding,1128,77.714
embedding,1129,75.341
embedding,1130,75.895
embedding,1131,75.301
embedding,1132,76.201
embedding,1133,75.638
embedding,1134,76.844
embedding,1135,76.135
embedding,1136,77.679
embedding,1137,77.521
embedding,1138,76.887
embedding,1139,76.282
embedding,1140,77.475
embedding,1141,77.726
embedding,1142,76.822
embedding,1143,77.002
embedding,1144,77.981
embedding,1145,78.113
embedding,1146,76.944
embedding,1147,77.848
embedding,1148,76.886
embedding,1149,76.713
embedding,1150,77.462
embedding,1151,78.948
embedding,1152,78.445
embedding,1153,76.981
embedding,1154,78.231
embedding,1155,77.102
embedding,1156,77.759
embedding,1157,77.488
embedding,1158,78.075
embedding,1159,77.452
embedding,1160,77.433
embedding,1161,78.563
embedding,1162,77.859
embedding,1163,78.07
embedding,1164,78.195
embedding,1165,79.189
embedding,1166,80.479
embedding,1167,78.175
embedding,1168,80.501
embedding,1169,79.044
embedding,1170,80.452
embedding,1171,79.192
embedding,1172,79.218
embedding,1173,80.409
embedding,1174,79.508
embedding,1175,79.979
embedding,1176,79.776
embedding,1177,79.781
embedding,1178,79.487
embedding,1179,80.515
embedding,1180,81.084
embedding,1181,80.201
embedding,1182,80.575
embedding,1183,79.827
embedding,1184,80.573
embedding,1185,79.842
embedding,1186,81.265
embedding,1187,80.284
embedding,1188,81.723
embedding,1189,80.227
embedding,1190,80.063
embedding,1191,80.497
embedding,1192,80.065
embedding,1193,80.323
embedding,1194,81.882
embedding,1195,81.023
embedding,1196,79.995
embedding,1197,80.312
embedding,1198,80.74
embedding,1199,81.685
embedding,1200,81.559
embedding,1201,81.983
embedding,1202,81.11
embedding,1203,81.656
embedding,1204,81.287
embedding,1205,81.77
embedding,1206,81.416
embedding,1207,82.458
embedding,1208,82.642
embedding,1209,81.929
embedding,1210,81.106
embedding,1211,82.681
embedding,1212,82.655
embedding,1213,81.467
embedding,1214,81.391
embedding,1215,81.592
embedding,1216,82.093
embedding,1217,83.319
embedding,1218,83.896
embedding,1219,83.222
embedding,1220,82.097
embedding,1221,82.394
embedding,1222,82.687
embedding,1223,82.105
embedding,1224,82.079
embedding,1225,84.049
embedding,1226,83.39
embedding,1227,83.775
embedding,1228,82.289
embedding,1229,83.683
embedding,1230,82.325
embedding,1231,83.157
embedding,1232,83.316
embedding,1233,84.16
embedding,1234,83.428
embedding,1235,83.652
embedding,1236,82.913
embedding,1237,84.551
embedding,1238,83.18
embedding,1239,83.149
embedding,1240,83.544
embedding,1241,83.049
embedding,1242,83.481
embedding,1243,84.821
embedding,1244,83.861
embedding,1245,84.34
embedding,1246,83.29
embedding,1247,82.737
embedding,1248,83.341
embedding,1249,84.81
embedding,1250,83.824
embedding,1251,85.374
embedding,1252,84.156
embedding,1253,84.403
embedding,1254,84.94
embedding,1255,84.246
embedding,1256,85.501
embedding,1257,84.16
embedding,1258,85.334
embedding,1259,85.278
embedding,1260,83.955
embedding,1261,84.481
embedding,1262,85.475
embedding,1263,84.678
embedding,1264,85.565
embedding,1265,85.971
embedding,1266,84.379
embedding,1267,84.884
embedding,1268,84.681
embedding,1269,86.581
embedding,1270,85.938
embedding,1271,86.204
embedding,1272,86.223
embedding,1273,86.161
embedding,1274,86.358
embedding,1275,85.497
embedding,1276,86.603
embedding,1277,85.865
embedding,1278,86.638
embedding,1279,85.914
embedding,1280,86.902
embedding,1281,86.444
embedding,1282,87.469
embedding,1283,87.544
embedding,1284,88.176
embedding,1285,86.464
embedding,1286,86.622
embedding,1287,86.733
embedding,1288,86.374
embedding,1289,87.422
embedding,1290,87.836
embedding,1291,88.406
embedding,1292,86.381
embedding,1293,88.212
embedding,1294,87.273
embedding,1295,86.847
embedding,1296,87.023
embedding,1297,86.648
embedding,1298,88.92
embedding,1299,87.699
embedding,1300,86.405
embedding,1301,87.785
embedding,1302,89.217
embedding,1303,88.549
embedding,1304,88.201
embedding,1305,89.544
embedding,1306,88.654
embedding,1307,89.423
embedding,1308,87.948
embedding,1309,87.57
embedding,1310,89.046
embedding,1311,88.106
embedding,1312,88.036
embedding,1313,89.423
embedding,1314,87.858
embedding,1315,89.995
embedding,1316,88.45
embedding,1317,89.922
embedding,1318,89.102
embedding,1319,88.539
embedding,1320,90.26
embedding,1321,90.698
embedding,1322,89.207
embedding,1323,89.976
embedding,1324,89.333
embedding,1325,88.857
embedding,1326,88.654
embedding,1327,89.581
embedding,1328,88.767
embedding,1329,90.174
embedding,1330,88.634
embedding,1331,90.784
embedding,1332,91.144
embedding,1333,91.008
embedding,1334,89.933
embedding,1335,89.79
embedding,1336,91.255
embedding,1337,90.978
embedding,1338,90.07
embedding,1339,91.032
embedding,1340,91.484
embedding,1341,90.258
embedding,1342,90.845
embedding,1343,90.987
embedding,1344,91.323
embedding,1345,91.169
embedding,1346,90.357
embedding,1347,91.302
embedding,1348,91.603
embedding,1349,91.805
embedding,1350,89.883
embedding,1351,90.767
embedding,1352,90.142
embedding,1353,91.169
embedding,1354,91.327
embedding,1355,92.139
embedding,1356,90.734
embedding,1357,92.286
embedding,1358,90.494
embedding,1359,91.329
embedding,1360,90.587
embedding,1361,92.722
embedding,1362,90.223
embedding,1363,91.618
embedding,1364,91.928
embedding,1365,91.158
embedding,1366,91.884
embedding,1367,93.134
embedding,1368,92.268
embedding,1369,92.362
embedding,1370,92.495
embedding,1371,93.007
embedding,1372,92.898
embedding,1373,92.573
embedding,1374,91.904
embedding,1375,94.327
embedding,1376,92.882
embedding,1377,92.898
embedding,1378,92.416
embedding,1379,93.571
embedding,1380,92.327
embedding,1381,93.745
embedding,1382,92.943
embedding,1383,93.876
embedding,1384,93.88
embedding,1385,93.404
embedding,1386,95.123
embedding,1387,94.212
embedding,1388,93.837
embedding,1389,94.689
embedding,1390,93.13
embedding,1391,93.549
embedding,1392,95.18
embedding,1393,94.032
embedding,1394,93.523
embedding,1395,95.206
embedding,1396,95.209
embedding,1397,94.476
embedding,1398,94.091
embedding,1399,93.437
embedding,1400,94.85
embedding,1401,95.37
embedding,1402,94.511
embedding,1403,95.553
embedding,1404,93.991
embedding,1405,94.051
embedding,1406,94.12
embedding,1407,96.072
embedding,1408,95.585
embedding,1409,94.341
embedding,1410,96.009
embedding,1411,95.369
embedding,1412,94.922
embedding,1413,94.566
embedding,1414,96.737
embedding,1415,96.314
embedding,1416,94.318
embedding,1417,97.89
embedding,1418,95.669
embedding,1419,95.34
embedding,1420,96.703
embedding,1421,96.911
embedding,1422,97.537
embedding,1423,96.48
embedding,1424,97.081
embedding,1425,94.955
embedding,1426,96.97
embedding,1427,96.433
embedding,1428,96.901
embedding,1429,95.571
embedding,1430,96.848
embedding,1431,95.931
embedding,1432,96.668
embedding,1433,95.798
embedding,1434,97.177
embedding,1435,96.652
embedding,1436,97.849
embedding,1437,96.572
embedding,1438,96.259
embedding,1439,98.467
embedding,1440,96.511
embedding,1441,98.063
embedding,1442,98.335
embedding,1443,96.67
embedding,1444,96.644
embedding,1445,96.511
embedding,1446,98.016
embedding,1447,99.226
embedding,1448,97.712
embedding,1449,97.93
embedding,1450,96.863
embedding,1451,97.597
embedding,1452,97.165
embedding,1453,98.475
embedding,1454,98.468
embedding,1455,98.681
embedding,1456,97.841
embedding,1457,96.447
embedding,1458,97.067
embedding,1459,97.683
embedding,1460,98.297
embedding,1461,97.078
embedding,1462,98.645
embedding,1463,98.536
embedding,1464,97.466
embedding,1465,98.211
embedding,1466,97.951
embedding,1467,98.02
embedding,1468,97.912
embedding,1469,99.21
embedding,1470,99.324
embedding,1471,98.499
embedding,1472,99.335
embedding,1473,98.827
embedding,1474,97.58
embedding,1475,98.905
embedding,1476,97.98
embedding,1477,98.565
embedding,1478,97.744
embedding,1479,97.266
embedding,1480,97.761
embedding,1481,97.591
embedding,1482,99.426
embedding,1483,99.292
embedding,1484,99.189
embedding,1485,99.304
embedding,1486,98.3
embedding,1487,98.682
embedding,1488,100.683
embedding,1489,100.224
embedding,1490,99.16
embedding,1491,100.312
embedding,1492,99.216
embedding,1493,98.24
embedding,1494,100.031
embedding,1495,99.553
embedding,1496,100.423
embedding,1497,100.333
embedding,1498,101.295
embedding,1499,101.756
embedding,1500,101.382
embedding,1501,100.02
embedding,1502,99.586
embedding,1503,99.521
embedding,1504,99.473
embedding,1505,100.39
embedding,1506,99.486
embedding,1507,101.608
embedding,1508,101.811
embedding,1509,100.585
embedding,1510,100.138
embedding,1511,101.339
embedding,1512,99.785
embedding,1513,99.357
embedding,1514,101.659
embedding,1515,101.899
embedding,1516,102.255
embedding,1517,101.4
embedding,1518,102.828
embedding,1519,102.562
embedding,1520,100.807
embedding,1521,102.586
embedding,1522,101.549
embedding,1523,101.835
embedding,1524,101.451
embedding,1525,101.099
embedding,1526,100.036
embedding,1527,102.648
embedding,1528,103.143
embedding,1529,101.389
embedding,1530,101.698
embedding,1531,101.176
embedding,1532,101.627
embedding,1533,100.965
embedding,1534,103.538
embedding,1535,102.723
embedding,1536,104.048
embedding,1537,101.993
embedding,1538,101.914
embedding,1539,101.747
embedding,1540,101.709
embedding,1541,104.61
embedding,1542,102.498
embedding,1543,102.223
embedding,1544,101.874
embedding,1545,105.003
embedding,1546,102.69
embedding,1547,104.516
embedding,1548,103.918
embedding,1549,104.543
embedding,1550,102.142
embedding,1551,102.291
embedding,1552,102.65
embedding,1553,102.627
embedding,1554,104.565
embedding,1555,104.518
embedding,1556,103.822
embedding,1557,105.046
embedding,1558,103.979
embedding,1559,104.202
embedding,1560,104.502
embedding,1561,103.357
embedding,1562,105.463
embedding,1563,106.343
embedding,1564,103.399
embedding,1565,105.535
embedding,1566,105.21
embedding,1567,105.484
embedding,1568,104.852
embedding,1569,105.568
embedding,1570,104.279
embedding,1571,104.733
embedding,1572,105.173
embedding,1573,105.657
embedding,1574,104.717
embedding,1575,106.199
embedding,1576,106.387
embedding,1577,105.815
embedding,1578,105.115
embedding,1579,105.572
embedding,1580,106.212
embedding,1581,105.148
embedding,1582,105.179
embedding,1583,104.755
embedding,1584,104.498
embedding,1585,107.092
embedding,1586,107.088
embedding,1587,105.761
embedding,1588,105.949
embedding,1589,105.348
embedding,1590,107.657
embedding,1591,106.814
embedding,1592,106.088
embedding,1593,106.278
embedding,1594,105.855
embedding,1595,107.456
embedding,1596,107.248
embedding,1597,107.633
embedding,1598,106.235
embedding,1599,107.927
embedding,1600,106.413
embedding,1601,107.715
embedding,1602,108.2
embedding,1603,107.108
embedding,1604,108.272
embedding,1605,108.852
embedding,1606,106.11
embedding,1607,106.19
embedding,1608,106.804
embedding,1609,107.025
embedding,1610,106.447
embedding,1611,109.219
embedding,1612,106.943
embedding,1613,109.548
embedding,1614,108.781
embedding,1615,109.38
embedding,1616,109.736
embedding,1617,109.124
embedding,1618,108.194
embedding,1619,108.627
embedding,1620,108.742
embedding,1621,110.22
embedding,1622,107.53
embedding,1623,110.313
embedding,1624,107.722
embedding,1625,110.217
embedding,1626,108.739
embedding,1627,108.902
embedding,1628,110.001
embedding,1629,109.341
embedding,1630,110.992
embedding,1631,109.278
embedding,1632,109.757
embedding,1633,109.503
embedding,1634,108.735
embedding,1635,108.932
embedding,1636,109.302
embedding,1637,110.788
embedding,1638,108.05
embedding,1639,108.554
embedding,1640,110.811
embedding,1641,108.883
embedding,1642,110.756
embedding,1643,110.975
embedding,1644,109.89
embedding,1645,109.489
embedding,1646,111.57
embedding,1647,108.531
embedding,1648,111.969
embedding,1649,110.547
embedding,1650,109.908
embedding,1651,110.399
embedding,1652,110.399
embedding,1653,111.771
embedding,1654,109.81
embedding,1655,112.368
embedding,1656,111.359
embedding,1657,110.07
embedding,1658,111.742
embedding,1659,112.227
embedding,1660,109.763
embedding,1661,112.213
embedding,1662,110.654
embedding,1663,112.246
embedding,1664,111.401
embedding,1665,109.828
embedding,1666,110.589
embedding,1667,110.121
embedding,1668,111.885
embedding,1669,113.467
embedding,1670,111.965
embedding,1671,112.405
embedding,1672,112.74
embedding,1673,111.433
embedding,1674,109.513
embedding,1675,111.491
embedding,1676,111.265
embedding,1677,110.162
embedding,1678,112.151
embedding,1679,113.843
embedding,1680,110.283
embedding,1681,111.101
embedding,1682,113.345
embedding,1683,114.659
embedding,1684,113.416
embedding,1685,110.846
embedding,1686,112.777
embedding,1687,111.337
embedding,1688,113.197
embedding,1689,110.919
embedding,1690,111.752
embedding,1691,113.495
embedding,1692,113.568
embedding,1693,113.269
embedding,1694,115.0
embedding,1695,112.511
embedding,1696,115.156
embedding,1697,114.161
embedding,1698,112.912
embedding,1699,112.139
embedding,1700,114.056
embedding,1701,114.443
embedding,1702,115.804
embedding,1703,112.403
embedding,1704,114.853
embedding,1705,114.417
embedding,1706,112.89
embedding,1707,112.422
embedding,1708,114.445
embedding,1709,112.051
embedding,1710,114.826
embedding,1711,112.963
embedding,1712,113.563
embedding,1713,115.148
embedding,1714,113.67
embedding,1715,113.029
embedding,1716,115.755
embedding,1717,115.485
embedding,1718,116.968
embedding,1719,113.94
embedding,1720,114.339
embedding,1721,116.032
embedding,1722,115.954
embedding,1723,115.213
embedding,1724,116.216
embedding,1725,113.909
embedding,1726,114.652
embedding,1727,115.303
embedding,1728,116.156
embedding,1729,117.05
embedding,1730,116.01
embedding,1731,114.59
embedding,1732,115.227
embedding,1733,116.351
embedding,1734,115.44
embedding,1735,117.397
embedding,1736,116.345
embedding,1737,114.677
embedding,1738,117.555
embedding,1739,115.676
embedding,1740,115.203
embedding,1741,116.573
embedding,1742,115.788
embedding,1743,117.795
embedding,1744,117.887
embedding,1745,116.438
embedding,1746,118.157
embedding,1747,117.595
embedding,1748,117.152
embedding,1749,119.291
embedding,1750,117.29
embedding,1751,116.567
embedding,1752,115.822
embedding,1753,118.131
embedding,1754,116.111
embedding,1755,118.582
embedding,1756,117.957
embedding,1757,116.676
embedding,1758,116.025
embedding,1759,117.714
embedding,1760,117.482
embedding,1761,116.209
embedding,1762,118.397
embedding,1763,116.682
embedding,1764,116.157
embedding,1765,118.147
embedding,1766,116.851
embedding,1767,118.762
embedding,1768,117.889
embedding,1769,117.127
embedding,1770,118.952
embedding,1771,117.572
embedding,1772,116.776
embedding,1773,119.873
embedding,1774,116.987
embedding,1775,117.435
embedding,1776,117.552
embedding,1777,118.066
embedding,1778,117.677
embedding,1779,118.92
embedding,1780,117.961
embedding,1781,120.859
embedding,1782,119.119
embedding,1783,118.895
embedding,1784,120.609
embedding,1785,120.273
embedding,1786,119.216
embedding,1787,117.842
embedding,1788,118.004
embedding,1789,119.486
embedding,1790,118.356
embedding,1791,120.186
embedding,1792,119.897
embedding,1793,118.36
embedding,1794,117.329
embedding,1795,120.609
embedding,1796,119.61
embedding,1797,118.669
embedding,1798,121.87
embedding,1799,119.739
embedding,1800,118.812
embedding,1801,118.243
embedding,1802,119.201
embedding,1803,121.32
embedding,1804,118.067
embedding,1805,120.444
embedding,1806,122.53
embedding,1807,118.115
embedding,1808,121.962
embedding,1809,120.462
embedding,1810,120.921
embedding,1811,121.32
embedding,1812,121.923
embedding,1813,121.614
embedding,1814,120.558
embedding,1815,121.585
embedding,1816,121.772
embedding,1817,120.765
embedding,1818,122.367
embedding,1819,119.788
embedding,1820,122.619
embedding,1821,121.899
embedding,1822,121.548
embedding,1823,119.379
embedding,1824,120.921
embedding,1825,121.769
embedding,1826,124.102
embedding,1827,122.232
embedding,1828,124.872
embedding,1829,121.453
embedding,1830,124.115
embedding,1831,120.543
embedding,1832,124.729
embedding,1833,123.123
embedding,1834,124.878
embedding,1835,122.474
embedding,1836,124.007
embedding,1837,122.408
embedding,1838,123.757
embedding,1839,123.242
embedding,1840,122.042
embedding,1841,121.7
embedding,1842,121.297
embedding,1843,123.413
embedding,1844,124.064
embedding,1845,122.182
embedding,1846,125.072
embedding,1847,123.634
embedding,1848,124.18
embedding,1849,122.604
embedding,1850,122.142
embedding,1851,122.181
embedding,1852,125.299
embedding,1853,122.663
embedding,1854,124.546
embedding,1855,124.221
embedding,1856,125.4
embedding,1857,122.979
embedding,1858,124.653
embedding,1859,125.839
embedding,1860,125.905
embedding,1861,125.444
embedding,1862,123.319
embedding,1863,123.245
embedding,1864,124.102
embedding,1865,124.34
embedding,1866,124.062
embedding,1867,125.856
embedding,1868,123.112
embedding,1869,125.753
embedding,1870,123.183
embedding,1871,122.819
embedding,1872,122.735
embedding,1873,124.9
embedding,1874,123.839
embedding,1875,123.861
embedding,1876,124.684
embedding,1877,126.015
embedding,1878,123.949
embedding,1879,123.417
embedding,1880,126.547
embedding,1881,125.797
embedding,1882,127.027
embedding,1883,124.743
embedding,1884,127.147
embedding,1885,126.038
embedding,1886,126.791
embedding,1887,127.835
embedding,1888,127.34
embedding,1889,126.495
embedding,1890,126.534
embedding,1891,126.87
embedding,1892,128.17
embedding,1893,126.797
embedding,1894,124.679
embedding,1895,124.707
embedding,1896,128.041
embedding,1897,125.921
embedding,1898,125.218
embedding,1899,129.476
embedding,1900,126.378
embedding,1901,128.136
embedding,1902,130.027
embedding,1903,128.681
embedding,1904,127.332
embedding,1905,127.008
embedding,1906,127.084
embedding,1907,125.398
embedding,1908,127.952
embedding,1909,128.045
embedding,1910,127.715
embedding,1911,128.005
embedding,1912,128.119
embedding,1913,127.915
embedding,1914,128.009
embedding,1915,127.745
embedding,1916,129.515
embedding,1917,128.187
embedding,1918,128.582
embedding,1919,130.074
embedding,1920,126.736
embedding,1921,129.26
embedding,1922,129.953
embedding,1923,127.455
embedding,1924,127.602
embedding,1925,132.229
embedding,1926,129.124
embedding,1927,129.683
embedding,1928,128.527
embedding,1929,132.643
embedding,1930,130.921
embedding,1931,128.781
embedding,1932,128.848
embedding,1933,131.209
embedding,1934,130.178
embedding,1935,130.628
embedding,1936,128.817
embedding,1937,126.937
embedding,1938,128.273
embedding,1939,126.685
embedding,1940,126.2
embedding,1941,128.107
embedding,1942,130.711
embedding,1943,130.295
embedding,1944,128.518
embedding,1945,129.047
embedding,1946,130.977
embedding,1947,131.793
embedding,1948,129.45
embedding,1949,129.442
embedding,1950,128.132
embedding,1951,132.111
embedding,1952,130.035
embedding,1953,130.635
embedding,1954,128.806
embedding,1955,129.08
embedding,1956,127.864
embedding,1957,131.389
embedding,1958,130.638
embedding,1959,129.933
embedding,1960,128.522
embedding,1961,130.139
embedding,1962,131.364
embedding,1963,131.787
embedding,1964,131.202
embedding,1965,130.798
embedding,1966,128.58
embedding,1967,131.103
embedding,1968,132.069
embedding,1969,131.218
embedding,1970,129.382
embedding,1971,128.985
embedding,1972,129.192
embedding,1973,132.507
embedding,1974,130.086
embedding,1975,132.901
embedding,1976,129.381
embedding,1977,130.54
embedding,1978,132.26
embedding,1979,132.923
embedding,1980,132.244
embedding,1981,131.468
embedding,1982,130.514
embedding,1983,132.401
embedding,1984,133.444
embedding,1985,132.381
embedding,1986,131.163
embedding,1987,131.304
embedding,1988,131.779
embedding,1989,133.441
embedding,1990,132.793
embedding,1991,132.988
embedding,1992,134.853
embedding,1993,131.185
embedding,1994,132.481
embedding,1995,134.917
embedding,1996,134.492
embedding,1997,132.65
embedding,1998,133.692
embedding,1999,133.562
embedding,2000,132.665
embedding,2001,134.328
embedding,2002,133.205
embedding,2003,133.346
embedding,2004,134.177
embedding,2005,132.965
embedding,2006,132.187
embedding,2007,134.772
embedding,2008,136.471
embedding,2009,134.392
embedding,2010,132.863
embedding,2011,133.0
embedding,2012,133.333
embedding,2013,135.949
embedding,2014,135.441
embedding,2015,135.366
embedding,2016,135.092
embedding,2017,133.352
embedding,2018,133.719
embedding,2019,135.905
embedding,2020,134.222
embedding,2021,135.038
embedding,2022,134.184
embedding,2023,135.327
embedding,2024,134.799
embedding,2025,137.934
embedding,2026,136.236
embedding,2027,134.517
embedding,2028,134.433
embedding,2029,136.641
embedding,2030,138.069
embedding,2031,136.334
embedding,2032,136.109
embedding,2033,136.925
embedding,2034,134.755
embedding,2035,137.546
embedding,2036,133.629
embedding,2037,135.284
embedding,2038,136.567
embedding,2039,137.488
embedding,2040,136.943
embedding,2041,136.281
embedding,2042,136.181
embedding,2043,136.142
embedding,2044,136.203
embedding,2045,135.059
embedding,2046,138.735
embedding,2047,138.081
embedding,2048,137.457
final_layernorm,1,24.879
final_layernorm,2,27.882
final_layernorm,3,27.462
final_layernorm,4,28.157
final_layernorm,5,28.063
final_layernorm,6,27.886
final_layernorm,7,27.934
final_layernorm,8,27.719
final_layernorm,9,28.092
final_layernorm,10,28.202
final_layernorm,11,28.274
final_layernorm,12,28.259
final_layernorm,13,28.374
final_layernorm,14,28.272
final_layernorm,15,28.486
final_layernorm,16,27.955
final_layernorm,17,28.98
final_layernorm,18,28.53
final_layernorm,19,28.856
final_layernorm,20,28.642
final_layernorm,21,28.847
final_layernorm,22,29.035
final_layernorm,23,28.981
final_layernorm,24,28.822
final_layernorm,25,28.92
final_layernorm,26,29.067
final_layernorm,27,29.213
final_layernorm,28,29.313
final_layernorm,29,29.248
final_layernorm,30,29.223
final_layernorm,31,29.579
final_layernorm,32,28.933
final_layernorm,33,29.489
final_layernorm,34,29.522
final_layernorm,35,29.607
final_layernorm,36,29.739
final_layernorm,37,29.401
final_layernorm,38,29.86
final_layernorm,39,29.806
final_layernorm,40,29.635
final_layernorm,41,29.69
final_layernorm,42,29.806
final_layernorm,43,30.097
final_layernorm,44,30.15
final_layernorm,45,29.88
final_layernorm,46,29.89
final_layernorm,47,30.079
final_layernorm,48,29.635
final_layernorm,49,30.367
final_layernorm,50,30.445
final_layernorm,51,30.63
final_layernorm,52,30.602
final_layernorm,53,30.615
final_layernorm,54,30.817
final_layernorm,55,30.881
final_layernorm,56,30.369
final_layernorm,57,30.762
final_layernorm,58,30.842
final_layernorm,59,30.828
final_layernorm,60,31.059
final_layernorm,61,31.069
final_layernorm,62,31.439
final_layernorm,63,31.579
final_layernorm,64,30.952
final_layernorm,65,31.457
final_layernorm,66,31.575
final_layernorm,67,31.754
final_layernorm,68,31.664
final_layernorm,69,31.92
final_layernorm,70,31.701
final_layernorm,71,31.843
final_layernorm,72,31.476
final_layernorm,73,32.031
final_layernorm,74,32.07
final_layernorm,75,32.305
final_layernorm,76,32.082
final_layernorm,77,32.204
final_layernorm,78,32.69
final_layernorm,79,32.732
final_layernorm,80,32.171
final_layernorm,81,32.829
final_layernorm,82,32.968
final_layernorm,83,32.925
final_layernorm,84,33.21
final_layernorm,85,33.14
final_layernorm,86,33.232
final_layernorm,87,33.249
final_layernorm,88,32.63
final_layernorm,89,33.116
final_layernorm,90,33.222
final_layernorm,91,33.278
final_layernorm,92,33.317
final_layernorm,93,33.81
final_layernorm,94,33.436
final_layernorm,95,33.903
final_layernorm,96,33.181
final_layernorm,97,33.803
final_layernorm,98,33.749
final_layernorm,99,33.916
final_layernorm,100,34.319
final_layernorm,101,34.333
final_layernorm,102,34.411
final_layernorm,103,34.402
final_layernorm,104,34.057
final_layernorm,105,34.355
final_layernorm,106,34.652
final_layernorm,107,34.548
final_layernorm,108,34.837
final_layernorm,109,35.024
final_layernorm,110,34.939
final_layernorm,111,35.023
final_layernorm,112,34.574
final_layernorm,113,34.934
final_layernorm,114,35.207
final_layernorm,115,35.109
final_layernorm,116,35.193
final_layernorm,117,35.5
final_layernorm,118,35.223
final_layernorm,119,35.557
final_layernorm,120,35.14
final_layernorm,121,35.591
final_layernorm,122,35.717
final_layernorm,123,35.667
final_layernorm,124,35.707
final_layernorm,125,36.154
final_layernorm,126,35.802
final_layernorm,127,36.181
final_layernorm,128,35.768
final_layernorm,129,36.501
final_layernorm,130,36.492
final_layernorm,131,36.662
final_layernorm,132,36.733
final_layernorm,133,36.658
final_layernorm,134,37.416
final_layernorm,135,37.39
final_layernorm,136,37.014
final_layernorm,137,37.61
final_layernorm,138,37.679
final_layernorm,139,37.511
final_layernorm,140,37.81
final_layernorm,141,37.75
final_layernorm,142,37.763
final_layernorm,143,38.092
final_layernorm,144,37.675
final_layernorm,145,38.178
final_layernorm,146,38.379
final_layernorm,147,38.524
final_layernorm,148,38.317
final_layernorm,149,38.429
final_layernorm,150,38.911
final_layernorm,151,38.854
final_layernorm,152,38.252
final_layernorm,153,38.993
final_layernorm,154,38.829
final_layernorm,155,39.032
final_layernorm,156,38.893
final_layernorm,157,39.243
final_layernorm,158,39.373
final_layernorm,159,39.489
final_layernorm,160,38.997
final_layernorm,161,39.815
final_layernorm,162,39.511
final_layernorm,163,39.443
final_layernorm,164,39.766
final_layernorm,165,39.791
final_layernorm,166,39.965
final_layernorm,167,40.329
final_layernorm,168,39.751
final_layernorm,169,40.017
final_layernorm,170,40.596
final_layernorm,171,40.103
final_layernorm,172,40.578
final_layernorm,173,40.495
final_layernorm,174,40.73
final_layernorm,175,40.73
final_layernorm,176,40.389
final_layernorm,177,41.095
final_layernorm,178,41.113
final_layernorm,179,41.125
final_layernorm,180,41.086
final_layernorm,181,41.048
final_layernorm,182,41.36
final_layernorm,183,42.218
final_layernorm,184,41.379
final_layernorm,185,42.126
final_layernorm,186,41.811
final_layernorm,187,41.889
final_layernorm,188,42.095
final_layernorm,189,42.137
final_layernorm,190,42.236
final_layernorm,191,42.48
final_layernorm,192,41.993
final_layernorm,193,42.755
final_layernorm,194,42.575
final_layernorm,195,42.66
final_layernorm,196,42.678
final_layernorm,197,42.947
final_layernorm,198,43.006
final_layernorm,199,46.763
final_layernorm,200,47.152
final_layernorm,201,47.631
final_layernorm,202,47.696
final_layernorm,203,47.682
final_layernorm,204,47.791
final_layernorm,205,47.992
final_layernorm,206,48.112
final_layernorm,207,48.102
final_layernorm,208,47.746
final_layernorm,209,48.549
final_layernorm,210,48.718
final_layernorm,211,48.537
final_layernorm,212,48.431
final_layernorm,213,48.73
final_layernorm,214,48.926
final_layernorm,215,48.811
final_layernorm,216,48.807
final_layernorm,217,48.765
final_layernorm,218,49.194
final_layernorm,219,49.471
final_layernorm,220,49.557
final_layernorm,221,49.776
final_layernorm,222,49.706
final_layernorm,223,49.495
final_layernorm,224,49.231
final_layernorm,225,49.799
final_layernorm,226,50.034
final_layernorm,227,50.033
final_layernorm,228,49.898
final_layernorm,229,50.029
final_layernorm,230,49.87
final_layernorm,231,50.198
final_layernorm,232,50.011
final_layernorm,233,50.306
final_layernorm,234,50.302
final_layernorm,235,50.465
final_layernorm,236,50.713
final_layernorm,237,50.852
final_layernorm,238,50.895
final_layernorm,239,50.953
final_layernorm,240,50.588
final_layernorm,241,51.167
final_layernorm,242,51.09
final_layernorm,243,51.263
final_layernorm,244,51.592
final_layernorm,245,51.39
final_layernorm,246,51.523
final_layernorm,247,51.922
final_layernorm,248,51.429
final_layernorm,249,52.131
final_layernorm,250,51.923
final_layernorm,251,52.051
final_layernorm,252,52.377
final_layernorm,253,52.34
final_layernorm,254,52.37
final_layernorm,255,52.477
final_layernorm,256,52.361
final_layernorm,257,52.436
final_layernorm,258,52.19
final_layernorm,259,52.667
final_layernorm,260,52.432
final_layernorm,261,52.456
final_layernorm,262,52.631
final_layernorm,263,53.359
final_layernorm,264,52.765
final_layernorm,265,53.165
final_layernorm,266,53.923
final_layernorm,267,54.117
final_layernorm,268,54.21
final_layernorm,269,53.881
final_layernorm,270,54.251
final_layernorm,271,54.679
final_layernorm,272,53.756
final_layernorm,273,54.55
final_layernorm,274,55.001
final_layernorm,275,54.778
final_layernorm,276,55.287
final_layernorm,277,55.473
final_layernorm,278,55.743
final_layernorm,279,54.986
final_layernorm,280,54.984
final_layernorm,281,55.206
final_layernorm,282,55.479
final_layernorm,283,55.612
final_layernorm,284,55.606
final_layernorm,285,55.733
final_layernorm,286,56.083
final_layernorm,287,56.218
final_layernorm,288,55.769
final_layernorm,289,55.698
final_layernorm,290,56.442
final_layernorm,291,56.637
final_layernorm,292,56.4
final_layernorm,293,55.799
final_layernorm,294,56.319
final_layernorm,295,56.914
final_layernorm,296,56.292
final_layernorm,297,57.063
final_layernorm,298,56.816
final_layernorm,299,57.634
final_layernorm,300,57.276
final_layernorm,301,57.454
final_layernorm,302,57.423
final_layernorm,303,57.615
final_layernorm,304,57.018
final_layernorm,305,57.56
final_layernorm,306,57.485
final_layernorm,307,57.061
final_layernorm,308,57.298
final_layernorm,309,57.509
final_layernorm,310,57.708
final_layernorm,311,58.094
final_layernorm,312,57.931
final_layernorm,313,57.979
final_layernorm,314,57.882
final_layernorm,315,58.194
final_layernorm,316,58.593
final_layernorm,317,58.67
final_layernorm,318,58.799
final_layernorm,319,58.827
final_layernorm,320,58.24
final_layernorm,321,58.4
final_layernorm,322,58.852
final_layernorm,323,58.536
final_layernorm,324,58.755
final_layernorm,325,59.328
final_layernorm,326,59.246
final_layernorm,327,59.955
final_layernorm,328,59.095
final_layernorm,329,59.492
final_layernorm,330,59.93
final_layernorm,331,59.182
final_layernorm,332,59.7
final_layernorm,333,60.096
final_layernorm,334,60.203
final_layernorm,335,59.83
final_layernorm,336,59.469
final_layernorm,337,60.296
final_layernorm,338,60.207
final_layernorm,339,60.235
final_layernorm,340,60.569
final_layernorm,341,60.465
final_layernorm,342,61.176
final_layernorm,343,61.14
final_layernorm,344,60.68
final_layernorm,345,61.113
final_layernorm,346,61.233
final_layernorm,347,61.236
final_layernorm,348,61.49
final_layernorm,349,61.576
final_layernorm,350,61.524
final_layernorm,351,61.83
final_layernorm,352,61.328
final_layernorm,353,61.925
final_layernorm,354,61.95
final_layernorm,355,61.604
final_layernorm,356,61.735
final_layernorm,357,62.584
final_layernorm,358,62.349
final_layernorm,359,62.578
final_layernorm,360,62.366
final_layernorm,361,62.807
final_layernorm,362,62.586
final_layernorm,363,62.681
final_layernorm,364,62.937
final_layernorm,365,63.323
final_layernorm,366,63.0
final_layernorm,367,63.327
final_layernorm,368,63.092
final_layernorm,369,63.223
final_layernorm,370,63.842
final_layernorm,371,63.344
final_layernorm,372,63.787
final_layernorm,373,63.986
final_layernorm,374,64.06
final_layernorm,375,63.992
final_layernorm,376,63.818
final_layernorm,377,63.993
final_layernorm,378,64.722
final_layernorm,379,64.084
final_layernorm,380,64.048
final_layernorm,381,64.594
final_layernorm,382,64.704
final_layernorm,383,64.983
final_layernorm,384,64.388
final_layernorm,385,65.1
final_layernorm,386,65.19
final_layernorm,387,65.619
final_layernorm,388,65.39
final_layernorm,389,65.478
final_layernorm,390,65.71
final_layernorm,391,65.887
final_layernorm,392,65.414
final_layernorm,393,65.949
final_layernorm,394,66.624
final_layernorm,395,66.147
final_layernorm,396,66.903
final_layernorm,397,67.964
final_layernorm,398,68.2
final_layernorm,399,68.627
final_layernorm,400,68.03
final_layernorm,401,68.656
final_layernorm,402,68.757
final_layernorm,403,68.728
final_layernorm,404,68.808
final_layernorm,405,68.814
final_layernorm,406,69.047
final_layernorm,407,69.307
final_layernorm,408,69.088
final_layernorm,409,69.32
final_layernorm,410,69.16
final_layernorm,411,69.403
final_layernorm,412,69.421
final_layernorm,413,70.076
final_layernorm,414,70.021
final_layernorm,415,70.107
final_layernorm,416,69.501
final_layernorm,417,70.144
final_layernorm,418,69.847
final_layernorm,419,70.293
final_layernorm,420,70.619
final_layernorm,421,70.43
final_layernorm,422,70.236
final_layernorm,423,70.545
final_layernorm,424,70.131
final_layernorm,425,70.979
final_layernorm,426,70.553
final_layernorm,427,70.891
final_layernorm,428,71.079
final_layernorm,429,70.827
final_layernorm,430,70.985
final_layernorm,431,70.793
final_layernorm,432,70.753
final_layernorm,433,71.698
final_layernorm,434,71.603
final_layernorm,435,71.605
final_layernorm,436,71.971
final_layernorm,437,71.964
final_layernorm,438,72.316
final_layernorm,439,72.176
final_layernorm,440,71.835
final_layernorm,441,72.565
final_layernorm,442,72.87
final_layernorm,443,72.569
final_layernorm,444,72.633
final_layernorm,445,72.532
final_layernorm,446,73.142
final_layernorm,447,72.874
final_layernorm,448,72.133
final_layernorm,449,72.62
final_layernorm,450,73.105
final_layernorm,451,73.158
final_layernorm,452,73.404
final_layernorm,453,73.324
final_layernorm,454,73.921
final_layernorm,455,73.527
final_layernorm,456,73.451
final_layernorm,457,74.272
final_layernorm,458,74.204
final_layernorm,459,74.138
final_layernorm,460,74.067
final_layernorm,461,74.299
final_layernorm,462,74.683
final_layernorm,463,74.595
final_layernorm,464,73.904
final_layernorm,465,74.389
final_layernorm,466,74.637
final_layernorm,467,74.691
final_layernorm,468,74.576
final_layernorm,469,75.195
final_layernorm,470,74.813
final_layernorm,471,74.935
final_layernorm,472,74.585
final_layernorm,473,75.014
final_layernorm,474,75.295
final_layernorm,475,75.575
final_layernorm,476,75.864
final_layernorm,477,76.062
final_layernorm,478,75.54
final_layernorm,479,76.633
final_layernorm,480,75.664
final_layernorm,481,76.257
final_layernorm,482,76.267
final_layernorm,483,76.25
final_layernorm,484,76.631
final_layernorm,485,76.58
final_layernorm,486,76.437
final_layernorm,487,76.574
final_layernorm,488,76.518
final_layernorm,489,76.986
final_layernorm,490,77.179
final_layernorm,491,77.016
final_layernorm,492,77.331
final_layernorm,493,77.233
final_layernorm,494,77.174
final_layernorm,495,77.381
final_layernorm,496,76.928
final_layernorm,497,77.917
final_layernorm,498,77.722
final_layernorm,499,77.695
final_layernorm,500,77.582
final_layernorm,501,77.36
final_layernorm,502,77.755
final_layernorm,503,77.861
final_layernorm,504,77.507
final_layernorm,505,78.311
final_layernorm,506,78.231
final_layernorm,507,78.649
final_layernorm,508,78.583
final_layernorm,509,78.635
final_layernorm,510,78.379
final_layernorm,511,79.213
final_layernorm,512,78.211
final_layernorm,513,80.069
final_layernorm,514,80.061
final_layernorm,515,80.339
final_layernorm,516,80.243
final_layernorm,517,80.711
final_layernorm,518,80.802
final_layernorm,519,80.744
final_layernorm,520,80.859
final_layernorm,521,80.801
final_layernorm,522,80.875
final_layernorm,523,81.484
final_layernorm,524,81.966
final_layernorm,525,82.115
final_layernorm,526,81.813
final_layernorm,527,81.84
final_layernorm,528,81.674
final_layernorm,529,83.255
final_layernorm,530,83.994
final_layernorm,531,84.059
final_layernorm,532,84.526
final_layernorm,533,84.44
final_layernorm,534,84.602
final_layernorm,535,85.137
final_layernorm,536,84.891
final_layernorm,537,85.033
final_layernorm,538,85.376
final_layernorm,539,85.554
final_layernorm,540,85.885
final_layernorm,541,86.326
final_layernorm,542,86.182
final_layernorm,543,85.763
final_layernorm,544,85.596
final_layernorm,545,86.33
final_layernorm,546,87.145
final_layernorm,547,86.395
final_layernorm,548,87.093
final_layernorm,549,86.505
final_layernorm,550,86.88
final_layernorm,551,87.735
final_layernorm,552,86.93
final_layernorm,553,87.242
final_layernorm,554,87.16
final_layernorm,555,88.38
final_layernorm,556,88.467
final_layernorm,557,87.706
final_layernorm,558,88.216
final_layernorm,559,88.356
final_layernorm,560,87.833
final_layernorm,561,88.197
final_layernorm,562,88.751
final_layernorm,563,89.432
final_layernorm,564,88.952
final_layernorm,565,89.043
final_layernorm,566,89.931
final_layernorm,567,89.604
final_layernorm,568,88.643
final_layernorm,569,89.433
final_layernorm,570,89.614
final_layernorm,571,89.642
final_layernorm,572,90.027
final_layernorm,573,89.819
final_layernorm,574,89.97
final_layernorm,575,90.414
final_layernorm,576,90.019
final_layernorm,577,90.508
final_layernorm,578,90.547
final_layernorm,579,91.57
final_layernorm,580,90.979
final_layernorm,581,91.435
final_layernorm,582,91.396
final_layernorm,583,91.725
final_layernorm,584,91.768
final_layernorm,585,92.002
final_layernorm,586,92.362
final_layernorm,587,92.757
final_layernorm,588,92.391
final_layernorm,589,92.577
final_layernorm,590,93.317
final_layernorm,591,93.193
final_layernorm,592,92.772
final_layernorm,593,93.901
final_layernorm,594,94.093
final_layernorm,595,95.167
final_layernorm,596,94.99
final_layernorm,597,94.402
final_layernorm,598,95.99
final_layernorm,599,95.965
final_layernorm,600,94.922
final_layernorm,601,95.882
final_layernorm,602,96.522
final_layernorm,603,96.721
final_layernorm,604,96.829
final_layernorm,605,97.437
final_layernorm,606,97.142
final_layernorm,607,97.624
final_layernorm,608,97.894
final_layernorm,609,97.695
final_layernorm,610,97.615
final_layernorm,611,98.497
final_layernorm,612,97.736
final_layernorm,613,98.098
final_layernorm,614,98.326
final_layernorm,615,98.666
final_layernorm,616,98.833
final_layernorm,617,99.844
final_layernorm,618,99.392
final_layernorm,619,99.388
final_layernorm,620,99.889
final_layernorm,621,99.871
final_layernorm,622,99.791
final_layernorm,623,100.165
final_layernorm,624,100.466
final_layernorm,625,101.678
final_layernorm,626,101.023
final_layernorm,627,101.812
final_layernorm,628,101.702
final_layernorm,629,102.723
final_layernorm,630,102.451
final_layernorm,631,101.784
final_layernorm,632,102.872
final_layernorm,633,103.466
final_layernorm,634,102.511
final_layernorm,635,103.245
final_layernorm,636,102.787
final_layernorm,637,102.991
final_layernorm,638,103.953
final_layernorm,639,103.538
final_layernorm,640,102.782
final_layernorm,641,103.055
final_layernorm,642,103.605
final_layernorm,643,104.163
final_layernorm,644,104.137
final_layernorm,645,103.947
final_layernorm,646,104.31
final_layernorm,647,105.0
final_layernorm,648,104.745
final_layernorm,649,104.976
final_layernorm,650,105.204
final_layernorm,651,105.511
final_layernorm,652,106.165
final_layernorm,653,106.499
final_layernorm,654,106.181
final_layernorm,655,106.087
final_layernorm,656,106.541
final_layernorm,657,106.423
final_layernorm,658,106.619
final_layernorm,659,107.287
final_layernorm,660,107.526
final_layernorm,661,107.471
final_layernorm,662,107.626
final_layernorm,663,107.541
final_layernorm,664,107.843
final_layernorm,665,109.066
final_layernorm,666,108.161
final_layernorm,667,108.789
final_layernorm,668,108.304
final_layernorm,669,108.466
final_layernorm,670,108.679
final_layernorm,671,108.633
final_layernorm,672,108.904
final_layernorm,673,109.486
final_layernorm,674,109.297
final_layernorm,675,109.659
final_layernorm,676,110.405
final_layernorm,677,110.221
final_layernorm,678,110.478
final_layernorm,679,110.616
final_layernorm,680,109.792
final_layernorm,681,110.686
final_layernorm,682,111.116
final_layernorm,683,111.155
final_layernorm,684,111.387
final_layernorm,685,111.316
final_layernorm,686,111.98
final_layernorm,687,111.756
final_layernorm,688,112.186
final_layernorm,689,113.334
final_layernorm,690,112.867
final_layernorm,691,112.716
final_layernorm,692,112.888
final_layernorm,693,112.665
final_layernorm,694,113.101
final_layernorm,695,113.299
final_layernorm,696,113.311
final_layernorm,697,113.628
final_layernorm,698,114.14
final_layernorm,699,114.224
final_layernorm,700,113.991
final_layernorm,701,114.47
final_layernorm,702,114.402
final_layernorm,703,115.367
final_layernorm,704,114.097
final_layernorm,705,114.39
final_layernorm,706,114.66
final_layernorm,707,115.385
final_layernorm,708,115.036
final_layernorm,709,115.448
final_layernorm,710,115.556
final_layernorm,711,115.655
final_layernorm,712,115.978
final_layernorm,713,116.164
final_layernorm,714,116.177
final_layernorm,715,116.456
final_layernorm,716,116.903
final_layernorm,717,117.419
final_layernorm,718,117.2
final_layernorm,719,117.347
final_layernorm,720,116.678
final_layernorm,721,117.328
final_layernorm,722,118.053
final_layernorm,723,118.747
final_layernorm,724,118.937
final_layernorm,725,118.024
final_layernorm,726,119.445
final_layernorm,727,118.912
final_layernorm,728,118.769
final_layernorm,729,118.939
final_layernorm,730,120.097
final_layernorm,731,119.743
final_layernorm,732,119.24
final_layernorm,733,119.48
final_layernorm,734,119.758
final_layernorm,735,119.946
final_layernorm,736,119.678
final_layernorm,737,119.795
final_layernorm,738,120.965
final_layernorm,739,120.378
final_layernorm,740,120.903
final_layernorm,741,120.792
final_layernorm,742,120.982
final_layernorm,743,121.614
final_layernorm,744,121.157
final_layernorm,745,121.698
final_layernorm,746,121.489
final_layernorm,747,121.935
final_layernorm,748,122.758
final_layernorm,749,122.092
final_layernorm,750,121.909
final_layernorm,751,123.431
final_layernorm,752,122.563
final_layernorm,753,124.119
final_layernorm,754,123.453
final_layernorm,755,123.421
final_layernorm,756,123.698
final_layernorm,757,123.443
final_layernorm,758,123.92
final_layernorm,759,124.493
final_layernorm,760,123.671
final_layernorm,761,124.966
final_layernorm,762,124.635
final_layernorm,763,124.462
final_layernorm,764,124.901
final_layernorm,765,125.232
final_layernorm,766,125.803
final_layernorm,767,125.296
final_layernorm,768,125.517
final_layernorm,769,125.358
final_layernorm,770,125.715
final_layernorm,771,125.873
final_layernorm,772,126.386
final_layernorm,773,126.402
final_layernorm,774,126.423
final_layernorm,775,126.535
final_layernorm,776,125.817
final_layernorm,777,127.277
final_layernorm,778,127.38
final_layernorm,779,128.045
final_layernorm,780,127.606
final_layernorm,781,127.947
final_layernorm,782,127.852
final_layernorm,783,128.552
final_layernorm,784,127.424
final_layernorm,785,128.529
final_layernorm,786,128.6
final_layernorm,787,128.995
final_layernorm,788,129.553
final_layernorm,789,130.135
final_layernorm,790,129.793
final_layernorm,791,130.283
final_layernorm,792,130.254
final_layernorm,793,130.352
final_layernorm,794,131.127
final_layernorm,795,130.355
final_layernorm,796,130.968
final_layernorm,797,130.905
final_layernorm,798,131.328
final_layernorm,799,132.761
final_layernorm,800,131.15
final_layernorm,801,133.289
final_layernorm,802,131.752
final_layernorm,803,132.296
final_layernorm,804,133.489
final_layernorm,805,132.905
final_layernorm,806,132.945
final_layernorm,807,133.34
final_layernorm,808,133.226
final_layernorm,809,133.637
final_layernorm,810,133.58
final_layernorm,811,134.425
final_layernorm,812,134.334
final_layernorm,813,133.901
final_layernorm,814,135.247
final_layernorm,815,135.12
final_layernorm,816,134.793
final_layernorm,817,135.243
final_layernorm,818,135.957
final_layernorm,819,136.325
final_layernorm,820,135.14
final_layernorm,821,135.452
final_layernorm,822,136.803
final_layernorm,823,136.029
final_layernorm,824,136.574
final_layernorm,825,136.329
final_layernorm,826,136.109
final_layernorm,827,137.482
final_layernorm,828,136.733
final_layernorm,829,137.772
final_layernorm,830,138.189
final_layernorm,831,137.248
final_layernorm,832,136.054
final_layernorm,833,137.691
final_layernorm,834,138.024
final_layernorm,835,138.52
final_layernorm,836,138.898
final_layernorm,837,138.757
final_layernorm,838,140.04
final_layernorm,839,140.38
final_layernorm,840,139.113
final_layernorm,841,139.936
final_layernorm,842,140.549
final_layernorm,843,140.047
final_layernorm,844,140.693
final_layernorm,845,140.664
final_layernorm,846,141.584
final_layernorm,847,140.939
final_layernorm,848,140.451
final_layernorm,849,141.487
final_layernorm,850,142.482
final_layernorm,851,141.8
final_layernorm,852,142.033
final_layernorm,853,142.306
final_layernorm,854,142.766
final_layernorm,855,142.322
final_layernorm,856,142.58
final_layernorm,857,142.61
final_layernorm,858,143.47
final_layernorm,859,143.614
final_layernorm,860,143.374
final_layernorm,861,143.31
final_layernorm,862,143.386
final_layernorm,863,143.511
final_layernorm,864,143.345
final_layernorm,865,144.696
final_layernorm,866,143.424
final_layernorm,867,144.227
final_layernorm,868,144.827
final_layernorm,869,144.137
final_layernorm,870,144.416
final_layernorm,871,144.671
final_layernorm,872,145.179
final_layernorm,873,146.096
final_layernorm,874,144.923
final_layernorm,875,146.2
final_layernorm,876,145.568
final_layernorm,877,145.92
final_layernorm,878,147.401
final_layernorm,879,147.098
final_layernorm,880,146.466
final_layernorm,881,148.035
final_layernorm,882,148.679
final_layernorm,883,147.777
final_layernorm,884,148.206
final_layernorm,885,149.352
final_layernorm,886,148.249
final_layernorm,887,148.962
final_layernorm,888,148.33
final_layernorm,889,149.356
final_layernorm,890,149.218
final_layernorm,891,149.644
final_layernorm,892,149.75
final_layernorm,893,150.741
final_layernorm,894,150.159
final_layernorm,895,150.434
final_layernorm,896,149.669
final_layernorm,897,151.214
final_layernorm,898,151.336
final_layernorm,899,150.798
final_layernorm,900,151.15
final_layernorm,901,151.005
final_layernorm,902,152.235
final_layernorm,903,151.402
final_layernorm,904,151.287
final_layernorm,905,151.76
final_layernorm,906,151.93
final_layernorm,907,151.905
final_layernorm,908,152.532
final_layernorm,909,152.736
final_layernorm,910,153.379
final_layernorm,911,154.116
final_layernorm,912,152.638
final_layernorm,913,153.676
final_layernorm,914,153.892
final_layernorm,915,154.65
final_layernorm,916,154.344
final_layernorm,917,155.508
final_layernorm,918,155.149
final_layernorm,919,155.242
final_layernorm,920,154.877
final_layernorm,921,156.223
final_layernorm,922,155.884
final_layernorm,923,156.633
final_layernorm,924,156.792
final_layernorm,925,157.148
final_layernorm,926,156.191
final_layernorm,927,157.507
final_layernorm,928,156.913
final_layernorm,929,157.95
final_layernorm,930,157.376
final_layernorm,931,157.725
final_layernorm,932,157.8
final_layernorm,933,159.424
final_layernorm,934,158.681
final_layernorm,935,159.262
final_layernorm,936,158.202
final_layernorm,937,159.58
final_layernorm,938,159.029
final_layernorm,939,158.957
final_layernorm,940,160.225
final_layernorm,941,160.548
final_layernorm,942,161.204
final_layernorm,943,159.872
final_layernorm,944,160.856
final_layernorm,945,160.761
final_layernorm,946,161.076
final_layernorm,947,162.189
final_layernorm,948,161.457
final_layernorm,949,162.035
final_layernorm,950,163.426
final_layernorm,951,161.276
final_layernorm,952,162.827
final_layernorm,953,162.808
final_layernorm,954,162.431
final_layernorm,955,163.421
final_layernorm,956,163.911
final_layernorm,957,162.709
final_layernorm,958,163.746
final_layernorm,959,164.27
final_layernorm,960,162.955
final_layernorm,961,165.221
final_layernorm,962,164.958
final_layernorm,963,165.851
final_layernorm,964,166.437
final_layernorm,965,166.016
final_layernorm,966,167.25
final_layernorm,967,166.425
final_layernorm,968,166.875
final_layernorm,969,166.46
final_layernorm,970,167.152
final_layernorm,971,167.97
final_layernorm,972,167.344
final_layernorm,973,167.594
final_layernorm,974,168.814
final_layernorm,975,168.185
final_layernorm,976,168.621
final_layernorm,977,168.315
final_layernorm,978,168.95
final_layernorm,979,168.864
final_layernorm,980,169.051
final_layernorm,981,170.413
final_layernorm,982,169.105
final_layernorm,983,170.602
final_layernorm,984,169.595
final_layernorm,985,170.255
final_layernorm,986,171.042
final_layernorm,987,170.312
final_layernorm,988,171.545
final_layernorm,989,171.032
final_layernorm,990,172.137
final_layernorm,991,171.081
final_layernorm,992,171.685
final_layernorm,993,172.581
final_layernorm,994,171.864
final_layernorm,995,172.509
final_layernorm,996,172.024
final_layernorm,997,172.558
final_layernorm,998,173.402
final_layernorm,999,174.102
final_layernorm,1000,172.843
final_layernorm,1001,174.376
final_layernorm,1002,174.617
final_layernorm,1003,173.6
final_layernorm,1004,175.053
final_layernorm,1005,174.197
final_layernorm,1006,174.559
final_layernorm,1007,175.698
final_layernorm,1008,175.475
final_layernorm,1009,174.889
final_layernorm,1010,175.214
final_layernorm,1011,175.779
final_layernorm,1012,176.25
final_layernorm,1013,176.86
final_layernorm,1014,176.145
final_layernorm,1015,177.77
final_layernorm,1016,176.544
final_layernorm,1017,177.105
final_layernorm,1018,178.089
final_layernorm,1019,177.325
final_layernorm,1020,178.711
final_layernorm,1021,179.277
final_layernorm,1022,178.552
final_layernorm,1023,179.602
final_layernorm,1024,178.771
final_layernorm,1025,180.253
final_layernorm,1026,179.354
final_layernorm,1027,179.792
final_layernorm,1028,180.06
final_layernorm,1029,180.359
final_layernorm,1030,181.261
final_layernorm,1031,180.987
final_layernorm,1032,180.635
final_layernorm,1033,181.966
final_layernorm,1034,181.202
final_layernorm,1035,182.097
final_layernorm,1036,182.064
final_layernorm,1037,183.603
final_layernorm,1038,183.06
final_layernorm,1039,182.717
final_layernorm,1040,182.627
final_layernorm,1041,184.366
final_layernorm,1042,183.32
final_layernorm,1043,183.773
final_layernorm,1044,184.922
final_layernorm,1045,185.339
final_layernorm,1046,184.354
final_layernorm,1047,186.097
final_layernorm,1048,185.09
final_layernorm,1049,185.203
final_layernorm,1050,186.679
final_layernorm,1051,185.792
final_layernorm,1052,186.501
final_layernorm,1053,187.311
final_layernorm,1054,186.494
final_layernorm,1055,187.1
final_layernorm,1056,186.104
final_layernorm,1057,187.249
final_layernorm,1058,188.76
final_layernorm,1059,187.682
final_layernorm,1060,188.707
final_layernorm,1061,188.531
final_layernorm,1062,188.502
final_layernorm,1063,188.644
final_layernorm,1064,188.989
final_layernorm,1065,190.473
final_layernorm,1066,189.057
final_layernorm,1067,189.865
final_layernorm,1068,190.063
final_layernorm,1069,191.486
final_layernorm,1070,190.175
final_layernorm,1071,191.296
final_layernorm,1072,191.242
final_layernorm,1073,191.469
final_layernorm,1074,192.219
final_layernorm,1075,191.747
final_layernorm,1076,191.996
final_layernorm,1077,192.695
final_layernorm,1078,192.125
final_layernorm,1079,193.322
final_layernorm,1080,193.464
final_layernorm,1081,194.385
final_layernorm,1082,193.573
final_layernorm,1083,194.633
final_layernorm,1084,194.136
final_layernorm,1085,193.882
final_layernorm,1086,195.073
final_layernorm,1087,196.086
final_layernorm,1088,195.004
final_layernorm,1089,195.46
final_layernorm,1090,196.061
final_layernorm,1091,196.009
final_layernorm,1092,197.065
final_layernorm,1093,196.477
final_layernorm,1094,197.957
final_layernorm,1095,197.696
final_layernorm,1096,197.283
final_layernorm,1097,198.79
final_layernorm,1098,197.678
final_layernorm,1099,199.6
final_layernorm,1100,198.476
final_layernorm,1101,198.275
final_layernorm,1102,199.43
final_layernorm,1103,200.374
final_layernorm,1104,199.691
final_layernorm,1105,199.886
final_layernorm,1106,199.639
final_layernorm,1107,200.0
final_layernorm,1108,200.942
final_layernorm,1109,200.84
final_layernorm,1110,201.607
final_layernorm,1111,201.348
final_layernorm,1112,200.988
final_layernorm,1113,202.561
final_layernorm,1114,203.023
final_layernorm,1115,201.902
final_layernorm,1116,202.567
final_layernorm,1117,202.518
final_layernorm,1118,203.071
final_layernorm,1119,202.551
final_layernorm,1120,202.073
final_layernorm,1121,203.154
final_layernorm,1122,204.478
final_layernorm,1123,203.83
final_layernorm,1124,204.97
final_layernorm,1125,204.186
final_layernorm,1126,204.763
final_layernorm,1127,204.129
final_layernorm,1128,205.199
final_layernorm,1129,204.203
final_layernorm,1130,205.047
final_layernorm,1131,204.935
final_layernorm,1132,205.808
final_layernorm,1133,205.241
final_layernorm,1134,206.225
final_layernorm,1135,205.565
final_layernorm,1136,205.508
final_layernorm,1137,207.636
final_layernorm,1138,207.134
final_layernorm,1139,206.632
final_layernorm,1140,207.812
final_layernorm,1141,208.627
final_layernorm,1142,208.356
final_layernorm,1143,208.269
final_layernorm,1144,208.826
final_layernorm,1145,209.972
final_layernorm,1146,208.627
final_layernorm,1147,210.094
final_layernorm,1148,210.119
final_layernorm,1149,209.572
final_layernorm,1150,209.817
final_layernorm,1151,211.444
final_layernorm,1152,209.867
final_layernorm,1153,209.825
final_layernorm,1154,210.36
final_layernorm,1155,210.116
final_layernorm,1156,210.852
final_layernorm,1157,210.884
final_layernorm,1158,211.877
final_layernorm,1159,211.513
final_layernorm,1160,211.35
final_layernorm,1161,212.099
final_layernorm,1162,211.968
final_layernorm,1163,212.417
final_layernorm,1164,212.582
final_layernorm,1165,213.816
final_layernorm,1166,213.161
final_layernorm,1167,212.996
final_layernorm,1168,214.207
final_layernorm,1169,214.06
final_layernorm,1170,215.02
final_layernorm,1171,214.101
final_layernorm,1172,214.409
final_layernorm,1173,215.582
final_layernorm,1174,214.784
final_layernorm,1175,216.598
final_layernorm,1176,215.422
final_layernorm,1177,216.728
final_layernorm,1178,215.805
final_layernorm,1179,217.132
final_layernorm,1180,217.688
final_layernorm,1181,217.178
final_layernorm,1182,217.642
final_layernorm,1183,216.446
final_layernorm,1184,217.41
final_layernorm,1185,216.646
final_layernorm,1186,218.098
final_layernorm,1187,217.68
final_layernorm,1188,218.547
final_layernorm,1189,218.229
final_layernorm,1190,217.929
final_layernorm,1191,218.566
final_layernorm,1192,218.222
final_layernorm,1193,218.887
final_layernorm,1194,220.631
final_layernorm,1195,219.925
final_layernorm,1196,219.415
final_layernorm,1197,220.002
final_layernorm,1198,220.044
final_layernorm,1199,221.312
final_layernorm,1200,221.615
final_layernorm,1201,221.973
final_layernorm,1202,221.278
final_layernorm,1203,221.982
final_layernorm,1204,221.599
final_layernorm,1205,222.696
final_layernorm,1206,222.088
final_layernorm,1207,223.458
final_layernorm,1208,223.365
final_layernorm,1209,223.67
final_layernorm,1210,222.796
final_layernorm,1211,224.718
final_layernorm,1212,224.78
final_layernorm,1213,223.789
final_layernorm,1214,224.205
final_layernorm,1215,224.299
final_layernorm,1216,224.565
final_layernorm,1217,225.763
final_layernorm,1218,225.496
final_layernorm,1219,226.116
final_layernorm,1220,224.554
final_layernorm,1221,225.225
final_layernorm,1222,226.02
final_layernorm,1223,225.26
final_layernorm,1224,225.325
final_layernorm,1225,227.553
final_layernorm,1226,227.323
final_layernorm,1227,227.622
final_layernorm,1228,226.474
final_layernorm,1229,228.295
final_layernorm,1230,227.101
final_layernorm,1231,228.311
final_layernorm,1232,228.003
final_layernorm,1233,229.037
final_layernorm,1234,228.534
final_layernorm,1235,229.249
final_layernorm,1236,228.279
final_layernorm,1237,229.977
final_layernorm,1238,229.003
final_layernorm,1239,228.882
final_layernorm,1240,229.364
final_layernorm,1241,229.23
final_layernorm,1242,230.162
final_layernorm,1243,230.82
final_layernorm,1244,230.229
final_layernorm,1245,231.268
final_layernorm,1246,230.068
final_layernorm,1247,230.158
final_layernorm,1248,229.816
final_layernorm,1249,231.81
final_layernorm,1250,231.101
final_layernorm,1251,232.195
final_layernorm,1252,231.36
final_layernorm,1253,231.348
final_layernorm,1254,232.345
final_layernorm,1255,231.837
final_layernorm,1256,232.367
final_layernorm,1257,232.334
final_layernorm,1258,233.374
final_layernorm,1259,233.344
final_layernorm,1260,232.701
final_layernorm,1261,232.924
final_layernorm,1262,234.45
final_layernorm,1263,233.628
final_layernorm,1264,234.305
final_layernorm,1265,234.848
final_layernorm,1266,233.974
final_layernorm,1267,234.412
final_layernorm,1268,234.563
final_layernorm,1269,235.618
final_layernorm,1270,235.323
final_layernorm,1271,236.196
final_layernorm,1272,235.728
final_layernorm,1273,235.446
final_layernorm,1274,236.935
final_layernorm,1275,235.636
final_layernorm,1276,236.98
final_layernorm,1277,236.178
final_layernorm,1278,237.528
final_layernorm,1279,237.084
final_layernorm,1280,237.373
final_layernorm,1281,237.73
final_layernorm,1282,237.682
final_layernorm,1283,238.936
final_layernorm,1284,239.483
final_layernorm,1285,237.473
final_layernorm,1286,237.917
final_layernorm,1287,238.255
final_layernorm,1288,237.639
final_layernorm,1289,239.291
final_layernorm,1290,240.095
final_layernorm,1291,240.594
final_layernorm,1292,238.743
final_layernorm,1293,240.322
final_layernorm,1294,239.43
final_layernorm,1295,239.229
final_layernorm,1296,239.618
final_layernorm,1297,239.622
final_layernorm,1298,240.973
final_layernorm,1299,240.648
final_layernorm,1300,240.168
final_layernorm,1301,240.938
final_layernorm,1302,241.675
final_layernorm,1303,241.693
final_layernorm,1304,241.344
final_layernorm,1305,242.606
final_layernorm,1306,242.215
final_layernorm,1307,242.756
final_layernorm,1308,242.475
final_layernorm,1309,242.143
final_layernorm,1310,242.867
final_layernorm,1311,242.609
final_layernorm,1312,242.09
final_layernorm,1313,244.035
final_layernorm,1314,242.733
final_layernorm,1315,244.407
final_layernorm,1316,243.554
final_layernorm,1317,244.785
final_layernorm,1318,244.29
final_layernorm,1319,244.321
final_layernorm,1320,245.094
final_layernorm,1321,245.764
final_layernorm,1322,244.591
final_layernorm,1323,245.119
final_layernorm,1324,245.51
final_layernorm,1325,244.83
final_layernorm,1326,244.971
final_layernorm,1327,246.14
final_layernorm,1328,244.654
final_layernorm,1329,246.477
final_layernorm,1330,245.964
final_layernorm,1331,247.665
final_layernorm,1332,247.043
final_layernorm,1333,247.599
final_layernorm,1334,246.987
final_layernorm,1335,247.321
final_layernorm,1336,247.735
final_layernorm,1337,247.589
final_layernorm,1338,248.029
final_layernorm,1339,248.967
final_layernorm,1340,249.371
final_layernorm,1341,248.086
final_layernorm,1342,249.51
final_layernorm,1343,249.066
final_layernorm,1344,249.07
final_layernorm,1345,250.239
final_layernorm,1346,249.437
final_layernorm,1347,250.279
final_layernorm,1348,250.098
final_layernorm,1349,250.106
final_layernorm,1350,249.625
final_layernorm,1351,249.883
final_layernorm,1352,249.678
final_layernorm,1353,251.104
final_layernorm,1354,251.194
final_layernorm,1355,252.277
final_layernorm,1356,250.73
final_layernorm,1357,252.388
final_layernorm,1358,251.219
final_layernorm,1359,252.277
final_layernorm,1360,251.784
final_layernorm,1361,253.655
final_layernorm,1362,252.117
final_layernorm,1363,252.727
final_layernorm,1364,252.637
final_layernorm,1365,253.122
final_layernorm,1366,253.016
final_layernorm,1367,254.823
final_layernorm,1368,253.704
final_layernorm,1369,254.099
final_layernorm,1370,254.367
final_layernorm,1371,255.37
final_layernorm,1372,255.469
final_layernorm,1373,255.046
final_layernorm,1374,254.909
final_layernorm,1375,256.387
final_layernorm,1376,256.425
final_layernorm,1377,255.992
final_layernorm,1378,255.505
final_layernorm,1379,257.537
final_layernorm,1380,256.454
final_layernorm,1381,256.547
final_layernorm,1382,256.555
final_layernorm,1383,258.255
final_layernorm,1384,257.525
final_layernorm,1385,258.077
final_layernorm,1386,258.779
final_layernorm,1387,258.226
final_layernorm,1388,258.958
final_layernorm,1389,259.123
final_layernorm,1390,258.505
final_layernorm,1391,259.681
final_layernorm,1392,260.119
final_layernorm,1393,259.795
final_layernorm,1394,259.949
final_layernorm,1395,261.046
final_layernorm,1396,261.038
final_layernorm,1397,260.725
final_layernorm,1398,260.07
final_layernorm,1399,260.408
final_layernorm,1400,259.992
final_layernorm,1401,261.887
final_layernorm,1402,261.922
final_layernorm,1403,262.825
final_layernorm,1404,261.573
final_layernorm,1405,261.644
final_layernorm,1406,262.004
final_layernorm,1407,263.373
final_layernorm,1408,262.313
final_layernorm,1409,263.142
final_layernorm,1410,264.145
final_layernorm,1411,264.425
final_layernorm,1412,263.784
final_layernorm,1413,263.298
final_layernorm,1414,265.26
final_layernorm,1415,264.204
final_layernorm,1416,263.283
final_layernorm,1417,265.96
final_layernorm,1418,264.765
final_layernorm,1419,263.815
final_layernorm,1420,266.362
final_layernorm,1421,265.237
final_layernorm,1422,266.603
final_layernorm,1423,266.717
final_layernorm,1424,266.201
final_layernorm,1425,265.419
final_layernorm,1426,267.238
final_layernorm,1427,267.409
final_layernorm,1428,267.534
final_layernorm,1429,266.058
final_layernorm,1430,266.956
final_layernorm,1431,266.782
final_layernorm,1432,266.947
final_layernorm,1433,266.907
final_layernorm,1434,267.118
final_layernorm,1435,266.67
final_layernorm,1436,269.255
final_layernorm,1437,267.968
final_layernorm,1438,267.615
final_layernorm,1439,269.238
final_layernorm,1440,268.093
final_layernorm,1441,269.564
final_layernorm,1442,269.436
final_layernorm,1443,268.399
final_layernorm,1444,268.819
final_layernorm,1445,269.204
final_layernorm,1446,270.619
final_layernorm,1447,270.984
final_layernorm,1448,269.899
final_layernorm,1449,270.338
final_layernorm,1450,269.544
final_layernorm,1451,269.895
final_layernorm,1452,269.776
final_layernorm,1453,271.749
final_layernorm,1454,270.93
final_layernorm,1455,271.34
final_layernorm,1456,270.509
final_layernorm,1457,270.719
final_layernorm,1458,270.913
final_layernorm,1459,272.201
final_layernorm,1460,272.517
final_layernorm,1461,271.103
final_layernorm,1462,273.065
final_layernorm,1463,273.173
final_layernorm,1464,271.192
final_layernorm,1465,273.605
final_layernorm,1466,272.073
final_layernorm,1467,272.386
final_layernorm,1468,272.623
final_layernorm,1469,274.313
final_layernorm,1470,273.826
final_layernorm,1471,273.642
final_layernorm,1472,273.597
final_layernorm,1473,273.196
final_layernorm,1474,272.848
final_layernorm,1475,274.958
final_layernorm,1476,273.378
final_layernorm,1477,274.767
final_layernorm,1478,274.148
final_layernorm,1479,274.304
final_layernorm,1480,274.189
final_layernorm,1481,274.205
final_layernorm,1482,275.637
final_layernorm,1483,275.625
final_layernorm,1484,276.284
final_layernorm,1485,275.813
final_layernorm,1486,275.294
final_layernorm,1487,275.928
final_layernorm,1488,276.871
final_layernorm,1489,277.269
final_layernorm,1490,276.848
final_layernorm,1491,278.118
final_layernorm,1492,276.718
final_layernorm,1493,276.556
final_layernorm,1494,278.094
final_layernorm,1495,277.723
final_layernorm,1496,277.543
final_layernorm,1497,279.413
final_layernorm,1498,279.29
final_layernorm,1499,279.729
final_layernorm,1500,279.042
final_layernorm,1501,278.549
final_layernorm,1502,277.944
final_layernorm,1503,278.484
final_layernorm,1504,278.314
final_layernorm,1505,279.737
final_layernorm,1506,278.72
final_layernorm,1507,280.352
final_layernorm,1508,280.602
final_layernorm,1509,280.759
final_layernorm,1510,280.076
final_layernorm,1511,281.386
final_layernorm,1512,279.886
final_layernorm,1513,279.865
final_layernorm,1514,281.353
final_layernorm,1515,281.592
final_layernorm,1516,281.922
final_layernorm,1517,281.368
final_layernorm,1518,282.445
final_layernorm,1519,282.592
final_layernorm,1520,280.338
final_layernorm,1521,283.412
final_layernorm,1522,282.606
final_layernorm,1523,282.54
final_layernorm,1524,283.093
final_layernorm,1525,282.437
final_layernorm,1526,281.69
final_layernorm,1527,284.302
final_layernorm,1528,283.995
final_layernorm,1529,282.526
final_layernorm,1530,282.853
final_layernorm,1531,282.992
final_layernorm,1532,282.937
final_layernorm,1533,282.865
final_layernorm,1534,285.381
final_layernorm,1535,284.85
final_layernorm,1536,285.217
final_layernorm,1537,284.531
final_layernorm,1538,284.361
final_layernorm,1539,284.008
final_layernorm,1540,284.47
final_layernorm,1541,286.029
final_layernorm,1542,285.124
final_layernorm,1543,285.069
final_layernorm,1544,284.848
final_layernorm,1545,287.132
final_layernorm,1546,285.634
final_layernorm,1547,286.905
final_layernorm,1548,287.352
final_layernorm,1549,286.644
final_layernorm,1550,285.933
final_layernorm,1551,285.749
final_layernorm,1552,286.03
final_layernorm,1553,286.296
final_layernorm,1554,288.464
final_layernorm,1555,288.206
final_layernorm,1556,288.049
final_layernorm,1557,288.534
final_layernorm,1558,287.794
final_layernorm,1559,288.491
final_layernorm,1560,288.596
final_layernorm,1561,288.614
final_layernorm,1562,289.802
final_layernorm,1563,290.071
final_layernorm,1564,288.444
final_layernorm,1565,290.525
final_layernorm,1566,290.298
final_layernorm,1567,290.689
final_layernorm,1568,289.166
final_layernorm,1569,290.777
final_layernorm,1570,290.366
final_layernorm,1571,289.952
final_layernorm,1572,290.661
final_layernorm,1573,292.189
final_layernorm,1574,291.197
final_layernorm,1575,292.758
final_layernorm,1576,292.987
final_layernorm,1577,292.92
final_layernorm,1578,292.025
final_layernorm,1579,292.457
final_layernorm,1580,292.797
final_layernorm,1581,292.563
final_layernorm,1582,291.536
final_layernorm,1583,292.371
final_layernorm,1584,291.573
final_layernorm,1585,295.155
final_layernorm,1586,294.135
final_layernorm,1587,293.904
final_layernorm,1588,294.958
final_layernorm,1589,294.078
final_layernorm,1590,296.055
final_layernorm,1591,296.161
final_layernorm,1592,294.291
final_layernorm,1593,296.1
final_layernorm,1594,295.191
final_layernorm,1595,297.156
final_layernorm,1596,295.981
final_layernorm,1597,297.604
final_layernorm,1598,295.919
final_layernorm,1599,298.207
final_layernorm,1600,295.404
final_layernorm,1601,297.559
final_layernorm,1602,297.117
final_layernorm,1603,297.198
final_layernorm,1604,298.554
final_layernorm,1605,299.267
final_layernorm,1606,297.407
final_layernorm,1607,297.692
final_layernorm,1608,297.89
final_layernorm,1609,298.312
final_layernorm,1610,298.65
final_layernorm,1611,300.958
final_layernorm,1612,298.871
final_layernorm,1613,301.075
final_layernorm,1614,300.629
final_layernorm,1615,300.988
final_layernorm,1616,301.064
final_layernorm,1617,301.035
final_layernorm,1618,300.428
final_layernorm,1619,300.366
final_layernorm,1620,301.214
final_layernorm,1621,302.376
final_layernorm,1622,300.572
final_layernorm,1623,302.941
final_layernorm,1624,300.82
final_layernorm,1625,303.297
final_layernorm,1626,302.366
final_layernorm,1627,302.767
final_layernorm,1628,303.569
final_layernorm,1629,303.362
final_layernorm,1630,304.109
final_layernorm,1631,302.579
final_layernorm,1632,302.9
final_layernorm,1633,302.943
final_layernorm,1634,301.928
final_layernorm,1635,302.773
final_layernorm,1636,302.945
final_layernorm,1637,305.339
final_layernorm,1638,302.696
final_layernorm,1639,302.961
final_layernorm,1640,305.411
final_layernorm,1641,303.349
final_layernorm,1642,306.029
final_layernorm,1643,306.076
final_layernorm,1644,304.774
final_layernorm,1645,304.308
final_layernorm,1646,306.334
final_layernorm,1647,304.398
final_layernorm,1648,306.838
final_layernorm,1649,305.834
final_layernorm,1650,305.485
final_layernorm,1651,306.037
final_layernorm,1652,305.864
final_layernorm,1653,307.774
final_layernorm,1654,306.096
final_layernorm,1655,308.671
final_layernorm,1656,307.456
final_layernorm,1657,306.8
final_layernorm,1658,308.864
final_layernorm,1659,309.086
final_layernorm,1660,306.725
final_layernorm,1661,308.543
final_layernorm,1662,307.641
final_layernorm,1663,308.353
final_layernorm,1664,307.456
final_layernorm,1665,308.049
final_layernorm,1666,308.25
final_layernorm,1667,307.861
final_layernorm,1668,309.819
final_layernorm,1669,310.505
final_layernorm,1670,310.49
final_layernorm,1671,310.662
final_layernorm,1672,311.125
final_layernorm,1673,310.417
final_layernorm,1674,309.301
final_layernorm,1675,311.049
final_layernorm,1676,310.537
final_layernorm,1677,309.951
final_layernorm,1678,311.497
final_layernorm,1679,312.152
final_layernorm,1680,308.96
final_layernorm,1681,311.263
final_layernorm,1682,312.768
final_layernorm,1683,313.044
final_layernorm,1684,312.574
final_layernorm,1685,311.544
final_layernorm,1686,313.551
final_layernorm,1687,311.751
final_layernorm,1688,313.546
final_layernorm,1689,311.931
final_layernorm,1690,312.818
final_layernorm,1691,314.444
final_layernorm,1692,313.65
final_layernorm,1693,314.899
final_layernorm,1694,315.216
final_layernorm,1695,313.824
final_layernorm,1696,314.907
final_layernorm,1697,315.634
final_layernorm,1698,314.086
final_layernorm,1699,313.716
final_layernorm,1700,315.412
final_layernorm,1701,315.866
final_layernorm,1702,316.515
final_layernorm,1703,314.831
final_layernorm,1704,316.069
final_layernorm,1705,316.685
final_layernorm,1706,315.337
final_layernorm,1707,315.033
final_layernorm,1708,316.699
final_layernorm,1709,315.271
final_layernorm,1710,317.653
final_layernorm,1711,316.002
final_layernorm,1712,315.236
final_layernorm,1713,318.017
final_layernorm,1714,316.492
final_layernorm,1715,316.709
final_layernorm,1716,318.795
final_layernorm,1717,319.04
final_layernorm,1718,319.304
final_layernorm,1719,317.913
final_layernorm,1720,317.458
final_layernorm,1721,319.775
final_layernorm,1722,318.717
final_layernorm,1723,320.0
final_layernorm,1724,320.236
final_layernorm,1725,319.116
final_layernorm,1726,318.728
final_layernorm,1727,319.98
final_layernorm,1728,319.292
final_layernorm,1729,321.134
final_layernorm,1730,320.741
final_layernorm,1731,319.724
final_layernorm,1732,319.359
final_layernorm,1733,320.595
final_layernorm,1734,320.286
final_layernorm,1735,322.047
final_layernorm,1736,320.7
final_layernorm,1737,320.204
final_layernorm,1738,322.18
final_layernorm,1739,320.822
final_layernorm,1740,320.522
final_layernorm,1741,322.321
final_layernorm,1742,321.83
final_layernorm,1743,323.131
final_layernorm,1744,322.329
final_layernorm,1745,322.127
final_layernorm,1746,323.909
final_layernorm,1747,323.747
final_layernorm,1748,322.884
final_layernorm,1749,324.721
final_layernorm,1750,323.643
final_layernorm,1751,323.086
final_layernorm,1752,322.277
final_layernorm,1753,324.368
final_layernorm,1754,323.035
final_layernorm,1755,325.738
final_layernorm,1756,325.402
final_layernorm,1757,324.177
final_layernorm,1758,323.998
final_layernorm,1759,325.685
final_layernorm,1760,324.476
final_layernorm,1761,324.303
final_layernorm,1762,325.679
final_layernorm,1763,324.926
final_layernorm,1764,324.84
final_layernorm,1765,326.379
final_layernorm,1766,325.291
final_layernorm,1767,327.17
final_layernorm,1768,326.476
final_layernorm,1769,326.295
final_layernorm,1770,327.742
final_layernorm,1771,326.84
final_layernorm,1772,326.348
final_layernorm,1773,329.133
final_layernorm,1774,327.334
final_layernorm,1775,327.389
final_layernorm,1776,327.205
final_layernorm,1777,328.096
final_layernorm,1778,327.887
final_layernorm,1779,329.617
final_layernorm,1780,328.82
final_layernorm,1781,330.704
final_layernorm,1782,330.697
final_layernorm,1783,329.455
final_layernorm,1784,331.327
final_layernorm,1785,331.254
final_layernorm,1786,331.076
final_layernorm,1787,329.583
final_layernorm,1788,330.212
final_layernorm,1789,332.011
final_layernorm,1790,330.849
final_layernorm,1791,332.876
final_layernorm,1792,332.582
final_layernorm,1793,331.888
final_layernorm,1794,330.999
final_layernorm,1795,333.509
final_layernorm,1796,333.326
final_layernorm,1797,331.604
final_layernorm,1798,334.571
final_layernorm,1799,333.245
final_layernorm,1800,332.983
final_layernorm,1801,332.543
final_layernorm,1802,333.533
final_layernorm,1803,335.081
final_layernorm,1804,332.631
final_layernorm,1805,334.892
final_layernorm,1806,335.899
final_layernorm,1807,333.867
final_layernorm,1808,335.539
final_layernorm,1809,335.407
final_layernorm,1810,334.616
final_layernorm,1811,336.66
final_layernorm,1812,335.833
final_layernorm,1813,336.904
final_layernorm,1814,334.958
final_layernorm,1815,337.068
final_layernorm,1816,336.227
final_layernorm,1817,336.474
final_layernorm,1818,337.28
final_layernorm,1819,336.122
final_layernorm,1820,338.281
final_layernorm,1821,338.214
final_layernorm,1822,337.081
final_layernorm,1823,335.906
final_layernorm,1824,335.895
final_layernorm,1825,338.142
final_layernorm,1826,339.581
final_layernorm,1827,339.378
final_layernorm,1828,339.707
final_layernorm,1829,338.641
final_layernorm,1830,339.685
final_layernorm,1831,337.391
final_layernorm,1832,339.975
final_layernorm,1833,340.303
final_layernorm,1834,341.604
final_layernorm,1835,340.343
final_layernorm,1836,340.854
final_layernorm,1837,340.219
final_layernorm,1838,341.597
final_layernorm,1839,341.575
final_layernorm,1840,338.541
final_layernorm,1841,340.548
final_layernorm,1842,340.133
final_layernorm,1843,342.435
final_layernorm,1844,341.742
final_layernorm,1845,340.839
final_layernorm,1846,342.356
final_layernorm,1847,341.97
final_layernorm,1848,341.911
final_layernorm,1849,341.562
final_layernorm,1850,340.802
final_layernorm,1851,341.202
final_layernorm,1852,343.285
final_layernorm,1853,342.446
final_layernorm,1854,343.985
final_layernorm,1855,343.95
final_layernorm,1856,343.35
final_layernorm,1857,342.709
final_layernorm,1858,344.352
final_layernorm,1859,344.177
final_layernorm,1860,344.722
final_layernorm,1861,344.404
final_layernorm,1862,343.413
final_layernorm,1863,343.573
final_layernorm,1864,343.756
final_layernorm,1865,344.887
final_layernorm,1866,344.387
final_layernorm,1867,346.084
final_layernorm,1868,343.927
final_layernorm,1869,346.095
final_layernorm,1870,344.04
final_layernorm,1871,344.359
final_layernorm,1872,343.876
final_layernorm,1873,346.113
final_layernorm,1874,345.235
final_layernorm,1875,345.276
final_layernorm,1876,345.443
final_layernorm,1877,346.941
final_layernorm,1878,345.915
final_layernorm,1879,345.16
final_layernorm,1880,347.283
final_layernorm,1881,347.005
final_layernorm,1882,348.422
final_layernorm,1883,345.932
final_layernorm,1884,348.763
final_layernorm,1885,347.302
final_layernorm,1886,348.701
final_layernorm,1887,349.907
final_layernorm,1888,349.191
final_layernorm,1889,348.657
final_layernorm,1890,349.309
final_layernorm,1891,349.567
final_layernorm,1892,350.517
final_layernorm,1893,348.9
final_layernorm,1894,347.374
final_layernorm,1895,347.341
final_layernorm,1896,350.595
final_layernorm,1897,348.619
final_layernorm,1898,347.85
final_layernorm,1899,352.281
final_layernorm,1900,350.121
final_layernorm,1901,351.497
final_layernorm,1902,353.165
final_layernorm,1903,352.291
final_layernorm,1904,351.067
final_layernorm,1905,351.321
final_layernorm,1906,350.441
final_layernorm,1907,349.645
final_layernorm,1908,352.078
final_layernorm,1909,351.939
final_layernorm,1910,352.295
final_layernorm,1911,351.898
final_layernorm,1912,352.162
final_layernorm,1913,352.029
final_layernorm,1914,352.618
final_layernorm,1915,352.439
final_layernorm,1916,353.76
final_layernorm,1917,353.503
final_layernorm,1918,354.182
final_layernorm,1919,355.006
final_layernorm,1920,351.896
final_layernorm,1921,354.048
final_layernorm,1922,355.303
final_layernorm,1923,353.314
final_layernorm,1924,353.418
final_layernorm,1925,355.33
final_layernorm,1926,354.487
final_layernorm,1927,353.959
final_layernorm,1928,354.184
final_layernorm,1929,355.825
final_layernorm,1930,356.415
final_layernorm,1931,353.247
final_layernorm,1932,355.064
final_layernorm,1933,356.488
final_layernorm,1934,355.989
final_layernorm,1935,355.844
final_layernorm,1936,354.239
final_layernorm,1937,354.775
final_layernorm,1938,356.12
final_layernorm,1939,355.117
final_layernorm,1940,354.601
final_layernorm,1941,355.729
final_layernorm,1942,357.665
final_layernorm,1943,357.0
final_layernorm,1944,356.543
final_layernorm,1945,355.887
final_layernorm,1946,358.897
final_layernorm,1947,358.795
final_layernorm,1948,358.181
final_layernorm,1949,357.258
final_layernorm,1950,357.075
final_layernorm,1951,359.879
final_layernorm,1952,357.63
final_layernorm,1953,359.208
final_layernorm,1954,358.232
final_layernorm,1955,357.929
final_layernorm,1956,357.681
final_layernorm,1957,360.561
final_layernorm,1958,359.609
final_layernorm,1959,358.8
final_layernorm,1960,357.976
final_layernorm,1961,359.263
final_layernorm,1962,361.279
final_layernorm,1963,360.908
final_layernorm,1964,361.346
final_layernorm,1965,360.599
final_layernorm,1966,360.309
final_layernorm,1967,360.599
final_layernorm,1968,361.459
final_layernorm,1969,361.576
final_layernorm,1970,360.546
final_layernorm,1971,360.775
final_layernorm,1972,360.886
final_layernorm,1973,363.233
final_layernorm,1974,362.217
final_layernorm,1975,363.779
final_layernorm,1976,360.899
final_layernorm,1977,361.911
final_layernorm,1978,364.193
final_layernorm,1979,364.423
final_layernorm,1980,364.11
final_layernorm,1981,363.747
final_layernorm,1982,362.727
final_layernorm,1983,365.349
final_layernorm,1984,364.784
final_layernorm,1985,365.435
final_layernorm,1986,363.825
final_layernorm,1987,364.153
final_layernorm,1988,365.038
final_layernorm,1989,366.61
final_layernorm,1990,366.823
final_layernorm,1991,365.094
final_layernorm,1992,367.612
final_layernorm,1993,364.645
final_layernorm,1994,365.637
final_layernorm,1995,367.337
final_layernorm,1996,366.937
final_layernorm,1997,366.622
final_layernorm,1998,366.999
final_layernorm,1999,367.171
final_layernorm,2000,366.273
final_layernorm,2001,368.493
final_layernorm,2002,368.041
final_layernorm,2003,367.496
final_layernorm,2004,369.309
final_layernorm,2005,367.907
final_layernorm,2006,366.409
final_layernorm,2007,369.574
final_layernorm,2008,369.692
final_layernorm,2009,369.243
final_layernorm,2010,367.598
final_layernorm,2011,368.28
final_layernorm,2012,368.194
final_layernorm,2013,370.823
final_layernorm,2014,370.101
final_layernorm,2015,370.158
final_layernorm,2016,369.822
final_layernorm,2017,369.786
final_layernorm,2018,369.557
final_layernorm,2019,371.51
final_layernorm,2020,369.69
final_layernorm,2021,371.219
final_layernorm,2022,370.541
final_layernorm,2023,372.258
final_layernorm,2024,370.393
final_layernorm,2025,372.569
final_layernorm,2026,371.909
final_layernorm,2027,371.084
final_layernorm,2028,370.897
final_layernorm,2029,373.067
final_layernorm,2030,373.803
final_layernorm,2031,373.478
final_layernorm,2032,373.402
final_layernorm,2033,373.741
final_layernorm,2034,371.794
final_layernorm,2035,373.836
final_layernorm,2036,371.957
final_layernorm,2037,372.725
final_layernorm,2038,374.291
final_layernorm,2039,374.567
final_layernorm,2040,374.075
final_layernorm,2041,373.943
final_layernorm,2042,372.854
final_layernorm,2043,373.742
final_layernorm,2044,372.825
final_layernorm,2045,373.212
final_layernorm,2046,376.392
final_layernorm,2047,375.277
final_layernorm,2048,374.577
gate_up_proj,1,125.844
gate_up_proj,2,127.053
gate_up_proj,3,128.33
gate_up_proj,4,127.688
gate_up_proj,5,128.193
gate_up_proj,6,129.597
gate_up_proj,7,129.748
gate_up_proj,8,130.218
gate_up_proj,9,118.51
gate_up_proj,10,118.982
gate_up_proj,11,119.151
gate_up_proj,12,119.314
gate_up_proj,13,119.117
gate_up_proj,14,119.477
gate_up_proj,15,119.177
gate_up_proj,16,119.8
gate_up_proj,17,119.217
gate_up_proj,18,120.118
gate_up_proj,19,120.05
gate_up_proj,20,120.152
gate_up_proj,21,120.078
gate_up_proj,22,120.295
gate_up_proj,23,120.549
gate_up_proj,24,121.069
gate_up_proj,25,120.8
gate_up_proj,26,120.906
gate_up_proj,27,120.785
gate_up_proj,28,120.76
gate_up_proj,29,121.253
gate_up_proj,30,121.332
gate_up_proj,31,121.419
gate_up_proj,32,121.653
gate_up_proj,33,122.411
gate_up_proj,34,122.473
gate_up_proj,35,122.413
gate_up_proj,36,122.521
gate_up_proj,37,122.41
gate_up_proj,38,122.701
gate_up_proj,39,122.953
gate_up_proj,40,122.713
gate_up_proj,41,122.658
gate_up_proj,42,122.998
gate_up_proj,43,123.23
gate_up_proj,44,123.209
gate_up_proj,45,123.211
gate_up_proj,46,123.103
gate_up_proj,47,123.614
gate_up_proj,48,123.558
gate_up_proj,49,123.613
gate_up_proj,50,123.459
gate_up_proj,51,123.797
gate_up_proj,52,123.767
gate_up_proj,53,123.688
gate_up_proj,54,124.123
gate_up_proj,55,123.498
gate_up_proj,56,124.124
gate_up_proj,57,125.429
gate_up_proj,58,125.971
gate_up_proj,59,125.777
gate_up_proj,60,126.821
gate_up_proj,61,127.275
gate_up_proj,62,126.385
gate_up_proj,63,126.265
gate_up_proj,64,126.162
gate_up_proj,65,124.519
gate_up_proj,66,124.499
gate_up_proj,67,124.362
gate_up_proj,68,124.727
gate_up_proj,69,124.91
gate_up_proj,70,124.853
gate_up_proj,71,124.946
gate_up_proj,72,125.257
gate_up_proj,73,124.808
gate_up_proj,74,124.871
gate_up_proj,75,124.982
gate_up_proj,76,125.072
gate_up_proj,77,124.99
gate_up_proj,78,125.119
gate_up_proj,79,125.105
gate_up_proj,80,125.541
gate_up_proj,81,125.449
gate_up_proj,82,125.457
gate_up_proj,83,125.859
gate_up_proj,84,125.706
gate_up_proj,85,125.871
gate_up_proj,86,126.893
gate_up_proj,87,126.875
gate_up_proj,88,126.777
gate_up_proj,89,127.173
gate_up_proj,90,127.36
gate_up_proj,91,127.325
gate_up_proj,92,127.346
gate_up_proj,93,127.548
gate_up_proj,94,127.713
gate_up_proj,95,127.505
gate_up_proj,96,127.992
gate_up_proj,97,127.164
gate_up_proj,98,127.79
gate_up_proj,99,127.633
gate_up_proj,100,127.502
gate_up_proj,101,127.843
gate_up_proj,102,127.901
gate_up_proj,103,128.08
gate_up_proj,104,128.354
gate_up_proj,105,127.334
gate_up_proj,106,127.657
gate_up_proj,107,127.77
gate_up_proj,108,127.744
gate_up_proj,109,127.829
gate_up_proj,110,127.143
gate_up_proj,111,127.374
gate_up_proj,112,127.256
gate_up_proj,113,127.789
gate_up_proj,114,127.653
gate_up_proj,115,127.674
gate_up_proj,116,127.643
gate_up_proj,117,127.483
gate_up_proj,118,127.657
gate_up_proj,119,127.651
gate_up_proj,120,128.244
gate_up_proj,121,128.628
gate_up_proj,122,129.13
gate_up_proj,123,128.932
gate_up_proj,124,128.88
gate_up_proj,125,128.95
gate_up_proj,126,129.081
gate_up_proj,127,129.184
gate_up_proj,128,129.583
gate_up_proj,129,130.859
gate_up_proj,130,130.888
gate_up_proj,131,130.924
gate_up_proj,132,131.148
gate_up_proj,133,130.901
gate_up_proj,134,131.279
gate_up_proj,135,131.403
gate_up_proj,136,131.484
gate_up_proj,137,131.694
gate_up_proj,138,131.614
gate_up_proj,139,131.793
gate_up_proj,140,131.929
gate_up_proj,141,131.815
gate_up_proj,142,131.7
gate_up_proj,143,131.881
gate_up_proj,144,132.334
gate_up_proj,145,132.374
gate_up_proj,146,132.708
gate_up_proj,147,132.824
gate_up_proj,148,132.484
gate_up_proj,149,132.65
gate_up_proj,150,132.533
gate_up_proj,151,132.678
gate_up_proj,152,132.833
gate_up_proj,153,132.959
gate_up_proj,154,134.163
gate_up_proj,155,134.155
gate_up_proj,156,134.026
gate_up_proj,157,134.333
gate_up_proj,158,134.286
gate_up_proj,159,134.501
gate_up_proj,160,134.688
gate_up_proj,161,137.184
gate_up_proj,162,136.805
gate_up_proj,163,137.13
gate_up_proj,164,137.271
gate_up_proj,165,137.137
gate_up_proj,166,137.299
gate_up_proj,167,137.527
gate_up_proj,168,137.471
gate_up_proj,169,137.228
gate_up_proj,170,137.392
gate_up_proj,171,137.437
gate_up_proj,172,137.693
gate_up_proj,173,137.485
gate_up_proj,174,137.447
gate_up_proj,175,137.554
gate_up_proj,176,137.171
gate_up_proj,177,145.851
gate_up_proj,178,144.915
gate_up_proj,179,146.414
gate_up_proj,180,146.238
gate_up_proj,181,147.473
gate_up_proj,182,143.11
gate_up_proj,183,140.437
gate_up_proj,184,141.386
gate_up_proj,185,141.557
gate_up_proj,186,141.717
gate_up_proj,187,144.444
gate_up_proj,188,142.381
gate_up_proj,189,141.933
gate_up_proj,190,142.678
gate_up_proj,191,141.053
gate_up_proj,192,141.118
gate_up_proj,193,139.078
gate_up_proj,194,139.124
gate_up_proj,195,139.018
gate_up_proj,196,139.158
gate_up_proj,197,139.22
gate_up_proj,198,139.208
gate_up_proj,199,139.315
gate_up_proj,200,139.353
gate_up_proj,201,139.538
gate_up_proj,202,139.793
gate_up_proj,203,139.364
gate_up_proj,204,139.627
gate_up_proj,205,139.692
gate_up_proj,206,139.567
gate_up_proj,207,139.94
gate_up_proj,208,144.433
gate_up_proj,209,172.002
gate_up_proj,210,176.624
gate_up_proj,211,183.73
gate_up_proj,212,177.636
gate_up_proj,213,176.455
gate_up_proj,214,183.614
gate_up_proj,215,176.207
gate_up_proj,216,142.475
gate_up_proj,217,142.43
gate_up_proj,218,142.445
gate_up_proj,219,142.366
gate_up_proj,220,142.354
gate_up_proj,221,142.789
gate_up_proj,222,142.418
gate_up_proj,223,142.325
gate_up_proj,224,162.041
gate_up_proj,225,164.341
gate_up_proj,226,159.781
gate_up_proj,227,162.537
gate_up_proj,228,160.282
gate_up_proj,229,158.837
gate_up_proj,230,160.989
gate_up_proj,231,160.084
gate_up_proj,232,153.827
gate_up_proj,233,155.948
gate_up_proj,234,152.693
gate_up_proj,235,154.303
gate_up_proj,236,154.091
gate_up_proj,237,154.031
gate_up_proj,238,152.65
gate_up_proj,239,151.862
gate_up_proj,240,144.159
gate_up_proj,241,145.261
gate_up_proj,242,145.313
gate_up_proj,243,144.4
gate_up_proj,244,144.107
gate_up_proj,245,144.515
gate_up_proj,246,144.493
gate_up_proj,247,143.529
gate_up_proj,248,143.463
gate_up_proj,249,143.702
gate_up_proj,250,143.423
gate_up_proj,251,143.944
gate_up_proj,252,143.657
gate_up_proj,253,143.72
gate_up_proj,254,143.493
gate_up_proj,255,143.659
gate_up_proj,256,143.994
gate_up_proj,257,181.929
gate_up_proj,258,185.21
gate_up_proj,259,184.342
gate_up_proj,260,183.57
gate_up_proj,261,176.932
gate_up_proj,262,170.048
gate_up_proj,263,162.976
gate_up_proj,264,167.166
gate_up_proj,265,155.198
gate_up_proj,266,155.662
gate_up_proj,267,155.968
gate_up_proj,268,155.967
gate_up_proj,269,155.529
gate_up_proj,270,156.126
gate_up_proj,271,156.133
gate_up_proj,272,160.177
gate_up_proj,273,160.014
gate_up_proj,274,160.685
gate_up_proj,275,160.075
gate_up_proj,276,160.742
gate_up_proj,277,160.527
gate_up_proj,278,161.602
gate_up_proj,279,160.265
gate_up_proj,280,160.571
gate_up_proj,281,160.414
gate_up_proj,282,161.011
gate_up_proj,283,160.88
gate_up_proj,284,160.401
gate_up_proj,285,160.73
gate_up_proj,286,160.328
gate_up_proj,287,161.368
gate_up_proj,288,179.81
gate_up_proj,289,165.407
gate_up_proj,290,165.858
gate_up_proj,291,166.061
gate_up_proj,292,165.573
gate_up_proj,293,165.407
gate_up_proj,294,165.565
gate_up_proj,295,166.933
gate_up_proj,296,165.44
gate_up_proj,297,166.963
gate_up_proj,298,165.892
gate_up_proj,299,167.161
gate_up_proj,300,166.142
gate_up_proj,301,166.495
gate_up_proj,302,165.408
gate_up_proj,303,167.316
gate_up_proj,304,175.611
gate_up_proj,305,186.118
gate_up_proj,306,183.009
gate_up_proj,307,184.835
gate_up_proj,308,184.977
gate_up_proj,309,186.295
gate_up_proj,310,184.567
gate_up_proj,311,185.786
gate_up_proj,312,183.803
gate_up_proj,313,176.365
gate_up_proj,314,175.984
gate_up_proj,315,176.237
gate_up_proj,316,175.71
gate_up_proj,317,176.043
gate_up_proj,318,175.912
gate_up_proj,319,177.77
gate_up_proj,320,176.383
gate_up_proj,321,188.751
gate_up_proj,322,189.577
gate_up_proj,323,187.999
gate_up_proj,324,188.095
gate_up_proj,325,189.61
gate_up_proj,326,187.023
gate_up_proj,327,189.65
gate_up_proj,328,181.28
gate_up_proj,329,188.057
gate_up_proj,330,187.167
gate_up_proj,331,188.323
gate_up_proj,332,189.235
gate_up_proj,333,188.415
gate_up_proj,334,190.549
gate_up_proj,335,187.615
gate_up_proj,336,188.005
gate_up_proj,337,187.958
gate_up_proj,338,188.744
gate_up_proj,339,188.699
gate_up_proj,340,188.667
gate_up_proj,341,187.486
gate_up_proj,342,187.871
gate_up_proj,343,189.708
gate_up_proj,344,187.445
gate_up_proj,345,188.344
gate_up_proj,346,187.714
gate_up_proj,347,188.976
gate_up_proj,348,188.173
gate_up_proj,349,187.603
gate_up_proj,350,188.148
gate_up_proj,351,188.061
gate_up_proj,352,188.239
gate_up_proj,353,188.281
gate_up_proj,354,187.755
gate_up_proj,355,188.821
gate_up_proj,356,187.886
gate_up_proj,357,188.942
gate_up_proj,358,188.726
gate_up_proj,359,188.794
gate_up_proj,360,189.555
gate_up_proj,361,189.012
gate_up_proj,362,188.37
gate_up_proj,363,189.393
gate_up_proj,364,188.657
gate_up_proj,365,189.855
gate_up_proj,366,188.632
gate_up_proj,367,189.767
gate_up_proj,368,189.619
gate_up_proj,369,189.638
gate_up_proj,370,188.96
gate_up_proj,371,189.124
gate_up_proj,372,189.601
gate_up_proj,373,189.194
gate_up_proj,374,189.703
gate_up_proj,375,189.175
gate_up_proj,376,189.041
gate_up_proj,377,189.524
gate_up_proj,378,190.269
gate_up_proj,379,189.39
gate_up_proj,380,189.846
gate_up_proj,381,189.573
gate_up_proj,382,190.246
gate_up_proj,383,190.254
gate_up_proj,384,190.687
gate_up_proj,385,205.958
gate_up_proj,386,203.779
gate_up_proj,387,206.762
gate_up_proj,388,205.805
gate_up_proj,389,205.99
gate_up_proj,390,204.745
gate_up_proj,391,205.298
gate_up_proj,392,204.65
gate_up_proj,393,204.914
gate_up_proj,394,206.561
gate_up_proj,395,204.658
gate_up_proj,396,205.459
gate_up_proj,397,205.723
gate_up_proj,398,204.985
gate_up_proj,399,206.334
gate_up_proj,400,210.8
gate_up_proj,401,211.651
gate_up_proj,402,211.565
gate_up_proj,403,211.219
gate_up_proj,404,210.831
gate_up_proj,405,211.319
gate_up_proj,406,211.322
gate_up_proj,407,211.878
gate_up_proj,408,212.144
gate_up_proj,409,211.245
gate_up_proj,410,211.621
gate_up_proj,411,211.643
gate_up_proj,412,211.674
gate_up_proj,413,212.351
gate_up_proj,414,213.33
gate_up_proj,415,212.496
gate_up_proj,416,225.999
gate_up_proj,417,224.726
gate_up_proj,418,223.424
gate_up_proj,419,225.415
gate_up_proj,420,226.046
gate_up_proj,421,225.801
gate_up_proj,422,224.05
gate_up_proj,423,225.221
gate_up_proj,424,224.507
gate_up_proj,425,226.048
gate_up_proj,426,223.906
gate_up_proj,427,225.177
gate_up_proj,428,225.429
gate_up_proj,429,225.14
gate_up_proj,430,224.718
gate_up_proj,431,224.53
gate_up_proj,432,225.204
gate_up_proj,433,227.213
gate_up_proj,434,227.418
gate_up_proj,435,227.21
gate_up_proj,436,227.616
gate_up_proj,437,228.128
gate_up_proj,438,229.095
gate_up_proj,439,227.762
gate_up_proj,440,228.174
gate_up_proj,441,227.702
gate_up_proj,442,229.959
gate_up_proj,443,227.48
gate_up_proj,444,228.203
gate_up_proj,445,228.048
gate_up_proj,446,229.356
gate_up_proj,447,227.831
gate_up_proj,448,251.884
gate_up_proj,449,233.375
gate_up_proj,450,234.468
gate_up_proj,451,233.912
gate_up_proj,452,234.21
gate_up_proj,453,233.792
gate_up_proj,454,235.015
gate_up_proj,455,234.041
gate_up_proj,456,234.492
gate_up_proj,457,235.544
gate_up_proj,458,234.42
gate_up_proj,459,234.614
gate_up_proj,460,234.255
gate_up_proj,461,234.209
gate_up_proj,462,235.313
gate_up_proj,463,234.235
gate_up_proj,464,246.604
gate_up_proj,465,246.084
gate_up_proj,466,247.455
gate_up_proj,467,246.81
gate_up_proj,468,246.171
gate_up_proj,469,246.692
gate_up_proj,470,247.626
gate_up_proj,471,246.446
gate_up_proj,472,246.981
gate_up_proj,473,246.503
gate_up_proj,474,247.535
gate_up_proj,475,247.19
gate_up_proj,476,248.157
gate_up_proj,477,247.87
gate_up_proj,478,247.271
gate_up_proj,479,250.036
gate_up_proj,480,249.073
gate_up_proj,481,247.994
gate_up_proj,482,246.827
gate_up_proj,483,247.534
gate_up_proj,484,247.644
gate_up_proj,485,247.695
gate_up_proj,486,246.737
gate_up_proj,487,247.215
gate_up_proj,488,248.242
gate_up_proj,489,247.574
gate_up_proj,490,248.358
gate_up_proj,491,248.101
gate_up_proj,492,247.91
gate_up_proj,493,247.868
gate_up_proj,494,247.196
gate_up_proj,495,247.981
gate_up_proj,496,254.615
gate_up_proj,497,251.214
gate_up_proj,498,249.871
gate_up_proj,499,250.288
gate_up_proj,500,247.698
gate_up_proj,501,248.811
gate_up_proj,502,248.346
gate_up_proj,503,245.731
gate_up_proj,504,254.739
gate_up_proj,505,245.541
gate_up_proj,506,244.232
gate_up_proj,507,244.899
gate_up_proj,508,245.417
gate_up_proj,509,245.047
gate_up_proj,510,244.312
gate_up_proj,511,246.831
gate_up_proj,512,255.023
gate_up_proj,513,266.007
gate_up_proj,514,265.759
gate_up_proj,515,266.55
gate_up_proj,516,266.309
gate_up_proj,517,265.947
gate_up_proj,518,267.647
gate_up_proj,519,266.084
gate_up_proj,520,266.604
gate_up_proj,521,266.496
gate_up_proj,522,266.55
gate_up_proj,523,266.719
gate_up_proj,524,267.657
gate_up_proj,525,267.756
gate_up_proj,526,266.741
gate_up_proj,527,267.298
gate_up_proj,528,266.981
gate_up_proj,529,267.259
gate_up_proj,530,267.679
gate_up_proj,531,267.739
gate_up_proj,532,268.707
gate_up_proj,533,268.692
gate_up_proj,534,267.874
gate_up_proj,535,269.238
gate_up_proj,536,268.75
gate_up_proj,537,267.793
gate_up_proj,538,268.032
gate_up_proj,539,268.439
gate_up_proj,540,268.667
gate_up_proj,541,269.406
gate_up_proj,542,267.792
gate_up_proj,543,267.324
gate_up_proj,544,284.309
gate_up_proj,545,285.244
gate_up_proj,546,287.686
gate_up_proj,547,284.884
gate_up_proj,548,285.919
gate_up_proj,549,284.07
gate_up_proj,550,284.277
gate_up_proj,551,287.802
gate_up_proj,552,286.479
gate_up_proj,553,284.277
gate_up_proj,554,284.939
gate_up_proj,555,288.403
gate_up_proj,556,288.085
gate_up_proj,557,284.722
gate_up_proj,558,286.584
gate_up_proj,559,285.317
gate_up_proj,560,285.817
gate_up_proj,561,284.874
gate_up_proj,562,285.501
gate_up_proj,563,288.272
gate_up_proj,564,285.652
gate_up_proj,565,285.405
gate_up_proj,566,288.772
gate_up_proj,567,288.07
gate_up_proj,568,286.032
gate_up_proj,569,285.265
gate_up_proj,570,285.067
gate_up_proj,571,286.723
gate_up_proj,572,286.983
gate_up_proj,573,285.535
gate_up_proj,574,285.262
gate_up_proj,575,286.597
gate_up_proj,576,286.531
gate_up_proj,577,292.372
gate_up_proj,578,292.752
gate_up_proj,579,295.265
gate_up_proj,580,291.867
gate_up_proj,581,292.442
gate_up_proj,582,293.275
gate_up_proj,583,293.867
gate_up_proj,584,293.756
gate_up_proj,585,292.762
gate_up_proj,586,292.885
gate_up_proj,587,294.172
gate_up_proj,588,293.18
gate_up_proj,589,292.762
gate_up_proj,590,294.619
gate_up_proj,591,294.893
gate_up_proj,592,304.589
gate_up_proj,593,293.356
gate_up_proj,594,293.776
gate_up_proj,595,297.545
gate_up_proj,596,293.526
gate_up_proj,597,293.767
gate_up_proj,598,296.075
gate_up_proj,599,295.863
gate_up_proj,600,293.531
gate_up_proj,601,294.136
gate_up_proj,602,294.917
gate_up_proj,603,294.865
gate_up_proj,604,294.663
gate_up_proj,605,296.168
gate_up_proj,606,293.375
gate_up_proj,607,296.433
gate_up_proj,608,310.233
gate_up_proj,609,305.482
gate_up_proj,610,305.351
gate_up_proj,611,309.251
gate_up_proj,612,303.988
gate_up_proj,613,305.925
gate_up_proj,614,306.946
gate_up_proj,615,306.024
gate_up_proj,616,306.051
gate_up_proj,617,309.017
gate_up_proj,618,306.65
gate_up_proj,619,306.328
gate_up_proj,620,306.203
gate_up_proj,621,307.819
gate_up_proj,622,305.418
gate_up_proj,623,305.8
gate_up_proj,624,308.195
gate_up_proj,625,354.642
gate_up_proj,626,351.894
gate_up_proj,627,351.835
gate_up_proj,628,352.773
gate_up_proj,629,355.489
gate_up_proj,630,353.076
gate_up_proj,631,352.317
gate_up_proj,632,354.576
gate_up_proj,633,355.48
gate_up_proj,634,352.904
gate_up_proj,635,352.907
gate_up_proj,636,351.815
gate_up_proj,637,352.722
gate_up_proj,638,353.207
gate_up_proj,639,352.91
gate_up_proj,640,314.605
gate_up_proj,641,466.828
gate_up_proj,642,463.851
gate_up_proj,643,461.648
gate_up_proj,644,468.479
gate_up_proj,645,465.48
gate_up_proj,646,465.399
gate_up_proj,647,466.75
gate_up_proj,648,463.937
gate_up_proj,649,330.082
gate_up_proj,650,330.298
gate_up_proj,651,330.307
gate_up_proj,652,333.245
gate_up_proj,653,334.327
gate_up_proj,654,331.707
gate_up_proj,655,331.042
gate_up_proj,656,470.437
gate_up_proj,657,331.107
gate_up_proj,658,330.8
gate_up_proj,659,331.503
gate_up_proj,660,332.936
gate_up_proj,661,332.363
gate_up_proj,662,331.521
gate_up_proj,663,331.544
gate_up_proj,664,331.893
gate_up_proj,665,334.292
gate_up_proj,666,331.489
gate_up_proj,667,333.089
gate_up_proj,668,330.584
gate_up_proj,669,331.021
gate_up_proj,670,331.601
gate_up_proj,671,331.606
gate_up_proj,672,377.629
gate_up_proj,673,468.799
gate_up_proj,674,471.906
gate_up_proj,675,471.505
gate_up_proj,676,470.748
gate_up_proj,677,469.177
gate_up_proj,678,468.191
gate_up_proj,679,469.577
gate_up_proj,680,471.476
gate_up_proj,681,465.071
gate_up_proj,682,467.2
gate_up_proj,683,468.442
gate_up_proj,684,469.799
gate_up_proj,685,473.041
gate_up_proj,686,471.609
gate_up_proj,687,467.982
gate_up_proj,688,468.457
gate_up_proj,689,468.946
gate_up_proj,690,469.94
gate_up_proj,691,465.112
gate_up_proj,692,469.122
gate_up_proj,693,468.656
gate_up_proj,694,467.078
gate_up_proj,695,468.032
gate_up_proj,696,468.311
gate_up_proj,697,468.8
gate_up_proj,698,471.137
gate_up_proj,699,468.67
gate_up_proj,700,467.538
gate_up_proj,701,470.65
gate_up_proj,702,466.132
gate_up_proj,703,466.213
gate_up_proj,704,352.993
gate_up_proj,705,471.067
gate_up_proj,706,469.954
gate_up_proj,707,467.316
gate_up_proj,708,468.749
gate_up_proj,709,468.594
gate_up_proj,710,467.378
gate_up_proj,711,464.981
gate_up_proj,712,467.428
gate_up_proj,713,468.694
gate_up_proj,714,466.712
gate_up_proj,715,471.618
gate_up_proj,716,467.243
gate_up_proj,717,469.864
gate_up_proj,718,469.734
gate_up_proj,719,466.581
gate_up_proj,720,468.865
gate_up_proj,721,347.114
gate_up_proj,722,347.352
gate_up_proj,723,349.531
gate_up_proj,724,349.06
gate_up_proj,725,346.977
gate_up_proj,726,350.392
gate_up_proj,727,346.96
gate_up_proj,728,347.289
gate_up_proj,729,347.823
gate_up_proj,730,349.519
gate_up_proj,731,347.781
gate_up_proj,732,348.353
gate_up_proj,733,346.94
gate_up_proj,734,347.825
gate_up_proj,735,347.298
gate_up_proj,736,347.454
gate_up_proj,737,347.339
gate_up_proj,738,350.467
gate_up_proj,739,348.832
gate_up_proj,740,349.336
gate_up_proj,741,346.709
gate_up_proj,742,347.237
gate_up_proj,743,349.501
gate_up_proj,744,349.397
gate_up_proj,745,348.462
gate_up_proj,746,348.051
gate_up_proj,747,348.569
gate_up_proj,748,351.391
gate_up_proj,749,347.435
gate_up_proj,750,348.18
gate_up_proj,751,351.389
gate_up_proj,752,348.669
gate_up_proj,753,351.245
gate_up_proj,754,347.655
gate_up_proj,755,348.321
gate_up_proj,756,348.828
gate_up_proj,757,348.74
gate_up_proj,758,348.582
gate_up_proj,759,349.638
gate_up_proj,760,348.078
gate_up_proj,761,351.757
gate_up_proj,762,349.381
gate_up_proj,763,348.322
gate_up_proj,764,348.713
gate_up_proj,765,348.724
gate_up_proj,766,351.638
gate_up_proj,767,349.027
gate_up_proj,768,350.432
gate_up_proj,769,384.064
gate_up_proj,770,385.255
gate_up_proj,771,384.812
gate_up_proj,772,384.976
gate_up_proj,773,385.763
gate_up_proj,774,384.862
gate_up_proj,775,385.017
gate_up_proj,776,385.018
gate_up_proj,777,385.425
gate_up_proj,778,385.354
gate_up_proj,779,386.597
gate_up_proj,780,385.619
gate_up_proj,781,385.654
gate_up_proj,782,385.487
gate_up_proj,783,384.837
gate_up_proj,784,398.174
gate_up_proj,785,385.033
gate_up_proj,786,385.311
gate_up_proj,787,385.573
gate_up_proj,788,385.771
gate_up_proj,789,385.666
gate_up_proj,790,385.53
gate_up_proj,791,386.271
gate_up_proj,792,385.402
gate_up_proj,793,387.365
gate_up_proj,794,388.835
gate_up_proj,795,387.128
gate_up_proj,796,386.974
gate_up_proj,797,387.494
gate_up_proj,798,387.706
gate_up_proj,799,391.856
gate_up_proj,800,406.844
gate_up_proj,801,404.121
gate_up_proj,802,398.815
gate_up_proj,803,398.828
gate_up_proj,804,404.303
gate_up_proj,805,400.128
gate_up_proj,806,399.392
gate_up_proj,807,400.299
gate_up_proj,808,399.955
gate_up_proj,809,400.077
gate_up_proj,810,400.156
gate_up_proj,811,403.59
gate_up_proj,812,400.464
gate_up_proj,813,400.049
gate_up_proj,814,404.229
gate_up_proj,815,401.989
gate_up_proj,816,401.799
gate_up_proj,817,400.673
gate_up_proj,818,404.736
gate_up_proj,819,405.154
gate_up_proj,820,399.807
gate_up_proj,821,399.945
gate_up_proj,822,404.52
gate_up_proj,823,403.711
gate_up_proj,824,402.335
gate_up_proj,825,400.917
gate_up_proj,826,400.489
gate_up_proj,827,404.781
gate_up_proj,828,401.055
gate_up_proj,829,404.47
gate_up_proj,830,404.506
gate_up_proj,831,401.581
gate_up_proj,832,407.493
gate_up_proj,833,408.01
gate_up_proj,834,407.315
gate_up_proj,835,407.629
gate_up_proj,836,407.252
gate_up_proj,837,407.557
gate_up_proj,838,410.075
gate_up_proj,839,410.332
gate_up_proj,840,407.731
gate_up_proj,841,407.786
gate_up_proj,842,410.578
gate_up_proj,843,408.25
gate_up_proj,844,407.815
gate_up_proj,845,408.293
gate_up_proj,846,410.476
gate_up_proj,847,409.016
gate_up_proj,848,408.279
gate_up_proj,849,408.785
gate_up_proj,850,410.682
gate_up_proj,851,408.528
gate_up_proj,852,408.928
gate_up_proj,853,408.609
gate_up_proj,854,410.873
gate_up_proj,855,409.418
gate_up_proj,856,409.227
gate_up_proj,857,408.988
gate_up_proj,858,410.603
gate_up_proj,859,410.362
gate_up_proj,860,410.352
gate_up_proj,861,409.102
gate_up_proj,862,409.166
gate_up_proj,863,409.374
gate_up_proj,864,410.87
gate_up_proj,865,414.242
gate_up_proj,866,412.894
gate_up_proj,867,416.536
gate_up_proj,868,408.258
gate_up_proj,869,408.312
gate_up_proj,870,408.562
gate_up_proj,871,407.063
gate_up_proj,872,405.852
gate_up_proj,873,408.938
gate_up_proj,874,404.873
gate_up_proj,875,406.275
gate_up_proj,876,403.208
gate_up_proj,877,406.884
gate_up_proj,878,403.632
gate_up_proj,879,404.19
gate_up_proj,880,399.775
gate_up_proj,881,402.857
gate_up_proj,882,400.113
gate_up_proj,883,404.661
gate_up_proj,884,397.797
gate_up_proj,885,404.287
gate_up_proj,886,399.032
gate_up_proj,887,402.528
gate_up_proj,888,397.061
gate_up_proj,889,400.005
gate_up_proj,890,396.545
gate_up_proj,891,400.092
gate_up_proj,892,397.143
gate_up_proj,893,399.703
gate_up_proj,894,395.422
gate_up_proj,895,400.27
gate_up_proj,896,396.072
gate_up_proj,897,434.281
gate_up_proj,898,433.818
gate_up_proj,899,432.241
gate_up_proj,900,432.231
gate_up_proj,901,431.666
gate_up_proj,902,434.412
gate_up_proj,903,432.558
gate_up_proj,904,432.676
gate_up_proj,905,432.57
gate_up_proj,906,432.187
gate_up_proj,907,431.855
gate_up_proj,908,432.055
gate_up_proj,909,432.452
gate_up_proj,910,433.181
gate_up_proj,911,435.085
gate_up_proj,912,453.271
gate_up_proj,913,432.712
gate_up_proj,914,432.536
gate_up_proj,915,433.711
gate_up_proj,916,432.822
gate_up_proj,917,434.557
gate_up_proj,918,433.472
gate_up_proj,919,433.575
gate_up_proj,920,433.662
gate_up_proj,921,435.824
gate_up_proj,922,433.936
gate_up_proj,923,435.432
gate_up_proj,924,435.716
gate_up_proj,925,436.306
gate_up_proj,926,433.182
gate_up_proj,927,436.361
gate_up_proj,928,461.546
gate_up_proj,929,435.998
gate_up_proj,930,433.376
gate_up_proj,931,433.831
gate_up_proj,932,433.692
gate_up_proj,933,436.754
gate_up_proj,934,434.814
gate_up_proj,935,436.493
gate_up_proj,936,433.161
gate_up_proj,937,458.945
gate_up_proj,938,454.743
gate_up_proj,939,453.71
gate_up_proj,940,456.822
gate_up_proj,941,458.761
gate_up_proj,942,458.662
gate_up_proj,943,453.942
gate_up_proj,944,458.247
gate_up_proj,945,455.273
gate_up_proj,946,454.485
gate_up_proj,947,457.037
gate_up_proj,948,454.544
gate_up_proj,949,455.747
gate_up_proj,950,460.936
gate_up_proj,951,455.712
gate_up_proj,952,460.513
gate_up_proj,953,459.059
gate_up_proj,954,455.504
gate_up_proj,955,460.737
gate_up_proj,956,460.157
gate_up_proj,957,456.226
gate_up_proj,958,457.887
gate_up_proj,959,459.833
gate_up_proj,960,468.095
gate_up_proj,961,456.498
gate_up_proj,962,456.315
gate_up_proj,963,457.488
gate_up_proj,964,459.58
gate_up_proj,965,457.118
gate_up_proj,966,459.894
gate_up_proj,967,457.23
gate_up_proj,968,457.737
gate_up_proj,969,456.194
gate_up_proj,970,457.497
gate_up_proj,971,460.451
gate_up_proj,972,456.007
gate_up_proj,973,458.691
gate_up_proj,974,459.291
gate_up_proj,975,458.284
gate_up_proj,976,459.967
gate_up_proj,977,457.11
gate_up_proj,978,458.848
gate_up_proj,979,457.625
gate_up_proj,980,457.833
gate_up_proj,981,461.462
gate_up_proj,982,457.267
gate_up_proj,983,460.933
gate_up_proj,984,457.427
gate_up_proj,985,459.079
gate_up_proj,986,460.575
gate_up_proj,987,458.068
gate_up_proj,988,460.948
gate_up_proj,989,458.582
gate_up_proj,990,460.53
gate_up_proj,991,457.721
gate_up_proj,992,488.593
gate_up_proj,993,460.589
gate_up_proj,994,457.965
gate_up_proj,995,460.071
gate_up_proj,996,458.363
gate_up_proj,997,459.048
gate_up_proj,998,461.495
gate_up_proj,999,461.579
gate_up_proj,1000,458.164
gate_up_proj,1001,461.397
gate_up_proj,1002,462.13
gate_up_proj,1003,459.038
gate_up_proj,1004,462.822
gate_up_proj,1005,458.74
gate_up_proj,1006,459.65
gate_up_proj,1007,462.223
gate_up_proj,1008,461.339
gate_up_proj,1009,477.16
gate_up_proj,1010,477.632
gate_up_proj,1011,477.533
gate_up_proj,1012,478.295
gate_up_proj,1013,480.592
gate_up_proj,1014,476.744
gate_up_proj,1015,481.484
gate_up_proj,1016,476.657
gate_up_proj,1017,478.238
gate_up_proj,1018,480.759
gate_up_proj,1019,477.856
gate_up_proj,1020,479.784
gate_up_proj,1021,480.878
gate_up_proj,1022,478.194
gate_up_proj,1023,481.594
gate_up_proj,1024,489.675
gate_up_proj,1025,480.856
gate_up_proj,1026,477.64
gate_up_proj,1027,478.771
gate_up_proj,1028,477.945
gate_up_proj,1029,477.964
gate_up_proj,1030,481.284
gate_up_proj,1031,478.654
gate_up_proj,1032,479.094
gate_up_proj,1033,481.485
gate_up_proj,1034,479.126
gate_up_proj,1035,479.688
gate_up_proj,1036,477.967
gate_up_proj,1037,482.033
gate_up_proj,1038,479.466
gate_up_proj,1039,479.108
gate_up_proj,1040,551.611
gate_up_proj,1041,480.377
gate_up_proj,1042,479.021
gate_up_proj,1043,478.71
gate_up_proj,1044,480.997
gate_up_proj,1045,482.599
gate_up_proj,1046,478.379
gate_up_proj,1047,482.058
gate_up_proj,1048,479.176
gate_up_proj,1049,479.195
gate_up_proj,1050,483.335
gate_up_proj,1051,479.423
gate_up_proj,1052,480.969
gate_up_proj,1053,482.57
gate_up_proj,1054,480.277
gate_up_proj,1055,480.508
gate_up_proj,1056,551.363
gate_up_proj,1057,480.545
gate_up_proj,1058,483.231
gate_up_proj,1059,480.12
gate_up_proj,1060,481.604
gate_up_proj,1061,479.248
gate_up_proj,1062,480.77
gate_up_proj,1063,479.902
gate_up_proj,1064,482.06
gate_up_proj,1065,483.282
gate_up_proj,1066,480.086
gate_up_proj,1067,480.685
gate_up_proj,1068,480.233
gate_up_proj,1069,483.411
gate_up_proj,1070,481.068
gate_up_proj,1071,484.27
gate_up_proj,1072,480.935
gate_up_proj,1073,479.914
gate_up_proj,1074,482.36
gate_up_proj,1075,480.877
gate_up_proj,1076,480.968
gate_up_proj,1077,482.447
gate_up_proj,1078,480.653
gate_up_proj,1079,482.722
gate_up_proj,1080,484.185
gate_up_proj,1081,480.371
gate_up_proj,1082,476.125
gate_up_proj,1083,480.365
gate_up_proj,1084,476.54
gate_up_proj,1085,477.423
gate_up_proj,1086,478.297
gate_up_proj,1087,479.891
gate_up_proj,1088,479.029
gate_up_proj,1089,476.991
gate_up_proj,1090,477.619
gate_up_proj,1091,476.666
gate_up_proj,1092,479.55
gate_up_proj,1093,477.006
gate_up_proj,1094,479.991
gate_up_proj,1095,479.195
gate_up_proj,1096,477.048
gate_up_proj,1097,481.901
gate_up_proj,1098,477.646
gate_up_proj,1099,481.038
gate_up_proj,1100,477.805
gate_up_proj,1101,476.909
gate_up_proj,1102,478.899
gate_up_proj,1103,480.884
gate_up_proj,1104,479.131
gate_up_proj,1105,478.177
gate_up_proj,1106,478.051
gate_up_proj,1107,478.751
gate_up_proj,1108,480.176
gate_up_proj,1109,477.668
gate_up_proj,1110,480.741
gate_up_proj,1111,479.977
gate_up_proj,1112,478.128
gate_up_proj,1113,480.126
gate_up_proj,1114,481.63
gate_up_proj,1115,479.231
gate_up_proj,1116,480.817
gate_up_proj,1117,478.815
gate_up_proj,1118,480.209
gate_up_proj,1119,478.411
gate_up_proj,1120,479.37
gate_up_proj,1121,506.706
gate_up_proj,1122,509.821
gate_up_proj,1123,507.127
gate_up_proj,1124,509.795
gate_up_proj,1125,506.543
gate_up_proj,1126,508.909
gate_up_proj,1127,506.463
gate_up_proj,1128,508.671
gate_up_proj,1129,506.415
gate_up_proj,1130,507.601
gate_up_proj,1131,506.295
gate_up_proj,1132,508.606
gate_up_proj,1133,506.688
gate_up_proj,1134,508.127
gate_up_proj,1135,506.736
gate_up_proj,1136,507.622
gate_up_proj,1137,510.442
gate_up_proj,1138,509.03
gate_up_proj,1139,506.803
gate_up_proj,1140,509.263
gate_up_proj,1141,509.898
gate_up_proj,1142,507.404
gate_up_proj,1143,507.74
gate_up_proj,1144,509.376
gate_up_proj,1145,510.617
gate_up_proj,1146,507.272
gate_up_proj,1147,510.663
gate_up_proj,1148,508.829
gate_up_proj,1149,508.097
gate_up_proj,1150,507.881
gate_up_proj,1151,511.186
gate_up_proj,1152,508.149
gate_up_proj,1153,497.981
gate_up_proj,1154,499.286
gate_up_proj,1155,497.858
gate_up_proj,1156,499.42
gate_up_proj,1157,498.57
gate_up_proj,1158,500.194
gate_up_proj,1159,498.273
gate_up_proj,1160,498.715
gate_up_proj,1161,499.721
gate_up_proj,1162,499.323
gate_up_proj,1163,499.5
gate_up_proj,1164,499.713
gate_up_proj,1165,502.27
gate_up_proj,1166,501.203
gate_up_proj,1167,499.52
gate_up_proj,1168,521.435
gate_up_proj,1169,499.902
gate_up_proj,1170,503.074
gate_up_proj,1171,500.315
gate_up_proj,1172,499.428
gate_up_proj,1173,503.306
gate_up_proj,1174,500.278
gate_up_proj,1175,502.818
gate_up_proj,1176,501.32
gate_up_proj,1177,535.408
gate_up_proj,1178,533.457
gate_up_proj,1179,535.648
gate_up_proj,1180,536.802
gate_up_proj,1181,535.769
gate_up_proj,1182,536.706
gate_up_proj,1183,533.741
gate_up_proj,1184,637.462
gate_up_proj,1185,533.003
gate_up_proj,1186,536.214
gate_up_proj,1187,534.106
gate_up_proj,1188,536.376
gate_up_proj,1189,533.183
gate_up_proj,1190,533.144
gate_up_proj,1191,534.035
gate_up_proj,1192,534.15
gate_up_proj,1193,535.216
gate_up_proj,1194,536.623
gate_up_proj,1195,535.213
gate_up_proj,1196,533.861
gate_up_proj,1197,533.826
gate_up_proj,1198,534.022
gate_up_proj,1199,536.316
gate_up_proj,1200,521.418
gate_up_proj,1201,536.278
gate_up_proj,1202,533.906
gate_up_proj,1203,536.051
gate_up_proj,1204,535.041
gate_up_proj,1205,536.512
gate_up_proj,1206,534.751
gate_up_proj,1207,537.211
gate_up_proj,1208,537.92
gate_up_proj,1209,536.717
gate_up_proj,1210,534.764
gate_up_proj,1211,538.53
gate_up_proj,1212,538.104
gate_up_proj,1213,535.296
gate_up_proj,1214,536.213
gate_up_proj,1215,535.201
gate_up_proj,1216,581.466
gate_up_proj,1217,538.704
gate_up_proj,1218,537.506
gate_up_proj,1219,538.296
gate_up_proj,1220,535.676
gate_up_proj,1221,536.51
gate_up_proj,1222,537.195
gate_up_proj,1223,536.186
gate_up_proj,1224,535.792
gate_up_proj,1225,524.23
gate_up_proj,1226,523.814
gate_up_proj,1227,523.968
gate_up_proj,1228,521.204
gate_up_proj,1229,524.792
gate_up_proj,1230,520.818
gate_up_proj,1231,524.77
gate_up_proj,1232,523.199
gate_up_proj,1233,562.899
gate_up_proj,1234,561.327
gate_up_proj,1235,563.088
gate_up_proj,1236,560.708
gate_up_proj,1237,564.008
gate_up_proj,1238,561.121
gate_up_proj,1239,560.794
gate_up_proj,1240,562.083
gate_up_proj,1241,560.675
gate_up_proj,1242,561.996
gate_up_proj,1243,564.031
gate_up_proj,1244,562.295
gate_up_proj,1245,563.413
gate_up_proj,1246,561.682
gate_up_proj,1247,560.614
gate_up_proj,1248,593.41
gate_up_proj,1249,564.024
gate_up_proj,1250,562.806
gate_up_proj,1251,564.075
gate_up_proj,1252,561.804
gate_up_proj,1253,562.075
gate_up_proj,1254,563.815
gate_up_proj,1255,561.677
gate_up_proj,1256,564.608
gate_up_proj,1257,561.952
gate_up_proj,1258,565.226
gate_up_proj,1259,562.796
gate_up_proj,1260,561.694
gate_up_proj,1261,562.725
gate_up_proj,1262,565.029
gate_up_proj,1263,563.829
gate_up_proj,1264,564.787
gate_up_proj,1265,565.403
gate_up_proj,1266,562.708
gate_up_proj,1267,563.809
gate_up_proj,1268,562.451
gate_up_proj,1269,565.247
gate_up_proj,1270,564.465
gate_up_proj,1271,565.934
gate_up_proj,1272,564.222
gate_up_proj,1273,563.803
gate_up_proj,1274,566.266
gate_up_proj,1275,563.62
gate_up_proj,1276,566.476
gate_up_proj,1277,564.09
gate_up_proj,1278,566.672
gate_up_proj,1279,564.794
gate_up_proj,1280,588.082
gate_up_proj,1281,565.559
gate_up_proj,1282,563.918
gate_up_proj,1283,566.449
gate_up_proj,1284,567.365
gate_up_proj,1285,563.845
gate_up_proj,1286,564.64
gate_up_proj,1287,564.417
gate_up_proj,1288,564.265
gate_up_proj,1289,565.47
gate_up_proj,1290,567.049
gate_up_proj,1291,567.629
gate_up_proj,1292,564.188
gate_up_proj,1293,567.339
gate_up_proj,1294,564.502
gate_up_proj,1295,564.893
gate_up_proj,1296,565.381
gate_up_proj,1297,588.068
gate_up_proj,1298,590.221
gate_up_proj,1299,589.943
gate_up_proj,1300,588.087
gate_up_proj,1301,589.369
gate_up_proj,1302,591.682
gate_up_proj,1303,590.354
gate_up_proj,1304,589.532
gate_up_proj,1305,592.301
gate_up_proj,1306,590.87
gate_up_proj,1307,592.06
gate_up_proj,1308,590.578
gate_up_proj,1309,589.097
gate_up_proj,1310,591.419
gate_up_proj,1311,590.354
gate_up_proj,1312,583.885
gate_up_proj,1313,593.059
gate_up_proj,1314,589.679
gate_up_proj,1315,592.852
gate_up_proj,1316,590.201
gate_up_proj,1317,593.171
gate_up_proj,1318,591.341
gate_up_proj,1319,591.003
gate_up_proj,1320,593.184
gate_up_proj,1321,594.266
gate_up_proj,1322,590.95
gate_up_proj,1323,592.292
gate_up_proj,1324,592.29
gate_up_proj,1325,590.245
gate_up_proj,1326,590.677
gate_up_proj,1327,592.014
gate_up_proj,1328,584.491
gate_up_proj,1329,593.069
gate_up_proj,1330,590.652
gate_up_proj,1331,594.177
gate_up_proj,1332,593.145
gate_up_proj,1333,594.393
gate_up_proj,1334,592.139
gate_up_proj,1335,592.728
gate_up_proj,1336,594.371
gate_up_proj,1337,593.423
gate_up_proj,1338,592.84
gate_up_proj,1339,594.553
gate_up_proj,1340,594.672
gate_up_proj,1341,591.591
gate_up_proj,1342,595.034
gate_up_proj,1343,593.625
gate_up_proj,1344,589.321
gate_up_proj,1345,595.432
gate_up_proj,1346,593.236
gate_up_proj,1347,595.298
gate_up_proj,1348,594.389
gate_up_proj,1349,593.763
gate_up_proj,1350,592.172
gate_up_proj,1351,592.315
gate_up_proj,1352,592.599
gate_up_proj,1353,594.504
gate_up_proj,1354,594.883
gate_up_proj,1355,596.356
gate_up_proj,1356,593.248
gate_up_proj,1357,596.396
gate_up_proj,1358,593.079
gate_up_proj,1359,594.02
gate_up_proj,1360,618.711
gate_up_proj,1361,596.525
gate_up_proj,1362,593.245
gate_up_proj,1363,593.875
gate_up_proj,1364,593.969
gate_up_proj,1365,593.75
gate_up_proj,1366,593.437
gate_up_proj,1367,596.71
gate_up_proj,1368,595.4
gate_up_proj,1369,593.365
gate_up_proj,1370,593.453
gate_up_proj,1371,595.296
gate_up_proj,1372,595.573
gate_up_proj,1373,594.847
gate_up_proj,1374,592.369
gate_up_proj,1375,595.958
gate_up_proj,1376,621.395
gate_up_proj,1377,594.673
gate_up_proj,1378,593.095
gate_up_proj,1379,596.88
gate_up_proj,1380,595.039
gate_up_proj,1381,593.853
gate_up_proj,1382,593.433
gate_up_proj,1383,597.069
gate_up_proj,1384,620.716
gate_up_proj,1385,595.569
gate_up_proj,1386,597.082
gate_up_proj,1387,595.788
gate_up_proj,1388,596.488
gate_up_proj,1389,596.78
gate_up_proj,1390,594.349
gate_up_proj,1391,596.317
gate_up_proj,1392,622.591
gate_up_proj,1393,596.355
gate_up_proj,1394,595.407
gate_up_proj,1395,597.932
gate_up_proj,1396,598.333
gate_up_proj,1397,596.506
gate_up_proj,1398,595.311
gate_up_proj,1399,595.139
gate_up_proj,1400,620.172
gate_up_proj,1401,622.509
gate_up_proj,1402,621.756
gate_up_proj,1403,623.524
gate_up_proj,1404,621.196
gate_up_proj,1405,621.103
gate_up_proj,1406,620.438
gate_up_proj,1407,624.542
gate_up_proj,1408,647.93
gate_up_proj,1409,622.204
gate_up_proj,1410,624.978
gate_up_proj,1411,624.468
gate_up_proj,1412,622.624
gate_up_proj,1413,622.333
gate_up_proj,1414,625.51
gate_up_proj,1415,622.783
gate_up_proj,1416,621.943
gate_up_proj,1417,625.925
gate_up_proj,1418,623.471
gate_up_proj,1419,621.559
gate_up_proj,1420,625.261
gate_up_proj,1421,623.573
gate_up_proj,1422,625.93
gate_up_proj,1423,625.912
gate_up_proj,1424,626.492
gate_up_proj,1425,622.774
gate_up_proj,1426,625.778
gate_up_proj,1427,625.154
gate_up_proj,1428,625.919
gate_up_proj,1429,622.927
gate_up_proj,1430,624.971
gate_up_proj,1431,623.782
gate_up_proj,1432,624.568
gate_up_proj,1433,623.69
gate_up_proj,1434,624.173
gate_up_proj,1435,623.319
gate_up_proj,1436,626.935
gate_up_proj,1437,623.708
gate_up_proj,1438,623.346
gate_up_proj,1439,626.34
gate_up_proj,1440,624.663
gate_up_proj,1441,618.764
gate_up_proj,1442,619.202
gate_up_proj,1443,616.094
gate_up_proj,1444,617.16
gate_up_proj,1445,617.08
gate_up_proj,1446,619.438
gate_up_proj,1447,619.478
gate_up_proj,1448,617.987
gate_up_proj,1449,618.066
gate_up_proj,1450,616.663
gate_up_proj,1451,616.362
gate_up_proj,1452,616.851
gate_up_proj,1453,619.64
gate_up_proj,1454,618.527
gate_up_proj,1455,618.045
gate_up_proj,1456,617.424
gate_up_proj,1457,633.919
gate_up_proj,1458,635.046
gate_up_proj,1459,636.832
gate_up_proj,1460,637.23
gate_up_proj,1461,634.256
gate_up_proj,1462,638.096
gate_up_proj,1463,637.291
gate_up_proj,1464,634.067
gate_up_proj,1465,637.118
gate_up_proj,1466,635.23
gate_up_proj,1467,636.134
gate_up_proj,1468,635.621
gate_up_proj,1469,638.053
gate_up_proj,1470,638.025
gate_up_proj,1471,636.824
gate_up_proj,1472,675.997
gate_up_proj,1473,636.184
gate_up_proj,1474,635.153
gate_up_proj,1475,638.907
gate_up_proj,1476,636.024
gate_up_proj,1477,637.895
gate_up_proj,1478,636.529
gate_up_proj,1479,635.782
gate_up_proj,1480,636.057
gate_up_proj,1481,636.47
gate_up_proj,1482,638.468
gate_up_proj,1483,637.727
gate_up_proj,1484,638.11
gate_up_proj,1485,637.341
gate_up_proj,1486,636.447
gate_up_proj,1487,637.289
gate_up_proj,1488,658.093
gate_up_proj,1489,639.603
gate_up_proj,1490,637.555
gate_up_proj,1491,640.556
gate_up_proj,1492,637.244
gate_up_proj,1493,637.381
gate_up_proj,1494,639.54
gate_up_proj,1495,638.615
gate_up_proj,1496,638.251
gate_up_proj,1497,641.405
gate_up_proj,1498,641.233
gate_up_proj,1499,641.864
gate_up_proj,1500,639.963
gate_up_proj,1501,639.464
gate_up_proj,1502,637.451
gate_up_proj,1503,638.583
gate_up_proj,1504,656.759
gate_up_proj,1505,640.167
gate_up_proj,1506,637.839
gate_up_proj,1507,642.436
gate_up_proj,1508,641.935
gate_up_proj,1509,641.207
gate_up_proj,1510,639.285
gate_up_proj,1511,641.942
gate_up_proj,1512,639.615
gate_up_proj,1513,656.713
gate_up_proj,1514,659.631
gate_up_proj,1515,658.632
gate_up_proj,1516,659.621
gate_up_proj,1517,658.67
gate_up_proj,1518,661.338
gate_up_proj,1519,661.659
gate_up_proj,1520,657.411
gate_up_proj,1521,661.428
gate_up_proj,1522,659.143
gate_up_proj,1523,660.154
gate_up_proj,1524,660.461
gate_up_proj,1525,659.001
gate_up_proj,1526,657.627
gate_up_proj,1527,662.105
gate_up_proj,1528,661.895
gate_up_proj,1529,659.182
gate_up_proj,1530,659.228
gate_up_proj,1531,658.969
gate_up_proj,1532,658.862
gate_up_proj,1533,657.968
gate_up_proj,1534,662.375
gate_up_proj,1535,661.428
gate_up_proj,1536,678.824
gate_up_proj,1537,659.594
gate_up_proj,1538,659.21
gate_up_proj,1539,658.457
gate_up_proj,1540,658.688
gate_up_proj,1541,661.34
gate_up_proj,1542,660.688
gate_up_proj,1543,660.398
gate_up_proj,1544,660.271
gate_up_proj,1545,663.191
gate_up_proj,1546,659.979
gate_up_proj,1547,662.079
gate_up_proj,1548,661.979
gate_up_proj,1549,660.937
gate_up_proj,1550,659.558
gate_up_proj,1551,659.302
gate_up_proj,1552,659.635
gate_up_proj,1553,659.984
gate_up_proj,1554,663.104
gate_up_proj,1555,662.684
gate_up_proj,1556,661.835
gate_up_proj,1557,662.216
gate_up_proj,1558,661.774
gate_up_proj,1559,662.393
gate_up_proj,1560,662.842
gate_up_proj,1561,661.699
gate_up_proj,1562,664.611
gate_up_proj,1563,664.57
gate_up_proj,1564,660.336
gate_up_proj,1565,664.651
gate_up_proj,1566,663.739
gate_up_proj,1567,663.434
gate_up_proj,1568,662.938
gate_up_proj,1569,681.722
gate_up_proj,1570,680.979
gate_up_proj,1571,680.816
gate_up_proj,1572,681.789
gate_up_proj,1573,683.646
gate_up_proj,1574,681.791
gate_up_proj,1575,684.893
gate_up_proj,1576,683.946
gate_up_proj,1577,683.108
gate_up_proj,1578,682.469
gate_up_proj,1579,682.569
gate_up_proj,1580,683.042
gate_up_proj,1581,682.581
gate_up_proj,1582,680.937
gate_up_proj,1583,681.096
gate_up_proj,1584,707.235
gate_up_proj,1585,685.096
gate_up_proj,1586,683.89
gate_up_proj,1587,682.858
gate_up_proj,1588,683.886
gate_up_proj,1589,682.819
gate_up_proj,1590,685.687
gate_up_proj,1591,685.683
gate_up_proj,1592,682.264
gate_up_proj,1593,685.069
gate_up_proj,1594,683.432
gate_up_proj,1595,685.692
gate_up_proj,1596,684.203
gate_up_proj,1597,686.624
gate_up_proj,1598,682.889
gate_up_proj,1599,686.526
gate_up_proj,1600,752.343
gate_up_proj,1601,685.963
gate_up_proj,1602,683.934
gate_up_proj,1603,684.711
gate_up_proj,1604,685.701
gate_up_proj,1605,686.814
gate_up_proj,1606,682.815
gate_up_proj,1607,682.707
gate_up_proj,1608,683.784
gate_up_proj,1609,684.465
gate_up_proj,1610,683.81
gate_up_proj,1611,687.235
gate_up_proj,1612,683.226
gate_up_proj,1613,687.414
gate_up_proj,1614,686.742
gate_up_proj,1615,687.001
gate_up_proj,1616,705.443
gate_up_proj,1617,686.539
gate_up_proj,1618,685.492
gate_up_proj,1619,684.786
gate_up_proj,1620,685.866
gate_up_proj,1621,688.267
gate_up_proj,1622,684.544
gate_up_proj,1623,688.151
gate_up_proj,1624,684.439
gate_up_proj,1625,706.725
gate_up_proj,1626,704.76
gate_up_proj,1627,704.881
gate_up_proj,1628,705.819
gate_up_proj,1629,704.827
gate_up_proj,1630,706.655
gate_up_proj,1631,703.679
gate_up_proj,1632,840.04
gate_up_proj,1633,704.669
gate_up_proj,1634,703.414
gate_up_proj,1635,702.879
gate_up_proj,1636,703.303
gate_up_proj,1637,707.747
gate_up_proj,1638,703.36
gate_up_proj,1639,703.444
gate_up_proj,1640,707.203
gate_up_proj,1641,703.419
gate_up_proj,1642,707.588
gate_up_proj,1643,707.779
gate_up_proj,1644,705.562
gate_up_proj,1645,704.32
gate_up_proj,1646,708.187
gate_up_proj,1647,703.608
gate_up_proj,1648,708.699
gate_up_proj,1649,706.464
gate_up_proj,1650,704.908
gate_up_proj,1651,706.354
gate_up_proj,1652,704.637
gate_up_proj,1653,707.706
gate_up_proj,1654,705.657
gate_up_proj,1655,709.112
gate_up_proj,1656,707.466
gate_up_proj,1657,705.287
gate_up_proj,1658,708.794
gate_up_proj,1659,709.473
gate_up_proj,1660,704.85
gate_up_proj,1661,708.039
gate_up_proj,1662,706.677
gate_up_proj,1663,707.427
gate_up_proj,1664,757.743
gate_up_proj,1665,707.022
gate_up_proj,1666,707.516
gate_up_proj,1667,706.596
gate_up_proj,1668,709.586
gate_up_proj,1669,710.863
gate_up_proj,1670,710.211
gate_up_proj,1671,710.593
gate_up_proj,1672,710.555
gate_up_proj,1673,709.406
gate_up_proj,1674,706.797
gate_up_proj,1675,709.915
gate_up_proj,1676,708.805
gate_up_proj,1677,707.187
gate_up_proj,1678,710.6
gate_up_proj,1679,711.009
gate_up_proj,1680,706.627
gate_up_proj,1681,726.434
gate_up_proj,1682,728.767
gate_up_proj,1683,729.319
gate_up_proj,1684,728.121
gate_up_proj,1685,726.506
gate_up_proj,1686,729.325
gate_up_proj,1687,727.365
gate_up_proj,1688,729.659
gate_up_proj,1689,726.937
gate_up_proj,1690,727.484
gate_up_proj,1691,730.119
gate_up_proj,1692,728.533
gate_up_proj,1693,730.384
gate_up_proj,1694,730.53
gate_up_proj,1695,728.169
gate_up_proj,1696,755.449
gate_up_proj,1697,729.903
gate_up_proj,1698,727.785
gate_up_proj,1699,727.099
gate_up_proj,1700,730.217
gate_up_proj,1701,730.791
gate_up_proj,1702,731.499
gate_up_proj,1703,727.98
gate_up_proj,1704,730.821
gate_up_proj,1705,730.26
gate_up_proj,1706,728.56
gate_up_proj,1707,728.442
gate_up_proj,1708,730.033
gate_up_proj,1709,728.016
gate_up_proj,1710,730.604
gate_up_proj,1711,728.647
gate_up_proj,1712,752.255
gate_up_proj,1713,731.203
gate_up_proj,1714,728.738
gate_up_proj,1715,728.924
gate_up_proj,1716,731.192
gate_up_proj,1717,731.9
gate_up_proj,1718,732.618
gate_up_proj,1719,729.955
gate_up_proj,1720,729.272
gate_up_proj,1721,732.685
gate_up_proj,1722,730.451
gate_up_proj,1723,732.527
gate_up_proj,1724,732.089
gate_up_proj,1725,730.882
gate_up_proj,1726,729.876
gate_up_proj,1727,731.528
gate_up_proj,1728,754.744
gate_up_proj,1729,733.397
gate_up_proj,1730,732.558
gate_up_proj,1731,729.995
gate_up_proj,1732,729.114
gate_up_proj,1733,732.307
gate_up_proj,1734,730.594
gate_up_proj,1735,734.224
gate_up_proj,1736,731.933
gate_up_proj,1737,754.43
gate_up_proj,1738,756.83
gate_up_proj,1739,754.456
gate_up_proj,1740,753.824
gate_up_proj,1741,756.912
gate_up_proj,1742,754.991
gate_up_proj,1743,757.507
gate_up_proj,1744,756.513
gate_up_proj,1745,755.344
gate_up_proj,1746,758.681
gate_up_proj,1747,758.465
gate_up_proj,1748,756.046
gate_up_proj,1749,759.344
gate_up_proj,1750,757.386
gate_up_proj,1751,755.803
gate_up_proj,1752,755.212
gate_up_proj,1753,758.085
gate_up_proj,1754,755.029
gate_up_proj,1755,759.59
gate_up_proj,1756,758.399
gate_up_proj,1757,755.968
gate_up_proj,1758,755.832
gate_up_proj,1759,757.258
gate_up_proj,1760,757.246
gate_up_proj,1761,756.12
gate_up_proj,1762,757.905
gate_up_proj,1763,756.511
gate_up_proj,1764,756.129
gate_up_proj,1765,757.607
gate_up_proj,1766,756.158
gate_up_proj,1767,759.37
gate_up_proj,1768,758.422
gate_up_proj,1769,757.073
gate_up_proj,1770,759.838
gate_up_proj,1771,757.823
gate_up_proj,1772,757.004
gate_up_proj,1773,761.014
gate_up_proj,1774,757.587
gate_up_proj,1775,757.366
gate_up_proj,1776,758.047
gate_up_proj,1777,758.015
gate_up_proj,1778,757.464
gate_up_proj,1779,759.472
gate_up_proj,1780,758.803
gate_up_proj,1781,761.052
gate_up_proj,1782,760.651
gate_up_proj,1783,759.194
gate_up_proj,1784,761.526
gate_up_proj,1785,761.733
gate_up_proj,1786,760.537
gate_up_proj,1787,757.927
gate_up_proj,1788,758.467
gate_up_proj,1789,760.913
gate_up_proj,1790,758.59
gate_up_proj,1791,762.325
gate_up_proj,1792,761.349
gate_up_proj,1793,797.639
gate_up_proj,1794,796.468
gate_up_proj,1795,799.516
gate_up_proj,1796,799.036
gate_up_proj,1797,796.49
gate_up_proj,1798,800.779
gate_up_proj,1799,798.196
gate_up_proj,1800,798.826
gate_up_proj,1801,797.702
gate_up_proj,1802,798.825
gate_up_proj,1803,801.145
gate_up_proj,1804,797.447
gate_up_proj,1805,800.743
gate_up_proj,1806,801.074
gate_up_proj,1807,797.595
gate_up_proj,1808,796.709
gate_up_proj,1809,799.482
gate_up_proj,1810,799.06
gate_up_proj,1811,802.006
gate_up_proj,1812,800.668
gate_up_proj,1813,802.114
gate_up_proj,1814,798.451
gate_up_proj,1815,803.035
gate_up_proj,1816,801.033
gate_up_proj,1817,800.395
gate_up_proj,1818,801.76
gate_up_proj,1819,799.7
gate_up_proj,1820,802.025
gate_up_proj,1821,802.277
gate_up_proj,1822,800.393
gate_up_proj,1823,799.463
gate_up_proj,1824,837.153
gate_up_proj,1825,802.099
gate_up_proj,1826,803.712
gate_up_proj,1827,803.245
gate_up_proj,1828,803.912
gate_up_proj,1829,802.01
gate_up_proj,1830,804.487
gate_up_proj,1831,800.15
gate_up_proj,1832,804.536
gate_up_proj,1833,803.876
gate_up_proj,1834,805.902
gate_up_proj,1835,805.048
gate_up_proj,1836,804.824
gate_up_proj,1837,804.371
gate_up_proj,1838,805.061
gate_up_proj,1839,804.626
gate_up_proj,1840,796.798
gate_up_proj,1841,803.002
gate_up_proj,1842,801.877
gate_up_proj,1843,805.295
gate_up_proj,1844,805.056
gate_up_proj,1845,803.251
gate_up_proj,1846,805.325
gate_up_proj,1847,804.906
gate_up_proj,1848,804.588
gate_up_proj,1849,805.042
gate_up_proj,1850,803.336
gate_up_proj,1851,803.144
gate_up_proj,1852,806.071
gate_up_proj,1853,804.02
gate_up_proj,1854,806.67
gate_up_proj,1855,806.778
gate_up_proj,1856,842.87
gate_up_proj,1857,805.092
gate_up_proj,1858,807.76
gate_up_proj,1859,806.518
gate_up_proj,1860,807.01
gate_up_proj,1861,806.871
gate_up_proj,1862,805.197
gate_up_proj,1863,805.186
gate_up_proj,1864,806.345
gate_up_proj,1865,807.054
gate_up_proj,1866,807.245
gate_up_proj,1867,807.92
gate_up_proj,1868,805.025
gate_up_proj,1869,808.881
gate_up_proj,1870,805.866
gate_up_proj,1871,804.671
gate_up_proj,1872,799.465
gate_up_proj,1873,807.525
gate_up_proj,1874,805.689
gate_up_proj,1875,805.951
gate_up_proj,1876,806.895
gate_up_proj,1877,808.366
gate_up_proj,1878,805.631
gate_up_proj,1879,805.699
gate_up_proj,1880,808.577
gate_up_proj,1881,807.849
gate_up_proj,1882,809.864
gate_up_proj,1883,806.378
gate_up_proj,1884,810.564
gate_up_proj,1885,808.114
gate_up_proj,1886,809.492
gate_up_proj,1887,811.853
gate_up_proj,1888,846.345
gate_up_proj,1889,809.976
gate_up_proj,1890,810.241
gate_up_proj,1891,810.803
gate_up_proj,1892,812.696
gate_up_proj,1893,809.235
gate_up_proj,1894,807.543
gate_up_proj,1895,807.18
gate_up_proj,1896,811.332
gate_up_proj,1897,808.566
gate_up_proj,1898,807.79
gate_up_proj,1899,812.985
gate_up_proj,1900,809.913
gate_up_proj,1901,812.608
gate_up_proj,1902,814.676
gate_up_proj,1903,812.245
gate_up_proj,1904,804.939
gate_up_proj,1905,846.372
gate_up_proj,1906,846.128
gate_up_proj,1907,844.886
gate_up_proj,1908,847.357
gate_up_proj,1909,847.045
gate_up_proj,1910,847.425
gate_up_proj,1911,847.083
gate_up_proj,1912,847.486
gate_up_proj,1913,847.167
gate_up_proj,1914,847.454
gate_up_proj,1915,847.376
gate_up_proj,1916,849.436
gate_up_proj,1917,847.827
gate_up_proj,1918,848.957
gate_up_proj,1919,850.168
gate_up_proj,1920,846.313
gate_up_proj,1921,845.235
gate_up_proj,1922,847.328
gate_up_proj,1923,843.669
gate_up_proj,1924,844.231
gate_up_proj,1925,846.435
gate_up_proj,1926,845.152
gate_up_proj,1927,844.215
gate_up_proj,1928,844.37
gate_up_proj,1929,846.862
gate_up_proj,1930,847.461
gate_up_proj,1931,842.84
gate_up_proj,1932,844.637
gate_up_proj,1933,847.14
gate_up_proj,1934,846.319
gate_up_proj,1935,845.943
gate_up_proj,1936,844.272
gate_up_proj,1937,843.991
gate_up_proj,1938,846.259
gate_up_proj,1939,844.031
gate_up_proj,1940,843.936
gate_up_proj,1941,844.855
gate_up_proj,1942,847.651
gate_up_proj,1943,846.294
gate_up_proj,1944,845.416
gate_up_proj,1945,844.129
gate_up_proj,1946,848.328
gate_up_proj,1947,849.353
gate_up_proj,1948,847.808
gate_up_proj,1949,845.749
gate_up_proj,1950,845.583
gate_up_proj,1951,849.349
gate_up_proj,1952,842.434
gate_up_proj,1953,848.394
gate_up_proj,1954,846.737
gate_up_proj,1955,846.07
gate_up_proj,1956,845.139
gate_up_proj,1957,849.359
gate_up_proj,1958,848.627
gate_up_proj,1959,847.572
gate_up_proj,1960,846.495
gate_up_proj,1961,846.795
gate_up_proj,1962,850.017
gate_up_proj,1963,848.967
gate_up_proj,1964,849.492
gate_up_proj,1965,847.807
gate_up_proj,1966,847.26
gate_up_proj,1967,848.187
gate_up_proj,1968,849.565
gate_up_proj,1969,849.668
gate_up_proj,1970,847.772
gate_up_proj,1971,846.888
gate_up_proj,1972,847.309
gate_up_proj,1973,851.37
gate_up_proj,1974,849.265
gate_up_proj,1975,851.361
gate_up_proj,1976,848.06
gate_up_proj,1977,848.362
gate_up_proj,1978,851.383
gate_up_proj,1979,852.084
gate_up_proj,1980,850.69
gate_up_proj,1981,850.104
gate_up_proj,1982,848.401
gate_up_proj,1983,851.542
gate_up_proj,1984,882.2
gate_up_proj,1985,851.254
gate_up_proj,1986,849.35
gate_up_proj,1987,849.745
gate_up_proj,1988,850.406
gate_up_proj,1989,853.183
gate_up_proj,1990,853.403
gate_up_proj,1991,850.569
gate_up_proj,1992,854.011
gate_up_proj,1993,849.525
gate_up_proj,1994,850.664
gate_up_proj,1995,852.638
gate_up_proj,1996,852.77
gate_up_proj,1997,851.398
gate_up_proj,1998,852.312
gate_up_proj,1999,852.361
gate_up_proj,2000,852.426
gate_up_proj,2001,853.918
gate_up_proj,2002,853.625
gate_up_proj,2003,852.694
gate_up_proj,2004,854.667
gate_up_proj,2005,851.638
gate_up_proj,2006,850.469
gate_up_proj,2007,854.283
gate_up_proj,2008,855.353
gate_up_proj,2009,853.473
gate_up_proj,2010,851.75
gate_up_proj,2011,852.225
gate_up_proj,2012,852.045
gate_up_proj,2013,855.918
gate_up_proj,2014,854.179
gate_up_proj,2015,853.842
gate_up_proj,2016,848.819
gate_up_proj,2017,886.484
gate_up_proj,2018,885.854
gate_up_proj,2019,888.583
gate_up_proj,2020,886.708
gate_up_proj,2021,887.553
gate_up_proj,2022,886.536
gate_up_proj,2023,888.563
gate_up_proj,2024,886.719
gate_up_proj,2025,888.967
gate_up_proj,2026,887.726
gate_up_proj,2027,886.949
gate_up_proj,2028,887.013
gate_up_proj,2029,889.675
gate_up_proj,2030,890.732
gate_up_proj,2031,889.589
gate_up_proj,2032,912.047
gate_up_proj,2033,890.538
gate_up_proj,2034,887.504
gate_up_proj,2035,890.358
gate_up_proj,2036,887.549
gate_up_proj,2037,888.32
gate_up_proj,2038,890.71
gate_up_proj,2039,890.401
gate_up_proj,2040,890.891
gate_up_proj,2041,888.946
gate_up_proj,2042,889.33
gate_up_proj,2043,888.493
gate_up_proj,2044,888.554
gate_up_proj,2045,888.208
gate_up_proj,2046,892.345
gate_up_proj,2047,890.986
gate_up_proj,2048,885.881
layernorm,1,23.413
layernorm,2,26.8235
layernorm,3,26.748
layernorm,4,27.1675
layernorm,5,27.3625
layernorm,6,26.9595
layernorm,7,27.403
layernorm,8,27.3995
layernorm,9,27.4525
layernorm,10,27.49
layernorm,11,27.615
layernorm,12,27.757
layernorm,13,27.9085
layernorm,14,27.788
layernorm,15,27.9365
layernorm,16,27.8845
layernorm,17,28.2645
layernorm,18,28.4155
layernorm,19,28.2105
layernorm,20,28.131
layernorm,21,28.3905
layernorm,22,28.2775
layernorm,23,28.4445
layernorm,24,28.2665
layernorm,25,28.4485
layernorm,26,28.5805
layernorm,27,28.446
layernorm,28,28.596
layernorm,29,28.7655
layernorm,30,28.5405
layernorm,31,28.766
layernorm,32,28.551
layernorm,33,28.7055
layernorm,34,28.864
layernorm,35,28.658
layernorm,36,29.039
layernorm,37,28.9525
layernorm,38,28.821
layernorm,39,29.101
layernorm,40,29.1585
layernorm,41,29.149
layernorm,42,29.348
layernorm,43,29.597
layernorm,44,29.6015
layernorm,45,29.405
layernorm,46,29.4845
layernorm,47,29.7165
layernorm,48,29.361
layernorm,49,29.5875
layernorm,50,29.653
layernorm,51,29.7845
layernorm,52,29.8515
layernorm,53,29.8885
layernorm,54,30.0185
layernorm,55,30.315
layernorm,56,30.128
layernorm,57,30.2195
layernorm,58,30.2065
layernorm,59,30.3925
layernorm,60,30.5535
layernorm,61,30.5595
layernorm,62,31.1545
layernorm,63,31.028
layernorm,64,30.6875
layernorm,65,31.114
layernorm,66,31.1895
layernorm,67,31.2415
layernorm,68,31.301
layernorm,69,31.3385
layernorm,70,31.2375
layernorm,71,31.414
layernorm,72,31.194
layernorm,73,31.506
layernorm,74,31.613
layernorm,75,31.711
layernorm,76,31.6945
layernorm,77,31.7545
layernorm,78,32.072
layernorm,79,32.155
layernorm,80,31.793
layernorm,81,32.1835
layernorm,82,32.4
layernorm,83,32.433
layernorm,84,32.551
layernorm,85,32.511
layernorm,86,32.5865
layernorm,87,32.684
layernorm,88,32.254
layernorm,89,32.68
layernorm,90,32.73
layernorm,91,32.829
layernorm,92,32.868
layernorm,93,33.1965
layernorm,94,33.03
layernorm,95,33.4105
layernorm,96,32.9585
layernorm,97,33.323
layernorm,98,33.428
layernorm,99,33.475
layernorm,100,33.751
layernorm,101,33.752
layernorm,102,33.9145
layernorm,103,33.936
layernorm,104,33.724
layernorm,105,33.9055
layernorm,106,34.043
layernorm,107,34.0195
layernorm,108,34.2505
layernorm,109,34.3445
layernorm,110,34.3385
layernorm,111,34.4855
layernorm,112,34.2215
layernorm,113,34.471
layernorm,114,34.6295
layernorm,115,34.7025
layernorm,116,34.778
layernorm,117,34.977
layernorm,118,34.935
layernorm,119,34.994
layernorm,120,34.6465
layernorm,121,34.9755
layernorm,122,35.2235
layernorm,123,35.2465
layernorm,124,35.2985
layernorm,125,35.462
layernorm,126,35.4835
layernorm,127,35.6705
layernorm,128,35.3745
layernorm,129,35.6985
layernorm,130,35.8565
layernorm,131,35.9895
layernorm,132,36.0575
layernorm,133,36.2655
layernorm,134,36.6375
layernorm,135,36.739
layernorm,136,36.6575
layernorm,137,36.943
layernorm,138,37.0435
layernorm,139,37.039
layernorm,140,37.1725
layernorm,141,37.232
layernorm,142,37.1935
layernorm,143,37.412
layernorm,144,37.3635
layernorm,145,37.646
layernorm,146,37.804
layernorm,147,37.8645
layernorm,148,37.811
layernorm,149,37.8185
layernorm,150,38.3155
layernorm,151,38.0545
layernorm,152,37.8855
layernorm,153,38.2455
layernorm,154,38.24
layernorm,155,38.3895
layernorm,156,38.3855
layernorm,157,38.6995
layernorm,158,38.8565
layernorm,159,38.782
layernorm,160,38.6575
layernorm,161,38.999
layernorm,162,38.9545
layernorm,163,38.985
layernorm,164,39.2815
layernorm,165,39.351
layernorm,166,39.394
layernorm,167,39.597
layernorm,168,39.3865
layernorm,169,39.6845
layernorm,170,39.719
layernorm,171,39.7295
layernorm,172,39.926
layernorm,173,39.8055
layernorm,174,40.1055
layernorm,175,40.17
layernorm,176,40.1335
layernorm,177,40.35
layernorm,178,40.4755
layernorm,179,40.493
layernorm,180,40.5485
layernorm,181,40.454
layernorm,182,40.8385
layernorm,183,41.2335
layernorm,184,40.957
layernorm,185,41.254
layernorm,186,41.3255
layernorm,187,41.1655
layernorm,188,41.5525
layernorm,189,41.542
layernorm,190,41.6225
layernorm,191,41.688
layernorm,192,41.537
layernorm,193,41.7185
layernorm,194,41.5935
layernorm,195,41.839
layernorm,196,41.8375
layernorm,197,42.171
layernorm,198,42.053
layernorm,199,45.3645
layernorm,200,45.7565
layernorm,201,45.973
layernorm,202,46.266
layernorm,203,46.35
layernorm,204,46.381
layernorm,205,46.526
layernorm,206,46.579
layernorm,207,46.5965
layernorm,208,46.294
layernorm,209,47.032
layernorm,210,47.2
layernorm,211,47.2465
layernorm,212,47.2325
layernorm,213,47.303
layernorm,214,47.6035
layernorm,215,47.4355
layernorm,216,47.4105
layernorm,217,47.673
layernorm,218,47.892
layernorm,219,47.929
layernorm,220,48.0115
layernorm,221,48.2445
layernorm,222,47.993
layernorm,223,48.15
layernorm,224,47.957
layernorm,225,48.3895
layernorm,226,48.648
layernorm,227,48.576
layernorm,228,48.5075
layernorm,229,48.373
layernorm,230,48.603
layernorm,231,48.7465
layernorm,232,48.685
layernorm,233,48.9875
layernorm,234,48.8115
layernorm,235,49.1315
layernorm,236,49.2525
layernorm,237,49.492
layernorm,238,49.574
layernorm,239,49.37
layernorm,240,49.115
layernorm,241,49.5945
layernorm,242,49.496
layernorm,243,49.6525
layernorm,244,49.878
layernorm,245,49.666
layernorm,246,49.8385
layernorm,247,49.967
layernorm,248,49.743
layernorm,249,50.2365
layernorm,250,50.1415
layernorm,251,50.161
layernorm,252,50.291
layernorm,253,50.4425
layernorm,254,50.3845
layernorm,255,50.648
layernorm,256,50.7005
layernorm,257,51.257
layernorm,258,51.196
layernorm,259,51.671
layernorm,260,51.416
layernorm,261,51.346
layernorm,262,51.4485
layernorm,263,51.8565
layernorm,264,51.728
layernorm,265,51.976
layernorm,266,52.3165
layernorm,267,52.7665
layernorm,268,52.7795
layernorm,269,52.7005
layernorm,270,52.866
layernorm,271,53.332
layernorm,272,52.7755
layernorm,273,53.208
layernorm,274,53.4345
layernorm,275,53.5635
layernorm,276,53.647
layernorm,277,53.868
layernorm,278,54.3045
layernorm,279,53.9155
layernorm,280,53.5405
layernorm,281,54.094
layernorm,282,54.47
layernorm,283,54.3935
layernorm,284,54.189
layernorm,285,54.3385
layernorm,286,54.7265
layernorm,287,54.8365
layernorm,288,54.522
layernorm,289,54.7465
layernorm,290,54.9775
layernorm,291,55.266
layernorm,292,55.28
layernorm,293,55.001
layernorm,294,55.011
layernorm,295,55.282
layernorm,296,55.057
layernorm,297,55.583
layernorm,298,55.185
layernorm,299,55.8755
layernorm,300,55.6555
layernorm,301,55.814
layernorm,302,55.9145
layernorm,303,56.2835
layernorm,304,55.765
layernorm,305,56.225
layernorm,306,56.2975
layernorm,307,56.463
layernorm,308,56.323
layernorm,309,56.7255
layernorm,310,56.5075
layernorm,311,56.984
layernorm,312,56.7935
layernorm,313,56.8505
layernorm,314,56.933
layernorm,315,56.8715
layernorm,316,57.092
layernorm,317,57.357
layernorm,318,57.227
layernorm,319,57.4795
layernorm,320,57.326
layernorm,321,57.3765
layernorm,322,57.68
layernorm,323,57.585
layernorm,324,57.767
layernorm,325,57.8515
layernorm,326,57.8305
layernorm,327,58.1025
layernorm,328,57.768
layernorm,329,58.4315
layernorm,330,58.337
layernorm,331,58.138
layernorm,332,58.4055
layernorm,333,58.768
layernorm,334,58.8595
layernorm,335,58.742
layernorm,336,58.5485
layernorm,337,59.052
layernorm,338,59.2435
layernorm,339,59.141
layernorm,340,59.3935
layernorm,341,59.301
layernorm,342,59.5345
layernorm,343,59.738
layernorm,344,59.401
layernorm,345,59.705
layernorm,346,59.828
layernorm,347,60.1025
layernorm,348,60.128
layernorm,349,59.994
layernorm,350,60.251
layernorm,351,60.525
layernorm,352,60.0015
layernorm,353,60.5155
layernorm,354,60.519
layernorm,355,60.601
layernorm,356,60.7855
layernorm,357,61.1185
layernorm,358,61.053
layernorm,359,61.2875
layernorm,360,61.085
layernorm,361,61.46
layernorm,362,61.3475
layernorm,363,61.6155
layernorm,364,61.7625
layernorm,365,62.0095
layernorm,366,61.8005
layernorm,367,62.123
layernorm,368,61.8335
layernorm,369,62.363
layernorm,370,62.4035
layernorm,371,62.2865
layernorm,372,62.704
layernorm,373,62.629
layernorm,374,63.02
layernorm,375,62.955
layernorm,376,62.632
layernorm,377,63.0875
layernorm,378,63.4045
layernorm,379,63.268
layernorm,380,63.499
layernorm,381,63.718
layernorm,382,63.9575
layernorm,383,64.101
layernorm,384,63.8355
layernorm,385,64.1865
layernorm,386,64.1565
layernorm,387,64.591
layernorm,388,64.563
layernorm,389,64.6225
layernorm,390,64.7115
layernorm,391,64.7535
layernorm,392,64.4895
layernorm,393,64.9985
layernorm,394,65.5015
layernorm,395,65.321
layernorm,396,65.936
layernorm,397,66.7125
layernorm,398,67.0245
layernorm,399,67.291
layernorm,400,66.847
layernorm,401,67.5035
layernorm,402,67.5495
layernorm,403,67.6915
layernorm,404,67.6275
layernorm,405,67.749
layernorm,406,67.966
layernorm,407,68.065
layernorm,408,67.812
layernorm,409,68.2405
layernorm,410,68.386
layernorm,411,68.5325
layernorm,412,68.564
layernorm,413,69.0135
layernorm,414,69.106
layernorm,415,68.8805
layernorm,416,68.399
layernorm,417,69.1585
layernorm,418,69.1055
layernorm,419,69.5125
layernorm,420,69.8065
layernorm,421,69.549
layernorm,422,69.327
layernorm,423,69.763
layernorm,424,69.5295
layernorm,425,70.1025
layernorm,426,69.6525
layernorm,427,69.906
layernorm,428,70.082
layernorm,429,69.9585
layernorm,430,70.124
layernorm,431,70.02
layernorm,432,69.8635
layernorm,433,70.56
layernorm,434,70.8555
layernorm,435,70.8215
layernorm,436,70.938
layernorm,437,71.112
layernorm,438,71.5325
layernorm,439,71.252
layernorm,440,71.16
layernorm,441,71.5195
layernorm,442,72.125
layernorm,443,71.664
layernorm,444,72.007
layernorm,445,71.99
layernorm,446,72.4685
layernorm,447,72.26
layernorm,448,71.7115
layernorm,449,72.425
layernorm,450,72.63
layernorm,451,72.619
layernorm,452,72.6495
layernorm,453,72.865
layernorm,454,73.1615
layernorm,455,73.013
layernorm,456,72.7705
layernorm,457,73.5665
layernorm,458,73.4545
layernorm,459,73.477
layernorm,460,73.4275
layernorm,461,73.48
layernorm,462,74.0465
layernorm,463,73.7835
layernorm,464,73.408
layernorm,465,73.872
layernorm,466,74.3565
layernorm,467,74.188
layernorm,468,74.1945
layernorm,469,74.4615
layernorm,470,74.631
layernorm,471,74.6235
layernorm,472,74.261
layernorm,473,74.7685
layernorm,474,75.113
layernorm,475,75.049
layernorm,476,75.368
layernorm,477,75.4215
layernorm,478,75.222
layernorm,479,75.866
layernorm,480,75.428
layernorm,481,75.895
layernorm,482,75.6195
layernorm,483,75.711
layernorm,484,76.0625
layernorm,485,75.9475
layernorm,486,75.855
layernorm,487,75.963
layernorm,488,76.012
layernorm,489,76.3465
layernorm,490,76.555
layernorm,491,76.3435
layernorm,492,76.545
layernorm,493,76.605
layernorm,494,76.462
layernorm,495,76.8175
layernorm,496,76.4725
layernorm,497,77.247
layernorm,498,77.0325
layernorm,499,77.201
layernorm,500,77.191
layernorm,501,77.1025
layernorm,502,77.481
layernorm,503,77.6495
layernorm,504,76.886
layernorm,505,77.641
layernorm,506,77.7805
layernorm,507,77.947
layernorm,508,78.2355
layernorm,509,78.2365
layernorm,510,78.0465
layernorm,511,79.049
layernorm,512,78.0035
layernorm,513,79.0525
layernorm,514,79.101
layernorm,515,79.139
layernorm,516,79.124
layernorm,517,79.5305
layernorm,518,79.7975
layernorm,519,79.5455
layernorm,520,79.3755
layernorm,521,79.945
layernorm,522,80.0215
layernorm,523,80.2535
layernorm,524,80.597
layernorm,525,80.705
layernorm,526,80.519
layernorm,527,80.7035
layernorm,528,80.4625
layernorm,529,81.9955
layernorm,530,82.4245
layernorm,531,82.7655
layernorm,532,83.0005
layernorm,533,83.1255
layernorm,534,83.272
layernorm,535,83.6765
layernorm,536,83.372
layernorm,537,83.6405
layernorm,538,83.767
layernorm,539,84.3035
layernorm,540,84.455
layernorm,541,84.69
layernorm,542,84.683
layernorm,543,84.594
layernorm,544,84.307
layernorm,545,84.985
layernorm,546,85.816
layernorm,547,85.391
layernorm,548,85.6755
layernorm,549,85.3995
layernorm,550,85.5165
layernorm,551,86.6345
layernorm,552,85.766
layernorm,553,85.819
layernorm,554,86.103
layernorm,555,87.3305
layernorm,556,87.4755
layernorm,557,86.749
layernorm,558,87.42
layernorm,559,87.138
layernorm,560,87.1145
layernorm,561,87.492
layernorm,562,87.746
layernorm,563,88.525
layernorm,564,88.0605
layernorm,565,88.2255
layernorm,566,89.117
layernorm,567,88.875
layernorm,568,88.0935
layernorm,569,88.5865
layernorm,570,88.729
layernorm,571,89.0185
layernorm,572,89.3855
layernorm,573,89.153
layernorm,574,89.0935
layernorm,575,89.712
layernorm,576,89.3465
layernorm,577,89.5815
layernorm,578,89.867
layernorm,579,90.585
layernorm,580,89.9465
layernorm,581,90.3645
layernorm,582,90.375
layernorm,583,90.736
layernorm,584,90.737
layernorm,585,90.83
layernorm,586,91.135
layernorm,587,91.95
layernorm,588,91.6515
layernorm,589,91.8035
layernorm,590,92.4765
layernorm,591,92.7215
layernorm,592,92.2355
layernorm,593,92.9745
layernorm,594,93.1905
layernorm,595,94.2835
layernorm,596,93.771
layernorm,597,94.0425
layernorm,598,94.6955
layernorm,599,95.156
layernorm,600,94.095
layernorm,601,95.0225
layernorm,602,95.3665
layernorm,603,95.2555
layernorm,604,95.5975
layernorm,605,96.0195
layernorm,606,95.5815
layernorm,607,96.653
layernorm,608,96.8105
layernorm,609,96.4045
layernorm,610,96.3185
layernorm,611,97.516
layernorm,612,96.57
layernorm,613,97.2385
layernorm,614,97.556
layernorm,615,97.872
layernorm,616,97.7275
layernorm,617,98.9725
layernorm,618,98.676
layernorm,619,98.756
layernorm,620,98.4945
layernorm,621,99.49
layernorm,622,98.912
layernorm,623,99.367
layernorm,624,99.732
layernorm,625,100.596
layernorm,626,99.885
layernorm,627,100.4265
layernorm,628,100.5915
layernorm,629,101.5105
layernorm,630,101.0975
layernorm,631,100.762
layernorm,632,101.0525
layernorm,633,102.317
layernorm,634,101.15
layernorm,635,101.7365
layernorm,636,101.3915
layernorm,637,101.5255
layernorm,638,102.246
layernorm,639,102.156
layernorm,640,101.601
layernorm,641,102.166
layernorm,642,102.543
layernorm,643,102.856
layernorm,644,103.154
layernorm,645,103.039
layernorm,646,103.348
layernorm,647,103.601
layernorm,648,103.4145
layernorm,649,103.397
layernorm,650,103.543
layernorm,651,103.958
layernorm,652,104.788
layernorm,653,105.011
layernorm,654,104.7775
layernorm,655,104.629
layernorm,656,104.4305
layernorm,657,105.0475
layernorm,658,105.073
layernorm,659,105.7215
layernorm,660,106.011
layernorm,661,106.0905
layernorm,662,105.9535
layernorm,663,106.1305
layernorm,664,106.3025
layernorm,665,107.246
layernorm,666,106.5235
layernorm,667,107.312
layernorm,668,106.7105
layernorm,669,106.9115
layernorm,670,107.184
layernorm,671,107.3275
layernorm,672,107.9535
layernorm,673,107.999
layernorm,674,107.7655
layernorm,675,108.207
layernorm,676,108.4675
layernorm,677,108.5785
layernorm,678,108.955
layernorm,679,108.9185
layernorm,680,108.5305
layernorm,681,109.324
layernorm,682,109.6235
layernorm,683,109.3775
layernorm,684,109.756
layernorm,685,109.9685
layernorm,686,110.0735
layernorm,687,110.1485
layernorm,688,110.338
layernorm,689,111.82
layernorm,690,111.0285
layernorm,691,111.088
layernorm,692,111.516
layernorm,693,111.486
layernorm,694,111.4815
layernorm,695,111.8625
layernorm,696,111.7355
layernorm,697,111.8675
layernorm,698,112.656
layernorm,699,112.3315
layernorm,700,112.6205
layernorm,701,112.8025
layernorm,702,112.8865
layernorm,703,113.335
layernorm,704,112.7585
layernorm,705,113.0865
layernorm,706,113.132
layernorm,707,113.8945
layernorm,708,113.5365
layernorm,709,114.147
layernorm,710,113.8725
layernorm,711,114.4755
layernorm,712,114.313
layernorm,713,114.999
layernorm,714,114.653
layernorm,715,115.074
layernorm,716,115.285
layernorm,717,115.9445
layernorm,718,115.6105
layernorm,719,116.1175
layernorm,720,115.2555
layernorm,721,115.9725
layernorm,722,116.4315
layernorm,723,117.3405
layernorm,724,117.5125
layernorm,725,116.714
layernorm,726,118.184
layernorm,727,117.318
layernorm,728,117.2405
layernorm,729,117.557
layernorm,730,118.452
layernorm,731,117.6665
layernorm,732,118.269
layernorm,733,118.2415
layernorm,734,118.5145
layernorm,735,118.791
layernorm,736,118.2225
layernorm,737,118.634
layernorm,738,119.796
layernorm,739,119.5115
layernorm,740,119.8665
layernorm,741,119.709
layernorm,742,119.5785
layernorm,743,120.3235
layernorm,744,120.1235
layernorm,745,120.4945
layernorm,746,120.2735
layernorm,747,121.0625
layernorm,748,122.0165
layernorm,749,120.878
layernorm,750,120.9865
layernorm,751,122.4
layernorm,752,121.4655
layernorm,753,122.951
layernorm,754,122.101
layernorm,755,122.3205
layernorm,756,122.428
layernorm,757,122.471
layernorm,758,122.7735
layernorm,759,123.4315
layernorm,760,122.5985
layernorm,761,124.269
layernorm,762,123.7405
layernorm,763,123.424
layernorm,764,123.947
layernorm,765,123.8545
layernorm,766,125.0875
layernorm,767,124.2695
layernorm,768,124.708
layernorm,769,123.8855
layernorm,770,124.601
layernorm,771,124.6155
layernorm,772,125.3715
layernorm,773,125.307
layernorm,774,125.174
layernorm,775,125.128
layernorm,776,125.18
layernorm,777,125.688
layernorm,778,126.6515
layernorm,779,127.208
layernorm,780,126.8735
layernorm,781,126.8245
layernorm,782,126.894
layernorm,783,127.339
layernorm,784,126.775
layernorm,785,127.2145
layernorm,786,127.714
layernorm,787,127.775
layernorm,788,128.0065
layernorm,789,128.2905
layernorm,790,128.3895
layernorm,791,128.857
layernorm,792,127.9705
layernorm,793,128.8865
layernorm,794,129.9215
layernorm,795,128.9955
layernorm,796,129.3345
layernorm,797,129.415
layernorm,798,129.7415
layernorm,799,130.8945
layernorm,800,129.896
layernorm,801,131.36
layernorm,802,130.082
layernorm,803,130.4825
layernorm,804,131.71
layernorm,805,131.0185
layernorm,806,130.958
layernorm,807,131.402
layernorm,808,130.943
layernorm,809,131.63
layernorm,810,131.511
layernorm,811,132.6345
layernorm,812,131.963
layernorm,813,131.864
layernorm,814,133.2555
layernorm,815,132.72
layernorm,816,132.846
layernorm,817,132.802
layernorm,818,133.9435
layernorm,819,134.3775
layernorm,820,133.152
layernorm,821,133.257
layernorm,822,134.7085
layernorm,823,134.5565
layernorm,824,134.2395
layernorm,825,134.307
layernorm,826,133.923
layernorm,827,135.5845
layernorm,828,134.6405
layernorm,829,135.572
layernorm,830,135.964
layernorm,831,135.4385
layernorm,832,134.692
layernorm,833,136.263
layernorm,834,136.156
layernorm,835,136.94
layernorm,836,136.9615
layernorm,837,137.0555
layernorm,838,138.3445
layernorm,839,138.806
layernorm,840,137.2695
layernorm,841,138.3445
layernorm,842,139.143
layernorm,843,138.334
layernorm,844,138.4515
layernorm,845,138.9575
layernorm,846,140.0445
layernorm,847,139.3055
layernorm,848,138.6805
layernorm,849,139.817
layernorm,850,141.091
layernorm,851,140.123
layernorm,852,140.2545
layernorm,853,140.6345
layernorm,854,141.622
layernorm,855,141.002
layernorm,856,141.019
layernorm,857,141.2475
layernorm,858,142.003
layernorm,859,142.2235
layernorm,860,142.281
layernorm,861,141.792
layernorm,862,142.1765
layernorm,863,142.606
layernorm,864,142.8365
layernorm,865,144.0125
layernorm,866,143.118
layernorm,867,144.0825
layernorm,868,145.146
layernorm,869,143.925
layernorm,870,144.3215
layernorm,871,144.5345
layernorm,872,145.447
layernorm,873,145.9745
layernorm,874,144.8705
layernorm,875,146.2945
layernorm,876,145.3415
layernorm,877,145.8
layernorm,878,146.9015
layernorm,879,146.111
layernorm,880,145.5895
layernorm,881,147.847
layernorm,882,148.14
layernorm,883,147.224
layernorm,884,147.9445
layernorm,885,148.8955
layernorm,886,147.4565
layernorm,887,148.7355
layernorm,888,147.302
layernorm,889,148.375
layernorm,890,148.664
layernorm,891,148.59
layernorm,892,148.7055
layernorm,893,149.5315
layernorm,894,148.8035
layernorm,895,149.6925
layernorm,896,149.1955
layernorm,897,150.788
layernorm,898,150.614
layernorm,899,150.006
layernorm,900,150.4825
layernorm,901,150.0655
layernorm,902,151.614
layernorm,903,150.912
layernorm,904,150.874
layernorm,905,150.8875
layernorm,906,151.594
layernorm,907,151.378
layernorm,908,151.754
layernorm,909,152.216
layernorm,910,152.9075
layernorm,911,153.8575
layernorm,912,152.2105
layernorm,913,153.4345
layernorm,914,153.1925
layernorm,915,154.3215
layernorm,916,153.9135
layernorm,917,155.108
layernorm,918,154.231
layernorm,919,154.4285
layernorm,920,154.6805
layernorm,921,155.9755
layernorm,922,155.515
layernorm,923,156.139
layernorm,924,156.4785
layernorm,925,156.809
layernorm,926,155.592
layernorm,927,157.3415
layernorm,928,156.299
layernorm,929,157.6715
layernorm,930,156.5485
layernorm,931,157.313
layernorm,932,157.0545
layernorm,933,158.773
layernorm,934,157.967
layernorm,935,158.897
layernorm,936,157.3795
layernorm,937,159.2605
layernorm,938,158.5575
layernorm,939,158.543
layernorm,940,159.5675
layernorm,941,160.037
layernorm,942,160.36
layernorm,943,159.0485
layernorm,944,160.374
layernorm,945,159.727
layernorm,946,159.4585
layernorm,947,161.045
layernorm,948,160.0835
layernorm,949,160.543
layernorm,950,162.3905
layernorm,951,161.0585
layernorm,952,162.0405
layernorm,953,162.35
layernorm,954,161.75
layernorm,955,163.0735
layernorm,956,163.2455
layernorm,957,162.2335
layernorm,958,162.853
layernorm,959,163.7555
layernorm,960,162.2265
layernorm,961,162.896
layernorm,962,163.0255
layernorm,963,163.9155
layernorm,964,164.925
layernorm,965,164.0155
layernorm,966,165.355
layernorm,967,164.489
layernorm,968,164.8685
layernorm,969,164.6225
layernorm,970,165.0355
layernorm,971,166.1435
layernorm,972,165.375
layernorm,973,165.8795
layernorm,974,166.828
layernorm,975,166.12
layernorm,976,166.658
layernorm,977,166.1475
layernorm,978,167.034
layernorm,979,166.756
layernorm,980,167.051
layernorm,981,168.5655
layernorm,982,167.2575
layernorm,983,169.388
layernorm,984,168.1525
layernorm,985,168.458
layernorm,986,169.5745
layernorm,987,168.597
layernorm,988,170.271
layernorm,989,169.7555
layernorm,990,170.9115
layernorm,991,169.634
layernorm,992,170.561
layernorm,993,171.403
layernorm,994,170.3735
layernorm,995,171.0345
layernorm,996,170.53
layernorm,997,171.2725
layernorm,998,172.307
layernorm,999,172.516
layernorm,1000,171.054
layernorm,1001,173.4425
layernorm,1002,173.543
layernorm,1003,172.276
layernorm,1004,174.0975
layernorm,1005,172.5785
layernorm,1006,173.7685
layernorm,1007,174.9215
layernorm,1008,174.275
layernorm,1009,173.6755
layernorm,1010,174.379
layernorm,1011,174.6595
layernorm,1012,175.0245
layernorm,1013,176.147
layernorm,1014,174.9575
layernorm,1015,176.5945
layernorm,1016,175.3645
layernorm,1017,176.4305
layernorm,1018,177.1635
layernorm,1019,175.795
layernorm,1020,177.164
layernorm,1021,178.0095
layernorm,1022,177.299
layernorm,1023,178.334
layernorm,1024,177.7015
layernorm,1025,179.335
layernorm,1026,178.1275
layernorm,1027,179.0075
layernorm,1028,178.779
layernorm,1029,179.399
layernorm,1030,180.7605
layernorm,1031,179.851
layernorm,1032,179.5045
layernorm,1033,181.637
layernorm,1034,180.659
layernorm,1035,181.361
layernorm,1036,180.537
layernorm,1037,182.6815
layernorm,1038,181.5145
layernorm,1039,181.811
layernorm,1040,181.226
layernorm,1041,183.3945
layernorm,1042,181.9335
layernorm,1043,182.7555
layernorm,1044,183.807
layernorm,1045,184.4915
layernorm,1046,182.998
layernorm,1047,185.4875
layernorm,1048,183.376
layernorm,1049,184.012
layernorm,1050,185.731
layernorm,1051,184.821
layernorm,1052,185.2385
layernorm,1053,186.218
layernorm,1054,184.968
layernorm,1055,186.389
layernorm,1056,184.7335
layernorm,1057,185.83
layernorm,1058,187.662
layernorm,1059,186.706
layernorm,1060,187.5165
layernorm,1061,186.8585
layernorm,1062,187.1635
layernorm,1063,187.659
layernorm,1064,188.272
layernorm,1065,189.2875
layernorm,1066,188.082
layernorm,1067,188.557
layernorm,1068,188.5745
layernorm,1069,190.429
layernorm,1070,188.9875
layernorm,1071,190.818
layernorm,1072,190.666
layernorm,1073,190.0195
layernorm,1074,191.2775
layernorm,1075,190.3175
layernorm,1076,190.2785
layernorm,1077,191.969
layernorm,1078,190.9925
layernorm,1079,192.5885
layernorm,1080,192.3855
layernorm,1081,193.9455
layernorm,1082,191.992
layernorm,1083,194.4355
layernorm,1084,192.7415
layernorm,1085,192.8815
layernorm,1086,193.649
layernorm,1087,195.0405
layernorm,1088,193.7315
layernorm,1089,194.024
layernorm,1090,194.2715
layernorm,1091,194.9925
layernorm,1092,195.9315
layernorm,1093,194.8785
layernorm,1094,196.5905
layernorm,1095,196.3535
layernorm,1096,195.774
layernorm,1097,197.7315
layernorm,1098,196.264
layernorm,1099,198.1905
layernorm,1100,196.886
layernorm,1101,197.184
layernorm,1102,198.002
layernorm,1103,199.5035
layernorm,1104,198.5815
layernorm,1105,198.3515
layernorm,1106,198.4625
layernorm,1107,199.648
layernorm,1108,200.0745
layernorm,1109,199.312
layernorm,1110,201.065
layernorm,1111,200.802
layernorm,1112,199.8385
layernorm,1113,201.117
layernorm,1114,202.231
layernorm,1115,201.6505
layernorm,1116,202.214
layernorm,1117,201.2805
layernorm,1118,202.023
layernorm,1119,201.758
layernorm,1120,202.166
layernorm,1121,202.51
layernorm,1122,204.5735
layernorm,1123,203.122
layernorm,1124,204.734
layernorm,1125,203.229
layernorm,1126,204.5445
layernorm,1127,203.826
layernorm,1128,205.004
layernorm,1129,203.899
layernorm,1130,205.163
layernorm,1131,204.634
layernorm,1132,206.091
layernorm,1133,204.9355
layernorm,1134,205.9675
layernorm,1135,205.5975
layernorm,1136,205.79
layernorm,1137,207.314
layernorm,1138,206.6855
layernorm,1139,206.2605
layernorm,1140,208.072
layernorm,1141,208.568
layernorm,1142,207.5285
layernorm,1143,207.818
layernorm,1144,208.5625
layernorm,1145,209.894
layernorm,1146,208.4015
layernorm,1147,210.2525
layernorm,1148,209.702
layernorm,1149,208.935
layernorm,1150,209.5505
layernorm,1151,211.2385
layernorm,1152,209.6935
layernorm,1153,209.16
layernorm,1154,209.9155
layernorm,1155,209.616
layernorm,1156,210.317
layernorm,1157,210.279
layernorm,1158,210.9935
layernorm,1159,210.7835
layernorm,1160,210.3965
layernorm,1161,211.263
layernorm,1162,210.921
layernorm,1163,211.288
layernorm,1164,211.891
layernorm,1165,213.367
layernorm,1166,212.8525
layernorm,1167,212.317
layernorm,1168,213.7105
layernorm,1169,213.1015
layernorm,1170,214.4375
layernorm,1171,213.172
layernorm,1172,213.4215
layernorm,1173,215.2655
layernorm,1174,213.978
layernorm,1175,215.4935
layernorm,1176,214.978
layernorm,1177,215.878
layernorm,1178,215.2085
layernorm,1179,216.63
layernorm,1180,216.8255
layernorm,1181,216.831
layernorm,1182,216.794
layernorm,1183,215.806
layernorm,1184,216.7405
layernorm,1185,216.144
layernorm,1186,217.7485
layernorm,1187,216.8915
layernorm,1188,217.815
layernorm,1189,217.103
layernorm,1190,217.1675
layernorm,1191,217.9415
layernorm,1192,217.531
layernorm,1193,218.316
layernorm,1194,219.6445
layernorm,1195,219.21
layernorm,1196,218.5725
layernorm,1197,219.2605
layernorm,1198,218.96
layernorm,1199,220.5755
layernorm,1200,220.7405
layernorm,1201,221.56
layernorm,1202,220.187
layernorm,1203,221.5565
layernorm,1204,221.385
layernorm,1205,222.1505
layernorm,1206,221.3675
layernorm,1207,222.696
layernorm,1208,222.8185
layernorm,1209,223.3565
layernorm,1210,221.9745
layernorm,1211,224.6095
layernorm,1212,224.685
layernorm,1213,223.123
layernorm,1214,223.6845
layernorm,1215,223.3925
layernorm,1216,224.181
layernorm,1217,225.343
layernorm,1218,225.073
layernorm,1219,225.7115
layernorm,1220,224.3115
layernorm,1221,224.951
layernorm,1222,225.696
layernorm,1223,224.75
layernorm,1224,225.068
layernorm,1225,227.3675
layernorm,1226,227.149
layernorm,1227,227.476
layernorm,1228,226.002
layernorm,1229,227.7395
layernorm,1230,226.3325
layernorm,1231,228.0285
layernorm,1232,227.531
layernorm,1233,228.9345
layernorm,1234,228.02
layernorm,1235,229.0715
layernorm,1236,228.0575
layernorm,1237,229.161
layernorm,1238,228.6735
layernorm,1239,228.3975
layernorm,1240,229.0365
layernorm,1241,228.781
layernorm,1242,229.822
layernorm,1243,230.34
layernorm,1244,230.018
layernorm,1245,231.143
layernorm,1246,229.9495
layernorm,1247,229.67
layernorm,1248,229.7505
layernorm,1249,231.8385
layernorm,1250,231.2875
layernorm,1251,232.031
layernorm,1252,231.4345
layernorm,1253,231.218
layernorm,1254,232.043
layernorm,1255,231.556
layernorm,1256,232.7075
layernorm,1257,231.653
layernorm,1258,233.2215
layernorm,1259,233.0195
layernorm,1260,232.4145
layernorm,1261,233.0115
layernorm,1262,234.143
layernorm,1263,233.182
layernorm,1264,233.976
layernorm,1265,234.3165
layernorm,1266,233.4635
layernorm,1267,234.137
layernorm,1268,233.94
layernorm,1269,235.5905
layernorm,1270,235.2785
layernorm,1271,236.0365
layernorm,1272,235.1535
layernorm,1273,234.948
layernorm,1274,236.8145
layernorm,1275,235.6405
layernorm,1276,236.9075
layernorm,1277,236.1105
layernorm,1278,237.285
layernorm,1279,236.6805
layernorm,1280,237.3395
layernorm,1281,237.2285
layernorm,1282,237.29
layernorm,1283,238.55
layernorm,1284,238.653
layernorm,1285,237.0355
layernorm,1286,237.5755
layernorm,1287,238.0275
layernorm,1288,237.266
layernorm,1289,238.823
layernorm,1290,239.6255
layernorm,1291,240.1405
layernorm,1292,238.2445
layernorm,1293,240.094
layernorm,1294,239.0145
layernorm,1295,238.6155
layernorm,1296,239.3275
layernorm,1297,238.949
layernorm,1298,240.686
layernorm,1299,240.0425
layernorm,1300,239.641
layernorm,1301,240.614
layernorm,1302,241.7205
layernorm,1303,240.958
layernorm,1304,240.7095
layernorm,1305,242.1945
layernorm,1306,242.0625
layernorm,1307,242.5545
layernorm,1308,241.9675
layernorm,1309,241.4085
layernorm,1310,242.863
layernorm,1311,242.113
layernorm,1312,241.215
layernorm,1313,243.7445
layernorm,1314,242.066
layernorm,1315,244.199
layernorm,1316,243.1855
layernorm,1317,244.279
layernorm,1318,243.9115
layernorm,1319,243.661
layernorm,1320,244.772
layernorm,1321,245.206
layernorm,1322,243.9785
layernorm,1323,244.962
layernorm,1324,244.982
layernorm,1325,243.9275
layernorm,1326,244.7135
layernorm,1327,245.4585
layernorm,1328,243.765
layernorm,1329,245.964
layernorm,1330,245.471
layernorm,1331,246.962
layernorm,1332,246.709
layernorm,1333,247.3685
layernorm,1334,245.924
layernorm,1335,246.7135
layernorm,1336,247.42
layernorm,1337,247.586
layernorm,1338,247.5045
layernorm,1339,248.638
layernorm,1340,248.4165
layernorm,1341,247.322
layernorm,1342,249.0715
layernorm,1343,248.748
layernorm,1344,248.7205
layernorm,1345,249.7675
layernorm,1346,249.011
layernorm,1347,250.3905
layernorm,1348,249.815
layernorm,1349,249.5875
layernorm,1350,249.015
layernorm,1351,249.302
layernorm,1352,249.2125
layernorm,1353,250.329
layernorm,1354,250.567
layernorm,1355,251.329
layernorm,1356,250.245
layernorm,1357,252.0285
layernorm,1358,250.7865
layernorm,1359,251.4645
layernorm,1360,251.4035
layernorm,1361,253.27
layernorm,1362,251.765
layernorm,1363,252.3315
layernorm,1364,252.3385
layernorm,1365,252.594
layernorm,1366,252.5885
layernorm,1367,254.253
layernorm,1368,253.059
layernorm,1369,253.4385
layernorm,1370,253.8575
layernorm,1371,255.044
layernorm,1372,255.235
layernorm,1373,254.532
layernorm,1374,254.0015
layernorm,1375,255.9575
layernorm,1376,255.9275
layernorm,1377,255.4185
layernorm,1378,254.7165
layernorm,1379,256.864
layernorm,1380,255.7845
layernorm,1381,255.8455
layernorm,1382,255.828
layernorm,1383,257.894
layernorm,1384,257.1075
layernorm,1385,257.573
layernorm,1386,258.4175
layernorm,1387,257.8405
layernorm,1388,258.5265
layernorm,1389,258.6425
layernorm,1390,257.9715
layernorm,1391,259.2905
layernorm,1392,259.5915
layernorm,1393,259.526
layernorm,1394,259.514
layernorm,1395,260.6635
layernorm,1396,261.184
layernorm,1397,260.178
layernorm,1398,260.199
layernorm,1399,260.014
layernorm,1400,259.8155
layernorm,1401,261.6655
layernorm,1402,261.566
layernorm,1403,262.568
layernorm,1404,261.3355
layernorm,1405,261.3485
layernorm,1406,261.3785
layernorm,1407,263.0895
layernorm,1408,262.179
layernorm,1409,262.1015
layernorm,1410,263.685
layernorm,1411,263.4115
layernorm,1412,262.6365
layernorm,1413,262.341
layernorm,1414,264.569
layernorm,1415,263.1105
layernorm,1416,262.523
layernorm,1417,265.1055
layernorm,1418,263.9835
layernorm,1419,263.0065
layernorm,1420,265.036
layernorm,1421,264.4445
layernorm,1422,265.7135
layernorm,1423,266.075
layernorm,1424,265.6985
layernorm,1425,264.5345
layernorm,1426,266.374
layernorm,1427,266.4525
layernorm,1428,266.692
layernorm,1429,264.766
layernorm,1430,266.006
layernorm,1431,265.9285
layernorm,1432,265.845
layernorm,1433,265.936
layernorm,1434,266.4025
layernorm,1435,265.8625
layernorm,1436,268.2425
layernorm,1437,267.2055
layernorm,1438,266.509
layernorm,1439,268.6245
layernorm,1440,267.067
layernorm,1441,268.642
layernorm,1442,268.698
layernorm,1443,267.64
layernorm,1444,268.248
layernorm,1445,268.302
layernorm,1446,270.0045
layernorm,1447,269.934
layernorm,1448,268.8035
layernorm,1449,269.3065
layernorm,1450,268.6055
layernorm,1451,268.7335
layernorm,1452,268.9005
layernorm,1453,271.002
layernorm,1454,270.7305
layernorm,1455,270.61
layernorm,1456,269.885
layernorm,1457,269.928
layernorm,1458,270.253
layernorm,1459,271.668
layernorm,1460,271.861
layernorm,1461,270.5315
layernorm,1462,272.3935
layernorm,1463,272.833
layernorm,1464,270.3055
layernorm,1465,273.1725
layernorm,1466,271.9785
layernorm,1467,271.8435
layernorm,1468,272.1465
layernorm,1469,273.7455
layernorm,1470,273.336
layernorm,1471,273.1465
layernorm,1472,272.7465
layernorm,1473,272.9495
layernorm,1474,272.5165
layernorm,1475,274.7435
layernorm,1476,272.979
layernorm,1477,274.6375
layernorm,1478,273.505
layernorm,1479,273.871
layernorm,1480,273.577
layernorm,1481,274.081
layernorm,1482,275.21
layernorm,1483,275.3255
layernorm,1484,275.731
layernorm,1485,275.0875
layernorm,1486,274.934
layernorm,1487,275.509
layernorm,1488,276.714
layernorm,1489,276.9125
layernorm,1490,276.4665
layernorm,1491,277.666
layernorm,1492,276.3545
layernorm,1493,276.21
layernorm,1494,277.5375
layernorm,1495,277.206
layernorm,1496,277.2325
layernorm,1497,278.8855
layernorm,1498,278.88
layernorm,1499,279.2195
layernorm,1500,278.2115
layernorm,1501,278.157
layernorm,1502,277.733
layernorm,1503,277.751
layernorm,1504,277.583
layernorm,1505,279.3875
layernorm,1506,278.036
layernorm,1507,280.297
layernorm,1508,280.487
layernorm,1509,280.1715
layernorm,1510,279.8955
layernorm,1511,280.9475
layernorm,1512,279.307
layernorm,1513,278.84
layernorm,1514,281.243
layernorm,1515,281.27
layernorm,1516,281.333
layernorm,1517,280.881
layernorm,1518,282.054
layernorm,1519,282.268
layernorm,1520,279.8035
layernorm,1521,282.8205
layernorm,1522,281.9865
layernorm,1523,282.291
layernorm,1524,282.6565
layernorm,1525,281.8365
layernorm,1526,281.0535
layernorm,1527,283.763
layernorm,1528,283.668
layernorm,1529,282.358
layernorm,1530,282.734
layernorm,1531,282.6455
layernorm,1532,282.72
layernorm,1533,282.2355
layernorm,1534,285.03
layernorm,1535,284.6695
layernorm,1536,285.0295
layernorm,1537,284.1475
layernorm,1538,283.7675
layernorm,1539,283.8
layernorm,1540,283.9655
layernorm,1541,285.637
layernorm,1542,285.119
layernorm,1543,284.784
layernorm,1544,284.799
layernorm,1545,286.7325
layernorm,1546,285.348
layernorm,1547,287.0295
layernorm,1548,287.2475
layernorm,1549,286.4025
layernorm,1550,285.6255
layernorm,1551,285.5105
layernorm,1552,285.2065
layernorm,1553,286.4765
layernorm,1554,288.3105
layernorm,1555,287.906
layernorm,1556,287.7345
layernorm,1557,288.5495
layernorm,1558,287.8765
layernorm,1559,288.165
layernorm,1560,288.411
layernorm,1561,288.354
layernorm,1562,289.8295
layernorm,1563,289.9785
layernorm,1564,287.963
layernorm,1565,290.6345
layernorm,1566,290.2455
layernorm,1567,290.2585
layernorm,1568,289.501
layernorm,1569,290.6045
layernorm,1570,290.1015
layernorm,1571,289.996
layernorm,1572,290.4545
layernorm,1573,291.946
layernorm,1574,291.063
layernorm,1575,292.624
layernorm,1576,292.3995
layernorm,1577,292.7865
layernorm,1578,291.697
layernorm,1579,292.2185
layernorm,1580,292.665
layernorm,1581,291.9805
layernorm,1582,291.3385
layernorm,1583,291.7095
layernorm,1584,291.3905
layernorm,1585,295.0875
layernorm,1586,293.9485
layernorm,1587,293.774
layernorm,1588,294.682
layernorm,1589,293.712
layernorm,1590,295.7395
layernorm,1591,295.943
layernorm,1592,294.3275
layernorm,1593,295.8585
layernorm,1594,295.422
layernorm,1595,297.0895
layernorm,1596,296.006
layernorm,1597,297.627
layernorm,1598,295.9825
layernorm,1599,298.146
layernorm,1600,295.541
layernorm,1601,297.403
layernorm,1602,296.998
layernorm,1603,297.303
layernorm,1604,298.555
layernorm,1605,299.019
layernorm,1606,297.0585
layernorm,1607,297.2105
layernorm,1608,297.795
layernorm,1609,298.2235
layernorm,1610,298.1355
layernorm,1611,300.3675
layernorm,1612,298.0485
layernorm,1613,300.787
layernorm,1614,300.3445
layernorm,1615,300.353
layernorm,1616,300.802
layernorm,1617,300.62
layernorm,1618,300.254
layernorm,1619,300.015
layernorm,1620,300.7
layernorm,1621,301.8325
layernorm,1622,300.2525
layernorm,1623,302.5945
layernorm,1624,300.0735
layernorm,1625,303.1295
layernorm,1626,302.1245
layernorm,1627,302.5305
layernorm,1628,303.196
layernorm,1629,302.874
layernorm,1630,303.763
layernorm,1631,301.738
layernorm,1632,302.613
layernorm,1633,302.607
layernorm,1634,301.3845
layernorm,1635,302.4445
layernorm,1636,302.606
layernorm,1637,304.7485
layernorm,1638,302.6045
layernorm,1639,302.492
layernorm,1640,305.2685
layernorm,1641,302.9785
layernorm,1642,305.8065
layernorm,1643,305.3985
layernorm,1644,304.7595
layernorm,1645,304.0135
layernorm,1646,306.3015
layernorm,1647,303.782
layernorm,1648,306.5785
layernorm,1649,305.173
layernorm,1650,304.689
layernorm,1651,305.9455
layernorm,1652,305.1845
layernorm,1653,307.3915
layernorm,1654,305.272
layernorm,1655,307.812
layernorm,1656,306.739
layernorm,1657,305.9245
layernorm,1658,308.239
layernorm,1659,308.642
layernorm,1660,306.0695
layernorm,1661,308.0345
layernorm,1662,307.2295
layernorm,1663,308.235
layernorm,1664,306.9485
layernorm,1665,307.438
layernorm,1666,308.196
layernorm,1667,307.089
layernorm,1668,309.445
layernorm,1669,309.899
layernorm,1670,310.571
layernorm,1671,310.5025
layernorm,1672,310.4805
layernorm,1673,310.077
layernorm,1674,308.2545
layernorm,1675,310.797
layernorm,1676,310.212
layernorm,1677,309.114
layernorm,1678,311.1095
layernorm,1679,311.634
layernorm,1680,308.7015
layernorm,1681,310.4765
layernorm,1682,312.533
layernorm,1683,312.557
layernorm,1684,312.654
layernorm,1685,310.4815
layernorm,1686,312.9775
layernorm,1687,311.9145
layernorm,1688,312.9405
layernorm,1689,311.3715
layernorm,1690,312.371
layernorm,1691,314.0085
layernorm,1692,313.286
layernorm,1693,314.2335
layernorm,1694,314.4705
layernorm,1695,313.2745
layernorm,1696,314.5425
layernorm,1697,314.912
layernorm,1698,313.392
layernorm,1699,312.843
layernorm,1700,314.9
layernorm,1701,315.5605
layernorm,1702,316.0935
layernorm,1703,313.9775
layernorm,1704,316.0755
layernorm,1705,315.712
layernorm,1706,314.614
layernorm,1707,314.647
layernorm,1708,316.2285
layernorm,1709,314.7735
layernorm,1710,316.989
layernorm,1711,315.3945
layernorm,1712,314.604
layernorm,1713,317.649
layernorm,1714,316.079
layernorm,1715,315.9225
layernorm,1716,317.6395
layernorm,1717,318.493
layernorm,1718,318.68
layernorm,1719,317.1955
layernorm,1720,316.2705
layernorm,1721,319.4425
layernorm,1722,318.379
layernorm,1723,319.7055
layernorm,1724,319.4835
layernorm,1725,318.364
layernorm,1726,317.9755
layernorm,1727,319.342
layernorm,1728,318.264
layernorm,1729,320.6435
layernorm,1730,320.52
layernorm,1731,319.095
layernorm,1732,318.9335
layernorm,1733,320.4355
layernorm,1734,319.5115
layernorm,1735,321.62
layernorm,1736,320.574
layernorm,1737,319.586
layernorm,1738,321.7485
layernorm,1739,320.2425
layernorm,1740,319.6295
layernorm,1741,321.9595
layernorm,1742,320.988
layernorm,1743,322.608
layernorm,1744,321.79
layernorm,1745,321.5895
layernorm,1746,323.791
layernorm,1747,323.4995
layernorm,1748,322.446
layernorm,1749,324.185
layernorm,1750,322.9915
layernorm,1751,322.063
layernorm,1752,321.737
layernorm,1753,324.088
layernorm,1754,322.5055
layernorm,1755,325.4415
layernorm,1756,324.9025
layernorm,1757,323.5535
layernorm,1758,323.187
layernorm,1759,325.164
layernorm,1760,323.9815
layernorm,1761,323.4965
layernorm,1762,325.256
layernorm,1763,324.046
layernorm,1764,324.382
layernorm,1765,325.8755
layernorm,1766,324.5915
layernorm,1767,326.7265
layernorm,1768,326.249
layernorm,1769,325.412
layernorm,1770,327.5425
layernorm,1771,326.4905
layernorm,1772,325.722
layernorm,1773,328.6005
layernorm,1774,326.5445
layernorm,1775,326.7545
layernorm,1776,326.489
layernorm,1777,327.751
layernorm,1778,327.404
layernorm,1779,329.1235
layernorm,1780,327.9595
layernorm,1781,330.427
layernorm,1782,329.9545
layernorm,1783,329.234
layernorm,1784,330.5865
layernorm,1785,330.937
layernorm,1786,330.0735
layernorm,1787,328.8355
layernorm,1788,329.1665
layernorm,1789,331.495
layernorm,1790,330.018
layernorm,1791,332.333
layernorm,1792,331.3725
layernorm,1793,331.6235
layernorm,1794,331.0605
layernorm,1795,333.433
layernorm,1796,333.1825
layernorm,1797,330.979
layernorm,1798,334.779
layernorm,1799,332.9255
layernorm,1800,332.69
layernorm,1801,331.8355
layernorm,1802,333.282
layernorm,1803,334.975
layernorm,1804,332.1235
layernorm,1805,334.92
layernorm,1806,335.5635
layernorm,1807,333.2165
layernorm,1808,335.4105
layernorm,1809,335.054
layernorm,1810,334.002
layernorm,1811,336.596
layernorm,1812,335.553
layernorm,1813,336.629
layernorm,1814,334.2565
layernorm,1815,336.974
layernorm,1816,336.1125
layernorm,1817,335.8765
layernorm,1818,336.928
layernorm,1819,335.6645
layernorm,1820,337.669
layernorm,1821,337.926
layernorm,1822,336.7955
layernorm,1823,335.8985
layernorm,1824,335.563
layernorm,1825,337.957
layernorm,1826,339.1395
layernorm,1827,339.1215
layernorm,1828,339.3155
layernorm,1829,338.211
layernorm,1830,339.5055
layernorm,1831,336.785
layernorm,1832,339.6675
layernorm,1833,339.7225
layernorm,1834,341.273
layernorm,1835,340.296
layernorm,1836,340.6005
layernorm,1837,340.095
layernorm,1838,341.04
layernorm,1839,341.122
layernorm,1840,338.182
layernorm,1841,339.9105
layernorm,1842,339.212
layernorm,1843,341.9575
layernorm,1844,341.4315
layernorm,1845,340.3735
layernorm,1846,341.966
layernorm,1847,341.6555
layernorm,1848,341.216
layernorm,1849,341.464
layernorm,1850,340.127
layernorm,1851,340.8705
layernorm,1852,342.867
layernorm,1853,341.819
layernorm,1854,343.748
layernorm,1855,343.7445
layernorm,1856,342.9545
layernorm,1857,342.163
layernorm,1858,343.7665
layernorm,1859,343.6425
layernorm,1860,343.963
layernorm,1861,344.219
layernorm,1862,342.6345
layernorm,1863,342.687
layernorm,1864,343.154
layernorm,1865,344.2095
layernorm,1866,344.1935
layernorm,1867,345.387
layernorm,1868,343.5045
layernorm,1869,345.903
layernorm,1870,343.7175
layernorm,1871,343.6455
layernorm,1872,343.526
layernorm,1873,345.394
layernorm,1874,344.6345
layernorm,1875,344.519
layernorm,1876,345.3455
layernorm,1877,346.5765
layernorm,1878,345.3125
layernorm,1879,344.4865
layernorm,1880,346.9405
layernorm,1881,346.672
layernorm,1882,348.031
layernorm,1883,345.428
layernorm,1884,348.5585
layernorm,1885,347.0755
layernorm,1886,348.249
layernorm,1887,349.832
layernorm,1888,348.8705
layernorm,1889,348.2585
layernorm,1890,349.0225
layernorm,1891,348.9915
layernorm,1892,350.395
layernorm,1893,348.221
layernorm,1894,346.9325
layernorm,1895,346.7225
layernorm,1896,350.186
layernorm,1897,348.0915
layernorm,1898,347.716
layernorm,1899,352.134
layernorm,1900,349.6795
layernorm,1901,351.048
layernorm,1902,353.2155
layernorm,1903,351.912
layernorm,1904,350.23
layernorm,1905,350.501
layernorm,1906,350.357
layernorm,1907,349.719
layernorm,1908,351.668
layernorm,1909,351.5225
layernorm,1910,351.8045
layernorm,1911,351.6625
layernorm,1912,351.8465
layernorm,1913,351.719
layernorm,1914,352.118
layernorm,1915,351.583
layernorm,1916,353.2145
layernorm,1917,352.7155
layernorm,1918,353.4945
layernorm,1919,354.4625
layernorm,1920,351.4265
layernorm,1921,353.9875
layernorm,1922,354.89
layernorm,1923,352.0595
layernorm,1924,352.846
layernorm,1925,355.045
layernorm,1926,354.1325
layernorm,1927,353.1895
layernorm,1928,353.5035
layernorm,1929,355.4865
layernorm,1930,356.078
layernorm,1931,352.8705
layernorm,1932,354.377
layernorm,1933,356.324
layernorm,1934,355.318
layernorm,1935,355.1695
layernorm,1936,353.8485
layernorm,1937,354.229
layernorm,1938,355.767
layernorm,1939,354.315
layernorm,1940,353.9125
layernorm,1941,354.9025
layernorm,1942,357.283
layernorm,1943,356.585
layernorm,1944,355.8195
layernorm,1945,355.5535
layernorm,1946,358.3365
layernorm,1947,358.753
layernorm,1948,357.705
layernorm,1949,356.7185
layernorm,1950,356.608
layernorm,1951,359.7455
layernorm,1952,357.119
layernorm,1953,358.66
layernorm,1954,357.659
layernorm,1955,357.223
layernorm,1956,357.1575
layernorm,1957,359.8985
layernorm,1958,359.2635
layernorm,1959,357.989
layernorm,1960,357.3505
layernorm,1961,358.625
layernorm,1962,360.8515
layernorm,1963,360.246
layernorm,1964,360.99
layernorm,1965,360.001
layernorm,1966,359.4435
layernorm,1967,359.91
layernorm,1968,361.424
layernorm,1969,361.103
layernorm,1970,359.971
layernorm,1971,359.841
layernorm,1972,360.1555
layernorm,1973,362.868
layernorm,1974,361.265
layernorm,1975,363.2585
layernorm,1976,360.712
layernorm,1977,361.0035
layernorm,1978,363.544
layernorm,1979,363.7115
layernorm,1980,363.432
layernorm,1981,363.121
layernorm,1982,361.9185
layernorm,1983,364.3775
layernorm,1984,364.384
layernorm,1985,365.092
layernorm,1986,363.2625
layernorm,1987,363.6745
layernorm,1988,364.6485
layernorm,1989,366.161
layernorm,1990,366.287
layernorm,1991,364.6275
layernorm,1992,366.916
layernorm,1993,363.974
layernorm,1994,364.857
layernorm,1995,366.821
layernorm,1996,366.707
layernorm,1997,365.8875
layernorm,1998,366.525
layernorm,1999,366.234
layernorm,2000,365.9405
layernorm,2001,368.089
layernorm,2002,367.5075
layernorm,2003,367.029
layernorm,2004,368.6085
layernorm,2005,367.312
layernorm,2006,366.1705
layernorm,2007,368.9535
layernorm,2008,368.947
layernorm,2009,368.814
layernorm,2010,367.0805
layernorm,2011,367.8945
layernorm,2012,367.8435
layernorm,2013,370.3135
layernorm,2014,369.5585
layernorm,2015,369.745
layernorm,2016,369.481
layernorm,2017,369.0615
layernorm,2018,368.548
layernorm,2019,371.0415
layernorm,2020,369.3275
layernorm,2021,370.355
layernorm,2022,370.127
layernorm,2023,371.5565
layernorm,2024,369.8245
layernorm,2025,371.988
layernorm,2026,371.245
layernorm,2027,370.5465
layernorm,2028,370.334
layernorm,2029,372.378
layernorm,2030,373.415
layernorm,2031,373.0165
layernorm,2032,372.8505
layernorm,2033,373.2915
layernorm,2034,370.9695
layernorm,2035,373.496
layernorm,2036,371.4095
layernorm,2037,372.1265
layernorm,2038,374.0665
layernorm,2039,374.0825
layernorm,2040,373.9185
layernorm,2041,373.5525
layernorm,2042,372.261
layernorm,2043,373.03
layernorm,2044,372.309
layernorm,2045,372.8525
layernorm,2046,375.7695
layernorm,2047,374.572
layernorm,2048,374.3065
o_proj,1,20.844
o_proj,2,21.207
o_proj,3,21.441
o_proj,4,21.698
o_proj,5,21.811
o_proj,6,21.829
o_proj,7,21.751
o_proj,8,21.772
o_proj,9,21.887
o_proj,10,21.696
o_proj,11,21.775
o_proj,12,21.803
o_proj,13,21.859
o_proj,14,21.831
o_proj,15,21.845
o_proj,16,21.917
o_proj,17,21.961
o_proj,18,22.016
o_proj,19,22.083
o_proj,20,22.316
o_proj,21,22.139
o_proj,22,22.219
o_proj,23,22.216
o_proj,24,22.341
o_proj,25,22.16
o_proj,26,22.283
o_proj,27,22.521
o_proj,28,22.385
o_proj,29,22.651
o_proj,30,22.576
o_proj,31,22.546
o_proj,32,22.702
o_proj,33,22.732
o_proj,34,22.516
o_proj,35,22.466
o_proj,36,22.599
o_proj,37,22.609
o_proj,38,22.715
o_proj,39,22.731
o_proj,40,22.763
o_proj,41,22.762
o_proj,42,22.943
o_proj,43,22.998
o_proj,44,22.989
o_proj,45,22.954
o_proj,46,23.023
o_proj,47,22.953
o_proj,48,22.998
o_proj,49,23.012
o_proj,50,22.976
o_proj,51,23.053
o_proj,52,22.9
o_proj,53,23.197
o_proj,54,23.029
o_proj,55,23.125
o_proj,56,22.975
o_proj,57,23.262
o_proj,58,23.076
o_proj,59,23.151
o_proj,60,23.178
o_proj,61,23.322
o_proj,62,23.311
o_proj,63,23.469
o_proj,64,23.425
o_proj,65,23.574
o_proj,66,23.38
o_proj,67,23.56
o_proj,68,23.564
o_proj,69,23.555
o_proj,70,23.691
o_proj,71,23.76
o_proj,72,23.69
o_proj,73,23.219
o_proj,74,23.3
o_proj,75,23.217
o_proj,76,23.367
o_proj,77,23.339
o_proj,78,23.414
o_proj,79,23.524
o_proj,80,24.25
o_proj,81,24.226
o_proj,82,24.186
o_proj,83,24.261
o_proj,84,24.344
o_proj,85,24.203
o_proj,86,24.082
o_proj,87,24.175
o_proj,88,24.042
o_proj,89,23.927
o_proj,90,23.899
o_proj,91,24.02
o_proj,92,23.857
o_proj,93,24.096
o_proj,94,23.857
o_proj,95,24.09
o_proj,96,24.406
o_proj,97,24.184
o_proj,98,24.065
o_proj,99,24.204
o_proj,100,24.099
o_proj,101,24.414
o_proj,102,24.239
o_proj,103,24.223
o_proj,104,24.234
o_proj,105,24.303
o_proj,106,24.032
o_proj,107,24.278
o_proj,108,24.095
o_proj,109,24.203
o_proj,110,24.484
o_proj,111,24.423
o_proj,112,24.976
o_proj,113,24.486
o_proj,114,24.62
o_proj,115,24.503
o_proj,116,24.455
o_proj,117,24.52
o_proj,118,24.514
o_proj,119,24.511
o_proj,120,23.844
o_proj,121,24.589
o_proj,122,24.627
o_proj,123,24.713
o_proj,124,24.644
o_proj,125,24.893
o_proj,126,24.697
o_proj,127,24.927
o_proj,128,24.969
o_proj,129,26.113
o_proj,130,26.105
o_proj,131,26.157
o_proj,132,25.996
o_proj,133,26.218
o_proj,134,26.204
o_proj,135,26.233
o_proj,136,26.152
o_proj,137,26.452
o_proj,138,26.401
o_proj,139,26.307
o_proj,140,26.363
o_proj,141,26.446
o_proj,142,26.571
o_proj,143,26.517
o_proj,144,25.551
o_proj,145,26.754
o_proj,146,26.704
o_proj,147,26.52
o_proj,148,26.528
o_proj,149,26.549
o_proj,150,26.679
o_proj,151,26.678
o_proj,152,26.836
o_proj,153,26.733
o_proj,154,26.845
o_proj,155,26.626
o_proj,156,26.739
o_proj,157,26.862
o_proj,158,26.911
o_proj,159,26.704
o_proj,160,25.822
o_proj,161,26.205
o_proj,162,26.002
o_proj,163,26.168
o_proj,164,26.388
o_proj,165,26.265
o_proj,166,26.238
o_proj,167,26.338
o_proj,168,25.997
o_proj,169,26.97
o_proj,170,27.166
o_proj,171,27.202
o_proj,172,27.149
o_proj,173,27.07
o_proj,174,27.268
o_proj,175,27.341
o_proj,176,26.266
o_proj,177,26.41
o_proj,178,26.373
o_proj,179,26.65
o_proj,180,26.515
o_proj,181,26.526
o_proj,182,26.327
o_proj,183,26.498
o_proj,184,26.623
o_proj,185,26.707
o_proj,186,26.603
o_proj,187,26.657
o_proj,188,26.717
o_proj,189,26.587
o_proj,190,26.69
o_proj,191,26.754
o_proj,192,26.568
o_proj,193,27.958
o_proj,194,27.929
o_proj,195,27.829
o_proj,196,27.901
o_proj,197,27.931
o_proj,198,27.972
o_proj,199,28.015
o_proj,200,26.959
o_proj,201,28.225
o_proj,202,28.042
o_proj,203,28.098
o_proj,204,28.026
o_proj,205,27.932
o_proj,206,28.13
o_proj,207,28.137
o_proj,208,28.15
o_proj,209,27.21
o_proj,210,27.377
o_proj,211,27.174
o_proj,212,27.372
o_proj,213,27.466
o_proj,214,27.272
o_proj,215,27.363
o_proj,216,27.185
o_proj,217,27.291
o_proj,218,27.343
o_proj,219,27.294
o_proj,220,27.408
o_proj,221,27.465
o_proj,222,27.424
o_proj,223,27.441
o_proj,224,27.584
o_proj,225,27.685
o_proj,226,27.865
o_proj,227,27.867
o_proj,228,27.756
o_proj,229,27.943
o_proj,230,27.82
o_proj,231,27.998
o_proj,232,27.729
o_proj,233,27.89
o_proj,234,27.712
o_proj,235,27.998
o_proj,236,27.74
o_proj,237,28.076
o_proj,238,27.893
o_proj,239,27.947
o_proj,240,27.648
o_proj,241,28.183
o_proj,242,27.876
o_proj,243,28.164
o_proj,244,27.918
o_proj,245,28.05
o_proj,246,28.075
o_proj,247,28.142
o_proj,248,28.095
o_proj,249,28.231
o_proj,250,28.117
o_proj,251,28.344
o_proj,252,28.006
o_proj,253,28.319
o_proj,254,28.065
o_proj,255,28.142
o_proj,256,28.285
o_proj,257,28.416
o_proj,258,28.535
o_proj,259,28.396
o_proj,260,28.555
o_proj,261,28.718
o_proj,262,28.535
o_proj,263,28.558
o_proj,264,28.58
o_proj,265,28.63
o_proj,266,28.547
o_proj,267,28.799
o_proj,268,28.698
o_proj,269,28.672
o_proj,270,28.699
o_proj,271,28.899
o_proj,272,28.439
o_proj,273,29.029
o_proj,274,29.032
o_proj,275,29.27
o_proj,276,28.957
o_proj,277,29.007
o_proj,278,29.244
o_proj,279,29.068
o_proj,280,29.134
o_proj,281,29.035
o_proj,282,28.987
o_proj,283,28.984
o_proj,284,29.237
o_proj,285,28.912
o_proj,286,29.137
o_proj,287,29.172
o_proj,288,28.494
o_proj,289,29.236
o_proj,290,29.125
o_proj,291,29.175
o_proj,292,28.865
o_proj,293,28.932
o_proj,294,28.837
o_proj,295,29.458
o_proj,296,29.082
o_proj,297,29.355
o_proj,298,29.045
o_proj,299,29.229
o_proj,300,28.998
o_proj,301,29.283
o_proj,302,29.244
o_proj,303,29.209
o_proj,304,29.184
o_proj,305,32.51
o_proj,306,32.628
o_proj,307,32.767
o_proj,308,32.427
o_proj,309,32.676
o_proj,310,32.712
o_proj,311,32.826
o_proj,312,32.534
o_proj,313,31.345
o_proj,314,31.158
o_proj,315,31.291
o_proj,316,31.279
o_proj,317,31.257
o_proj,318,31.309
o_proj,319,31.546
o_proj,320,31.251
o_proj,321,30.5
o_proj,322,30.508
o_proj,323,30.602
o_proj,324,30.609
o_proj,325,30.609
o_proj,326,30.357
o_proj,327,30.691
o_proj,328,30.647
o_proj,329,30.918
o_proj,330,30.505
o_proj,331,30.534
o_proj,332,30.663
o_proj,333,30.733
o_proj,334,30.717
o_proj,335,30.763
o_proj,336,32.524
o_proj,337,31.381
o_proj,338,31.428
o_proj,339,31.41
o_proj,340,31.21
o_proj,341,31.348
o_proj,342,31.698
o_proj,343,31.769
o_proj,344,31.576
o_proj,345,31.861
o_proj,346,31.736
o_proj,347,31.919
o_proj,348,31.873
o_proj,349,31.837
o_proj,350,32.036
o_proj,351,31.953
o_proj,352,32.74
o_proj,353,31.811
o_proj,354,31.831
o_proj,355,31.917
o_proj,356,31.884
o_proj,357,32.133
o_proj,358,32.086
o_proj,359,31.872
o_proj,360,32.146
o_proj,361,32.124
o_proj,362,31.991
o_proj,363,32.121
o_proj,364,32.149
o_proj,365,32.308
o_proj,366,31.92
o_proj,367,32.188
o_proj,368,32.892
o_proj,369,32.919
o_proj,370,32.909
o_proj,371,32.981
o_proj,372,32.939
o_proj,373,33.022
o_proj,374,32.983
o_proj,375,33.044
o_proj,376,32.958
o_proj,377,32.989
o_proj,378,33.147
o_proj,379,33.014
o_proj,380,33.059
o_proj,381,33.041
o_proj,382,33.18
o_proj,383,33.213
o_proj,384,33.111
o_proj,385,33.253
o_proj,386,33.026
o_proj,387,33.457
o_proj,388,33.341
o_proj,389,33.271
o_proj,390,33.25
o_proj,391,33.286
o_proj,392,33.328
o_proj,393,33.357
o_proj,394,33.419
o_proj,395,33.275
o_proj,396,33.247
o_proj,397,33.327
o_proj,398,33.272
o_proj,399,33.479
o_proj,400,33.732
o_proj,401,33.907
o_proj,402,34.057
o_proj,403,34.062
o_proj,404,33.951
o_proj,405,34.103
o_proj,406,34.076
o_proj,407,34.101
o_proj,408,34.242
o_proj,409,34.076
o_proj,410,34.017
o_proj,411,33.978
o_proj,412,34.014
o_proj,413,34.264
o_proj,414,34.25
o_proj,415,34.162
o_proj,416,36.963
o_proj,417,35.741
o_proj,418,35.714
o_proj,419,35.919
o_proj,420,35.941
o_proj,421,36.033
o_proj,422,35.9
o_proj,423,36.143
o_proj,424,35.832
o_proj,425,36.01
o_proj,426,35.703
o_proj,427,36.018
o_proj,428,36.094
o_proj,429,36.022
o_proj,430,36.094
o_proj,431,36.01
o_proj,432,36.048
o_proj,433,37.989
o_proj,434,37.856
o_proj,435,37.92
o_proj,436,38.063
o_proj,437,38.053
o_proj,438,38.039
o_proj,439,37.559
o_proj,440,37.631
o_proj,441,37.795
o_proj,442,37.923
o_proj,443,37.794
o_proj,444,37.895
o_proj,445,38.049
o_proj,446,37.919
o_proj,447,37.901
o_proj,448,39.688
o_proj,449,38.023
o_proj,450,38.136
o_proj,451,38.142
o_proj,452,38.042
o_proj,453,38.149
o_proj,454,38.025
o_proj,455,38.208
o_proj,456,37.93
o_proj,457,38.543
o_proj,458,38.219
o_proj,459,38.524
o_proj,460,38.288
o_proj,461,38.479
o_proj,462,38.286
o_proj,463,38.468
o_proj,464,39.821
o_proj,465,40.15
o_proj,466,39.96
o_proj,467,40.398
o_proj,468,39.957
o_proj,469,40.333
o_proj,470,40.204
o_proj,471,40.22
o_proj,472,40.009
o_proj,473,40.279
o_proj,474,40.153
o_proj,475,40.375
o_proj,476,40.342
o_proj,477,40.406
o_proj,478,40.328
o_proj,479,40.968
o_proj,480,40.345
o_proj,481,39.998
o_proj,482,39.716
o_proj,483,39.857
o_proj,484,39.788
o_proj,485,39.873
o_proj,486,39.705
o_proj,487,40.02
o_proj,488,39.854
o_proj,489,39.985
o_proj,490,39.771
o_proj,491,40.134
o_proj,492,39.837
o_proj,493,40.015
o_proj,494,39.84
o_proj,495,40.118
o_proj,496,40.768
o_proj,497,40.683
o_proj,498,40.563
o_proj,499,40.771
o_proj,500,40.547
o_proj,501,40.52
o_proj,502,40.611
o_proj,503,40.739
o_proj,504,40.519
o_proj,505,40.86
o_proj,506,40.854
o_proj,507,40.941
o_proj,508,40.774
o_proj,509,40.948
o_proj,510,40.913
o_proj,511,41.264
o_proj,512,40.938
o_proj,513,43.324
o_proj,514,43.169
o_proj,515,43.1
o_proj,516,43.197
o_proj,517,43.056
o_proj,518,43.194
o_proj,519,43.293
o_proj,520,43.163
o_proj,521,43.271
o_proj,522,43.343
o_proj,523,43.377
o_proj,524,43.407
o_proj,525,43.371
o_proj,526,43.369
o_proj,527,43.413
o_proj,528,43.204
o_proj,529,43.884
o_proj,530,44.208
o_proj,531,44.163
o_proj,532,44.22
o_proj,533,44.228
o_proj,534,44.17
o_proj,535,44.264
o_proj,536,44.183
o_proj,537,44.138
o_proj,538,44.233
o_proj,539,44.095
o_proj,540,44.18
o_proj,541,44.238
o_proj,542,44.062
o_proj,543,43.994
o_proj,544,44.978
o_proj,545,44.993
o_proj,546,45.237
o_proj,547,45.078
o_proj,548,45.075
o_proj,549,44.959
o_proj,550,44.879
o_proj,551,45.302
o_proj,552,45.172
o_proj,553,44.934
o_proj,554,44.985
o_proj,555,45.339
o_proj,556,45.414
o_proj,557,45.203
o_proj,558,45.314
o_proj,559,45.145
o_proj,560,45.147
o_proj,561,45.04
o_proj,562,45.12
o_proj,563,45.561
o_proj,564,45.154
o_proj,565,45.212
o_proj,566,45.497
o_proj,567,45.555
o_proj,568,45.276
o_proj,569,45.112
o_proj,570,45.242
o_proj,571,45.253
o_proj,572,45.242
o_proj,573,45.151
o_proj,574,45.264
o_proj,575,45.33
o_proj,576,45.286
o_proj,577,46.498
o_proj,578,46.614
o_proj,579,46.802
o_proj,580,46.583
o_proj,581,46.581
o_proj,582,46.67
o_proj,583,46.624
o_proj,584,46.624
o_proj,585,46.747
o_proj,586,46.645
o_proj,587,46.694
o_proj,588,46.766
o_proj,589,46.586
o_proj,590,46.894
o_proj,591,46.916
o_proj,592,47.697
o_proj,593,46.719
o_proj,594,46.744
o_proj,595,47.107
o_proj,596,46.899
o_proj,597,46.767
o_proj,598,46.882
o_proj,599,47.052
o_proj,600,46.933
o_proj,601,47.062
o_proj,602,46.985
o_proj,603,46.958
o_proj,604,46.929
o_proj,605,47.184
o_proj,606,46.877
o_proj,607,47.282
o_proj,608,48.84
o_proj,609,47.888
o_proj,610,47.897
o_proj,611,48.377
o_proj,612,47.722
o_proj,613,48.074
o_proj,614,48.119
o_proj,615,47.983
o_proj,616,48.025
o_proj,617,48.341
o_proj,618,48.08
o_proj,619,48.017
o_proj,620,47.989
o_proj,621,48.232
o_proj,622,47.999
o_proj,623,48.063
o_proj,624,48.301
o_proj,625,48.992
o_proj,626,48.626
o_proj,627,48.604
o_proj,628,48.806
o_proj,629,49.089
o_proj,630,48.862
o_proj,631,48.786
o_proj,632,49.103
o_proj,633,49.216
o_proj,634,48.847
o_proj,635,48.84
o_proj,636,48.747
o_proj,637,48.906
o_proj,638,48.95
o_proj,639,48.842
o_proj,640,49.993
o_proj,641,50.076
o_proj,642,50.169
o_proj,643,50.38
o_proj,644,50.508
o_proj,645,50.155
o_proj,646,50.385
o_proj,647,50.4
o_proj,648,50.524
o_proj,649,50.2
o_proj,650,50.288
o_proj,651,50.319
o_proj,652,50.699
o_proj,653,50.685
o_proj,654,50.469
o_proj,655,50.511
o_proj,656,51.497
o_proj,657,50.563
o_proj,658,50.328
o_proj,659,50.583
o_proj,660,50.591
o_proj,661,50.682
o_proj,662,50.528
o_proj,663,50.644
o_proj,664,50.536
o_proj,665,50.73
o_proj,666,50.633
o_proj,667,50.705
o_proj,668,50.577
o_proj,669,50.597
o_proj,670,50.491
o_proj,671,50.555
o_proj,672,68.383
o_proj,673,52.005
o_proj,674,51.907
o_proj,675,52.118
o_proj,676,52.062
o_proj,677,52.206
o_proj,678,52.238
o_proj,679,52.084
o_proj,680,52.116
o_proj,681,51.985
o_proj,682,52.098
o_proj,683,52.051
o_proj,684,52.038
o_proj,685,52.124
o_proj,686,52.11
o_proj,687,52.087
o_proj,688,52.287
o_proj,689,52.65
o_proj,690,52.195
o_proj,691,52.203
o_proj,692,52.389
o_proj,693,52.27
o_proj,694,52.279
o_proj,695,52.346
o_proj,696,52.34
o_proj,697,52.281
o_proj,698,52.556
o_proj,699,52.353
o_proj,700,52.432
o_proj,701,52.497
o_proj,702,52.442
o_proj,703,52.558
o_proj,704,57.189
o_proj,705,54.427
o_proj,706,54.471
o_proj,707,54.557
o_proj,708,54.41
o_proj,709,54.629
o_proj,710,54.448
o_proj,711,54.48
o_proj,712,54.674
o_proj,713,54.556
o_proj,714,54.476
o_proj,715,54.678
o_proj,716,54.606
o_proj,717,54.69
o_proj,718,54.764
o_proj,719,54.804
o_proj,720,57.57
o_proj,721,54.604
o_proj,722,54.71
o_proj,723,55.042
o_proj,724,55.055
o_proj,725,54.598
o_proj,726,55.209
o_proj,727,54.684
o_proj,728,54.707
o_proj,729,54.823
o_proj,730,55.105
o_proj,731,54.79
o_proj,732,54.914
o_proj,733,54.806
o_proj,734,54.806
o_proj,735,54.737
o_proj,736,57.889
o_proj,737,57.802
o_proj,738,58.274
o_proj,739,57.986
o_proj,740,58.041
o_proj,741,57.844
o_proj,742,57.913
o_proj,743,58.157
o_proj,744,58.09
o_proj,745,58.115
o_proj,746,58.004
o_proj,747,58.107
o_proj,748,58.57
o_proj,749,57.95
o_proj,750,58.041
o_proj,751,58.521
o_proj,752,58.237
o_proj,753,58.634
o_proj,754,58.044
o_proj,755,58.185
o_proj,756,58.296
o_proj,757,58.174
o_proj,758,58.157
o_proj,759,58.367
o_proj,760,58.201
o_proj,761,58.767
o_proj,762,58.332
o_proj,763,58.177
o_proj,764,58.351
o_proj,765,58.237
o_proj,766,58.712
o_proj,767,58.296
o_proj,768,58.492
o_proj,769,57.747
o_proj,770,58.047
o_proj,771,57.994
o_proj,772,57.999
o_proj,773,58.259
o_proj,774,58.033
o_proj,775,57.986
o_proj,776,58.005
o_proj,777,58.038
o_proj,778,58.223
o_proj,779,58.398
o_proj,780,58.113
o_proj,781,58.11
o_proj,782,58.216
o_proj,783,58.047
o_proj,784,59.488
o_proj,785,57.966
o_proj,786,58.229
o_proj,787,58.116
o_proj,788,58.18
o_proj,789,58.201
o_proj,790,58.299
o_proj,791,58.423
o_proj,792,58.227
o_proj,793,58.146
o_proj,794,58.41
o_proj,795,58.105
o_proj,796,58.093
o_proj,797,58.155
o_proj,798,58.195
o_proj,799,58.689
o_proj,800,67.142
o_proj,801,60.487
o_proj,802,59.806
o_proj,803,59.746
o_proj,804,60.433
o_proj,805,59.898
o_proj,806,59.861
o_proj,807,59.933
o_proj,808,59.93
o_proj,809,59.92
o_proj,810,59.939
o_proj,811,60.396
o_proj,812,60.014
o_proj,813,60.044
o_proj,814,60.444
o_proj,815,60.236
o_proj,816,60.189
o_proj,817,60.158
o_proj,818,60.612
o_proj,819,60.685
o_proj,820,60.119
o_proj,821,60.196
o_proj,822,60.64
o_proj,823,60.48
o_proj,824,60.339
o_proj,825,60.3
o_proj,826,60.308
o_proj,827,60.676
o_proj,828,60.172
o_proj,829,60.621
o_proj,830,60.743
o_proj,831,60.377
o_proj,832,73.533
o_proj,833,62.991
o_proj,834,62.791
o_proj,835,62.929
o_proj,836,62.816
o_proj,837,62.891
o_proj,838,63.47
o_proj,839,63.398
o_proj,840,62.927
o_proj,841,63.01
o_proj,842,63.429
o_proj,843,63.068
o_proj,844,62.916
o_proj,845,63.071
o_proj,846,63.379
o_proj,847,63.101
o_proj,848,63.059
o_proj,849,63.13
o_proj,850,63.514
o_proj,851,63.135
o_proj,852,63.201
o_proj,853,63.184
o_proj,854,63.55
o_proj,855,63.29
o_proj,856,63.276
o_proj,857,63.24
o_proj,858,63.545
o_proj,859,63.514
o_proj,860,63.323
o_proj,861,63.343
o_proj,862,63.278
o_proj,863,63.282
o_proj,864,64.248
o_proj,865,64.543
o_proj,866,64.0
o_proj,867,64.165
o_proj,868,64.427
o_proj,869,64.046
o_proj,870,64.011
o_proj,871,63.947
o_proj,872,64.515
o_proj,873,64.534
o_proj,874,63.996
o_proj,875,64.672
o_proj,876,64.047
o_proj,877,64.215
o_proj,878,64.537
o_proj,879,64.218
o_proj,880,64.126
o_proj,881,64.673
o_proj,882,64.812
o_proj,883,64.355
o_proj,884,64.463
o_proj,885,64.903
o_proj,886,64.329
o_proj,887,64.618
o_proj,888,64.269
o_proj,889,64.406
o_proj,890,64.429
o_proj,891,64.37
o_proj,892,64.32
o_proj,893,64.462
o_proj,894,64.395
o_proj,895,64.493
o_proj,896,72.863
o_proj,897,66.701
o_proj,898,66.666
o_proj,899,66.313
o_proj,900,66.352
o_proj,901,66.217
o_proj,902,66.777
o_proj,903,66.444
o_proj,904,66.403
o_proj,905,66.383
o_proj,906,66.227
o_proj,907,66.349
o_proj,908,66.339
o_proj,909,66.355
o_proj,910,66.662
o_proj,911,67.009
o_proj,912,68.724
o_proj,913,66.555
o_proj,914,66.59
o_proj,915,66.784
o_proj,916,66.594
o_proj,917,66.948
o_proj,918,66.624
o_proj,919,66.724
o_proj,920,66.698
o_proj,921,67.162
o_proj,922,66.834
o_proj,923,67.153
o_proj,924,67.148
o_proj,925,67.32
o_proj,926,66.66
o_proj,927,67.35
o_proj,928,69.456
o_proj,929,69.787
o_proj,930,69.194
o_proj,931,69.388
o_proj,932,69.349
o_proj,933,69.908
o_proj,934,69.626
o_proj,935,69.819
o_proj,936,69.262
o_proj,937,69.92
o_proj,938,69.335
o_proj,939,69.395
o_proj,940,69.679
o_proj,941,70.006
o_proj,942,69.936
o_proj,943,69.485
o_proj,944,70.006
o_proj,945,69.606
o_proj,946,69.595
o_proj,947,69.8
o_proj,948,69.617
o_proj,949,69.708
o_proj,950,70.294
o_proj,951,69.761
o_proj,952,70.296
o_proj,953,70.118
o_proj,954,69.814
o_proj,955,70.358
o_proj,956,70.288
o_proj,957,69.85
o_proj,958,70.002
o_proj,959,70.269
o_proj,960,68.796
o_proj,961,70.47
o_proj,962,70.446
o_proj,963,70.739
o_proj,964,70.969
o_proj,965,70.599
o_proj,966,71.178
o_proj,967,70.618
o_proj,968,70.621
o_proj,969,70.532
o_proj,970,70.731
o_proj,971,71.28
o_proj,972,70.387
o_proj,973,70.839
o_proj,974,70.986
o_proj,975,70.878
o_proj,976,73.386
o_proj,977,70.665
o_proj,978,70.906
o_proj,979,70.825
o_proj,980,70.765
o_proj,981,71.396
o_proj,982,70.753
o_proj,983,71.41
o_proj,984,70.671
o_proj,985,71.086
o_proj,986,71.4
o_proj,987,70.833
o_proj,988,71.302
o_proj,989,70.984
o_proj,990,71.399
o_proj,991,70.814
o_proj,992,73.816
o_proj,993,73.727
o_proj,994,73.137
o_proj,995,73.588
o_proj,996,73.128
o_proj,997,73.426
o_proj,998,73.877
o_proj,999,73.88
o_proj,1000,73.162
o_proj,1001,73.818
o_proj,1002,73.897
o_proj,1003,73.478
o_proj,1004,74.008
o_proj,1005,73.279
o_proj,1006,73.48
o_proj,1007,74.09
o_proj,1008,73.894
o_proj,1009,73.448
o_proj,1010,73.638
o_proj,1011,73.566
o_proj,1012,73.631
o_proj,1013,74.08
o_proj,1014,73.458
o_proj,1015,74.32
o_proj,1016,73.564
o_proj,1017,73.752
o_proj,1018,74.218
o_proj,1019,73.68
o_proj,1020,73.888
o_proj,1021,74.188
o_proj,1022,73.728
o_proj,1023,74.406
o_proj,1024,74.21
o_proj,1025,75.969
o_proj,1026,75.254
o_proj,1027,75.671
o_proj,1028,75.382
o_proj,1029,75.517
o_proj,1030,76.155
o_proj,1031,75.617
o_proj,1032,75.528
o_proj,1033,76.102
o_proj,1034,75.646
o_proj,1035,75.819
o_proj,1036,75.435
o_proj,1037,76.202
o_proj,1038,75.714
o_proj,1039,75.751
o_proj,1040,75.554
o_proj,1041,76.02
o_proj,1042,75.77
o_proj,1043,75.701
o_proj,1044,76.038
o_proj,1045,76.286
o_proj,1046,75.643
o_proj,1047,76.419
o_proj,1048,75.733
o_proj,1049,75.878
o_proj,1050,76.56
o_proj,1051,75.905
o_proj,1052,76.095
o_proj,1053,76.404
o_proj,1054,75.931
o_proj,1055,75.969
o_proj,1056,80.72
o_proj,1057,77.472
o_proj,1058,78.134
o_proj,1059,77.45
o_proj,1060,77.741
o_proj,1061,77.43
o_proj,1062,77.505
o_proj,1063,77.396
o_proj,1064,77.766
o_proj,1065,78.073
o_proj,1066,77.561
o_proj,1067,77.377
o_proj,1068,77.718
o_proj,1069,78.071
o_proj,1070,77.787
o_proj,1071,78.151
o_proj,1072,77.976
o_proj,1073,77.563
o_proj,1074,78.04
o_proj,1075,77.632
o_proj,1076,77.82
o_proj,1077,77.929
o_proj,1078,77.779
o_proj,1079,78.143
o_proj,1080,78.517
o_proj,1081,78.608
o_proj,1082,77.816
o_proj,1083,78.439
o_proj,1084,77.866
o_proj,1085,77.596
o_proj,1086,78.054
o_proj,1087,78.416
o_proj,1088,81.798
o_proj,1089,81.515
o_proj,1090,81.623
o_proj,1091,81.412
o_proj,1092,81.972
o_proj,1093,81.285
o_proj,1094,82.147
o_proj,1095,81.615
o_proj,1096,81.446
o_proj,1097,82.372
o_proj,1098,81.684
o_proj,1099,82.225
o_proj,1100,81.577
o_proj,1101,81.463
o_proj,1102,81.851
o_proj,1103,82.244
o_proj,1104,82.022
o_proj,1105,81.776
o_proj,1106,81.746
o_proj,1107,81.889
o_proj,1108,82.235
o_proj,1109,81.79
o_proj,1110,82.418
o_proj,1111,82.111
o_proj,1112,81.931
o_proj,1113,82.275
o_proj,1114,82.507
o_proj,1115,82.006
o_proj,1116,82.297
o_proj,1117,81.892
o_proj,1118,82.305
o_proj,1119,81.904
o_proj,1120,82.073
o_proj,1121,82.116
o_proj,1122,82.759
o_proj,1123,82.189
o_proj,1124,82.749
o_proj,1125,82.128
o_proj,1126,82.48
o_proj,1127,82.219
o_proj,1128,82.737
o_proj,1129,82.299
o_proj,1130,82.524
o_proj,1131,82.231
o_proj,1132,82.707
o_proj,1133,82.36
o_proj,1134,82.641
o_proj,1135,82.46
o_proj,1136,82.669
o_proj,1137,83.062
o_proj,1138,82.756
o_proj,1139,82.458
o_proj,1140,82.914
o_proj,1141,83.111
o_proj,1142,82.475
o_proj,1143,82.701
o_proj,1144,82.907
o_proj,1145,83.245
o_proj,1146,82.499
o_proj,1147,83.267
o_proj,1148,82.846
o_proj,1149,82.635
o_proj,1150,82.629
o_proj,1151,83.341
o_proj,1152,82.713
o_proj,1153,85.199
o_proj,1154,85.292
o_proj,1155,85.041
o_proj,1156,85.353
o_proj,1157,85.198
o_proj,1158,85.553
o_proj,1159,85.191
o_proj,1160,85.356
o_proj,1161,85.601
o_proj,1162,85.332
o_proj,1163,85.395
o_proj,1164,85.539
o_proj,1165,86.157
o_proj,1166,85.798
o_proj,1167,85.487
o_proj,1168,86.288
o_proj,1169,85.658
o_proj,1170,86.19
o_proj,1171,85.756
o_proj,1172,85.609
o_proj,1173,86.568
o_proj,1174,85.778
o_proj,1175,86.38
o_proj,1176,86.108
o_proj,1177,86.398
o_proj,1178,85.949
o_proj,1179,86.329
o_proj,1180,86.82
o_proj,1181,86.448
o_proj,1182,86.704
o_proj,1183,85.858
o_proj,1184,89.342
o_proj,1185,85.788
o_proj,1186,86.599
o_proj,1187,86.121
o_proj,1188,86.676
o_proj,1189,85.822
o_proj,1190,85.874
o_proj,1191,86.165
o_proj,1192,86.141
o_proj,1193,86.344
o_proj,1194,86.734
o_proj,1195,86.323
o_proj,1196,86.068
o_proj,1197,86.052
o_proj,1198,86.113
o_proj,1199,86.606
o_proj,1200,86.601
o_proj,1201,86.765
o_proj,1202,86.027
o_proj,1203,86.668
o_proj,1204,86.351
o_proj,1205,86.809
o_proj,1206,86.304
o_proj,1207,86.865
o_proj,1208,87.069
o_proj,1209,86.772
o_proj,1210,86.277
o_proj,1211,87.396
o_proj,1212,87.034
o_proj,1213,86.482
o_proj,1214,86.481
o_proj,1215,86.477
o_proj,1216,91.462
o_proj,1217,89.021
o_proj,1218,88.874
o_proj,1219,89.085
o_proj,1220,88.353
o_proj,1221,88.682
o_proj,1222,88.724
o_proj,1223,88.529
o_proj,1224,88.496
o_proj,1225,89.486
o_proj,1226,89.284
o_proj,1227,89.444
o_proj,1228,88.652
o_proj,1229,89.455
o_proj,1230,88.533
o_proj,1231,89.391
o_proj,1232,89.109
o_proj,1233,89.475
o_proj,1234,88.927
o_proj,1235,89.444
o_proj,1236,88.813
o_proj,1237,89.506
o_proj,1238,89.042
o_proj,1239,88.859
o_proj,1240,89.162
o_proj,1241,89.046
o_proj,1242,89.109
o_proj,1243,89.674
o_proj,1244,89.364
o_proj,1245,89.517
o_proj,1246,89.111
o_proj,1247,88.896
o_proj,1248,90.434
o_proj,1249,90.905
o_proj,1250,90.487
o_proj,1251,90.989
o_proj,1252,90.517
o_proj,1253,90.525
o_proj,1254,90.763
o_proj,1255,90.257
o_proj,1256,90.997
o_proj,1257,90.29
o_proj,1258,91.287
o_proj,1259,90.68
o_proj,1260,90.401
o_proj,1261,90.58
o_proj,1262,91.074
o_proj,1263,90.666
o_proj,1264,91.213
o_proj,1265,91.359
o_proj,1266,90.459
o_proj,1267,90.91
o_proj,1268,90.54
o_proj,1269,91.287
o_proj,1270,90.938
o_proj,1271,91.37
o_proj,1272,91.025
o_proj,1273,90.869
o_proj,1274,91.573
o_proj,1275,90.749
o_proj,1276,91.476
o_proj,1277,90.891
o_proj,1278,91.567
o_proj,1279,91.113
o_proj,1280,92.807
o_proj,1281,102.618
o_proj,1282,102.869
o_proj,1283,103.387
o_proj,1284,104.458
o_proj,1285,102.739
o_proj,1286,102.443
o_proj,1287,103.038
o_proj,1288,103.056
o_proj,1289,103.59
o_proj,1290,103.014
o_proj,1291,103.014
o_proj,1292,102.366
o_proj,1293,103.18
o_proj,1294,102.584
o_proj,1295,101.586
o_proj,1296,102.764
o_proj,1297,94.979
o_proj,1298,95.556
o_proj,1299,95.312
o_proj,1300,95.007
o_proj,1301,95.07
o_proj,1302,96.098
o_proj,1303,95.44
o_proj,1304,95.311
o_proj,1305,96.382
o_proj,1306,95.678
o_proj,1307,96.162
o_proj,1308,95.634
o_proj,1309,94.943
o_proj,1310,95.893
o_proj,1311,95.442
o_proj,1312,95.235
o_proj,1313,96.528
o_proj,1314,95.193
o_proj,1315,96.196
o_proj,1316,95.384
o_proj,1317,96.317
o_proj,1318,95.742
o_proj,1319,95.384
o_proj,1320,96.368
o_proj,1321,96.864
o_proj,1322,95.506
o_proj,1323,95.96
o_proj,1324,95.913
o_proj,1325,95.448
o_proj,1326,95.733
o_proj,1327,95.891
o_proj,1328,95.35
o_proj,1329,96.165
o_proj,1330,95.509
o_proj,1331,96.522
o_proj,1332,96.435
o_proj,1333,96.748
o_proj,1334,96.09
o_proj,1335,95.879
o_proj,1336,96.714
o_proj,1337,96.098
o_proj,1338,96.033
o_proj,1339,96.7
o_proj,1340,96.831
o_proj,1341,95.766
o_proj,1342,96.906
o_proj,1343,96.34
o_proj,1344,121.059
o_proj,1345,100.031
o_proj,1346,98.936
o_proj,1347,100.028
o_proj,1348,99.554
o_proj,1349,99.098
o_proj,1350,98.679
o_proj,1351,98.86
o_proj,1352,98.48
o_proj,1353,99.389
o_proj,1354,99.349
o_proj,1355,99.945
o_proj,1356,98.845
o_proj,1357,100.093
o_proj,1358,98.516
o_proj,1359,98.928
o_proj,1360,111.179
o_proj,1361,99.846
o_proj,1362,98.876
o_proj,1363,98.959
o_proj,1364,98.898
o_proj,1365,99.045
o_proj,1366,98.767
o_proj,1367,100.148
o_proj,1368,99.505
o_proj,1369,98.925
o_proj,1370,99.183
o_proj,1371,99.694
o_proj,1372,99.762
o_proj,1373,99.486
o_proj,1374,98.765
o_proj,1375,100.284
o_proj,1376,110.796
o_proj,1377,99.435
o_proj,1378,98.932
o_proj,1379,100.361
o_proj,1380,99.261
o_proj,1381,99.1
o_proj,1382,99.22
o_proj,1383,100.439
o_proj,1384,99.568
o_proj,1385,99.622
o_proj,1386,100.115
o_proj,1387,99.829
o_proj,1388,99.931
o_proj,1389,99.918
o_proj,1390,99.097
o_proj,1391,99.826
o_proj,1392,110.508
o_proj,1393,110.353
o_proj,1394,109.283
o_proj,1395,110.183
o_proj,1396,110.535
o_proj,1397,109.948
o_proj,1398,109.768
o_proj,1399,112.387
o_proj,1400,112.253
o_proj,1401,110.992
o_proj,1402,110.086
o_proj,1403,110.441
o_proj,1404,109.881
o_proj,1405,111.597
o_proj,1406,111.636
o_proj,1407,110.69
o_proj,1408,122.237
o_proj,1409,111.098
o_proj,1410,110.76
o_proj,1411,112.406
o_proj,1412,109.787
o_proj,1413,109.676
o_proj,1414,110.6
o_proj,1415,109.527
o_proj,1416,108.649
o_proj,1417,111.167
o_proj,1418,109.931
o_proj,1419,108.955
o_proj,1420,110.669
o_proj,1421,110.713
o_proj,1422,110.857
o_proj,1423,111.929
o_proj,1424,110.147
o_proj,1425,109.18
o_proj,1426,110.643
o_proj,1427,110.361
o_proj,1428,111.11
o_proj,1429,109.624
o_proj,1430,110.076
o_proj,1431,109.452
o_proj,1432,110.197
o_proj,1433,109.303
o_proj,1434,110.564
o_proj,1435,109.843
o_proj,1436,110.73
o_proj,1437,109.948
o_proj,1438,110.023
o_proj,1439,111.414
o_proj,1440,110.167
o_proj,1441,106.159
o_proj,1442,106.494
o_proj,1443,105.02
o_proj,1444,105.38
o_proj,1445,105.067
o_proj,1446,106.49
o_proj,1447,106.516
o_proj,1448,105.729
o_proj,1449,105.605
o_proj,1450,104.762
o_proj,1451,104.707
o_proj,1452,104.863
o_proj,1453,106.592
o_proj,1454,105.777
o_proj,1455,105.433
o_proj,1456,108.991
o_proj,1457,104.938
o_proj,1458,105.42
o_proj,1459,106.179
o_proj,1460,106.362
o_proj,1461,104.892
o_proj,1462,106.775
o_proj,1463,106.553
o_proj,1464,104.996
o_proj,1465,106.42
o_proj,1466,105.289
o_proj,1467,105.409
o_proj,1468,105.331
o_proj,1469,106.713
o_proj,1470,106.093
o_proj,1471,105.627
o_proj,1472,109.626
o_proj,1473,105.294
o_proj,1474,105.05
o_proj,1475,106.736
o_proj,1476,105.378
o_proj,1477,106.021
o_proj,1478,105.333
o_proj,1479,105.101
o_proj,1480,105.148
o_proj,1481,105.458
o_proj,1482,106.098
o_proj,1483,105.826
o_proj,1484,106.134
o_proj,1485,105.646
o_proj,1486,105.345
o_proj,1487,105.691
o_proj,1488,110.916
o_proj,1489,110.222
o_proj,1490,109.457
o_proj,1491,110.574
o_proj,1492,109.091
o_proj,1493,109.106
o_proj,1494,110.043
o_proj,1495,109.432
o_proj,1496,109.425
o_proj,1497,110.766
o_proj,1498,110.702
o_proj,1499,111.433
o_proj,1500,110.345
o_proj,1501,109.82
o_proj,1502,108.839
o_proj,1503,109.485
o_proj,1504,109.433
o_proj,1505,110.084
o_proj,1506,109.128
o_proj,1507,111.06
o_proj,1508,110.907
o_proj,1509,110.572
o_proj,1510,109.588
o_proj,1511,110.732
o_proj,1512,109.557
o_proj,1513,109.307
o_proj,1514,110.788
o_proj,1515,110.128
o_proj,1516,110.496
o_proj,1517,110.089
o_proj,1518,111.085
o_proj,1519,111.406
o_proj,1520,109.397
o_proj,1521,111.461
o_proj,1522,110.255
o_proj,1523,110.292
o_proj,1524,110.552
o_proj,1525,109.716
o_proj,1526,109.361
o_proj,1527,111.365
o_proj,1528,111.237
o_proj,1529,110.094
o_proj,1530,109.594
o_proj,1531,109.496
o_proj,1532,109.585
o_proj,1533,109.416
o_proj,1534,111.386
o_proj,1535,110.685
o_proj,1536,111.844
o_proj,1537,116.61
o_proj,1538,116.955
o_proj,1539,116.869
o_proj,1540,116.791
o_proj,1541,125.338
o_proj,1542,126.399
o_proj,1543,118.193
o_proj,1544,117.018
o_proj,1545,118.379
o_proj,1546,117.641
o_proj,1547,118.043
o_proj,1548,118.257
o_proj,1549,117.351
o_proj,1550,117.753
o_proj,1551,123.831
o_proj,1552,123.598
o_proj,1553,118.022
o_proj,1554,118.378
o_proj,1555,119.202
o_proj,1556,118.597
o_proj,1557,123.944
o_proj,1558,124.6
o_proj,1559,118.913
o_proj,1560,119.615
o_proj,1561,119.114
o_proj,1562,119.413
o_proj,1563,119.349
o_proj,1564,117.933
o_proj,1565,118.485
o_proj,1566,120.134
o_proj,1567,121.855
o_proj,1568,134.051
o_proj,1569,118.875
o_proj,1570,119.951
o_proj,1571,120.455
o_proj,1572,118.611
o_proj,1573,122.647
o_proj,1574,121.417
o_proj,1575,119.864
o_proj,1576,120.167
o_proj,1577,119.582
o_proj,1578,119.72
o_proj,1579,120.006
o_proj,1580,119.654
o_proj,1581,119.826
o_proj,1582,118.74
o_proj,1583,119.887
o_proj,1584,119.923
o_proj,1585,117.534
o_proj,1586,116.486
o_proj,1587,115.809
o_proj,1588,116.685
o_proj,1589,115.921
o_proj,1590,117.608
o_proj,1591,117.745
o_proj,1592,115.668
o_proj,1593,117.154
o_proj,1594,116.2
o_proj,1595,117.251
o_proj,1596,116.204
o_proj,1597,117.692
o_proj,1598,115.732
o_proj,1599,118.108
o_proj,1600,127.901
o_proj,1601,117.553
o_proj,1602,116.423
o_proj,1603,116.265
o_proj,1604,117.298
o_proj,1605,117.547
o_proj,1606,115.497
o_proj,1607,115.635
o_proj,1608,115.73
o_proj,1609,116.37
o_proj,1610,116.164
o_proj,1611,117.842
o_proj,1612,115.871
o_proj,1613,117.968
o_proj,1614,117.295
o_proj,1615,117.509
o_proj,1616,117.35
o_proj,1617,117.126
o_proj,1618,116.326
o_proj,1619,115.857
o_proj,1620,116.699
o_proj,1621,117.817
o_proj,1622,116.115
o_proj,1623,118.099
o_proj,1624,115.763
o_proj,1625,118.288
o_proj,1626,117.082
o_proj,1627,117.293
o_proj,1628,117.705
o_proj,1629,116.944
o_proj,1630,118.238
o_proj,1631,116.219
o_proj,1632,126.105
o_proj,1633,140.252
o_proj,1634,140.564
o_proj,1635,126.241
o_proj,1636,125.654
o_proj,1637,127.029
o_proj,1638,125.909
o_proj,1639,125.915
o_proj,1640,126.145
o_proj,1641,125.765
o_proj,1642,126.319
o_proj,1643,140.146
o_proj,1644,138.625
o_proj,1645,125.613
o_proj,1646,126.469
o_proj,1647,125.379
o_proj,1648,126.108
o_proj,1649,138.012
o_proj,1650,139.084
o_proj,1651,125.588
o_proj,1652,125.219
o_proj,1653,126.001
o_proj,1654,125.21
o_proj,1655,126.557
o_proj,1656,125.379
o_proj,1657,124.654
o_proj,1658,126.177
o_proj,1659,138.847
o_proj,1660,137.4
o_proj,1661,125.607
o_proj,1662,125.54
o_proj,1663,125.609
o_proj,1664,125.422
o_proj,1665,124.93
o_proj,1666,124.801
o_proj,1667,135.471
o_proj,1668,137.275
o_proj,1669,125.785
o_proj,1670,126.095
o_proj,1671,126.106
o_proj,1672,126.07
o_proj,1673,134.656
o_proj,1674,134.684
o_proj,1675,126.269
o_proj,1676,125.468
o_proj,1677,125.795
o_proj,1678,125.923
o_proj,1679,126.001
o_proj,1680,124.933
o_proj,1681,125.663
o_proj,1682,126.308
o_proj,1683,135.204
o_proj,1684,135.337
o_proj,1685,125.097
o_proj,1686,126.489
o_proj,1687,126.339
o_proj,1688,126.18
o_proj,1689,133.135
o_proj,1690,133.276
o_proj,1691,127.239
o_proj,1692,126.743
o_proj,1693,126.773
o_proj,1694,126.679
o_proj,1695,126.827
o_proj,1696,126.906
o_proj,1697,127.212
o_proj,1698,127.251
o_proj,1699,131.892
o_proj,1700,133.448
o_proj,1701,127.131
o_proj,1702,127.427
o_proj,1703,127.117
o_proj,1704,127.286
o_proj,1705,132.395
o_proj,1706,131.701
o_proj,1707,126.577
o_proj,1708,127.749
o_proj,1709,128.279
o_proj,1710,127.754
o_proj,1711,127.317
o_proj,1712,127.999
o_proj,1713,127.855
o_proj,1714,126.896
o_proj,1715,130.704
o_proj,1716,131.23
o_proj,1717,127.921
o_proj,1718,128.827
o_proj,1719,127.991
o_proj,1720,128.426
o_proj,1721,130.213
o_proj,1722,129.517
o_proj,1723,128.381
o_proj,1724,128.73
o_proj,1725,128.544
o_proj,1726,128.45
o_proj,1727,128.215
o_proj,1728,128.814
o_proj,1729,129.916
o_proj,1730,129.129
o_proj,1731,127.705
o_proj,1732,127.508
o_proj,1733,129.101
o_proj,1734,128.034
o_proj,1735,130.277
o_proj,1736,128.523
o_proj,1737,127.968
o_proj,1738,129.352
o_proj,1739,128.084
o_proj,1740,127.586
o_proj,1741,129.065
o_proj,1742,128.096
o_proj,1743,129.819
o_proj,1744,137.04
o_proj,1745,128.195
o_proj,1746,130.175
o_proj,1747,129.834
o_proj,1748,128.506
o_proj,1749,130.57
o_proj,1750,129.101
o_proj,1751,128.187
o_proj,1752,127.638
o_proj,1753,129.751
o_proj,1754,127.422
o_proj,1755,130.842
o_proj,1756,129.6
o_proj,1757,127.94
o_proj,1758,127.877
o_proj,1759,129.207
o_proj,1760,136.651
o_proj,1761,128.142
o_proj,1762,129.137
o_proj,1763,127.933
o_proj,1764,128.257
o_proj,1765,128.711
o_proj,1766,127.876
o_proj,1767,129.79
o_proj,1768,129.417
o_proj,1769,128.096
o_proj,1770,130.147
o_proj,1771,128.916
o_proj,1772,128.232
o_proj,1773,130.79
o_proj,1774,128.459
o_proj,1775,128.526
o_proj,1776,129.182
o_proj,1777,128.515
o_proj,1778,128.526
o_proj,1779,129.77
o_proj,1780,128.86
o_proj,1781,130.734
o_proj,1782,130.274
o_proj,1783,129.0
o_proj,1784,130.59
o_proj,1785,130.853
o_proj,1786,129.765
o_proj,1787,128.215
o_proj,1788,128.698
o_proj,1789,130.236
o_proj,1790,128.872
o_proj,1791,131.177
o_proj,1792,122.44
o_proj,1793,128.994
o_proj,1794,128.445
o_proj,1795,130.128
o_proj,1796,129.9
o_proj,1797,128.085
o_proj,1798,131.31
o_proj,1799,129.393
o_proj,1800,129.307
o_proj,1801,128.736
o_proj,1802,129.371
o_proj,1803,130.937
o_proj,1804,128.39
o_proj,1805,130.147
o_proj,1806,130.873
o_proj,1807,128.508
o_proj,1808,131.208
o_proj,1809,129.575
o_proj,1810,128.925
o_proj,1811,131.353
o_proj,1812,129.709
o_proj,1813,130.735
o_proj,1814,128.825
o_proj,1815,131.427
o_proj,1816,130.125
o_proj,1817,129.576
o_proj,1818,130.341
o_proj,1819,128.993
o_proj,1820,130.983
o_proj,1821,130.984
o_proj,1822,129.551
o_proj,1823,128.539
o_proj,1824,134.974
o_proj,1825,134.947
o_proj,1826,135.59
o_proj,1827,135.52
o_proj,1828,135.786
o_proj,1829,134.312
o_proj,1830,135.387
o_proj,1831,139.229
o_proj,1832,141.081
o_proj,1833,135.44
o_proj,1834,136.587
o_proj,1835,135.804
o_proj,1836,136.127
o_proj,1837,141.491
o_proj,1838,140.273
o_proj,1839,136.078
o_proj,1840,134.298
o_proj,1841,134.534
o_proj,1842,134.456
o_proj,1843,135.977
o_proj,1844,135.327
o_proj,1845,134.124
o_proj,1846,135.784
o_proj,1847,139.052
o_proj,1848,137.605
o_proj,1849,135.232
o_proj,1850,135.082
o_proj,1851,134.374
o_proj,1852,136.039
o_proj,1853,137.253
o_proj,1854,137.184
o_proj,1855,136.311
o_proj,1856,139.016
o_proj,1857,134.897
o_proj,1858,136.269
o_proj,1859,137.313
o_proj,1860,137.112
o_proj,1861,135.818
o_proj,1862,134.883
o_proj,1863,135.222
o_proj,1864,135.395
o_proj,1865,136.297
o_proj,1866,136.305
o_proj,1867,136.239
o_proj,1868,135.058
o_proj,1869,136.161
o_proj,1870,135.016
o_proj,1871,135.263
o_proj,1872,135.15
o_proj,1873,137.672
o_proj,1874,136.05
o_proj,1875,136.161
o_proj,1876,137.239
o_proj,1877,137.765
o_proj,1878,135.822
o_proj,1879,135.825
o_proj,1880,138.173
o_proj,1881,137.062
o_proj,1882,138.136
o_proj,1883,136.069
o_proj,1884,139.165
o_proj,1885,137.394
o_proj,1886,138.423
o_proj,1887,140.149
o_proj,1888,138.797
o_proj,1889,138.045
o_proj,1890,138.511
o_proj,1891,138.807
o_proj,1892,140.057
o_proj,1893,137.241
o_proj,1894,135.542
o_proj,1895,135.851
o_proj,1896,139.21
o_proj,1897,136.49
o_proj,1898,135.977
o_proj,1899,140.598
o_proj,1900,137.194
o_proj,1901,139.17
o_proj,1902,141.581
o_proj,1903,139.132
o_proj,1904,138.049
o_proj,1905,138.048
o_proj,1906,137.679
o_proj,1907,136.762
o_proj,1908,138.631
o_proj,1909,138.24
o_proj,1910,138.4
o_proj,1911,138.753
o_proj,1912,138.04
o_proj,1913,137.846
o_proj,1914,138.35
o_proj,1915,137.852
o_proj,1916,139.822
o_proj,1917,138.281
o_proj,1918,139.204
o_proj,1919,140.326
o_proj,1920,138.869
o_proj,1921,140.387
o_proj,1922,141.177
o_proj,1923,138.998
o_proj,1924,139.77
o_proj,1925,140.964
o_proj,1926,139.711
o_proj,1927,139.17
o_proj,1928,139.6
o_proj,1929,141.1
o_proj,1930,141.316
o_proj,1931,138.53
o_proj,1932,139.678
o_proj,1933,141.077
o_proj,1934,139.739
o_proj,1935,139.745
o_proj,1936,154.519
o_proj,1937,138.93
o_proj,1938,139.894
o_proj,1939,138.365
o_proj,1940,138.229
o_proj,1941,139.429
o_proj,1942,140.801
o_proj,1943,139.506
o_proj,1944,139.177
o_proj,1945,138.503
o_proj,1946,141.247
o_proj,1947,141.449
o_proj,1948,140.595
o_proj,1949,139.054
o_proj,1950,139.187
o_proj,1951,142.006
o_proj,1952,144.894
o_proj,1953,140.388
o_proj,1954,139.361
o_proj,1955,139.228
o_proj,1956,138.824
o_proj,1957,140.911
o_proj,1958,140.269
o_proj,1959,139.486
o_proj,1960,138.599
o_proj,1961,139.511
o_proj,1962,141.252
o_proj,1963,140.34
o_proj,1964,140.844
o_proj,1965,139.583
o_proj,1966,139.45
o_proj,1967,139.911
o_proj,1968,145.672
o_proj,1969,140.438
o_proj,1970,139.206
o_proj,1971,138.979
o_proj,1972,139.265
o_proj,1973,141.454
o_proj,1974,139.658
o_proj,1975,141.119
o_proj,1976,139.027
o_proj,1977,139.486
o_proj,1978,141.124
o_proj,1979,141.347
o_proj,1980,140.384
o_proj,1981,140.315
o_proj,1982,139.273
o_proj,1983,140.978
o_proj,1984,146.152
o_proj,1985,145.45
o_proj,1986,144.074
o_proj,1987,144.225
o_proj,1988,145.03
o_proj,1989,146.684
o_proj,1990,146.822
o_proj,1991,144.85
o_proj,1992,147.095
o_proj,1993,143.583
o_proj,1994,144.839
o_proj,1995,146.16
o_proj,1996,145.886
o_proj,1997,144.647
o_proj,1998,145.495
o_proj,1999,145.454
o_proj,2000,145.523
o_proj,2001,146.332
o_proj,2002,145.739
o_proj,2003,145.123
o_proj,2004,146.457
o_proj,2005,144.789
o_proj,2006,144.181
o_proj,2007,146.654
o_proj,2008,146.962
o_proj,2009,145.969
o_proj,2010,144.123
o_proj,2011,144.853
o_proj,2012,144.972
o_proj,2013,146.983
o_proj,2014,145.642
o_proj,2015,145.935
o_proj,2016,145.833
o_proj,2017,144.999
o_proj,2018,144.817
o_proj,2019,146.718
o_proj,2020,145.451
o_proj,2021,145.645
o_proj,2022,145.065
o_proj,2023,146.606
o_proj,2024,145.293
o_proj,2025,146.56
o_proj,2026,145.334
o_proj,2027,144.971
o_proj,2028,144.965
o_proj,2029,147.089
o_proj,2030,147.906
o_proj,2031,146.947
o_proj,2032,147.407
o_proj,2033,147.161
o_proj,2034,144.863
o_proj,2035,146.703
o_proj,2036,144.569
o_proj,2037,145.609
o_proj,2038,147.055
o_proj,2039,146.928
o_proj,2040,146.773
o_proj,2041,145.698
o_proj,2042,145.354
o_proj,2043,145.241
o_proj,2044,144.955
o_proj,2045,145.001
o_proj,2046,147.461
o_proj,2047,146.324
o_proj,2048,146.556
qkv_proj,1,36.948
qkv_proj,2,37.276
qkv_proj,3,37.352
qkv_proj,4,37.459
qkv_proj,5,37.87
qkv_proj,6,37.927
qkv_proj,7,38.063
qkv_proj,8,38.062
qkv_proj,9,38.192
qkv_proj,10,37.958
qkv_proj,11,37.772
qkv_proj,12,38.418
qkv_proj,13,38.508
qkv_proj,14,38.339
qkv_proj,15,38.061
qkv_proj,16,38.738
qkv_proj,17,38.97
qkv_proj,18,39.349
qkv_proj,19,39.461
qkv_proj,20,39.449
qkv_proj,21,39.376
qkv_proj,22,39.544
qkv_proj,23,39.352
qkv_proj,24,39.642
qkv_proj,25,40.056
qkv_proj,26,39.72
qkv_proj,27,40.184
qkv_proj,28,39.837
qkv_proj,29,40.189
qkv_proj,30,39.783
qkv_proj,31,40.3
qkv_proj,32,40.462
qkv_proj,33,40.121
qkv_proj,34,40.143
qkv_proj,35,40.359
qkv_proj,36,40.229
qkv_proj,37,40.476
qkv_proj,38,40.168
qkv_proj,39,40.238
qkv_proj,40,40.295
qkv_proj,41,40.434
qkv_proj,42,40.523
qkv_proj,43,40.642
qkv_proj,44,40.747
qkv_proj,45,40.445
qkv_proj,46,40.49
qkv_proj,47,40.585
qkv_proj,48,40.625
qkv_proj,49,40.686
qkv_proj,50,40.872
qkv_proj,51,40.713
qkv_proj,52,40.751
qkv_proj,53,40.974
qkv_proj,54,40.82
qkv_proj,55,40.806
qkv_proj,56,40.885
qkv_proj,57,41.016
qkv_proj,58,41.028
qkv_proj,59,41.044
qkv_proj,60,41.213
qkv_proj,61,41.227
qkv_proj,62,41.391
qkv_proj,63,41.344
qkv_proj,64,41.377
qkv_proj,65,41.934
qkv_proj,66,42.147
qkv_proj,67,42.38
qkv_proj,68,42.154
qkv_proj,69,42.259
qkv_proj,70,42.097
qkv_proj,71,42.412
qkv_proj,72,42.153
qkv_proj,73,42.824
qkv_proj,74,43.144
qkv_proj,75,43.234
qkv_proj,76,43.332
qkv_proj,77,43.399
qkv_proj,78,43.468
qkv_proj,79,43.411
qkv_proj,80,43.265
qkv_proj,81,43.162
qkv_proj,82,43.247
qkv_proj,83,43.367
qkv_proj,84,43.348
qkv_proj,85,43.322
qkv_proj,86,43.405
qkv_proj,87,43.395
qkv_proj,88,43.411
qkv_proj,89,43.51
qkv_proj,90,43.611
qkv_proj,91,43.512
qkv_proj,92,43.53
qkv_proj,93,43.587
qkv_proj,94,43.539
qkv_proj,95,43.651
qkv_proj,96,44.065
qkv_proj,97,43.637
qkv_proj,98,43.501
qkv_proj,99,43.834
qkv_proj,100,43.873
qkv_proj,101,43.769
qkv_proj,102,43.776
qkv_proj,103,43.852
qkv_proj,104,45.648
qkv_proj,105,44.53
qkv_proj,106,44.365
qkv_proj,107,44.434
qkv_proj,108,44.585
qkv_proj,109,44.613
qkv_proj,110,45.95
qkv_proj,111,45.766
qkv_proj,112,47.945
qkv_proj,113,45.944
qkv_proj,114,45.988
qkv_proj,115,45.916
qkv_proj,116,46.055
qkv_proj,117,46.095
qkv_proj,118,46.122
qkv_proj,119,46.304
qkv_proj,120,46.443
qkv_proj,121,45.625
qkv_proj,122,45.629
qkv_proj,123,45.57
qkv_proj,124,45.6
qkv_proj,125,45.612
qkv_proj,126,45.546
qkv_proj,127,45.591
qkv_proj,128,45.828
qkv_proj,129,48.855
qkv_proj,130,49.254
qkv_proj,131,48.952
qkv_proj,132,48.808
qkv_proj,133,48.896
qkv_proj,134,49.12
qkv_proj,135,48.961
qkv_proj,136,48.943
qkv_proj,137,48.842
qkv_proj,138,48.789
qkv_proj,139,48.877
qkv_proj,140,48.937
qkv_proj,141,48.939
qkv_proj,142,48.891
qkv_proj,143,48.93
qkv_proj,144,47.877
qkv_proj,145,48.312
qkv_proj,146,48.514
qkv_proj,147,49.101
qkv_proj,148,48.684
qkv_proj,149,48.514
qkv_proj,150,48.472
qkv_proj,151,48.638
qkv_proj,152,48.426
qkv_proj,153,48.327
qkv_proj,154,47.751
qkv_proj,155,47.64
qkv_proj,156,47.56
qkv_proj,157,47.911
qkv_proj,158,48.029
qkv_proj,159,47.64
qkv_proj,160,54.66
qkv_proj,161,48.768
qkv_proj,162,48.627
qkv_proj,163,48.566
qkv_proj,164,48.659
qkv_proj,165,48.717
qkv_proj,166,48.537
qkv_proj,167,48.813
qkv_proj,168,48.724
qkv_proj,169,49.544
qkv_proj,170,49.564
qkv_proj,171,49.46
qkv_proj,172,49.543
qkv_proj,173,49.236
qkv_proj,174,49.41
qkv_proj,175,49.305
qkv_proj,176,51.957
qkv_proj,177,51.154
qkv_proj,178,52.022
qkv_proj,179,51.743
qkv_proj,180,51.006
qkv_proj,181,50.367
qkv_proj,182,50.867
qkv_proj,183,50.791
qkv_proj,184,50.137
qkv_proj,185,50.417
qkv_proj,186,50.167
qkv_proj,187,50.008
qkv_proj,188,50.072
qkv_proj,189,50.072
qkv_proj,190,49.961
qkv_proj,191,49.87
qkv_proj,192,49.909
qkv_proj,193,51.543
qkv_proj,194,51.522
qkv_proj,195,51.392
qkv_proj,196,51.295
qkv_proj,197,51.569
qkv_proj,198,51.666
qkv_proj,199,51.339
qkv_proj,200,51.295
qkv_proj,201,54.894
qkv_proj,202,55.063
qkv_proj,203,54.832
qkv_proj,204,55.102
qkv_proj,205,54.812
qkv_proj,206,55.152
qkv_proj,207,54.846
qkv_proj,208,53.363
qkv_proj,209,57.347
qkv_proj,210,57.802
qkv_proj,211,57.644
qkv_proj,212,56.439
qkv_proj,213,56.551
qkv_proj,214,56.351
qkv_proj,215,56.314
qkv_proj,216,53.046
qkv_proj,217,52.598
qkv_proj,218,52.435
qkv_proj,219,52.755
qkv_proj,220,52.196
qkv_proj,221,52.797
qkv_proj,222,52.54
qkv_proj,223,52.392
qkv_proj,224,61.421
qkv_proj,225,61.326
qkv_proj,226,61.439
qkv_proj,227,61.834
qkv_proj,228,60.821
qkv_proj,229,59.213
qkv_proj,230,59.097
qkv_proj,231,59.175
qkv_proj,232,54.864
qkv_proj,233,58.114
qkv_proj,234,57.716
qkv_proj,235,58.342
qkv_proj,236,56.99
qkv_proj,237,57.344
qkv_proj,238,56.555
qkv_proj,239,57.009
qkv_proj,240,53.59
qkv_proj,241,52.915
qkv_proj,242,52.706
qkv_proj,243,53.028
qkv_proj,244,52.333
qkv_proj,245,52.731
qkv_proj,246,52.516
qkv_proj,247,52.668
qkv_proj,248,51.62
qkv_proj,249,51.421
qkv_proj,250,51.598
qkv_proj,251,51.767
qkv_proj,252,51.591
qkv_proj,253,51.602
qkv_proj,254,51.459
qkv_proj,255,51.516
qkv_proj,256,51.515
qkv_proj,257,55.172
qkv_proj,258,55.091
qkv_proj,259,55.164
qkv_proj,260,54.954
qkv_proj,261,55.151
qkv_proj,262,54.945
qkv_proj,263,54.667
qkv_proj,264,54.772
qkv_proj,265,57.076
qkv_proj,266,57.386
qkv_proj,267,57.048
qkv_proj,268,56.149
qkv_proj,269,56.301
qkv_proj,270,56.411
qkv_proj,271,55.437
qkv_proj,272,57.848
qkv_proj,273,55.318
qkv_proj,274,54.615
qkv_proj,275,54.143
qkv_proj,276,54.331
qkv_proj,277,54.264
qkv_proj,278,54.235
qkv_proj,279,53.909
qkv_proj,280,53.679
qkv_proj,281,53.683
qkv_proj,282,53.814
qkv_proj,283,53.779
qkv_proj,284,53.814
qkv_proj,285,53.624
qkv_proj,286,53.783
qkv_proj,287,53.573
qkv_proj,288,60.502
qkv_proj,289,63.306
qkv_proj,290,63.261
qkv_proj,291,63.001
qkv_proj,292,62.552
qkv_proj,293,62.698
qkv_proj,294,62.519
qkv_proj,295,61.981
qkv_proj,296,61.352
qkv_proj,297,62.382
qkv_proj,298,61.723
qkv_proj,299,62.18
qkv_proj,300,61.282
qkv_proj,301,60.982
qkv_proj,302,61.048
qkv_proj,303,59.699
qkv_proj,304,59.529
qkv_proj,305,59.49
qkv_proj,306,58.021
qkv_proj,307,59.724
qkv_proj,308,58.328
qkv_proj,309,57.882
qkv_proj,310,57.938
qkv_proj,311,57.943
qkv_proj,312,57.223
qkv_proj,313,57.382
qkv_proj,314,57.286
qkv_proj,315,57.404
qkv_proj,316,57.316
qkv_proj,317,57.336
qkv_proj,318,57.157
qkv_proj,319,57.795
qkv_proj,320,64.809
qkv_proj,321,60.79
qkv_proj,322,60.431
qkv_proj,323,60.435
qkv_proj,324,60.376
qkv_proj,325,60.404
qkv_proj,326,60.703
qkv_proj,327,60.61
qkv_proj,328,60.65
qkv_proj,329,61.01
qkv_proj,330,60.685
qkv_proj,331,60.868
qkv_proj,332,60.405
qkv_proj,333,60.811
qkv_proj,334,60.938
qkv_proj,335,60.5
qkv_proj,336,60.559
qkv_proj,337,58.587
qkv_proj,338,58.483
qkv_proj,339,57.937
qkv_proj,340,58.075
qkv_proj,341,58.285
qkv_proj,342,58.015
qkv_proj,343,57.27
qkv_proj,344,55.887
qkv_proj,345,55.752
qkv_proj,346,55.772
qkv_proj,347,55.732
qkv_proj,348,55.806
qkv_proj,349,55.213
qkv_proj,350,55.903
qkv_proj,351,54.949
qkv_proj,352,64.949
qkv_proj,353,75.493
qkv_proj,354,76.91
qkv_proj,355,75.88
qkv_proj,356,74.403
qkv_proj,357,74.123
qkv_proj,358,73.315
qkv_proj,359,75.276
qkv_proj,360,63.658
qkv_proj,361,63.734
qkv_proj,362,63.777
qkv_proj,363,63.67
qkv_proj,364,63.188
qkv_proj,365,63.303
qkv_proj,366,62.612
qkv_proj,367,62.146
qkv_proj,368,61.517
qkv_proj,369,61.379
qkv_proj,370,61.684
qkv_proj,371,59.812
qkv_proj,372,60.593
qkv_proj,373,58.787
qkv_proj,374,59.616
qkv_proj,375,58.973
qkv_proj,376,57.653
qkv_proj,377,57.191
qkv_proj,378,58.156
qkv_proj,379,57.789
qkv_proj,380,58.136
qkv_proj,381,57.865
qkv_proj,382,59.32
qkv_proj,383,57.306
qkv_proj,384,68.469
qkv_proj,385,70.234
qkv_proj,386,69.357
qkv_proj,387,69.923
qkv_proj,388,68.57
qkv_proj,389,68.91
qkv_proj,390,68.855
qkv_proj,391,68.362
qkv_proj,392,67.779
qkv_proj,393,67.869
qkv_proj,394,68.112
qkv_proj,395,68.111
qkv_proj,396,67.516
qkv_proj,397,66.848
qkv_proj,398,67.453
qkv_proj,399,66.273
qkv_proj,400,71.212
qkv_proj,401,64.684
qkv_proj,402,64.158
qkv_proj,403,64.593
qkv_proj,404,63.892
qkv_proj,405,63.912
qkv_proj,406,63.598
qkv_proj,407,63.387
qkv_proj,408,62.261
qkv_proj,409,62.455
qkv_proj,410,62.201
qkv_proj,411,62.564
qkv_proj,412,61.749
qkv_proj,413,61.165
qkv_proj,414,61.915
qkv_proj,415,60.974
qkv_proj,416,68.519
qkv_proj,417,70.52
qkv_proj,418,69.989
qkv_proj,419,70.329
qkv_proj,420,69.716
qkv_proj,421,70.363
qkv_proj,422,69.781
qkv_proj,423,70.7
qkv_proj,424,69.777
qkv_proj,425,70.119
qkv_proj,426,70.304
qkv_proj,427,69.738
qkv_proj,428,69.869
qkv_proj,429,70.293
qkv_proj,430,70.273
qkv_proj,431,69.93
qkv_proj,432,68.386
qkv_proj,433,65.654
qkv_proj,434,66.377
qkv_proj,435,65.135
qkv_proj,436,64.712
qkv_proj,437,64.99
qkv_proj,438,65.645
qkv_proj,439,64.07
qkv_proj,440,62.577
qkv_proj,441,63.091
qkv_proj,442,63.327
qkv_proj,443,63.244
qkv_proj,444,62.001
qkv_proj,445,62.095
qkv_proj,446,62.413
qkv_proj,447,60.049
qkv_proj,448,66.445
qkv_proj,449,77.275
qkv_proj,450,76.871
qkv_proj,451,76.567
qkv_proj,452,77.008
qkv_proj,453,76.11
qkv_proj,454,77.056
qkv_proj,455,76.072
qkv_proj,456,75.842
qkv_proj,457,72.051
qkv_proj,458,72.321
qkv_proj,459,72.214
qkv_proj,460,72.218
qkv_proj,461,70.675
qkv_proj,462,71.366
qkv_proj,463,71.0
qkv_proj,464,83.781
qkv_proj,465,70.53
qkv_proj,466,69.979
qkv_proj,467,70.208
qkv_proj,468,69.757
qkv_proj,469,69.562
qkv_proj,470,69.299
qkv_proj,471,68.959
qkv_proj,472,68.426
qkv_proj,473,68.318
qkv_proj,474,67.956
qkv_proj,475,68.371
qkv_proj,476,66.98
qkv_proj,477,67.834
qkv_proj,478,67.094
qkv_proj,479,66.772
qkv_proj,480,74.628
qkv_proj,481,77.852
qkv_proj,482,79.695
qkv_proj,483,78.214
qkv_proj,484,78.391
qkv_proj,485,77.093
qkv_proj,486,78.32
qkv_proj,487,76.315
qkv_proj,488,76.436
qkv_proj,489,76.635
qkv_proj,490,76.635
qkv_proj,491,76.431
qkv_proj,492,76.104
qkv_proj,493,75.927
qkv_proj,494,75.738
qkv_proj,495,75.494
qkv_proj,496,68.263
qkv_proj,497,74.161
qkv_proj,498,73.943
qkv_proj,499,74.335
qkv_proj,500,72.92
qkv_proj,501,73.906
qkv_proj,502,71.766
qkv_proj,503,72.51
qkv_proj,504,69.165
qkv_proj,505,65.103
qkv_proj,506,63.105
qkv_proj,507,64.79
qkv_proj,508,63.207
qkv_proj,509,63.281
qkv_proj,510,63.047
qkv_proj,511,63.368
qkv_proj,512,61.908
qkv_proj,513,76.26
qkv_proj,514,75.625
qkv_proj,515,75.467
qkv_proj,516,75.254
qkv_proj,517,75.665
qkv_proj,518,75.296
qkv_proj,519,75.05
qkv_proj,520,73.436
qkv_proj,521,74.232
qkv_proj,522,73.321
qkv_proj,523,73.357
qkv_proj,524,73.205
qkv_proj,525,72.876
qkv_proj,526,72.736
qkv_proj,527,72.623
qkv_proj,528,69.806
qkv_proj,529,77.098
qkv_proj,530,76.997
qkv_proj,531,76.904
qkv_proj,532,76.845
qkv_proj,533,76.624
qkv_proj,534,76.186
qkv_proj,535,75.965
qkv_proj,536,69.97
qkv_proj,537,74.671
qkv_proj,538,74.782
qkv_proj,539,74.563
qkv_proj,540,74.039
qkv_proj,541,74.508
qkv_proj,542,75.09
qkv_proj,543,74.554
qkv_proj,544,72.199
qkv_proj,545,83.491
qkv_proj,546,83.606
qkv_proj,547,83.062
qkv_proj,548,82.946
qkv_proj,549,82.914
qkv_proj,550,81.247
qkv_proj,551,82.658
qkv_proj,552,80.164
qkv_proj,553,79.929
qkv_proj,554,79.42
qkv_proj,555,80.146
qkv_proj,556,79.754
qkv_proj,557,79.181
qkv_proj,558,78.436
qkv_proj,559,79.331
qkv_proj,560,73.935
qkv_proj,561,80.552
qkv_proj,562,79.894
qkv_proj,563,80.972
qkv_proj,564,79.238
qkv_proj,565,79.102
qkv_proj,566,79.536
qkv_proj,567,79.473
qkv_proj,568,75.155
qkv_proj,569,77.628
qkv_proj,570,77.867
qkv_proj,571,77.937
qkv_proj,572,77.382
qkv_proj,573,77.498
qkv_proj,574,77.45
qkv_proj,575,77.305
qkv_proj,576,92.337
qkv_proj,577,81.198
qkv_proj,578,80.959
qkv_proj,579,81.812
qkv_proj,580,80.43
qkv_proj,581,81.194
qkv_proj,582,80.891
qkv_proj,583,80.366
qkv_proj,584,90.061
qkv_proj,585,79.84
qkv_proj,586,79.57
qkv_proj,587,79.964
qkv_proj,588,79.222
qkv_proj,589,79.901
qkv_proj,590,80.121
qkv_proj,591,79.584
qkv_proj,592,88.181
qkv_proj,593,77.316
qkv_proj,594,77.2
qkv_proj,595,77.292
qkv_proj,596,76.129
qkv_proj,597,76.972
qkv_proj,598,76.12
qkv_proj,599,72.949
qkv_proj,600,85.652
qkv_proj,601,72.878
qkv_proj,602,71.135
qkv_proj,603,72.44
qkv_proj,604,71.048
qkv_proj,605,70.061
qkv_proj,606,69.82
qkv_proj,607,70.129
qkv_proj,608,84.404
qkv_proj,609,91.072
qkv_proj,610,85.929
qkv_proj,611,90.99
qkv_proj,612,86.372
qkv_proj,613,89.977
qkv_proj,614,85.697
qkv_proj,615,90.889
qkv_proj,616,79.302
qkv_proj,617,87.454
qkv_proj,618,85.812
qkv_proj,619,86.423
qkv_proj,620,86.221
qkv_proj,621,86.283
qkv_proj,622,86.039
qkv_proj,623,86.09
qkv_proj,624,78.283
qkv_proj,625,85.449
qkv_proj,626,85.468
qkv_proj,627,84.679
qkv_proj,628,85.607
qkv_proj,629,85.315
qkv_proj,630,85.172
qkv_proj,631,84.703
qkv_proj,632,75.823
qkv_proj,633,84.606
qkv_proj,634,87.828
qkv_proj,635,83.998
qkv_proj,636,86.441
qkv_proj,637,84.666
qkv_proj,638,86.017
qkv_proj,639,85.096
qkv_proj,640,75.079
qkv_proj,641,86.647
qkv_proj,642,86.346
qkv_proj,643,86.445
qkv_proj,644,86.161
qkv_proj,645,85.641
qkv_proj,646,85.247
qkv_proj,647,85.719
qkv_proj,648,84.244
qkv_proj,649,83.908
qkv_proj,650,83.607
qkv_proj,651,83.782
qkv_proj,652,83.348
qkv_proj,653,84.717
qkv_proj,654,83.386
qkv_proj,655,84.076
qkv_proj,656,77.902
qkv_proj,657,81.181
qkv_proj,658,81.432
qkv_proj,659,81.313
qkv_proj,660,81.639
qkv_proj,661,81.29
qkv_proj,662,81.579
qkv_proj,663,80.773
qkv_proj,664,79.176
qkv_proj,665,80.082
qkv_proj,666,80.316
qkv_proj,667,79.273
qkv_proj,668,79.768
qkv_proj,669,79.337
qkv_proj,670,79.343
qkv_proj,671,78.67
qkv_proj,672,78.086
qkv_proj,673,85.61
qkv_proj,674,84.902
qkv_proj,675,85.275
qkv_proj,676,84.937
qkv_proj,677,84.002
qkv_proj,678,83.994
qkv_proj,679,83.186
qkv_proj,680,80.736
qkv_proj,681,81.71
qkv_proj,682,81.092
qkv_proj,683,80.629
qkv_proj,684,80.166
qkv_proj,685,80.47
qkv_proj,686,80.445
qkv_proj,687,78.916
qkv_proj,688,82.206
qkv_proj,689,77.346
qkv_proj,690,77.036
qkv_proj,691,77.618
qkv_proj,692,76.515
qkv_proj,693,76.728
qkv_proj,694,76.291
qkv_proj,695,76.505
qkv_proj,696,75.225
qkv_proj,697,74.76
qkv_proj,698,75.814
qkv_proj,699,74.943
qkv_proj,700,74.774
qkv_proj,701,75.324
qkv_proj,702,74.889
qkv_proj,703,74.898
qkv_proj,704,98.644
qkv_proj,705,103.276
qkv_proj,706,103.773
qkv_proj,707,103.33
qkv_proj,708,114.23
qkv_proj,709,102.755
qkv_proj,710,103.687
qkv_proj,711,102.569
qkv_proj,712,111.597
qkv_proj,713,101.786
qkv_proj,714,101.284
qkv_proj,715,101.69
qkv_proj,716,110.507
qkv_proj,717,101.909
qkv_proj,718,100.939
qkv_proj,719,101.512
qkv_proj,720,105.327
qkv_proj,721,97.032
qkv_proj,722,97.527
qkv_proj,723,97.16
qkv_proj,724,97.064
qkv_proj,725,96.256
qkv_proj,726,96.917
qkv_proj,727,96.405
qkv_proj,728,95.316
qkv_proj,729,95.544
qkv_proj,730,95.702
qkv_proj,731,95.152
qkv_proj,732,95.412
qkv_proj,733,94.656
qkv_proj,734,93.915
qkv_proj,735,93.875
qkv_proj,736,94.014
qkv_proj,737,94.304
qkv_proj,738,94.421
qkv_proj,739,93.766
qkv_proj,740,93.027
qkv_proj,741,92.539
qkv_proj,742,92.541
qkv_proj,743,92.54
qkv_proj,744,89.792
qkv_proj,745,89.475
qkv_proj,746,90.078
qkv_proj,747,90.602
qkv_proj,748,90.465
qkv_proj,749,88.814
qkv_proj,750,89.359
qkv_proj,751,89.479
qkv_proj,752,85.459
qkv_proj,753,86.465
qkv_proj,754,84.507
qkv_proj,755,86.184
qkv_proj,756,83.675
qkv_proj,757,84.675
qkv_proj,758,85.373
qkv_proj,759,82.979
qkv_proj,760,81.999
qkv_proj,761,80.217
qkv_proj,762,81.34
qkv_proj,763,80.579
qkv_proj,764,80.699
qkv_proj,765,80.558
qkv_proj,766,79.728
qkv_proj,767,79.562
qkv_proj,768,95.983
qkv_proj,769,93.239
qkv_proj,770,92.544
qkv_proj,771,93.322
qkv_proj,772,93.24
qkv_proj,773,92.758
qkv_proj,774,92.396
qkv_proj,775,91.587
qkv_proj,776,90.793
qkv_proj,777,91.33
qkv_proj,778,90.094
qkv_proj,779,91.077
qkv_proj,780,90.587
qkv_proj,781,91.338
qkv_proj,782,89.495
qkv_proj,783,90.275
qkv_proj,784,83.79
qkv_proj,785,88.197
qkv_proj,786,88.769
qkv_proj,787,88.323
qkv_proj,788,88.306
qkv_proj,789,87.535
qkv_proj,790,87.944
qkv_proj,791,86.985
qkv_proj,792,87.153
qkv_proj,793,99.06
qkv_proj,794,99.294
qkv_proj,795,98.057
qkv_proj,796,98.323
qkv_proj,797,97.566
qkv_proj,798,97.683
qkv_proj,799,98.181
qkv_proj,800,110.094
qkv_proj,801,98.034
qkv_proj,802,97.287
qkv_proj,803,97.837
qkv_proj,804,96.751
qkv_proj,805,96.092
qkv_proj,806,96.7
qkv_proj,807,96.04
qkv_proj,808,94.217
qkv_proj,809,94.135
qkv_proj,810,93.725
qkv_proj,811,94.054
qkv_proj,812,93.607
qkv_proj,813,92.815
qkv_proj,814,92.173
qkv_proj,815,92.229
qkv_proj,816,96.383
qkv_proj,817,85.806
qkv_proj,818,85.152
qkv_proj,819,85.502
qkv_proj,820,86.023
qkv_proj,821,85.128
qkv_proj,822,84.31
qkv_proj,823,82.577
qkv_proj,824,82.131
qkv_proj,825,81.95
qkv_proj,826,82.636
qkv_proj,827,82.022
qkv_proj,828,81.767
qkv_proj,829,81.347
qkv_proj,830,81.71
qkv_proj,831,81.494
qkv_proj,832,88.948
qkv_proj,833,99.821
qkv_proj,834,100.623
qkv_proj,835,100.235
qkv_proj,836,99.399
qkv_proj,837,99.087
qkv_proj,838,99.717
qkv_proj,839,99.599
qkv_proj,840,90.33
qkv_proj,841,105.586
qkv_proj,842,105.114
qkv_proj,843,106.111
qkv_proj,844,110.705
qkv_proj,845,106.13
qkv_proj,846,107.595
qkv_proj,847,106.025
qkv_proj,848,103.572
qkv_proj,849,106.936
qkv_proj,850,107.079
qkv_proj,851,109.785
qkv_proj,852,106.714
qkv_proj,853,108.488
qkv_proj,854,108.553
qkv_proj,855,106.895
qkv_proj,856,106.332
qkv_proj,857,110.253
qkv_proj,858,107.142
qkv_proj,859,108.898
qkv_proj,860,107.762
qkv_proj,861,105.925
qkv_proj,862,106.682
qkv_proj,863,107.82
qkv_proj,864,102.234
qkv_proj,865,99.795
qkv_proj,866,98.377
qkv_proj,867,98.86
qkv_proj,868,97.985
qkv_proj,869,98.365
qkv_proj,870,97.93
qkv_proj,871,96.917
qkv_proj,872,94.472
qkv_proj,873,95.834
qkv_proj,874,95.286
qkv_proj,875,93.6
qkv_proj,876,94.085
qkv_proj,877,93.39
qkv_proj,878,93.572
qkv_proj,879,92.654
qkv_proj,880,89.41
qkv_proj,881,90.017
qkv_proj,882,88.734
qkv_proj,883,91.211
qkv_proj,884,89.142
qkv_proj,885,89.307
qkv_proj,886,88.718
qkv_proj,887,88.568
qkv_proj,888,88.42
qkv_proj,889,88.016
qkv_proj,890,88.551
qkv_proj,891,87.733
qkv_proj,892,88.032
qkv_proj,893,87.792
qkv_proj,894,88.0
qkv_proj,895,87.141
qkv_proj,896,89.709
qkv_proj,897,105.155
qkv_proj,898,105.382
qkv_proj,899,104.929
qkv_proj,900,104.507
qkv_proj,901,105.056
qkv_proj,902,104.476
qkv_proj,903,104.547
qkv_proj,904,103.816
qkv_proj,905,102.657
qkv_proj,906,102.865
qkv_proj,907,102.449
qkv_proj,908,102.817
qkv_proj,909,101.535
qkv_proj,910,103.344
qkv_proj,911,101.487
qkv_proj,912,118.265
qkv_proj,913,100.945
qkv_proj,914,98.992
qkv_proj,915,100.477
qkv_proj,916,98.646
qkv_proj,917,100.908
qkv_proj,918,99.198
qkv_proj,919,96.842
qkv_proj,920,95.242
qkv_proj,921,92.782
qkv_proj,922,91.687
qkv_proj,923,92.167
qkv_proj,924,92.404
qkv_proj,925,92.157
qkv_proj,926,91.313
qkv_proj,927,92.189
qkv_proj,928,111.256
qkv_proj,929,89.368
qkv_proj,930,88.593
qkv_proj,931,88.637
qkv_proj,932,88.68
qkv_proj,933,89.386
qkv_proj,934,88.918
qkv_proj,935,89.437
qkv_proj,936,88.532
qkv_proj,937,93.349
qkv_proj,938,92.581
qkv_proj,939,92.446
qkv_proj,940,92.996
qkv_proj,941,93.31
qkv_proj,942,93.229
qkv_proj,943,92.388
qkv_proj,944,115.116
qkv_proj,945,92.67
qkv_proj,946,92.638
qkv_proj,947,93.147
qkv_proj,948,92.456
qkv_proj,949,92.819
qkv_proj,950,93.821
qkv_proj,951,92.658
qkv_proj,952,93.63
qkv_proj,953,93.559
qkv_proj,954,92.741
qkv_proj,955,93.828
qkv_proj,956,93.448
qkv_proj,957,92.915
qkv_proj,958,93.303
qkv_proj,959,93.575
qkv_proj,960,100.675
qkv_proj,961,102.519
qkv_proj,962,101.953
qkv_proj,963,102.729
qkv_proj,964,98.56
qkv_proj,965,97.915
qkv_proj,966,98.016
qkv_proj,967,97.928
qkv_proj,968,96.186
qkv_proj,969,102.997
qkv_proj,970,99.836
qkv_proj,971,101.725
qkv_proj,972,99.53
qkv_proj,973,103.609
qkv_proj,974,102.019
qkv_proj,975,101.373
qkv_proj,976,98.522
qkv_proj,977,101.946
qkv_proj,978,99.259
qkv_proj,979,99.451
qkv_proj,980,100.552
qkv_proj,981,98.823
qkv_proj,982,98.557
qkv_proj,983,98.698
qkv_proj,984,98.34
qkv_proj,985,98.451
qkv_proj,986,98.593
qkv_proj,987,98.205
qkv_proj,988,98.5
qkv_proj,989,98.845
qkv_proj,990,98.442
qkv_proj,991,98.167
qkv_proj,992,98.637
qkv_proj,993,97.949
qkv_proj,994,96.837
qkv_proj,995,97.537
qkv_proj,996,97.014
qkv_proj,997,97.425
qkv_proj,998,97.887
qkv_proj,999,97.809
qkv_proj,1000,96.849
qkv_proj,1001,97.984
qkv_proj,1002,97.956
qkv_proj,1003,97.218
qkv_proj,1004,98.032
qkv_proj,1005,97.225
qkv_proj,1006,97.533
qkv_proj,1007,98.153
qkv_proj,1008,97.393
qkv_proj,1009,96.343
qkv_proj,1010,96.158
qkv_proj,1011,96.218
qkv_proj,1012,96.021
qkv_proj,1013,96.305
qkv_proj,1014,95.697
qkv_proj,1015,95.767
qkv_proj,1016,94.959
qkv_proj,1017,95.045
qkv_proj,1018,95.209
qkv_proj,1019,94.984
qkv_proj,1020,94.955
qkv_proj,1021,95.248
qkv_proj,1022,94.689
qkv_proj,1023,95.34
qkv_proj,1024,95.2
qkv_proj,1025,101.364
qkv_proj,1026,100.184
qkv_proj,1027,100.648
qkv_proj,1028,100.487
qkv_proj,1029,100.472
qkv_proj,1030,101.714
qkv_proj,1031,100.621
qkv_proj,1032,102.379
qkv_proj,1033,103.842
qkv_proj,1034,103.359
qkv_proj,1035,103.451
qkv_proj,1036,102.991
qkv_proj,1037,103.821
qkv_proj,1038,103.162
qkv_proj,1039,103.094
qkv_proj,1040,119.153
qkv_proj,1041,100.446
qkv_proj,1042,99.979
qkv_proj,1043,99.966
qkv_proj,1044,100.572
qkv_proj,1045,101.106
qkv_proj,1046,99.623
qkv_proj,1047,101.203
qkv_proj,1048,99.949
qkv_proj,1049,100.094
qkv_proj,1050,101.427
qkv_proj,1051,100.0
qkv_proj,1052,100.457
qkv_proj,1053,101.068
qkv_proj,1054,100.298
qkv_proj,1055,100.374
qkv_proj,1056,115.338
qkv_proj,1057,100.913
qkv_proj,1058,102.029
qkv_proj,1059,100.682
qkv_proj,1060,101.205
qkv_proj,1061,100.7
qkv_proj,1062,100.982
qkv_proj,1063,100.494
qkv_proj,1064,101.31
qkv_proj,1065,98.686
qkv_proj,1066,98.059
qkv_proj,1067,97.907
qkv_proj,1068,98.037
qkv_proj,1069,98.818
qkv_proj,1070,98.262
qkv_proj,1071,98.797
qkv_proj,1072,104.552
qkv_proj,1073,98.104
qkv_proj,1074,98.682
qkv_proj,1075,98.274
qkv_proj,1076,98.106
qkv_proj,1077,98.616
qkv_proj,1078,98.266
qkv_proj,1079,98.989
qkv_proj,1080,99.109
qkv_proj,1081,102.126
qkv_proj,1082,100.691
qkv_proj,1083,101.882
qkv_proj,1084,100.734
qkv_proj,1085,100.22
qkv_proj,1086,100.933
qkv_proj,1087,101.653
qkv_proj,1088,110.495
qkv_proj,1089,120.564
qkv_proj,1090,121.187
qkv_proj,1091,119.842
qkv_proj,1092,121.344
qkv_proj,1093,120.978
qkv_proj,1094,120.775
qkv_proj,1095,118.554
qkv_proj,1096,118.127
qkv_proj,1097,117.318
qkv_proj,1098,116.156
qkv_proj,1099,115.977
qkv_proj,1100,115.592
qkv_proj,1101,115.117
qkv_proj,1102,115.694
qkv_proj,1103,115.488
qkv_proj,1104,104.389
qkv_proj,1105,104.588
qkv_proj,1106,104.229
qkv_proj,1107,104.715
qkv_proj,1108,105.182
qkv_proj,1109,104.539
qkv_proj,1110,105.43
qkv_proj,1111,105.086
qkv_proj,1112,104.863
qkv_proj,1113,105.198
qkv_proj,1114,105.742
qkv_proj,1115,104.831
qkv_proj,1116,105.452
qkv_proj,1117,104.569
qkv_proj,1118,105.197
qkv_proj,1119,104.493
qkv_proj,1120,107.859
qkv_proj,1121,105.314
qkv_proj,1122,106.452
qkv_proj,1123,105.722
qkv_proj,1124,106.525
qkv_proj,1125,105.171
qkv_proj,1126,106.002
qkv_proj,1127,105.218
qkv_proj,1128,106.056
qkv_proj,1129,105.159
qkv_proj,1130,105.657
qkv_proj,1131,105.366
qkv_proj,1132,105.984
qkv_proj,1133,105.28
qkv_proj,1134,105.799
qkv_proj,1135,105.486
qkv_proj,1136,106.012
qkv_proj,1137,106.62
qkv_proj,1138,106.191
qkv_proj,1139,105.452
qkv_proj,1140,106.34
qkv_proj,1141,106.619
qkv_proj,1142,105.313
qkv_proj,1143,105.756
qkv_proj,1144,106.244
qkv_proj,1145,106.754
qkv_proj,1146,105.468
qkv_proj,1147,106.649
qkv_proj,1148,106.128
qkv_proj,1149,105.506
qkv_proj,1150,105.445
qkv_proj,1151,106.79
qkv_proj,1152,111.805
qkv_proj,1153,110.824
qkv_proj,1154,110.685
qkv_proj,1155,110.525
qkv_proj,1156,110.446
qkv_proj,1157,110.045
qkv_proj,1158,110.673
qkv_proj,1159,110.863
qkv_proj,1160,110.762
qkv_proj,1161,110.919
qkv_proj,1162,110.204
qkv_proj,1163,110.808
qkv_proj,1164,110.854
qkv_proj,1165,111.115
qkv_proj,1166,110.572
qkv_proj,1167,111.024
qkv_proj,1168,113.498
qkv_proj,1169,110.606
qkv_proj,1170,111.636
qkv_proj,1171,110.511
qkv_proj,1172,110.469
qkv_proj,1173,111.476
qkv_proj,1174,110.699
qkv_proj,1175,111.014
qkv_proj,1176,111.153
qkv_proj,1177,110.298
qkv_proj,1178,109.828
qkv_proj,1179,110.349
qkv_proj,1180,110.703
qkv_proj,1181,110.334
qkv_proj,1182,110.602
qkv_proj,1183,109.509
qkv_proj,1184,112.732
qkv_proj,1185,108.821
qkv_proj,1186,110.285
qkv_proj,1187,109.249
qkv_proj,1188,110.321
qkv_proj,1189,108.996
qkv_proj,1190,109.234
qkv_proj,1191,109.328
qkv_proj,1192,109.532
qkv_proj,1193,109.681
qkv_proj,1194,110.361
qkv_proj,1195,109.721
qkv_proj,1196,109.423
qkv_proj,1197,109.367
qkv_proj,1198,109.58
qkv_proj,1199,110.002
qkv_proj,1200,113.373
qkv_proj,1201,110.292
qkv_proj,1202,109.219
qkv_proj,1203,110.206
qkv_proj,1204,109.722
qkv_proj,1205,110.188
qkv_proj,1206,109.559
qkv_proj,1207,110.409
qkv_proj,1208,110.581
qkv_proj,1209,110.207
qkv_proj,1210,109.435
qkv_proj,1211,110.826
qkv_proj,1212,110.331
qkv_proj,1213,109.754
qkv_proj,1214,109.83
qkv_proj,1215,109.704
qkv_proj,1216,113.051
qkv_proj,1217,114.079
qkv_proj,1218,113.725
qkv_proj,1219,114.141
qkv_proj,1220,113.165
qkv_proj,1221,113.579
qkv_proj,1222,113.686
qkv_proj,1223,113.313
qkv_proj,1224,112.933
qkv_proj,1225,114.457
qkv_proj,1226,114.188
qkv_proj,1227,114.573
qkv_proj,1228,113.305
qkv_proj,1229,114.235
qkv_proj,1230,112.998
qkv_proj,1231,114.268
qkv_proj,1232,113.58
qkv_proj,1233,113.556
qkv_proj,1234,113.49
qkv_proj,1235,114.271
qkv_proj,1236,112.881
qkv_proj,1237,114.371
qkv_proj,1238,113.391
qkv_proj,1239,112.996
qkv_proj,1240,113.538
qkv_proj,1241,113.164
qkv_proj,1242,113.13
qkv_proj,1243,114.454
qkv_proj,1244,113.995
qkv_proj,1245,114.447
qkv_proj,1246,113.543
qkv_proj,1247,113.067
qkv_proj,1248,113.727
qkv_proj,1249,114.568
qkv_proj,1250,113.143
qkv_proj,1251,114.03
qkv_proj,1252,113.638
qkv_proj,1253,113.18
qkv_proj,1254,114.151
qkv_proj,1255,113.238
qkv_proj,1256,114.162
qkv_proj,1257,113.532
qkv_proj,1258,114.397
qkv_proj,1259,113.585
qkv_proj,1260,113.414
qkv_proj,1261,113.325
qkv_proj,1262,114.453
qkv_proj,1263,113.368
qkv_proj,1264,114.399
qkv_proj,1265,114.749
qkv_proj,1266,113.497
qkv_proj,1267,114.163
qkv_proj,1268,113.494
qkv_proj,1269,114.88
qkv_proj,1270,113.95
qkv_proj,1271,115.032
qkv_proj,1272,114.338
qkv_proj,1273,113.939
qkv_proj,1274,115.054
qkv_proj,1275,113.267
qkv_proj,1276,115.069
qkv_proj,1277,113.976
qkv_proj,1278,114.577
qkv_proj,1279,114.383
qkv_proj,1280,114.976
qkv_proj,1281,117.824
qkv_proj,1282,117.266
qkv_proj,1283,118.485
qkv_proj,1284,118.853
qkv_proj,1285,117.057
qkv_proj,1286,117.422
qkv_proj,1287,117.152
qkv_proj,1288,117.246
qkv_proj,1289,118.706
qkv_proj,1290,119.036
qkv_proj,1291,119.418
qkv_proj,1292,118.074
qkv_proj,1293,119.418
qkv_proj,1294,118.357
qkv_proj,1295,118.387
qkv_proj,1296,119.694
qkv_proj,1297,117.979
qkv_proj,1298,118.831
qkv_proj,1299,118.428
qkv_proj,1300,118.195
qkv_proj,1301,118.228
qkv_proj,1302,119.298
qkv_proj,1303,118.741
qkv_proj,1304,118.54
qkv_proj,1305,119.682
qkv_proj,1306,118.999
qkv_proj,1307,119.542
qkv_proj,1308,118.891
qkv_proj,1309,118.192
qkv_proj,1310,119.215
qkv_proj,1311,118.595
qkv_proj,1312,125.939
qkv_proj,1313,119.718
qkv_proj,1314,118.325
qkv_proj,1315,119.462
qkv_proj,1316,118.522
qkv_proj,1317,119.466
qkv_proj,1318,118.858
qkv_proj,1319,118.473
qkv_proj,1320,119.663
qkv_proj,1321,119.886
qkv_proj,1322,118.539
qkv_proj,1323,119.224
qkv_proj,1324,119.216
qkv_proj,1325,118.372
qkv_proj,1326,118.695
qkv_proj,1327,119.068
qkv_proj,1328,119.746
qkv_proj,1329,119.199
qkv_proj,1330,118.403
qkv_proj,1331,119.804
qkv_proj,1332,119.462
qkv_proj,1333,119.924
qkv_proj,1334,118.968
qkv_proj,1335,119.1
qkv_proj,1336,119.864
qkv_proj,1337,119.281
qkv_proj,1338,119.015
qkv_proj,1339,119.722
qkv_proj,1340,119.757
qkv_proj,1341,118.582
qkv_proj,1342,119.855
qkv_proj,1343,119.401
qkv_proj,1344,125.389
qkv_proj,1345,123.271
qkv_proj,1346,122.025
qkv_proj,1347,123.124
qkv_proj,1348,122.523
qkv_proj,1349,122.393
qkv_proj,1350,121.656
qkv_proj,1351,122.029
qkv_proj,1352,121.701
qkv_proj,1353,122.577
qkv_proj,1354,122.742
qkv_proj,1355,123.328
qkv_proj,1356,121.898
qkv_proj,1357,123.392
qkv_proj,1358,121.835
qkv_proj,1359,122.227
qkv_proj,1360,122.447
qkv_proj,1361,123.164
qkv_proj,1362,122.047
qkv_proj,1363,122.162
qkv_proj,1364,122.024
qkv_proj,1365,122.216
qkv_proj,1366,121.766
qkv_proj,1367,123.161
qkv_proj,1368,122.769
qkv_proj,1369,122.182
qkv_proj,1370,122.368
qkv_proj,1371,122.909
qkv_proj,1372,122.877
qkv_proj,1373,122.56
qkv_proj,1374,121.88
qkv_proj,1375,123.315
qkv_proj,1376,125.98
qkv_proj,1377,122.379
qkv_proj,1378,121.927
qkv_proj,1379,123.47
qkv_proj,1380,122.338
qkv_proj,1381,122.085
qkv_proj,1382,121.908
qkv_proj,1383,123.704
qkv_proj,1384,122.728
qkv_proj,1385,122.762
qkv_proj,1386,123.367
qkv_proj,1387,123.091
qkv_proj,1388,123.152
qkv_proj,1389,123.078
qkv_proj,1390,122.074
qkv_proj,1391,122.773
qkv_proj,1392,123.5
qkv_proj,1393,122.671
qkv_proj,1394,122.43
qkv_proj,1395,123.474
qkv_proj,1396,123.338
qkv_proj,1397,122.736
qkv_proj,1398,122.298
qkv_proj,1399,122.191
qkv_proj,1400,122.38
qkv_proj,1401,123.185
qkv_proj,1402,122.807
qkv_proj,1403,123.45
qkv_proj,1404,122.537
qkv_proj,1405,122.624
qkv_proj,1406,122.214
qkv_proj,1407,123.81
qkv_proj,1408,124.771
qkv_proj,1409,125.794
qkv_proj,1410,127.294
qkv_proj,1411,126.48
qkv_proj,1412,126.392
qkv_proj,1413,126.033
qkv_proj,1414,127.228
qkv_proj,1415,126.132
qkv_proj,1416,126.121
qkv_proj,1417,127.399
qkv_proj,1418,126.489
qkv_proj,1419,125.809
qkv_proj,1420,127.155
qkv_proj,1421,126.467
qkv_proj,1422,127.607
qkv_proj,1423,127.174
qkv_proj,1424,133.435
qkv_proj,1425,126.493
qkv_proj,1426,127.457
qkv_proj,1427,126.822
qkv_proj,1428,127.13
qkv_proj,1429,126.243
qkv_proj,1430,126.61
qkv_proj,1431,126.603
qkv_proj,1432,126.765
qkv_proj,1433,126.8
qkv_proj,1434,126.676
qkv_proj,1435,126.454
qkv_proj,1436,127.573
qkv_proj,1437,126.603
qkv_proj,1438,126.391
qkv_proj,1439,127.323
qkv_proj,1440,132.451
qkv_proj,1441,127.121
qkv_proj,1442,127.199
qkv_proj,1443,126.515
qkv_proj,1444,126.455
qkv_proj,1445,126.498
qkv_proj,1446,127.375
qkv_proj,1447,127.417
qkv_proj,1448,126.755
qkv_proj,1449,126.934
qkv_proj,1450,126.107
qkv_proj,1451,126.376
qkv_proj,1452,126.405
qkv_proj,1453,127.373
qkv_proj,1454,126.735
qkv_proj,1455,126.999
qkv_proj,1456,132.348
qkv_proj,1457,126.368
qkv_proj,1458,126.776
qkv_proj,1459,127.21
qkv_proj,1460,127.392
qkv_proj,1461,126.43
qkv_proj,1462,127.606
qkv_proj,1463,127.583
qkv_proj,1464,126.717
qkv_proj,1465,127.343
qkv_proj,1466,126.697
qkv_proj,1467,126.751
qkv_proj,1468,126.582
qkv_proj,1469,127.599
qkv_proj,1470,127.308
qkv_proj,1471,126.754
qkv_proj,1472,132.895
qkv_proj,1473,142.688
qkv_proj,1474,142.566
qkv_proj,1475,143.083
qkv_proj,1476,143.736
qkv_proj,1477,143.02
qkv_proj,1478,142.914
qkv_proj,1479,142.707
qkv_proj,1480,143.408
qkv_proj,1481,142.91
qkv_proj,1482,143.427
qkv_proj,1483,143.12
qkv_proj,1484,144.132
qkv_proj,1485,143.121
qkv_proj,1486,142.997
qkv_proj,1487,143.249
qkv_proj,1488,143.96
qkv_proj,1489,134.877
qkv_proj,1490,134.316
qkv_proj,1491,135.275
qkv_proj,1492,134.096
qkv_proj,1493,134.253
qkv_proj,1494,134.946
qkv_proj,1495,134.023
qkv_proj,1496,134.2
qkv_proj,1497,135.36
qkv_proj,1498,135.252
qkv_proj,1499,135.732
qkv_proj,1500,134.932
qkv_proj,1501,134.403
qkv_proj,1502,133.729
qkv_proj,1503,134.102
qkv_proj,1504,132.748
qkv_proj,1505,134.717
qkv_proj,1506,133.881
qkv_proj,1507,135.424
qkv_proj,1508,135.414
qkv_proj,1509,134.926
qkv_proj,1510,134.231
qkv_proj,1511,135.115
qkv_proj,1512,134.285
qkv_proj,1513,132.372
qkv_proj,1514,133.61
qkv_proj,1515,133.323
qkv_proj,1516,133.476
qkv_proj,1517,133.153
qkv_proj,1518,134.032
qkv_proj,1519,134.423
qkv_proj,1520,132.621
qkv_proj,1521,138.792
qkv_proj,1522,138.302
qkv_proj,1523,138.182
qkv_proj,1524,138.298
qkv_proj,1525,137.584
qkv_proj,1526,137.001
qkv_proj,1527,137.906
qkv_proj,1528,134.049
qkv_proj,1529,135.892
qkv_proj,1530,136.086
qkv_proj,1531,135.649
qkv_proj,1532,135.455
qkv_proj,1533,135.751
qkv_proj,1534,136.383
qkv_proj,1535,136.078
qkv_proj,1536,134.35
qkv_proj,1537,134.104
qkv_proj,1538,133.582
qkv_proj,1539,133.399
qkv_proj,1540,133.785
qkv_proj,1541,134.753
qkv_proj,1542,134.259
qkv_proj,1543,133.886
qkv_proj,1544,134.108
qkv_proj,1545,134.837
qkv_proj,1546,134.179
qkv_proj,1547,134.84
qkv_proj,1548,134.576
qkv_proj,1549,134.223
qkv_proj,1550,133.583
qkv_proj,1551,133.89
qkv_proj,1552,144.309
qkv_proj,1553,133.993
qkv_proj,1554,134.98
qkv_proj,1555,134.883
qkv_proj,1556,134.715
qkv_proj,1557,134.691
qkv_proj,1558,134.323
qkv_proj,1559,134.328
qkv_proj,1560,134.66
qkv_proj,1561,135.179
qkv_proj,1562,136.678
qkv_proj,1563,136.498
qkv_proj,1564,134.888
qkv_proj,1565,136.579
qkv_proj,1566,136.208
qkv_proj,1567,136.076
qkv_proj,1568,147.988
qkv_proj,1569,135.725
qkv_proj,1570,135.495
qkv_proj,1571,135.275
qkv_proj,1572,135.842
qkv_proj,1573,136.82
qkv_proj,1574,135.748
qkv_proj,1575,137.136
qkv_proj,1576,136.608
qkv_proj,1577,136.582
qkv_proj,1578,135.603
qkv_proj,1579,136.013
qkv_proj,1580,136.094
qkv_proj,1581,135.837
qkv_proj,1582,135.352
qkv_proj,1583,135.357
qkv_proj,1584,140.607
qkv_proj,1585,138.606
qkv_proj,1586,137.593
qkv_proj,1587,137.35
qkv_proj,1588,137.687
qkv_proj,1589,137.413
qkv_proj,1590,138.457
qkv_proj,1591,138.794
qkv_proj,1592,137.214
qkv_proj,1593,138.074
qkv_proj,1594,137.379
qkv_proj,1595,138.655
qkv_proj,1596,137.807
qkv_proj,1597,138.483
qkv_proj,1598,137.318
qkv_proj,1599,138.866
qkv_proj,1600,156.063
qkv_proj,1601,138.352
qkv_proj,1602,137.556
qkv_proj,1603,137.702
qkv_proj,1604,138.143
qkv_proj,1605,138.425
qkv_proj,1606,137.292
qkv_proj,1607,137.329
qkv_proj,1608,137.5
qkv_proj,1609,137.68
qkv_proj,1610,137.706
qkv_proj,1611,138.622
qkv_proj,1612,137.356
qkv_proj,1613,138.707
qkv_proj,1614,138.265
qkv_proj,1615,138.507
qkv_proj,1616,139.344
qkv_proj,1617,138.147
qkv_proj,1618,137.603
qkv_proj,1619,137.278
qkv_proj,1620,137.944
qkv_proj,1621,138.658
qkv_proj,1622,137.772
qkv_proj,1623,138.977
qkv_proj,1624,137.506
qkv_proj,1625,141.206
qkv_proj,1626,140.399
qkv_proj,1627,140.456
qkv_proj,1628,140.647
qkv_proj,1629,140.389
qkv_proj,1630,141.203
qkv_proj,1631,139.864
qkv_proj,1632,144.747
qkv_proj,1633,140.058
qkv_proj,1634,139.697
qkv_proj,1635,139.677
qkv_proj,1636,139.702
qkv_proj,1637,141.221
qkv_proj,1638,139.81
qkv_proj,1639,139.637
qkv_proj,1640,141.159
qkv_proj,1641,139.637
qkv_proj,1642,141.46
qkv_proj,1643,141.075
qkv_proj,1644,140.493
qkv_proj,1645,139.919
qkv_proj,1646,141.317
qkv_proj,1647,139.726
qkv_proj,1648,142.812
qkv_proj,1649,140.366
qkv_proj,1650,140.2
qkv_proj,1651,140.417
qkv_proj,1652,139.991
qkv_proj,1653,141.021
qkv_proj,1654,140.007
qkv_proj,1655,141.617
qkv_proj,1656,140.836
qkv_proj,1657,138.625
qkv_proj,1658,139.868
qkv_proj,1659,140.117
qkv_proj,1660,138.527
qkv_proj,1661,139.459
qkv_proj,1662,139.18
qkv_proj,1663,139.36
qkv_proj,1664,156.821
qkv_proj,1665,141.582
qkv_proj,1666,141.644
qkv_proj,1667,141.41
qkv_proj,1668,142.908
qkv_proj,1669,142.909
qkv_proj,1670,142.858
qkv_proj,1671,142.916
qkv_proj,1672,142.817
qkv_proj,1673,142.431
qkv_proj,1674,141.616
qkv_proj,1675,142.749
qkv_proj,1676,142.048
qkv_proj,1677,141.541
qkv_proj,1678,142.825
qkv_proj,1679,142.923
qkv_proj,1680,147.53
qkv_proj,1681,144.163
qkv_proj,1682,145.008
qkv_proj,1683,145.217
qkv_proj,1684,144.709
qkv_proj,1685,143.652
qkv_proj,1686,145.245
qkv_proj,1687,144.062
qkv_proj,1688,145.37
qkv_proj,1689,144.14
qkv_proj,1690,144.126
qkv_proj,1691,145.533
qkv_proj,1692,144.805
qkv_proj,1693,145.137
qkv_proj,1694,145.743
qkv_proj,1695,144.379
qkv_proj,1696,147.718
qkv_proj,1697,145.27
qkv_proj,1698,144.451
qkv_proj,1699,144.04
qkv_proj,1700,145.387
qkv_proj,1701,145.614
qkv_proj,1702,145.777
qkv_proj,1703,144.286
qkv_proj,1704,145.739
qkv_proj,1705,145.202
qkv_proj,1706,144.277
qkv_proj,1707,144.441
qkv_proj,1708,144.992
qkv_proj,1709,144.125
qkv_proj,1710,145.477
qkv_proj,1711,144.618
qkv_proj,1712,145.855
qkv_proj,1713,145.446
qkv_proj,1714,144.467
qkv_proj,1715,144.553
qkv_proj,1716,145.586
qkv_proj,1717,145.662
qkv_proj,1718,146.207
qkv_proj,1719,144.89
qkv_proj,1720,144.738
qkv_proj,1721,146.157
qkv_proj,1722,145.337
qkv_proj,1723,146.058
qkv_proj,1724,145.886
qkv_proj,1725,145.201
qkv_proj,1726,144.998
qkv_proj,1727,145.461
qkv_proj,1728,158.916
qkv_proj,1729,150.207
qkv_proj,1730,149.793
qkv_proj,1731,148.793
qkv_proj,1732,148.834
qkv_proj,1733,149.685
qkv_proj,1734,149.135
qkv_proj,1735,150.511
qkv_proj,1736,149.543
qkv_proj,1737,148.956
qkv_proj,1738,150.042
qkv_proj,1739,149.076
qkv_proj,1740,148.813
qkv_proj,1741,149.906
qkv_proj,1742,149.439
qkv_proj,1743,150.371
qkv_proj,1744,149.768
qkv_proj,1745,149.248
qkv_proj,1746,150.607
qkv_proj,1747,150.403
qkv_proj,1748,149.553
qkv_proj,1749,151.023
qkv_proj,1750,149.872
qkv_proj,1751,149.433
qkv_proj,1752,149.315
qkv_proj,1753,150.346
qkv_proj,1754,149.19
qkv_proj,1755,150.908
qkv_proj,1756,150.593
qkv_proj,1757,149.517
qkv_proj,1758,149.509
qkv_proj,1759,150.034
qkv_proj,1760,147.94
qkv_proj,1761,157.071
qkv_proj,1762,157.708
qkv_proj,1763,156.824
qkv_proj,1764,157.012
qkv_proj,1765,156.847
qkv_proj,1766,155.923
qkv_proj,1767,156.766
qkv_proj,1768,155.878
qkv_proj,1769,155.542
qkv_proj,1770,156.1
qkv_proj,1771,155.783
qkv_proj,1772,155.237
qkv_proj,1773,155.836
qkv_proj,1774,154.97
qkv_proj,1775,154.784
qkv_proj,1776,148.268
qkv_proj,1777,153.826
qkv_proj,1778,153.33
qkv_proj,1779,153.336
qkv_proj,1780,153.216
qkv_proj,1781,153.473
qkv_proj,1782,153.063
qkv_proj,1783,152.737
qkv_proj,1784,152.104
qkv_proj,1785,153.318
qkv_proj,1786,152.379
qkv_proj,1787,152.25
qkv_proj,1788,151.838
qkv_proj,1789,152.566
qkv_proj,1790,152.061
qkv_proj,1791,152.528
qkv_proj,1792,160.817
qkv_proj,1793,151.888
qkv_proj,1794,152.06
qkv_proj,1795,152.512
qkv_proj,1796,152.449
qkv_proj,1797,151.54
qkv_proj,1798,153.309
qkv_proj,1799,152.023
qkv_proj,1800,152.901
qkv_proj,1801,153.915
qkv_proj,1802,154.377
qkv_proj,1803,155.185
qkv_proj,1804,153.753
qkv_proj,1805,154.879
qkv_proj,1806,155.308
qkv_proj,1807,153.904
qkv_proj,1808,160.626
qkv_proj,1809,154.549
qkv_proj,1810,154.11
qkv_proj,1811,155.69
qkv_proj,1812,154.54
qkv_proj,1813,155.353
qkv_proj,1814,154.2
qkv_proj,1815,155.642
qkv_proj,1816,154.802
qkv_proj,1817,154.678
qkv_proj,1818,155.208
qkv_proj,1819,154.369
qkv_proj,1820,155.472
qkv_proj,1821,155.366
qkv_proj,1822,154.743
qkv_proj,1823,154.082
qkv_proj,1824,157.635
qkv_proj,1825,155.186
qkv_proj,1826,155.772
qkv_proj,1827,155.79
qkv_proj,1828,155.814
qkv_proj,1829,154.784
qkv_proj,1830,155.853
qkv_proj,1831,154.383
qkv_proj,1832,156.09
qkv_proj,1833,155.747
qkv_proj,1834,156.522
qkv_proj,1835,156.088
qkv_proj,1836,155.883
qkv_proj,1837,155.602
qkv_proj,1838,156.151
qkv_proj,1839,155.933
qkv_proj,1840,159.96
qkv_proj,1841,156.335
qkv_proj,1842,156.501
qkv_proj,1843,156.951
qkv_proj,1844,156.814
qkv_proj,1845,156.512
qkv_proj,1846,156.849
qkv_proj,1847,156.724
qkv_proj,1848,156.278
qkv_proj,1849,152.973
qkv_proj,1850,152.531
qkv_proj,1851,152.717
qkv_proj,1852,153.649
qkv_proj,1853,153.005
qkv_proj,1854,153.733
qkv_proj,1855,153.828
qkv_proj,1856,163.686
qkv_proj,1857,158.03
qkv_proj,1858,159.038
qkv_proj,1859,159.165
qkv_proj,1860,159.238
qkv_proj,1861,158.915
qkv_proj,1862,158.202
qkv_proj,1863,158.28
qkv_proj,1864,158.875
qkv_proj,1865,158.815
qkv_proj,1866,158.604
qkv_proj,1867,159.281
qkv_proj,1868,158.09
qkv_proj,1869,159.185
qkv_proj,1870,158.444
qkv_proj,1871,158.147
qkv_proj,1872,158.169
qkv_proj,1873,159.108
qkv_proj,1874,158.281
qkv_proj,1875,158.459
qkv_proj,1876,158.662
qkv_proj,1877,159.165
qkv_proj,1878,158.495
qkv_proj,1879,158.218
qkv_proj,1880,159.396
qkv_proj,1881,158.992
qkv_proj,1882,159.483
qkv_proj,1883,158.697
qkv_proj,1884,159.919
qkv_proj,1885,159.026
qkv_proj,1886,159.636
qkv_proj,1887,160.401
qkv_proj,1888,159.719
qkv_proj,1889,159.513
qkv_proj,1890,159.669
qkv_proj,1891,159.843
qkv_proj,1892,160.308
qkv_proj,1893,159.331
qkv_proj,1894,158.654
qkv_proj,1895,158.745
qkv_proj,1896,160.081
qkv_proj,1897,159.059
qkv_proj,1898,158.696
qkv_proj,1899,160.819
qkv_proj,1900,159.439
qkv_proj,1901,160.169
qkv_proj,1902,161.61
qkv_proj,1903,160.356
qkv_proj,1904,159.844
qkv_proj,1905,159.544
qkv_proj,1906,159.727
qkv_proj,1907,159.284
qkv_proj,1908,160.095
qkv_proj,1909,159.901
qkv_proj,1910,160.167
qkv_proj,1911,160.096
qkv_proj,1912,159.969
qkv_proj,1913,159.859
qkv_proj,1914,160.085
qkv_proj,1915,159.844
qkv_proj,1916,160.617
qkv_proj,1917,160.35
qkv_proj,1918,160.646
qkv_proj,1919,161.028
qkv_proj,1920,164.337
qkv_proj,1921,163.849
qkv_proj,1922,164.901
qkv_proj,1923,163.132
qkv_proj,1924,163.511
qkv_proj,1925,164.562
qkv_proj,1926,163.825
qkv_proj,1927,163.295
qkv_proj,1928,163.569
qkv_proj,1929,164.654
qkv_proj,1930,165.015
qkv_proj,1931,162.799
qkv_proj,1932,163.716
qkv_proj,1933,164.848
qkv_proj,1934,164.091
qkv_proj,1935,163.823
qkv_proj,1936,173.08
qkv_proj,1937,168.072
qkv_proj,1938,167.752
qkv_proj,1939,168.649
qkv_proj,1940,167.766
qkv_proj,1941,168.269
qkv_proj,1942,168.271
qkv_proj,1943,168.599
qkv_proj,1944,167.973
qkv_proj,1945,168.07
qkv_proj,1946,168.83
qkv_proj,1947,169.391
qkv_proj,1948,168.754
qkv_proj,1949,168.332
qkv_proj,1950,168.417
qkv_proj,1951,169.249
qkv_proj,1952,173.122
qkv_proj,1953,167.82
qkv_proj,1954,167.463
qkv_proj,1955,167.108
qkv_proj,1956,166.874
qkv_proj,1957,167.827
qkv_proj,1958,167.408
qkv_proj,1959,166.967
qkv_proj,1960,166.606
qkv_proj,1961,166.868
qkv_proj,1962,167.491
qkv_proj,1963,167.153
qkv_proj,1964,166.942
qkv_proj,1965,166.64
qkv_proj,1966,166.367
qkv_proj,1967,166.805
qkv_proj,1968,170.841
qkv_proj,1969,166.676
qkv_proj,1970,166.28
qkv_proj,1971,166.188
qkv_proj,1972,166.205
qkv_proj,1973,167.08
qkv_proj,1974,166.049
qkv_proj,1975,166.735
qkv_proj,1976,165.944
qkv_proj,1977,166.189
qkv_proj,1978,166.364
qkv_proj,1979,166.481
qkv_proj,1980,166.083
qkv_proj,1981,166.123
qkv_proj,1982,165.755
qkv_proj,1983,166.393
qkv_proj,1984,170.942
qkv_proj,1985,180.406
qkv_proj,1986,179.512
qkv_proj,1987,179.82
qkv_proj,1988,179.606
qkv_proj,1989,180.531
qkv_proj,1990,180.449
qkv_proj,1991,179.39
qkv_proj,1992,180.409
qkv_proj,1993,178.434
qkv_proj,1994,178.829
qkv_proj,1995,179.626
qkv_proj,1996,178.919
qkv_proj,1997,178.394
qkv_proj,1998,178.412
qkv_proj,1999,178.194
qkv_proj,2000,177.88
qkv_proj,2001,178.847
qkv_proj,2002,178.176
qkv_proj,2003,177.931
qkv_proj,2004,178.01
qkv_proj,2005,178.098
qkv_proj,2006,177.231
qkv_proj,2007,177.827
qkv_proj,2008,177.515
qkv_proj,2009,177.807
qkv_proj,2010,176.933
qkv_proj,2011,176.751
qkv_proj,2012,176.882
qkv_proj,2013,177.587
qkv_proj,2014,176.566
qkv_proj,2015,176.866
qkv_proj,2016,176.379
qkv_proj,2017,169.252
qkv_proj,2018,169.444
qkv_proj,2019,170.256
qkv_proj,2020,169.566
qkv_proj,2021,169.856
qkv_proj,2022,169.499
qkv_proj,2023,170.498
qkv_proj,2024,169.591
qkv_proj,2025,174.567
qkv_proj,2026,173.71
qkv_proj,2027,173.571
qkv_proj,2028,172.977
qkv_proj,2029,174.017
qkv_proj,2030,173.61
qkv_proj,2031,173.767
qkv_proj,2032,170.399
qkv_proj,2033,171.029
qkv_proj,2034,170.133
qkv_proj,2035,170.047
qkv_proj,2036,169.263
qkv_proj,2037,169.889
qkv_proj,2038,169.629
qkv_proj,2039,169.757
qkv_proj,2040,169.646
qkv_proj,2041,169.458
qkv_proj,2042,169.141
qkv_proj,2043,169.008
qkv_proj,2044,169.196
qkv_proj,2045,168.99
qkv_proj,2046,169.609
qkv_proj,2047,169.003
qkv_proj,2048,168.916
rotary_emb,1,31.331
rotary_emb,2,35.99
rotary_emb,3,38.285
rotary_emb,4,38.254
rotary_emb,5,39.887
rotary_emb,6,39.893
rotary_emb,7,38.997
rotary_emb,8,39.04
rotary_emb,9,38.9
rotary_emb,10,39.9
rotary_emb,11,40.164
rotary_emb,12,39.996
rotary_emb,13,40.358
rotary_emb,14,40.628
rotary_emb,15,40.592
rotary_emb,16,40.915
rotary_emb,17,39.794
rotary_emb,18,39.54
rotary_emb,19,40.978
rotary_emb,20,41.553
rotary_emb,21,41.735
rotary_emb,22,41.985
rotary_emb,23,41.562
rotary_emb,24,42.184
rotary_emb,25,41.723
rotary_emb,26,41.852
rotary_emb,27,41.946
rotary_emb,28,42.613
rotary_emb,29,42.222
rotary_emb,30,42.376
rotary_emb,31,42.646
rotary_emb,32,42.682
rotary_emb,33,41.96
rotary_emb,34,42.337
rotary_emb,35,43.069
rotary_emb,36,44.146
rotary_emb,37,42.703
rotary_emb,38,43.222
rotary_emb,39,43.354
rotary_emb,40,43.425
rotary_emb,41,43.323
rotary_emb,42,42.956
rotary_emb,43,43.249
rotary_emb,44,43.362
rotary_emb,45,43.232
rotary_emb,46,43.729
rotary_emb,47,43.552
rotary_emb,48,43.581
rotary_emb,49,43.09
rotary_emb,50,43.749
rotary_emb,51,44.091
rotary_emb,52,43.776
rotary_emb,53,43.814
rotary_emb,54,43.909
rotary_emb,55,44.145
rotary_emb,56,43.951
rotary_emb,57,44.202
rotary_emb,58,44.046
rotary_emb,59,44.297
rotary_emb,60,44.248
rotary_emb,61,44.353
rotary_emb,62,44.262
rotary_emb,63,44.523
rotary_emb,64,44.755
rotary_emb,65,43.613
rotary_emb,66,43.811
rotary_emb,67,43.841
rotary_emb,68,43.918
rotary_emb,69,44.353
rotary_emb,70,43.878
rotary_emb,71,45.022
rotary_emb,72,44.68
rotary_emb,73,44.201
rotary_emb,74,44.263
rotary_emb,75,44.355
rotary_emb,76,44.436
rotary_emb,77,44.234
rotary_emb,78,44.659
rotary_emb,79,44.449
rotary_emb,80,44.853
rotary_emb,81,45.356
rotary_emb,82,45.595
rotary_emb,83,45.514
rotary_emb,84,45.607
rotary_emb,85,45.292
rotary_emb,86,45.287
rotary_emb,87,45.032
rotary_emb,88,45.248
rotary_emb,89,45.219
rotary_emb,90,45.455
rotary_emb,91,45.312
rotary_emb,92,45.528
rotary_emb,93,45.424
rotary_emb,94,45.363
rotary_emb,95,45.309
rotary_emb,96,45.533
rotary_emb,97,45.484
rotary_emb,98,45.574
rotary_emb,99,45.506
rotary_emb,100,45.779
rotary_emb,101,45.721
rotary_emb,102,45.853
rotary_emb,103,45.661
rotary_emb,104,45.664
rotary_emb,105,45.273
rotary_emb,106,45.527
rotary_emb,107,45.32
rotary_emb,108,45.76
rotary_emb,109,45.726
rotary_emb,110,45.605
rotary_emb,111,45.597
rotary_emb,112,45.691
rotary_emb,113,45.556
rotary_emb,114,45.695
rotary_emb,115,45.549
rotary_emb,116,45.948
rotary_emb,117,45.496
rotary_emb,118,45.775
rotary_emb,119,45.657
rotary_emb,120,46.006
rotary_emb,121,46.155
rotary_emb,122,46.07
rotary_emb,123,46.03
rotary_emb,124,46.154
rotary_emb,125,45.894
rotary_emb,126,46.076
rotary_emb,127,46.099
rotary_emb,128,46.53
rotary_emb,129,45.517
rotary_emb,130,45.464
rotary_emb,131,45.626
rotary_emb,132,45.589
rotary_emb,133,45.515
rotary_emb,134,45.628
rotary_emb,135,45.724
rotary_emb,136,45.767
rotary_emb,137,46.304
rotary_emb,138,45.775
rotary_emb,139,45.525
rotary_emb,140,45.734
rotary_emb,141,45.656
rotary_emb,142,45.472
rotary_emb,143,45.535
rotary_emb,144,46.679
rotary_emb,145,45.716
rotary_emb,146,45.923
rotary_emb,147,46.042
rotary_emb,148,45.995
rotary_emb,149,45.721
rotary_emb,150,45.773
rotary_emb,151,45.743
rotary_emb,152,46.055
rotary_emb,153,45.736
rotary_emb,154,45.889
rotary_emb,155,45.761
rotary_emb,156,45.99
rotary_emb,157,46.11
rotary_emb,158,46.232
rotary_emb,159,46.07
rotary_emb,160,46.428
rotary_emb,161,47.022
rotary_emb,162,46.909
rotary_emb,163,46.958
rotary_emb,164,47.265
rotary_emb,165,47.156
rotary_emb,166,47.076
rotary_emb,167,47.089
rotary_emb,168,47.185
rotary_emb,169,46.931
rotary_emb,170,46.739
rotary_emb,171,46.902
rotary_emb,172,47.07
rotary_emb,173,46.991
rotary_emb,174,46.948
rotary_emb,175,46.962
rotary_emb,176,47.262
rotary_emb,177,46.882
rotary_emb,178,47.021
rotary_emb,179,47.173
rotary_emb,180,47.391
rotary_emb,181,46.99
rotary_emb,182,47.256
rotary_emb,183,47.228
rotary_emb,184,47.662
rotary_emb,185,47.386
rotary_emb,186,47.313
rotary_emb,187,47.198
rotary_emb,188,47.662
rotary_emb,189,47.429
rotary_emb,190,47.299
rotary_emb,191,47.379
rotary_emb,192,47.798
rotary_emb,193,46.976
rotary_emb,194,47.06
rotary_emb,195,47.076
rotary_emb,196,47.03
rotary_emb,197,46.87
rotary_emb,198,46.89
rotary_emb,199,47.017
rotary_emb,200,47.694
rotary_emb,201,47.111
rotary_emb,202,47.533
rotary_emb,203,47.871
rotary_emb,204,47.683
rotary_emb,205,47.313
rotary_emb,206,47.481
rotary_emb,207,47.59
rotary_emb,208,47.786
rotary_emb,209,47.592
rotary_emb,210,47.643
rotary_emb,211,47.738
rotary_emb,212,47.782
rotary_emb,213,47.692
rotary_emb,214,47.742
rotary_emb,215,47.758
rotary_emb,216,48.403
rotary_emb,217,47.726
rotary_emb,218,47.856
rotary_emb,219,47.797
rotary_emb,220,48.388
rotary_emb,221,48.239
rotary_emb,222,47.965
rotary_emb,223,48.085
rotary_emb,224,48.472
rotary_emb,225,48.118
rotary_emb,226,48.376
rotary_emb,227,48.416
rotary_emb,228,48.454
rotary_emb,229,48.09
rotary_emb,230,48.239
rotary_emb,231,48.071
rotary_emb,232,48.548
rotary_emb,233,48.46
rotary_emb,234,48.334
rotary_emb,235,48.353
rotary_emb,236,48.674
rotary_emb,237,48.365
rotary_emb,238,48.712
rotary_emb,239,48.394
rotary_emb,240,48.757
rotary_emb,241,48.575
rotary_emb,242,48.58
rotary_emb,243,48.687
rotary_emb,244,49.08
rotary_emb,245,48.493
rotary_emb,246,48.54
rotary_emb,247,48.482
rotary_emb,248,48.779
rotary_emb,249,48.611
rotary_emb,250,48.538
rotary_emb,251,48.515
rotary_emb,252,48.807
rotary_emb,253,48.537
rotary_emb,254,48.442
rotary_emb,255,48.343
rotary_emb,256,48.959
rotary_emb,257,48.571
rotary_emb,258,48.592
rotary_emb,259,48.872
rotary_emb,260,48.734
rotary_emb,261,48.61
rotary_emb,262,48.775
rotary_emb,263,48.955
rotary_emb,264,49.245
rotary_emb,265,48.548
rotary_emb,266,48.933
rotary_emb,267,48.847
rotary_emb,268,48.996
rotary_emb,269,49.272
rotary_emb,270,49.322
rotary_emb,271,49.464
rotary_emb,272,49.706
rotary_emb,273,49.53
rotary_emb,274,49.913
rotary_emb,275,49.229
rotary_emb,276,49.699
rotary_emb,277,49.489
rotary_emb,278,50.05
rotary_emb,279,49.679
rotary_emb,280,49.699
rotary_emb,281,49.952
rotary_emb,282,50.101
rotary_emb,283,49.663
rotary_emb,284,49.763
rotary_emb,285,49.742
rotary_emb,286,49.884
rotary_emb,287,49.862
rotary_emb,288,50.198
rotary_emb,289,49.569
rotary_emb,290,49.747
rotary_emb,291,49.698
rotary_emb,292,49.984
rotary_emb,293,49.671
rotary_emb,294,49.745
rotary_emb,295,49.88
rotary_emb,296,49.909
rotary_emb,297,49.986
rotary_emb,298,49.692
rotary_emb,299,50.21
rotary_emb,300,50.246
rotary_emb,301,49.842
rotary_emb,302,49.837
rotary_emb,303,50.498
rotary_emb,304,50.317
rotary_emb,305,50.445
rotary_emb,306,50.042
rotary_emb,307,50.277
rotary_emb,308,50.484
rotary_emb,309,50.202
rotary_emb,310,50.363
rotary_emb,311,50.785
rotary_emb,312,50.845
rotary_emb,313,50.215
rotary_emb,314,50.494
rotary_emb,315,50.418
rotary_emb,316,50.683
rotary_emb,317,50.322
rotary_emb,318,50.434
rotary_emb,319,50.76
rotary_emb,320,50.737
rotary_emb,321,50.373
rotary_emb,322,50.688
rotary_emb,323,50.5
rotary_emb,324,51.118
rotary_emb,325,50.496
rotary_emb,326,50.621
rotary_emb,327,50.746
rotary_emb,328,51.094
rotary_emb,329,50.916
rotary_emb,330,50.672
rotary_emb,331,50.721
rotary_emb,332,51.163
rotary_emb,333,50.966
rotary_emb,334,51.29
rotary_emb,335,51.035
rotary_emb,336,51.661
rotary_emb,337,51.574
rotary_emb,338,51.581
rotary_emb,339,51.619
rotary_emb,340,51.945
rotary_emb,341,51.644
rotary_emb,342,51.926
rotary_emb,343,51.916
rotary_emb,344,52.037
rotary_emb,345,51.695
rotary_emb,346,51.783
rotary_emb,347,52.099
rotary_emb,348,52.309
rotary_emb,349,51.812
rotary_emb,350,52.17
rotary_emb,351,51.973
rotary_emb,352,52.541
rotary_emb,353,52.002
rotary_emb,354,52.167
rotary_emb,355,51.901
rotary_emb,356,52.416
rotary_emb,357,52.399
rotary_emb,358,52.331
rotary_emb,359,52.177
rotary_emb,360,52.499
rotary_emb,361,52.001
rotary_emb,362,52.044
rotary_emb,363,51.998
rotary_emb,364,52.426
rotary_emb,365,52.558
rotary_emb,366,52.174
rotary_emb,367,52.416
rotary_emb,368,52.896
rotary_emb,369,52.518
rotary_emb,370,52.601
rotary_emb,371,52.399
rotary_emb,372,52.914
rotary_emb,373,52.534
rotary_emb,374,52.777
rotary_emb,375,52.436
rotary_emb,376,52.804
rotary_emb,377,52.514
rotary_emb,378,52.885
rotary_emb,379,52.479
rotary_emb,380,52.997
rotary_emb,381,52.652
rotary_emb,382,52.817
rotary_emb,383,52.77
rotary_emb,384,53.207
rotary_emb,385,52.917
rotary_emb,386,52.425
rotary_emb,387,53.126
rotary_emb,388,53.111
rotary_emb,389,52.741
rotary_emb,390,52.683
rotary_emb,391,52.792
rotary_emb,392,52.964
rotary_emb,393,52.696
rotary_emb,394,53.003
rotary_emb,395,52.63
rotary_emb,396,53.048
rotary_emb,397,53.147
rotary_emb,398,52.953
rotary_emb,399,53.437
rotary_emb,400,53.377
rotary_emb,401,53.572
rotary_emb,402,53.455
rotary_emb,403,53.477
rotary_emb,404,53.442
rotary_emb,405,53.474
rotary_emb,406,53.492
rotary_emb,407,53.606
rotary_emb,408,54.235
rotary_emb,409,53.588
rotary_emb,410,53.688
rotary_emb,411,53.629
rotary_emb,412,53.915
rotary_emb,413,54.118
rotary_emb,414,54.12
rotary_emb,415,53.948
rotary_emb,416,54.397
rotary_emb,417,54.069
rotary_emb,418,53.682
rotary_emb,419,54.149
rotary_emb,420,54.593
rotary_emb,421,54.129
rotary_emb,422,53.748
rotary_emb,423,54.104
rotary_emb,424,54.241
rotary_emb,425,54.276
rotary_emb,426,53.704
rotary_emb,427,54.106
rotary_emb,428,54.27
rotary_emb,429,53.987
rotary_emb,430,53.936
rotary_emb,431,53.963
rotary_emb,432,54.268
rotary_emb,433,54.953
rotary_emb,434,54.906
rotary_emb,435,55.227
rotary_emb,436,55.319
rotary_emb,437,55.354
rotary_emb,438,55.929
rotary_emb,439,54.794
rotary_emb,440,54.861
rotary_emb,441,54.724
rotary_emb,442,55.404
rotary_emb,443,55.457
rotary_emb,444,55.137
rotary_emb,445,55.845
rotary_emb,446,55.463
rotary_emb,447,55.579
rotary_emb,448,55.482
rotary_emb,449,55.886
rotary_emb,450,55.303
rotary_emb,451,55.911
rotary_emb,452,55.26
rotary_emb,453,55.888
rotary_emb,454,55.383
rotary_emb,455,55.737
rotary_emb,456,55.41
rotary_emb,457,55.717
rotary_emb,458,54.853
rotary_emb,459,55.198
rotary_emb,460,55.158
rotary_emb,461,55.296
rotary_emb,462,55.612
rotary_emb,463,55.314
rotary_emb,464,55.439
rotary_emb,465,55.895
rotary_emb,466,55.401
rotary_emb,467,56.496
rotary_emb,468,55.696
rotary_emb,469,56.494
rotary_emb,470,55.867
rotary_emb,471,56.097
rotary_emb,472,55.51
rotary_emb,473,56.172
rotary_emb,474,55.643
rotary_emb,475,56.297
rotary_emb,476,55.964
rotary_emb,477,56.179
rotary_emb,478,55.651
rotary_emb,479,56.842
rotary_emb,480,55.946
rotary_emb,481,56.396
rotary_emb,482,55.542
rotary_emb,483,55.98
rotary_emb,484,55.88
rotary_emb,485,56.409
rotary_emb,486,55.661
rotary_emb,487,56.504
rotary_emb,488,56.232
rotary_emb,489,56.296
rotary_emb,490,55.669
rotary_emb,491,56.463
rotary_emb,492,56.202
rotary_emb,493,56.645
rotary_emb,494,55.919
rotary_emb,495,56.715
rotary_emb,496,56.003
rotary_emb,497,56.801
rotary_emb,498,55.921
rotary_emb,499,56.576
rotary_emb,500,56.456
rotary_emb,501,56.496
rotary_emb,502,56.308
rotary_emb,503,56.57
rotary_emb,504,56.312
rotary_emb,505,56.283
rotary_emb,506,56.001
rotary_emb,507,56.14
rotary_emb,508,56.228
rotary_emb,509,56.258
rotary_emb,510,55.96
rotary_emb,511,56.769
rotary_emb,512,56.31
rotary_emb,513,56.847
rotary_emb,514,57.078
rotary_emb,515,56.955
rotary_emb,516,57.113
rotary_emb,517,57.092
rotary_emb,518,57.376
rotary_emb,519,56.962
rotary_emb,520,57.38
rotary_emb,521,56.926
rotary_emb,522,57.376
rotary_emb,523,56.989
rotary_emb,524,57.885
rotary_emb,525,57.237
rotary_emb,526,56.834
rotary_emb,527,56.73
rotary_emb,528,57.196
rotary_emb,529,57.663
rotary_emb,530,58.315
rotary_emb,531,58.005
rotary_emb,532,58.493
rotary_emb,533,58.491
rotary_emb,534,58.514
rotary_emb,535,58.524
rotary_emb,536,58.144
rotary_emb,537,58.356
rotary_emb,538,58.55
rotary_emb,539,58.819
rotary_emb,540,59.146
rotary_emb,541,59.04
rotary_emb,542,58.663
rotary_emb,543,58.687
rotary_emb,544,58.663
rotary_emb,545,58.838
rotary_emb,546,59.472
rotary_emb,547,58.953
rotary_emb,548,59.375
rotary_emb,549,58.651
rotary_emb,550,59.216
rotary_emb,551,59.542
rotary_emb,552,59.746
rotary_emb,553,58.579
rotary_emb,554,58.637
rotary_emb,555,59.426
rotary_emb,556,59.666
rotary_emb,557,58.78
rotary_emb,558,59.33
rotary_emb,559,59.042
rotary_emb,560,59.468
rotary_emb,561,59.054
rotary_emb,562,59.484
rotary_emb,563,60.199
rotary_emb,564,59.911
rotary_emb,565,59.764
rotary_emb,566,60.483
rotary_emb,567,60.321
rotary_emb,568,59.838
rotary_emb,569,60.112
rotary_emb,570,60.323
rotary_emb,571,61.266
rotary_emb,572,60.701
rotary_emb,573,60.297
rotary_emb,574,60.219
rotary_emb,575,60.657
rotary_emb,576,60.798
rotary_emb,577,60.149
rotary_emb,578,60.169
rotary_emb,579,61.549
rotary_emb,580,60.35
rotary_emb,581,61.267
rotary_emb,582,60.31
rotary_emb,583,60.43
rotary_emb,584,61.014
rotary_emb,585,61.424
rotary_emb,586,60.468
rotary_emb,587,61.636
rotary_emb,588,60.673
rotary_emb,589,60.388
rotary_emb,590,60.771
rotary_emb,591,61.87
rotary_emb,592,61.277
rotary_emb,593,61.622
rotary_emb,594,60.65
rotary_emb,595,61.426
rotary_emb,596,60.812
rotary_emb,597,61.655
rotary_emb,598,61.08
rotary_emb,599,62.288
rotary_emb,600,61.369
rotary_emb,601,61.569
rotary_emb,602,61.69
rotary_emb,603,62.05
rotary_emb,604,62.327
rotary_emb,605,62.684
rotary_emb,606,62.171
rotary_emb,607,62.409
rotary_emb,608,63.053
rotary_emb,609,62.171
rotary_emb,610,62.003
rotary_emb,611,63.137
rotary_emb,612,62.003
rotary_emb,613,62.465
rotary_emb,614,62.408
rotary_emb,615,62.652
rotary_emb,616,63.499
rotary_emb,617,63.675
rotary_emb,618,63.143
rotary_emb,619,63.092
rotary_emb,620,63.223
rotary_emb,621,63.227
rotary_emb,622,63.298
rotary_emb,623,63.611
rotary_emb,624,63.908
rotary_emb,625,63.662
rotary_emb,626,63.513
rotary_emb,627,63.092
rotary_emb,628,63.888
rotary_emb,629,64.375
rotary_emb,630,63.91
rotary_emb,631,63.208
rotary_emb,632,64.598
rotary_emb,633,63.932
rotary_emb,634,64.107
rotary_emb,635,64.041
rotary_emb,636,63.871
rotary_emb,637,63.522
rotary_emb,638,64.099
rotary_emb,639,63.47
rotary_emb,640,64.156
rotary_emb,641,63.734
rotary_emb,642,63.694
rotary_emb,643,62.944
rotary_emb,644,64.309
rotary_emb,645,62.523
rotary_emb,646,63.712
rotary_emb,647,63.834
rotary_emb,648,63.863
rotary_emb,649,62.965
rotary_emb,650,63.701
rotary_emb,651,63.28
rotary_emb,652,64.205
rotary_emb,653,64.115
rotary_emb,654,63.723
rotary_emb,655,63.305
rotary_emb,656,63.716
rotary_emb,657,63.219
rotary_emb,658,63.274
rotary_emb,659,63.802
rotary_emb,660,64.091
rotary_emb,661,63.804
rotary_emb,662,63.741
rotary_emb,663,63.702
rotary_emb,664,63.974
rotary_emb,665,64.516
rotary_emb,666,63.825
rotary_emb,667,64.177
rotary_emb,668,64.203
rotary_emb,669,63.996
rotary_emb,670,64.023
rotary_emb,671,64.025
rotary_emb,672,65.1
rotary_emb,673,64.627
rotary_emb,674,64.16
rotary_emb,675,64.794
rotary_emb,676,65.203
rotary_emb,677,64.968
rotary_emb,678,64.682
rotary_emb,679,64.889
rotary_emb,680,64.585
rotary_emb,681,64.607
rotary_emb,682,64.535
rotary_emb,683,64.56
rotary_emb,684,64.608
rotary_emb,685,64.847
rotary_emb,686,64.469
rotary_emb,687,64.572
rotary_emb,688,65.045
rotary_emb,689,65.527
rotary_emb,690,64.817
rotary_emb,691,64.62
rotary_emb,692,65.153
rotary_emb,693,64.905
rotary_emb,694,64.796
rotary_emb,695,65.114
rotary_emb,696,65.14
rotary_emb,697,64.989
rotary_emb,698,65.55
rotary_emb,699,65.242
rotary_emb,700,65.636
rotary_emb,701,65.803
rotary_emb,702,65.517
rotary_emb,703,65.975
rotary_emb,704,65.907
rotary_emb,705,65.873
rotary_emb,706,66.096
rotary_emb,707,66.25
rotary_emb,708,66.164
rotary_emb,709,66.266
rotary_emb,710,66.067
rotary_emb,711,66.161
rotary_emb,712,66.681
rotary_emb,713,66.206
rotary_emb,714,66.049
rotary_emb,715,66.497
rotary_emb,716,66.774
rotary_emb,717,66.831
rotary_emb,718,66.798
rotary_emb,719,66.611
rotary_emb,720,66.327
rotary_emb,721,66.332
rotary_emb,722,66.405
rotary_emb,723,67.252
rotary_emb,724,67.456
rotary_emb,725,66.224
rotary_emb,726,67.271
rotary_emb,727,66.46
rotary_emb,728,66.694
rotary_emb,729,66.601
rotary_emb,730,67.201
rotary_emb,731,66.696
rotary_emb,732,67.222
rotary_emb,733,66.555
rotary_emb,734,66.774
rotary_emb,735,66.675
rotary_emb,736,67.114
rotary_emb,737,66.787
rotary_emb,738,67.632
rotary_emb,739,67.191
rotary_emb,740,67.617
rotary_emb,741,66.762
rotary_emb,742,66.91
rotary_emb,743,67.502
rotary_emb,744,67.788
rotary_emb,745,67.127
rotary_emb,746,66.95
rotary_emb,747,67.244
rotary_emb,748,68.298
rotary_emb,749,67.044
rotary_emb,750,67.025
rotary_emb,751,68.001
rotary_emb,752,68.059
rotary_emb,753,68.117
rotary_emb,754,67.06
rotary_emb,755,67.504
rotary_emb,756,67.809
rotary_emb,757,67.152
rotary_emb,758,67.455
rotary_emb,759,67.678
rotary_emb,760,67.486
rotary_emb,761,68.161
rotary_emb,762,67.737
rotary_emb,763,67.281
rotary_emb,764,67.74
rotary_emb,765,67.379
rotary_emb,766,68.239
rotary_emb,767,67.41
rotary_emb,768,68.144
rotary_emb,769,67.233
rotary_emb,770,67.819
rotary_emb,771,68.056
rotary_emb,772,68.701
rotary_emb,773,68.433
rotary_emb,774,68.002
rotary_emb,775,67.956
rotary_emb,776,68.186
rotary_emb,777,68.216
rotary_emb,778,68.225
rotary_emb,779,68.619
rotary_emb,780,68.75
rotary_emb,781,68.152
rotary_emb,782,68.212
rotary_emb,783,68.444
rotary_emb,784,68.354
rotary_emb,785,68.03
rotary_emb,786,68.363
rotary_emb,787,68.12
rotary_emb,788,68.573
rotary_emb,789,68.2
rotary_emb,790,68.358
rotary_emb,791,68.5
rotary_emb,792,68.633
rotary_emb,793,68.427
rotary_emb,794,68.907
rotary_emb,795,68.169
rotary_emb,796,68.499
rotary_emb,797,68.408
rotary_emb,798,68.519
rotary_emb,799,69.313
rotary_emb,800,68.867
rotary_emb,801,69.474
rotary_emb,802,68.562
rotary_emb,803,68.523
rotary_emb,804,69.956
rotary_emb,805,68.585
rotary_emb,806,68.77
rotary_emb,807,68.793
rotary_emb,808,69.5
rotary_emb,809,69.045
rotary_emb,810,69.329
rotary_emb,811,69.939
rotary_emb,812,69.603
rotary_emb,813,69.058
rotary_emb,814,70.078
rotary_emb,815,69.525
rotary_emb,816,69.876
rotary_emb,817,69.062
rotary_emb,818,70.308
rotary_emb,819,70.066
rotary_emb,820,69.427
rotary_emb,821,69.02
rotary_emb,822,70.238
rotary_emb,823,69.933
rotary_emb,824,69.933
rotary_emb,825,69.087
rotary_emb,826,69.363
rotary_emb,827,69.978
rotary_emb,828,69.83
rotary_emb,829,70.007
rotary_emb,830,70.502
rotary_emb,831,69.319
rotary_emb,832,69.92
rotary_emb,833,69.536
rotary_emb,834,69.56
rotary_emb,835,69.751
rotary_emb,836,70.103
rotary_emb,837,69.636
rotary_emb,838,71.016
rotary_emb,839,70.907
rotary_emb,840,70.567
rotary_emb,841,70.377
rotary_emb,842,71.307
rotary_emb,843,70.465
rotary_emb,844,70.799
rotary_emb,845,70.581
rotary_emb,846,71.572
rotary_emb,847,70.529
rotary_emb,848,70.796
rotary_emb,849,70.567
rotary_emb,850,71.543
rotary_emb,851,70.642
rotary_emb,852,71.026
rotary_emb,853,70.725
rotary_emb,854,71.656
rotary_emb,855,70.713
rotary_emb,856,71.26
rotary_emb,857,70.89
rotary_emb,858,71.562
rotary_emb,859,71.351
rotary_emb,860,71.515
rotary_emb,861,70.878
rotary_emb,862,71.016
rotary_emb,863,71.228
rotary_emb,864,71.864
rotary_emb,865,71.925
rotary_emb,866,71.364
rotary_emb,867,71.852
rotary_emb,868,72.475
rotary_emb,869,71.375
rotary_emb,870,71.256
rotary_emb,871,71.109
rotary_emb,872,72.538
rotary_emb,873,72.342
rotary_emb,874,71.257
rotary_emb,875,72.344
rotary_emb,876,71.462
rotary_emb,877,71.486
rotary_emb,878,72.415
rotary_emb,879,71.519
rotary_emb,880,71.594
rotary_emb,881,72.334
rotary_emb,882,72.616
rotary_emb,883,71.822
rotary_emb,884,72.168
rotary_emb,885,72.56
rotary_emb,886,71.482
rotary_emb,887,72.229
rotary_emb,888,71.695
rotary_emb,889,71.501
rotary_emb,890,71.705
rotary_emb,891,71.616
rotary_emb,892,71.771
rotary_emb,893,71.851
rotary_emb,894,71.558
rotary_emb,895,71.654
rotary_emb,896,71.982
rotary_emb,897,72.586
rotary_emb,898,72.544
rotary_emb,899,71.838
rotary_emb,900,72.195
rotary_emb,901,71.462
rotary_emb,902,72.657
rotary_emb,903,71.926
rotary_emb,904,72.14
rotary_emb,905,71.691
rotary_emb,906,71.56
rotary_emb,907,71.675
rotary_emb,908,71.741
rotary_emb,909,71.66
rotary_emb,910,72.147
rotary_emb,911,72.485
rotary_emb,912,72.256
rotary_emb,913,71.63
rotary_emb,914,71.873
rotary_emb,915,72.133
rotary_emb,916,72.219
rotary_emb,917,72.937
rotary_emb,918,72.273
rotary_emb,919,72.411
rotary_emb,920,72.985
rotary_emb,921,72.835
rotary_emb,922,72.622
rotary_emb,923,72.758
rotary_emb,924,73.31
rotary_emb,925,73.289
rotary_emb,926,72.166
rotary_emb,927,73.534
rotary_emb,928,73.22
rotary_emb,929,73.594
rotary_emb,930,72.526
rotary_emb,931,72.869
rotary_emb,932,73.066
rotary_emb,933,73.829
rotary_emb,934,73.612
rotary_emb,935,73.897
rotary_emb,936,73.101
rotary_emb,937,73.987
rotary_emb,938,72.938
rotary_emb,939,72.848
rotary_emb,940,73.886
rotary_emb,941,74.033
rotary_emb,942,73.963
rotary_emb,943,73.011
rotary_emb,944,74.087
rotary_emb,945,73.114
rotary_emb,946,73.13
rotary_emb,947,73.724
rotary_emb,948,73.383
rotary_emb,949,73.326
rotary_emb,950,74.648
rotary_emb,951,73.465
rotary_emb,952,74.916
rotary_emb,953,74.511
rotary_emb,954,73.663
rotary_emb,955,74.651
rotary_emb,956,74.989
rotary_emb,957,73.789
rotary_emb,958,74.194
rotary_emb,959,74.714
rotary_emb,960,74.058
rotary_emb,961,73.688
rotary_emb,962,73.787
rotary_emb,963,74.202
rotary_emb,964,75.027
rotary_emb,965,73.709
rotary_emb,966,75.047
rotary_emb,967,73.956
rotary_emb,968,74.608
rotary_emb,969,73.826
rotary_emb,970,74.495
rotary_emb,971,75.248
rotary_emb,972,74.677
rotary_emb,973,74.376
rotary_emb,974,75.393
rotary_emb,975,74.425
rotary_emb,976,75.358
rotary_emb,977,73.864
rotary_emb,978,75.019
rotary_emb,979,74.249
rotary_emb,980,74.769
rotary_emb,981,75.336
rotary_emb,982,74.339
rotary_emb,983,75.244
rotary_emb,984,74.712
rotary_emb,985,74.507
rotary_emb,986,75.83
rotary_emb,987,74.12
rotary_emb,988,75.895
rotary_emb,989,74.65
rotary_emb,990,75.759
rotary_emb,991,74.411
rotary_emb,992,76.148
rotary_emb,993,75.504
rotary_emb,994,74.507
rotary_emb,995,75.311
rotary_emb,996,74.836
rotary_emb,997,75.014
rotary_emb,998,75.794
rotary_emb,999,75.876
rotary_emb,1000,74.818
rotary_emb,1001,75.944
rotary_emb,1002,75.822
rotary_emb,1003,74.899
rotary_emb,1004,76.316
rotary_emb,1005,74.976
rotary_emb,1006,75.28
rotary_emb,1007,76.414
rotary_emb,1008,76.297
rotary_emb,1009,75.105
rotary_emb,1010,75.327
rotary_emb,1011,75.283
rotary_emb,1012,75.664
rotary_emb,1013,76.325
rotary_emb,1014,75.355
rotary_emb,1015,76.819
rotary_emb,1016,75.532
rotary_emb,1017,75.528
rotary_emb,1018,76.599
rotary_emb,1019,75.54
rotary_emb,1020,76.369
rotary_emb,1021,76.365
rotary_emb,1022,75.657
rotary_emb,1023,77.093
rotary_emb,1024,76.921
rotary_emb,1025,76.306
rotary_emb,1026,75.399
rotary_emb,1027,75.694
rotary_emb,1028,75.668
rotary_emb,1029,75.397
rotary_emb,1030,76.832
rotary_emb,1031,75.642
rotary_emb,1032,75.849
rotary_emb,1033,76.677
rotary_emb,1034,76.066
rotary_emb,1035,76.42
rotary_emb,1036,75.845
rotary_emb,1037,76.896
rotary_emb,1038,76.034
rotary_emb,1039,76.181
rotary_emb,1040,76.066
rotary_emb,1041,76.594
rotary_emb,1042,76.097
rotary_emb,1043,75.786
rotary_emb,1044,76.694
rotary_emb,1045,76.963
rotary_emb,1046,75.805
rotary_emb,1047,77.333
rotary_emb,1048,76.234
rotary_emb,1049,75.884
rotary_emb,1050,77.521
rotary_emb,1051,76.167
rotary_emb,1052,76.883
rotary_emb,1053,77.131
rotary_emb,1054,76.34
rotary_emb,1055,76.652
rotary_emb,1056,76.396
rotary_emb,1057,76.613
rotary_emb,1058,78.0
rotary_emb,1059,76.846
rotary_emb,1060,77.679
rotary_emb,1061,76.826
rotary_emb,1062,77.047
rotary_emb,1063,77.057
rotary_emb,1064,78.01
rotary_emb,1065,77.93
rotary_emb,1066,77.195
rotary_emb,1067,77.124
rotary_emb,1068,77.648
rotary_emb,1069,78.166
rotary_emb,1070,77.687
rotary_emb,1071,78.516
rotary_emb,1072,79.127
rotary_emb,1073,77.437
rotary_emb,1074,78.539
rotary_emb,1075,77.633
rotary_emb,1076,78.164
rotary_emb,1077,77.824
rotary_emb,1078,77.767
rotary_emb,1079,78.531
rotary_emb,1080,79.501
rotary_emb,1081,79.161
rotary_emb,1082,77.791
rotary_emb,1083,78.958
rotary_emb,1084,78.184
rotary_emb,1085,77.374
rotary_emb,1086,78.262
rotary_emb,1087,78.946
rotary_emb,1088,78.651
rotary_emb,1089,77.898
rotary_emb,1090,78.2
rotary_emb,1091,77.988
rotary_emb,1092,79.38
rotary_emb,1093,77.956
rotary_emb,1094,79.587
rotary_emb,1095,78.596
rotary_emb,1096,78.642
rotary_emb,1097,79.627
rotary_emb,1098,78.591
rotary_emb,1099,79.482
rotary_emb,1100,78.706
rotary_emb,1101,78.351
rotary_emb,1102,78.903
rotary_emb,1103,79.619
rotary_emb,1104,79.479
rotary_emb,1105,78.598
rotary_emb,1106,78.667
rotary_emb,1107,78.815
rotary_emb,1108,79.821
rotary_emb,1109,78.614
rotary_emb,1110,79.963
rotary_emb,1111,79.175
rotary_emb,1112,79.036
rotary_emb,1113,79.523
rotary_emb,1114,80.025
rotary_emb,1115,79.009
rotary_emb,1116,79.676
rotary_emb,1117,78.956
rotary_emb,1118,79.53
rotary_emb,1119,78.71
rotary_emb,1120,79.179
rotary_emb,1121,78.823
rotary_emb,1122,80.343
rotary_emb,1123,79.144
rotary_emb,1124,80.64
rotary_emb,1125,78.919
rotary_emb,1126,79.803
rotary_emb,1127,79.275
rotary_emb,1128,80.417
rotary_emb,1129,79.174
rotary_emb,1130,79.72
rotary_emb,1131,79.197
rotary_emb,1132,80.644
rotary_emb,1133,79.416
rotary_emb,1134,80.026
rotary_emb,1135,79.562
rotary_emb,1136,80.317
rotary_emb,1137,80.984
rotary_emb,1138,80.41
rotary_emb,1139,79.613
rotary_emb,1140,80.952
rotary_emb,1141,81.016
rotary_emb,1142,79.885
rotary_emb,1143,80.018
rotary_emb,1144,80.698
rotary_emb,1145,81.29
rotary_emb,1146,79.925
rotary_emb,1147,81.281
rotary_emb,1148,80.765
rotary_emb,1149,80.004
rotary_emb,1150,80.226
rotary_emb,1151,81.458
rotary_emb,1152,80.528
rotary_emb,1153,80.106
rotary_emb,1154,80.499
rotary_emb,1155,80.231
rotary_emb,1156,80.916
rotary_emb,1157,80.496
rotary_emb,1158,81.131
rotary_emb,1159,80.573
rotary_emb,1160,80.845
rotary_emb,1161,80.844
rotary_emb,1162,80.65
rotary_emb,1163,80.8
rotary_emb,1164,81.161
rotary_emb,1165,81.841
rotary_emb,1166,81.498
rotary_emb,1167,80.914
rotary_emb,1168,82.572
rotary_emb,1169,81.062
rotary_emb,1170,82.038
rotary_emb,1171,80.93
rotary_emb,1172,81.26
rotary_emb,1173,82.51
rotary_emb,1174,81.236
rotary_emb,1175,82.205
rotary_emb,1176,82.138
rotary_emb,1177,82.098
rotary_emb,1178,81.355
rotary_emb,1179,82.115
rotary_emb,1180,82.932
rotary_emb,1181,82.238
rotary_emb,1182,82.613
rotary_emb,1183,81.121
rotary_emb,1184,82.396
rotary_emb,1185,81.027
rotary_emb,1186,82.49
rotary_emb,1187,81.436
rotary_emb,1188,82.574
rotary_emb,1189,81.115
rotary_emb,1190,81.137
rotary_emb,1191,81.613
rotary_emb,1192,81.621
rotary_emb,1193,81.823
rotary_emb,1194,82.754
rotary_emb,1195,82.291
rotary_emb,1196,81.788
rotary_emb,1197,81.75
rotary_emb,1198,81.758
rotary_emb,1199,82.767
rotary_emb,1200,83.141
rotary_emb,1201,82.717
rotary_emb,1202,81.801
rotary_emb,1203,82.763
rotary_emb,1204,82.212
rotary_emb,1205,83.004
rotary_emb,1206,81.994
rotary_emb,1207,82.92
rotary_emb,1208,83.683
rotary_emb,1209,83.01
rotary_emb,1210,82.075
rotary_emb,1211,83.779
rotary_emb,1212,83.54
rotary_emb,1213,82.232
rotary_emb,1214,82.396
rotary_emb,1215,82.111
rotary_emb,1216,83.198
rotary_emb,1217,83.522
rotary_emb,1218,83.415
rotary_emb,1219,83.765
rotary_emb,1220,82.424
rotary_emb,1221,82.774
rotary_emb,1222,83.248
rotary_emb,1223,82.527
rotary_emb,1224,82.674
rotary_emb,1225,84.269
rotary_emb,1226,83.966
rotary_emb,1227,84.231
rotary_emb,1228,82.891
rotary_emb,1229,84.221
rotary_emb,1230,82.367
rotary_emb,1231,83.941
rotary_emb,1232,83.865
rotary_emb,1233,84.183
rotary_emb,1234,83.307
rotary_emb,1235,84.125
rotary_emb,1236,83.334
rotary_emb,1237,84.097
rotary_emb,1238,83.245
rotary_emb,1239,82.978
rotary_emb,1240,83.753
rotary_emb,1241,83.021
rotary_emb,1242,83.836
rotary_emb,1243,84.514
rotary_emb,1244,84.041
rotary_emb,1245,84.505
rotary_emb,1246,83.428
rotary_emb,1247,82.909
rotary_emb,1248,83.492
rotary_emb,1249,84.505
rotary_emb,1250,83.908
rotary_emb,1251,84.531
rotary_emb,1252,83.726
rotary_emb,1253,83.305
rotary_emb,1254,84.097
rotary_emb,1255,83.272
rotary_emb,1256,84.858
rotary_emb,1257,83.329
rotary_emb,1258,84.9
rotary_emb,1259,83.981
rotary_emb,1260,83.772
rotary_emb,1261,83.83
rotary_emb,1262,84.952
rotary_emb,1263,84.004
rotary_emb,1264,85.165
rotary_emb,1265,84.966
rotary_emb,1266,83.698
rotary_emb,1267,84.092
rotary_emb,1268,83.996
rotary_emb,1269,85.218
rotary_emb,1270,84.622
rotary_emb,1271,85.287
rotary_emb,1272,84.774
rotary_emb,1273,84.383
rotary_emb,1274,85.592
rotary_emb,1275,84.246
rotary_emb,1276,85.744
rotary_emb,1277,84.387
rotary_emb,1278,85.605
rotary_emb,1279,84.743
rotary_emb,1280,85.673
rotary_emb,1281,84.954
rotary_emb,1282,84.531
rotary_emb,1283,85.724
rotary_emb,1284,86.431
rotary_emb,1285,84.149
rotary_emb,1286,84.645
rotary_emb,1287,84.544
rotary_emb,1288,84.695
rotary_emb,1289,85.034
rotary_emb,1290,85.744
rotary_emb,1291,86.093
rotary_emb,1292,84.506
rotary_emb,1293,85.605
rotary_emb,1294,84.695
rotary_emb,1295,84.497
rotary_emb,1296,85.136
rotary_emb,1297,84.232
rotary_emb,1298,85.47
rotary_emb,1299,85.068
rotary_emb,1300,84.523
rotary_emb,1301,84.854
rotary_emb,1302,86.014
rotary_emb,1303,85.518
rotary_emb,1304,85.277
rotary_emb,1305,86.295
rotary_emb,1306,85.713
rotary_emb,1307,86.143
rotary_emb,1308,85.795
rotary_emb,1309,84.574
rotary_emb,1310,85.975
rotary_emb,1311,84.993
rotary_emb,1312,85.015
rotary_emb,1313,86.368
rotary_emb,1314,85.003
rotary_emb,1315,86.362
rotary_emb,1316,85.372
rotary_emb,1317,86.325
rotary_emb,1318,85.599
rotary_emb,1319,85.31
rotary_emb,1320,86.761
rotary_emb,1321,86.862
rotary_emb,1322,85.484
rotary_emb,1323,86.081
rotary_emb,1324,86.265
rotary_emb,1325,85.205
rotary_emb,1326,85.596
rotary_emb,1327,86.262
rotary_emb,1328,85.351
rotary_emb,1329,86.538
rotary_emb,1330,85.705
rotary_emb,1331,87.102
rotary_emb,1332,87.045
rotary_emb,1333,87.342
rotary_emb,1334,86.284
rotary_emb,1335,86.372
rotary_emb,1336,87.641
rotary_emb,1337,86.927
rotary_emb,1338,86.69
rotary_emb,1339,87.545
rotary_emb,1340,87.868
rotary_emb,1341,86.282
rotary_emb,1342,87.751
rotary_emb,1343,87.058
rotary_emb,1344,87.805
rotary_emb,1345,87.559
rotary_emb,1346,86.667
rotary_emb,1347,87.887
rotary_emb,1348,87.676
rotary_emb,1349,87.215
rotary_emb,1350,86.28
rotary_emb,1351,86.729
rotary_emb,1352,86.801
rotary_emb,1353,87.408
rotary_emb,1354,87.527
rotary_emb,1355,88.14
rotary_emb,1356,87.062
rotary_emb,1357,88.36
rotary_emb,1358,86.818
rotary_emb,1359,87.154
rotary_emb,1360,87.69
rotary_emb,1361,88.218
rotary_emb,1362,86.996
rotary_emb,1363,87.487
rotary_emb,1364,87.359
rotary_emb,1365,87.271
rotary_emb,1366,87.052
rotary_emb,1367,88.462
rotary_emb,1368,88.13
rotary_emb,1369,87.324
rotary_emb,1370,87.422
rotary_emb,1371,88.396
rotary_emb,1372,88.411
rotary_emb,1373,87.817
rotary_emb,1374,86.941
rotary_emb,1375,88.768
rotary_emb,1376,88.87
rotary_emb,1377,87.829
rotary_emb,1378,87.038
rotary_emb,1379,88.936
rotary_emb,1380,87.876
rotary_emb,1381,87.555
rotary_emb,1382,87.411
rotary_emb,1383,89.085
rotary_emb,1384,88.443
rotary_emb,1385,88.188
rotary_emb,1386,88.819
rotary_emb,1387,88.396
rotary_emb,1388,88.881
rotary_emb,1389,88.668
rotary_emb,1390,87.749
rotary_emb,1391,88.834
rotary_emb,1392,89.702
rotary_emb,1393,88.587
rotary_emb,1394,88.521
rotary_emb,1395,89.487
rotary_emb,1396,89.781
rotary_emb,1397,88.871
rotary_emb,1398,88.441
rotary_emb,1399,88.171
rotary_emb,1400,88.791
rotary_emb,1401,89.563
rotary_emb,1402,89.119
rotary_emb,1403,90.113
rotary_emb,1404,88.854
rotary_emb,1405,88.711
rotary_emb,1406,88.408
rotary_emb,1407,90.183
rotary_emb,1408,90.275
rotary_emb,1409,88.287
rotary_emb,1410,89.755
rotary_emb,1411,89.516
rotary_emb,1412,88.595
rotary_emb,1413,88.161
rotary_emb,1414,89.953
rotary_emb,1415,88.447
rotary_emb,1416,88.173
rotary_emb,1417,90.192
rotary_emb,1418,88.924
rotary_emb,1419,87.974
rotary_emb,1420,90.059
rotary_emb,1421,89.084
rotary_emb,1422,89.939
rotary_emb,1423,90.184
rotary_emb,1424,90.518
rotary_emb,1425,88.432
rotary_emb,1426,90.257
rotary_emb,1427,89.66
rotary_emb,1428,90.162
rotary_emb,1429,88.414
rotary_emb,1430,89.338
rotary_emb,1431,88.931
rotary_emb,1432,89.433
rotary_emb,1433,89.006
rotary_emb,1434,89.462
rotary_emb,1435,88.863
rotary_emb,1436,91.205
rotary_emb,1437,89.407
rotary_emb,1438,88.951
rotary_emb,1439,90.555
rotary_emb,1440,89.839
rotary_emb,1441,90.547
rotary_emb,1442,90.852
rotary_emb,1443,89.342
rotary_emb,1444,89.998
rotary_emb,1445,89.6
rotary_emb,1446,90.875
rotary_emb,1447,90.934
rotary_emb,1448,90.224
rotary_emb,1449,90.176
rotary_emb,1450,89.315
rotary_emb,1451,89.317
rotary_emb,1452,89.751
rotary_emb,1453,91.128
rotary_emb,1454,90.562
rotary_emb,1455,90.479
rotary_emb,1456,90.377
rotary_emb,1457,89.571
rotary_emb,1458,90.046
rotary_emb,1459,91.163
rotary_emb,1460,91.478
rotary_emb,1461,89.937
rotary_emb,1462,91.575
rotary_emb,1463,91.525
rotary_emb,1464,90.08
rotary_emb,1465,91.593
rotary_emb,1466,90.481
rotary_emb,1467,90.475
rotary_emb,1468,90.489
rotary_emb,1469,91.952
rotary_emb,1470,91.722
rotary_emb,1471,91.048
rotary_emb,1472,91.317
rotary_emb,1473,90.999
rotary_emb,1474,90.328
rotary_emb,1475,92.362
rotary_emb,1476,90.875
rotary_emb,1477,91.509
rotary_emb,1478,90.938
rotary_emb,1479,90.712
rotary_emb,1480,90.811
rotary_emb,1481,90.731
rotary_emb,1482,91.823
rotary_emb,1483,91.541
rotary_emb,1484,92.089
rotary_emb,1485,91.554
rotary_emb,1486,91.171
rotary_emb,1487,91.591
rotary_emb,1488,93.142
rotary_emb,1489,92.544
rotary_emb,1490,91.986
rotary_emb,1491,92.554
rotary_emb,1492,91.305
rotary_emb,1493,90.94
rotary_emb,1494,92.064
rotary_emb,1495,91.681
rotary_emb,1496,92.182
rotary_emb,1497,92.929
rotary_emb,1498,93.105
rotary_emb,1499,93.622
rotary_emb,1500,92.657
rotary_emb,1501,91.905
rotary_emb,1502,91.11
rotary_emb,1503,91.429
rotary_emb,1504,91.73
rotary_emb,1505,92.577
rotary_emb,1506,91.188
rotary_emb,1507,93.436
rotary_emb,1508,93.533
rotary_emb,1509,92.837
rotary_emb,1510,92.167
rotary_emb,1511,93.256
rotary_emb,1512,92.221
rotary_emb,1513,91.298
rotary_emb,1514,93.142
rotary_emb,1515,92.886
rotary_emb,1516,93.301
rotary_emb,1517,92.507
rotary_emb,1518,93.684
rotary_emb,1519,93.85
rotary_emb,1520,92.077
rotary_emb,1521,94.065
rotary_emb,1522,92.828
rotary_emb,1523,92.888
rotary_emb,1524,93.562
rotary_emb,1525,92.757
rotary_emb,1526,92.098
rotary_emb,1527,94.206
rotary_emb,1528,94.296
rotary_emb,1529,92.862
rotary_emb,1530,92.781
rotary_emb,1531,92.561
rotary_emb,1532,92.872
rotary_emb,1533,92.272
rotary_emb,1534,94.798
rotary_emb,1535,93.858
rotary_emb,1536,94.785
rotary_emb,1537,93.373
rotary_emb,1538,92.495
rotary_emb,1539,92.336
rotary_emb,1540,92.745
rotary_emb,1541,94.03
rotary_emb,1542,93.457
rotary_emb,1543,93.185
rotary_emb,1544,93.672
rotary_emb,1545,94.74
rotary_emb,1546,93.235
rotary_emb,1547,94.381
rotary_emb,1548,94.679
rotary_emb,1549,93.653
rotary_emb,1550,92.726
rotary_emb,1551,92.647
rotary_emb,1552,92.908
rotary_emb,1553,93.102
rotary_emb,1554,94.599
rotary_emb,1555,94.347
rotary_emb,1556,94.58
rotary_emb,1557,94.451
rotary_emb,1558,93.948
rotary_emb,1559,94.043
rotary_emb,1560,94.541
rotary_emb,1561,93.727
rotary_emb,1562,95.299
rotary_emb,1563,95.154
rotary_emb,1564,93.23
rotary_emb,1565,94.955
rotary_emb,1566,94.765
rotary_emb,1567,94.472
rotary_emb,1568,94.65
rotary_emb,1569,94.377
rotary_emb,1570,93.969
rotary_emb,1571,93.862
rotary_emb,1572,94.686
rotary_emb,1573,95.318
rotary_emb,1574,94.552
rotary_emb,1575,95.925
rotary_emb,1576,95.886
rotary_emb,1577,95.347
rotary_emb,1578,94.54
rotary_emb,1579,94.861
rotary_emb,1580,95.167
rotary_emb,1581,94.313
rotary_emb,1582,93.798
rotary_emb,1583,93.813
rotary_emb,1584,93.918
rotary_emb,1585,96.087
rotary_emb,1586,95.272
rotary_emb,1587,94.756
rotary_emb,1588,95.769
rotary_emb,1589,94.869
rotary_emb,1590,96.465
rotary_emb,1591,96.498
rotary_emb,1592,94.924
rotary_emb,1593,95.894
rotary_emb,1594,95.264
rotary_emb,1595,96.528
rotary_emb,1596,95.72
rotary_emb,1597,96.692
rotary_emb,1598,95.098
rotary_emb,1599,97.136
rotary_emb,1600,95.446
rotary_emb,1601,96.422
rotary_emb,1602,95.429
rotary_emb,1603,95.659
rotary_emb,1604,96.952
rotary_emb,1605,96.96
rotary_emb,1606,95.035
rotary_emb,1607,95.213
rotary_emb,1608,95.879
rotary_emb,1609,95.706
rotary_emb,1610,95.647
rotary_emb,1611,97.593
rotary_emb,1612,95.626
rotary_emb,1613,97.556
rotary_emb,1614,97.016
rotary_emb,1615,97.069
rotary_emb,1616,97.865
rotary_emb,1617,96.834
rotary_emb,1618,96.403
rotary_emb,1619,96.019
rotary_emb,1620,97.073
rotary_emb,1621,97.955
rotary_emb,1622,96.289
rotary_emb,1623,98.249
rotary_emb,1624,96.34
rotary_emb,1625,98.548
rotary_emb,1626,97.412
rotary_emb,1627,97.599
rotary_emb,1628,98.382
rotary_emb,1629,97.348
rotary_emb,1630,98.477
rotary_emb,1631,96.647
rotary_emb,1632,97.775
rotary_emb,1633,96.807
rotary_emb,1634,96.242
rotary_emb,1635,96.226
rotary_emb,1636,96.887
rotary_emb,1637,98.666
rotary_emb,1638,96.525
rotary_emb,1639,96.289
rotary_emb,1640,98.726
rotary_emb,1641,96.292
rotary_emb,1642,98.831
rotary_emb,1643,98.506
rotary_emb,1644,97.799
rotary_emb,1645,96.987
rotary_emb,1646,99.018
rotary_emb,1647,96.41
rotary_emb,1648,99.455
rotary_emb,1649,97.54
rotary_emb,1650,97.095
rotary_emb,1651,97.535
rotary_emb,1652,97.212
rotary_emb,1653,98.77
rotary_emb,1654,97.157
rotary_emb,1655,99.416
rotary_emb,1656,98.831
rotary_emb,1657,97.28
rotary_emb,1658,99.261
rotary_emb,1659,99.598
rotary_emb,1660,97.382
rotary_emb,1661,98.576
rotary_emb,1662,98.311
rotary_emb,1663,98.727
rotary_emb,1664,98.055
rotary_emb,1665,97.949
rotary_emb,1666,98.344
rotary_emb,1667,97.568
rotary_emb,1668,99.644
rotary_emb,1669,99.956
rotary_emb,1670,99.794
rotary_emb,1671,99.871
rotary_emb,1672,100.179
rotary_emb,1673,99.284
rotary_emb,1674,97.811
rotary_emb,1675,99.694
rotary_emb,1676,99.263
rotary_emb,1677,97.804
rotary_emb,1678,99.627
rotary_emb,1679,99.969
rotary_emb,1680,97.832
rotary_emb,1681,98.769
rotary_emb,1682,100.047
rotary_emb,1683,100.413
rotary_emb,1684,100.305
rotary_emb,1685,98.499
rotary_emb,1686,100.531
rotary_emb,1687,99.085
rotary_emb,1688,100.8
rotary_emb,1689,98.718
rotary_emb,1690,98.993
rotary_emb,1691,100.589
rotary_emb,1692,100.044
rotary_emb,1693,100.427
rotary_emb,1694,100.908
rotary_emb,1695,99.3
rotary_emb,1696,100.896
rotary_emb,1697,100.576
rotary_emb,1698,99.201
rotary_emb,1699,98.618
rotary_emb,1700,100.451
rotary_emb,1701,100.627
rotary_emb,1702,101.091
rotary_emb,1703,98.96
rotary_emb,1704,101.08
rotary_emb,1705,100.392
rotary_emb,1706,99.027
rotary_emb,1707,98.276
rotary_emb,1708,99.717
rotary_emb,1709,98.115
rotary_emb,1710,99.812
rotary_emb,1711,98.418
rotary_emb,1712,98.155
rotary_emb,1713,100.063
rotary_emb,1714,98.616
rotary_emb,1715,98.722
rotary_emb,1716,100.194
rotary_emb,1717,100.437
rotary_emb,1718,100.832
rotary_emb,1719,99.357
rotary_emb,1720,99.228
rotary_emb,1721,100.816
rotary_emb,1722,99.823
rotary_emb,1723,101.08
rotary_emb,1724,101.037
rotary_emb,1725,99.598
rotary_emb,1726,99.293
rotary_emb,1727,100.121
rotary_emb,1728,99.78
rotary_emb,1729,101.044
rotary_emb,1730,100.662
rotary_emb,1731,99.304
rotary_emb,1732,99.332
rotary_emb,1733,100.387
rotary_emb,1734,99.611
rotary_emb,1735,101.524
rotary_emb,1736,100.623
rotary_emb,1737,99.369
rotary_emb,1738,100.876
rotary_emb,1739,99.961
rotary_emb,1740,99.482
rotary_emb,1741,100.717
rotary_emb,1742,99.836
rotary_emb,1743,101.217
rotary_emb,1744,101.049
rotary_emb,1745,99.744
rotary_emb,1746,102.07
rotary_emb,1747,101.593
rotary_emb,1748,100.679
rotary_emb,1749,101.988
rotary_emb,1750,100.747
rotary_emb,1751,99.94
rotary_emb,1752,99.957
rotary_emb,1753,101.33
rotary_emb,1754,99.335
rotary_emb,1755,102.413
rotary_emb,1756,101.684
rotary_emb,1757,99.94
rotary_emb,1758,100.03
rotary_emb,1759,100.996
rotary_emb,1760,100.912
rotary_emb,1761,99.855
rotary_emb,1762,101.274
rotary_emb,1763,100.356
rotary_emb,1764,100.656
rotary_emb,1765,101.203
rotary_emb,1766,100.268
rotary_emb,1767,101.897
rotary_emb,1768,101.81
rotary_emb,1769,100.312
rotary_emb,1770,102.37
rotary_emb,1771,101.047
rotary_emb,1772,100.904
rotary_emb,1773,102.957
rotary_emb,1774,101.07
rotary_emb,1775,101.035
rotary_emb,1776,101.698
rotary_emb,1777,100.902
rotary_emb,1778,101.107
rotary_emb,1779,102.175
rotary_emb,1780,101.842
rotary_emb,1781,103.016
rotary_emb,1782,102.543
rotary_emb,1783,101.555
rotary_emb,1784,103.516
rotary_emb,1785,103.146
rotary_emb,1786,102.467
rotary_emb,1787,100.973
rotary_emb,1788,101.811
rotary_emb,1789,103.16
rotary_emb,1790,101.945
rotary_emb,1791,103.793
rotary_emb,1792,103.671
rotary_emb,1793,102.412
rotary_emb,1794,101.867
rotary_emb,1795,103.53
rotary_emb,1796,103.851
rotary_emb,1797,102.023
rotary_emb,1798,104.643
rotary_emb,1799,102.977
rotary_emb,1800,103.13
rotary_emb,1801,101.975
rotary_emb,1802,102.999
rotary_emb,1803,104.361
rotary_emb,1804,102.418
rotary_emb,1805,103.567
rotary_emb,1806,104.561
rotary_emb,1807,102.112
rotary_emb,1808,104.645
rotary_emb,1809,103.327
rotary_emb,1810,102.713
rotary_emb,1811,104.772
rotary_emb,1812,103.89
rotary_emb,1813,104.205
rotary_emb,1814,102.461
rotary_emb,1815,105.121
rotary_emb,1816,104.207
rotary_emb,1817,103.395
rotary_emb,1818,104.309
rotary_emb,1819,103.104
rotary_emb,1820,104.946
rotary_emb,1821,104.798
rotary_emb,1822,103.661
rotary_emb,1823,102.582
rotary_emb,1824,103.159
rotary_emb,1825,104.002
rotary_emb,1826,105.125
rotary_emb,1827,105.197
rotary_emb,1828,105.621
rotary_emb,1829,103.785
rotary_emb,1830,105.146
rotary_emb,1831,102.602
rotary_emb,1832,105.709
rotary_emb,1833,104.921
rotary_emb,1834,106.215
rotary_emb,1835,105.362
rotary_emb,1836,105.774
rotary_emb,1837,104.803
rotary_emb,1838,105.582
rotary_emb,1839,105.43
rotary_emb,1840,103.357
rotary_emb,1841,103.908
rotary_emb,1842,103.358
rotary_emb,1843,105.662
rotary_emb,1844,105.335
rotary_emb,1845,103.687
rotary_emb,1846,105.343
rotary_emb,1847,104.691
rotary_emb,1848,104.931
rotary_emb,1849,104.528
rotary_emb,1850,103.442
rotary_emb,1851,103.669
rotary_emb,1852,106.194
rotary_emb,1853,104.107
rotary_emb,1854,106.0
rotary_emb,1855,106.147
rotary_emb,1856,105.987
rotary_emb,1857,104.612
rotary_emb,1858,106.454
rotary_emb,1859,106.243
rotary_emb,1860,106.976
rotary_emb,1861,106.409
rotary_emb,1862,105.201
rotary_emb,1863,105.319
rotary_emb,1864,106.176
rotary_emb,1865,106.505
rotary_emb,1866,106.309
rotary_emb,1867,107.471
rotary_emb,1868,105.744
rotary_emb,1869,107.305
rotary_emb,1870,105.308
rotary_emb,1871,105.156
rotary_emb,1872,105.739
rotary_emb,1873,106.387
rotary_emb,1874,105.582
rotary_emb,1875,105.412
rotary_emb,1876,106.417
rotary_emb,1877,107.069
rotary_emb,1878,105.795
rotary_emb,1879,105.214
rotary_emb,1880,107.764
rotary_emb,1881,106.673
rotary_emb,1882,107.874
rotary_emb,1883,105.525
rotary_emb,1884,108.71
rotary_emb,1885,106.849
rotary_emb,1886,107.769
rotary_emb,1887,109.023
rotary_emb,1888,108.344
rotary_emb,1889,107.338
rotary_emb,1890,107.782
rotary_emb,1891,107.929
rotary_emb,1892,109.611
rotary_emb,1893,107.087
rotary_emb,1894,105.709
rotary_emb,1895,105.75
rotary_emb,1896,109.296
rotary_emb,1897,106.465
rotary_emb,1898,106.014
rotary_emb,1899,109.752
rotary_emb,1900,107.572
rotary_emb,1901,108.648
rotary_emb,1902,110.791
rotary_emb,1903,109.024
rotary_emb,1904,108.452
rotary_emb,1905,107.575
rotary_emb,1906,107.654
rotary_emb,1907,106.712
rotary_emb,1908,108.826
rotary_emb,1909,108.079
rotary_emb,1910,108.337
rotary_emb,1911,108.293
rotary_emb,1912,108.572
rotary_emb,1913,107.816
rotary_emb,1914,108.351
rotary_emb,1915,107.834
rotary_emb,1916,109.812
rotary_emb,1917,108.57
rotary_emb,1918,109.194
rotary_emb,1919,109.939
rotary_emb,1920,107.649
rotary_emb,1921,108.911
rotary_emb,1922,109.667
rotary_emb,1923,107.162
rotary_emb,1924,107.852
rotary_emb,1925,109.221
rotary_emb,1926,108.238
rotary_emb,1927,107.61
rotary_emb,1928,108.32
rotary_emb,1929,109.227
rotary_emb,1930,109.773
rotary_emb,1931,106.791
rotary_emb,1932,108.265
rotary_emb,1933,109.458
rotary_emb,1934,108.596
rotary_emb,1935,108.16
rotary_emb,1936,107.778
rotary_emb,1937,107.091
rotary_emb,1938,108.584
rotary_emb,1939,106.924
rotary_emb,1940,107.315
rotary_emb,1941,107.643
rotary_emb,1942,109.403
rotary_emb,1943,108.562
rotary_emb,1944,108.55
rotary_emb,1945,107.338
rotary_emb,1946,110.115
rotary_emb,1947,110.099
rotary_emb,1948,109.79
rotary_emb,1949,107.97
rotary_emb,1950,107.956
rotary_emb,1951,110.457
rotary_emb,1952,109.052
rotary_emb,1953,109.231
rotary_emb,1954,108.316
rotary_emb,1955,107.981
rotary_emb,1956,108.024
rotary_emb,1957,109.949
rotary_emb,1958,109.145
rotary_emb,1959,108.459
rotary_emb,1960,108.218
rotary_emb,1961,108.549
rotary_emb,1962,110.229
rotary_emb,1963,109.233
rotary_emb,1964,110.263
rotary_emb,1965,108.872
rotary_emb,1966,108.171
rotary_emb,1967,108.455
rotary_emb,1968,110.452
rotary_emb,1969,109.147
rotary_emb,1970,108.443
rotary_emb,1971,107.945
rotary_emb,1972,108.889
rotary_emb,1973,110.589
rotary_emb,1974,108.797
rotary_emb,1975,110.654
rotary_emb,1976,108.57
rotary_emb,1977,108.198
rotary_emb,1978,110.446
rotary_emb,1979,110.417
rotary_emb,1980,110.459
rotary_emb,1981,109.327
rotary_emb,1982,108.204
rotary_emb,1983,110.416
rotary_emb,1984,110.381
rotary_emb,1985,110.739
rotary_emb,1986,109.383
rotary_emb,1987,108.954
rotary_emb,1988,109.718
rotary_emb,1989,111.089
rotary_emb,1990,111.05
rotary_emb,1991,109.456
rotary_emb,1992,112.005
rotary_emb,1993,108.639
rotary_emb,1994,109.018
rotary_emb,1995,111.168
rotary_emb,1996,111.3
rotary_emb,1997,110.121
rotary_emb,1998,110.641
rotary_emb,1999,110.146
rotary_emb,2000,110.446
rotary_emb,2001,111.84
rotary_emb,2002,110.666
rotary_emb,2003,110.428
rotary_emb,2004,111.73
rotary_emb,2005,110.181
rotary_emb,2006,108.945
rotary_emb,2007,111.405
rotary_emb,2008,112.259
rotary_emb,2009,111.092
rotary_emb,2010,109.466
rotary_emb,2011,109.955
rotary_emb,2012,110.701
rotary_emb,2013,112.259
rotary_emb,2014,111.099
rotary_emb,2015,111.271
rotary_emb,2016,111.758
rotary_emb,2017,110.547
rotary_emb,2018,110.143
rotary_emb,2019,112.303
rotary_emb,2020,110.915
rotary_emb,2021,111.452
rotary_emb,2022,110.751
rotary_emb,2023,112.414
rotary_emb,2024,111.046
rotary_emb,2025,112.357
rotary_emb,2026,111.177
rotary_emb,2027,110.787
rotary_emb,2028,110.838
rotary_emb,2029,112.393
rotary_emb,2030,113.24
rotary_emb,2031,112.655
rotary_emb,2032,112.921
rotary_emb,2033,112.446
rotary_emb,2034,110.516
rotary_emb,2035,112.407
rotary_emb,2036,110.739
rotary_emb,2037,111.116
rotary_emb,2038,112.532
rotary_emb,2039,112.516
rotary_emb,2040,112.867
rotary_emb,2041,111.787
rotary_emb,2042,110.843
rotary_emb,2043,111.279
rotary_emb,2044,110.748
rotary_emb,2045,110.614
rotary_emb,2046,113.431
rotary_emb,2047,112.493
rotary_emb,2048,112.769
